name,date,location,source_file,max_score_Presentation,max_score_Psychometrics,score_Presentation,score_Psychometrics
AARIKA PREIST,"8 May 2019","London Academy",Sparta Day 8 May 2019.txt,32,100,16,57
ABBE BALLARD,"21 February 2019","Birmingham Academy",Sparta Day 21 February 2019.txt,32,100,20,60
ABBE HANNY,"26 March 2019","London Academy",Sparta Day 26 March 2019.txt,32,100,23,60
ABBI MULVIHILL,"6 November 2019","London Academy",Sparta Day 6 November 2019.txt,32,100,17,48
ABBIE CLIFTON,"22 January 2019","London Academy",Sparta Day 22 January 2019.txt,32,100,23,61
ABBOTT DODGSHON,"18 July 2019","Birmingham Academy",Sparta Day 18 July 2019.txt,32,100,16,57
ABBOTT YEA,"12 June 2019","London Academy",Sparta Day 12 June 2019.txt,32,100,15,54
ABBY PALLATINA,"7 February 2019","Birmingham Academy",Sparta Day 7 February 2019.txt,32,100,18,56
ABDEL SHOVEL,"30 October 2019","London Academy",Sparta Day 30 October 2019.txt,32,100,18,56
ABDUL NAIL,"17 September 2019","London Academy",Sparta Day 17 September 2019.txt,32,100,12,52
ABEL MCVAUGH,"3 January 2019","Birmingham Academy",Sparta Day 3 January 2019.txt,32,100,18,58
ABELARD CARDENAS,"9 July 2019","London Academy",Sparta Day 9 July 2019.txt,32,100,26,64
ABEU BOURCQ,"3 April 2019","London Academy",Sparta Day 3 April 2019.txt,32,100,16,60
ABEU KNIGHTSBRIDGE,"3 July 2019","London Academy",Sparta Day 3 July 2019.txt,32,100,13,65
ABEU RIMMER,"22 January 2019","London Academy",Sparta Day 22 January 2019.txt,32,100,22,51
ABEY LIGHTOLLERS,"16 May 2019","Birmingham Academy",Sparta Day 16 May 2019.txt,32,100,19,62
ABIGAIL DUNSMORE,"16 January 2019","London Academy",Sparta Day 16 January 2019.txt,32,100,25,56
ABNER DEVO,"24 October 2019","Birmingham Academy",Sparta Day 24 October 2019.txt,32,100,22,36
ABRAHAM ROCKELL,"2 July 2019","London Academy",Sparta Day 2 July 2019.txt,32,100,18,60
ABRAHAN BIGGERDIKE,"30 October 2019","London Academy",Sparta Day 30 October 2019.txt,32,100,14,48
ABRAM GOLDSTER,"4 June 2019","London Academy",Sparta Day 4 June 2019.txt,32,100,15,56
ABRAM SUETER,"26 June 2019","London Academy",Sparta Day 26 June 2019.txt,32,100,19,68
ABRAN HAWSON,"12 December 2019","Birmingham Academy",Sparta Day 12 December 2019.txt,32,100,13,47
ABRAN MUNSON,"20 February 2019","London Academy",Sparta Day 20 February 2019.txt,32,100,20,53
ABRAN ODAMS,"12 June 2019","London Academy",Sparta Day 12 June 2019.txt,32,100,24,58
AD DO,"21 August 2019","London Academy",Sparta Day 21 August 2019.txt,32,100,24,53
ADAH FOST,"13 June 2019","Birmingham Academy",Sparta Day 13 June 2019.txt,32,100,20,53
ADAH SILVERTON,"17 September 2019","London Academy",Sparta Day 17 September 2019.txt,32,100,22,59
ADAH SPENCERS,"4 April 2019","Birmingham Academy",Sparta Day 4 April 2019.txt,32,100,22,52
ADALINE DURTNELL,"30 July 2019","London Academy",Sparta Day 30 July 2019.txt,32,100,24,60
ADALINE WARRENDER,"7 November 2019","Birmingham Academy",Sparta Day 7 November 2019.txt,32,100,21,56
ADAMO OSMENT,"15 May 2019","London Academy",Sparta Day 15 May 2019.txt,32,100,20,51
ADAMS LUX,"27 November 2019","London Academy",Sparta Day 27 November 2019.txt,32,100,20,55
ADAN GREMANE,"7 November 2019","Birmingham Academy",Sparta Day 7 November 2019.txt,32,100,15,56
ADAN JEACOCK,"7 March 2019","Birmingham Academy",Sparta Day 7 March 2019.txt,32,100,13,51
ADDA BROMONT,"17 October 2019","Birmingham Academy",Sparta Day 17 October 2019.txt,32,100,21,56
ADDI LARTER,"15 October 2019","London Academy",Sparta Day 15 October 2019.txt,32,100,20,43
ADEL CRANMOR,"8 October 2019","London Academy",Sparta Day 8 October 2019.txt,32,100,21,52
ADEL KINRADE,"10 October 2019","Birmingham Academy",Sparta Day 10 October 2019.txt,32,100,16,56
ADELA PALEY,"23 July 2019","London Academy",Sparta Day 23 July 2019.txt,32,100,18,59
ADELA VALANCE,"30 April 2019","London Academy",Sparta Day 30 April 2019.txt,32,100,21,51
ADELAIDA PIRSON,"11 July 2019","Birmingham Academy",Sparta Day 11 July 2019.txt,32,100,27,57
ADELBERT OAKWELL,"27 February 2019","London Academy",Sparta Day 27 February 2019.txt,32,100,20,50
ADELBERT TERNEY,"17 July 2019","London Academy",Sparta Day 17 July 2019.txt,32,100,21,49
ADELBERT VERRICK,"27 March 2019","London Academy",Sparta Day 27 March 2019.txt,32,100,24,60
ADELINE ORDIDGE,"19 June 2019","London Academy",Sparta Day 19 June 2019.txt,32,100,20,54
ADENA FENKEL,"14 May 2019","London Academy",Sparta Day 14 May 2019.txt,32,100,22,45
ADEY BRAMWELL,"16 October 2019","London Academy",Sparta Day 16 October 2019.txt,32,100,12,52
ADHAM PETROLLI,"15 May 2019","London Academy",Sparta Day 15 May 2019.txt,32,100,22,61
ADIANA ALMEY,"28 February 2019","Birmingham Academy",Sparta Day 28 February 2019.txt,32,100,21,58
ADINA SETON,"18 December 2019","London Academy",Sparta Day 18 December 2019.txt,32,100,19,60
ADLAI FERNS,"29 October 2019","London Academy",Sparta Day 29 October 2019.txt,32,100,21,50
ADLAI GAHAGAN,"29 May 2019","London Academy",Sparta Day 29 May 2019.txt,32,100,29,54
ADLER WINGATT,"18 June 2019","London Academy",Sparta Day 18 June 2019.txt,32,100,23,58
ADOLPH ANDREIA,"27 February 2019","London Academy",Sparta Day 27 February 2019.txt,32,100,23,56
ADOLPHO LITTERICK,"10 December 2019","London Academy",Sparta Day 10 December 2019.txt,32,100,17,63
ADRIA RAIKER,"20 November 2019","London Academy",Sparta Day 20 November 2019.txt,32,100,18,62
ADRIA ZORRO,"12 February 2019","London Academy",Sparta Day 12 February 2019.txt,32,100,23,57
ADRIANNA LYDDIARD,"29 January 2019","London Academy",Sparta Day 29 January 2019.txt,32,100,21,53
AGACE O'SHIELDS,"30 July 2019","London Academy",Sparta Day 30 July 2019.txt,32,100,24,58
AGGI SHILLING,"21 November 2019","Birmingham Academy",Sparta Day 21 November 2019.txt,32,100,21,63
AGGI WILLETTS,"27 February 2019","London Academy",Sparta Day 27 February 2019.txt,32,100,22,50
AGGIE REINMAR,"14 November 2019","Birmingham Academy",Sparta Day 14 November 2019.txt,32,100,23,40
AGGIE REMMERS,"30 July 2019","London Academy",Sparta Day 30 July 2019.txt,32,100,21,59
AGGY ALESSANDRUCCI,"11 April 2019","Birmingham Academy",Sparta Day 11 April 2019.txt,32,100,21,55
AGGY HEFFERAN,"18 April 2019","Birmingham Academy",Sparta Day 18 April 2019.txt,32,100,17,60
AGNELLA DAIRTON,"24 September 2019","London Academy",Sparta Day 24 September 2019.txt,32,100,15,69
AGNES ATTACK,"18 June 2019","London Academy",Sparta Day 18 June 2019.txt,32,100,21,48
AGNESSE BEEKEN,"30 October 2019","London Academy",Sparta Day 30 October 2019.txt,32,100,25,60
AGNETA FANTINI,"17 January 2019","Birmingham Academy",Sparta Day 17 January 2019.txt,32,100,19,58
AGOSTO MEADDOWCROFT,"5 March 2019","London Academy",Sparta Day 5 March 2019.txt,32,100,20,59
AGRETHA DEINERT,"22 January 2019","London Academy",Sparta Day 22 January 2019.txt,32,100,25,55
AGUIE MORRAD,"27 June 2019","Birmingham Academy",Sparta Day 27 June 2019.txt,32,100,20,54
AGUIE PRATI,"26 June 2019","London Academy",Sparta Day 26 June 2019.txt,32,100,19,61
AGUSTE TANN,"30 July 2019","London Academy",Sparta Day 30 July 2019.txt,32,100,18,58
AGUSTIN BOOG,"1 October 2019","London Academy",Sparta Day 1 October 2019.txt,32,100,21,55
AGUSTIN CRAINE,"21 March 2019","Birmingham Academy",Sparta Day 21 March 2019.txt,32,100,22,51
AGUSTIN RODERIGHI,"25 June 2019","London Academy",Sparta Day 25 June 2019.txt,32,100,21,38
AHMAD SHREEVES,"24 July 2019","London Academy",Sparta Day 24 July 2019.txt,32,100,19,44
AIDA BOTHAMS,"17 January 2019","Birmingham Academy",Sparta Day 17 January 2019.txt,32,100,22,56
AIDAN ELRICK,"5 March 2019","London Academy",Sparta Day 5 March 2019.txt,32,100,27,61
AILA LONGO,"3 September 2019","London Academy",Sparta Day 3 September 2019.txt,32,100,21,53
AILI BURSNOLL,"30 July 2019","London Academy",Sparta Day 30 July 2019.txt,32,100,24,59
AILI HAGGIDON,"26 March 2019","London Academy",Sparta Day 26 March 2019.txt,32,100,19,47
AIMEE PEDRAZZI,"14 November 2019","Birmingham Academy",Sparta Day 14 November 2019.txt,32,100,26,60
AINDREA DAVIO,"31 January 2019","Birmingham Academy",Sparta Day 31 January 2019.txt,32,100,21,60
AINDREA NORMANVILL,"18 June 2019","London Academy",Sparta Day 18 June 2019.txt,32,100,23,58
AINSLEE PAICE,"18 June 2019","London Academy",Sparta Day 18 June 2019.txt,32,100,25,57
AINSLEE SPURGIN,"20 November 2019","London Academy",Sparta Day 20 November 2019.txt,32,100,25,59
AINSLEY GOGERTY,"27 November 2019","London Academy",Sparta Day 27 November 2019.txt,32,100,19,66
AINSLIE SIMEON,"7 March 2019","Birmingham Academy",Sparta Day 7 March 2019.txt,32,100,30,53
AL HUGONET,"4 June 2019","London Academy",Sparta Day 4 June 2019.txt,32,100,21,59
ALAIN PEINTON,"15 May 2019","London Academy",Sparta Day 15 May 2019.txt,32,100,21,61
ALAIR PATEY,"19 November 2019","London Academy",Sparta Day 19 November 2019.txt,32,100,18,57
ALAN HALLEWELL,"16 July 2019","London Academy",Sparta Day 16 July 2019.txt,32,100,13,68
ALAN HEALD,"28 March 2019","Birmingham Academy",Sparta Day 28 March 2019.txt,32,100,21,59
ALANAH MATFIN,"27 June 2019","Birmingham Academy",Sparta Day 27 June 2019.txt,32,100,25,52
ALAND HOUCHIN,"16 October 2019","London Academy",Sparta Day 16 October 2019.txt,32,100,17,44
ALANNA FRANE,"3 April 2019","London Academy",Sparta Day 3 April 2019.txt,32,100,19,59
ALASTAIR FILIPOWICZ,"27 November 2019","London Academy",Sparta Day 27 November 2019.txt,32,100,16,52
ALASTEIR COOTES,"2 October 2019","London Academy",Sparta Day 2 October 2019.txt,32,100,18,50
ALAYNE FARRANS,"19 December 2019","Birmingham Academy",Sparta Day 19 December 2019.txt,32,100,19,60
ALBERTO O SULLIVAN,"4 April 2019","Birmingham Academy",Sparta Day 4 April 2019.txt,32,100,26,67
ALBIE LYON,"22 August 2019","Birmingham Academy",Sparta Day 22 August 2019.txt,32,100,24,54
ALBIE ROMANSKI,"7 May 2019","London Academy",Sparta Day 7 May 2019.txt,32,100,22,55
ALBINA ALVES,"2 July 2019","London Academy",Sparta Day 2 July 2019.txt,32,100,18,54
ALDO BRADNUM,"27 August 2019","London Academy",Sparta Day 27 August 2019.txt,32,100,24,50
ALDRICH WHITEHALL,"18 July 2019","Birmingham Academy",Sparta Day 18 July 2019.txt,32,100,13,59
ALDRIDGE DU FRAY,"30 April 2019","London Academy",Sparta Day 30 April 2019.txt,32,100,23,52
ALDWIN GINMAN,"18 September 2019","London Academy",Sparta Day 18 September 2019.txt,32,100,21,61
ALDWIN PILGRAM,"21 February 2019","Birmingham Academy",Sparta Day 21 February 2019.txt,32,100,24,51
ALEDA VERDY,"6 August 2019","London Academy",Sparta Day 6 August 2019.txt,32,100,19,37
ALEECE ADDICOTT,"28 March 2019","Birmingham Academy",Sparta Day 28 March 2019.txt,32,100,18,60
ALEEN MCKEURTON,"25 September 2019","London Academy",Sparta Day 25 September 2019.txt,32,100,21,53
ALEJANDRO BROGGETTI,"3 September 2019","London Academy",Sparta Day 3 September 2019.txt,32,100,23,55
ALEJOA VATCHER,"5 December 2019","Birmingham Academy",Sparta Day 5 December 2019.txt,32,100,17,49
ALEKSANDR LEAN,"10 October 2019","Birmingham Academy",Sparta Day 10 October 2019.txt,32,100,22,47
ALESSANDRA KROLLMANN,"13 February 2019","London Academy",Sparta Day 13 February 2019.txt,32,100,16,57
ALETHEA RANGELL,"4 December 2019","London Academy",Sparta Day 4 December 2019.txt,32,100,20,52
ALEX BORKETT,"28 May 2019","London Academy",Sparta Day 28 May 2019.txt,32,100,22,46
ALEX PEASCOD,"17 July 2019","London Academy",Sparta Day 17 July 2019.txt,32,100,13,58
ALEX SALE,"21 August 2019","London Academy",Sparta Day 21 August 2019.txt,32,100,18,45
ALEXANDER JOHNSTONE,"8 January 2019","London Academy",Sparta Day 8 January 2019.txt,32,100,23,53
ALEXANDRA BELBIN,"13 November 2019","London Academy",Sparta Day 13 November 2019.txt,32,100,14,67
ALEXANDRO FRID,"24 January 2019","Birmingham Academy",Sparta Day 24 January 2019.txt,32,100,22,49
ALEXANDRO GUYAN,"29 January 2019","London Academy",Sparta Day 29 January 2019.txt,32,100,19,59
ALEXEI GRUBBE,"20 November 2019","London Academy",Sparta Day 20 November 2019.txt,32,100,14,51
ALEXINE MCGLUE,"3 December 2019","London Academy",Sparta Day 3 December 2019.txt,32,100,23,55
ALEXIS ADESS,"10 October 2019","Birmingham Academy",Sparta Day 10 October 2019.txt,32,100,19,57
ALEXIS SHEE,"16 July 2019","London Academy",Sparta Day 16 July 2019.txt,32,100,20,47
ALFI JANKU,"15 May 2019","London Academy",Sparta Day 15 May 2019.txt,32,100,20,52
ALFI MCCRACKEN,"16 May 2019","Birmingham Academy",Sparta Day 16 May 2019.txt,32,100,18,63
ALFONS KRAUZE,"19 December 2019","Birmingham Academy",Sparta Day 19 December 2019.txt,32,100,23,46
ALFONS MARCHINGTON,"14 February 2019","Birmingham Academy",Sparta Day 14 February 2019.txt,32,100,20,56
ALFONSO PASCHEK,"23 October 2019","London Academy",Sparta Day 23 October 2019.txt,32,100,21,47
ALFRED HUETSON,"22 May 2019","London Academy",Sparta Day 22 May 2019.txt,32,100,15,49
ALI BONDS,"3 December 2019","London Academy",Sparta Day 3 December 2019.txt,32,100,21,55
ALI OUTRAM,"16 April 2019","London Academy",Sparta Day 16 April 2019.txt,32,100,17,54
ALI SHEGOG,"26 February 2019","London Academy",Sparta Day 26 February 2019.txt,32,100,20,55
ALIA POLLARD,"21 March 2019","Birmingham Academy",Sparta Day 21 March 2019.txt,32,100,19,42
ALICE VICKERY,"17 October 2019","Birmingham Academy",Sparta Day 17 October 2019.txt,32,100,20,47
ALICIA HRUSKA,"28 August 2019","London Academy",Sparta Day 28 August 2019.txt,32,100,15,51
ALICIA TIMMIS,"29 October 2019","London Academy",Sparta Day 29 October 2019.txt,32,100,26,45
ALICK PADKIN,"28 February 2019","Birmingham Academy",Sparta Day 28 February 2019.txt,32,100,26,57
ALIDIA GOVETT,"16 May 2019","Birmingham Academy",Sparta Day 16 May 2019.txt,32,100,19,56
ALIKEE SAWOOD,"12 June 2019","London Academy",Sparta Day 12 June 2019.txt,32,100,20,55
ALISON TETT,"10 July 2019","London Academy",Sparta Day 10 July 2019.txt,32,100,18,53
ALISON TRANCKLE,"23 May 2019","Birmingham Academy",Sparta Day 23 May 2019.txt,32,100,24,58
ALISTAIR MCCARTNEY,"13 June 2019","Birmingham Academy",Sparta Day 13 June 2019.txt,32,100,14,52
ALISTAIR SCANES,"23 July 2019","London Academy",Sparta Day 23 July 2019.txt,32,100,22,59
ALISTER BRU,"7 August 2019","London Academy",Sparta Day 7 August 2019.txt,32,100,20,56
ALIX BURRIDGE,"5 February 2019","London Academy",Sparta Day 5 February 2019.txt,32,100,17,47
ALLAN SEMMENS,"9 July 2019","London Academy",Sparta Day 9 July 2019.txt,32,100,22,45
ALLEGRA ASPLAND,"2 January 2019","London Academy",Sparta Day 2 January 2019.txt,32,100,17,58
ALLEN EDELMAN,"23 January 2019","London Academy",Sparta Day 23 January 2019.txt,32,100,21,62
ALLENE HAND,"13 March 2019","London Academy",Sparta Day 13 March 2019.txt,32,100,19,56
ALLI LUDEWIG,"16 July 2019","London Academy",Sparta Day 16 July 2019.txt,32,100,22,64
ALLI SLEEFORD,"17 April 2019","London Academy",Sparta Day 17 April 2019.txt,32,100,20,55
ALLIANORA ROWDELL,"17 January 2019","Birmingham Academy",Sparta Day 17 January 2019.txt,32,100,22,55
ALLIE SHEBER,"5 December 2019","Birmingham Academy",Sparta Day 5 December 2019.txt,32,100,21,67
ALLINA BUTTFIELD,"11 December 2019","London Academy",Sparta Day 11 December 2019.txt,32,100,18,57
ALLINA GRELKA,"28 August 2019","London Academy",Sparta Day 28 August 2019.txt,32,100,18,55
ALLISTIR LANGRICK,"30 May 2019","Birmingham Academy",Sparta Day 30 May 2019.txt,32,100,24,63
ALLX MACDEARMAID,"25 June 2019","London Academy",Sparta Day 25 June 2019.txt,32,100,16,59
ALLYCE ATTWILL,"25 July 2019","Birmingham Academy",Sparta Day 25 July 2019.txt,32,100,23,55
ALLYN MCCRUM,"12 February 2019","London Academy",Sparta Day 12 February 2019.txt,32,100,15,61
ALLYN NAZAIR,"29 January 2019","London Academy",Sparta Day 29 January 2019.txt,32,100,22,54
ALLYN SPATONI,"24 July 2019","London Academy",Sparta Day 24 July 2019.txt,32,100,20,47
ALMEDA JEPPE,"24 October 2019","Birmingham Academy",Sparta Day 24 October 2019.txt,32,100,24,60
ALMIRE DWYER,"28 February 2019","Birmingham Academy",Sparta Day 28 February 2019.txt,32,100,21,48
ALMIRE TEWKESBERRY,"31 January 2019","Birmingham Academy",Sparta Day 31 January 2019.txt,32,100,19,70
ALMIRE VAUTREY,"26 March 2019","London Academy",Sparta Day 26 March 2019.txt,32,100,17,59
ALOIN ASHMENT,"12 February 2019","London Academy",Sparta Day 12 February 2019.txt,32,100,19,54
ALONSO HULKES,"8 January 2019","London Academy",Sparta Day 8 January 2019.txt,32,100,21,55
ALPHARD MARRISON,"5 February 2019","London Academy",Sparta Day 5 February 2019.txt,32,100,25,60
ALRIC PETTIGREW,"19 February 2019","London Academy",Sparta Day 19 February 2019.txt,32,100,19,42
ALTHEA KOPELMAN,"26 March 2019","London Academy",Sparta Day 26 March 2019.txt,32,100,25,54
ALUINO SAINTER,"5 February 2019","London Academy",Sparta Day 5 February 2019.txt,32,100,17,53
ALVIE BLEACKLY,"1 August 2019","Birmingham Academy",Sparta Day 1 August 2019.txt,32,100,16,55
ALVY BOWERING,"19 February 2019","London Academy",Sparta Day 19 February 2019.txt,32,100,20,44
ALWIN BULLMAN,"7 August 2019","London Academy",Sparta Day 7 August 2019.txt,32,100,23,66
ALYCE HARES,"23 April 2019","London Academy",Sparta Day 23 April 2019.txt,32,100,21,51
ALYSE THIESE,"7 November 2019","Birmingham Academy",Sparta Day 7 November 2019.txt,32,100,15,59
AMALEA HARRELL,"27 November 2019","London Academy",Sparta Day 27 November 2019.txt,32,100,17,54
AMALEA TYSACK,"11 April 2019","Birmingham Academy",Sparta Day 11 April 2019.txt,32,100,18,54
AMALEA UGHI,"2 July 2019","London Academy",Sparta Day 2 July 2019.txt,32,100,18,53
AMALEE TOMKIN,"12 November 2019","London Academy",Sparta Day 12 November 2019.txt,32,100,19,49
AMALETA ALRED,"2 October 2019","London Academy",Sparta Day 2 October 2019.txt,32,100,20,54
AMALIA ORRIS,"6 June 2019","Birmingham Academy",Sparta Day 6 June 2019.txt,32,100,15,58
AMALIA SHEPPARD,"11 December 2019","London Academy",Sparta Day 11 December 2019.txt,32,100,22,56
AMANDA LILL,"11 September 2019","London Academy",Sparta Day 11 September 2019.txt,32,100,21,59
AMANDA MINTO,"18 July 2019","Birmingham Academy",Sparta Day 18 July 2019.txt,32,100,21,59
AMBLE DIMITRU,"7 November 2019","Birmingham Academy",Sparta Day 7 November 2019.txt,32,100,16,53
AMBROS DIONSETTO,"23 October 2019","London Academy",Sparta Day 23 October 2019.txt,32,100,16,43
AMBROS ETHINGTON,"10 January 2019","Birmingham Academy",Sparta Day 10 January 2019.txt,32,100,23,56
AMBROSI CARNOW,"4 June 2019","London Academy",Sparta Day 4 June 2019.txt,32,100,20,56
AME O'KEAVENY,"22 October 2019","London Academy",Sparta Day 22 October 2019.txt,32,100,15,62
AMELINA POSNETT,"19 March 2019","London Academy",Sparta Day 19 March 2019.txt,32,100,20,50
AMERIGO GRAYSMARK,"2 April 2019","London Academy",Sparta Day 2 April 2019.txt,32,100,19,60
AMERIGO HEYS,"31 July 2019","London Academy",Sparta Day 31 July 2019.txt,32,100,26,51
AMIL COYSH,"5 December 2019","Birmingham Academy",Sparta Day 5 December 2019.txt,32,100,19,65
AMIL LIDDEN,"9 July 2019","London Academy",Sparta Day 9 July 2019.txt,32,100,18,58
AMITY PANCAST,"13 August 2019","London Academy",Sparta Day 13 August 2019.txt,32,100,17,46
AMMAMARIA TASSELL,"10 October 2019","Birmingham Academy",Sparta Day 10 October 2019.txt,32,100,20,57
AMOS CHATTELL,"24 October 2019","Birmingham Academy",Sparta Day 24 October 2019.txt,32,100,19,46
AMOS DEBILL,"25 June 2019","London Academy",Sparta Day 25 June 2019.txt,32,100,19,51
AMOS STOWGILL,"12 September 2019","Birmingham Academy",Sparta Day 12 September 2019.txt,32,100,20,42
AMOS VASNEV,"13 February 2019","London Academy",Sparta Day 13 February 2019.txt,32,100,19,50
ANABAL TEESE,"9 July 2019","London Academy",Sparta Day 9 July 2019.txt,32,100,18,50
ANABELLA WILCOX,"31 July 2019","London Academy",Sparta Day 31 July 2019.txt,32,100,24,48
ANABELLE MASEY,"24 April 2019","London Academy",Sparta Day 24 April 2019.txt,32,100,22,68
ANALLISE SCATHARD,"1 August 2019","Birmingham Academy",Sparta Day 1 August 2019.txt,32,100,13,62
ANASTASIA HOWSAM,"5 March 2019","London Academy",Sparta Day 5 March 2019.txt,32,100,15,62
ANASTASIA JANSSON,"18 July 2019","Birmingham Academy",Sparta Day 18 July 2019.txt,32,100,16,47
ANATOLE BURSTON,"12 November 2019","London Academy",Sparta Day 12 November 2019.txt,32,100,21,52
ANATOLE PETERFFY,"16 January 2019","London Academy",Sparta Day 16 January 2019.txt,32,100,17,62
ANDEE PLOWMAN,"30 January 2019","London Academy",Sparta Day 30 January 2019.txt,32,100,16,52
ANDREAS KINCEY,"4 April 2019","Birmingham Academy",Sparta Day 4 April 2019.txt,32,100,18,53
ANDREAS MEHMET,"11 September 2019","London Academy",Sparta Day 11 September 2019.txt,32,100,19,58
ANDREE ROMEO,"2 July 2019","London Academy",Sparta Day 2 July 2019.txt,32,100,25,52
ANDREI MUSSLEWHITE,"16 May 2019","Birmingham Academy",Sparta Day 16 May 2019.txt,32,100,23,51
ANDREW GIURIO,"6 February 2019","London Academy",Sparta Day 6 February 2019.txt,32,100,18,61
ANDREY COCHRAN,"24 July 2019","London Academy",Sparta Day 24 July 2019.txt,32,100,25,55
ANDREY LAWLANCE,"5 February 2019","London Academy",Sparta Day 5 February 2019.txt,32,100,15,65
ANDRIANA DUNNIOM,"25 September 2019","London Academy",Sparta Day 25 September 2019.txt,32,100,16,57
ANDRIANA UC,"2 July 2019","London Academy",Sparta Day 2 July 2019.txt,32,100,21,55
ANDRIS BRADLEY,"12 June 2019","London Academy",Sparta Day 12 June 2019.txt,32,100,21,60
ANDRIS FRANGELLO,"19 February 2019","London Academy",Sparta Day 19 February 2019.txt,32,100,17,44
ANDRIS REDDECLIFFE,"9 January 2019","London Academy",Sparta Day 9 January 2019.txt,32,100,24,48
ANDROS WICKSON,"19 February 2019","London Academy",Sparta Day 19 February 2019.txt,32,100,17,54
ANDY LOWN,"22 August 2019","Birmingham Academy",Sparta Day 22 August 2019.txt,32,100,27,61
ANESTASSIA GADMAN,"25 September 2019","London Academy",Sparta Day 25 September 2019.txt,32,100,19,58
ANET SATTERLEY,"30 July 2019","London Academy",Sparta Day 30 July 2019.txt,32,100,19,61
ANGEL HULSON,"14 August 2019","London Academy",Sparta Day 14 August 2019.txt,32,100,23,56
ANGEL MATTEAU,"22 May 2019","London Academy",Sparta Day 22 May 2019.txt,32,100,22,69
ANGELICA NEISSEN,"31 July 2019","London Academy",Sparta Day 31 July 2019.txt,32,100,17,53
ANGELINE REWBOTTOM,"12 March 2019","London Academy",Sparta Day 12 March 2019.txt,32,100,23,58
ANGELITA BELLIE,"8 August 2019","Birmingham Academy",Sparta Day 8 August 2019.txt,32,100,16,47
ANGELLE POULGLAIS,"21 May 2019","London Academy",Sparta Day 21 May 2019.txt,32,100,15,42
ANGIE LANGER,"10 September 2019","London Academy",Sparta Day 10 September 2019.txt,32,100,21,41
ANGIE POCKEY,"21 May 2019","London Academy",Sparta Day 21 May 2019.txt,32,100,20,64
ANIA SILVER,"19 March 2019","London Academy",Sparta Day 19 March 2019.txt,32,100,25,62
ANICA VALLIS,"26 March 2019","London Academy",Sparta Day 26 March 2019.txt,32,100,24,62
ANISSA KEIR,"26 September 2019","Birmingham Academy",Sparta Day 26 September 2019.txt,32,100,22,42
ANN IANNELLO,"5 September 2019","Birmingham Academy",Sparta Day 5 September 2019.txt,32,100,25,53
ANN-MARIE PEDDOWE,"3 December 2019","London Academy",Sparta Day 3 December 2019.txt,32,100,12,57
ANNA BOWNES,"1 August 2019","Birmingham Academy",Sparta Day 1 August 2019.txt,32,100,20,45
ANNA LAMPERTI,"4 September 2019","London Academy",Sparta Day 4 September 2019.txt,32,100,25,60
ANNABELA BRACKENRIDGE,"23 July 2019","London Academy",Sparta Day 23 July 2019.txt,32,100,24,53
ANNADIANA LUMSDEN,"30 October 2019","London Academy",Sparta Day 30 October 2019.txt,32,100,16,61
ANNALISE EASOM,"16 April 2019","London Academy",Sparta Day 16 April 2019.txt,32,100,23,51
ANNAMARIA REDHOLE,"26 June 2019","London Academy",Sparta Day 26 June 2019.txt,32,100,19,55
ANNECORINNE KERTESS,"11 July 2019","Birmingham Academy",Sparta Day 11 July 2019.txt,32,100,18,49
ANNEMARIE DULINTY,"17 April 2019","London Academy",Sparta Day 17 April 2019.txt,32,100,26,48
ANNICE FARADY,"23 July 2019","London Academy",Sparta Day 23 July 2019.txt,32,100,13,54
ANNIE IBBOTSON,"25 July 2019","Birmingham Academy",Sparta Day 25 July 2019.txt,32,100,15,52
ANNIE ROSA,"6 February 2019","London Academy",Sparta Day 6 February 2019.txt,32,100,24,59
ANNORA MENSLER,"20 November 2019","London Academy",Sparta Day 20 November 2019.txt,32,100,17,56
ANSEL RANDERSON,"7 November 2019","Birmingham Academy",Sparta Day 7 November 2019.txt,32,100,14,55
ANSELM MARROW,"14 March 2019","Birmingham Academy",Sparta Day 14 March 2019.txt,32,100,18,55
ANSELMA PAVELIN,"21 August 2019","London Academy",Sparta Day 21 August 2019.txt,32,100,16,69
ANSELMA PAWLETT,"21 August 2019","London Academy",Sparta Day 21 August 2019.txt,32,100,22,57
ANSON STREAK,"28 March 2019","Birmingham Academy",Sparta Day 28 March 2019.txt,32,100,19,44
ANTHIATHIA BROAD,"12 November 2019","London Academy",Sparta Day 12 November 2019.txt,32,100,20,60
ANTHIATHIA GUIRAU,"5 November 2019","London Academy",Sparta Day 5 November 2019.txt,32,100,22,52
ANTON ISAACS,"13 March 2019","London Academy",Sparta Day 13 March 2019.txt,32,100,22,68
ANTONETTA RUSTEDGE,"24 September 2019","London Academy",Sparta Day 24 September 2019.txt,32,100,18,53
ANTONI CANEY,"11 June 2019","London Academy",Sparta Day 11 June 2019.txt,32,100,17,66
ANTONI SPARHAWK,"13 March 2019","London Academy",Sparta Day 13 March 2019.txt,32,100,21,57
ANTONIA MACKAIG,"13 February 2019","London Academy",Sparta Day 13 February 2019.txt,32,100,23,53
ANTONIE CORAM,"25 July 2019","Birmingham Academy",Sparta Day 25 July 2019.txt,32,100,27,53
ANTONIUS HEAPE,"17 July 2019","London Academy",Sparta Day 17 July 2019.txt,32,100,20,51
ANTONY ECKERT,"2 October 2019","London Academy",Sparta Day 2 October 2019.txt,32,100,25,56
ANY SHOTBOLT,"17 October 2019","Birmingham Academy",Sparta Day 17 October 2019.txt,32,100,17,60
APPOLONIA JOVIS,"29 August 2019","Birmingham Academy",Sparta Day 29 August 2019.txt,32,100,22,51
ARA LOGGIE,"2 July 2019","London Academy",Sparta Day 2 July 2019.txt,32,100,15,64
ARABELLA WALKLATE,"3 September 2019","London Academy",Sparta Day 3 September 2019.txt,32,100,18,61
ARCH COOKLEY,"20 August 2019","London Academy",Sparta Day 20 August 2019.txt,32,100,17,52
ARCHAIMBAUD BULLER,"17 January 2019","Birmingham Academy",Sparta Day 17 January 2019.txt,32,100,18,63
ARCHAMBAULT EVANSON,"31 October 2019","Birmingham Academy",Sparta Day 31 October 2019.txt,32,100,22,54
ARCHER HOBBEN,"14 August 2019","London Academy",Sparta Day 14 August 2019.txt,32,100,16,56
ARCHIBOLD SPIKEINGS,"6 November 2019","London Academy",Sparta Day 6 November 2019.txt,32,100,19,51
ARDA DISBROW,"13 February 2019","London Academy",Sparta Day 13 February 2019.txt,32,100,22,51
ARDATH NORWELL,"8 January 2019","London Academy",Sparta Day 8 January 2019.txt,32,100,23,48
ARDELIS GYLLE,"4 April 2019","Birmingham Academy",Sparta Day 4 April 2019.txt,32,100,20,61
ARDEN TOLOSSI,"19 December 2019","Birmingham Academy",Sparta Day 19 December 2019.txt,32,100,18,59
ARDIS STANILAND,"2 July 2019","London Academy",Sparta Day 2 July 2019.txt,32,100,16,53
ARDYS RUPPELE,"29 May 2019","London Academy",Sparta Day 29 May 2019.txt,32,100,20,63
ARETHA ROSENBOIM,"13 June 2019","Birmingham Academy",Sparta Day 13 June 2019.txt,32,100,13,58
ARIELLE DONATI,"30 October 2019","London Academy",Sparta Day 30 October 2019.txt,32,100,22,62
ARLANA COWL,"28 February 2019","Birmingham Academy",Sparta Day 28 February 2019.txt,32,100,22,45
ARLEEN MCALLAN,"9 April 2019","London Academy",Sparta Day 9 April 2019.txt,32,100,17,60
ARLEN MEACHER,"11 April 2019","Birmingham Academy",Sparta Day 11 April 2019.txt,32,100,20,55
ARLETTE PICKLES,"11 July 2019","Birmingham Academy",Sparta Day 11 July 2019.txt,32,100,17,61
ARLEY DANGL,"6 February 2019","London Academy",Sparta Day 6 February 2019.txt,32,100,17,59
ARLEY PINNEGAR,"5 February 2019","London Academy",Sparta Day 5 February 2019.txt,32,100,23,52
ARLEYNE WITCH,"26 September 2019","Birmingham Academy",Sparta Day 26 September 2019.txt,32,100,20,59
ARLIE BAYNAM,"16 October 2019","London Academy",Sparta Day 16 October 2019.txt,32,100,22,43
ARLIN LEMAN,"30 April 2019","London Academy",Sparta Day 30 April 2019.txt,32,100,24,58
ARLYNE MCNEISH,"30 April 2019","London Academy",Sparta Day 30 April 2019.txt,32,100,23,49
ARMAN BORIBAL,"4 September 2019","London Academy",Sparta Day 4 September 2019.txt,32,100,17,67
ARMANDO SCHIRAK,"4 September 2019","London Academy",Sparta Day 4 September 2019.txt,32,100,15,53
ARMSTRONG HURSTHOUSE,"12 February 2019","London Academy",Sparta Day 12 February 2019.txt,32,100,14,44
ARNE DYBELL,"20 November 2019","London Academy",Sparta Day 20 November 2019.txt,32,100,20,50
ARNE MORANDO,"31 October 2019","Birmingham Academy",Sparta Day 31 October 2019.txt,32,100,12,60
ARNE WARNE,"17 December 2019","London Academy",Sparta Day 17 December 2019.txt,32,100,21,41
ARNEY WATSHAM,"18 December 2019","London Academy",Sparta Day 18 December 2019.txt,32,100,10,49
ARNY COORINGTON,"14 August 2019","London Academy",Sparta Day 14 August 2019.txt,32,100,23,56
ARNY DOBROWOLNY,"19 November 2019","London Academy",Sparta Day 19 November 2019.txt,32,100,17,64
ARRON CUERDALL,"8 August 2019","Birmingham Academy",Sparta Day 8 August 2019.txt,32,100,21,57
ART MITKIN,"31 January 2019","Birmingham Academy",Sparta Day 31 January 2019.txt,32,100,18,57
ARTAIR CARTMAN,"19 March 2019","London Academy",Sparta Day 19 March 2019.txt,32,100,22,60
ARTAIR ROIS,"20 March 2019","London Academy",Sparta Day 20 March 2019.txt,32,100,15,53
ARTE DIMBYLOW,"22 January 2019","London Academy",Sparta Day 22 January 2019.txt,32,100,20,58
ARTEMAS BEWLAY,"8 May 2019","London Academy",Sparta Day 8 May 2019.txt,32,100,19,61
ARTEMAS TOWSE,"26 February 2019","London Academy",Sparta Day 26 February 2019.txt,32,100,27,48
ARTUR DOMASCHKE,"23 May 2019","Birmingham Academy",Sparta Day 23 May 2019.txt,32,100,19,68
ARTY INDRUCH,"2 July 2019","London Academy",Sparta Day 2 July 2019.txt,32,100,24,56
ARVY MYRKUS,"5 September 2019","Birmingham Academy",Sparta Day 5 September 2019.txt,32,100,26,65
ASE FENN,"9 April 2019","London Academy",Sparta Day 9 April 2019.txt,32,100,18,44
ASH HANNON,"17 April 2019","London Academy",Sparta Day 17 April 2019.txt,32,100,19,59
ASH HANSEN,"4 June 2019","London Academy",Sparta Day 4 June 2019.txt,32,100,17,40
ASHBEY SEAKES,"18 June 2019","London Academy",Sparta Day 18 June 2019.txt,32,100,16,59
ASHBY CAPENER,"18 July 2019","Birmingham Academy",Sparta Day 18 July 2019.txt,32,100,20,52
ASHELY BRITTLES,"17 October 2019","Birmingham Academy",Sparta Day 17 October 2019.txt,32,100,21,50
ASHER MCCROW,"11 April 2019","Birmingham Academy",Sparta Day 11 April 2019.txt,32,100,12,45
ASHLEY DEMPSEY,"27 February 2019","London Academy",Sparta Day 27 February 2019.txt,32,100,19,67
ASHLEY FITZHARRIS,"7 March 2019","Birmingham Academy",Sparta Day 7 March 2019.txt,32,100,21,62
ASHLEY FUDGE,"19 March 2019","London Academy",Sparta Day 19 March 2019.txt,32,100,23,63
ASHLEY HARMANT,"14 May 2019","London Academy",Sparta Day 14 May 2019.txt,32,100,20,48
ASHLEY WOODVINE,"29 October 2019","London Academy",Sparta Day 29 October 2019.txt,32,100,21,57
ASHLI MULLANEY,"17 April 2019","London Academy",Sparta Day 17 April 2019.txt,32,100,19,49
ASHLIE SIVETER,"26 March 2019","London Academy",Sparta Day 26 March 2019.txt,32,100,18,57
ASHLIN SHONE,"3 October 2019","Birmingham Academy",Sparta Day 3 October 2019.txt,32,100,23,59
ATHENE BOZWORTH,"6 June 2019","Birmingham Academy",Sparta Day 6 June 2019.txt,32,100,23,56
ATLANTE BREWINS,"25 April 2019","Birmingham Academy",Sparta Day 25 April 2019.txt,32,100,25,47
AUBE BENKHE,"28 November 2019","Birmingham Academy",Sparta Day 28 November 2019.txt,32,100,19,49
AUBERON HATTER,"7 May 2019","London Academy",Sparta Day 7 May 2019.txt,32,100,24,68
AUBERON O'QUIN,"2 May 2019","Birmingham Academy",Sparta Day 2 May 2019.txt,32,100,21,67
AUBERON WERNY,"11 June 2019","London Academy",Sparta Day 11 June 2019.txt,32,100,17,52
AUBERT CAWTHERAY,"27 March 2019","London Academy",Sparta Day 27 March 2019.txt,32,100,21,61
AUBERT CICERONE,"6 August 2019","London Academy",Sparta Day 6 August 2019.txt,32,100,19,58
AUBERT GREALLY,"12 February 2019","London Academy",Sparta Day 12 February 2019.txt,32,100,21,53
AUBERTA RUDDICK,"11 April 2019","Birmingham Academy",Sparta Day 11 April 2019.txt,32,100,23,63
AUDI WESTMACOTT,"7 March 2019","Birmingham Academy",Sparta Day 7 March 2019.txt,32,100,20,51
AUDIE PEARMAN,"21 November 2019","Birmingham Academy",Sparta Day 21 November 2019.txt,32,100,20,54
AUDRA BOODELL,"20 June 2019","Birmingham Academy",Sparta Day 20 June 2019.txt,32,100,18,54
AUDRE THOMERSON,"12 February 2019","London Academy",Sparta Day 12 February 2019.txt,32,100,19,58
AUDREY BOSSEL,"15 May 2019","London Academy",Sparta Day 15 May 2019.txt,32,100,16,46
AUDRYE KNIGHTLEY,"2 October 2019","London Academy",Sparta Day 2 October 2019.txt,32,100,20,64
AUDRYE TOBIAS,"26 February 2019","London Academy",Sparta Day 26 February 2019.txt,32,100,20,54
AUDRYE WALKINGSHAW,"13 June 2019","Birmingham Academy",Sparta Day 13 June 2019.txt,32,100,18,54
AUGUSTA GILFOY,"29 October 2019","London Academy",Sparta Day 29 October 2019.txt,32,100,17,59
AUGUSTE ARMSTEAD,"28 February 2019","Birmingham Academy",Sparta Day 28 February 2019.txt,32,100,17,55
AUGUSTIN TABRETT,"5 June 2019","London Academy",Sparta Day 5 June 2019.txt,32,100,24,51
AUGUSTIN WINTERS,"9 April 2019","London Academy",Sparta Day 9 April 2019.txt,32,100,23,53
AUGUSTINE COREY,"18 September 2019","London Academy",Sparta Day 18 September 2019.txt,32,100,21,48
AUGUSTINE SULTANA,"5 December 2019","Birmingham Academy",Sparta Day 5 December 2019.txt,32,100,22,51
AUGUSTO BEARBLOCK,"5 March 2019","London Academy",Sparta Day 5 March 2019.txt,32,100,19,41
AUGUSTUS CLOWNEY,"21 November 2019","Birmingham Academy",Sparta Day 21 November 2019.txt,32,100,18,57
AUGUSTUS KORBA,"14 May 2019","London Academy",Sparta Day 14 May 2019.txt,32,100,23,70
AURA LOUCHE,"4 June 2019","London Academy",Sparta Day 4 June 2019.txt,32,100,15,54
AURELEA LEASON,"25 June 2019","London Academy",Sparta Day 25 June 2019.txt,32,100,19,51
AURIA SHAFTO,"19 September 2019","Birmingham Academy",Sparta Day 19 September 2019.txt,32,100,25,55
AURIE LOBLE,"27 March 2019","London Academy",Sparta Day 27 March 2019.txt,32,100,23,49
AURORA JIMSON,"27 June 2019","Birmingham Academy",Sparta Day 27 June 2019.txt,32,100,22,57
AUSTIN BRISTER,"23 January 2019","London Academy",Sparta Day 23 January 2019.txt,32,100,22,53
AUSTINA DEPPER,"2 April 2019","London Academy",Sparta Day 2 April 2019.txt,32,100,18,48
AVE WAUDBY,"25 April 2019","Birmingham Academy",Sparta Day 25 April 2019.txt,32,100,18,62
AVELINE ANDRZEJ,"2 October 2019","London Academy",Sparta Day 2 October 2019.txt,32,100,25,42
AVERILL PICKANCE,"17 September 2019","London Academy",Sparta Day 17 September 2019.txt,32,100,23,54
AVICTOR MOOREY,"17 July 2019","London Academy",Sparta Day 17 July 2019.txt,32,100,23,62
AVIVA DUDDAN,"23 January 2019","London Academy",Sparta Day 23 January 2019.txt,32,100,20,59
AVIVAH LYNAS,"14 March 2019","Birmingham Academy",Sparta Day 14 March 2019.txt,32,100,24,50
AVRAM DANK,"7 February 2019","Birmingham Academy",Sparta Day 7 February 2019.txt,32,100,18,64
AVRIT GAWITH,"15 August 2019","Birmingham Academy",Sparta Day 15 August 2019.txt,32,100,23,59
AVROM HARLOWE,"5 March 2019","London Academy",Sparta Day 5 March 2019.txt,32,100,16,47
AXE MCKALL,"15 August 2019","Birmingham Academy",Sparta Day 15 August 2019.txt,32,100,16,63
AXEL SCATCHAR,"9 April 2019","London Academy",Sparta Day 9 April 2019.txt,32,100,16,59
AYMER RANDALES,"12 March 2019","London Academy",Sparta Day 12 March 2019.txt,32,100,24,44
AYN NOVICHENKO,"20 August 2019","London Academy",Sparta Day 20 August 2019.txt,32,100,19,45
BAB DURNAN,"26 June 2019","London Academy",Sparta Day 26 June 2019.txt,32,100,17,47
BABARA VEAZEY,"26 September 2019","Birmingham Academy",Sparta Day 26 September 2019.txt,32,100,18,73
BABETTE MCGLOUGHLIN,"3 April 2019","London Academy",Sparta Day 3 April 2019.txt,32,100,19,52
BABITA BRAMSEN,"4 September 2019","London Academy",Sparta Day 4 September 2019.txt,32,100,20,67
BABITA HEIGHO,"10 January 2019","Birmingham Academy",Sparta Day 10 January 2019.txt,32,100,28,50
BABITA TABOURIN,"18 July 2019","Birmingham Academy",Sparta Day 18 July 2019.txt,32,100,23,53
BAIL DELGARDO,"18 December 2019","London Academy",Sparta Day 18 December 2019.txt,32,100,18,44
BAILEY ANTRIM,"25 April 2019","Birmingham Academy",Sparta Day 25 April 2019.txt,32,100,17,59
BAILY CAMIDGE,"20 June 2019","Birmingham Academy",Sparta Day 20 June 2019.txt,32,100,25,50
BAIRD REYNOOLLDS,"12 September 2019","Birmingham Academy",Sparta Day 12 September 2019.txt,32,100,19,58
BALDUIN CULLETON,"13 August 2019","London Academy",Sparta Day 13 August 2019.txt,32,100,18,52
BALDUIN GUDGION,"26 June 2019","London Academy",Sparta Day 26 June 2019.txt,32,100,19,39
BALDWIN MACBEY,"10 September 2019","London Academy",Sparta Day 10 September 2019.txt,32,100,24,56
BAMBI EARTHFIELD,"10 December 2019","London Academy",Sparta Day 10 December 2019.txt,32,100,20,60
BAMBI SEE,"4 June 2019","London Academy",Sparta Day 4 June 2019.txt,32,100,19,62
BAMBY HALKSWORTH,"21 November 2019","Birmingham Academy",Sparta Day 21 November 2019.txt,32,100,20,52
BAN CRAZE,"10 October 2019","Birmingham Academy",Sparta Day 10 October 2019.txt,32,100,24,38
BANKY MCHAFFY,"24 October 2019","Birmingham Academy",Sparta Day 24 October 2019.txt,32,100,25,49
BARBABAS HUYGENS,"19 February 2019","London Academy",Sparta Day 19 February 2019.txt,32,100,23,59
BARBABRA MANDAL,"23 April 2019","London Academy",Sparta Day 23 April 2019.txt,32,100,21,47
BARBETTE SORTON,"27 June 2019","Birmingham Academy",Sparta Day 27 June 2019.txt,32,100,15,58
BARBEY RICKERTSEN,"30 April 2019","London Academy",Sparta Day 30 April 2019.txt,32,100,20,55
BARBRA POLLEYE,"18 June 2019","London Academy",Sparta Day 18 June 2019.txt,32,100,22,52
BARCLAY MORTER,"30 July 2019","London Academy",Sparta Day 30 July 2019.txt,32,100,24,50
BARD DEMONGE,"4 April 2019","Birmingham Academy",Sparta Day 4 April 2019.txt,32,100,21,42
BARDE MCGENEAY,"14 March 2019","Birmingham Academy",Sparta Day 14 March 2019.txt,32,100,24,51
BARI STREATFIELD,"11 July 2019","Birmingham Academy",Sparta Day 11 July 2019.txt,32,100,22,59
BARNABAS CRINION,"17 January 2019","Birmingham Academy",Sparta Day 17 January 2019.txt,32,100,23,64
BARNEBAS MACKETTRICK,"21 February 2019","Birmingham Academy",Sparta Day 21 February 2019.txt,32,100,16,39
BARNEBAS UTTRIDGE,"9 October 2019","London Academy",Sparta Day 9 October 2019.txt,32,100,24,43
BARNIE JERSH,"10 October 2019","Birmingham Academy",Sparta Day 10 October 2019.txt,32,100,22,59
BARNY CANNICOTT,"22 October 2019","London Academy",Sparta Day 22 October 2019.txt,32,100,14,48
BARON FRESCHI,"4 April 2019","Birmingham Academy",Sparta Day 4 April 2019.txt,32,100,24,49
BARR KHOSA,"17 July 2019","London Academy",Sparta Day 17 July 2019.txt,32,100,20,49
BARRIE BAUMLER,"22 October 2019","London Academy",Sparta Day 22 October 2019.txt,32,100,24,61
BARRIE SCHRUURS,"14 February 2019","Birmingham Academy",Sparta Day 14 February 2019.txt,32,100,17,62
BARRY BASSETT,"3 April 2019","London Academy",Sparta Day 3 April 2019.txt,32,100,24,44
BART BOUTTELL,"9 April 2019","London Academy",Sparta Day 9 April 2019.txt,32,100,17,58
BART GODILINGTON,"17 January 2019","Birmingham Academy",Sparta Day 17 January 2019.txt,32,100,15,57
BARTEL BILLIARD,"24 September 2019","London Academy",Sparta Day 24 September 2019.txt,32,100,20,43
BARTHOLEMY O'TOWEY,"8 October 2019","London Academy",Sparta Day 8 October 2019.txt,32,100,15,43
BARTHOLEMY TRIPPITT,"31 January 2019","Birmingham Academy",Sparta Day 31 January 2019.txt,32,100,13,60
BARTHOLOMEO KEATLEY,"10 October 2019","Birmingham Academy",Sparta Day 10 October 2019.txt,32,100,19,54
BARTIE GRAYSON,"19 September 2019","Birmingham Academy",Sparta Day 19 September 2019.txt,32,100,16,46
BARTON HARPIN,"12 September 2019","Birmingham Academy",Sparta Day 12 September 2019.txt,32,100,20,56
BARTON MOAR,"3 December 2019","London Academy",Sparta Day 3 December 2019.txt,32,100,24,55
BARY BOATMAN,"8 January 2019","London Academy",Sparta Day 8 January 2019.txt,32,100,19,60
BARY BRAMBLEY,"7 March 2019","Birmingham Academy",Sparta Day 7 March 2019.txt,32,100,16,59
BARY FENDLEN,"18 July 2019","Birmingham Academy",Sparta Day 18 July 2019.txt,32,100,18,52
BASE DOGGETT,"31 January 2019","Birmingham Academy",Sparta Day 31 January 2019.txt,32,100,24,38
BAX SWEETMAN,"26 June 2019","London Academy",Sparta Day 26 June 2019.txt,32,100,24,50
BAYARD STUCKOW,"9 July 2019","London Academy",Sparta Day 9 July 2019.txt,32,100,23,50
BEAR BIRRANE,"8 October 2019","London Academy",Sparta Day 8 October 2019.txt,32,100,17,56
BEAR BLACKSELL,"23 April 2019","London Academy",Sparta Day 23 April 2019.txt,32,100,24,57
BEAUREGARD CORNEHL,"2 July 2019","London Academy",Sparta Day 2 July 2019.txt,32,100,24,56
BEAUREGARD HOULD,"30 July 2019","London Academy",Sparta Day 30 July 2019.txt,32,100,26,60
BEBE GUYONNEAU,"10 October 2019","Birmingham Academy",Sparta Day 10 October 2019.txt,32,100,18,42
BECKIE AVELING,"22 August 2019","Birmingham Academy",Sparta Day 22 August 2019.txt,32,100,22,59
BEE BECKET,"14 May 2019","London Academy",Sparta Day 14 May 2019.txt,32,100,21,39
BEILUL CRANNACH,"3 December 2019","London Academy",Sparta Day 3 December 2019.txt,32,100,25,53
BELIA LOSSELJONG,"27 June 2019","Birmingham Academy",Sparta Day 27 June 2019.txt,32,100,24,52
BELIA MURRIGANS,"3 October 2019","Birmingham Academy",Sparta Day 3 October 2019.txt,32,100,20,53
BELLA DURTNAL,"26 September 2019","Birmingham Academy",Sparta Day 26 September 2019.txt,32,100,22,55
BELLA TARBOX,"12 March 2019","London Academy",Sparta Day 12 March 2019.txt,32,100,22,61
BELLE CATHERALL,"11 July 2019","Birmingham Academy",Sparta Day 11 July 2019.txt,32,100,23,53
BELTRAN JOLLY,"18 September 2019","London Academy",Sparta Day 18 September 2019.txt,32,100,21,53
BELVIA O'NEILL,"4 June 2019","London Academy",Sparta Day 4 June 2019.txt,32,100,19,44
BENDIX BONNETTE,"31 January 2019","Birmingham Academy",Sparta Day 31 January 2019.txt,32,100,17,49
BENEDICK ARNHOLD,"13 February 2019","London Academy",Sparta Day 13 February 2019.txt,32,100,16,62
BENEDICK BERNARDEAU,"2 April 2019","London Academy",Sparta Day 2 April 2019.txt,32,100,24,58
BENEDICK DE ROBERTO,"18 June 2019","London Academy",Sparta Day 18 June 2019.txt,32,100,20,49
BENEDICTO HUNDEY,"21 May 2019","London Academy",Sparta Day 21 May 2019.txt,32,100,18,63
BENEDIKT COHANI,"6 June 2019","Birmingham Academy",Sparta Day 6 June 2019.txt,32,100,20,63
BENEDIKT SCOGINGS,"16 May 2019","Birmingham Academy",Sparta Day 16 May 2019.txt,32,100,25,59
BENITA DOWNGATE,"5 December 2019","Birmingham Academy",Sparta Day 5 December 2019.txt,32,100,23,60
BENITA ENEFER,"11 July 2019","Birmingham Academy",Sparta Day 11 July 2019.txt,32,100,20,52
BENITA ROBBEL,"30 May 2019","Birmingham Academy",Sparta Day 30 May 2019.txt,32,100,18,59
BENJAMEN HARROW,"20 February 2019","London Academy",Sparta Day 20 February 2019.txt,32,100,24,53
BENJAMIN CHASTAND,"31 July 2019","London Academy",Sparta Day 31 July 2019.txt,32,100,24,54
BENNIE LATAN,"30 May 2019","Birmingham Academy",Sparta Day 30 May 2019.txt,32,100,26,60
BENNY SMALLSMAN,"30 January 2019","London Academy",Sparta Day 30 January 2019.txt,32,100,13,67
BENNY TICHELAAR,"21 August 2019","London Academy",Sparta Day 21 August 2019.txt,32,100,17,52
BENSON LABUSCHAGNE,"1 August 2019","Birmingham Academy",Sparta Day 1 August 2019.txt,32,100,13,64
BENSON SYNCKE,"1 May 2019","London Academy",Sparta Day 1 May 2019.txt,32,100,18,57
BENTLEE MEUGENS,"8 January 2019","London Academy",Sparta Day 8 January 2019.txt,32,100,25,58
BENTON CULLEN,"27 November 2019","London Academy",Sparta Day 27 November 2019.txt,32,100,17,54
BENTON FELLOWS,"21 August 2019","London Academy",Sparta Day 21 August 2019.txt,32,100,26,46
BERET DEVONSIDE,"15 August 2019","Birmingham Academy",Sparta Day 15 August 2019.txt,32,100,23,64
BERKELEY BOTHE,"1 May 2019","London Academy",Sparta Day 1 May 2019.txt,32,100,25,43
BERKIE BRUSBY,"6 June 2019","Birmingham Academy",Sparta Day 6 June 2019.txt,32,100,21,61
BERKLEY BARTOMEU,"17 September 2019","London Academy",Sparta Day 17 September 2019.txt,32,100,14,57
BERKLY FISHLEIGH,"17 December 2019","London Academy",Sparta Day 17 December 2019.txt,32,100,24,51
BERKY BAILEY,"28 August 2019","London Academy",Sparta Day 28 August 2019.txt,32,100,22,51
BERKY LEMAR,"8 August 2019","Birmingham Academy",Sparta Day 8 August 2019.txt,32,100,14,47
BERKY SLATTEN,"8 January 2019","London Academy",Sparta Day 8 January 2019.txt,32,100,15,55
BERNADETTE GERARDI,"17 January 2019","Birmingham Academy",Sparta Day 17 January 2019.txt,32,100,21,53
BERNADETTE O' TIMONY,"23 May 2019","Birmingham Academy",Sparta Day 23 May 2019.txt,32,100,19,59
BERNADINE SINKIN,"1 May 2019","London Academy",Sparta Day 1 May 2019.txt,32,100,17,60
BERNELLE LONGHORNE,"23 January 2019","London Academy",Sparta Day 23 January 2019.txt,32,100,24,56
BERNETE FIDELE,"27 March 2019","London Academy",Sparta Day 27 March 2019.txt,32,100,22,49
BERNHARD BIRCHALL,"4 December 2019","London Academy",Sparta Day 4 December 2019.txt,32,100,18,56
BERNI BONHAM,"3 December 2019","London Academy",Sparta Day 3 December 2019.txt,32,100,25,58
BERNI TORRA,"11 December 2019","London Academy",Sparta Day 11 December 2019.txt,32,100,19,54
BERNICE NIBLETT,"1 May 2019","London Academy",Sparta Day 1 May 2019.txt,32,100,16,52
BERNY BOTLER,"6 August 2019","London Academy",Sparta Day 6 August 2019.txt,32,100,21,63
BERRI COCKLIN,"14 May 2019","London Academy",Sparta Day 14 May 2019.txt,32,100,17,63
BERRY CODD,"4 April 2019","Birmingham Academy",Sparta Day 4 April 2019.txt,32,100,20,58
BERRY FREED,"29 August 2019","Birmingham Academy",Sparta Day 29 August 2019.txt,32,100,15,67
BERRY GAMMEL,"11 December 2019","London Academy",Sparta Day 11 December 2019.txt,32,100,16,71
BERT LOSTY,"19 September 2019","Birmingham Academy",Sparta Day 19 September 2019.txt,32,100,20,48
BERT SPALL,"21 February 2019","Birmingham Academy",Sparta Day 21 February 2019.txt,32,100,18,73
BERTHA BURCHFIELD,"10 September 2019","London Academy",Sparta Day 10 September 2019.txt,32,100,18,55
BERTI DENNEHY,"22 August 2019","Birmingham Academy",Sparta Day 22 August 2019.txt,32,100,22,55
BERTI NAYER,"2 July 2019","London Academy",Sparta Day 2 July 2019.txt,32,100,26,51
BERTIE MACAFEE,"30 May 2019","Birmingham Academy",Sparta Day 30 May 2019.txt,32,100,17,59
BERTRAM ESGATE,"30 July 2019","London Academy",Sparta Day 30 July 2019.txt,32,100,21,51
BERTY HUBAN,"18 July 2019","Birmingham Academy",Sparta Day 18 July 2019.txt,32,100,15,53
BERTY SAYE,"24 July 2019","London Academy",Sparta Day 24 July 2019.txt,32,100,22,44
BERYLE D'ANTONIO,"13 February 2019","London Academy",Sparta Day 13 February 2019.txt,32,100,18,65
BESSY TURPIE,"11 December 2019","London Academy",Sparta Day 11 December 2019.txt,32,100,23,62
BETH TINER,"17 April 2019","London Academy",Sparta Day 17 April 2019.txt,32,100,23,64
BETHANNE ESTE,"6 June 2019","Birmingham Academy",Sparta Day 6 June 2019.txt,32,100,22,57
BETHANY CHALLICUM,"21 November 2019","Birmingham Academy",Sparta Day 21 November 2019.txt,32,100,15,60
BETSEY CHADWELL,"5 June 2019","London Academy",Sparta Day 5 June 2019.txt,32,100,18,49
BETTE-ANN FERRIERES,"11 September 2019","London Academy",Sparta Day 11 September 2019.txt,32,100,27,43
BETTE-ANN LEMMERS,"19 March 2019","London Academy",Sparta Day 19 March 2019.txt,32,100,18,56
BETTEANN BRIDGELAND,"12 March 2019","London Academy",Sparta Day 12 March 2019.txt,32,100,22,69
BETTEANNE GOLD,"7 August 2019","London Academy",Sparta Day 7 August 2019.txt,32,100,19,45
BETTY FRENSCH,"31 October 2019","Birmingham Academy",Sparta Day 31 October 2019.txt,32,100,22,45
BETTY LAMLIN,"10 July 2019","London Academy",Sparta Day 10 July 2019.txt,32,100,24,72
BETTYE DI NAPOLI,"23 January 2019","London Academy",Sparta Day 23 January 2019.txt,32,100,15,56
BEV FERRI,"19 November 2019","London Academy",Sparta Day 19 November 2019.txt,32,100,21,62
BEVERIE MOBERLEY,"22 January 2019","London Academy",Sparta Day 22 January 2019.txt,32,100,16,52
BEVERLIE NEWHOUSE,"18 December 2019","London Academy",Sparta Day 18 December 2019.txt,32,100,19,56
BEVON CLAYWORTH,"17 September 2019","London Academy",Sparta Day 17 September 2019.txt,32,100,16,55
BEVON DETOILE,"3 July 2019","London Academy",Sparta Day 3 July 2019.txt,32,100,24,54
BEVON MUSTILL,"15 August 2019","Birmingham Academy",Sparta Day 15 August 2019.txt,32,100,23,56
BIBBIE GOSFORD,"27 November 2019","London Academy",Sparta Day 27 November 2019.txt,32,100,23,59
BIBI MASTRANTONE,"9 May 2019","Birmingham Academy",Sparta Day 9 May 2019.txt,32,100,20,67
BIDDY RAPPS,"17 April 2019","London Academy",Sparta Day 17 April 2019.txt,32,100,19,53
BIDGET MACARTHUR,"12 June 2019","London Academy",Sparta Day 12 June 2019.txt,32,100,22,59
BIL PEARS,"27 November 2019","London Academy",Sparta Day 27 November 2019.txt,32,100,16,51
BILL PENDLEBURY,"18 July 2019","Birmingham Academy",Sparta Day 18 July 2019.txt,32,100,19,56
BILLI NARRAWAY,"18 June 2019","London Academy",Sparta Day 18 June 2019.txt,32,100,21,53
BILLIE SINKINGS,"23 April 2019","London Academy",Sparta Day 23 April 2019.txt,32,100,9,52
BINNIE CAPNERHURST,"10 October 2019","Birmingham Academy",Sparta Day 10 October 2019.txt,32,100,14,53
BIRD HATFIELD,"20 June 2019","Birmingham Academy",Sparta Day 20 June 2019.txt,32,100,16,52
BIRD LE COUNT,"22 August 2019","Birmingham Academy",Sparta Day 22 August 2019.txt,32,100,22,64
BLAINE KIMMEL,"24 January 2019","Birmingham Academy",Sparta Day 24 January 2019.txt,32,100,11,52
BLAIR WOOLLHEAD,"18 July 2019","Birmingham Academy",Sparta Day 18 July 2019.txt,32,100,24,52
BLAKE NUNSON,"1 August 2019","Birmingham Academy",Sparta Day 1 August 2019.txt,32,100,18,64
BLAKELEY STROOD,"6 August 2019","London Academy",Sparta Day 6 August 2019.txt,32,100,21,51
BLANE MANDERSON,"17 September 2019","London Academy",Sparta Day 17 September 2019.txt,32,100,19,61
BLAYNE JENNE,"29 May 2019","London Academy",Sparta Day 29 May 2019.txt,32,100,21,63
BLISSE VINICK,"5 December 2019","Birmingham Academy",Sparta Day 5 December 2019.txt,32,100,18,51
BLONDELLE JAAN,"17 December 2019","London Academy",Sparta Day 17 December 2019.txt,32,100,15,63
BLONDY DOCKER,"2 October 2019","London Academy",Sparta Day 2 October 2019.txt,32,100,22,60
BLONDY FEARNALL,"4 July 2019","Birmingham Academy",Sparta Day 4 July 2019.txt,32,100,20,58
BO FARGIE,"28 August 2019","London Academy",Sparta Day 28 August 2019.txt,32,100,19,56
BOB ROGERSON,"7 August 2019","London Academy",Sparta Day 7 August 2019.txt,32,100,19,74
BOBBIE HUXTON,"21 November 2019","Birmingham Academy",Sparta Day 21 November 2019.txt,32,100,24,47
BOBBY LEARMONT,"7 February 2019","Birmingham Academy",Sparta Day 7 February 2019.txt,32,100,22,40
BOBBY MCCRACKEN,"16 May 2019","Birmingham Academy",Sparta Day 16 May 2019.txt,32,100,24,46
BOBBYE HAINS,"26 February 2019","London Academy",Sparta Day 26 February 2019.txt,32,100,24,51
BOBBYE LADBROOKE,"9 January 2019","London Academy",Sparta Day 9 January 2019.txt,32,100,25,41
BOBINE ADVANI,"10 October 2019","Birmingham Academy",Sparta Day 10 October 2019.txt,32,100,17,55
BOBINE BRODIE,"9 May 2019","Birmingham Academy",Sparta Day 9 May 2019.txt,32,100,23,46
BOND KIMMEL,"7 February 2019","Birmingham Academy",Sparta Day 7 February 2019.txt,32,100,19,50
BONDON JOSSELSON,"15 August 2019","Birmingham Academy",Sparta Day 15 August 2019.txt,32,100,21,57
BONDON SMETHURST,"7 May 2019","London Academy",Sparta Day 7 May 2019.txt,32,100,15,57
BONIFACE TANSLEY,"17 September 2019","London Academy",Sparta Day 17 September 2019.txt,32,100,20,54
BOOTE MOAN,"20 August 2019","London Academy",Sparta Day 20 August 2019.txt,32,100,19,58
BOOTH COWEUPPE,"21 February 2019","Birmingham Academy",Sparta Day 21 February 2019.txt,32,100,25,54
BORD OLLIN,"14 August 2019","London Academy",Sparta Day 14 August 2019.txt,32,100,28,55
BOURKE BELSEY,"19 June 2019","London Academy",Sparta Day 19 June 2019.txt,32,100,18,53
BOURKE CAUDREY,"2 April 2019","London Academy",Sparta Day 2 April 2019.txt,32,100,24,49
BOWIE ENDERSBY,"16 July 2019","London Academy",Sparta Day 16 July 2019.txt,32,100,23,51
BOWIE NOLTON,"7 March 2019","Birmingham Academy",Sparta Day 7 March 2019.txt,32,100,22,62
BOYCEY MATUSHENKO,"25 April 2019","Birmingham Academy",Sparta Day 25 April 2019.txt,32,100,21,69
BOYCEY MCSPIRRON,"18 June 2019","London Academy",Sparta Day 18 June 2019.txt,32,100,20,48
BRAD COLEYSHAW,"30 July 2019","London Academy",Sparta Day 30 July 2019.txt,32,100,21,56
BRADAN WICKMAN,"19 September 2019","Birmingham Academy",Sparta Day 19 September 2019.txt,32,100,23,69
BRANDAIS ONDRA,"14 August 2019","London Academy",Sparta Day 14 August 2019.txt,32,100,17,48
BRANDAIS REINER,"22 August 2019","Birmingham Academy",Sparta Day 22 August 2019.txt,32,100,25,59
BRANDER VICENT,"27 November 2019","London Academy",Sparta Day 27 November 2019.txt,32,100,19,67
BRANDI ALVARADO,"8 May 2019","London Academy",Sparta Day 8 May 2019.txt,32,100,26,58
BRANDI FENNESSY,"13 November 2019","London Academy",Sparta Day 13 November 2019.txt,32,100,21,62
BRANDIE BIRKIN,"18 September 2019","London Academy",Sparta Day 18 September 2019.txt,32,100,23,51
BRANDISE MOSTON,"18 June 2019","London Academy",Sparta Day 18 June 2019.txt,32,100,25,69
BRANDON LOTHERINGTON,"3 December 2019","London Academy",Sparta Day 3 December 2019.txt,32,100,20,55
BRANDTR RODELL,"12 December 2019","Birmingham Academy",Sparta Day 12 December 2019.txt,32,100,14,60
BRANDY IANNAZZI,"4 June 2019","London Academy",Sparta Day 4 June 2019.txt,32,100,19,57
BRANDYN MACCLINTON,"14 February 2019","Birmingham Academy",Sparta Day 14 February 2019.txt,32,100,24,59
BRANT LINDFORS,"8 October 2019","London Academy",Sparta Day 8 October 2019.txt,32,100,14,47
BREN TOMEI,"3 October 2019","Birmingham Academy",Sparta Day 3 October 2019.txt,32,100,16,60
BRENA CREEBER,"13 February 2019","London Academy",Sparta Day 13 February 2019.txt,32,100,22,53
BRENDAN TITHECOTT,"17 September 2019","London Academy",Sparta Day 17 September 2019.txt,32,100,23,55
BRENDIN CURRAN,"21 May 2019","London Academy",Sparta Day 21 May 2019.txt,32,100,15,67
BRENDON CORBALLY,"25 July 2019","Birmingham Academy",Sparta Day 25 July 2019.txt,32,100,13,47
BRENDON FERRIERI,"17 April 2019","London Academy",Sparta Day 17 April 2019.txt,32,100,20,73
BRENNA MCGROARTY,"6 November 2019","London Academy",Sparta Day 6 November 2019.txt,32,100,26,54
BRETT DANIELI,"14 November 2019","Birmingham Academy",Sparta Day 14 November 2019.txt,32,100,22,39
BREW BOTTERELL,"17 December 2019","London Academy",Sparta Day 17 December 2019.txt,32,100,17,54
BREWER CALDERBANK,"16 July 2019","London Academy",Sparta Day 16 July 2019.txt,32,100,20,50
BRIAN GEARD,"26 June 2019","London Academy",Sparta Day 26 June 2019.txt,32,100,10,56
BRIANA BRADER,"31 January 2019","Birmingham Academy",Sparta Day 31 January 2019.txt,32,100,19,59
BRIANA SHORTER,"25 September 2019","London Academy",Sparta Day 25 September 2019.txt,32,100,19,60
BRIANO NISSLE,"13 June 2019","Birmingham Academy",Sparta Day 13 June 2019.txt,32,100,16,59
BRIANT POPE,"26 June 2019","London Academy",Sparta Day 26 June 2019.txt,32,100,22,53
BRIDGETTE ANTOS,"12 December 2019","Birmingham Academy",Sparta Day 12 December 2019.txt,32,100,26,65
BRIDIE TOSH,"26 June 2019","London Academy",Sparta Day 26 June 2019.txt,32,100,9,61
BRIGGS LOGSDAIL,"18 July 2019","Birmingham Academy",Sparta Day 18 July 2019.txt,32,100,22,51
BRIGID BLABBER,"23 July 2019","London Academy",Sparta Day 23 July 2019.txt,32,100,22,52
BRINN TREWHELA,"6 August 2019","London Academy",Sparta Day 6 August 2019.txt,32,100,23,60
BRINNA BRIDLE,"21 February 2019","Birmingham Academy",Sparta Day 21 February 2019.txt,32,100,26,51
BRION CLAPPSON,"26 March 2019","London Academy",Sparta Day 26 March 2019.txt,32,100,19,44
BRION GRISHECHKIN,"3 April 2019","London Academy",Sparta Day 3 April 2019.txt,32,100,18,50
BRITNI HEDDITCH,"20 November 2019","London Academy",Sparta Day 20 November 2019.txt,32,100,16,58
BRITT SUMMERGILL,"28 August 2019","London Academy",Sparta Day 28 August 2019.txt,32,100,25,52
BRITTAN MOUAT,"17 October 2019","Birmingham Academy",Sparta Day 17 October 2019.txt,32,100,21,51
BRITTANEY ROSKRUGE,"26 November 2019","London Academy",Sparta Day 26 November 2019.txt,32,100,23,57
BRITTANEY ROUGHEY,"15 August 2019","Birmingham Academy",Sparta Day 15 August 2019.txt,32,100,19,58
BRITTANY MCCLUSKEY,"23 May 2019","Birmingham Academy",Sparta Day 23 May 2019.txt,32,100,19,53
BRITTE KELLEWAY,"21 March 2019","Birmingham Academy",Sparta Day 21 March 2019.txt,32,100,23,52
BRITTNEY REIMER,"28 May 2019","London Academy",Sparta Day 28 May 2019.txt,32,100,27,51
BRNABY BOWNES,"1 August 2019","Birmingham Academy",Sparta Day 1 August 2019.txt,32,100,26,59
BROD BLUNDEN,"18 June 2019","London Academy",Sparta Day 18 June 2019.txt,32,100,18,59
BRODDIE TETLA,"30 April 2019","London Academy",Sparta Day 30 April 2019.txt,32,100,15,52
BRODERIC BRADICK,"6 February 2019","London Academy",Sparta Day 6 February 2019.txt,32,100,20,53
BRODIE CHIPPERFIELD,"24 July 2019","London Academy",Sparta Day 24 July 2019.txt,32,100,22,55
BRONSON DYKAS,"6 August 2019","London Academy",Sparta Day 6 August 2019.txt,32,100,14,51
BROOKE CRIDLIN,"7 May 2019","London Academy",Sparta Day 7 May 2019.txt,32,100,14,59
BROOKE PAOLINO,"17 July 2019","London Academy",Sparta Day 17 July 2019.txt,32,100,19,49
BROOKS GETHOUSE,"17 April 2019","London Academy",Sparta Day 17 April 2019.txt,32,100,19,55
BROSE BENAINE,"18 April 2019","Birmingham Academy",Sparta Day 18 April 2019.txt,32,100,17,54
BROSE MENGHI,"6 August 2019","London Academy",Sparta Day 6 August 2019.txt,32,100,25,57
BRUCE WINGATT,"9 April 2019","London Academy",Sparta Day 9 April 2019.txt,32,100,20,56
BRUNHILDA ANSLOW,"21 March 2019","Birmingham Academy",Sparta Day 21 March 2019.txt,32,100,21,47
BRUNHILDE ZELLICK,"3 July 2019","London Academy",Sparta Day 3 July 2019.txt,32,100,26,58
BRYANT LOSSELJONG,"4 September 2019","London Academy",Sparta Day 4 September 2019.txt,32,100,22,64
BRYANTY ANTONNIKOV,"20 February 2019","London Academy",Sparta Day 20 February 2019.txt,32,100,24,59
BRYANTY BROSNAN,"24 July 2019","London Academy",Sparta Day 24 July 2019.txt,32,100,19,48
BRYANTY CROAL,"6 February 2019","London Academy",Sparta Day 6 February 2019.txt,32,100,23,53
BRYANTY GARBUTT,"21 February 2019","Birmingham Academy",Sparta Day 21 February 2019.txt,32,100,19,55
BRYANTY GREENACRE,"31 July 2019","London Academy",Sparta Day 31 July 2019.txt,32,100,23,53
BRYANTY ZAMORRANO,"26 February 2019","London Academy",Sparta Day 26 February 2019.txt,32,100,24,47
BRYN GIANILLI,"30 April 2019","London Academy",Sparta Day 30 April 2019.txt,32,100,23,48
BRYNA DELLE,"15 October 2019","London Academy",Sparta Day 15 October 2019.txt,32,100,20,51
BUD CARLETTO,"4 April 2019","Birmingham Academy",Sparta Day 4 April 2019.txt,32,100,21,54
BUDDY KETTLE,"23 May 2019","Birmingham Academy",Sparta Day 23 May 2019.txt,32,100,19,61
BUIRON HOOFE,"26 September 2019","Birmingham Academy",Sparta Day 26 September 2019.txt,32,100,19,54
BUIRON PRESHO,"5 September 2019","Birmingham Academy",Sparta Day 5 September 2019.txt,32,100,15,63
BUNNI LOCARD,"28 March 2019","Birmingham Academy",Sparta Day 28 March 2019.txt,32,100,18,54
BUNNY BARNS,"13 June 2019","Birmingham Academy",Sparta Day 13 June 2019.txt,32,100,21,54
BURG FLIPEK,"8 January 2019","London Academy",Sparta Day 8 January 2019.txt,32,100,20,56
BURGESS ORCHART,"27 June 2019","Birmingham Academy",Sparta Day 27 June 2019.txt,32,100,24,49
BURK MACKILPATRICK,"19 November 2019","London Academy",Sparta Day 19 November 2019.txt,32,100,21,54
BURNABY MACKAY,"17 July 2019","London Academy",Sparta Day 17 July 2019.txt,32,100,22,52
BURNARD ANTONSSON,"2 May 2019","Birmingham Academy",Sparta Day 2 May 2019.txt,32,100,22,57
BURNARD FIELDEN,"21 August 2019","London Academy",Sparta Day 21 August 2019.txt,32,100,26,51
BURTIE CLUBLEY,"27 February 2019","London Academy",Sparta Day 27 February 2019.txt,32,100,19,53
BURTIE GARFITT,"2 May 2019","Birmingham Academy",Sparta Day 2 May 2019.txt,32,100,17,53
BURTIE IRNYS,"20 March 2019","London Academy",Sparta Day 20 March 2019.txt,32,100,15,53
BYROM SAWDAY,"11 June 2019","London Academy",Sparta Day 11 June 2019.txt,32,100,21,54
CACILIE REWCASSELL,"19 November 2019","London Academy",Sparta Day 19 November 2019.txt,32,100,21,60
CACILIE SENNETT,"20 August 2019","London Academy",Sparta Day 20 August 2019.txt,32,100,17,43
CAL LOACHE,"15 August 2019","Birmingham Academy",Sparta Day 15 August 2019.txt,32,100,20,53
CALE DE QUESNE,"12 June 2019","London Academy",Sparta Day 12 June 2019.txt,32,100,24,42
CALIDA BEHR,"18 June 2019","London Academy",Sparta Day 18 June 2019.txt,32,100,21,66
CALLIDA BRAZEL,"18 December 2019","London Academy",Sparta Day 18 December 2019.txt,32,100,18,46
CALLIE GLASSCOCK,"5 March 2019","London Academy",Sparta Day 5 March 2019.txt,32,100,21,59
CALV SILVERMAN,"27 June 2019","Birmingham Academy",Sparta Day 27 June 2019.txt,32,100,26,48
CAMEL MIGUET,"12 June 2019","London Academy",Sparta Day 12 June 2019.txt,32,100,18,63
CAMELLIA BETTE,"3 September 2019","London Academy",Sparta Day 3 September 2019.txt,32,100,22,64
CAMERON GLEAVES,"13 February 2019","London Academy",Sparta Day 13 February 2019.txt,32,100,17,53
CAMI BURBEROW,"2 April 2019","London Academy",Sparta Day 2 April 2019.txt,32,100,26,62
CAMILLA FRANCESCHELLI,"27 August 2019","London Academy",Sparta Day 27 August 2019.txt,32,100,25,46
CANDACE SEPPEY,"20 November 2019","London Academy",Sparta Day 20 November 2019.txt,32,100,30,63
CANDI CAMILLO,"19 June 2019","London Academy",Sparta Day 19 June 2019.txt,32,100,25,61
CANDIDA CHILLEY,"7 March 2019","Birmingham Academy",Sparta Day 7 March 2019.txt,32,100,18,56
CANDIDE VANNOORT,"3 January 2019","Birmingham Academy",Sparta Day 3 January 2019.txt,32,100,18,60
CANDIE GEARE,"18 April 2019","Birmingham Academy",Sparta Day 18 April 2019.txt,32,100,24,40
CANDIE PENDELL,"3 January 2019","Birmingham Academy",Sparta Day 3 January 2019.txt,32,100,22,48
CANDIE SENNER,"1 October 2019","London Academy",Sparta Day 1 October 2019.txt,32,100,24,59
CANDIS GAMET,"6 August 2019","London Academy",Sparta Day 6 August 2019.txt,32,100,17,45
CANDY BERENDS,"10 December 2019","London Academy",Sparta Day 10 December 2019.txt,32,100,15,66
CANDY VANN,"18 December 2019","London Academy",Sparta Day 18 December 2019.txt,32,100,18,54
CARCE CAPEL,"28 August 2019","London Academy",Sparta Day 28 August 2019.txt,32,100,20,58
CARE IFE,"4 September 2019","London Academy",Sparta Day 4 September 2019.txt,32,100,22,51
CARE OATTES,"10 July 2019","London Academy",Sparta Day 10 July 2019.txt,32,100,22,49
CAREN PUIG,"16 October 2019","London Academy",Sparta Day 16 October 2019.txt,32,100,24,54
CAREN STERTE,"29 January 2019","London Academy",Sparta Day 29 January 2019.txt,32,100,19,56
CARENA NIZET,"8 August 2019","Birmingham Academy",Sparta Day 8 August 2019.txt,32,100,21,62
CAREY SEVERN,"29 January 2019","London Academy",Sparta Day 29 January 2019.txt,32,100,17,61
CARI BRADLAUGH,"27 June 2019","Birmingham Academy",Sparta Day 27 June 2019.txt,32,100,19,53
CARIA TRILLOW,"15 October 2019","London Academy",Sparta Day 15 October 2019.txt,32,100,16,53
CARIL BAYLY,"11 December 2019","London Academy",Sparta Day 11 December 2019.txt,32,100,21,58
CARIN OVERSTALL,"5 September 2019","Birmingham Academy",Sparta Day 5 September 2019.txt,32,100,19,43
CARITA FENECH,"23 October 2019","London Academy",Sparta Day 23 October 2019.txt,32,100,19,49
CARLIE HUCK,"26 November 2019","London Academy",Sparta Day 26 November 2019.txt,32,100,15,48
CARLIN STELLINO,"20 August 2019","London Academy",Sparta Day 20 August 2019.txt,32,100,21,62
CARLINE ZUKER,"3 April 2019","London Academy",Sparta Day 3 April 2019.txt,32,100,23,55
CARLO BEEKMAN,"18 June 2019","London Academy",Sparta Day 18 June 2019.txt,32,100,15,52
CARLO TWINING,"30 January 2019","London Academy",Sparta Day 30 January 2019.txt,32,100,22,57
CARLOS GERCKENS,"1 August 2019","Birmingham Academy",Sparta Day 1 August 2019.txt,32,100,19,56
CARLY ASSANDRI,"27 June 2019","Birmingham Academy",Sparta Day 27 June 2019.txt,32,100,23,62
CARLY ROGGE,"28 March 2019","Birmingham Academy",Sparta Day 28 March 2019.txt,32,100,24,62
CARLYN DURRAM,"17 April 2019","London Academy",Sparta Day 17 April 2019.txt,32,100,14,55
CARLYN REISIN,"14 August 2019","London Academy",Sparta Day 14 August 2019.txt,32,100,21,52
CARLYNNE KEAL,"26 June 2019","London Academy",Sparta Day 26 June 2019.txt,32,100,24,52
CARMEL RISHWORTH,"27 February 2019","London Academy",Sparta Day 27 February 2019.txt,32,100,20,56
CARMELIA GHEORGHE,"4 September 2019","London Academy",Sparta Day 4 September 2019.txt,32,100,23,52
CARMELIA HUZZAY,"23 January 2019","London Academy",Sparta Day 23 January 2019.txt,32,100,22,55
CARMELINA THORINGTON,"19 March 2019","London Academy",Sparta Day 19 March 2019.txt,32,100,21,55
CARMELLA GUIDI,"20 February 2019","London Academy",Sparta Day 20 February 2019.txt,32,100,19,57
CARMELLE JADO,"1 October 2019","London Academy",Sparta Day 1 October 2019.txt,32,100,22,54
CARMITA CHILLISTONE,"19 November 2019","London Academy",Sparta Day 19 November 2019.txt,32,100,18,50
CAROLA ANDREWS,"6 November 2019","London Academy",Sparta Day 6 November 2019.txt,32,100,19,65
CAROLANN BUMBY,"10 January 2019","Birmingham Academy",Sparta Day 10 January 2019.txt,32,100,16,50
CARR KENSALL,"20 August 2019","London Academy",Sparta Day 20 August 2019.txt,32,100,20,56
CARRIE EAGLING,"21 March 2019","Birmingham Academy",Sparta Day 21 March 2019.txt,32,100,10,60
CARRIE FITZHENRY,"23 October 2019","London Academy",Sparta Day 23 October 2019.txt,32,100,22,55
CARRIE JACQUEMARD,"27 November 2019","London Academy",Sparta Day 27 November 2019.txt,32,100,22,43
CARROLL BENYON,"5 February 2019","London Academy",Sparta Day 5 February 2019.txt,32,100,20,57
CARROLL CORSE,"30 April 2019","London Academy",Sparta Day 30 April 2019.txt,32,100,20,43
CARROLL TREASADEN,"10 September 2019","London Academy",Sparta Day 10 September 2019.txt,32,100,21,54
CARTER KINGSWOLD,"19 September 2019","Birmingham Academy",Sparta Day 19 September 2019.txt,32,100,16,50
CARY EDWICKE,"28 March 2019","Birmingham Academy",Sparta Day 28 March 2019.txt,32,100,24,69
CARY HEBERDEN,"6 February 2019","London Academy",Sparta Day 6 February 2019.txt,32,100,19,71
CARYN ADRIAAN,"5 February 2019","London Academy",Sparta Day 5 February 2019.txt,32,100,22,67
CASAR BROSEMAN,"28 February 2019","Birmingham Academy",Sparta Day 28 February 2019.txt,32,100,23,64
CASEY PUTTEN,"5 September 2019","Birmingham Academy",Sparta Day 5 September 2019.txt,32,100,15,62
CASPER WILLCOTT,"31 October 2019","Birmingham Academy",Sparta Day 31 October 2019.txt,32,100,21,63
CASS JENYNS,"31 October 2019","Birmingham Academy",Sparta Day 31 October 2019.txt,32,100,21,47
CASSAUNDRA YUILL,"19 June 2019","London Academy",Sparta Day 19 June 2019.txt,32,100,21,54
CASSIUS HOLLIBONE,"1 May 2019","London Academy",Sparta Day 1 May 2019.txt,32,100,18,69
CASSIUS WHATLING,"29 January 2019","London Academy",Sparta Day 29 January 2019.txt,32,100,18,68
CASSONDRA TRIPLET,"13 March 2019","London Academy",Sparta Day 13 March 2019.txt,32,100,28,62
CATERINA SZWANDT,"9 October 2019","London Academy",Sparta Day 9 October 2019.txt,32,100,21,41
CATHRYN LEEHANE,"9 October 2019","London Academy",Sparta Day 9 October 2019.txt,32,100,20,54
CATI DUMPHRIES,"18 June 2019","London Academy",Sparta Day 18 June 2019.txt,32,100,27,62
CATI GEANE,"20 November 2019","London Academy",Sparta Day 20 November 2019.txt,32,100,20,60
CATI NUCATOR,"13 November 2019","London Academy",Sparta Day 13 November 2019.txt,32,100,18,57
CATI VON SALZBERG,"25 April 2019","Birmingham Academy",Sparta Day 25 April 2019.txt,32,100,14,58
CECIL KENNEWELL,"12 June 2019","London Academy",Sparta Day 12 June 2019.txt,32,100,22,47
CECIL LEHRER,"31 October 2019","Birmingham Academy",Sparta Day 31 October 2019.txt,32,100,22,39
CECILE LATES,"15 August 2019","Birmingham Academy",Sparta Day 15 August 2019.txt,32,100,22,55
CECILIO WOFFENDEN,"26 September 2019","Birmingham Academy",Sparta Day 26 September 2019.txt,32,100,12,62
CECILLA VASILOV,"3 July 2019","London Academy",Sparta Day 3 July 2019.txt,32,100,14,59
CED DANIELUT,"22 January 2019","London Academy",Sparta Day 22 January 2019.txt,32,100,25,50
CEIL SUERZ,"26 June 2019","London Academy",Sparta Day 26 June 2019.txt,32,100,23,48
CELESTA BINION,"17 December 2019","London Academy",Sparta Day 17 December 2019.txt,32,100,25,61
CELESTA LINTURN,"23 October 2019","London Academy",Sparta Day 23 October 2019.txt,32,100,19,50
CELESTINA AYSIK,"4 June 2019","London Academy",Sparta Day 4 June 2019.txt,32,100,21,55
CELINA BURDER,"8 May 2019","London Academy",Sparta Day 8 May 2019.txt,32,100,23,52
CELINA POLLEY,"18 July 2019","Birmingham Academy",Sparta Day 18 July 2019.txt,32,100,22,63
CELINE DOREE,"15 August 2019","Birmingham Academy",Sparta Day 15 August 2019.txt,32,100,17,66
CELISSE MERIGUET,"28 November 2019","Birmingham Academy",Sparta Day 28 November 2019.txt,32,100,21,48
CELLE BARLAS,"16 April 2019","London Academy",Sparta Day 16 April 2019.txt,32,100,23,65
CELLO DURRAND,"12 March 2019","London Academy",Sparta Day 12 March 2019.txt,32,100,19,56
CELLO RICIOPPO,"14 May 2019","London Academy",Sparta Day 14 May 2019.txt,32,100,20,55
CESARE BAYLAY,"27 November 2019","London Academy",Sparta Day 27 November 2019.txt,32,100,21,65
CESARO DODGSHON,"30 May 2019","Birmingham Academy",Sparta Day 30 May 2019.txt,32,100,23,67
CHADD ELLEN,"5 June 2019","London Academy",Sparta Day 5 June 2019.txt,32,100,19,59
CHADD KLAMPT,"3 July 2019","London Academy",Sparta Day 3 July 2019.txt,32,100,24,55
CHAIM INSEAL,"12 December 2019","Birmingham Academy",Sparta Day 12 December 2019.txt,32,100,22,57
CHANCE FLEAY,"26 September 2019","Birmingham Academy",Sparta Day 26 September 2019.txt,32,100,18,52
CHANCEY BITTEN,"15 October 2019","London Academy",Sparta Day 15 October 2019.txt,32,100,18,50
CHANCEY CLIMER,"27 August 2019","London Academy",Sparta Day 27 August 2019.txt,32,100,19,59
CHANCEY MOREY,"28 March 2019","Birmingham Academy",Sparta Day 28 March 2019.txt,32,100,22,51
CHANCEY PARTON,"5 November 2019","London Academy",Sparta Day 5 November 2019.txt,32,100,23,49
CHANDLER GRINOV,"20 November 2019","London Academy",Sparta Day 20 November 2019.txt,32,100,19,60
CHANDLER ILCHENKO,"18 April 2019","Birmingham Academy",Sparta Day 18 April 2019.txt,32,100,24,44
CHANDLER TREGUST,"4 June 2019","London Academy",Sparta Day 4 June 2019.txt,32,100,17,36
CHANDRA BEST,"17 September 2019","London Academy",Sparta Day 17 September 2019.txt,32,100,22,57
CHANE WETWOOD,"18 June 2019","London Academy",Sparta Day 18 June 2019.txt,32,100,20,51
CHANNA PISER,"21 November 2019","Birmingham Academy",Sparta Day 21 November 2019.txt,32,100,25,67
CHANTAL MAILES,"2 May 2019","Birmingham Academy",Sparta Day 2 May 2019.txt,32,100,25,67
CHARISSA BRIIGINSHAW,"30 May 2019","Birmingham Academy",Sparta Day 30 May 2019.txt,32,100,20,73
CHARLA RILLETT,"26 November 2019","London Academy",Sparta Day 26 November 2019.txt,32,100,29,49
CHARLEAN BALSTON,"11 June 2019","London Academy",Sparta Day 11 June 2019.txt,32,100,20,53
CHARLEAN DEVONS,"15 August 2019","Birmingham Academy",Sparta Day 15 August 2019.txt,32,100,14,52
CHARLEEN ANDROLLI,"6 August 2019","London Academy",Sparta Day 6 August 2019.txt,32,100,21,45
CHARLEEN FELDBERGER,"26 June 2019","London Academy",Sparta Day 26 June 2019.txt,32,100,14,56
CHARLEY FREDI,"10 December 2019","London Academy",Sparta Day 10 December 2019.txt,32,100,20,55
CHARLEY RENNICKS,"22 August 2019","Birmingham Academy",Sparta Day 22 August 2019.txt,32,100,15,46
CHARLIE DANELUT,"14 August 2019","London Academy",Sparta Day 14 August 2019.txt,32,100,20,55
CHARLOTTE LAXE,"11 December 2019","London Academy",Sparta Day 11 December 2019.txt,32,100,27,58
CHARLOTTE POSSA,"4 April 2019","Birmingham Academy",Sparta Day 4 April 2019.txt,32,100,17,50
CHARMAIN DIBEN,"12 June 2019","London Academy",Sparta Day 12 June 2019.txt,32,100,24,50
CHARMIAN MARTINUZZI,"17 December 2019","London Academy",Sparta Day 17 December 2019.txt,32,100,22,58
CHARO LORENT,"27 March 2019","London Academy",Sparta Day 27 March 2019.txt,32,100,18,57
CHAUNCEY JANOSCHEK,"21 May 2019","London Academy",Sparta Day 21 May 2019.txt,32,100,21,64
CHELSEA MILLWARD,"3 April 2019","London Academy",Sparta Day 3 April 2019.txt,32,100,25,63
CHELSY REGUS,"11 September 2019","London Academy",Sparta Day 11 September 2019.txt,32,100,18,48
CHERE SIDDENS,"29 August 2019","Birmingham Academy",Sparta Day 29 August 2019.txt,32,100,23,57
CHEREY TOLLFREE,"25 April 2019","Birmingham Academy",Sparta Day 25 April 2019.txt,32,100,18,59
CHERIANNE RADDON,"6 March 2019","London Academy",Sparta Day 6 March 2019.txt,32,100,20,62
CHERIANNE ZAMORA,"21 May 2019","London Academy",Sparta Day 21 May 2019.txt,32,100,17,62
CHERISE DUDBRIDGE,"15 May 2019","London Academy",Sparta Day 15 May 2019.txt,32,100,19,49
CHERLYN MCLAVERTY,"19 September 2019","Birmingham Academy",Sparta Day 19 September 2019.txt,32,100,20,60
CHERRITA ALLCHORNE,"26 June 2019","London Academy",Sparta Day 26 June 2019.txt,32,100,16,53
CHERRITA MCGILLEGHOLE,"11 July 2019","Birmingham Academy",Sparta Day 11 July 2019.txt,32,100,25,52
CHERRITA WINGATE,"28 November 2019","Birmingham Academy",Sparta Day 28 November 2019.txt,32,100,17,59
CHES KENIWELL,"25 September 2019","London Academy",Sparta Day 25 September 2019.txt,32,100,18,44
CHES WAHLBERG,"23 July 2019","London Academy",Sparta Day 23 July 2019.txt,32,100,22,54
CHESTER HANSELMANN,"7 August 2019","London Academy",Sparta Day 7 August 2019.txt,32,100,19,52
CHESTON CEILLIER,"10 January 2019","Birmingham Academy",Sparta Day 10 January 2019.txt,32,100,25,65
CHET BEAN,"12 December 2019","Birmingham Academy",Sparta Day 12 December 2019.txt,32,100,19,58
CHEV SPILLANE,"2 July 2019","London Academy",Sparta Day 2 July 2019.txt,32,100,23,53
CHEVALIER EYKELBOSCH,"12 September 2019","Birmingham Academy",Sparta Day 12 September 2019.txt,32,100,17,54
CHEVY PYBURN,"2 July 2019","London Academy",Sparta Day 2 July 2019.txt,32,100,20,50
CHIARRA LAUGHLAN,"23 January 2019","London Academy",Sparta Day 23 January 2019.txt,32,100,15,46
CHICKIE DICKENS,"2 October 2019","London Academy",Sparta Day 2 October 2019.txt,32,100,22,51
CHICKIE KEZAR,"21 August 2019","London Academy",Sparta Day 21 August 2019.txt,32,100,21,54
CHICKY SAWBRIDGE,"2 April 2019","London Academy",Sparta Day 2 April 2019.txt,32,100,25,64
CHICO HEADLEY,"29 October 2019","London Academy",Sparta Day 29 October 2019.txt,32,100,23,54
CHILTON FRIDAYE,"7 March 2019","Birmingham Academy",Sparta Day 7 March 2019.txt,32,100,25,60
CHILTON NIECE,"10 April 2019","London Academy",Sparta Day 10 April 2019.txt,32,100,22,62
CHILTON PALADINO,"5 September 2019","Birmingham Academy",Sparta Day 5 September 2019.txt,32,100,19,60
CHLO FAIR,"21 February 2019","Birmingham Academy",Sparta Day 21 February 2019.txt,32,100,23,54
CHLOETTE VAN WEEDENBURG,"16 April 2019","London Academy",Sparta Day 16 April 2019.txt,32,100,22,47
CHRISSE SANTOSTEFANO.,"11 September 2019","London Academy",Sparta Day 11 September 2019.txt,32,100,25,57
CHRISSY BARTHOLIN,"11 September 2019","London Academy",Sparta Day 11 September 2019.txt,32,100,19,55
CHRISSY LEFTBRIDGE,"7 February 2019","Birmingham Academy",Sparta Day 7 February 2019.txt,32,100,16,48
CHRISSY SATE,"20 June 2019","Birmingham Academy",Sparta Day 20 June 2019.txt,32,100,19,56
CHRISTA TROUGHTON,"13 November 2019","London Academy",Sparta Day 13 November 2019.txt,32,100,18,56
CHRISTAN MITYASHIN,"19 November 2019","London Academy",Sparta Day 19 November 2019.txt,32,100,25,62
CHRISTIAN BINGLEY,"13 August 2019","London Academy",Sparta Day 13 August 2019.txt,32,100,19,59
CHRISTIAN CLOWLEY,"2 July 2019","London Academy",Sparta Day 2 July 2019.txt,32,100,21,46
CHRISTIAN TUNNY,"4 December 2019","London Academy",Sparta Day 4 December 2019.txt,32,100,21,60
CHRISTIE BLINCOE,"31 July 2019","London Academy",Sparta Day 31 July 2019.txt,32,100,24,51
CHRISTINA FUMAGALLI,"21 May 2019","London Academy",Sparta Day 21 May 2019.txt,32,100,17,61
CHRISTINE SCALERA,"29 August 2019","Birmingham Academy",Sparta Day 29 August 2019.txt,32,100,21,49
CHRISTOPHER PINNER,"3 December 2019","London Academy",Sparta Day 3 December 2019.txt,32,100,18,51
CHRISTOS FAGAN,"3 October 2019","Birmingham Academy",Sparta Day 3 October 2019.txt,32,100,13,45
CHRISTY KYSTON,"7 February 2019","Birmingham Academy",Sparta Day 7 February 2019.txt,32,100,20,65
CHRISTYNA ARKILL,"21 August 2019","London Academy",Sparta Day 21 August 2019.txt,32,100,15,61
CHRISTYNA THIRLWELL,"7 March 2019","Birmingham Academy",Sparta Day 7 March 2019.txt,32,100,25,56
CHRISY KESEY,"10 October 2019","Birmingham Academy",Sparta Day 10 October 2019.txt,32,100,15,58
CHRISY MARKLOW,"7 November 2019","Birmingham Academy",Sparta Day 7 November 2019.txt,32,100,17,46
CHRYSA GUILDFORD,"5 November 2019","London Academy",Sparta Day 5 November 2019.txt,32,100,23,58
CHUCHO GALFOUR,"13 August 2019","London Academy",Sparta Day 13 August 2019.txt,32,100,19,56
CHUCHO KEGAN,"16 October 2019","London Academy",Sparta Day 16 October 2019.txt,32,100,19,51
CHUCHO TIFT,"17 January 2019","Birmingham Academy",Sparta Day 17 January 2019.txt,32,100,12,56
CIEL POIZER,"14 August 2019","London Academy",Sparta Day 14 August 2019.txt,32,100,20,51
CILKA ANLAY,"16 April 2019","London Academy",Sparta Day 16 April 2019.txt,32,100,18,43
CINDERELLA CHEDZOY,"3 April 2019","London Academy",Sparta Day 3 April 2019.txt,32,100,23,61
CINNAMON GILKISON,"9 July 2019","London Academy",Sparta Day 9 July 2019.txt,32,100,21,55
CINNAMON ROWE,"26 November 2019","London Academy",Sparta Day 26 November 2019.txt,32,100,21,42
CIRILO CROY,"18 December 2019","London Academy",Sparta Day 18 December 2019.txt,32,100,27,52
CIRILO WORLEY,"14 March 2019","Birmingham Academy",Sparta Day 14 March 2019.txt,32,100,19,51
CIRSTOFORO KERSLAKE,"5 November 2019","London Academy",Sparta Day 5 November 2019.txt,32,100,19,64
CISSY ARNOULT,"20 February 2019","London Academy",Sparta Day 20 February 2019.txt,32,100,20,61
CISSY DEEBLE,"3 January 2019","Birmingham Academy",Sparta Day 3 January 2019.txt,32,100,25,50
CLAIBORNE JESPER,"19 September 2019","Birmingham Academy",Sparta Day 19 September 2019.txt,32,100,18,54
CLAIR PRESTLAND,"23 October 2019","London Academy",Sparta Day 23 October 2019.txt,32,100,18,46
CLAIRE REVILLE,"26 June 2019","London Academy",Sparta Day 26 June 2019.txt,32,100,18,46
CLARABELLE DYKINS,"13 March 2019","London Academy",Sparta Day 13 March 2019.txt,32,100,17,45
CLARE DOWNEY,"20 November 2019","London Academy",Sparta Day 20 November 2019.txt,32,100,16,64
CLARESTA POUNDFORD,"6 June 2019","Birmingham Academy",Sparta Day 6 June 2019.txt,32,100,19,38
CLARETTE PEXTON,"4 July 2019","Birmingham Academy",Sparta Day 4 July 2019.txt,32,100,12,59
CLAREY FAGAN,"18 December 2019","London Academy",Sparta Day 18 December 2019.txt,32,100,21,48
CLARI FREDSON,"26 November 2019","London Academy",Sparta Day 26 November 2019.txt,32,100,20,46
CLARK KOVACS,"5 December 2019","Birmingham Academy",Sparta Day 5 December 2019.txt,32,100,16,57
CLARKE CRADOC,"25 July 2019","Birmingham Academy",Sparta Day 25 July 2019.txt,32,100,27,61
CLARKE WHITELOCK,"6 June 2019","Birmingham Academy",Sparta Day 6 June 2019.txt,32,100,27,59
CLARY HERTWELL,"30 July 2019","London Academy",Sparta Day 30 July 2019.txt,32,100,17,60
CLAUDE DURAN,"2 July 2019","London Academy",Sparta Day 2 July 2019.txt,32,100,20,55
CLAUDELLE VASNETSOV,"27 November 2019","London Academy",Sparta Day 27 November 2019.txt,32,100,19,52
CLAUDETTE DE CARLO,"12 September 2019","Birmingham Academy",Sparta Day 12 September 2019.txt,32,100,15,48
CLAUDIA MAY,"1 October 2019","London Academy",Sparta Day 1 October 2019.txt,32,100,18,53
CLAUDIAN COPP,"11 December 2019","London Academy",Sparta Day 11 December 2019.txt,32,100,18,47
CLAUDIANUS CONNAR,"9 January 2019","London Academy",Sparta Day 9 January 2019.txt,32,100,24,49
CLAUDIO HANDRICK,"5 June 2019","London Academy",Sparta Day 5 June 2019.txt,32,100,18,58
CLAUDIO O'HENEGHAN,"28 August 2019","London Academy",Sparta Day 28 August 2019.txt,32,100,19,38
CLAY PERILLO,"16 October 2019","London Academy",Sparta Day 16 October 2019.txt,32,100,18,68
CLEM WOODYEARE,"13 August 2019","London Academy",Sparta Day 13 August 2019.txt,32,100,16,39
CLEMENTE AKITT,"2 April 2019","London Academy",Sparta Day 2 April 2019.txt,32,100,23,50
CLEMENTIA BEASLEIGH,"4 December 2019","London Academy",Sparta Day 4 December 2019.txt,32,100,19,52
CLEMENTINE BRADICK,"27 November 2019","London Academy",Sparta Day 27 November 2019.txt,32,100,20,54
CLEMENTINE GREEDIER,"24 July 2019","London Academy",Sparta Day 24 July 2019.txt,32,100,17,67
CLEMMIE BEACH,"14 May 2019","London Academy",Sparta Day 14 May 2019.txt,32,100,24,51
CLEMMIE KAYLEY,"15 January 2019","London Academy",Sparta Day 15 January 2019.txt,32,100,19,56
CLEON KEMSON,"20 June 2019","Birmingham Academy",Sparta Day 20 June 2019.txt,32,100,22,59
CLEVE CRAIGS,"26 March 2019","London Academy",Sparta Day 26 March 2019.txt,32,100,21,62
CLEVE HALLBORD,"19 February 2019","London Academy",Sparta Day 19 February 2019.txt,32,100,20,69
CLEVELAND VASYUKHIN,"19 June 2019","London Academy",Sparta Day 19 June 2019.txt,32,100,17,55
CLEVIE BOWSHER,"10 October 2019","Birmingham Academy",Sparta Day 10 October 2019.txt,32,100,22,54
CLIFF KNOWLTON,"10 October 2019","Birmingham Academy",Sparta Day 10 October 2019.txt,32,100,19,57
CLIFFORD HINKS,"27 March 2019","London Academy",Sparta Day 27 March 2019.txt,32,100,17,48
CLIFFORD RANDLE,"19 December 2019","Birmingham Academy",Sparta Day 19 December 2019.txt,32,100,21,52
CLIM LOVIE,"29 August 2019","Birmingham Academy",Sparta Day 29 August 2019.txt,32,100,22,55
CLINT DRAPER,"10 October 2019","Birmingham Academy",Sparta Day 10 October 2019.txt,32,100,16,37
CLINT GORBELL,"22 May 2019","London Academy",Sparta Day 22 May 2019.txt,32,100,19,58
CLIO LAFFLINA,"26 June 2019","London Academy",Sparta Day 26 June 2019.txt,32,100,25,61
CLY GREATREX,"29 January 2019","London Academy",Sparta Day 29 January 2019.txt,32,100,18,60
CLYVE BOWE,"25 September 2019","London Academy",Sparta Day 25 September 2019.txt,32,100,26,49
CLYVE BRADDEN,"5 June 2019","London Academy",Sparta Day 5 June 2019.txt,32,100,25,54
CLYVE GILLHESPY,"26 September 2019","Birmingham Academy",Sparta Day 26 September 2019.txt,32,100,24,59
CLYWD MUSGROVE,"18 June 2019","London Academy",Sparta Day 18 June 2019.txt,32,100,20,59
COBBIE WOLFINGER,"30 July 2019","London Academy",Sparta Day 30 July 2019.txt,32,100,22,65
COBBY WIXEY,"11 July 2019","Birmingham Academy",Sparta Day 11 July 2019.txt,32,100,18,49
CODI KEAR,"15 October 2019","London Academy",Sparta Day 15 October 2019.txt,32,100,24,64
COLAN SOUTH,"20 February 2019","London Academy",Sparta Day 20 February 2019.txt,32,100,12,49
COLEMAN MARTYNKA,"25 July 2019","Birmingham Academy",Sparta Day 25 July 2019.txt,32,100,23,57
COLENE DEGLI ANTONI,"5 February 2019","London Academy",Sparta Day 5 February 2019.txt,32,100,26,52
COLETTE DANNIELL,"14 May 2019","London Academy",Sparta Day 14 May 2019.txt,32,100,21,67
COLLEEN ROSSEY,"17 September 2019","London Academy",Sparta Day 17 September 2019.txt,32,100,19,41
COLLETE CAUSBEY,"3 July 2019","London Academy",Sparta Day 3 July 2019.txt,32,100,19,61
COLLIN COMMINS,"10 September 2019","London Academy",Sparta Day 10 September 2019.txt,32,100,22,52
CON HAXLEY,"31 July 2019","London Academy",Sparta Day 31 July 2019.txt,32,100,23,50
CONCHITA GUMEY,"16 January 2019","London Academy",Sparta Day 16 January 2019.txt,32,100,18,57
CONN DOBSON,"18 June 2019","London Academy",Sparta Day 18 June 2019.txt,32,100,20,53
CONNOR GEGG,"14 February 2019","Birmingham Academy",Sparta Day 14 February 2019.txt,32,100,20,52
CONNY ROBSON,"25 April 2019","Birmingham Academy",Sparta Day 25 April 2019.txt,32,100,14,41
CONNY SAMMS,"13 November 2019","London Academy",Sparta Day 13 November 2019.txt,32,100,17,64
CONRAD CEILLIER,"17 September 2019","London Academy",Sparta Day 17 September 2019.txt,32,100,17,46
CONRAD CHADNEY,"6 June 2019","Birmingham Academy",Sparta Day 6 June 2019.txt,32,100,21,61
CONSOLATA MAUDLEN,"12 June 2019","London Academy",Sparta Day 12 June 2019.txt,32,100,13,51
CONSTANCE FELLIBRAND,"9 July 2019","London Academy",Sparta Day 9 July 2019.txt,32,100,22,62
CONSTANCIA TESAURO,"6 March 2019","London Academy",Sparta Day 6 March 2019.txt,32,100,15,52
CONSTANTINE CASLETT,"17 September 2019","London Academy",Sparta Day 17 September 2019.txt,32,100,25,62
CONSUELO PENGELLEY,"27 November 2019","London Academy",Sparta Day 27 November 2019.txt,32,100,16,53
COOPER INGRAHAM,"14 August 2019","London Academy",Sparta Day 14 August 2019.txt,32,100,22,54
CORA KLAUSEWITZ,"15 August 2019","Birmingham Academy",Sparta Day 15 August 2019.txt,32,100,24,55
CORABELLA ABELLS,"5 September 2019","Birmingham Academy",Sparta Day 5 September 2019.txt,32,100,19,55
CORBIE HINCHSHAW,"20 March 2019","London Academy",Sparta Day 20 March 2019.txt,32,100,20,67
CORBY ADNETT,"9 April 2019","London Academy",Sparta Day 9 April 2019.txt,32,100,16,57
CORBY CRISTOFOLINI,"15 October 2019","London Academy",Sparta Day 15 October 2019.txt,32,100,26,41
CORBY MCCAMBRIDGE,"6 June 2019","Birmingham Academy",Sparta Day 6 June 2019.txt,32,100,21,53
CORBY TOREL,"20 June 2019","Birmingham Academy",Sparta Day 20 June 2019.txt,32,100,24,62
CORDEY RIGARDEAU,"28 March 2019","Birmingham Academy",Sparta Day 28 March 2019.txt,32,100,21,62
CORDIE BOLDUC,"26 June 2019","London Academy",Sparta Day 26 June 2019.txt,32,100,22,55
CORDIE CAPON,"30 April 2019","London Academy",Sparta Day 30 April 2019.txt,32,100,16,51
CORDIE DUCKERING,"25 July 2019","Birmingham Academy",Sparta Day 25 July 2019.txt,32,100,21,53
CORENA BIRTLEY,"16 May 2019","Birmingham Academy",Sparta Day 16 May 2019.txt,32,100,25,46
CORETTE GISLEBERT,"27 February 2019","London Academy",Sparta Day 27 February 2019.txt,32,100,23,54
CORI DOCWRA,"11 December 2019","London Academy",Sparta Day 11 December 2019.txt,32,100,20,56
CORIE SNODIN,"22 August 2019","Birmingham Academy",Sparta Day 22 August 2019.txt,32,100,17,51
CORNALL OFFER,"1 August 2019","Birmingham Academy",Sparta Day 1 August 2019.txt,32,100,26,56
CORNALL WASTALL,"15 August 2019","Birmingham Academy",Sparta Day 15 August 2019.txt,32,100,16,64
CORNELIA ARTIST,"18 June 2019","London Academy",Sparta Day 18 June 2019.txt,32,100,19,61
CORNELIA COWLEY,"14 March 2019","Birmingham Academy",Sparta Day 14 March 2019.txt,32,100,26,63
CORNEY KOLINSKY,"1 May 2019","London Academy",Sparta Day 1 May 2019.txt,32,100,23,50
CORNIE LOMATH,"13 August 2019","London Academy",Sparta Day 13 August 2019.txt,32,100,22,45
CORNY O'TUOHY,"24 October 2019","Birmingham Academy",Sparta Day 24 October 2019.txt,32,100,19,49
CORRENA SUTHEREL,"15 October 2019","London Academy",Sparta Day 15 October 2019.txt,32,100,26,51
CORREY CLEMONT,"28 August 2019","London Academy",Sparta Day 28 August 2019.txt,32,100,15,51
CORREY MOULDS,"29 May 2019","London Academy",Sparta Day 29 May 2019.txt,32,100,19,50
CORRI PUND,"16 January 2019","London Academy",Sparta Day 16 January 2019.txt,32,100,26,58
CORRIE DUIGUID,"20 March 2019","London Academy",Sparta Day 20 March 2019.txt,32,100,25,53
CORRY SIVETER,"11 September 2019","London Academy",Sparta Day 11 September 2019.txt,32,100,24,42
CORT TROW,"19 March 2019","London Academy",Sparta Day 19 March 2019.txt,32,100,10,62
CORTNEY RUDEYEARD,"2 October 2019","London Academy",Sparta Day 2 October 2019.txt,32,100,24,62
CORTY FREARSON,"16 April 2019","London Academy",Sparta Day 16 April 2019.txt,32,100,21,50
CORY GREENE,"16 January 2019","London Academy",Sparta Day 16 January 2019.txt,32,100,24,58
COSIMO LABRAM,"12 June 2019","London Academy",Sparta Day 12 June 2019.txt,32,100,22,60
COSTA MACVEY,"6 February 2019","London Academy",Sparta Day 6 February 2019.txt,32,100,19,68
COSTANZA PYKE,"25 June 2019","London Academy",Sparta Day 25 June 2019.txt,32,100,19,67
COURTNAY DUIGED,"17 July 2019","London Academy",Sparta Day 17 July 2019.txt,32,100,17,62
COURTNEY ALDUS,"5 September 2019","Birmingham Academy",Sparta Day 5 September 2019.txt,32,100,13,56
COURTNEY RAYNHAM,"28 November 2019","Birmingham Academy",Sparta Day 28 November 2019.txt,32,100,27,40
COURTNEY WENMAN,"28 August 2019","London Academy",Sparta Day 28 August 2019.txt,32,100,15,54
COZMO ABEL,"31 January 2019","Birmingham Academy",Sparta Day 31 January 2019.txt,32,100,22,51
CRAIG FERRIBY,"24 January 2019","Birmingham Academy",Sparta Day 24 January 2019.txt,32,100,19,55
CRAWFORD DUGOOD,"13 March 2019","London Academy",Sparta Day 13 March 2019.txt,32,100,20,48
CREIGHTON ESTRELLA,"15 October 2019","London Academy",Sparta Day 15 October 2019.txt,32,100,21,59
CRIS VAN SCHAFFLAER,"18 December 2019","London Academy",Sparta Day 18 December 2019.txt,32,100,20,57
CRISSY MCCRACKAN,"14 February 2019","Birmingham Academy",Sparta Day 14 February 2019.txt,32,100,13,53
CRISTAL JEANS,"17 September 2019","London Academy",Sparta Day 17 September 2019.txt,32,100,25,62
CRISTAL PRENDERGAST,"25 September 2019","London Academy",Sparta Day 25 September 2019.txt,32,100,14,41
CRISTIN SCREAS,"21 May 2019","London Academy",Sparta Day 21 May 2019.txt,32,100,23,55
CRISTINA FINLAN,"31 July 2019","London Academy",Sparta Day 31 July 2019.txt,32,100,20,56
CRISTOBAL FURNIVAL,"7 November 2019","Birmingham Academy",Sparta Day 7 November 2019.txt,32,100,16,51
CRISTY RUTLEDGE,"15 October 2019","London Academy",Sparta Day 15 October 2019.txt,32,100,23,51
CROSBY ELIASSON,"28 February 2019","Birmingham Academy",Sparta Day 28 February 2019.txt,32,100,23,67
CRYSTA AIKETT,"2 January 2019","London Academy",Sparta Day 2 January 2019.txt,32,100,18,68
CULLY SEWARD,"5 June 2019","London Academy",Sparta Day 5 June 2019.txt,32,100,22,51
CURRY DUNNAN,"30 October 2019","London Academy",Sparta Day 30 October 2019.txt,32,100,18,58
CYBIL MANDRAKE,"27 March 2019","London Academy",Sparta Day 27 March 2019.txt,32,100,19,50
CYMBRE REUBEN,"20 March 2019","London Academy",Sparta Day 20 March 2019.txt,32,100,19,55
CYNTHIA FOSDIKE,"3 July 2019","London Academy",Sparta Day 3 July 2019.txt,32,100,14,48
CYNTHIA JENNY,"6 August 2019","London Academy",Sparta Day 6 August 2019.txt,32,100,18,51
CYNTHY RAIKER,"5 February 2019","London Academy",Sparta Day 5 February 2019.txt,32,100,11,49
CYRILL WILKISON,"26 March 2019","London Academy",Sparta Day 26 March 2019.txt,32,100,21,52
D'ARCY BOVER,"2 July 2019","London Academy",Sparta Day 2 July 2019.txt,32,100,27,56
DACY POCOCKE,"13 June 2019","Birmingham Academy",Sparta Day 13 June 2019.txt,32,100,19,54
DAFFI FLAUNE,"7 November 2019","Birmingham Academy",Sparta Day 7 November 2019.txt,32,100,20,56
DAILE KITCHINHAM,"30 May 2019","Birmingham Academy",Sparta Day 30 May 2019.txt,32,100,17,47
DAISI SCARLET,"30 January 2019","London Academy",Sparta Day 30 January 2019.txt,32,100,18,59
DAISIE WILDSMITH,"5 February 2019","London Academy",Sparta Day 5 February 2019.txt,32,100,19,53
DAISY BRIMS,"4 April 2019","Birmingham Academy",Sparta Day 4 April 2019.txt,32,100,17,65
DALE FEWLASS,"10 September 2019","London Academy",Sparta Day 10 September 2019.txt,32,100,22,52
DALILA FAIRBURN,"27 August 2019","London Academy",Sparta Day 27 August 2019.txt,32,100,18,45
DALILA HYETT,"8 January 2019","London Academy",Sparta Day 8 January 2019.txt,32,100,15,52
DALIS GAMBLES,"29 May 2019","London Academy",Sparta Day 29 May 2019.txt,32,100,24,57
DALLAS SHEEKEY,"23 May 2019","Birmingham Academy",Sparta Day 23 May 2019.txt,32,100,18,58
DALORIS COTESFORD,"10 July 2019","London Academy",Sparta Day 10 July 2019.txt,32,100,22,60
DALSTON VESCOVINI,"8 October 2019","London Academy",Sparta Day 8 October 2019.txt,32,100,14,54
DALT LE GRAND,"15 May 2019","London Academy",Sparta Day 15 May 2019.txt,32,100,21,62
DAMARIS VALLANCE,"13 March 2019","London Academy",Sparta Day 13 March 2019.txt,32,100,20,60
DAMIAN BRIMBLECOMBE,"12 December 2019","Birmingham Academy",Sparta Day 12 December 2019.txt,32,100,19,41
DAMIANO BASTEN,"6 March 2019","London Academy",Sparta Day 6 March 2019.txt,32,100,13,48
DAMIANO PETRUSCH,"17 October 2019","Birmingham Academy",Sparta Day 17 October 2019.txt,32,100,19,49
DAMITA GARFIRTH,"21 November 2019","Birmingham Academy",Sparta Day 21 November 2019.txt,32,100,12,65
DAMON THOMPSON,"3 September 2019","London Academy",Sparta Day 3 September 2019.txt,32,100,22,62
DANA BOLDRA,"19 September 2019","Birmingham Academy",Sparta Day 19 September 2019.txt,32,100,17,50
DANA OLDERSHAW,"11 July 2019","Birmingham Academy",Sparta Day 11 July 2019.txt,32,100,18,49
DANELLA LEISK,"23 October 2019","London Academy",Sparta Day 23 October 2019.txt,32,100,16,64
DANELLA MUNTON,"7 March 2019","Birmingham Academy",Sparta Day 7 March 2019.txt,32,100,22,51
DANELLA WINKETT,"21 May 2019","London Academy",Sparta Day 21 May 2019.txt,32,100,18,61
DANIA SKELLERN,"23 April 2019","London Academy",Sparta Day 23 April 2019.txt,32,100,25,60
DANICA ISBELL,"14 May 2019","London Academy",Sparta Day 14 May 2019.txt,32,100,24,64
DANIELA RAFFAN,"24 April 2019","London Academy",Sparta Day 24 April 2019.txt,32,100,18,58
DANIELE ISKOWICZ,"18 June 2019","London Academy",Sparta Day 18 June 2019.txt,32,100,17,53
DANIELLE ABSOLOM,"19 March 2019","London Academy",Sparta Day 19 March 2019.txt,32,100,17,61
DANILA LEAMON,"4 December 2019","London Academy",Sparta Day 4 December 2019.txt,32,100,18,54
DANIT MATOKHNIN,"7 February 2019","Birmingham Academy",Sparta Day 7 February 2019.txt,32,100,14,44
DANNA DOYLEY,"24 January 2019","Birmingham Academy",Sparta Day 24 January 2019.txt,32,100,24,46
DANNEL LONGMAID,"18 July 2019","Birmingham Academy",Sparta Day 18 July 2019.txt,32,100,17,59
DANNI GURDON,"11 September 2019","London Academy",Sparta Day 11 September 2019.txt,32,100,17,53
DANNIE WAGNER,"22 August 2019","Birmingham Academy",Sparta Day 22 August 2019.txt,32,100,14,56
DANNYE FRACZEK,"18 December 2019","London Academy",Sparta Day 18 December 2019.txt,32,100,19,50
DANTE LITTLEY,"24 September 2019","London Academy",Sparta Day 24 September 2019.txt,32,100,18,49
DANYA COLLICK,"21 May 2019","London Academy",Sparta Day 21 May 2019.txt,32,100,25,64
DANYA SEDGEFIELD,"10 January 2019","Birmingham Academy",Sparta Day 10 January 2019.txt,32,100,26,57
DAPHENE BARKLY,"30 October 2019","London Academy",Sparta Day 30 October 2019.txt,32,100,20,57
DAPHENE FRIEDLOS,"23 January 2019","London Academy",Sparta Day 23 January 2019.txt,32,100,16,67
DAR LANG,"28 March 2019","Birmingham Academy",Sparta Day 28 March 2019.txt,32,100,23,37
DARB HEINSSEN,"27 March 2019","London Academy",Sparta Day 27 March 2019.txt,32,100,19,61
DARB NOOR,"4 April 2019","Birmingham Academy",Sparta Day 4 April 2019.txt,32,100,19,59
DARBEE GOSLIN,"29 May 2019","London Academy",Sparta Day 29 May 2019.txt,32,100,27,52
DARCEY MORDIN,"27 August 2019","London Academy",Sparta Day 27 August 2019.txt,32,100,15,61
DARCIE BALDETTI,"12 February 2019","London Academy",Sparta Day 12 February 2019.txt,32,100,15,47
DARCY DOWBAKIN,"2 July 2019","London Academy",Sparta Day 2 July 2019.txt,32,100,16,48
DARCY HANDRAHAN,"9 July 2019","London Academy",Sparta Day 9 July 2019.txt,32,100,18,64
DARCY SRUTTON,"16 April 2019","London Academy",Sparta Day 16 April 2019.txt,32,100,21,66
DARDA DI GIACOMO,"6 June 2019","Birmingham Academy",Sparta Day 6 June 2019.txt,32,100,24,54
DARELLE MICHAL,"14 August 2019","London Academy",Sparta Day 14 August 2019.txt,32,100,19,49
DAREN HOUSON,"13 June 2019","Birmingham Academy",Sparta Day 13 June 2019.txt,32,100,18,52
DAREN OUCHTERLONY,"2 October 2019","London Academy",Sparta Day 2 October 2019.txt,32,100,25,56
DAREN WINDRUM,"15 October 2019","London Academy",Sparta Day 15 October 2019.txt,32,100,21,59
DARIA TUDGE,"17 September 2019","London Academy",Sparta Day 17 September 2019.txt,32,100,14,57
DARILL DRANE,"27 November 2019","London Academy",Sparta Day 27 November 2019.txt,32,100,18,61
DARILL WHAPPLES,"19 September 2019","Birmingham Academy",Sparta Day 19 September 2019.txt,32,100,18,47
DARIN HEALING,"4 July 2019","Birmingham Academy",Sparta Day 4 July 2019.txt,32,100,23,55
DARN KIRKBY,"18 June 2019","London Academy",Sparta Day 18 June 2019.txt,32,100,19,52
DARRIN PERRELLE,"29 May 2019","London Academy",Sparta Day 29 May 2019.txt,32,100,23,62
DARRIN STOFFEL,"8 August 2019","Birmingham Academy",Sparta Day 8 August 2019.txt,32,100,21,58
DARRYL GLEED,"20 February 2019","London Academy",Sparta Day 20 February 2019.txt,32,100,17,55
DARWIN SAMBIEDGE,"10 July 2019","London Academy",Sparta Day 10 July 2019.txt,32,100,22,55
DARWIN VLASOV,"11 September 2019","London Academy",Sparta Day 11 September 2019.txt,32,100,25,51
DARYA DELAFONT,"25 September 2019","London Academy",Sparta Day 25 September 2019.txt,32,100,20,57
DARYA TAYT,"8 May 2019","London Academy",Sparta Day 8 May 2019.txt,32,100,21,63
DARYL MCKILLOP,"7 February 2019","Birmingham Academy",Sparta Day 7 February 2019.txt,32,100,18,47
DARYLE JANOCH,"31 January 2019","Birmingham Academy",Sparta Day 31 January 2019.txt,32,100,15,63
DARYN DUGMORE,"4 December 2019","London Academy",Sparta Day 4 December 2019.txt,32,100,18,51
DASI GOLDSTON,"5 September 2019","Birmingham Academy",Sparta Day 5 September 2019.txt,32,100,15,54
DASIE JUSTIS,"25 September 2019","London Academy",Sparta Day 25 September 2019.txt,32,100,24,49
DAVEY MCDOWELL,"10 April 2019","London Academy",Sparta Day 10 April 2019.txt,32,100,24,52
DAVIDDE TUOHY,"17 September 2019","London Academy",Sparta Day 17 September 2019.txt,32,100,23,58
DAVIDSON BISKUPIAK,"16 May 2019","Birmingham Academy",Sparta Day 16 May 2019.txt,32,100,21,40
DAVIE BRAHAMS,"3 January 2019","Birmingham Academy",Sparta Day 3 January 2019.txt,32,100,24,58
DAVY REISENBERG,"18 December 2019","London Academy",Sparta Day 18 December 2019.txt,32,100,24,48
DAWN PETLYURA,"12 December 2019","Birmingham Academy",Sparta Day 12 December 2019.txt,32,100,15,65
DE WITT O'DOWD,"29 October 2019","London Academy",Sparta Day 29 October 2019.txt,32,100,21,46
DEAN BRIDLE,"18 June 2019","London Academy",Sparta Day 18 June 2019.txt,32,100,14,55
DEAN BURNUP,"2 May 2019","Birmingham Academy",Sparta Day 2 May 2019.txt,32,100,20,61
DEAN DUCHANT,"27 June 2019","Birmingham Academy",Sparta Day 27 June 2019.txt,32,100,25,56
DEANA LEGONIDEC,"25 April 2019","Birmingham Academy",Sparta Day 25 April 2019.txt,32,100,22,62
DEANA LYNDS,"16 October 2019","London Academy",Sparta Day 16 October 2019.txt,32,100,25,61
DEANA SALERNO,"18 September 2019","London Academy",Sparta Day 18 September 2019.txt,32,100,19,54
DEBBY HADIGATE,"13 August 2019","London Academy",Sparta Day 13 August 2019.txt,32,100,20,48
DEBBY MCGLYNN,"26 February 2019","London Academy",Sparta Day 26 February 2019.txt,32,100,17,57
DEBI GOLD,"31 July 2019","London Academy",Sparta Day 31 July 2019.txt,32,100,14,42
DECCA RAYBURN,"8 October 2019","London Academy",Sparta Day 8 October 2019.txt,32,100,18,61
DECK EANNETTA,"4 April 2019","Birmingham Academy",Sparta Day 4 April 2019.txt,32,100,16,53
DECK ITZCHAKI,"1 August 2019","Birmingham Academy",Sparta Day 1 August 2019.txt,32,100,21,59
DEEDEE WARDLOW,"9 July 2019","London Academy",Sparta Day 9 July 2019.txt,32,100,24,47
DEERDRE MUSSARD,"5 March 2019","London Academy",Sparta Day 5 March 2019.txt,32,100,22,57
DEEYN KLIMKIN,"5 December 2019","Birmingham Academy",Sparta Day 5 December 2019.txt,32,100,21,50
DEIRDRE VAN DEN VELDE,"1 August 2019","Birmingham Academy",Sparta Day 1 August 2019.txt,32,100,19,55
DELILA GARRET,"9 April 2019","London Academy",Sparta Day 9 April 2019.txt,32,100,23,51
DELINDA CONYBEAR,"1 August 2019","Birmingham Academy",Sparta Day 1 August 2019.txt,32,100,18,54
DELMOR PHUPRATE,"19 September 2019","Birmingham Academy",Sparta Day 19 September 2019.txt,32,100,13,61
DELMORE MCKNISH,"18 September 2019","London Academy",Sparta Day 18 September 2019.txt,32,100,20,56
DELMORE O'LOINN,"13 March 2019","London Academy",Sparta Day 13 March 2019.txt,32,100,21,53
DELPHINIA MANIE,"7 November 2019","Birmingham Academy",Sparta Day 7 November 2019.txt,32,100,16,66
DEMETRA DARMODY,"29 October 2019","London Academy",Sparta Day 29 October 2019.txt,32,100,24,59
DEMETRE COGHLAN,"24 September 2019","London Academy",Sparta Day 24 September 2019.txt,32,100,21,48
DEMETRIA O' SULLIVAN,"18 July 2019","Birmingham Academy",Sparta Day 18 July 2019.txt,32,100,22,60
DEMETRIUS DUNBAVIN,"2 July 2019","London Academy",Sparta Day 2 July 2019.txt,32,100,19,53
DEMETRIUS TUNSTALL,"7 August 2019","London Academy",Sparta Day 7 August 2019.txt,32,100,16,58
DEMOTT ROHLF,"18 September 2019","London Academy",Sparta Day 18 September 2019.txt,32,100,14,42
DEN ROMAN,"17 October 2019","Birmingham Academy",Sparta Day 17 October 2019.txt,32,100,18,56
DENE HARDEY,"8 May 2019","London Academy",Sparta Day 8 May 2019.txt,32,100,14,51
DENI ROUST,"30 January 2019","London Academy",Sparta Day 30 January 2019.txt,32,100,21,55
DENISE OPPY,"21 August 2019","London Academy",Sparta Day 21 August 2019.txt,32,100,23,55
DENNY BEGG,"8 August 2019","Birmingham Academy",Sparta Day 8 August 2019.txt,32,100,16,56
DENNY ENGA,"15 May 2019","London Academy",Sparta Day 15 May 2019.txt,32,100,23,57
DENYSE WETH,"22 August 2019","Birmingham Academy",Sparta Day 22 August 2019.txt,32,100,24,58
DENYSE WORLEY,"21 February 2019","Birmingham Academy",Sparta Day 21 February 2019.txt,32,100,20,63
DEONNE PROTT,"30 May 2019","Birmingham Academy",Sparta Day 30 May 2019.txt,32,100,20,59
DEONNE SIMIONATO,"31 January 2019","Birmingham Academy",Sparta Day 31 January 2019.txt,32,100,15,64
DERBY HAGGART,"21 March 2019","Birmingham Academy",Sparta Day 21 March 2019.txt,32,100,20,48
DERBY MCGLASHAN,"20 November 2019","London Academy",Sparta Day 20 November 2019.txt,32,100,18,57
DERK ANDRESS,"13 August 2019","London Academy",Sparta Day 13 August 2019.txt,32,100,19,64
DERMOT GUNTHORP,"20 June 2019","Birmingham Academy",Sparta Day 20 June 2019.txt,32,100,20,58
DERMOT LAMBOURNE,"3 April 2019","London Academy",Sparta Day 3 April 2019.txt,32,100,13,50
DERREK SCARCE,"27 June 2019","Birmingham Academy",Sparta Day 27 June 2019.txt,32,100,18,56
DERREK SHILLINGLAW,"18 June 2019","London Academy",Sparta Day 18 June 2019.txt,32,100,11,55
DERRIK LUMBERS,"5 June 2019","London Academy",Sparta Day 5 June 2019.txt,32,100,19,48
DERWARD WYLLT,"3 July 2019","London Academy",Sparta Day 3 July 2019.txt,32,100,18,64
DES DIMOND,"7 February 2019","Birmingham Academy",Sparta Day 7 February 2019.txt,32,100,23,61
DES TOMOVIC,"13 March 2019","London Academy",Sparta Day 13 March 2019.txt,32,100,21,55
DEV MCPHERSON,"11 June 2019","London Academy",Sparta Day 11 June 2019.txt,32,100,26,64
DEVAN CLARICOATS,"23 April 2019","London Academy",Sparta Day 23 April 2019.txt,32,100,17,55
DEVINA FRANZ-SCHONINGER,"19 December 2019","Birmingham Academy",Sparta Day 19 December 2019.txt,32,100,19,48
DEVLAND BENKIN,"15 January 2019","London Academy",Sparta Day 15 January 2019.txt,32,100,24,64
DEVLEN FROOME,"19 June 2019","London Academy",Sparta Day 19 June 2019.txt,32,100,18,55
DEVON MCCRACKEN,"4 July 2019","Birmingham Academy",Sparta Day 4 July 2019.txt,32,100,17,45
DEVONDRA BLABEY,"15 August 2019","Birmingham Academy",Sparta Day 15 August 2019.txt,32,100,22,57
DEWITT MILBORN,"24 July 2019","London Academy",Sparta Day 24 July 2019.txt,32,100,18,52
DEXTER CLUCAS,"26 June 2019","London Academy",Sparta Day 26 June 2019.txt,32,100,12,50
DI SIMONICH,"30 October 2019","London Academy",Sparta Day 30 October 2019.txt,32,100,21,55
DIANA WEBBY,"11 June 2019","London Academy",Sparta Day 11 June 2019.txt,32,100,18,61
DIANDRA DYHOUSE,"27 August 2019","London Academy",Sparta Day 27 August 2019.txt,32,100,19,50
DIANDRA SEARLES,"5 February 2019","London Academy",Sparta Day 5 February 2019.txt,32,100,21,51
DIANE-MARIE HILLING,"30 January 2019","London Academy",Sparta Day 30 January 2019.txt,32,100,23,47
DIANEMARIE WONFOR,"20 March 2019","London Academy",Sparta Day 20 March 2019.txt,32,100,14,59
DIANNA BREWETT,"29 May 2019","London Academy",Sparta Day 29 May 2019.txt,32,100,20,55
DIANNA DANNETT,"22 January 2019","London Academy",Sparta Day 22 January 2019.txt,32,100,25,47
DICK BRIMLEY,"14 November 2019","Birmingham Academy",Sparta Day 14 November 2019.txt,32,100,20,49
DICK RUBINSHTEIN,"19 March 2019","London Academy",Sparta Day 19 March 2019.txt,32,100,26,55
DICKIE KEARTON,"16 April 2019","London Academy",Sparta Day 16 April 2019.txt,32,100,20,61
DIDI STRONOUGH,"29 August 2019","Birmingham Academy",Sparta Day 29 August 2019.txt,32,100,16,50
DIERDRE EARWICKER,"9 January 2019","London Academy",Sparta Day 9 January 2019.txt,32,100,15,41
DIETRICH SABATER,"11 September 2019","London Academy",Sparta Day 11 September 2019.txt,32,100,23,51
DILLON GEMNETT,"16 April 2019","London Academy",Sparta Day 16 April 2019.txt,32,100,24,55
DINA DURBYN,"12 February 2019","London Academy",Sparta Day 12 February 2019.txt,32,100,23,59
DINA MCGOOKIN,"17 October 2019","Birmingham Academy",Sparta Day 17 October 2019.txt,32,100,18,57
DINAH TARBATT,"20 March 2019","London Academy",Sparta Day 20 March 2019.txt,32,100,17,46
DINNIE BALEINE,"18 September 2019","London Academy",Sparta Day 18 September 2019.txt,32,100,21,52
DION ECCERSLEY,"24 September 2019","London Academy",Sparta Day 24 September 2019.txt,32,100,21,62
DION PAVLASEK,"15 May 2019","London Academy",Sparta Day 15 May 2019.txt,32,100,20,57
DIONIS ROWATT,"5 December 2019","Birmingham Academy",Sparta Day 5 December 2019.txt,32,100,10,65
DIONYSUS GARTER,"13 February 2019","London Academy",Sparta Day 13 February 2019.txt,32,100,22,66
DIX DINAN,"6 March 2019","London Academy",Sparta Day 6 March 2019.txt,32,100,23,63
DIXIE MACRAE,"5 June 2019","London Academy",Sparta Day 5 June 2019.txt,32,100,21,54
DIXIE O' FLAHERTY,"8 October 2019","London Academy",Sparta Day 8 October 2019.txt,32,100,22,61
DNIREN BARLAS,"12 December 2019","Birmingham Academy",Sparta Day 12 December 2019.txt,32,100,19,52
DODIE LASSELLS,"27 August 2019","London Academy",Sparta Day 27 August 2019.txt,32,100,18,65
DODIE MCGOWRAN,"27 June 2019","Birmingham Academy",Sparta Day 27 June 2019.txt,32,100,24,52
DOE EISOLD,"9 October 2019","London Academy",Sparta Day 9 October 2019.txt,32,100,20,57
DOLLIE STAILEY,"5 September 2019","Birmingham Academy",Sparta Day 5 September 2019.txt,32,100,25,62
DOLLY CASARO,"24 September 2019","London Academy",Sparta Day 24 September 2019.txt,32,100,24,56
DOLPH JOBBINS,"12 March 2019","London Academy",Sparta Day 12 March 2019.txt,32,100,17,41
DOMENIC COULTER,"11 December 2019","London Academy",Sparta Day 11 December 2019.txt,32,100,19,64
DOMINI NORVEL,"25 July 2019","Birmingham Academy",Sparta Day 25 July 2019.txt,32,100,28,42
DOMINIQUE IZHAKOV,"22 August 2019","Birmingham Academy",Sparta Day 22 August 2019.txt,32,100,20,40
DOMINIQUE NARBETT,"20 August 2019","London Academy",Sparta Day 20 August 2019.txt,32,100,25,57
DOMINIQUE PULFER,"20 June 2019","Birmingham Academy",Sparta Day 20 June 2019.txt,32,100,19,46
DONAL MILA,"2 May 2019","Birmingham Academy",Sparta Day 2 May 2019.txt,32,100,21,49
DONALL SKITCH,"15 August 2019","Birmingham Academy",Sparta Day 15 August 2019.txt,32,100,11,62
DONALT GUMMOE,"16 July 2019","London Academy",Sparta Day 16 July 2019.txt,32,100,19,66
DONALT JULYAN,"11 June 2019","London Academy",Sparta Day 11 June 2019.txt,32,100,17,59
DONALT KINCEY,"29 May 2019","London Academy",Sparta Day 29 May 2019.txt,32,100,18,53
DONALT PINKSTONE,"28 November 2019","Birmingham Academy",Sparta Day 28 November 2019.txt,32,100,21,58
DONALT SAVARY,"10 April 2019","London Academy",Sparta Day 10 April 2019.txt,32,100,18,48
DONAVON GLAZEBROOK,"23 July 2019","London Academy",Sparta Day 23 July 2019.txt,32,100,15,50
DONICA ANDREAS,"1 May 2019","London Academy",Sparta Day 1 May 2019.txt,32,100,18,59
DONIELLE GODBALL,"29 August 2019","Birmingham Academy",Sparta Day 29 August 2019.txt,32,100,22,46
DONNAMARIE SCHOFIELD,"15 August 2019","Birmingham Academy",Sparta Day 15 August 2019.txt,32,100,20,60
DONNIE SANDWICK,"4 July 2019","Birmingham Academy",Sparta Day 4 July 2019.txt,32,100,23,58
DONOVAN WHISTAN,"18 September 2019","London Academy",Sparta Day 18 September 2019.txt,32,100,20,58
DORALIA DEACKES,"24 September 2019","London Academy",Sparta Day 24 September 2019.txt,32,100,23,55
DORALIA GAPPER,"9 October 2019","London Academy",Sparta Day 9 October 2019.txt,32,100,22,55
DORALIN PURKESS,"15 August 2019","Birmingham Academy",Sparta Day 15 August 2019.txt,32,100,24,49
DORALYNNE TORRICINA,"12 March 2019","London Academy",Sparta Day 12 March 2019.txt,32,100,26,50
DORENE FRANSCHINI,"12 June 2019","London Academy",Sparta Day 12 June 2019.txt,32,100,19,54
DORETTA HALLOR,"15 October 2019","London Academy",Sparta Day 15 October 2019.txt,32,100,20,54
DORETTA HENNER,"18 July 2019","Birmingham Academy",Sparta Day 18 July 2019.txt,32,100,17,51
DORETTA LANGDON,"11 December 2019","London Academy",Sparta Day 11 December 2019.txt,32,100,25,58
DORETTA LOURENCO,"30 April 2019","London Academy",Sparta Day 30 April 2019.txt,32,100,19,52
DORETTE LANDALL,"5 September 2019","Birmingham Academy",Sparta Day 5 September 2019.txt,32,100,22,64
DOREY MCQUILLAN,"15 January 2019","London Academy",Sparta Day 15 January 2019.txt,32,100,27,53
DORIAN HAMSHAR,"9 July 2019","London Academy",Sparta Day 9 July 2019.txt,32,100,19,60
DORICE SLIDES,"18 September 2019","London Academy",Sparta Day 18 September 2019.txt,32,100,21,60
DORIE SPEARES,"14 November 2019","Birmingham Academy",Sparta Day 14 November 2019.txt,32,100,23,61
DORINE ERRICKER,"12 September 2019","Birmingham Academy",Sparta Day 12 September 2019.txt,32,100,20,49
DORISA GERRIT,"7 November 2019","Birmingham Academy",Sparta Day 7 November 2019.txt,32,100,14,66
DORO BOWER,"21 August 2019","London Academy",Sparta Day 21 August 2019.txt,32,100,19,46
DOROLISA CUTMERE,"25 April 2019","Birmingham Academy",Sparta Day 25 April 2019.txt,32,100,23,61
DOROTHEA BIDNALL,"11 September 2019","London Academy",Sparta Day 11 September 2019.txt,32,100,21,54
DOROTHEE SALMOND,"13 February 2019","London Academy",Sparta Day 13 February 2019.txt,32,100,25,40
DOROTHEE WILLACOT,"13 March 2019","London Academy",Sparta Day 13 March 2019.txt,32,100,25,47
DOROTHY HAILWOOD,"15 August 2019","Birmingham Academy",Sparta Day 15 August 2019.txt,32,100,16,66
DORRI MCMILLIAN,"19 September 2019","Birmingham Academy",Sparta Day 19 September 2019.txt,32,100,18,62
DORRIE SRUTTON,"22 August 2019","Birmingham Academy",Sparta Day 22 August 2019.txt,32,100,21,53
DORTHEA SHAXBY,"3 December 2019","London Academy",Sparta Day 3 December 2019.txt,32,100,12,59
DORY COOKSEY,"7 May 2019","London Academy",Sparta Day 7 May 2019.txt,32,100,21,54
DOT MCGINLY,"7 March 2019","Birmingham Academy",Sparta Day 7 March 2019.txt,32,100,14,55
DOTI BOTHRAM,"12 March 2019","London Academy",Sparta Day 12 March 2019.txt,32,100,19,37
DOTTI CRAUFORD,"24 September 2019","London Academy",Sparta Day 24 September 2019.txt,32,100,22,67
DOTTIE LE PREVOST,"19 December 2019","Birmingham Academy",Sparta Day 19 December 2019.txt,32,100,19,51
DOY TAMS,"11 June 2019","London Academy",Sparta Day 11 June 2019.txt,32,100,22,58
DRAKE NORTHCOTE,"10 July 2019","London Academy",Sparta Day 10 July 2019.txt,32,100,27,53
DRE SOUTHERTON,"26 March 2019","London Academy",Sparta Day 26 March 2019.txt,32,100,16,50
DRONA LEMONBY,"16 January 2019","London Academy",Sparta Day 16 January 2019.txt,32,100,22,51
DRU MALING,"4 June 2019","London Academy",Sparta Day 4 June 2019.txt,32,100,25,43
DRU PABEL,"17 October 2019","Birmingham Academy",Sparta Day 17 October 2019.txt,32,100,27,50
DRUCIE BIANCO,"10 October 2019","Birmingham Academy",Sparta Day 10 October 2019.txt,32,100,23,53
DRUCY ADOLTHINE,"17 October 2019","Birmingham Academy",Sparta Day 17 October 2019.txt,32,100,24,50
DRUD BUARD,"30 April 2019","London Academy",Sparta Day 30 April 2019.txt,32,100,14,50
DRUD TELLENBROK,"6 August 2019","London Academy",Sparta Day 6 August 2019.txt,32,100,24,55
DRUSY BENNY,"2 July 2019","London Academy",Sparta Day 2 July 2019.txt,32,100,24,55
DUDLEY WHILES,"17 October 2019","Birmingham Academy",Sparta Day 17 October 2019.txt,32,100,15,54
DUFFIE HANSCOMBE,"17 September 2019","London Academy",Sparta Day 17 September 2019.txt,32,100,24,56
DUKE FELCE,"9 July 2019","London Academy",Sparta Day 9 July 2019.txt,32,100,23,49
DUKEY PADDEMORE,"12 February 2019","London Academy",Sparta Day 12 February 2019.txt,32,100,17,51
DUKY SHAILER,"2 July 2019","London Academy",Sparta Day 2 July 2019.txt,32,100,22,51
DUKY TARN,"8 January 2019","London Academy",Sparta Day 8 January 2019.txt,32,100,19,44
DULCEA PERL,"22 August 2019","Birmingham Academy",Sparta Day 22 August 2019.txt,32,100,27,51
DULCI MCGRAYLE,"21 August 2019","London Academy",Sparta Day 21 August 2019.txt,32,100,23,60
DULCINE DUFFIL,"4 September 2019","London Academy",Sparta Day 4 September 2019.txt,32,100,25,62
DULSEA WESTFALEN,"27 June 2019","Birmingham Academy",Sparta Day 27 June 2019.txt,32,100,22,69
DUN KURTH,"9 July 2019","London Academy",Sparta Day 9 July 2019.txt,32,100,21,51
DUN PEACHMENT,"21 November 2019","Birmingham Academy",Sparta Day 21 November 2019.txt,32,100,19,45
DUNC SMALLACOMBE,"24 September 2019","London Academy",Sparta Day 24 September 2019.txt,32,100,20,58
DUNSTAN HALFHIDE,"18 July 2019","Birmingham Academy",Sparta Day 18 July 2019.txt,32,100,19,48
DUNSTAN TERESSE,"27 June 2019","Birmingham Academy",Sparta Day 27 June 2019.txt,32,100,23,49
DUR PLOM,"14 August 2019","London Academy",Sparta Day 14 August 2019.txt,32,100,24,56
DURANT DELL 'ORTO,"28 March 2019","Birmingham Academy",Sparta Day 28 March 2019.txt,32,100,16,54
DURANT WIPER,"22 January 2019","London Academy",Sparta Day 22 January 2019.txt,32,100,19,48
DWAIN BUSBY,"20 November 2019","London Academy",Sparta Day 20 November 2019.txt,32,100,22,63
DYANNA KIDMAN,"24 September 2019","London Academy",Sparta Day 24 September 2019.txt,32,100,21,49
DYLAN LLEWELLEN,"29 August 2019","Birmingham Academy",Sparta Day 29 August 2019.txt,32,100,16,62
DYNA CRISTOFANO,"17 October 2019","Birmingham Academy",Sparta Day 17 October 2019.txt,32,100,19,55
DYNA SANGE,"4 July 2019","Birmingham Academy",Sparta Day 4 July 2019.txt,32,100,15,73
DYNA TALLBOY,"6 March 2019","London Academy",Sparta Day 6 March 2019.txt,32,100,20,54
EADIE BRIDDOCK,"22 October 2019","London Academy",Sparta Day 22 October 2019.txt,32,100,16,45
EALASAID BADCOCK,"26 February 2019","London Academy",Sparta Day 26 February 2019.txt,32,100,20,63
EAMON FALLS,"26 June 2019","London Academy",Sparta Day 26 June 2019.txt,32,100,14,56
EASTER RAGLESS,"14 February 2019","Birmingham Academy",Sparta Day 14 February 2019.txt,32,100,17,52
EBA GARY,"2 July 2019","London Academy",Sparta Day 2 July 2019.txt,32,100,19,58
EBA TARBATH,"17 December 2019","London Academy",Sparta Day 17 December 2019.txt,32,100,21,51
EBENESER HANDY,"5 June 2019","London Academy",Sparta Day 5 June 2019.txt,32,100,24,59
EBERHARD CATTEMULL,"30 July 2019","London Academy",Sparta Day 30 July 2019.txt,32,100,23,58
EDA BANNER,"10 April 2019","London Academy",Sparta Day 10 April 2019.txt,32,100,20,72
EDDIE MARA,"11 December 2019","London Academy",Sparta Day 11 December 2019.txt,32,100,23,60
EDDY SMUTH,"26 June 2019","London Academy",Sparta Day 26 June 2019.txt,32,100,22,48
EDEN CHATTOCK,"9 July 2019","London Academy",Sparta Day 9 July 2019.txt,32,100,15,51
EDEN GOODBODDY,"8 May 2019","London Academy",Sparta Day 8 May 2019.txt,32,100,21,52
EDGAR ANNESLEY,"28 August 2019","London Academy",Sparta Day 28 August 2019.txt,32,100,17,57
EDGAR WILLEMAN,"30 April 2019","London Academy",Sparta Day 30 April 2019.txt,32,100,22,53
EDGARDO HEMPHALL,"28 February 2019","Birmingham Academy",Sparta Day 28 February 2019.txt,32,100,17,50
EDGARDO LIDYARD,"1 October 2019","London Academy",Sparta Day 1 October 2019.txt,32,100,24,49
EDI JIGGINS,"29 May 2019","London Academy",Sparta Day 29 May 2019.txt,32,100,17,47
EDI O' FINAN,"14 March 2019","Birmingham Academy",Sparta Day 14 March 2019.txt,32,100,15,45
EDIN BENDLE,"7 November 2019","Birmingham Academy",Sparta Day 7 November 2019.txt,32,100,20,52
EDIN ELIE,"26 February 2019","London Academy",Sparta Day 26 February 2019.txt,32,100,20,50
EDITHE DIMITROV,"7 August 2019","London Academy",Sparta Day 7 August 2019.txt,32,100,19,53
EDNA DILSTON,"17 December 2019","London Academy",Sparta Day 17 December 2019.txt,32,100,22,68
EDSEL GINGELL,"8 January 2019","London Academy",Sparta Day 8 January 2019.txt,32,100,16,58
EDUINO HUERTAS,"19 December 2019","Birmingham Academy",Sparta Day 19 December 2019.txt,32,100,24,47
EDVARD KERFORD,"7 November 2019","Birmingham Academy",Sparta Day 7 November 2019.txt,32,100,20,56
EDVARD NORTHEN,"7 August 2019","London Academy",Sparta Day 7 August 2019.txt,32,100,22,54
EDWARD GALLOP,"4 June 2019","London Academy",Sparta Day 4 June 2019.txt,32,100,14,49
EFREM WHIPPLE,"22 August 2019","Birmingham Academy",Sparta Day 22 August 2019.txt,32,100,20,55
EILIS HULL,"20 February 2019","London Academy",Sparta Day 20 February 2019.txt,32,100,13,60
EIMILE JOBEY,"25 September 2019","London Academy",Sparta Day 25 September 2019.txt,32,100,22,51
EIMILE PINCOTT,"12 March 2019","London Academy",Sparta Day 12 March 2019.txt,32,100,19,54
EIMILE SANPER,"27 June 2019","Birmingham Academy",Sparta Day 27 June 2019.txt,32,100,20,61
EL DURANTE,"13 February 2019","London Academy",Sparta Day 13 February 2019.txt,32,100,21,53
EL SHEPSTONE,"11 December 2019","London Academy",Sparta Day 11 December 2019.txt,32,100,17,53
ELANE TROLLOPE,"28 February 2019","Birmingham Academy",Sparta Day 28 February 2019.txt,32,100,25,45
ELBERT NIGHTINGALE,"27 November 2019","London Academy",Sparta Day 27 November 2019.txt,32,100,24,49
ELBERTINE ANGLISS,"11 December 2019","London Academy",Sparta Day 11 December 2019.txt,32,100,24,45
ELDIN BROSTER,"17 July 2019","London Academy",Sparta Day 17 July 2019.txt,32,100,22,55
ELEANOR DENINGTON,"5 December 2019","Birmingham Academy",Sparta Day 5 December 2019.txt,32,100,17,53
ELECTRA DE WERK,"7 November 2019","Birmingham Academy",Sparta Day 7 November 2019.txt,32,100,17,60
ELENI ALYUKIN,"22 October 2019","London Academy",Sparta Day 22 October 2019.txt,32,100,19,60
ELEONORA BLEAZARD,"5 March 2019","London Academy",Sparta Day 5 March 2019.txt,32,100,25,55
ELFREDA ABURROW,"19 March 2019","London Academy",Sparta Day 19 March 2019.txt,32,100,20,59
ELFREDA COLOMB,"6 March 2019","London Academy",Sparta Day 6 March 2019.txt,32,100,25,62
ELFRIDA DRINAN,"21 November 2019","Birmingham Academy",Sparta Day 21 November 2019.txt,32,100,23,47
ELFRIDA ENDEN,"13 March 2019","London Academy",Sparta Day 13 March 2019.txt,32,100,19,55
ELFRIDA REECE,"11 September 2019","London Academy",Sparta Day 11 September 2019.txt,32,100,17,66
ELFRIDA SANTARELLI,"30 April 2019","London Academy",Sparta Day 30 April 2019.txt,32,100,18,51
ELFRIEDA BECRAFT,"21 November 2019","Birmingham Academy",Sparta Day 21 November 2019.txt,32,100,23,56
ELFRIEDA BILHAM,"14 August 2019","London Academy",Sparta Day 14 August 2019.txt,32,100,17,49
ELI BURNSIDES,"26 September 2019","Birmingham Academy",Sparta Day 26 September 2019.txt,32,100,16,44
ELIAS JENTZSCH,"6 August 2019","London Academy",Sparta Day 6 August 2019.txt,32,100,20,38
ELICIA BROGGIO,"18 June 2019","London Academy",Sparta Day 18 June 2019.txt,32,100,20,59
ELICIA NUTKIN,"17 September 2019","London Academy",Sparta Day 17 September 2019.txt,32,100,18,51
ELIE LIDGETT,"8 October 2019","London Academy",Sparta Day 8 October 2019.txt,32,100,16,41
ELINORE BEVIS,"28 February 2019","Birmingham Academy",Sparta Day 28 February 2019.txt,32,100,24,51
ELINORE DUNNAN,"19 February 2019","London Academy",Sparta Day 19 February 2019.txt,32,100,19,63
ELIOT FRANK,"19 March 2019","London Academy",Sparta Day 19 March 2019.txt,32,100,20,56
ELISA GOWMAN,"10 December 2019","London Academy",Sparta Day 10 December 2019.txt,32,100,19,50
ELISABETH EBBUTT,"4 June 2019","London Academy",Sparta Day 4 June 2019.txt,32,100,23,66
ELISE SOPPETH,"24 July 2019","London Academy",Sparta Day 24 July 2019.txt,32,100,22,57
ELISSA KNOWLES,"11 December 2019","London Academy",Sparta Day 11 December 2019.txt,32,100,22,50
ELITA FOCH,"16 October 2019","London Academy",Sparta Day 16 October 2019.txt,32,100,26,51
ELIZABET SANBROKE,"12 September 2019","Birmingham Academy",Sparta Day 12 September 2019.txt,32,100,20,60
ELLE TOTTON,"21 November 2019","Birmingham Academy",Sparta Day 21 November 2019.txt,32,100,16,51
ELLEREY SHENTON,"17 April 2019","London Academy",Sparta Day 17 April 2019.txt,32,100,23,46
ELLERY NANELLI,"6 August 2019","London Academy",Sparta Day 6 August 2019.txt,32,100,9,54
ELLI VILLALTA,"16 April 2019","London Academy",Sparta Day 16 April 2019.txt,32,100,27,40
ELLIOT CHETWYND,"22 October 2019","London Academy",Sparta Day 22 October 2019.txt,32,100,17,54
ELLIOT HOWARTH,"23 April 2019","London Academy",Sparta Day 23 April 2019.txt,32,100,19,59
ELLIOT RUCKERT,"18 April 2019","Birmingham Academy",Sparta Day 18 April 2019.txt,32,100,20,62
ELLIOT SARSFIELD,"6 June 2019","Birmingham Academy",Sparta Day 6 June 2019.txt,32,100,23,52
ELLIOT YARNLEY,"23 July 2019","London Academy",Sparta Day 23 July 2019.txt,32,100,23,58
ELNORE SCHWANDNER,"16 July 2019","London Academy",Sparta Day 16 July 2019.txt,32,100,21,51
ELOISA EWERT,"21 August 2019","London Academy",Sparta Day 21 August 2019.txt,32,100,24,55
ELOISE VOLKE,"7 August 2019","London Academy",Sparta Day 7 August 2019.txt,32,100,21,49
ELORA ELLEN,"14 February 2019","Birmingham Academy",Sparta Day 14 February 2019.txt,32,100,16,64
ELROY HATCHELL,"19 February 2019","London Academy",Sparta Day 19 February 2019.txt,32,100,21,64
ELSA BIRRANE,"13 March 2019","London Academy",Sparta Day 13 March 2019.txt,32,100,13,53
ELSA HALLGARTH,"27 March 2019","London Academy",Sparta Day 27 March 2019.txt,32,100,23,57
ELSA WOONTON,"11 September 2019","London Academy",Sparta Day 11 September 2019.txt,32,100,23,54
ELSBETH HARDCASTLE,"7 August 2019","London Academy",Sparta Day 7 August 2019.txt,32,100,21,43
ELSIE FURSLAND,"4 June 2019","London Academy",Sparta Day 4 June 2019.txt,32,100,17,53
ELSINORE MARCUSSEN,"2 January 2019","London Academy",Sparta Day 2 January 2019.txt,32,100,18,47
ELSWORTH BENDTSEN,"31 July 2019","London Academy",Sparta Day 31 July 2019.txt,32,100,23,51
ELVA BOLDERO,"5 November 2019","London Academy",Sparta Day 5 November 2019.txt,32,100,20,56
ELVERA GORMAN,"16 October 2019","London Academy",Sparta Day 16 October 2019.txt,32,100,20,54
ELVINA JUDD,"25 September 2019","London Academy",Sparta Day 25 September 2019.txt,32,100,19,60
ELVIRA VALENTINE,"18 September 2019","London Academy",Sparta Day 18 September 2019.txt,32,100,18,49
ELVYN LYBURN,"13 November 2019","London Academy",Sparta Day 13 November 2019.txt,32,100,13,67
ELWIN COLLUMBINE,"25 July 2019","Birmingham Academy",Sparta Day 25 July 2019.txt,32,100,19,47
ELYSEE MARDOLL,"19 February 2019","London Academy",Sparta Day 19 February 2019.txt,32,100,26,59
ELYSSA SPENCELEY,"4 April 2019","Birmingham Academy",Sparta Day 4 April 2019.txt,32,100,16,45
EM DUN,"15 January 2019","London Academy",Sparta Day 15 January 2019.txt,32,100,21,56
EMALIA NAILE,"29 October 2019","London Academy",Sparta Day 29 October 2019.txt,32,100,23,59
EMANUELE EPTON,"28 May 2019","London Academy",Sparta Day 28 May 2019.txt,32,100,21,49
EMELEN ROMERA,"25 July 2019","Birmingham Academy",Sparta Day 25 July 2019.txt,32,100,16,45
EMELINE WHISTANCE,"20 June 2019","Birmingham Academy",Sparta Day 20 June 2019.txt,32,100,16,55
EMILE VINT,"22 May 2019","London Academy",Sparta Day 22 May 2019.txt,32,100,25,52
EMILINE BOLDEROE,"25 April 2019","Birmingham Academy",Sparta Day 25 April 2019.txt,32,100,22,64
EMILY BARRAS,"30 July 2019","London Academy",Sparta Day 30 July 2019.txt,32,100,16,53
EMILY YON,"26 March 2019","London Academy",Sparta Day 26 March 2019.txt,32,100,23,51
EMMALEE PEAPLE,"13 November 2019","London Academy",Sparta Day 13 November 2019.txt,32,100,22,56
EMMALYNN VALENTETTI,"5 February 2019","London Academy",Sparta Day 5 February 2019.txt,32,100,19,57
EMMANUEL DENISKE,"15 August 2019","Birmingham Academy",Sparta Day 15 August 2019.txt,32,100,16,50
EMMET HEHNKE,"23 January 2019","London Academy",Sparta Day 23 January 2019.txt,32,100,20,42
EMMETT HYNSON,"27 February 2019","London Academy",Sparta Day 27 February 2019.txt,32,100,23,46
EMMETT STOGILL,"17 July 2019","London Academy",Sparta Day 17 July 2019.txt,32,100,19,51
EMMEY WADFORTH,"3 April 2019","London Academy",Sparta Day 3 April 2019.txt,32,100,20,54
EMMIE BELLISON,"7 March 2019","Birmingham Academy",Sparta Day 7 March 2019.txt,32,100,18,33
EMMY LUCKINGS,"2 January 2019","London Academy",Sparta Day 2 January 2019.txt,32,100,17,57
EMOGENE GROUVEL,"14 May 2019","London Academy",Sparta Day 14 May 2019.txt,32,100,19,56
EMYLE BYRTH,"26 November 2019","London Academy",Sparta Day 26 November 2019.txt,32,100,17,50
ENGELBERT PALATINO,"16 October 2019","London Academy",Sparta Day 16 October 2019.txt,32,100,24,64
ENGELBERT VAHL,"21 August 2019","London Academy",Sparta Day 21 August 2019.txt,32,100,26,50
ENGLEBERT HEDMAN,"16 October 2019","London Academy",Sparta Day 16 October 2019.txt,32,100,20,62
ENGLEBERT ORME,"24 September 2019","London Academy",Sparta Day 24 September 2019.txt,32,100,19,59
ENGRACIA ANDRIOLLI,"30 July 2019","London Academy",Sparta Day 30 July 2019.txt,32,100,20,58
ENGRACIA POLYCOTE,"4 September 2019","London Academy",Sparta Day 4 September 2019.txt,32,100,22,55
ENNIS BREINL,"2 July 2019","London Academy",Sparta Day 2 July 2019.txt,32,100,20,46
ENOCH BATTE,"7 February 2019","Birmingham Academy",Sparta Day 7 February 2019.txt,32,100,29,53
ENOCH BRIGG,"7 May 2019","London Academy",Sparta Day 7 May 2019.txt,32,100,20,63
ENRIQUE GARSIDE,"10 April 2019","London Academy",Sparta Day 10 April 2019.txt,32,100,19,57
ERAN CICCI,"13 February 2019","London Academy",Sparta Day 13 February 2019.txt,32,100,17,46
ERAN VARGA,"31 January 2019","Birmingham Academy",Sparta Day 31 January 2019.txt,32,100,13,57
ERASTUS MCELRATH,"14 August 2019","London Academy",Sparta Day 14 August 2019.txt,32,100,19,61
ERASTUS WENGER,"17 April 2019","London Academy",Sparta Day 17 April 2019.txt,32,100,18,43
ERDA LIDDEL,"6 August 2019","London Academy",Sparta Day 6 August 2019.txt,32,100,20,60
EREK CHADNEY,"19 September 2019","Birmingham Academy",Sparta Day 19 September 2019.txt,32,100,21,61
EREK O'DORAN,"18 September 2019","London Academy",Sparta Day 18 September 2019.txt,32,100,19,62
ERIC SPRITT,"20 June 2019","Birmingham Academy",Sparta Day 20 June 2019.txt,32,100,26,57
ERICA SOUGHTON,"19 December 2019","Birmingham Academy",Sparta Day 19 December 2019.txt,32,100,19,56
ERIK GERVAISE,"3 April 2019","London Academy",Sparta Day 3 April 2019.txt,32,100,15,53
ERINA STOCKAU,"16 July 2019","London Academy",Sparta Day 16 July 2019.txt,32,100,21,46
ERL HAMMOR,"14 August 2019","London Academy",Sparta Day 14 August 2019.txt,32,100,21,48
ERMENTRUDE LARROSA,"27 February 2019","London Academy",Sparta Day 27 February 2019.txt,32,100,18,56
ERMINA MITCHALL,"28 May 2019","London Academy",Sparta Day 28 May 2019.txt,32,100,13,54
ERNA MILNE,"4 September 2019","London Academy",Sparta Day 4 September 2019.txt,32,100,19,51
ERNESTUS CRILLEY,"20 November 2019","London Academy",Sparta Day 20 November 2019.txt,32,100,20,63
ERNIE PROSCHEK,"28 March 2019","Birmingham Academy",Sparta Day 28 March 2019.txt,32,100,25,62
ERNST GIDNEY,"9 January 2019","London Academy",Sparta Day 9 January 2019.txt,32,100,16,57
ERNY MOURANT,"26 September 2019","Birmingham Academy",Sparta Day 26 September 2019.txt,32,100,16,58
ERROL ALLDERIDGE,"7 May 2019","London Academy",Sparta Day 7 May 2019.txt,32,100,16,46
ERROLL CHAROPEN,"8 January 2019","London Academy",Sparta Day 8 January 2019.txt,32,100,12,52
ERTHA NUDDS,"25 April 2019","Birmingham Academy",Sparta Day 25 April 2019.txt,32,100,18,58
ERVIN ACOSTA,"26 June 2019","London Academy",Sparta Day 26 June 2019.txt,32,100,20,59
ERVIN JERCHE,"12 February 2019","London Academy",Sparta Day 12 February 2019.txt,32,100,22,53
ERYN LICENCE,"12 December 2019","Birmingham Academy",Sparta Day 12 December 2019.txt,32,100,17,57
ESDRAS PIRES,"13 June 2019","Birmingham Academy",Sparta Day 13 June 2019.txt,32,100,19,50
ESMARIA RAPP,"19 December 2019","Birmingham Academy",Sparta Day 19 December 2019.txt,32,100,21,55
ESME TRUSSLOVE,"10 April 2019","London Academy",Sparta Day 10 April 2019.txt,32,100,23,39
ESSY HAGGUS,"4 December 2019","London Academy",Sparta Day 4 December 2019.txt,32,100,20,50
ESTEBAN WARN,"2 January 2019","London Academy",Sparta Day 2 January 2019.txt,32,100,16,47
ESTELE PRESTER,"20 March 2019","London Academy",Sparta Day 20 March 2019.txt,32,100,23,50
ESTER FOLDES,"10 April 2019","London Academy",Sparta Day 10 April 2019.txt,32,100,23,48
ESTER MCTERRELLY,"11 July 2019","Birmingham Academy",Sparta Day 11 July 2019.txt,32,100,20,63
ESTEVAN BARTALINI,"21 August 2019","London Academy",Sparta Day 21 August 2019.txt,32,100,16,51
ETHAN BROOKWOOD,"8 October 2019","London Academy",Sparta Day 8 October 2019.txt,32,100,23,57
ETHELRED CARTMAN,"10 September 2019","London Academy",Sparta Day 10 September 2019.txt,32,100,24,52
ETTA WHITEMARSH,"29 May 2019","London Academy",Sparta Day 29 May 2019.txt,32,100,25,46
ETTORE ELPHEE,"2 May 2019","Birmingham Academy",Sparta Day 2 May 2019.txt,32,100,19,49
EUGEN BOGGS,"4 September 2019","London Academy",Sparta Day 4 September 2019.txt,32,100,19,54
EUGENE TOMLINSON,"8 October 2019","London Academy",Sparta Day 8 October 2019.txt,32,100,23,65
EUGENIE INNOCENTI,"12 March 2019","London Academy",Sparta Day 12 March 2019.txt,32,100,19,57
EUNICE MARGUERITE,"13 November 2019","London Academy",Sparta Day 13 November 2019.txt,32,100,17,55
EUPHEMIA FARGHER,"8 May 2019","London Academy",Sparta Day 8 May 2019.txt,32,100,20,50
EVANGELIN GORGES,"11 June 2019","London Academy",Sparta Day 11 June 2019.txt,32,100,22,66
EVANIA TOOMBS,"23 April 2019","London Academy",Sparta Day 23 April 2019.txt,32,100,16,46
EVELINA OWENS,"2 October 2019","London Academy",Sparta Day 2 October 2019.txt,32,100,19,63
EVELYN LUKASH,"16 October 2019","London Academy",Sparta Day 16 October 2019.txt,32,100,17,47
EVERED GIOVANIZIO,"4 July 2019","Birmingham Academy",Sparta Day 4 July 2019.txt,32,100,24,55
EVERETT O'CLERY,"20 November 2019","London Academy",Sparta Day 20 November 2019.txt,32,100,23,65
EVEY REISK,"23 May 2019","Birmingham Academy",Sparta Day 23 May 2019.txt,32,100,23,50
EVEY WHITELAND,"17 October 2019","Birmingham Academy",Sparta Day 17 October 2019.txt,32,100,17,55
EVIN BENNALLCK,"19 March 2019","London Academy",Sparta Day 19 March 2019.txt,32,100,18,65
EVIN DE ROECK,"17 July 2019","London Academy",Sparta Day 17 July 2019.txt,32,100,18,62
EVITA GISBY,"12 November 2019","London Academy",Sparta Day 12 November 2019.txt,32,100,21,55
EVVY ALLCOCK,"25 July 2019","Birmingham Academy",Sparta Day 25 July 2019.txt,32,100,22,64
EWARD STANYARD,"1 October 2019","London Academy",Sparta Day 1 October 2019.txt,32,100,20,48
EYDE BOUGHTON,"19 December 2019","Birmingham Academy",Sparta Day 19 December 2019.txt,32,100,20,64
EYDIE TANTON,"14 February 2019","Birmingham Academy",Sparta Day 14 February 2019.txt,32,100,23,53
EZEKIEL HIMSWORTH,"5 November 2019","London Academy",Sparta Day 5 November 2019.txt,32,100,15,54
EZEKIEL LEMERIE,"19 March 2019","London Academy",Sparta Day 19 March 2019.txt,32,100,21,57
EZEQUIEL COTSFORD,"17 October 2019","Birmingham Academy",Sparta Day 17 October 2019.txt,32,100,22,54
EZEQUIEL GUTCH,"28 March 2019","Birmingham Academy",Sparta Day 28 March 2019.txt,32,100,19,52
FABIAN DUNNET,"28 March 2019","Birmingham Academy",Sparta Day 28 March 2019.txt,32,100,23,43
FABIAN EXELL,"13 February 2019","London Academy",Sparta Day 13 February 2019.txt,32,100,25,60
FABIEN HARDAWAY,"5 February 2019","London Academy",Sparta Day 5 February 2019.txt,32,100,20,59
FABIO CATTEMULL,"17 October 2019","Birmingham Academy",Sparta Day 17 October 2019.txt,32,100,18,65
FABIO VEDISHCHEV,"7 May 2019","London Academy",Sparta Day 7 May 2019.txt,32,100,13,40
FAIR IVASHINTSOV,"19 December 2019","Birmingham Academy",Sparta Day 19 December 2019.txt,32,100,22,57
FAIR LUCIA,"31 October 2019","Birmingham Academy",Sparta Day 31 October 2019.txt,32,100,24,53
FAIRLIE COGZELL,"14 August 2019","London Academy",Sparta Day 14 August 2019.txt,32,100,24,54
FAN HEMBER,"4 July 2019","Birmingham Academy",Sparta Day 4 July 2019.txt,32,100,22,57
FANCIE COSTER,"25 June 2019","London Academy",Sparta Day 25 June 2019.txt,32,100,21,66
FANNI POLHILL,"28 August 2019","London Academy",Sparta Day 28 August 2019.txt,32,100,18,52
FANNIE MCGOOGAN,"7 February 2019","Birmingham Academy",Sparta Day 7 February 2019.txt,32,100,23,63
FAR LUBECK,"1 October 2019","London Academy",Sparta Day 1 October 2019.txt,32,100,18,52
FAR RAPI,"13 November 2019","London Academy",Sparta Day 13 November 2019.txt,32,100,22,53
FARAH ELY,"14 February 2019","Birmingham Academy",Sparta Day 14 February 2019.txt,32,100,15,61
FARAND ROTLAUF,"20 August 2019","London Academy",Sparta Day 20 August 2019.txt,32,100,18,56
FARICA HARDING,"19 June 2019","London Academy",Sparta Day 19 June 2019.txt,32,100,21,67
FARLAY PITMAN,"24 October 2019","Birmingham Academy",Sparta Day 24 October 2019.txt,32,100,25,58
FARLEE BAALHAM,"16 July 2019","London Academy",Sparta Day 16 July 2019.txt,32,100,20,66
FARLEE PETREN,"20 June 2019","Birmingham Academy",Sparta Day 20 June 2019.txt,32,100,24,63
FARLEY HEARNES,"20 March 2019","London Academy",Sparta Day 20 March 2019.txt,32,100,19,54
FARLEY NUCCITELLI,"22 January 2019","London Academy",Sparta Day 22 January 2019.txt,32,100,23,59
FARLIE BUKOWSKI,"5 November 2019","London Academy",Sparta Day 5 November 2019.txt,32,100,23,55
FARREL BERTL,"4 June 2019","London Academy",Sparta Day 4 June 2019.txt,32,100,16,56
FARRELL NORMINGTON,"3 January 2019","Birmingham Academy",Sparta Day 3 January 2019.txt,32,100,24,58
FARRIS GOGERTY,"6 March 2019","London Academy",Sparta Day 6 March 2019.txt,32,100,24,57
FAWNE KEEN,"12 December 2019","Birmingham Academy",Sparta Day 12 December 2019.txt,32,100,22,58
FAX SCHANKELBORG,"7 May 2019","London Academy",Sparta Day 7 May 2019.txt,32,100,25,50
FAX SOGG,"22 May 2019","London Academy",Sparta Day 22 May 2019.txt,32,100,23,52
FAY BEAUTYMAN,"29 May 2019","London Academy",Sparta Day 29 May 2019.txt,32,100,17,61
FAYETTE VATINI,"11 July 2019","Birmingham Academy",Sparta Day 11 July 2019.txt,32,100,18,42
FAYRE HELD,"28 August 2019","London Academy",Sparta Day 28 August 2019.txt,32,100,21,48
FAYRE SWADLINGE,"14 February 2019","Birmingham Academy",Sparta Day 14 February 2019.txt,32,100,20,55
FEE KARPE,"17 July 2019","London Academy",Sparta Day 17 July 2019.txt,32,100,19,53
FELECIA MCBLAIN,"16 January 2019","London Academy",Sparta Day 16 January 2019.txt,32,100,24,47
FELICE CULKIN,"18 April 2019","Birmingham Academy",Sparta Day 18 April 2019.txt,32,100,20,49
FELICIA ANNION,"18 April 2019","Birmingham Academy",Sparta Day 18 April 2019.txt,32,100,22,46
FELICIO BETJEMAN,"14 February 2019","Birmingham Academy",Sparta Day 14 February 2019.txt,32,100,13,50
FELICIO MCGILLIVRAY,"5 February 2019","London Academy",Sparta Day 5 February 2019.txt,32,100,20,55
FELICITY BIGGANS,"5 February 2019","London Academy",Sparta Day 5 February 2019.txt,32,100,19,57
FELICLE KOPS,"4 December 2019","London Academy",Sparta Day 4 December 2019.txt,32,100,16,56
FELITA JZHAKOV,"10 December 2019","London Academy",Sparta Day 10 December 2019.txt,32,100,22,59
FERD WALKDEN,"3 December 2019","London Academy",Sparta Day 3 December 2019.txt,32,100,26,57
FERDIE GLYNE,"27 March 2019","London Academy",Sparta Day 27 March 2019.txt,32,100,23,64
FERDIE MULLINGER,"3 October 2019","Birmingham Academy",Sparta Day 3 October 2019.txt,32,100,20,59
FERDINAND ADLARD,"29 October 2019","London Academy",Sparta Day 29 October 2019.txt,32,100,13,66
FERDINAND WHYBERD,"20 February 2019","London Academy",Sparta Day 20 February 2019.txt,32,100,22,54
FERDINANDE PAULINO,"28 May 2019","London Academy",Sparta Day 28 May 2019.txt,32,100,14,49
FERDY DOOTSON,"3 October 2019","Birmingham Academy",Sparta Day 3 October 2019.txt,32,100,17,54
FERNANDA HENDRICH,"6 June 2019","Birmingham Academy",Sparta Day 6 June 2019.txt,32,100,15,63
FERNANDO HOWCHIN,"12 September 2019","Birmingham Academy",Sparta Day 12 September 2019.txt,32,100,16,54
FERREL LISSANDRINI,"29 August 2019","Birmingham Academy",Sparta Day 29 August 2019.txt,32,100,17,65
FERRELL IACOBINI,"20 November 2019","London Academy",Sparta Day 20 November 2019.txt,32,100,22,62
FIANN PARMETER,"1 October 2019","London Academy",Sparta Day 1 October 2019.txt,32,100,23,52
FIDEL NORVAL,"19 June 2019","London Academy",Sparta Day 19 June 2019.txt,32,100,18,64
FIDELA DALLYWATER,"25 April 2019","Birmingham Academy",Sparta Day 25 April 2019.txt,32,100,20,58
FIFI KINGSLY,"26 September 2019","Birmingham Academy",Sparta Day 26 September 2019.txt,32,100,26,50
FIFINE WREIGHT,"7 May 2019","London Academy",Sparta Day 7 May 2019.txt,32,100,16,65
FILBERTO ANNIS,"16 May 2019","Birmingham Academy",Sparta Day 16 May 2019.txt,32,100,25,54
FILIDE ROONY,"10 December 2019","London Academy",Sparta Day 10 December 2019.txt,32,100,22,60
FIN LUNG,"28 November 2019","Birmingham Academy",Sparta Day 28 November 2019.txt,32,100,21,52
FINDLEY MCANDIE,"24 January 2019","Birmingham Academy",Sparta Day 24 January 2019.txt,32,100,27,49
FINLAY LEPICK,"28 May 2019","London Academy",Sparta Day 28 May 2019.txt,32,100,20,41
FINN MAASZE,"3 December 2019","London Academy",Sparta Day 3 December 2019.txt,32,100,25,63
FIONA GOODBODDY,"17 September 2019","London Academy",Sparta Day 17 September 2019.txt,32,100,16,50
FIONA SANDLE,"11 September 2019","London Academy",Sparta Day 11 September 2019.txt,32,100,17,60
FLEM CARY,"3 December 2019","London Academy",Sparta Day 3 December 2019.txt,32,100,23,56
FLEMING MCMURDO,"9 July 2019","London Academy",Sparta Day 9 July 2019.txt,32,100,22,62
FLEMING TAILLARD,"20 June 2019","Birmingham Academy",Sparta Day 20 June 2019.txt,32,100,15,53
FLETCHER AYLLETT,"20 February 2019","London Academy",Sparta Day 20 February 2019.txt,32,100,23,51
FLINT BAINE,"13 November 2019","London Academy",Sparta Day 13 November 2019.txt,32,100,19,35
FLO MCSPARRAN,"4 April 2019","Birmingham Academy",Sparta Day 4 April 2019.txt,32,100,19,47
FLORANCE DURRAM,"15 August 2019","Birmingham Academy",Sparta Day 15 August 2019.txt,32,100,17,39
FLORANCE NANN,"3 January 2019","Birmingham Academy",Sparta Day 3 January 2019.txt,32,100,18,62
FLORE DRAKE,"30 April 2019","London Academy",Sparta Day 30 April 2019.txt,32,100,24,42
FLORE MASDEN,"5 December 2019","Birmingham Academy",Sparta Day 5 December 2019.txt,32,100,25,57
FLORELLA BOAYS,"30 October 2019","London Academy",Sparta Day 30 October 2019.txt,32,100,19,62
FLORENCE JOSEPH,"24 April 2019","London Academy",Sparta Day 24 April 2019.txt,32,100,23,59
FLORI FAITHORN,"21 February 2019","Birmingham Academy",Sparta Day 21 February 2019.txt,32,100,20,59
FLORIA KEUNEMANN,"23 October 2019","London Academy",Sparta Day 23 October 2019.txt,32,100,23,56
FLORINA SUDLOW,"29 May 2019","London Academy",Sparta Day 29 May 2019.txt,32,100,24,64
FLORINDA BRABBAN,"22 January 2019","London Academy",Sparta Day 22 January 2019.txt,32,100,25,65
FLORINDA EAKLE,"6 November 2019","London Academy",Sparta Day 6 November 2019.txt,32,100,14,69
FLORIS RIZZETTI,"11 July 2019","Birmingham Academy",Sparta Day 11 July 2019.txt,32,100,22,51
FLORRI LOUGHTON,"1 August 2019","Birmingham Academy",Sparta Day 1 August 2019.txt,32,100,28,63
FLSS WHITTLE,"25 April 2019","Birmingham Academy",Sparta Day 25 April 2019.txt,32,100,14,59
FONS GHIOTTO,"16 July 2019","London Academy",Sparta Day 16 July 2019.txt,32,100,19,58
FONZ AVELINE,"28 August 2019","London Academy",Sparta Day 28 August 2019.txt,32,100,14,57
FONZ GRZEGORZEWICZ,"16 May 2019","Birmingham Academy",Sparta Day 16 May 2019.txt,32,100,16,48
FORBES FOLLOS,"26 March 2019","London Academy",Sparta Day 26 March 2019.txt,32,100,11,51
FORBES SCIMONI,"11 April 2019","Birmingham Academy",Sparta Day 11 April 2019.txt,32,100,16,54
FORD FELDHORN,"9 July 2019","London Academy",Sparta Day 9 July 2019.txt,32,100,19,48
FORSTER CLINES,"11 June 2019","London Academy",Sparta Day 11 June 2019.txt,32,100,18,60
FOSS DARYCOTT,"8 January 2019","London Academy",Sparta Day 8 January 2019.txt,32,100,22,56
FOSS TILIO,"25 September 2019","London Academy",Sparta Day 25 September 2019.txt,32,100,19,48
FOWLER CREWDSON,"12 March 2019","London Academy",Sparta Day 12 March 2019.txt,32,100,22,66
FRAN GEBBIE,"24 January 2019","Birmingham Academy",Sparta Day 24 January 2019.txt,32,100,20,66
FRANCISCO TEBBOTH,"7 May 2019","London Academy",Sparta Day 7 May 2019.txt,32,100,16,62
FRANCISKA DAVIDY,"30 January 2019","London Academy",Sparta Day 30 January 2019.txt,32,100,16,50
FRANCISKA KEZOR,"9 April 2019","London Academy",Sparta Day 9 April 2019.txt,32,100,20,60
FRANCISKUS LETHARDY,"27 March 2019","London Academy",Sparta Day 27 March 2019.txt,32,100,20,55
FRANCKLIN WARRINGTON,"25 June 2019","London Academy",Sparta Day 25 June 2019.txt,32,100,21,51
FRANCKLYN LEYNINYE,"24 July 2019","London Academy",Sparta Day 24 July 2019.txt,32,100,22,59
FRANCOIS EARENGEY,"19 March 2019","London Academy",Sparta Day 19 March 2019.txt,32,100,15,48
FRANK HALLWARD,"21 May 2019","London Academy",Sparta Day 21 May 2019.txt,32,100,17,48
FRANK TOLCHARD,"10 January 2019","Birmingham Academy",Sparta Day 10 January 2019.txt,32,100,18,50
FRANKIE BOSELEY,"2 July 2019","London Academy",Sparta Day 2 July 2019.txt,32,100,19,51
FRANKIE MABEE,"27 March 2019","London Academy",Sparta Day 27 March 2019.txt,32,100,22,55
FRANKLIN PURSHOUSE,"6 November 2019","London Academy",Sparta Day 6 November 2019.txt,32,100,15,43
FRANKLYN GILLMAN,"5 February 2019","London Academy",Sparta Day 5 February 2019.txt,32,100,15,47
FRANNIE DOBY,"5 March 2019","London Academy",Sparta Day 5 March 2019.txt,32,100,16,65
FRANZ THICKIN,"20 August 2019","London Academy",Sparta Day 20 August 2019.txt,32,100,25,49
FRANZEN IDDY,"20 March 2019","London Academy",Sparta Day 20 March 2019.txt,32,100,22,50
FRASCO EKKEL,"5 November 2019","London Academy",Sparta Day 5 November 2019.txt,32,100,20,58
FRASER HURNELL,"4 June 2019","London Academy",Sparta Day 4 June 2019.txt,32,100,20,52
FRASIER GREEDYER,"26 February 2019","London Academy",Sparta Day 26 February 2019.txt,32,100,18,51
FRAYDA CRICKMOOR,"28 November 2019","Birmingham Academy",Sparta Day 28 November 2019.txt,32,100,23,59
FRAZER TRAHMEL,"14 March 2019","Birmingham Academy",Sparta Day 14 March 2019.txt,32,100,19,57
FRAZIER BAYSTON,"29 August 2019","Birmingham Academy",Sparta Day 29 August 2019.txt,32,100,15,52
FREDDIE LUDLAM,"5 June 2019","London Academy",Sparta Day 5 June 2019.txt,32,100,16,52
FREDDIE SAMBER,"10 July 2019","London Academy",Sparta Day 10 July 2019.txt,32,100,26,71
FREDERICA KEHER,"5 February 2019","London Academy",Sparta Day 5 February 2019.txt,32,100,21,47
FREDIA BARNISH,"15 August 2019","Birmingham Academy",Sparta Day 15 August 2019.txt,32,100,21,44
FREDIA RUOS,"11 September 2019","London Academy",Sparta Day 11 September 2019.txt,32,100,17,64
FREDRICK CARVIL,"25 April 2019","Birmingham Academy",Sparta Day 25 April 2019.txt,32,100,18,53
FREDRICK GILLER,"5 November 2019","London Academy",Sparta Day 5 November 2019.txt,32,100,20,51
FREE NICHOLES,"7 May 2019","London Academy",Sparta Day 7 May 2019.txt,32,100,24,58
FREE SIMMGEN,"11 December 2019","London Academy",Sparta Day 11 December 2019.txt,32,100,15,56
FREEDMAN BIDDER,"22 May 2019","London Academy",Sparta Day 22 May 2019.txt,32,100,22,53
FREELAND HAWFORD,"2 October 2019","London Academy",Sparta Day 2 October 2019.txt,32,100,21,49
FREMONT OXLEE,"18 July 2019","Birmingham Academy",Sparta Day 18 July 2019.txt,32,100,23,51
FREMONT VICARY,"26 June 2019","London Academy",Sparta Day 26 June 2019.txt,32,100,25,59
FRIEDRICK HAWKEY,"19 September 2019","Birmingham Academy",Sparta Day 19 September 2019.txt,32,100,20,54
FRIEDRICK YEATES,"5 November 2019","London Academy",Sparta Day 5 November 2019.txt,32,100,19,60
GABBEY CAESMAN,"13 November 2019","London Academy",Sparta Day 13 November 2019.txt,32,100,18,61
GABBIE OVER,"4 April 2019","Birmingham Academy",Sparta Day 4 April 2019.txt,32,100,21,52
GABBY MAYOR,"2 October 2019","London Academy",Sparta Day 2 October 2019.txt,32,100,20,47
GABBY NEILSON,"13 March 2019","London Academy",Sparta Day 13 March 2019.txt,32,100,17,55
GABEY FISBBURNE,"15 January 2019","London Academy",Sparta Day 15 January 2019.txt,32,100,19,46
GABI FICE,"16 October 2019","London Academy",Sparta Day 16 October 2019.txt,32,100,22,55
GABI IVINS,"4 July 2019","Birmingham Academy",Sparta Day 4 July 2019.txt,32,100,21,59
GABIE MALETRATT,"5 March 2019","London Academy",Sparta Day 5 March 2019.txt,32,100,18,54
GABRIELLE CLAYAL,"14 February 2019","Birmingham Academy",Sparta Day 14 February 2019.txt,32,100,22,49
GABRILA CHASIER,"20 June 2019","Birmingham Academy",Sparta Day 20 June 2019.txt,32,100,22,60
GABRILA HEHIR,"5 February 2019","London Academy",Sparta Day 5 February 2019.txt,32,100,15,54
GAE CRUTCH,"7 March 2019","Birmingham Academy",Sparta Day 7 March 2019.txt,32,100,18,55
GAEL EICK,"7 May 2019","London Academy",Sparta Day 7 May 2019.txt,32,100,19,50
GAELAN CORDS,"11 July 2019","Birmingham Academy",Sparta Day 11 July 2019.txt,32,100,12,59
GAGE FEVERYEAR,"11 July 2019","Birmingham Academy",Sparta Day 11 July 2019.txt,32,100,19,63
GAGE VITTEL,"22 May 2019","London Academy",Sparta Day 22 May 2019.txt,32,100,27,56
GAIL BASSO,"2 October 2019","London Academy",Sparta Day 2 October 2019.txt,32,100,20,53
GAIL PAFFOT,"2 October 2019","London Academy",Sparta Day 2 October 2019.txt,32,100,22,66
GAILE CARPENTER,"30 October 2019","London Academy",Sparta Day 30 October 2019.txt,32,100,24,39
GAL WALLWOOD,"26 February 2019","London Academy",Sparta Day 26 February 2019.txt,32,100,19,59
GALE QUARTLEY,"13 August 2019","London Academy",Sparta Day 13 August 2019.txt,32,100,20,62
GAN SUERMEIER,"9 April 2019","London Academy",Sparta Day 9 April 2019.txt,32,100,19,48
GANNIE BAREHEAD,"1 May 2019","London Academy",Sparta Day 1 May 2019.txt,32,100,19,46
GANNIE LAMBERTESCHI,"13 February 2019","London Academy",Sparta Day 13 February 2019.txt,32,100,18,67
GANNY BRUMHAM,"19 March 2019","London Academy",Sparta Day 19 March 2019.txt,32,100,15,52
GANNY HOWCROFT,"22 January 2019","London Academy",Sparta Day 22 January 2019.txt,32,100,16,44
GAR SILL,"26 November 2019","London Academy",Sparta Day 26 November 2019.txt,32,100,16,59
GARALD BANASEVICH,"8 August 2019","Birmingham Academy",Sparta Day 8 August 2019.txt,32,100,27,57
GARDENER BOUNDEY,"10 October 2019","Birmingham Academy",Sparta Day 10 October 2019.txt,32,100,14,49
GARDIE CHARSLEY,"20 February 2019","London Academy",Sparta Day 20 February 2019.txt,32,100,20,55
GARDIE DAMSELL,"29 January 2019","London Academy",Sparta Day 29 January 2019.txt,32,100,21,64
GARDIE SWAYSLAND,"4 April 2019","Birmingham Academy",Sparta Day 4 April 2019.txt,32,100,23,60
GARDINER DI RUGGIERO,"7 February 2019","Birmingham Academy",Sparta Day 7 February 2019.txt,32,100,20,57
GARDNER ESTICK,"31 July 2019","London Academy",Sparta Day 31 July 2019.txt,32,100,22,60
GARDNER KIENLE,"9 January 2019","London Academy",Sparta Day 9 January 2019.txt,32,100,16,62
GARE HALPEN,"18 September 2019","London Academy",Sparta Day 18 September 2019.txt,32,100,20,43
GAREK MCTEAGUE,"21 February 2019","Birmingham Academy",Sparta Day 21 February 2019.txt,32,100,26,45
GARETH DE MICOLI,"29 August 2019","Birmingham Academy",Sparta Day 29 August 2019.txt,32,100,26,49
GAREY BISCHOP,"6 February 2019","London Academy",Sparta Day 6 February 2019.txt,32,100,16,56
GARNETTE ZANUSSII,"24 April 2019","London Academy",Sparta Day 24 April 2019.txt,32,100,21,51
GARRARD KEWARD,"10 September 2019","London Academy",Sparta Day 10 September 2019.txt,32,100,28,64
GARRARD YAKUNIN,"5 February 2019","London Academy",Sparta Day 5 February 2019.txt,32,100,15,46
GARRET PLEASAUNCE,"15 May 2019","London Academy",Sparta Day 15 May 2019.txt,32,100,20,55
GARRETT SPRULLS,"19 February 2019","London Academy",Sparta Day 19 February 2019.txt,32,100,16,60
GARRICK FAIRBANKS,"5 June 2019","London Academy",Sparta Day 5 June 2019.txt,32,100,11,51
GARRICK YAKOBOVICZ,"7 November 2019","Birmingham Academy",Sparta Day 7 November 2019.txt,32,100,21,59
GARROTT DEMAINE,"16 January 2019","London Academy",Sparta Day 16 January 2019.txt,32,100,19,58
GARRY NORNASELL,"5 November 2019","London Academy",Sparta Day 5 November 2019.txt,32,100,21,63
GARTH MESSAGER,"12 March 2019","London Academy",Sparta Day 12 March 2019.txt,32,100,22,51
GARVIN DRACEY,"16 January 2019","London Academy",Sparta Day 16 January 2019.txt,32,100,23,54
GARVIN IANIZZI,"15 May 2019","London Academy",Sparta Day 15 May 2019.txt,32,100,18,51
GARVY DINSDALE,"28 November 2019","Birmingham Academy",Sparta Day 28 November 2019.txt,32,100,24,51
GARWOOD MCMEEKIN,"12 September 2019","Birmingham Academy",Sparta Day 12 September 2019.txt,32,100,16,48
GARWOOD STROWAN,"20 August 2019","London Academy",Sparta Day 20 August 2019.txt,32,100,24,57
GASPAR MOIR,"13 November 2019","London Academy",Sparta Day 13 November 2019.txt,32,100,26,64
GASPARD ALVARO,"22 January 2019","London Academy",Sparta Day 22 January 2019.txt,32,100,20,50
GASPARD DUNN,"28 February 2019","Birmingham Academy",Sparta Day 28 February 2019.txt,32,100,21,59
GASPARO OVERILL,"27 March 2019","London Academy",Sparta Day 27 March 2019.txt,32,100,23,68
GASTON KUNC,"24 October 2019","Birmingham Academy",Sparta Day 24 October 2019.txt,32,100,15,63
GAULTIERO VELDSTRA,"12 December 2019","Birmingham Academy",Sparta Day 12 December 2019.txt,32,100,23,40
GAV MOLSON,"20 June 2019","Birmingham Academy",Sparta Day 20 June 2019.txt,32,100,20,49
GAV RANTOUL,"28 May 2019","London Academy",Sparta Day 28 May 2019.txt,32,100,13,50
GAVAN SOLTAN,"5 June 2019","London Academy",Sparta Day 5 June 2019.txt,32,100,22,55
GAVEN ECKFORD,"23 May 2019","Birmingham Academy",Sparta Day 23 May 2019.txt,32,100,16,57
GAVIN DOUGILL,"24 October 2019","Birmingham Academy",Sparta Day 24 October 2019.txt,32,100,14,52
GAVIN LACKEY,"14 February 2019","Birmingham Academy",Sparta Day 14 February 2019.txt,32,100,22,47
GAVIN LAMBREGTS,"21 August 2019","London Academy",Sparta Day 21 August 2019.txt,32,100,26,71
GAVIN SIDES,"26 March 2019","London Academy",Sparta Day 26 March 2019.txt,32,100,24,62
GAWEN MURRICANES,"30 May 2019","Birmingham Academy",Sparta Day 30 May 2019.txt,32,100,21,52
GAYEL MEINEKING,"29 January 2019","London Academy",Sparta Day 29 January 2019.txt,32,100,19,55
GAYLA BOWNAS,"3 April 2019","London Academy",Sparta Day 3 April 2019.txt,32,100,18,60
GAYLE GEALLE,"9 July 2019","London Academy",Sparta Day 9 July 2019.txt,32,100,23,48
GAYLE VINSEN,"6 March 2019","London Academy",Sparta Day 6 March 2019.txt,32,100,23,55
GAYLEEN PETRU,"14 August 2019","London Academy",Sparta Day 14 August 2019.txt,32,100,19,55
GAYLOR WILDBLOOD,"21 May 2019","London Academy",Sparta Day 21 May 2019.txt,32,100,18,67
GAYLORD ALLEWAY,"6 March 2019","London Academy",Sparta Day 6 March 2019.txt,32,100,22,59
GEARARD SLEGG,"19 March 2019","London Academy",Sparta Day 19 March 2019.txt,32,100,19,66
GELYA PYSON,"17 January 2019","Birmingham Academy",Sparta Day 17 January 2019.txt,32,100,23,54
GENA HUMBLES,"29 August 2019","Birmingham Academy",Sparta Day 29 August 2019.txt,32,100,16,58
GENA TRUSTRIE,"17 September 2019","London Academy",Sparta Day 17 September 2019.txt,32,100,22,46
GENE LEVENS,"24 September 2019","London Academy",Sparta Day 24 September 2019.txt,32,100,23,66
GENE PRATTY,"14 March 2019","Birmingham Academy",Sparta Day 14 March 2019.txt,32,100,27,48
GENEVA BELDON,"27 November 2019","London Academy",Sparta Day 27 November 2019.txt,32,100,17,50
GENEVA WINSCOMB,"29 August 2019","Birmingham Academy",Sparta Day 29 August 2019.txt,32,100,12,54
GENNIE DAVIDESCU,"7 March 2019","Birmingham Academy",Sparta Day 7 March 2019.txt,32,100,27,49
GENNY ZANIOLETTI,"6 August 2019","London Academy",Sparta Day 6 August 2019.txt,32,100,13,52
GENOVERA MATTEK,"12 December 2019","Birmingham Academy",Sparta Day 12 December 2019.txt,32,100,21,54
GENVIEVE ARNKE,"22 August 2019","Birmingham Academy",Sparta Day 22 August 2019.txt,32,100,24,52
GEORG BATTMAN,"26 February 2019","London Academy",Sparta Day 26 February 2019.txt,32,100,24,60
GEORGE HUCKSTEPP,"6 August 2019","London Academy",Sparta Day 6 August 2019.txt,32,100,15,61
GEORGE O'DUANE,"6 August 2019","London Academy",Sparta Day 6 August 2019.txt,32,100,17,50
GEORGENA TCHAIKOVSKY,"30 July 2019","London Academy",Sparta Day 30 July 2019.txt,32,100,22,49
GEORGETTE GIACOMO,"18 June 2019","London Academy",Sparta Day 18 June 2019.txt,32,100,21,56
GEORGIE PEREL,"17 January 2019","Birmingham Academy",Sparta Day 17 January 2019.txt,32,100,25,51
GERALDINE PINNOCKE,"14 February 2019","Birmingham Academy",Sparta Day 14 February 2019.txt,32,100,22,69
GERDA YUILLE,"17 December 2019","London Academy",Sparta Day 17 December 2019.txt,32,100,20,59
GERHARD MCGRATH,"31 January 2019","Birmingham Academy",Sparta Day 31 January 2019.txt,32,100,25,62
GERIANNE BAGGE,"16 May 2019","Birmingham Academy",Sparta Day 16 May 2019.txt,32,100,16,58
GERIANNE CHRISTOFOROU,"13 June 2019","Birmingham Academy",Sparta Day 13 June 2019.txt,32,100,25,50
GERLADINA GANNON,"27 June 2019","Birmingham Academy",Sparta Day 27 June 2019.txt,32,100,22,49
GERLADINA REYNOLDS,"30 October 2019","London Academy",Sparta Day 30 October 2019.txt,32,100,21,45
GERMAINE KITCHENSIDE,"2 July 2019","London Academy",Sparta Day 2 July 2019.txt,32,100,29,49
GERRIE DOMENGET,"12 December 2019","Birmingham Academy",Sparta Day 12 December 2019.txt,32,100,16,66
GERT BUFFERY,"23 May 2019","Birmingham Academy",Sparta Day 23 May 2019.txt,32,100,21,48
GERTA LEONARDS,"25 September 2019","London Academy",Sparta Day 25 September 2019.txt,32,100,19,67
GERTRUD NIND,"12 February 2019","London Academy",Sparta Day 12 February 2019.txt,32,100,23,53
GERTRUDA SYDDIE,"12 December 2019","Birmingham Academy",Sparta Day 12 December 2019.txt,32,100,24,53
GERTRUDIS BALHATCHET,"4 December 2019","London Academy",Sparta Day 4 December 2019.txt,32,100,18,49
GERY BECKENHAM,"6 June 2019","Birmingham Academy",Sparta Day 6 June 2019.txt,32,100,21,50
GERY MARCHMENT,"11 September 2019","London Academy",Sparta Day 11 September 2019.txt,32,100,19,50
GERY TILIO,"2 October 2019","London Academy",Sparta Day 2 October 2019.txt,32,100,17,45
GIACOPO KYNDRED,"26 November 2019","London Academy",Sparta Day 26 November 2019.txt,32,100,15,61
GIANINA BESSENT,"17 April 2019","London Academy",Sparta Day 17 April 2019.txt,32,100,25,56
GIANINA SHEVELIN,"11 December 2019","London Academy",Sparta Day 11 December 2019.txt,32,100,14,51
GIANINA WANDLESS,"5 December 2019","Birmingham Academy",Sparta Day 5 December 2019.txt,32,100,24,64
GIANNA CLEVELY,"1 August 2019","Birmingham Academy",Sparta Day 1 August 2019.txt,32,100,16,61
GIANNI DECROIX,"13 June 2019","Birmingham Academy",Sparta Day 13 June 2019.txt,32,100,22,46
GIB KROL,"4 December 2019","London Academy",Sparta Day 4 December 2019.txt,32,100,16,63
GIBBIE CREYKE,"8 October 2019","London Academy",Sparta Day 8 October 2019.txt,32,100,20,56
GIFF DUKES,"26 November 2019","London Academy",Sparta Day 26 November 2019.txt,32,100,22,71
GIFFORD BUFFEY,"15 August 2019","Birmingham Academy",Sparta Day 15 August 2019.txt,32,100,25,40
GIFFORD GANTER,"18 September 2019","London Academy",Sparta Day 18 September 2019.txt,32,100,23,59
GIGI LAYNE,"5 November 2019","London Academy",Sparta Day 5 November 2019.txt,32,100,13,57
GILBERT GULC,"29 August 2019","Birmingham Academy",Sparta Day 29 August 2019.txt,32,100,19,45
GILBERTINE ASSAF,"3 January 2019","Birmingham Academy",Sparta Day 3 January 2019.txt,32,100,18,57
GILBERTINE MATTEONI,"2 May 2019","Birmingham Academy",Sparta Day 2 May 2019.txt,32,100,26,50
GILBERTINE OLIVETTI,"2 July 2019","London Academy",Sparta Day 2 July 2019.txt,32,100,23,41
GILBURT CHAMNEY,"2 May 2019","Birmingham Academy",Sparta Day 2 May 2019.txt,32,100,22,65
GILES DE ANGELIS,"10 April 2019","London Academy",Sparta Day 10 April 2019.txt,32,100,23,52
GILLAN ROSENDORF,"23 April 2019","London Academy",Sparta Day 23 April 2019.txt,32,100,18,66
GILLIE MCAULIFFE,"27 February 2019","London Academy",Sparta Day 27 February 2019.txt,32,100,17,57
GINA LEVENS,"9 July 2019","London Academy",Sparta Day 9 July 2019.txt,32,100,24,39
GINEVRA KOPS,"1 October 2019","London Academy",Sparta Day 1 October 2019.txt,32,100,21,52
GINEVRA PAICE,"18 June 2019","London Academy",Sparta Day 18 June 2019.txt,32,100,16,59
GIORGIO PILLER,"22 January 2019","London Academy",Sparta Day 22 January 2019.txt,32,100,21,60
GIPSY SERES,"17 December 2019","London Academy",Sparta Day 17 December 2019.txt,32,100,22,54
GIRALDA SLOSS,"5 December 2019","Birmingham Academy",Sparta Day 5 December 2019.txt,32,100,24,47
GIRAUD CASTARD,"6 February 2019","London Academy",Sparta Day 6 February 2019.txt,32,100,23,33
GISELA AISBETT,"15 August 2019","Birmingham Academy",Sparta Day 15 August 2019.txt,32,100,19,60
GISELA ANDREA,"29 October 2019","London Academy",Sparta Day 29 October 2019.txt,32,100,15,54
GISELA SCHACHTER,"11 June 2019","London Academy",Sparta Day 11 June 2019.txt,32,100,20,65
GISELBERT SCARBOROUGH,"22 October 2019","London Academy",Sparta Day 22 October 2019.txt,32,100,23,52
GISELE BEETHAM,"25 July 2019","Birmingham Academy",Sparta Day 25 July 2019.txt,32,100,20,50
GIULIETTA CREADY,"6 February 2019","London Academy",Sparta Day 6 February 2019.txt,32,100,12,57
GIULIETTA DISSMAN,"25 June 2019","London Academy",Sparta Day 25 June 2019.txt,32,100,19,62
GIUSEPPE COBBIN,"17 December 2019","London Academy",Sparta Day 17 December 2019.txt,32,100,14,50
GIUSTINA CATFORD,"6 June 2019","Birmingham Academy",Sparta Day 6 June 2019.txt,32,100,19,55
GLADYS ROOTE,"6 March 2019","London Academy",Sparta Day 6 March 2019.txt,32,100,23,58
GLEDA GIACOMOZZO,"29 October 2019","London Academy",Sparta Day 29 October 2019.txt,32,100,14,53
GLEN LILLO,"19 March 2019","London Academy",Sparta Day 19 March 2019.txt,32,100,19,49
GLEN SPUNER,"27 February 2019","London Academy",Sparta Day 27 February 2019.txt,32,100,23,63
GLENN COAKER,"28 March 2019","Birmingham Academy",Sparta Day 28 March 2019.txt,32,100,20,59
GLORIA HAZLEHURST,"9 May 2019","Birmingham Academy",Sparta Day 9 May 2019.txt,32,100,22,55
GLYNDA CANCELLARIO,"11 September 2019","London Academy",Sparta Day 11 September 2019.txt,32,100,21,48
GLYNNIS WICKEN,"10 September 2019","London Academy",Sparta Day 10 September 2019.txt,32,100,26,50
GODFREY MCALPINE,"23 May 2019","Birmingham Academy",Sparta Day 23 May 2019.txt,32,100,17,49
GODFRY SEPHTON,"19 December 2019","Birmingham Academy",Sparta Day 19 December 2019.txt,32,100,23,67
GODIVA ANDREW,"9 October 2019","London Academy",Sparta Day 9 October 2019.txt,32,100,19,46
GODWIN ROLOFF,"14 February 2019","Birmingham Academy",Sparta Day 14 February 2019.txt,32,100,13,59
GONZALO DANNIELL,"17 April 2019","London Academy",Sparta Day 17 April 2019.txt,32,100,22,50
GOOBER SULLY,"24 January 2019","Birmingham Academy",Sparta Day 24 January 2019.txt,32,100,20,46
GORAN ETON,"16 January 2019","London Academy",Sparta Day 16 January 2019.txt,32,100,23,60
GORDAN DELGADILLO,"3 October 2019","Birmingham Academy",Sparta Day 3 October 2019.txt,32,100,15,63
GRADEIGH HAMBLIN,"16 July 2019","London Academy",Sparta Day 16 July 2019.txt,32,100,17,60
GRADEIGH STARIE,"21 May 2019","London Academy",Sparta Day 21 May 2019.txt,32,100,20,46
GRADEY CONNOR,"17 April 2019","London Academy",Sparta Day 17 April 2019.txt,32,100,22,54
GRADY ROMEO,"2 April 2019","London Academy",Sparta Day 2 April 2019.txt,32,100,15,51
GRAEHME SEAMER,"30 October 2019","London Academy",Sparta Day 30 October 2019.txt,32,100,20,52
GRANGER CARAYOL,"28 May 2019","London Academy",Sparta Day 28 May 2019.txt,32,100,22,51
GRANT HASNEY,"25 July 2019","Birmingham Academy",Sparta Day 25 July 2019.txt,32,100,23,48
GRANT KILBAN,"10 July 2019","London Academy",Sparta Day 10 July 2019.txt,32,100,22,59
GRANTHEM LONG,"5 June 2019","London Academy",Sparta Day 5 June 2019.txt,32,100,22,57
GRANVILLE SLAD,"4 December 2019","London Academy",Sparta Day 4 December 2019.txt,32,100,19,50
GRAY EADMEADS,"2 May 2019","Birmingham Academy",Sparta Day 2 May 2019.txt,32,100,21,57
GRAYCE AIM,"10 July 2019","London Academy",Sparta Day 10 July 2019.txt,32,100,16,49
GRAYCE CINNAMOND,"27 August 2019","London Academy",Sparta Day 27 August 2019.txt,32,100,19,44
GRAZIA MACGINNEY,"18 September 2019","London Academy",Sparta Day 18 September 2019.txt,32,100,23,56
GRIS BRAME,"14 August 2019","London Academy",Sparta Day 14 August 2019.txt,32,100,16,55
GUI GRAINE,"10 January 2019","Birmingham Academy",Sparta Day 10 January 2019.txt,32,100,17,57
GUIDO ALLANS,"10 December 2019","London Academy",Sparta Day 10 December 2019.txt,32,100,16,57
GUIDO LASSELLS,"13 June 2019","Birmingham Academy",Sparta Day 13 June 2019.txt,32,100,23,60
GUILBERT LEET,"2 October 2019","London Academy",Sparta Day 2 October 2019.txt,32,100,21,50
GUILLAUME RUBURY,"11 September 2019","London Academy",Sparta Day 11 September 2019.txt,32,100,19,41
GUILLEMETTE FIBBIT,"23 April 2019","London Academy",Sparta Day 23 April 2019.txt,32,100,22,48
GUILLERMO RIHA,"15 January 2019","London Academy",Sparta Day 15 January 2019.txt,32,100,20,60
GUINNA GARFORD,"17 April 2019","London Academy",Sparta Day 17 April 2019.txt,32,100,17,50
GUN BURKITT,"25 September 2019","London Academy",Sparta Day 25 September 2019.txt,32,100,22,57
GUN CARGILL,"21 March 2019","Birmingham Academy",Sparta Day 21 March 2019.txt,32,100,20,57
GUNILLA DAVIDI,"24 April 2019","London Academy",Sparta Day 24 April 2019.txt,32,100,19,57
GUNILLA LUCKEN,"19 December 2019","Birmingham Academy",Sparta Day 19 December 2019.txt,32,100,24,55
GUNTER CATTO,"3 April 2019","London Academy",Sparta Day 3 April 2019.txt,32,100,23,49
GUNTER MARZELLANO,"10 April 2019","London Academy",Sparta Day 10 April 2019.txt,32,100,23,63
GUNTER YOKLEY,"7 May 2019","London Academy",Sparta Day 7 May 2019.txt,32,100,20,58
GUS TRENOUTH,"6 August 2019","London Academy",Sparta Day 6 August 2019.txt,32,100,22,42
GUSS TACON,"25 July 2019","Birmingham Academy",Sparta Day 25 July 2019.txt,32,100,12,61
GUSSI PATTRICK,"9 May 2019","Birmingham Academy",Sparta Day 9 May 2019.txt,32,100,21,59
GUSSY MATHIAS,"6 February 2019","London Academy",Sparta Day 6 February 2019.txt,32,100,15,51
GUSSY STOVING,"3 December 2019","London Academy",Sparta Day 3 December 2019.txt,32,100,19,54
GUSTA KLAGGES,"18 December 2019","London Academy",Sparta Day 18 December 2019.txt,32,100,24,56
GUSTAF LUDE,"16 January 2019","London Academy",Sparta Day 16 January 2019.txt,32,100,20,51
GUSTAVO BAROK,"4 December 2019","London Academy",Sparta Day 4 December 2019.txt,32,100,26,52
GUSTI HORROD,"27 August 2019","London Academy",Sparta Day 27 August 2019.txt,32,100,17,59
GUSTY BEEVENS,"10 April 2019","London Academy",Sparta Day 10 April 2019.txt,32,100,22,42
GUTHRIE KLEBES,"23 April 2019","London Academy",Sparta Day 23 April 2019.txt,32,100,24,53
GWYN BAVERSOR,"3 January 2019","Birmingham Academy",Sparta Day 3 January 2019.txt,32,100,24,52
HAD VEAZEY,"18 September 2019","London Academy",Sparta Day 18 September 2019.txt,32,100,24,59
HADRIAN CORNAU,"12 June 2019","London Academy",Sparta Day 12 June 2019.txt,32,100,22,49
HAILY TOMKINS,"5 February 2019","London Academy",Sparta Day 5 February 2019.txt,32,100,18,48
HAKEEM IVERMEE,"19 February 2019","London Academy",Sparta Day 19 February 2019.txt,32,100,23,52
HALE GODBALD,"19 June 2019","London Academy",Sparta Day 19 June 2019.txt,32,100,12,65
HALE LAZARE,"7 November 2019","Birmingham Academy",Sparta Day 7 November 2019.txt,32,100,22,46
HALE SEVERNS,"31 October 2019","Birmingham Academy",Sparta Day 31 October 2019.txt,32,100,20,55
HALEY CHMIEL,"11 December 2019","London Academy",Sparta Day 11 December 2019.txt,32,100,15,42
HALLI PURCELL,"29 January 2019","London Academy",Sparta Day 29 January 2019.txt,32,100,17,66
HALLIE BENTKE,"12 November 2019","London Academy",Sparta Day 12 November 2019.txt,32,100,22,49
HALLIE ROBBEKE,"24 January 2019","Birmingham Academy",Sparta Day 24 January 2019.txt,32,100,21,51
HALSEY BROADER,"1 May 2019","London Academy",Sparta Day 1 May 2019.txt,32,100,26,67
HALSY HURSTHOUSE,"6 March 2019","London Academy",Sparta Day 6 March 2019.txt,32,100,23,61
HAMILTON GODBEHERE,"20 March 2019","London Academy",Sparta Day 20 March 2019.txt,32,100,19,58
HANNAH MESSUM,"29 August 2019","Birmingham Academy",Sparta Day 29 August 2019.txt,32,100,21,56
HANNI KATT,"20 June 2019","Birmingham Academy",Sparta Day 20 June 2019.txt,32,100,26,51
HARALD MABSON,"3 July 2019","London Academy",Sparta Day 3 July 2019.txt,32,100,26,48
HARLENE BRYMNER,"23 May 2019","Birmingham Academy",Sparta Day 23 May 2019.txt,32,100,21,51
HARMON CHASEMORE,"9 April 2019","London Academy",Sparta Day 9 April 2019.txt,32,100,19,47
HARMON JAGGI,"4 April 2019","Birmingham Academy",Sparta Day 4 April 2019.txt,32,100,20,56
HARMONIA WINSPARE,"4 July 2019","Birmingham Academy",Sparta Day 4 July 2019.txt,32,100,21,58
HAROUN DOWBER,"4 July 2019","Birmingham Academy",Sparta Day 4 July 2019.txt,32,100,15,47
HAROUN MCCROHON,"18 April 2019","Birmingham Academy",Sparta Day 18 April 2019.txt,32,100,19,57
HARPER ARMELL,"30 April 2019","London Academy",Sparta Day 30 April 2019.txt,32,100,26,50
HARRI HEINSCHKE,"18 December 2019","London Academy",Sparta Day 18 December 2019.txt,32,100,18,56
HARRIE CHATIN,"10 December 2019","London Academy",Sparta Day 10 December 2019.txt,32,100,22,69
HARRIETT SAFFIN,"28 August 2019","London Academy",Sparta Day 28 August 2019.txt,32,100,16,58
HARRIETTA BUTEN,"11 September 2019","London Academy",Sparta Day 11 September 2019.txt,32,100,23,53
HARRIOT TOLCHARD,"5 November 2019","London Academy",Sparta Day 5 November 2019.txt,32,100,17,52
HARRISON FILBY,"24 July 2019","London Academy",Sparta Day 24 July 2019.txt,32,100,23,48
HARRISON MACNAMEE,"12 March 2019","London Academy",Sparta Day 12 March 2019.txt,32,100,17,59
HARRY ORCAS,"2 January 2019","London Academy",Sparta Day 2 January 2019.txt,32,100,20,56
HARTWELL CANDWELL,"28 May 2019","London Academy",Sparta Day 28 May 2019.txt,32,100,19,60
HARTWELL JEWESS,"4 June 2019","London Academy",Sparta Day 4 June 2019.txt,32,100,22,63
HARTWELL SILVER,"30 July 2019","London Academy",Sparta Day 30 July 2019.txt,32,100,18,59
HARWILLL POWNALL,"19 February 2019","London Academy",Sparta Day 19 February 2019.txt,32,100,16,52
HARWILLL WEILDISH,"9 October 2019","London Academy",Sparta Day 9 October 2019.txt,32,100,14,64
HASHIM JOLLYE,"20 November 2019","London Academy",Sparta Day 20 November 2019.txt,32,100,16,59
HASKEL OLDROYDE,"29 May 2019","London Academy",Sparta Day 29 May 2019.txt,32,100,19,51
HASKELL MCDONNELL,"6 March 2019","London Academy",Sparta Day 6 March 2019.txt,32,100,16,58
HASLETT STEET,"7 August 2019","London Academy",Sparta Day 7 August 2019.txt,32,100,22,61
HASTIE HANTUSCH,"17 July 2019","London Academy",Sparta Day 17 July 2019.txt,32,100,16,55
HASTINGS FLOWER,"17 September 2019","London Academy",Sparta Day 17 September 2019.txt,32,100,28,48
HATTIE DULLARD,"5 June 2019","London Academy",Sparta Day 5 June 2019.txt,32,100,24,50
HATTY KINNER,"23 October 2019","London Academy",Sparta Day 23 October 2019.txt,32,100,20,52
HAYWARD MACDUNLEAVY,"24 April 2019","London Academy",Sparta Day 24 April 2019.txt,32,100,28,57
HAYWOOD SANDEFORD,"4 April 2019","Birmingham Academy",Sparta Day 4 April 2019.txt,32,100,22,47
HAYWOOD TEAGER,"3 July 2019","London Academy",Sparta Day 3 July 2019.txt,32,100,25,54
HAZE CHILDES,"22 October 2019","London Academy",Sparta Day 22 October 2019.txt,32,100,18,54
HAZEL BOYACK,"24 April 2019","London Academy",Sparta Day 24 April 2019.txt,32,100,22,69
HEBERT BUBBINS,"18 December 2019","London Academy",Sparta Day 18 December 2019.txt,32,100,22,47
HEDDI VERNAY,"22 October 2019","London Academy",Sparta Day 22 October 2019.txt,32,100,15,54
HEDWIG ALBUTT,"29 May 2019","London Academy",Sparta Day 29 May 2019.txt,32,100,22,59
HEDY CULLINANE,"22 August 2019","Birmingham Academy",Sparta Day 22 August 2019.txt,32,100,21,48
HEIDA COSSOM,"3 October 2019","Birmingham Academy",Sparta Day 3 October 2019.txt,32,100,17,67
HEIDIE BAROCK,"9 January 2019","London Academy",Sparta Day 9 January 2019.txt,32,100,24,49
HEIDIE ZANETTO,"12 November 2019","London Academy",Sparta Day 12 November 2019.txt,32,100,19,53
HEINDRICK KEAY,"7 March 2019","Birmingham Academy",Sparta Day 7 March 2019.txt,32,100,22,56
HEINDRICK MCKIDDIN,"16 May 2019","Birmingham Academy",Sparta Day 16 May 2019.txt,32,100,25,58
HEINRIK ALLWELL,"8 August 2019","Birmingham Academy",Sparta Day 8 August 2019.txt,32,100,22,51
HELENA SWIRE,"18 June 2019","London Academy",Sparta Day 18 June 2019.txt,32,100,24,63
HELYN SAHNOW,"11 September 2019","London Academy",Sparta Day 11 September 2019.txt,32,100,16,67
HENDRICK SKELLON,"18 December 2019","London Academy",Sparta Day 18 December 2019.txt,32,100,23,64
HENDRIKA MACLEOD,"29 October 2019","London Academy",Sparta Day 29 October 2019.txt,32,100,17,55
HENRIETA CHATTO,"4 July 2019","Birmingham Academy",Sparta Day 4 July 2019.txt,32,100,22,50
HENRIK MOTT,"19 March 2019","London Academy",Sparta Day 19 March 2019.txt,32,100,19,56
HENRYETTA ALLWELL,"27 February 2019","London Academy",Sparta Day 27 February 2019.txt,32,100,17,60
HERB GILARDI,"28 February 2019","Birmingham Academy",Sparta Day 28 February 2019.txt,32,100,19,48
HERB MCILMORIE,"8 August 2019","Birmingham Academy",Sparta Day 8 August 2019.txt,32,100,22,53
HERBY GLADDOR,"23 May 2019","Birmingham Academy",Sparta Day 23 May 2019.txt,32,100,19,46
HERBY TOMAINI,"14 May 2019","London Academy",Sparta Day 14 May 2019.txt,32,100,22,64
HERMANN CASER,"26 February 2019","London Academy",Sparta Day 26 February 2019.txt,32,100,18,60
HERMANN CUDDE,"26 September 2019","Birmingham Academy",Sparta Day 26 September 2019.txt,32,100,17,60
HERMIA VITTE,"19 March 2019","London Academy",Sparta Day 19 March 2019.txt,32,100,24,47
HERMIE LASSELL,"17 December 2019","London Academy",Sparta Day 17 December 2019.txt,32,100,24,49
HERMINA BOAR,"26 September 2019","Birmingham Academy",Sparta Day 26 September 2019.txt,32,100,18,61
HERMINIA BRETTEL,"13 February 2019","London Academy",Sparta Day 13 February 2019.txt,32,100,22,57
HERMIONE TOMSETT,"28 May 2019","London Academy",Sparta Day 28 May 2019.txt,32,100,13,41
HERMIONE TUME,"13 February 2019","London Academy",Sparta Day 13 February 2019.txt,32,100,17,48
HERMY WITHERBY,"7 February 2019","Birmingham Academy",Sparta Day 7 February 2019.txt,32,100,18,58
HERNANDO GUAGE,"2 January 2019","London Academy",Sparta Day 2 January 2019.txt,32,100,17,53
HEROLD DIONISETTO,"30 April 2019","London Academy",Sparta Day 30 April 2019.txt,32,100,21,63
HEROLD PRUDHAM,"6 June 2019","Birmingham Academy",Sparta Day 6 June 2019.txt,32,100,20,62
HERRICK RIXON,"20 November 2019","London Academy",Sparta Day 20 November 2019.txt,32,100,21,50
HERSCH HOLBURN,"18 December 2019","London Academy",Sparta Day 18 December 2019.txt,32,100,20,53
HERSH BRAMO,"24 April 2019","London Academy",Sparta Day 24 April 2019.txt,32,100,17,64
HERTA STAINER,"4 September 2019","London Academy",Sparta Day 4 September 2019.txt,32,100,19,59
HERVEY CLIMER,"18 April 2019","Birmingham Academy",Sparta Day 18 April 2019.txt,32,100,22,59
HETTI BEACH,"23 January 2019","London Academy",Sparta Day 23 January 2019.txt,32,100,21,52
HEWET DERWIN,"11 July 2019","Birmingham Academy",Sparta Day 11 July 2019.txt,32,100,25,62
HEWETT LAMPUTT,"13 August 2019","London Academy",Sparta Day 13 August 2019.txt,32,100,21,54
HI MATHERSON,"12 September 2019","Birmingham Academy",Sparta Day 12 September 2019.txt,32,100,23,42
HI ROMKE,"12 December 2019","Birmingham Academy",Sparta Day 12 December 2019.txt,32,100,13,48
HI TEE,"30 January 2019","London Academy",Sparta Day 30 January 2019.txt,32,100,23,60
HILARIUS ZYWICKI,"19 February 2019","London Academy",Sparta Day 19 February 2019.txt,32,100,23,62
HILARY FOXEN,"6 February 2019","London Academy",Sparta Day 6 February 2019.txt,32,100,20,53
HILARY WILLMORE,"1 August 2019","Birmingham Academy",Sparta Day 1 August 2019.txt,32,100,19,51
HILDA WINKETT,"10 April 2019","London Academy",Sparta Day 10 April 2019.txt,32,100,25,69
HILDAGARDE CHURCHLOW,"13 February 2019","London Academy",Sparta Day 13 February 2019.txt,32,100,23,62
HILDY LANDRE,"8 August 2019","Birmingham Academy",Sparta Day 8 August 2019.txt,32,100,21,56
HILDY TODD,"17 October 2019","Birmingham Academy",Sparta Day 17 October 2019.txt,32,100,15,49
HILL TIPLADY,"3 July 2019","London Academy",Sparta Day 3 July 2019.txt,32,100,28,56
HILLARY THOULESS,"11 September 2019","London Academy",Sparta Day 11 September 2019.txt,32,100,23,54
HILLEL CONNECHIE,"7 February 2019","Birmingham Academy",Sparta Day 7 February 2019.txt,32,100,18,57
HILLERY HUNNICUTT,"2 January 2019","London Academy",Sparta Day 2 January 2019.txt,32,100,18,43
HILLIARD BROCKETT,"5 June 2019","London Academy",Sparta Day 5 June 2019.txt,32,100,23,66
HILLIARD REINARD,"18 July 2019","Birmingham Academy",Sparta Day 18 July 2019.txt,32,100,26,67
HILLIARD TRUSSE,"18 June 2019","London Academy",Sparta Day 18 June 2019.txt,32,100,22,39
HILTON VEDSTRA,"5 November 2019","London Academy",Sparta Day 5 November 2019.txt,32,100,15,50
HINZE TREAT,"23 January 2019","London Academy",Sparta Day 23 January 2019.txt,32,100,23,68
HOBARD GAYNES,"10 October 2019","Birmingham Academy",Sparta Day 10 October 2019.txt,32,100,23,67
HOBART CALDEYROUX,"26 March 2019","London Academy",Sparta Day 26 March 2019.txt,32,100,20,62
HOGAN BUSHNELL,"10 April 2019","London Academy",Sparta Day 10 April 2019.txt,32,100,22,65
HOGAN RAFFAN,"15 October 2019","London Academy",Sparta Day 15 October 2019.txt,32,100,27,53
HOLMES EPSLEY,"21 May 2019","London Academy",Sparta Day 21 May 2019.txt,32,100,26,44
HOLT DE CASTRI,"9 January 2019","London Academy",Sparta Day 9 January 2019.txt,32,100,16,42
HOMER HYMER,"9 April 2019","London Academy",Sparta Day 9 April 2019.txt,32,100,23,64
HOMER SEBBORN,"31 October 2019","Birmingham Academy",Sparta Day 31 October 2019.txt,32,100,24,54
HOMERE STENTIFORD,"25 June 2019","London Academy",Sparta Day 25 June 2019.txt,32,100,24,64
HOMERUS HEIGHTON,"11 September 2019","London Academy",Sparta Day 11 September 2019.txt,32,100,17,58
HONOR HUNTALL,"2 July 2019","London Academy",Sparta Day 2 July 2019.txt,32,100,23,56
HONOR JEANDON,"25 September 2019","London Academy",Sparta Day 25 September 2019.txt,32,100,19,58
HONORIA STAZIKER,"7 March 2019","Birmingham Academy",Sparta Day 7 March 2019.txt,32,100,16,55
HORACE SCOTFORD,"8 October 2019","London Academy",Sparta Day 8 October 2019.txt,32,100,20,58
HORATIA TOMPKIN,"20 February 2019","London Academy",Sparta Day 20 February 2019.txt,32,100,23,52
HORATIA TRESISE,"28 November 2019","Birmingham Academy",Sparta Day 28 November 2019.txt,32,100,16,52
HORATIO CHRISTLEY,"30 April 2019","London Academy",Sparta Day 30 April 2019.txt,32,100,19,65
HORATIUS BRANCH,"11 July 2019","Birmingham Academy",Sparta Day 11 July 2019.txt,32,100,15,58
HORATIUS STARKING,"8 August 2019","Birmingham Academy",Sparta Day 8 August 2019.txt,32,100,18,50
HORTEN GOBLE,"24 July 2019","London Academy",Sparta Day 24 July 2019.txt,32,100,24,65
HORTEN KOOMAR,"11 December 2019","London Academy",Sparta Day 11 December 2019.txt,32,100,18,50
HOWARD SHIPPERBOTTOM,"26 February 2019","London Academy",Sparta Day 26 February 2019.txt,32,100,22,69
HOWIE HAITH,"2 April 2019","London Academy",Sparta Day 2 April 2019.txt,32,100,21,55
HUBERTO VOLLAM,"24 April 2019","London Academy",Sparta Day 24 April 2019.txt,32,100,21,54
HUBEY BROOKES,"18 June 2019","London Academy",Sparta Day 18 June 2019.txt,32,100,24,49
HUBIE SURGOOD,"11 April 2019","Birmingham Academy",Sparta Day 11 April 2019.txt,32,100,21,52
HUEY BROODES,"16 January 2019","London Academy",Sparta Day 16 January 2019.txt,32,100,25,46
HUGHIE BAGGELLEY,"6 February 2019","London Academy",Sparta Day 6 February 2019.txt,32,100,23,60
HUGHIE YELIASHEV,"19 March 2019","London Academy",Sparta Day 19 March 2019.txt,32,100,23,60
HUGIBERT MCLARDIE,"6 August 2019","London Academy",Sparta Day 6 August 2019.txt,32,100,21,46
HULDA BALES,"25 June 2019","London Academy",Sparta Day 25 June 2019.txt,32,100,22,58
HUMFRID STRAFEN,"28 May 2019","London Academy",Sparta Day 28 May 2019.txt,32,100,21,45
HUNT AINSBY,"21 February 2019","Birmingham Academy",Sparta Day 21 February 2019.txt,32,100,23,59
HUNTLEE NEWICK,"26 September 2019","Birmingham Academy",Sparta Day 26 September 2019.txt,32,100,10,53
HURLEE GORI,"26 September 2019","Birmingham Academy",Sparta Day 26 September 2019.txt,32,100,16,49
HURLEE HESEY,"25 July 2019","Birmingham Academy",Sparta Day 25 July 2019.txt,32,100,19,61
HURLEIGH SEGAR,"13 November 2019","London Academy",Sparta Day 13 November 2019.txt,32,100,24,58
HURLEY COLLYER,"24 July 2019","London Academy",Sparta Day 24 July 2019.txt,32,100,24,70
HUSEIN ETOILE,"8 May 2019","London Academy",Sparta Day 8 May 2019.txt,32,100,19,40
HUSEIN GARTSIDE,"19 September 2019","Birmingham Academy",Sparta Day 19 September 2019.txt,32,100,19,51
HUSEIN YESINOV,"9 May 2019","Birmingham Academy",Sparta Day 9 May 2019.txt,32,100,24,34
HYACINTH MERON,"17 October 2019","Birmingham Academy",Sparta Day 17 October 2019.txt,32,100,16,53
IAN GIORGIETTO,"28 February 2019","Birmingham Academy",Sparta Day 28 February 2019.txt,32,100,23,53
IAN LAVERACK,"3 July 2019","London Academy",Sparta Day 3 July 2019.txt,32,100,24,47
IDALINA NESBY,"8 October 2019","London Academy",Sparta Day 8 October 2019.txt,32,100,24,53
IDALINE GADEAUX,"27 February 2019","London Academy",Sparta Day 27 February 2019.txt,32,100,18,56
IDELL JOINER,"7 February 2019","Birmingham Academy",Sparta Day 7 February 2019.txt,32,100,14,49
IDELLE KIDSTOUN,"25 April 2019","Birmingham Academy",Sparta Day 25 April 2019.txt,32,100,17,54
IDELLE PIDGELEY,"25 April 2019","Birmingham Academy",Sparta Day 25 April 2019.txt,32,100,18,51
IGGIE HASLUM,"7 November 2019","Birmingham Academy",Sparta Day 7 November 2019.txt,32,100,19,61
IGNACIUS PLEASAUNCE,"28 May 2019","London Academy",Sparta Day 28 May 2019.txt,32,100,17,55
IGNATIUS DOXSEY,"10 September 2019","London Academy",Sparta Day 10 September 2019.txt,32,100,23,60
ILAIRE ORD,"27 February 2019","London Academy",Sparta Day 27 February 2019.txt,32,100,18,51
ILARIO YEATES,"13 August 2019","London Academy",Sparta Day 13 August 2019.txt,32,100,24,53
ILEANA CHEWTER,"21 August 2019","London Academy",Sparta Day 21 August 2019.txt,32,100,19,56
ILEANE MARGARSON,"15 October 2019","London Academy",Sparta Day 15 October 2019.txt,32,100,23,63
ILKA MOODIE,"17 April 2019","London Academy",Sparta Day 17 April 2019.txt,32,100,25,51
ILKA MOULDER,"30 January 2019","London Academy",Sparta Day 30 January 2019.txt,32,100,13,47
ILYSA KIGGEL,"7 August 2019","London Academy",Sparta Day 7 August 2019.txt,32,100,19,61
IMELDA FOWKES,"11 December 2019","London Academy",Sparta Day 11 December 2019.txt,32,100,24,44
IMMANUEL VALEK,"4 September 2019","London Academy",Sparta Day 4 September 2019.txt,32,100,23,53
INES PLASCHKE,"24 July 2019","London Academy",Sparta Day 24 July 2019.txt,32,100,18,54
INESSA MCCURTIN,"12 March 2019","London Academy",Sparta Day 12 March 2019.txt,32,100,23,52
INGABORG PITBLADO,"18 June 2019","London Academy",Sparta Day 18 June 2019.txt,32,100,20,67
INGAMAR MACKRELL,"13 November 2019","London Academy",Sparta Day 13 November 2019.txt,32,100,21,53
INGAR HUCKSTEPP,"16 January 2019","London Academy",Sparta Day 16 January 2019.txt,32,100,18,44
INGEBERG OTHEN,"16 January 2019","London Academy",Sparta Day 16 January 2019.txt,32,100,20,59
INGELBERT CLENCH,"27 June 2019","Birmingham Academy",Sparta Day 27 June 2019.txt,32,100,19,57
INGELBERT FRI,"7 March 2019","Birmingham Academy",Sparta Day 7 March 2019.txt,32,100,17,64
INGMAR KETTLESTING,"9 July 2019","London Academy",Sparta Day 9 July 2019.txt,32,100,14,51
INGRID CRADICK,"24 July 2019","London Academy",Sparta Day 24 July 2019.txt,32,100,24,65
INGUNNA ADIN,"1 August 2019","Birmingham Academy",Sparta Day 1 August 2019.txt,32,100,20,60
INIGO SCHOLLER,"7 November 2019","Birmingham Academy",Sparta Day 7 November 2019.txt,32,100,19,48
INNA KIDMAN,"12 February 2019","London Academy",Sparta Day 12 February 2019.txt,32,100,25,63
IOLANDE TREVERS,"25 September 2019","London Academy",Sparta Day 25 September 2019.txt,32,100,23,61
IOSEP IDLE,"3 July 2019","London Academy",Sparta Day 3 July 2019.txt,32,100,18,56
IRA GRIMA,"25 July 2019","Birmingham Academy",Sparta Day 25 July 2019.txt,32,100,20,60
IRA RATHBOURNE,"18 July 2019","Birmingham Academy",Sparta Day 18 July 2019.txt,32,100,21,54
IRINA MARRITT,"16 April 2019","London Academy",Sparta Day 16 April 2019.txt,32,100,23,61
IRITA LYPTRIT,"7 August 2019","London Academy",Sparta Day 7 August 2019.txt,32,100,24,58
IRVIN CLAYHILL,"12 February 2019","London Academy",Sparta Day 12 February 2019.txt,32,100,14,55
IRVINE HARMSON,"10 September 2019","London Academy",Sparta Day 10 September 2019.txt,32,100,23,55
IRVINE LAWREY,"30 January 2019","London Academy",Sparta Day 30 January 2019.txt,32,100,19,45
IRWIN SCOURGE,"28 February 2019","Birmingham Academy",Sparta Day 28 February 2019.txt,32,100,24,38
IRWINN GOAKS,"19 November 2019","London Academy",Sparta Day 19 November 2019.txt,32,100,22,58
ISABELITA ALEXANDROU,"16 April 2019","London Academy",Sparta Day 16 April 2019.txt,32,100,22,63
ISAC BRONGER,"24 January 2019","Birmingham Academy",Sparta Day 24 January 2019.txt,32,100,22,64
ISAC PESCHMANN,"4 April 2019","Birmingham Academy",Sparta Day 4 April 2019.txt,32,100,17,63
ISACCO BOICHAT,"11 April 2019","Birmingham Academy",Sparta Day 11 April 2019.txt,32,100,19,57
ISACCO MATUSCHEK,"17 September 2019","London Academy",Sparta Day 17 September 2019.txt,32,100,16,62
ISACCO TEESE,"2 July 2019","London Academy",Sparta Day 2 July 2019.txt,32,100,17,53
ISAHELLA HADDLESTON,"28 March 2019","Birmingham Academy",Sparta Day 28 March 2019.txt,32,100,26,54
ISAHELLA SWINDELLS,"19 November 2019","London Academy",Sparta Day 19 November 2019.txt,32,100,22,49
ISIDORA ENGLEFIELD,"30 July 2019","London Academy",Sparta Day 30 July 2019.txt,32,100,17,38
ITCH IZOD,"7 August 2019","London Academy",Sparta Day 7 August 2019.txt,32,100,25,47
IVES WEDDELL,"17 December 2019","London Academy",Sparta Day 17 December 2019.txt,32,100,16,54
IVETT BRIDEL,"18 April 2019","Birmingham Academy",Sparta Day 18 April 2019.txt,32,100,22,59
IVETT POTE,"18 April 2019","Birmingham Academy",Sparta Day 18 April 2019.txt,32,100,25,49
IVETT PROP,"22 August 2019","Birmingham Academy",Sparta Day 22 August 2019.txt,32,100,17,61
IVIE SHAUDFURTH,"3 July 2019","London Academy",Sparta Day 3 July 2019.txt,32,100,28,49
IVOR QUOGAN,"15 October 2019","London Academy",Sparta Day 15 October 2019.txt,32,100,16,39
IVORY LINNEMANN,"22 January 2019","London Academy",Sparta Day 22 January 2019.txt,32,100,22,66
IZABEL MASTERS,"3 October 2019","Birmingham Academy",Sparta Day 3 October 2019.txt,32,100,21,53
JACENTA ANTONOWICZ,"26 March 2019","London Academy",Sparta Day 26 March 2019.txt,32,100,14,57
JACENTA COUCHE,"28 November 2019","Birmingham Academy",Sparta Day 28 November 2019.txt,32,100,23,49
JACINTHE PACKHAM,"17 September 2019","London Academy",Sparta Day 17 September 2019.txt,32,100,23,61
JACKI PINKSTONE,"23 January 2019","London Academy",Sparta Day 23 January 2019.txt,32,100,21,51
JACKLIN KUPKA,"9 October 2019","London Academy",Sparta Day 9 October 2019.txt,32,100,21,52
JACKLYN MILLHOUSE,"21 February 2019","Birmingham Academy",Sparta Day 21 February 2019.txt,32,100,20,61
JACKY REILINGEN,"4 April 2019","Birmingham Academy",Sparta Day 4 April 2019.txt,32,100,22,58
JACLIN HEASMAN,"19 December 2019","Birmingham Academy",Sparta Day 19 December 2019.txt,32,100,9,66
JACOB ESLEY,"28 February 2019","Birmingham Academy",Sparta Day 28 February 2019.txt,32,100,22,62
JACQUELIN CLAMPIN,"5 March 2019","London Academy",Sparta Day 5 March 2019.txt,32,100,19,51
JACQUELYNN BANASIAK,"12 June 2019","London Academy",Sparta Day 12 June 2019.txt,32,100,27,54
JACQUELYNN SAVIN,"12 December 2019","Birmingham Academy",Sparta Day 12 December 2019.txt,32,100,23,53
JACQUETTA PILL,"5 December 2019","Birmingham Academy",Sparta Day 5 December 2019.txt,32,100,20,53
JACYNTH LASCELL,"8 August 2019","Birmingham Academy",Sparta Day 8 August 2019.txt,32,100,19,39
JAE RENNOLDS,"29 August 2019","Birmingham Academy",Sparta Day 29 August 2019.txt,32,100,15,58
JAKOB CONNELL,"22 August 2019","Birmingham Academy",Sparta Day 22 August 2019.txt,32,100,24,47
JAMIMA STURGESS,"26 June 2019","London Academy",Sparta Day 26 June 2019.txt,32,100,23,58
JAMIMA THURSBY,"23 May 2019","Birmingham Academy",Sparta Day 23 May 2019.txt,32,100,22,60
JAN HORROD,"27 February 2019","London Academy",Sparta Day 27 February 2019.txt,32,100,23,63
JAN MANILO,"26 June 2019","London Academy",Sparta Day 26 June 2019.txt,32,100,18,60
JANAYA MAWFORD,"1 August 2019","Birmingham Academy",Sparta Day 1 August 2019.txt,32,100,18,52
JANEEN PINNEY,"15 October 2019","London Academy",Sparta Day 15 October 2019.txt,32,100,14,59
JANELLE FORBEAR,"30 May 2019","Birmingham Academy",Sparta Day 30 May 2019.txt,32,100,19,56
JANET COPNER,"18 April 2019","Birmingham Academy",Sparta Day 18 April 2019.txt,32,100,26,55
JANET MULQUEENY,"1 May 2019","London Academy",Sparta Day 1 May 2019.txt,32,100,19,42
JANIA ARGYLE,"22 May 2019","London Academy",Sparta Day 22 May 2019.txt,32,100,13,53
JANINA MUNCER,"30 May 2019","Birmingham Academy",Sparta Day 30 May 2019.txt,32,100,20,54
JANKA CLEMENCET,"17 September 2019","London Academy",Sparta Day 17 September 2019.txt,32,100,22,53
JANNA HEYFIELD,"24 April 2019","London Academy",Sparta Day 24 April 2019.txt,32,100,19,57
JANNA HOULAGHAN,"30 October 2019","London Academy",Sparta Day 30 October 2019.txt,32,100,18,56
JANNA WIFFIELD,"31 October 2019","Birmingham Academy",Sparta Day 31 October 2019.txt,32,100,20,59
JANOS SHELLSHEERE,"30 October 2019","London Academy",Sparta Day 30 October 2019.txt,32,100,21,46
JAQUENETTA CATONNE,"14 May 2019","London Academy",Sparta Day 14 May 2019.txt,32,100,28,60
JARD ANTONOWICZ,"26 February 2019","London Academy",Sparta Day 26 February 2019.txt,32,100,20,52
JARIB RAYHILL,"25 April 2019","Birmingham Academy",Sparta Day 25 April 2019.txt,32,100,15,60
JARRED CONNAR,"19 February 2019","London Academy",Sparta Day 19 February 2019.txt,32,100,13,52
JARRED TREDGER,"18 July 2019","Birmingham Academy",Sparta Day 18 July 2019.txt,32,100,20,45
JARROD DRIFFE,"25 June 2019","London Academy",Sparta Day 25 June 2019.txt,32,100,17,68
JASMINA PERILLO,"22 October 2019","London Academy",Sparta Day 22 October 2019.txt,32,100,21,49
JASPER MOEHLE,"27 February 2019","London Academy",Sparta Day 27 February 2019.txt,32,100,16,55
JAYME LIEBER,"12 November 2019","London Academy",Sparta Day 12 November 2019.txt,32,100,19,55
JAYMEE RIDEN,"19 March 2019","London Academy",Sparta Day 19 March 2019.txt,32,100,20,54
JAYNE ANDRIVEAU,"11 June 2019","London Academy",Sparta Day 11 June 2019.txt,32,100,26,62
JAZMIN DARK,"30 January 2019","London Academy",Sparta Day 30 January 2019.txt,32,100,20,49
JDAVIE BOOLS,"28 February 2019","Birmingham Academy",Sparta Day 28 February 2019.txt,32,100,24,49
JDAVIE FRISBY,"14 May 2019","London Academy",Sparta Day 14 May 2019.txt,32,100,26,58
JEANA SCHOWENBURG,"2 May 2019","Birmingham Academy",Sparta Day 2 May 2019.txt,32,100,22,59
JEANELLE BIESTY,"27 November 2019","London Academy",Sparta Day 27 November 2019.txt,32,100,23,45
JEANETTE WANKEL,"12 June 2019","London Academy",Sparta Day 12 June 2019.txt,32,100,19,67
JEANNE BRAYNE,"12 June 2019","London Academy",Sparta Day 12 June 2019.txt,32,100,18,65
JEANNETTE BAZELLE,"14 March 2019","Birmingham Academy",Sparta Day 14 March 2019.txt,32,100,18,57
JEANNETTE WILLANS,"26 June 2019","London Academy",Sparta Day 26 June 2019.txt,32,100,21,63
JEANNINE MCPOLIN,"20 February 2019","London Academy",Sparta Day 20 February 2019.txt,32,100,10,52
JECHO ROUSEL,"5 June 2019","London Academy",Sparta Day 5 June 2019.txt,32,100,18,70
JED DURRAM,"14 November 2019","Birmingham Academy",Sparta Day 14 November 2019.txt,32,100,22,65
JEDD INGGALL,"27 November 2019","London Academy",Sparta Day 27 November 2019.txt,32,100,24,65
JEDIDIAH BENNETT,"22 May 2019","London Academy",Sparta Day 22 May 2019.txt,32,100,17,56
JEFFERSON PAYNTON,"19 February 2019","London Academy",Sparta Day 19 February 2019.txt,32,100,17,56
JEFFREY BORRELL,"18 June 2019","London Academy",Sparta Day 18 June 2019.txt,32,100,16,43
JEFFRY COCKMAN,"25 July 2019","Birmingham Academy",Sparta Day 25 July 2019.txt,32,100,10,54
JEFFY DUDDING,"13 March 2019","London Academy",Sparta Day 13 March 2019.txt,32,100,22,54
JEHANNA VERRECHIA,"20 February 2019","London Academy",Sparta Day 20 February 2019.txt,32,100,26,55
JEHU VAN ARSDALL,"12 June 2019","London Academy",Sparta Day 12 June 2019.txt,32,100,14,52
JEMMIE BOOME,"8 May 2019","London Academy",Sparta Day 8 May 2019.txt,32,100,21,58
JENA ATTARD,"8 January 2019","London Academy",Sparta Day 8 January 2019.txt,32,100,21,55
JENA LIVINGS,"10 December 2019","London Academy",Sparta Day 10 December 2019.txt,32,100,21,62
JENDA FERNANDEZ,"30 January 2019","London Academy",Sparta Day 30 January 2019.txt,32,100,23,53
JENIECE PETTY,"12 March 2019","London Academy",Sparta Day 12 March 2019.txt,32,100,20,64
JENIFER PICKLES,"17 January 2019","Birmingham Academy",Sparta Day 17 January 2019.txt,32,100,15,41
JENIFFER KOHRSEN,"24 April 2019","London Academy",Sparta Day 24 April 2019.txt,32,100,23,49
JENILEE ALBURY,"19 September 2019","Birmingham Academy",Sparta Day 19 September 2019.txt,32,100,18,55
JENINE IVASHKOV,"11 September 2019","London Academy",Sparta Day 11 September 2019.txt,32,100,24,53
JENN BLITZ,"12 September 2019","Birmingham Academy",Sparta Day 12 September 2019.txt,32,100,23,57
JENNINE ERNI,"10 September 2019","London Academy",Sparta Day 10 September 2019.txt,32,100,26,56
JENS TOMASKUNAS,"23 October 2019","London Academy",Sparta Day 23 October 2019.txt,32,100,20,59
JERE AMOR,"11 September 2019","London Academy",Sparta Day 11 September 2019.txt,32,100,17,50
JERE JORDINE,"13 February 2019","London Academy",Sparta Day 13 February 2019.txt,32,100,20,51
JEREMIE BOMPASS,"6 November 2019","London Academy",Sparta Day 6 November 2019.txt,32,100,19,43
JEREMIE GIACOBAZZI,"2 May 2019","Birmingham Academy",Sparta Day 2 May 2019.txt,32,100,12,55
JERI BORGES,"26 March 2019","London Academy",Sparta Day 26 March 2019.txt,32,100,17,48
JEROME KASTING,"19 June 2019","London Academy",Sparta Day 19 June 2019.txt,32,100,21,58
JEROMY FOMICHKIN,"28 May 2019","London Academy",Sparta Day 28 May 2019.txt,32,100,21,55
JEROMY GAUNTLEY,"28 February 2019","Birmingham Academy",Sparta Day 28 February 2019.txt,32,100,22,72
JEROMY MEBIUS,"19 March 2019","London Academy",Sparta Day 19 March 2019.txt,32,100,25,61
JERRY LAMORT,"23 January 2019","London Academy",Sparta Day 23 January 2019.txt,32,100,13,64
JERRYLEE DE CRUZ,"26 November 2019","London Academy",Sparta Day 26 November 2019.txt,32,100,24,60
JERRYLEE KOENEN,"30 October 2019","London Academy",Sparta Day 30 October 2019.txt,32,100,17,45
JESSALYN PREWETT,"26 November 2019","London Academy",Sparta Day 26 November 2019.txt,32,100,20,64
JESSAMYN REIGHTLEY,"19 June 2019","London Academy",Sparta Day 19 June 2019.txt,32,100,19,63
JESSE TEN BROEK,"5 November 2019","London Academy",Sparta Day 5 November 2019.txt,32,100,23,59
JESSE TIRON,"5 March 2019","London Academy",Sparta Day 5 March 2019.txt,32,100,19,59
JESSEE BLAGBROUGH,"4 December 2019","London Academy",Sparta Day 4 December 2019.txt,32,100,24,45
JESSEE CHISNALL,"16 April 2019","London Academy",Sparta Day 16 April 2019.txt,32,100,24,51
JESSIE PETRIELLO,"6 August 2019","London Academy",Sparta Day 6 August 2019.txt,32,100,15,62
JESSIE PLAMPEYN,"5 November 2019","London Academy",Sparta Day 5 November 2019.txt,32,100,17,55
JESSY DOLLMAN,"9 July 2019","London Academy",Sparta Day 9 July 2019.txt,32,100,18,56
JESUS KELLER,"16 October 2019","London Academy",Sparta Day 16 October 2019.txt,32,100,12,54
JETH VASILYONOK,"13 March 2019","London Academy",Sparta Day 13 March 2019.txt,32,100,17,47
JILL PAWELEC,"26 March 2019","London Academy",Sparta Day 26 March 2019.txt,32,100,15,56
JILLIAN WENN,"11 September 2019","London Academy",Sparta Day 11 September 2019.txt,32,100,18,57
JILLIE HOWLES,"27 August 2019","London Academy",Sparta Day 27 August 2019.txt,32,100,20,57
JILLY BECKENSALL,"21 March 2019","Birmingham Academy",Sparta Day 21 March 2019.txt,32,100,22,46
JILLY LAMPETT,"7 February 2019","Birmingham Academy",Sparta Day 7 February 2019.txt,32,100,22,50
JIM DWERRYHOUSE,"27 August 2019","London Academy",Sparta Day 27 August 2019.txt,32,100,23,53
JIM JOINT,"28 May 2019","London Academy",Sparta Day 28 May 2019.txt,32,100,18,53
JIMMIE DURKER,"6 June 2019","Birmingham Academy",Sparta Day 6 June 2019.txt,32,100,17,54
JIMMY SAND,"9 April 2019","London Academy",Sparta Day 9 April 2019.txt,32,100,19,59
JO ANN BEEKE,"12 December 2019","Birmingham Academy",Sparta Day 12 December 2019.txt,32,100,26,51
JO-ANN GALLIHAULK,"10 September 2019","London Academy",Sparta Day 10 September 2019.txt,32,100,20,62
JOACHIM GUSLON,"5 June 2019","London Academy",Sparta Day 5 June 2019.txt,32,100,24,59
JOANA FRAWLEY,"4 June 2019","London Academy",Sparta Day 4 June 2019.txt,32,100,21,58
JOANA KLYNER,"22 October 2019","London Academy",Sparta Day 22 October 2019.txt,32,100,17,43
JOANN ASPINWALL,"1 October 2019","London Academy",Sparta Day 1 October 2019.txt,32,100,15,59
JOANNA EGGERTON,"11 June 2019","London Academy",Sparta Day 11 June 2019.txt,32,100,22,51
JOANNA THWAITE,"6 June 2019","Birmingham Academy",Sparta Day 6 June 2019.txt,32,100,20,59
JOANNE LE JEAN,"19 February 2019","London Academy",Sparta Day 19 February 2019.txt,32,100,26,52
JOANNES YURSHEV,"18 July 2019","Birmingham Academy",Sparta Day 18 July 2019.txt,32,100,23,58
JOB RESTALL,"10 July 2019","London Academy",Sparta Day 10 July 2019.txt,32,100,21,60
JODIE KAYGILL,"1 August 2019","Birmingham Academy",Sparta Day 1 August 2019.txt,32,100,17,53
JODY PAULE,"27 August 2019","London Academy",Sparta Day 27 August 2019.txt,32,100,19,49
JOELA GALEA,"4 July 2019","Birmingham Academy",Sparta Day 4 July 2019.txt,32,100,20,46
JOELA SANJA,"4 September 2019","London Academy",Sparta Day 4 September 2019.txt,32,100,19,47
JOELIE ELFITT,"29 August 2019","Birmingham Academy",Sparta Day 29 August 2019.txt,32,100,18,56
JOETE GUMMORY,"24 October 2019","Birmingham Academy",Sparta Day 24 October 2019.txt,32,100,20,45
JOEY MACGEFFEN,"14 August 2019","London Academy",Sparta Day 14 August 2019.txt,32,100,20,58
JOHANNA INOLD,"3 April 2019","London Academy",Sparta Day 3 April 2019.txt,32,100,19,52
JOHANNAH HOLWELL,"28 August 2019","London Academy",Sparta Day 28 August 2019.txt,32,100,25,47
JOHANNES HANNY,"24 January 2019","Birmingham Academy",Sparta Day 24 January 2019.txt,32,100,13,67
JOHNATH TUFTS,"6 November 2019","London Academy",Sparta Day 6 November 2019.txt,32,100,18,53
JOHNETTE DURRANS,"22 January 2019","London Academy",Sparta Day 22 January 2019.txt,32,100,17,67
JOHNNA TARBIN,"11 December 2019","London Academy",Sparta Day 11 December 2019.txt,32,100,25,52
JOHNNY SHEA,"5 March 2019","London Academy",Sparta Day 5 March 2019.txt,32,100,22,57
JOICE STENNET,"5 November 2019","London Academy",Sparta Day 5 November 2019.txt,32,100,20,65
JOLENE ALYONOV,"21 May 2019","London Academy",Sparta Day 21 May 2019.txt,32,100,17,53
JOLETTA KALINOWSKY,"31 July 2019","London Academy",Sparta Day 31 July 2019.txt,32,100,25,51
JOLETTA MATZAITIS,"20 March 2019","London Academy",Sparta Day 20 March 2019.txt,32,100,21,63
JOLYN BROMILOW,"7 November 2019","Birmingham Academy",Sparta Day 7 November 2019.txt,32,100,22,49
JON ARIES,"4 April 2019","Birmingham Academy",Sparta Day 4 April 2019.txt,32,100,18,59
JON MCMENAMY,"13 November 2019","London Academy",Sparta Day 13 November 2019.txt,32,100,15,57
JON RAIKES,"4 June 2019","London Academy",Sparta Day 4 June 2019.txt,32,100,25,62
JONIE GETLEY,"13 November 2019","London Academy",Sparta Day 13 November 2019.txt,32,100,24,60
JORDAIN OFFEN,"16 October 2019","London Academy",Sparta Day 16 October 2019.txt,32,100,21,62
JORDAIN ROCHESTER,"4 December 2019","London Academy",Sparta Day 4 December 2019.txt,32,100,21,67
JORDAN CRISTOFORETTI,"12 December 2019","Birmingham Academy",Sparta Day 12 December 2019.txt,32,100,21,56
JORDANA BICE,"9 May 2019","Birmingham Academy",Sparta Day 9 May 2019.txt,32,100,21,44
JORI RISELEY,"24 October 2019","Birmingham Academy",Sparta Day 24 October 2019.txt,32,100,21,51
JORRY BOOM,"24 January 2019","Birmingham Academy",Sparta Day 24 January 2019.txt,32,100,21,43
JORRY VARLEY,"24 January 2019","Birmingham Academy",Sparta Day 24 January 2019.txt,32,100,21,54
JOSE LARHAM,"7 February 2019","Birmingham Academy",Sparta Day 7 February 2019.txt,32,100,19,45
JOSEFINA VEILLARD,"13 February 2019","London Academy",Sparta Day 13 February 2019.txt,32,100,18,46
JOSEITO DUIGED,"17 July 2019","London Academy",Sparta Day 17 July 2019.txt,32,100,22,60
JOSH YOUENS,"8 August 2019","Birmingham Academy",Sparta Day 8 August 2019.txt,32,100,22,51
JOSHUAH POURVEER,"14 May 2019","London Academy",Sparta Day 14 May 2019.txt,32,100,22,52
JOSSELYN KAINDL,"2 April 2019","London Academy",Sparta Day 2 April 2019.txt,32,100,16,62
JOSSELYN O'SHEILS,"4 April 2019","Birmingham Academy",Sparta Day 4 April 2019.txt,32,100,17,51
JOSY NELL,"7 February 2019","Birmingham Academy",Sparta Day 7 February 2019.txt,32,100,21,58
JOURDAIN BERTLIN,"20 November 2019","London Academy",Sparta Day 20 November 2019.txt,32,100,23,62
JOURDAIN MCLARENS,"7 August 2019","London Academy",Sparta Day 7 August 2019.txt,32,100,14,52
JOURDAIN TRIPP,"26 September 2019","Birmingham Academy",Sparta Day 26 September 2019.txt,32,100,17,60
JOY CRITTEN,"5 February 2019","London Academy",Sparta Day 5 February 2019.txt,32,100,23,61
JOYCE TURBITT,"3 April 2019","London Academy",Sparta Day 3 April 2019.txt,32,100,23,55
JOYCELIN DOERFFER,"18 April 2019","Birmingham Academy",Sparta Day 18 April 2019.txt,32,100,21,56
JOZEF BURR,"7 August 2019","London Academy",Sparta Day 7 August 2019.txt,32,100,18,57
JOZEF VEDEKHIN,"19 February 2019","London Academy",Sparta Day 19 February 2019.txt,32,100,21,52
JUD KUBYSZEK,"7 August 2019","London Academy",Sparta Day 7 August 2019.txt,32,100,21,48
JUDAS ESPADERO,"9 May 2019","Birmingham Academy",Sparta Day 9 May 2019.txt,32,100,17,50
JUDD ABRAHM,"25 June 2019","London Academy",Sparta Day 25 June 2019.txt,32,100,21,55
JUDIE LOWY,"25 June 2019","London Academy",Sparta Day 25 June 2019.txt,32,100,20,65
JUDON HENZE,"10 July 2019","London Academy",Sparta Day 10 July 2019.txt,32,100,22,58
JUDY FINDERS,"9 October 2019","London Academy",Sparta Day 9 October 2019.txt,32,100,22,56
JUIETA MULLISS,"19 September 2019","Birmingham Academy",Sparta Day 19 September 2019.txt,32,100,22,51
JUIETA TELLETT,"16 May 2019","Birmingham Academy",Sparta Day 16 May 2019.txt,32,100,26,63
JULE CORKE,"29 August 2019","Birmingham Academy",Sparta Day 29 August 2019.txt,32,100,18,59
JULI RULER,"12 June 2019","London Academy",Sparta Day 12 June 2019.txt,32,100,20,59
JULIA LLORENS,"9 May 2019","Birmingham Academy",Sparta Day 9 May 2019.txt,32,100,18,51
JULIA TAILE,"2 July 2019","London Academy",Sparta Day 2 July 2019.txt,32,100,16,52
JULIANE JACOBSSEN,"14 November 2019","Birmingham Academy",Sparta Day 14 November 2019.txt,32,100,17,65
JULIANNE NEAGLE,"9 July 2019","London Academy",Sparta Day 9 July 2019.txt,32,100,21,62
JULIE CONDLIFFE,"4 June 2019","London Academy",Sparta Day 4 June 2019.txt,32,100,19,58
JULIE ELCY,"21 November 2019","Birmingham Academy",Sparta Day 21 November 2019.txt,32,100,19,55
JULIET SCOTTRELL,"1 May 2019","London Academy",Sparta Day 1 May 2019.txt,32,100,16,55
JULINA HARTLES,"19 March 2019","London Academy",Sparta Day 19 March 2019.txt,32,100,20,52
JULISSA DUMBLETON,"24 July 2019","London Academy",Sparta Day 24 July 2019.txt,32,100,19,57
JULITA BENOY,"19 February 2019","London Academy",Sparta Day 19 February 2019.txt,32,100,27,57
JUNIA COLLINS,"29 August 2019","Birmingham Academy",Sparta Day 29 August 2019.txt,32,100,18,57
JUNIE JEANEQUIN,"14 November 2019","Birmingham Academy",Sparta Day 14 November 2019.txt,32,100,17,54
JUNIE RAMMELL,"13 November 2019","London Academy",Sparta Day 13 November 2019.txt,32,100,22,57
JUSTINIAN LUSCOTT,"2 October 2019","London Academy",Sparta Day 2 October 2019.txt,32,100,20,54
JUSTINN ROSIELLO,"9 May 2019","Birmingham Academy",Sparta Day 9 May 2019.txt,32,100,23,54
JUSTINO DI BIASI,"7 November 2019","Birmingham Academy",Sparta Day 7 November 2019.txt,32,100,17,60
JUSTIS GILHAM,"25 July 2019","Birmingham Academy",Sparta Day 25 July 2019.txt,32,100,20,54
KACEY SMURTHWAITE,"27 June 2019","Birmingham Academy",Sparta Day 27 June 2019.txt,32,100,18,66
KAHALEEL TATEM,"18 September 2019","London Academy",Sparta Day 18 September 2019.txt,32,100,20,58
KAILA FEARFULL,"21 May 2019","London Academy",Sparta Day 21 May 2019.txt,32,100,20,41
KAIN LOWNE,"29 August 2019","Birmingham Academy",Sparta Day 29 August 2019.txt,32,100,22,73
KAITLYN CHAGG,"10 December 2019","London Academy",Sparta Day 10 December 2019.txt,32,100,18,53
KALA BOCK,"9 October 2019","London Academy",Sparta Day 9 October 2019.txt,32,100,23,52
KALA DOEG,"17 January 2019","Birmingham Academy",Sparta Day 17 January 2019.txt,32,100,28,48
KALA FRANZINI,"10 April 2019","London Academy",Sparta Day 10 April 2019.txt,32,100,26,48
KALEB CAPPEL,"5 February 2019","London Academy",Sparta Day 5 February 2019.txt,32,100,22,68
KALIE LEADBEATTER,"18 July 2019","Birmingham Academy",Sparta Day 18 July 2019.txt,32,100,19,44
KALIL MCPAIKE,"14 February 2019","Birmingham Academy",Sparta Day 14 February 2019.txt,32,100,24,65
KALINA GENTILE,"6 February 2019","London Academy",Sparta Day 6 February 2019.txt,32,100,19,50
KALINDA LEEBETTER,"24 September 2019","London Academy",Sparta Day 24 September 2019.txt,32,100,22,54
KALLE WAINE,"3 April 2019","London Academy",Sparta Day 3 April 2019.txt,32,100,19,55
KALLI MCGARRIE,"29 January 2019","London Academy",Sparta Day 29 January 2019.txt,32,100,23,65
KALVIN WADWORTH,"17 September 2019","London Academy",Sparta Day 17 September 2019.txt,32,100,14,50
KAMEKO WILMORE,"23 October 2019","London Academy",Sparta Day 23 October 2019.txt,32,100,17,60
KAMILA SILVERSMIDT,"1 May 2019","London Academy",Sparta Day 1 May 2019.txt,32,100,16,53
KANDACE OBEE,"8 August 2019","Birmingham Academy",Sparta Day 8 August 2019.txt,32,100,12,59
KANYA JOBLING,"26 November 2019","London Academy",Sparta Day 26 November 2019.txt,32,100,17,58
KARE GARVILL,"17 January 2019","Birmingham Academy",Sparta Day 17 January 2019.txt,32,100,17,48
KAREL TOULAMAIN,"10 July 2019","London Academy",Sparta Day 10 July 2019.txt,32,100,16,51
KARIA O'TOOLE,"3 January 2019","Birmingham Academy",Sparta Day 3 January 2019.txt,32,100,24,62
KARINA ANDREJEVIC,"13 March 2019","London Academy",Sparta Day 13 March 2019.txt,32,100,25,63
KARINA INGYON,"16 April 2019","London Academy",Sparta Day 16 April 2019.txt,32,100,18,57
KARIOTTA BARENSE,"9 April 2019","London Academy",Sparta Day 9 April 2019.txt,32,100,21,62
KARITA CRISSIL,"24 October 2019","Birmingham Academy",Sparta Day 24 October 2019.txt,32,100,19,57
KARLA WINDRIDGE,"31 July 2019","London Academy",Sparta Day 31 July 2019.txt,32,100,21,61
KARLENE HUGHILL,"21 August 2019","London Academy",Sparta Day 21 August 2019.txt,32,100,23,51
KARLENE MCDERMOTT-ROW,"16 April 2019","London Academy",Sparta Day 16 April 2019.txt,32,100,19,64
KARLIS BOTTLE,"18 July 2019","Birmingham Academy",Sparta Day 18 July 2019.txt,32,100,19,62
KARNA HENKMANN,"14 February 2019","Birmingham Academy",Sparta Day 14 February 2019.txt,32,100,20,48
KARNEY TALLBOY,"27 June 2019","Birmingham Academy",Sparta Day 27 June 2019.txt,32,100,21,48
KAROLINA COMINI,"10 October 2019","Birmingham Academy",Sparta Day 10 October 2019.txt,32,100,13,66
KAROLY SKATES,"16 July 2019","London Academy",Sparta Day 16 July 2019.txt,32,100,20,51
KARRAH CHATTERS,"14 May 2019","London Academy",Sparta Day 14 May 2019.txt,32,100,23,50
KARY BEEBY,"20 June 2019","Birmingham Academy",Sparta Day 20 June 2019.txt,32,100,14,60
KARYN HUORTIC,"19 November 2019","London Academy",Sparta Day 19 November 2019.txt,32,100,19,58
KASEY MATTACKS,"30 October 2019","London Academy",Sparta Day 30 October 2019.txt,32,100,23,59
KASS CASTELLAN,"3 July 2019","London Academy",Sparta Day 3 July 2019.txt,32,100,17,52
KASSI LUCIO,"3 September 2019","London Academy",Sparta Day 3 September 2019.txt,32,100,24,60
KASSI PINNOCK,"18 April 2019","Birmingham Academy",Sparta Day 18 April 2019.txt,32,100,15,63
KASSIA WYNCH,"26 March 2019","London Academy",Sparta Day 26 March 2019.txt,32,100,22,61
KAT RIGARD,"25 June 2019","London Academy",Sparta Day 25 June 2019.txt,32,100,20,57
KAT SUTHERLAND,"18 June 2019","London Academy",Sparta Day 18 June 2019.txt,32,100,21,55
KATA JEDRASIK,"15 August 2019","Birmingham Academy",Sparta Day 15 August 2019.txt,32,100,8,62
KATALIN REDLEY,"4 June 2019","London Academy",Sparta Day 4 June 2019.txt,32,100,21,55
KATHARINA ALESWELL,"9 May 2019","Birmingham Academy",Sparta Day 9 May 2019.txt,32,100,25,55
KATHARYN PANTON,"6 February 2019","London Academy",Sparta Day 6 February 2019.txt,32,100,13,61
KATHERINA BOWTON,"26 June 2019","London Academy",Sparta Day 26 June 2019.txt,32,100,20,60
KATHLIN GIBLING,"11 April 2019","Birmingham Academy",Sparta Day 11 April 2019.txt,32,100,24,64
KATHRINE SUGAR,"24 October 2019","Birmingham Academy",Sparta Day 24 October 2019.txt,32,100,17,56
KATHRYN STURE,"12 December 2019","Birmingham Academy",Sparta Day 12 December 2019.txt,32,100,17,54
KATHRYNE ATHRIDGE,"14 August 2019","London Academy",Sparta Day 14 August 2019.txt,32,100,20,48
KATHY CAPSTACK,"18 July 2019","Birmingham Academy",Sparta Day 18 July 2019.txt,32,100,21,53
KATHY MEEKING,"26 June 2019","London Academy",Sparta Day 26 June 2019.txt,32,100,24,52
KATINKA MACROW,"22 January 2019","London Academy",Sparta Day 22 January 2019.txt,32,100,16,51
KATINKA TYT,"18 July 2019","Birmingham Academy",Sparta Day 18 July 2019.txt,32,100,20,50
KATLEEN SIDDON,"28 February 2019","Birmingham Academy",Sparta Day 28 February 2019.txt,32,100,16,50
KATLEEN TRUNKS,"2 October 2019","London Academy",Sparta Day 2 October 2019.txt,32,100,17,57
KATRINE WESTLEY,"24 July 2019","London Academy",Sparta Day 24 July 2019.txt,32,100,21,66
KATUSCHA RANSFIELD,"7 August 2019","London Academy",Sparta Day 7 August 2019.txt,32,100,22,57
KATYA AUSIELLO,"22 October 2019","London Academy",Sparta Day 22 October 2019.txt,32,100,24,41
KATYA CURTOIS,"21 May 2019","London Academy",Sparta Day 21 May 2019.txt,32,100,19,51
KAYCEE MATTUSEVICH,"30 October 2019","London Academy",Sparta Day 30 October 2019.txt,32,100,15,58
KAYLE FERENC,"17 April 2019","London Academy",Sparta Day 17 April 2019.txt,32,100,20,52
KAYLIL GISSING,"13 March 2019","London Academy",Sparta Day 13 March 2019.txt,32,100,20,57
KAYLYN SERFATI,"9 July 2019","London Academy",Sparta Day 9 July 2019.txt,32,100,20,49
KEAN PLOUGHWRIGHT,"6 February 2019","London Academy",Sparta Day 6 February 2019.txt,32,100,20,56
KEANE GORRISSEN,"27 August 2019","London Academy",Sparta Day 27 August 2019.txt,32,100,12,51
KEARNEY CERIE,"12 September 2019","Birmingham Academy",Sparta Day 12 September 2019.txt,32,100,19,48
KEEFE MIRFIN,"11 September 2019","London Academy",Sparta Day 11 September 2019.txt,32,100,23,53
KEEFER CARUS,"12 March 2019","London Academy",Sparta Day 12 March 2019.txt,32,100,23,45
KEELEY OSBURN,"27 March 2019","London Academy",Sparta Day 27 March 2019.txt,32,100,22,64
KEELIA BEINE,"5 September 2019","Birmingham Academy",Sparta Day 5 September 2019.txt,32,100,20,50
KEEN BENTHAM3,"19 June 2019","London Academy",Sparta Day 19 June 2019.txt,32,100,24,50
KEEN TRIPONY,"3 July 2019","London Academy",Sparta Day 3 July 2019.txt,32,100,21,58
KEENAN STUBBES,"1 May 2019","London Academy",Sparta Day 1 May 2019.txt,32,100,21,50
KEENE SLIMM,"17 September 2019","London Academy",Sparta Day 17 September 2019.txt,32,100,24,64
KELILA CUNAH,"26 September 2019","Birmingham Academy",Sparta Day 26 September 2019.txt,32,100,24,64
KELLEN BENTICK,"25 June 2019","London Academy",Sparta Day 25 June 2019.txt,32,100,22,53
KELLEN BROCKLEBANK,"6 March 2019","London Academy",Sparta Day 6 March 2019.txt,32,100,23,62
KELLEY BOURGEOIS,"23 January 2019","London Academy",Sparta Day 23 January 2019.txt,32,100,16,50
KELLI TWIDDELL,"12 November 2019","London Academy",Sparta Day 12 November 2019.txt,32,100,24,69
KELLIA DAWTREY,"27 August 2019","London Academy",Sparta Day 27 August 2019.txt,32,100,20,47
KELLIE ALTHORP,"15 January 2019","London Academy",Sparta Day 15 January 2019.txt,32,100,19,63
KELLIE TANGUY,"8 May 2019","London Academy",Sparta Day 8 May 2019.txt,32,100,18,62
KELLINA SHUTER,"22 October 2019","London Academy",Sparta Day 22 October 2019.txt,32,100,23,48
KELLY CONEYBEER,"24 October 2019","Birmingham Academy",Sparta Day 24 October 2019.txt,32,100,16,68
KELLYANN YORKSTON,"16 July 2019","London Academy",Sparta Day 16 July 2019.txt,32,100,21,54
KELSEY CRANKE,"3 January 2019","Birmingham Academy",Sparta Day 3 January 2019.txt,32,100,21,52
KEN GOTTER,"21 March 2019","Birmingham Academy",Sparta Day 21 March 2019.txt,32,100,21,63
KENDAL TIMMENS,"27 February 2019","London Academy",Sparta Day 27 February 2019.txt,32,100,20,52
KENDALL DAUGHTREY,"17 September 2019","London Academy",Sparta Day 17 September 2019.txt,32,100,21,50
KENDELL RUPPELE,"6 June 2019","Birmingham Academy",Sparta Day 6 June 2019.txt,32,100,22,59
KENDRA TWORT,"26 June 2019","London Academy",Sparta Day 26 June 2019.txt,32,100,21,57
KENDRICK COLLINETTE,"20 February 2019","London Academy",Sparta Day 20 February 2019.txt,32,100,27,41
KENN WOOLNER,"12 February 2019","London Academy",Sparta Day 12 February 2019.txt,32,100,21,48
KENTON ELVISH,"5 December 2019","Birmingham Academy",Sparta Day 5 December 2019.txt,32,100,15,58
KENTON KILGROVE,"4 June 2019","London Academy",Sparta Day 4 June 2019.txt,32,100,18,52
KERBY TRANFIELD,"28 February 2019","Birmingham Academy",Sparta Day 28 February 2019.txt,32,100,22,61
KERI CREWE,"30 January 2019","London Academy",Sparta Day 30 January 2019.txt,32,100,17,49
KERIANN CRAMBIE,"5 February 2019","London Academy",Sparta Day 5 February 2019.txt,32,100,18,64
KERMY CAVES,"29 August 2019","Birmingham Academy",Sparta Day 29 August 2019.txt,32,100,21,51
KERR ALLANSON,"24 July 2019","London Academy",Sparta Day 24 July 2019.txt,32,100,21,58
KERR COUCHA,"7 August 2019","London Academy",Sparta Day 7 August 2019.txt,32,100,15,59
KERRIE ROSI,"22 August 2019","Birmingham Academy",Sparta Day 22 August 2019.txt,32,100,21,54
KERRY BEEDLE,"5 September 2019","Birmingham Academy",Sparta Day 5 September 2019.txt,32,100,26,46
KERRY TALMAN,"22 May 2019","London Academy",Sparta Day 22 May 2019.txt,32,100,23,49
KERSTIN COUPER,"23 July 2019","London Academy",Sparta Day 23 July 2019.txt,32,100,22,52
KETTI MURRIGANS,"2 July 2019","London Academy",Sparta Day 2 July 2019.txt,32,100,19,42
KETTIE LUFKIN,"13 June 2019","Birmingham Academy",Sparta Day 13 June 2019.txt,32,100,18,49
KEVAN ELSEY,"30 April 2019","London Academy",Sparta Day 30 April 2019.txt,32,100,23,55
KEVON O'SHAVLAN,"14 March 2019","Birmingham Academy",Sparta Day 14 March 2019.txt,32,100,14,54
KHALIL VOSPER,"19 June 2019","London Academy",Sparta Day 19 June 2019.txt,32,100,14,58
KIAH PITTWOOD,"24 January 2019","Birmingham Academy",Sparta Day 24 January 2019.txt,32,100,18,68
KIAL GOWDY,"6 March 2019","London Academy",Sparta Day 6 March 2019.txt,32,100,22,52
KIEL MCMULLEN,"12 February 2019","London Academy",Sparta Day 12 February 2019.txt,32,100,20,50
KIELE LETFORD,"12 March 2019","London Academy",Sparta Day 12 March 2019.txt,32,100,24,54
KILEY CLAVEY,"31 January 2019","Birmingham Academy",Sparta Day 31 January 2019.txt,32,100,24,62
KIM BESTER,"26 June 2019","London Academy",Sparta Day 26 June 2019.txt,32,100,22,62
KIMBELL LASSETER,"16 April 2019","London Academy",Sparta Day 16 April 2019.txt,32,100,19,57
KIMBERLEY MCGEOUCH,"28 February 2019","Birmingham Academy",Sparta Day 28 February 2019.txt,32,100,18,64
KIMBLE BONDE,"3 January 2019","Birmingham Academy",Sparta Day 3 January 2019.txt,32,100,21,69
KIMMI BODELL,"26 February 2019","London Academy",Sparta Day 26 February 2019.txt,32,100,20,50
KIMMI EDGECUMBE,"12 June 2019","London Academy",Sparta Day 12 June 2019.txt,32,100,23,53
KIMMI GRADDELL,"6 November 2019","London Academy",Sparta Day 6 November 2019.txt,32,100,23,50
KINCAID OSIPOV,"2 January 2019","London Academy",Sparta Day 2 January 2019.txt,32,100,17,61
KING JANATKA,"18 September 2019","London Academy",Sparta Day 18 September 2019.txt,32,100,23,53
KINGSLEY HARDAKER,"28 August 2019","London Academy",Sparta Day 28 August 2019.txt,32,100,15,55
KINGSLY EMMER,"17 October 2019","Birmingham Academy",Sparta Day 17 October 2019.txt,32,100,16,40
KINGSLY LOWDWELL,"20 June 2019","Birmingham Academy",Sparta Day 20 June 2019.txt,32,100,16,63
KINGSTON COMSTY,"6 June 2019","Birmingham Academy",Sparta Day 6 June 2019.txt,32,100,18,59
KIPP LE HUQUET,"14 February 2019","Birmingham Academy",Sparta Day 14 February 2019.txt,32,100,21,64
KIPPY DALLON,"3 September 2019","London Academy",Sparta Day 3 September 2019.txt,32,100,18,53
KIRBEE CLEMENTET,"8 August 2019","Birmingham Academy",Sparta Day 8 August 2019.txt,32,100,18,56
KIRBY MINTER,"30 July 2019","London Academy",Sparta Day 30 July 2019.txt,32,100,12,54
KIRSTEN GRAVELL,"27 February 2019","London Academy",Sparta Day 27 February 2019.txt,32,100,20,49
KIRSTEN SPELMAN,"30 July 2019","London Academy",Sparta Day 30 July 2019.txt,32,100,20,53
KIRSTENI LOREN,"12 November 2019","London Academy",Sparta Day 12 November 2019.txt,32,100,22,54
KISSEE STROWTHERS,"23 October 2019","London Academy",Sparta Day 23 October 2019.txt,32,100,11,57
KIT ODDBOY,"24 January 2019","Birmingham Academy",Sparta Day 24 January 2019.txt,32,100,19,56
KITTY ALLEN,"2 July 2019","London Academy",Sparta Day 2 July 2019.txt,32,100,17,55
KITTY TRIGGOL,"9 April 2019","London Academy",Sparta Day 9 April 2019.txt,32,100,18,54
KIZZEE OLIVA,"2 May 2019","Birmingham Academy",Sparta Day 2 May 2019.txt,32,100,22,55
KIZZEE TOYNE,"12 February 2019","London Academy",Sparta Day 12 February 2019.txt,32,100,18,49
KLARIKA GRODDEN,"24 April 2019","London Academy",Sparta Day 24 April 2019.txt,32,100,14,49
KLARIKA GUDGIN,"6 March 2019","London Academy",Sparta Day 6 March 2019.txt,32,100,13,51
KLARIKA MCCONIGAL,"1 May 2019","London Academy",Sparta Day 1 May 2019.txt,32,100,22,48
KLARRISA ADAMOVITCH,"20 March 2019","London Academy",Sparta Day 20 March 2019.txt,32,100,17,49
KLEMENT HARLEY,"4 April 2019","Birmingham Academy",Sparta Day 4 April 2019.txt,32,100,25,64
KNOX MCGRAW,"30 April 2019","London Academy",Sparta Day 30 April 2019.txt,32,100,20,59
KONRAD MCCREADY,"24 January 2019","Birmingham Academy",Sparta Day 24 January 2019.txt,32,100,21,56
KONSTANTIN FUSCO,"9 January 2019","London Academy",Sparta Day 9 January 2019.txt,32,100,20,65
KONSTANTINE BADSEY,"25 April 2019","Birmingham Academy",Sparta Day 25 April 2019.txt,32,100,23,48
KONSTANTINE GIACOMONI,"1 October 2019","London Academy",Sparta Day 1 October 2019.txt,32,100,24,48
KONSTANZE TRYNOR,"27 November 2019","London Academy",Sparta Day 27 November 2019.txt,32,100,21,56
KORALLE BARTOCCI,"27 November 2019","London Academy",Sparta Day 27 November 2019.txt,32,100,19,59
KORE AMBURGY,"6 June 2019","Birmingham Academy",Sparta Day 6 June 2019.txt,32,100,21,61
KOREY ENNOR,"4 September 2019","London Academy",Sparta Day 4 September 2019.txt,32,100,22,45
KORRY KENWORTH,"17 October 2019","Birmingham Academy",Sparta Day 17 October 2019.txt,32,100,19,60
KRIS BALASSI,"4 September 2019","London Academy",Sparta Day 4 September 2019.txt,32,100,17,53
KRIS WHALEY,"30 July 2019","London Academy",Sparta Day 30 July 2019.txt,32,100,16,53
KRISTA TRETHEWEY,"17 September 2019","London Academy",Sparta Day 17 September 2019.txt,32,100,23,47
KRISTE YALLOP,"24 April 2019","London Academy",Sparta Day 24 April 2019.txt,32,100,18,43
KRISTIAN GIRHARD,"31 October 2019","Birmingham Academy",Sparta Day 31 October 2019.txt,32,100,23,54
KRISTIN BARDILL,"7 November 2019","Birmingham Academy",Sparta Day 7 November 2019.txt,32,100,15,61
KRISTIN HILLBORNE,"22 January 2019","London Academy",Sparta Day 22 January 2019.txt,32,100,26,54
KRISTIN MUNSON,"3 April 2019","London Academy",Sparta Day 3 April 2019.txt,32,100,20,49
KRISTOFER TRUNDLE,"28 November 2019","Birmingham Academy",Sparta Day 28 November 2019.txt,32,100,21,45
KRISTOFORO HEMPHREY,"5 March 2019","London Academy",Sparta Day 5 March 2019.txt,32,100,24,48
KRYSTALLE DEENEY,"20 June 2019","Birmingham Academy",Sparta Day 20 June 2019.txt,32,100,17,54
KRYSTALLE MUZZLEWHITE,"7 March 2019","Birmingham Academy",Sparta Day 7 March 2019.txt,32,100,16,42
KYLA CHADBURN,"27 February 2019","London Academy",Sparta Day 27 February 2019.txt,32,100,23,53
KYLA JANKOVSKY,"20 June 2019","Birmingham Academy",Sparta Day 20 June 2019.txt,32,100,24,61
KYLIE CORDELL,"18 July 2019","Birmingham Academy",Sparta Day 18 July 2019.txt,32,100,27,60
KYLIE DALMON,"27 November 2019","London Academy",Sparta Day 27 November 2019.txt,32,100,26,43
KYLIE MURNAME,"8 May 2019","London Academy",Sparta Day 8 May 2019.txt,32,100,15,61
KYLYNN JEWES,"17 January 2019","Birmingham Academy",Sparta Day 17 January 2019.txt,32,100,19,58
L;URETTE DAVELEY,"12 March 2019","London Academy",Sparta Day 12 March 2019.txt,32,100,22,63
LAETITIA POSTON,"9 January 2019","London Academy",Sparta Day 9 January 2019.txt,32,100,20,53
LAIRD GRECE,"17 July 2019","London Academy",Sparta Day 17 July 2019.txt,32,100,24,51
LALO HALTON,"9 April 2019","London Academy",Sparta Day 9 April 2019.txt,32,100,18,52
LAMAR MACGEBENAY,"17 September 2019","London Academy",Sparta Day 17 September 2019.txt,32,100,20,57
LAMBERT FORTNON,"1 October 2019","London Academy",Sparta Day 1 October 2019.txt,32,100,22,57
LAMBERT SANTORI,"9 May 2019","Birmingham Academy",Sparta Day 9 May 2019.txt,32,100,20,54
LAMOND LEVENSKY,"13 August 2019","London Academy",Sparta Day 13 August 2019.txt,32,100,22,68
LAMONT LEVERINGTON,"4 April 2019","Birmingham Academy",Sparta Day 4 April 2019.txt,32,100,20,44
LANAE CHRISTOPHLE,"14 February 2019","Birmingham Academy",Sparta Day 14 February 2019.txt,32,100,20,60
LANE MYRKUS,"13 February 2019","London Academy",Sparta Day 13 February 2019.txt,32,100,21,52
LANGSDON BRASHAW,"19 March 2019","London Academy",Sparta Day 19 March 2019.txt,32,100,14,56
LANGSTON ADAMSKI,"31 July 2019","London Academy",Sparta Day 31 July 2019.txt,32,100,23,54
LANIE ROMEUF,"24 October 2019","Birmingham Academy",Sparta Day 24 October 2019.txt,32,100,19,58
LANNA MILLEY,"6 June 2019","Birmingham Academy",Sparta Day 6 June 2019.txt,32,100,23,47
LANNI ARROWSMITH,"30 October 2019","London Academy",Sparta Day 30 October 2019.txt,32,100,19,53
LANNI LAVIS,"26 September 2019","Birmingham Academy",Sparta Day 26 September 2019.txt,32,100,21,57
LANNI OTTON,"25 June 2019","London Academy",Sparta Day 25 June 2019.txt,32,100,19,62
LANNIE MCDONELL,"14 November 2019","Birmingham Academy",Sparta Day 14 November 2019.txt,32,100,19,59
LANNIE MINISTER,"31 July 2019","London Academy",Sparta Day 31 July 2019.txt,32,100,24,68
LANNY ESPOSITA,"25 April 2019","Birmingham Academy",Sparta Day 25 April 2019.txt,32,100,23,49
LANNY WILLINGHAM,"28 November 2019","Birmingham Academy",Sparta Day 28 November 2019.txt,32,100,16,52
LARA DOUGHERTY,"4 December 2019","London Academy",Sparta Day 4 December 2019.txt,32,100,20,36
LARINE BURCOMBE,"19 February 2019","London Academy",Sparta Day 19 February 2019.txt,32,100,18,54
LARISA CORDERO,"3 September 2019","London Academy",Sparta Day 3 September 2019.txt,32,100,26,60
LARISA WARRINGTON,"2 July 2019","London Academy",Sparta Day 2 July 2019.txt,32,100,23,55
LARRY CLARIDGE,"18 June 2019","London Academy",Sparta Day 18 June 2019.txt,32,100,21,52
LATASHIA BRAMPTON,"28 November 2019","Birmingham Academy",Sparta Day 28 November 2019.txt,32,100,21,48
LATISHA IBEL,"3 April 2019","London Academy",Sparta Day 3 April 2019.txt,32,100,20,61
LATRINA SHINGLER,"6 March 2019","London Academy",Sparta Day 6 March 2019.txt,32,100,18,58
LAURAL O'TEAGUE,"13 March 2019","London Academy",Sparta Day 13 March 2019.txt,32,100,19,50
LAUREL EBBERS,"29 May 2019","London Academy",Sparta Day 29 May 2019.txt,32,100,16,54
LAUREL GILLOGLEY,"21 August 2019","London Academy",Sparta Day 21 August 2019.txt,32,100,25,59
LAURELLA DAINTREY,"7 May 2019","London Academy",Sparta Day 7 May 2019.txt,32,100,25,55
LAUREN BISTER,"20 March 2019","London Academy",Sparta Day 20 March 2019.txt,32,100,20,65
LAURENS ROUTHAM,"23 October 2019","London Academy",Sparta Day 23 October 2019.txt,32,100,20,61
LAURETTA BARTELL,"17 January 2019","Birmingham Academy",Sparta Day 17 January 2019.txt,32,100,24,51
LAURETTE HEMBLING,"9 July 2019","London Academy",Sparta Day 9 July 2019.txt,32,100,23,54
LAURIE HOGGAN,"14 May 2019","London Academy",Sparta Day 14 May 2019.txt,32,100,23,53
LAVENA MOEHLER,"9 April 2019","London Academy",Sparta Day 9 April 2019.txt,32,100,22,53
LAVINIE DE QUESNE,"2 April 2019","London Academy",Sparta Day 2 April 2019.txt,32,100,19,61
LAVINIE MARSHMAN,"18 June 2019","London Academy",Sparta Day 18 June 2019.txt,32,100,19,51
LAW MASSEN,"30 April 2019","London Academy",Sparta Day 30 April 2019.txt,32,100,20,60
LAWTON HIDDSLEY,"17 December 2019","London Academy",Sparta Day 17 December 2019.txt,32,100,17,58
LAWTON HOWLEY,"19 November 2019","London Academy",Sparta Day 19 November 2019.txt,32,100,27,52
LAWTON REDPATH,"2 May 2019","Birmingham Academy",Sparta Day 2 May 2019.txt,32,100,27,57
LAY TROSDALL,"16 April 2019","London Academy",Sparta Day 16 April 2019.txt,32,100,21,61
LAYNE LE FLEMING,"8 January 2019","London Academy",Sparta Day 8 January 2019.txt,32,100,24,54
LAYNE MCALINE,"25 July 2019","Birmingham Academy",Sparta Day 25 July 2019.txt,32,100,21,50
LAZAR SELIGSON,"17 January 2019","Birmingham Academy",Sparta Day 17 January 2019.txt,32,100,11,67
LAZARE NELLIES,"3 December 2019","London Academy",Sparta Day 3 December 2019.txt,32,100,21,53
LAZARUS HOOKE,"29 August 2019","Birmingham Academy",Sparta Day 29 August 2019.txt,32,100,22,62
LAZARUS VARLEY,"31 October 2019","Birmingham Academy",Sparta Day 31 October 2019.txt,32,100,24,60
LEA NORMINGTON,"26 June 2019","London Academy",Sparta Day 26 June 2019.txt,32,100,20,59
LEAH EARNEY,"9 April 2019","London Academy",Sparta Day 9 April 2019.txt,32,100,16,57
LEANDRA FUTTY,"9 May 2019","Birmingham Academy",Sparta Day 9 May 2019.txt,32,100,19,51
LEDA AHARONI,"13 August 2019","London Academy",Sparta Day 13 August 2019.txt,32,100,18,59
LEE AMBROGIOLI,"17 December 2019","London Academy",Sparta Day 17 December 2019.txt,32,100,20,63
LEE BERNOCCHI,"3 July 2019","London Academy",Sparta Day 3 July 2019.txt,32,100,17,51
LEE HOULWORTH,"14 February 2019","Birmingham Academy",Sparta Day 14 February 2019.txt,32,100,21,49
LEE MCILMOROW,"28 May 2019","London Academy",Sparta Day 28 May 2019.txt,32,100,20,55
LEEANNE ALLSEPP,"6 June 2019","Birmingham Academy",Sparta Day 6 June 2019.txt,32,100,22,60
LEELAND LOOKS,"3 January 2019","Birmingham Academy",Sparta Day 3 January 2019.txt,32,100,21,51
LEENA JOSELEVITCH,"3 December 2019","London Academy",Sparta Day 3 December 2019.txt,32,100,19,58
LEESE TUFFEY,"22 October 2019","London Academy",Sparta Day 22 October 2019.txt,32,100,22,63
LEICESTER BANKER,"12 November 2019","London Academy",Sparta Day 12 November 2019.txt,32,100,21,52
LEIF FORSYTH,"19 December 2019","Birmingham Academy",Sparta Day 19 December 2019.txt,32,100,21,58
LEIGH AJEAN,"20 November 2019","London Academy",Sparta Day 20 November 2019.txt,32,100,19,53
LEIGHA PAFFORD,"11 April 2019","Birmingham Academy",Sparta Day 11 April 2019.txt,32,100,17,50
LEIGHTON IDDY,"4 December 2019","London Academy",Sparta Day 4 December 2019.txt,32,100,24,61
LELAH NISOT,"21 March 2019","Birmingham Academy",Sparta Day 21 March 2019.txt,32,100,18,50
LELAND BAVERSTOCK,"20 March 2019","London Academy",Sparta Day 20 March 2019.txt,32,100,19,46
LELAND WITHER,"18 June 2019","London Academy",Sparta Day 18 June 2019.txt,32,100,20,58
LELIA SHINGLES,"23 October 2019","London Academy",Sparta Day 23 October 2019.txt,32,100,17,60
LEM BURBIDGE,"2 May 2019","Birmingham Academy",Sparta Day 2 May 2019.txt,32,100,24,54
LEMAR KINGSNOD,"12 December 2019","Birmingham Academy",Sparta Day 12 December 2019.txt,32,100,26,45
LEMMIE JENDRICH,"31 January 2019","Birmingham Academy",Sparta Day 31 January 2019.txt,32,100,24,54
LEMMIE WYLAM,"7 March 2019","Birmingham Academy",Sparta Day 7 March 2019.txt,32,100,22,61
LENNA DAULBY,"13 June 2019","Birmingham Academy",Sparta Day 13 June 2019.txt,32,100,24,58
LENNIE MOUNCHER,"7 February 2019","Birmingham Academy",Sparta Day 7 February 2019.txt,32,100,23,44
LENORA GANNICOTT,"19 June 2019","London Academy",Sparta Day 19 June 2019.txt,32,100,19,53
LENORA KARPINSKI,"4 September 2019","London Academy",Sparta Day 4 September 2019.txt,32,100,10,68
LEOLINE STELLI,"19 June 2019","London Academy",Sparta Day 19 June 2019.txt,32,100,19,59
LEOLINE VIGIETTI,"7 August 2019","London Academy",Sparta Day 7 August 2019.txt,32,100,18,55
LEONE PATMORE,"9 January 2019","London Academy",Sparta Day 9 January 2019.txt,32,100,14,52
LEONERD SCAMEL,"8 August 2019","Birmingham Academy",Sparta Day 8 August 2019.txt,32,100,23,52
LEONHARD FILKIN,"28 March 2019","Birmingham Academy",Sparta Day 28 March 2019.txt,32,100,21,57
LEONHARD SOGG,"12 February 2019","London Academy",Sparta Day 12 February 2019.txt,32,100,16,68
LEONID COULE,"30 April 2019","London Academy",Sparta Day 30 April 2019.txt,32,100,17,53
LEONORE PETTIFORD,"13 August 2019","London Academy",Sparta Day 13 August 2019.txt,32,100,21,62
LEOPOLD BOICHAT,"25 July 2019","Birmingham Academy",Sparta Day 25 July 2019.txt,32,100,23,60
LEROI SHURMER,"2 January 2019","London Academy",Sparta Day 2 January 2019.txt,32,100,18,51
LESLIE LOCHHEAD,"12 December 2019","Birmingham Academy",Sparta Day 12 December 2019.txt,32,100,20,41
LESTER WEDDEBURN - SCRIMGEOUR,"26 September 2019","Birmingham Academy",Sparta Day 26 September 2019.txt,32,100,22,54
LETHIA CROW,"19 December 2019","Birmingham Academy",Sparta Day 19 December 2019.txt,32,100,21,56
LETIZIA MCKERN,"4 July 2019","Birmingham Academy",Sparta Day 4 July 2019.txt,32,100,18,57
LETIZIA PERSENCE,"20 June 2019","Birmingham Academy",Sparta Day 20 June 2019.txt,32,100,19,68
LETTA HALSTON,"8 August 2019","Birmingham Academy",Sparta Day 8 August 2019.txt,32,100,22,50
LEVI SAVARY,"22 October 2019","London Academy",Sparta Day 22 October 2019.txt,32,100,19,49
LEVY LANAHAN,"5 September 2019","Birmingham Academy",Sparta Day 5 September 2019.txt,32,100,23,42
LEVY STANDAGE,"25 June 2019","London Academy",Sparta Day 25 June 2019.txt,32,100,17,57
LEW BARTLOMIECZAK,"10 October 2019","Birmingham Academy",Sparta Day 10 October 2019.txt,32,100,23,63
LEWISS SABBAN,"5 June 2019","London Academy",Sparta Day 5 June 2019.txt,32,100,16,50
LEXINE RAPSON,"18 June 2019","London Academy",Sparta Day 18 June 2019.txt,32,100,21,61
LEYLA THREADGOLD,"10 September 2019","London Academy",Sparta Day 10 September 2019.txt,32,100,18,54
LEZLEY PELERIN,"14 November 2019","Birmingham Academy",Sparta Day 14 November 2019.txt,32,100,21,45
LIA GINNALY,"21 March 2019","Birmingham Academy",Sparta Day 21 March 2019.txt,32,100,22,53
LIANA JOHANNES,"11 September 2019","London Academy",Sparta Day 11 September 2019.txt,32,100,21,39
LIANE LORENTE,"29 May 2019","London Academy",Sparta Day 29 May 2019.txt,32,100,19,52
LIB HALLIBURTON,"28 November 2019","Birmingham Academy",Sparta Day 28 November 2019.txt,32,100,20,54
LIBBIE PLUCK,"10 April 2019","London Academy",Sparta Day 10 April 2019.txt,32,100,19,51
LILIAN EYER,"6 March 2019","London Academy",Sparta Day 6 March 2019.txt,32,100,22,53
LILIAS MC GORLEY,"10 September 2019","London Academy",Sparta Day 10 September 2019.txt,32,100,17,50
LILLI LE BROM,"10 January 2019","Birmingham Academy",Sparta Day 10 January 2019.txt,32,100,23,47
LILLLIE KUN,"13 February 2019","London Academy",Sparta Day 13 February 2019.txt,32,100,20,61
LILLY ANDREASEN,"26 September 2019","Birmingham Academy",Sparta Day 26 September 2019.txt,32,100,20,66
LINC HALLEX,"20 June 2019","Birmingham Academy",Sparta Day 20 June 2019.txt,32,100,25,50
LINC RIDGWAY,"17 July 2019","London Academy",Sparta Day 17 July 2019.txt,32,100,23,68
LIND FEREBEE,"25 June 2019","London Academy",Sparta Day 25 June 2019.txt,32,100,25,51
LINDA LUTO,"27 August 2019","London Academy",Sparta Day 27 August 2019.txt,32,100,12,52
LINDON MEE,"23 October 2019","London Academy",Sparta Day 23 October 2019.txt,32,100,22,53
LINDSAY HENINGHEM,"4 December 2019","London Academy",Sparta Day 4 December 2019.txt,32,100,21,39
LINDSEY ANSTEY,"27 November 2019","London Academy",Sparta Day 27 November 2019.txt,32,100,23,50
LINDSEY GERWOOD,"29 August 2019","Birmingham Academy",Sparta Day 29 August 2019.txt,32,100,18,56
LINDY CROYDEN,"14 November 2019","Birmingham Academy",Sparta Day 14 November 2019.txt,32,100,24,55
LINETTE GILHOOLIE,"1 October 2019","London Academy",Sparta Day 1 October 2019.txt,32,100,19,55
LINETTE HENDONSON,"18 December 2019","London Academy",Sparta Day 18 December 2019.txt,32,100,17,46
LINN MINERS,"2 April 2019","London Academy",Sparta Day 2 April 2019.txt,32,100,19,46
LINNEA DULLING,"15 January 2019","London Academy",Sparta Day 15 January 2019.txt,32,100,16,64
LINNIE ESTERBROOK,"13 November 2019","London Academy",Sparta Day 13 November 2019.txt,32,100,16,49
LINOEL FISSENDEN,"17 January 2019","Birmingham Academy",Sparta Day 17 January 2019.txt,32,100,19,59
LINUS PIETRUSZEWICZ,"16 May 2019","Birmingham Academy",Sparta Day 16 May 2019.txt,32,100,21,58
LISE OGILVIE,"9 May 2019","Birmingham Academy",Sparta Day 9 May 2019.txt,32,100,18,56
LISE WILDMAN,"9 April 2019","London Academy",Sparta Day 9 April 2019.txt,32,100,23,60
LISHA KEAVENY,"12 March 2019","London Academy",Sparta Day 12 March 2019.txt,32,100,16,55
LISLE STOLLI,"18 September 2019","London Academy",Sparta Day 18 September 2019.txt,32,100,20,70
LISSA PUMFRETT,"11 July 2019","Birmingham Academy",Sparta Day 11 July 2019.txt,32,100,18,59
LIUKA DRISSELL,"20 February 2019","London Academy",Sparta Day 20 February 2019.txt,32,100,20,55
LIVVIE SCHNEIDAU,"20 November 2019","London Academy",Sparta Day 20 November 2019.txt,32,100,21,57
LLYWELLYN BECKITT,"24 September 2019","London Academy",Sparta Day 24 September 2019.txt,32,100,19,58
LLYWELLYN HOGGINS,"21 February 2019","Birmingham Academy",Sparta Day 21 February 2019.txt,32,100,22,62
LOCK ELLERKER,"4 July 2019","Birmingham Academy",Sparta Day 4 July 2019.txt,32,100,23,54
LOCKE LACELETT,"15 October 2019","London Academy",Sparta Day 15 October 2019.txt,32,100,19,56
LOELLA LONNON,"6 August 2019","London Academy",Sparta Day 6 August 2019.txt,32,100,24,55
LOELLA THOMEL,"12 December 2019","Birmingham Academy",Sparta Day 12 December 2019.txt,32,100,22,45
LOLA EBSWORTH,"30 October 2019","London Academy",Sparta Day 30 October 2019.txt,32,100,22,57
LON GILLIMGHAM,"10 April 2019","London Academy",Sparta Day 10 April 2019.txt,32,100,18,56
LONNARD O'NEILL,"18 July 2019","Birmingham Academy",Sparta Day 18 July 2019.txt,32,100,15,50
LONNARD WETTON,"24 October 2019","Birmingham Academy",Sparta Day 24 October 2019.txt,32,100,23,49
LORA KIEBES,"18 December 2019","London Academy",Sparta Day 18 December 2019.txt,32,100,18,61
LORAINE COLVILLE,"26 February 2019","London Academy",Sparta Day 26 February 2019.txt,32,100,24,54
LORALIE EXROLL,"10 October 2019","Birmingham Academy",Sparta Day 10 October 2019.txt,32,100,20,53
LORALYN DIBBS,"10 September 2019","London Academy",Sparta Day 10 September 2019.txt,32,100,18,46
LORANT PESIC,"14 March 2019","Birmingham Academy",Sparta Day 14 March 2019.txt,32,100,26,49
LOREE ABBOT,"7 May 2019","London Academy",Sparta Day 7 May 2019.txt,32,100,17,60
LOREE HINKENS,"1 May 2019","London Academy",Sparta Day 1 May 2019.txt,32,100,16,54
LORIA MENLOW,"12 September 2019","Birmingham Academy",Sparta Day 12 September 2019.txt,32,100,20,57
LORIANNA WEINHAM,"16 January 2019","London Academy",Sparta Day 16 January 2019.txt,32,100,18,53
LORIANNE POTTICARY,"24 April 2019","London Academy",Sparta Day 24 April 2019.txt,32,100,21,56
LORIN JOZEF,"17 October 2019","Birmingham Academy",Sparta Day 17 October 2019.txt,32,100,17,50
LORINDA O'CROTTY,"9 October 2019","London Academy",Sparta Day 9 October 2019.txt,32,100,20,42
LORINE BIGNALL,"1 August 2019","Birmingham Academy",Sparta Day 1 August 2019.txt,32,100,17,59
LORITA LITCHMORE,"14 November 2019","Birmingham Academy",Sparta Day 14 November 2019.txt,32,100,16,52
LORNE FARRAND,"7 November 2019","Birmingham Academy",Sparta Day 7 November 2019.txt,32,100,11,56
LORRIN FILLER,"21 February 2019","Birmingham Academy",Sparta Day 21 February 2019.txt,32,100,20,61
LORRIN TREMBLOT,"29 October 2019","London Academy",Sparta Day 29 October 2019.txt,32,100,15,54
LORY BRUCKMAN,"11 July 2019","Birmingham Academy",Sparta Day 11 July 2019.txt,32,100,19,53
LOTTE WITHEROP,"12 March 2019","London Academy",Sparta Day 12 March 2019.txt,32,100,24,59
LOTTIE JANMAN,"27 March 2019","London Academy",Sparta Day 27 March 2019.txt,32,100,24,46
LOUELLA CUPPITT,"5 June 2019","London Academy",Sparta Day 5 June 2019.txt,32,100,17,54
LOUELLA PARRADYE,"18 December 2019","London Academy",Sparta Day 18 December 2019.txt,32,100,25,53
LOUISE DOWSE,"16 April 2019","London Academy",Sparta Day 16 April 2019.txt,32,100,20,50
LOWRANCE BRACH,"3 July 2019","London Academy",Sparta Day 3 July 2019.txt,32,100,18,48
LOY MULVY,"30 January 2019","London Academy",Sparta Day 30 January 2019.txt,32,100,22,59
LUCA GOKES,"9 July 2019","London Academy",Sparta Day 9 July 2019.txt,32,100,26,67
LUCAS DUTHIE,"31 October 2019","Birmingham Academy",Sparta Day 31 October 2019.txt,32,100,21,54
LUCE MIDDEN,"13 February 2019","London Academy",Sparta Day 13 February 2019.txt,32,100,23,60
LUCHO SHIRES,"22 October 2019","London Academy",Sparta Day 22 October 2019.txt,32,100,14,54
LUCIAN LUCKIN,"23 May 2019","Birmingham Academy",Sparta Day 23 May 2019.txt,32,100,24,52
LUCIAS HAGGARTY,"12 November 2019","London Academy",Sparta Day 12 November 2019.txt,32,100,21,63
LUCINA BANASZEWSKI,"26 September 2019","Birmingham Academy",Sparta Day 26 September 2019.txt,32,100,19,50
LUCITA PETTMAN,"29 January 2019","London Academy",Sparta Day 29 January 2019.txt,32,100,20,50
LUCIUS BUSWELL,"4 June 2019","London Academy",Sparta Day 4 June 2019.txt,32,100,26,57
LUDOVICO ORRIDGE,"2 May 2019","Birmingham Academy",Sparta Day 2 May 2019.txt,32,100,17,52
LUDVIG GRZES,"16 July 2019","London Academy",Sparta Day 16 July 2019.txt,32,100,19,53
LUDVIG LA GRANGE,"12 November 2019","London Academy",Sparta Day 12 November 2019.txt,32,100,15,55
LUIGI METHLEY,"22 October 2019","London Academy",Sparta Day 22 October 2019.txt,32,100,23,64
LUISA GRIFFE,"30 October 2019","London Academy",Sparta Day 30 October 2019.txt,32,100,20,64
LUKE ABLE,"10 April 2019","London Academy",Sparta Day 10 April 2019.txt,32,100,22,51
LULA TITLEY,"28 February 2019","Birmingham Academy",Sparta Day 28 February 2019.txt,32,100,18,47
LURLEEN CESTARD,"30 April 2019","London Academy",Sparta Day 30 April 2019.txt,32,100,29,67
LURLEEN MORO,"18 December 2019","London Academy",Sparta Day 18 December 2019.txt,32,100,17,54
LURLEEN SYMSON,"22 January 2019","London Academy",Sparta Day 22 January 2019.txt,32,100,20,58
LURLINE SOUNESS,"24 September 2019","London Academy",Sparta Day 24 September 2019.txt,32,100,21,55
LURLINE STIRTLE,"11 July 2019","Birmingham Academy",Sparta Day 11 July 2019.txt,32,100,23,57
LUTERO WINNING,"24 January 2019","Birmingham Academy",Sparta Day 24 January 2019.txt,32,100,23,58
LUTHER AIMERIC,"26 November 2019","London Academy",Sparta Day 26 November 2019.txt,32,100,19,54
LUTHER WADDILOW,"23 January 2019","London Academy",Sparta Day 23 January 2019.txt,32,100,22,60
LUZ GASPARRO,"8 August 2019","Birmingham Academy",Sparta Day 8 August 2019.txt,32,100,27,52
LY FERRO,"13 August 2019","London Academy",Sparta Day 13 August 2019.txt,32,100,21,54
LYDIE BROADFIELD,"27 February 2019","London Academy",Sparta Day 27 February 2019.txt,32,100,15,58
LYELL SANDELL,"6 June 2019","Birmingham Academy",Sparta Day 6 June 2019.txt,32,100,15,61
LYNDSEY RELPH,"5 November 2019","London Academy",Sparta Day 5 November 2019.txt,32,100,23,60
LYNDSIE BAILLES,"13 March 2019","London Academy",Sparta Day 13 March 2019.txt,32,100,22,58
LYNEA FITZSYMON,"9 April 2019","London Academy",Sparta Day 9 April 2019.txt,32,100,18,59
LYNEA HEUSTICE,"6 March 2019","London Academy",Sparta Day 6 March 2019.txt,32,100,22,52
LYNETTE INGRAM,"20 February 2019","London Academy",Sparta Day 20 February 2019.txt,32,100,10,58
LYNNELL SAMBER,"9 April 2019","London Academy",Sparta Day 9 April 2019.txt,32,100,21,58
LYNNETT SWIN,"16 January 2019","London Academy",Sparta Day 16 January 2019.txt,32,100,23,58
MABEL WATTINS,"27 November 2019","London Academy",Sparta Day 27 November 2019.txt,32,100,22,61
MAC BIRKINSHAW,"25 June 2019","London Academy",Sparta Day 25 June 2019.txt,32,100,8,56
MADALYN FACEY,"15 October 2019","London Academy",Sparta Day 15 October 2019.txt,32,100,25,60
MADELEINE BRUNICKE,"11 July 2019","Birmingham Academy",Sparta Day 11 July 2019.txt,32,100,16,67
MADELEINE YOUNGLOVE,"6 August 2019","London Academy",Sparta Day 6 August 2019.txt,32,100,19,69
MADELINA OSMANT,"3 September 2019","London Academy",Sparta Day 3 September 2019.txt,32,100,23,49
MADELYN PETRENKO,"28 November 2019","Birmingham Academy",Sparta Day 28 November 2019.txt,32,100,17,49
MADISON GETCH,"12 November 2019","London Academy",Sparta Day 12 November 2019.txt,32,100,18,59
MAEGAN CHADD,"26 November 2019","London Academy",Sparta Day 26 November 2019.txt,32,100,23,60
MAGDA MCKIRTON,"5 February 2019","London Academy",Sparta Day 5 February 2019.txt,32,100,18,57
MAGGIE DOLDEN,"11 July 2019","Birmingham Academy",Sparta Day 11 July 2019.txt,32,100,28,53
MAGGY CLAPISON,"7 May 2019","London Academy",Sparta Day 7 May 2019.txt,32,100,20,56
MAGGY O'CLEARY,"26 February 2019","London Academy",Sparta Day 26 February 2019.txt,32,100,15,53
MAHALA BENADETTE,"21 March 2019","Birmingham Academy",Sparta Day 21 March 2019.txt,32,100,20,58
MAHMUD MOLINEUX,"20 August 2019","London Academy",Sparta Day 20 August 2019.txt,32,100,18,61
MAIBLE ANTIC,"18 June 2019","London Academy",Sparta Day 18 June 2019.txt,32,100,18,53
MAIGA GRIFFIN,"24 October 2019","Birmingham Academy",Sparta Day 24 October 2019.txt,32,100,20,54
MAISIE SKELTON,"5 September 2019","Birmingham Academy",Sparta Day 5 September 2019.txt,32,100,15,56
MAISON PURSE,"17 December 2019","London Academy",Sparta Day 17 December 2019.txt,32,100,20,61
MAITILDE BLABEY,"26 November 2019","London Academy",Sparta Day 26 November 2019.txt,32,100,22,69
MAJE VALLIS,"10 July 2019","London Academy",Sparta Day 10 July 2019.txt,32,100,22,62
MALACHI CARLISSO,"19 February 2019","London Academy",Sparta Day 19 February 2019.txt,32,100,24,75
MALCOLM WHITTIER,"25 September 2019","London Academy",Sparta Day 25 September 2019.txt,32,100,25,59
MALIA CHECCUCCI,"25 June 2019","London Academy",Sparta Day 25 June 2019.txt,32,100,21,57
MALINA CASACCIA,"11 September 2019","London Academy",Sparta Day 11 September 2019.txt,32,100,23,65
MALINDE MOWSDALE,"18 September 2019","London Academy",Sparta Day 18 September 2019.txt,32,100,22,47
MALLORY CHALLIS,"30 January 2019","London Academy",Sparta Day 30 January 2019.txt,32,100,21,57
MALVIN PENRITH,"10 October 2019","Birmingham Academy",Sparta Day 10 October 2019.txt,32,100,23,61
MALVINA WHITEFORD,"11 June 2019","London Academy",Sparta Day 11 June 2019.txt,32,100,24,53
MAME KNEAPHSEY,"28 March 2019","Birmingham Academy",Sparta Day 28 March 2019.txt,32,100,24,53
MAME THEURER,"11 July 2019","Birmingham Academy",Sparta Day 11 July 2019.txt,32,100,20,39
MAMIE SPERRETT,"23 April 2019","London Academy",Sparta Day 23 April 2019.txt,32,100,26,60
MANDY MARGARET,"18 April 2019","Birmingham Academy",Sparta Day 18 April 2019.txt,32,100,14,48
MANFRED DMITROVIC,"13 November 2019","London Academy",Sparta Day 13 November 2019.txt,32,100,11,37
MANFRED SWYER-SEXEY,"4 September 2019","London Academy",Sparta Day 4 September 2019.txt,32,100,19,52
MANON CLUTTERHAM,"11 September 2019","London Academy",Sparta Day 11 September 2019.txt,32,100,26,59
MANUEL BROWNSWORD,"9 October 2019","London Academy",Sparta Day 9 October 2019.txt,32,100,23,57
MANYA AJSIK,"12 February 2019","London Academy",Sparta Day 12 February 2019.txt,32,100,19,54
MARC EXTANCE,"17 January 2019","Birmingham Academy",Sparta Day 17 January 2019.txt,32,100,16,46
MARC RUBINSAFT,"9 May 2019","Birmingham Academy",Sparta Day 9 May 2019.txt,32,100,12,46
MARCELA PASS,"27 August 2019","London Academy",Sparta Day 27 August 2019.txt,32,100,25,51
MARCELA RIDING,"25 July 2019","Birmingham Academy",Sparta Day 25 July 2019.txt,32,100,19,59
MARCELLINA PING,"21 August 2019","London Academy",Sparta Day 21 August 2019.txt,32,100,19,53
MARCHALL POCKLINGTON,"25 June 2019","London Academy",Sparta Day 25 June 2019.txt,32,100,18,58
MARCO TORRA,"19 February 2019","London Academy",Sparta Day 19 February 2019.txt,32,100,20,65
MARCY ROUT,"26 March 2019","London Academy",Sparta Day 26 March 2019.txt,32,100,20,47
MARCY TREAT,"14 May 2019","London Academy",Sparta Day 14 May 2019.txt,32,100,20,56
MAREN BURGOTT,"25 June 2019","London Academy",Sparta Day 25 June 2019.txt,32,100,21,38
MARGA HENRYSON,"30 April 2019","London Academy",Sparta Day 30 April 2019.txt,32,100,23,53
MARGA SIMMIG,"15 January 2019","London Academy",Sparta Day 15 January 2019.txt,32,100,24,56
MARGARETE OSBURN,"9 October 2019","London Academy",Sparta Day 9 October 2019.txt,32,100,25,48
MARGARETTA GEDLING,"16 October 2019","London Academy",Sparta Day 16 October 2019.txt,32,100,25,55
MARGERY WINSPUR,"7 August 2019","London Academy",Sparta Day 7 August 2019.txt,32,100,16,50
MARI LOTTERINGTON,"11 December 2019","London Academy",Sparta Day 11 December 2019.txt,32,100,22,50
MARIANNA CASA,"31 October 2019","Birmingham Academy",Sparta Day 31 October 2019.txt,32,100,16,55
MARIANNE PIETRUSZKA,"27 February 2019","London Academy",Sparta Day 27 February 2019.txt,32,100,21,60
MARIE-ANN VAAR,"17 April 2019","London Academy",Sparta Day 17 April 2019.txt,32,100,21,52
MARIEJEANNE SEATTER,"22 October 2019","London Academy",Sparta Day 22 October 2019.txt,32,100,20,55
MARIEL BARTEL,"11 September 2019","London Academy",Sparta Day 11 September 2019.txt,32,100,17,53
MARIEL DEI,"2 October 2019","London Academy",Sparta Day 2 October 2019.txt,32,100,15,58
MARIELE STEEDMAN,"2 January 2019","London Academy",Sparta Day 2 January 2019.txt,32,100,19,65
MARIELLE KNIVETT,"1 August 2019","Birmingham Academy",Sparta Day 1 August 2019.txt,32,100,18,52
MARIKA MASSARD,"26 February 2019","London Academy",Sparta Day 26 February 2019.txt,32,100,18,54
MARILLIN ROSENDALL,"5 June 2019","London Academy",Sparta Day 5 June 2019.txt,32,100,16,64
MARINNA KROJN,"7 August 2019","London Academy",Sparta Day 7 August 2019.txt,32,100,14,42
MARION CONSADINE,"15 August 2019","Birmingham Academy",Sparta Day 15 August 2019.txt,32,100,20,60
MARION SCARTIFIELD,"21 August 2019","London Academy",Sparta Day 21 August 2019.txt,32,100,19,44
MARIQUILLA COWOPE,"14 August 2019","London Academy",Sparta Day 14 August 2019.txt,32,100,21,51
MARIUS DE RECHTER,"5 September 2019","Birmingham Academy",Sparta Day 5 September 2019.txt,32,100,22,54
MARIUS SOLTAN,"30 May 2019","Birmingham Academy",Sparta Day 30 May 2019.txt,32,100,22,55
MARJA MORFIELD,"28 November 2019","Birmingham Academy",Sparta Day 28 November 2019.txt,32,100,20,68
MARK BECKINGHAM,"10 September 2019","London Academy",Sparta Day 10 September 2019.txt,32,100,28,63
MARKETA PATTON,"20 November 2019","London Academy",Sparta Day 20 November 2019.txt,32,100,15,55
MARKOS ORWIN,"22 October 2019","London Academy",Sparta Day 22 October 2019.txt,32,100,26,67
MARKOS WALTER,"16 July 2019","London Academy",Sparta Day 16 July 2019.txt,32,100,24,51
MARKUS GAME,"30 April 2019","London Academy",Sparta Day 30 April 2019.txt,32,100,25,58
MARLON RESIDE,"30 July 2019","London Academy",Sparta Day 30 July 2019.txt,32,100,18,55
MARLON TOMALA,"24 January 2019","Birmingham Academy",Sparta Day 24 January 2019.txt,32,100,15,59
MARLOW GIOCANNONI,"6 August 2019","London Academy",Sparta Day 6 August 2019.txt,32,100,18,49
MARLOW TURBITT,"2 July 2019","London Academy",Sparta Day 2 July 2019.txt,32,100,21,43
MARLOWE BAXSTARE,"18 December 2019","London Academy",Sparta Day 18 December 2019.txt,32,100,17,45
MARLYN PALLESKE,"14 May 2019","London Academy",Sparta Day 14 May 2019.txt,32,100,19,59
MARMADUKE BRATCH,"26 February 2019","London Academy",Sparta Day 26 February 2019.txt,32,100,17,50
MARMADUKE KIEFER,"16 October 2019","London Academy",Sparta Day 16 October 2019.txt,32,100,21,64
MARNA MATSKEVICH,"30 July 2019","London Academy",Sparta Day 30 July 2019.txt,32,100,19,57
MARNI MUMBERSON,"6 February 2019","London Academy",Sparta Day 6 February 2019.txt,32,100,23,67
MARQUITA FORRINGTON,"20 June 2019","Birmingham Academy",Sparta Day 20 June 2019.txt,32,100,17,60
MARQUITA GATEHOUSE,"9 October 2019","London Academy",Sparta Day 9 October 2019.txt,32,100,23,51
MARSHA COULTER,"10 September 2019","London Academy",Sparta Day 10 September 2019.txt,32,100,22,60
MARSHA LIPPETT,"17 July 2019","London Academy",Sparta Day 17 July 2019.txt,32,100,22,48
MARSHAL DARYCOTT,"5 November 2019","London Academy",Sparta Day 5 November 2019.txt,32,100,25,60
MART GRESER,"26 February 2019","London Academy",Sparta Day 26 February 2019.txt,32,100,16,61
MART HAGGERSTONE,"12 December 2019","Birmingham Academy",Sparta Day 12 December 2019.txt,32,100,23,57
MARTELLE VENEUR,"16 July 2019","London Academy",Sparta Day 16 July 2019.txt,32,100,14,43
MARTICA CAWSE,"8 August 2019","Birmingham Academy",Sparta Day 8 August 2019.txt,32,100,17,57
MARTIN OLYFANT,"9 July 2019","London Academy",Sparta Day 9 July 2019.txt,32,100,18,49
MARTITA HUGLE,"23 October 2019","London Academy",Sparta Day 23 October 2019.txt,32,100,25,57
MARVE BOATSWAIN,"18 December 2019","London Academy",Sparta Day 18 December 2019.txt,32,100,24,56
MARVIN GORGER,"19 June 2019","London Academy",Sparta Day 19 June 2019.txt,32,100,19,63
MARY DARNBROUGH,"30 October 2019","London Academy",Sparta Day 30 October 2019.txt,32,100,23,62
MARYANN SCARRE,"2 April 2019","London Academy",Sparta Day 2 April 2019.txt,32,100,25,40
MARYANNA SEENEY,"11 June 2019","London Academy",Sparta Day 11 June 2019.txt,32,100,18,50
MARYELLEN VASOVIC,"20 August 2019","London Academy",Sparta Day 20 August 2019.txt,32,100,16,65
MARYSA HEATHORN,"15 May 2019","London Academy",Sparta Day 15 May 2019.txt,32,100,23,67
MATA FARRELL,"8 May 2019","London Academy",Sparta Day 8 May 2019.txt,32,100,20,50
MATELDA CHASTENET,"12 September 2019","Birmingham Academy",Sparta Day 12 September 2019.txt,32,100,23,51
MATEO HANBURRY,"15 October 2019","London Academy",Sparta Day 15 October 2019.txt,32,100,21,58
MATHIAN CREWS,"18 June 2019","London Academy",Sparta Day 18 June 2019.txt,32,100,25,43
MATHILDA BURMAN,"5 September 2019","Birmingham Academy",Sparta Day 5 September 2019.txt,32,100,22,47
MATHILDE KEPPIN,"2 July 2019","London Academy",Sparta Day 2 July 2019.txt,32,100,19,54
MATILDA MATTIESSEN,"25 June 2019","London Academy",Sparta Day 25 June 2019.txt,32,100,22,59
MATILDA SKEEL,"22 May 2019","London Academy",Sparta Day 22 May 2019.txt,32,100,22,47
MATT ROOCROFT,"2 July 2019","London Academy",Sparta Day 2 July 2019.txt,32,100,23,42
MATTEO CORNEWELL,"27 August 2019","London Academy",Sparta Day 27 August 2019.txt,32,100,16,50
MATTEO YEOWELL,"1 August 2019","Birmingham Academy",Sparta Day 1 August 2019.txt,32,100,18,57
MATTHAEUS AUDAS,"30 April 2019","London Academy",Sparta Day 30 April 2019.txt,32,100,20,59
MATTHAEUS STICKENS,"5 March 2019","London Academy",Sparta Day 5 March 2019.txt,32,100,24,55
MATTHEW JEMISON,"21 May 2019","London Academy",Sparta Day 21 May 2019.txt,32,100,14,70
MATTHEW TUMILSON,"12 December 2019","Birmingham Academy",Sparta Day 12 December 2019.txt,32,100,20,54
MATTHIAS BURNS,"1 May 2019","London Academy",Sparta Day 1 May 2019.txt,32,100,22,53
MATTHIEU DULAKE,"31 July 2019","London Academy",Sparta Day 31 July 2019.txt,32,100,22,58
MATTHIEW OLEKHOV,"5 February 2019","London Academy",Sparta Day 5 February 2019.txt,32,100,19,47
MATTHIEW TUMBRIDGE,"4 June 2019","London Academy",Sparta Day 4 June 2019.txt,32,100,15,56
MATTIAS BLANPEIN,"19 March 2019","London Academy",Sparta Day 19 March 2019.txt,32,100,18,58
MATTY CALIFORNIA,"22 January 2019","London Academy",Sparta Day 22 January 2019.txt,32,100,19,45
MATTY CENEY,"8 August 2019","Birmingham Academy",Sparta Day 8 August 2019.txt,32,100,24,56
MAUDE ITHELL,"12 September 2019","Birmingham Academy",Sparta Day 12 September 2019.txt,32,100,18,52
MAUDIE DADSWELL,"19 February 2019","London Academy",Sparta Day 19 February 2019.txt,32,100,23,59
MAURE TINK,"17 April 2019","London Academy",Sparta Day 17 April 2019.txt,32,100,17,47
MAURICE YAKHIN,"29 August 2019","Birmingham Academy",Sparta Day 29 August 2019.txt,32,100,22,63
MAURINE VEDENYAKIN,"13 March 2019","London Academy",Sparta Day 13 March 2019.txt,32,100,20,51
MAURISE PAWFOOT,"2 October 2019","London Academy",Sparta Day 2 October 2019.txt,32,100,19,49
MAURITA GIMBLET,"2 April 2019","London Academy",Sparta Day 2 April 2019.txt,32,100,22,62
MAURITA SERGISON,"6 August 2019","London Academy",Sparta Day 6 August 2019.txt,32,100,29,42
MAURITS ALGER,"21 February 2019","Birmingham Academy",Sparta Day 21 February 2019.txt,32,100,21,59
MAURY HALLYBONE,"19 June 2019","London Academy",Sparta Day 19 June 2019.txt,32,100,16,49
MAXI HIGHWOOD,"11 June 2019","London Academy",Sparta Day 11 June 2019.txt,32,100,25,48
MAXI MACGAUGHEY,"15 May 2019","London Academy",Sparta Day 15 May 2019.txt,32,100,25,56
MAXIE THAIRS,"3 July 2019","London Academy",Sparta Day 3 July 2019.txt,32,100,15,60
MAXIE YERBORN,"5 December 2019","Birmingham Academy",Sparta Day 5 December 2019.txt,32,100,22,72
MAXWELL FADELL,"26 March 2019","London Academy",Sparta Day 26 March 2019.txt,32,100,16,61
MAXWELL WYER,"1 May 2019","London Academy",Sparta Day 1 May 2019.txt,32,100,21,50
MAXY BENSEN,"18 July 2019","Birmingham Academy",Sparta Day 18 July 2019.txt,32,100,25,63
MAXY HEELEY,"30 January 2019","London Academy",Sparta Day 30 January 2019.txt,32,100,23,54
MAXY SERJENT,"23 April 2019","London Academy",Sparta Day 23 April 2019.txt,32,100,17,45
MAY CHEALES,"21 March 2019","Birmingham Academy",Sparta Day 21 March 2019.txt,32,100,14,53
MAYE TARGETTER,"1 August 2019","Birmingham Academy",Sparta Day 1 August 2019.txt,32,100,19,45
MEAD STOLTING,"29 August 2019","Birmingham Academy",Sparta Day 29 August 2019.txt,32,100,24,56
MEADE ISAKOVIC,"21 November 2019","Birmingham Academy",Sparta Day 21 November 2019.txt,32,100,17,59
MEAGAN OSMON,"23 April 2019","London Academy",Sparta Day 23 April 2019.txt,32,100,17,62
MECHELLE LARKWORTHY,"27 November 2019","London Academy",Sparta Day 27 November 2019.txt,32,100,20,43
MEGAN HALLIHAN,"30 May 2019","Birmingham Academy",Sparta Day 30 May 2019.txt,32,100,19,59
MEGEN DURTNALL,"8 May 2019","London Academy",Sparta Day 8 May 2019.txt,32,100,26,64
MEGGIE SIDSAFF,"10 January 2019","Birmingham Academy",Sparta Day 10 January 2019.txt,32,100,18,52
MEL LAFONTAINE,"24 January 2019","Birmingham Academy",Sparta Day 24 January 2019.txt,32,100,19,64
MELA BURGILL,"9 July 2019","London Academy",Sparta Day 9 July 2019.txt,32,100,18,57
MELAMIE KEERS,"11 June 2019","London Academy",Sparta Day 11 June 2019.txt,32,100,22,61
MELAMIE STREAT,"11 July 2019","Birmingham Academy",Sparta Day 11 July 2019.txt,32,100,22,48
MELANIE DAWBURY,"14 May 2019","London Academy",Sparta Day 14 May 2019.txt,32,100,24,50
MELBA COBAIN,"16 January 2019","London Academy",Sparta Day 16 January 2019.txt,32,100,22,44
MELESA MAULT,"7 August 2019","London Academy",Sparta Day 7 August 2019.txt,32,100,17,51
MELINDA OCKLIN,"21 March 2019","Birmingham Academy",Sparta Day 21 March 2019.txt,32,100,22,63
MELINDE DARTON,"21 August 2019","London Academy",Sparta Day 21 August 2019.txt,32,100,25,55
MELISANDRA WALLING,"23 January 2019","London Academy",Sparta Day 23 January 2019.txt,32,100,19,61
MELISSE CRAZE,"20 August 2019","London Academy",Sparta Day 20 August 2019.txt,32,100,25,53
MELLA AUBIN,"15 August 2019","Birmingham Academy",Sparta Day 15 August 2019.txt,32,100,22,51
MELLI RICHARDET,"13 June 2019","Birmingham Academy",Sparta Day 13 June 2019.txt,32,100,17,48
MELLICENT DESAUR,"1 May 2019","London Academy",Sparta Day 1 May 2019.txt,32,100,18,67
MELLY IBLE,"10 December 2019","London Academy",Sparta Day 10 December 2019.txt,32,100,21,52
MELODEE CRIPPEN,"4 July 2019","Birmingham Academy",Sparta Day 4 July 2019.txt,32,100,18,59
MELODEE KLINK,"14 May 2019","London Academy",Sparta Day 14 May 2019.txt,32,100,19,52
MELONIE DUFFET,"18 September 2019","London Academy",Sparta Day 18 September 2019.txt,32,100,20,45
MELONY TRISTRAM,"19 June 2019","London Academy",Sparta Day 19 June 2019.txt,32,100,20,51
MELVYN GARSTANG,"19 March 2019","London Academy",Sparta Day 19 March 2019.txt,32,100,15,45
MENDIE MCBEAN,"15 August 2019","Birmingham Academy",Sparta Day 15 August 2019.txt,32,100,27,52
MERCEDES CADDEN,"16 May 2019","Birmingham Academy",Sparta Day 16 May 2019.txt,32,100,20,48
MERCIE GROGER,"12 September 2019","Birmingham Academy",Sparta Day 12 September 2019.txt,32,100,24,43
MERCY CORONAS,"4 April 2019","Birmingham Academy",Sparta Day 4 April 2019.txt,32,100,21,65
MEREDITH CRAUFURD,"10 October 2019","Birmingham Academy",Sparta Day 10 October 2019.txt,32,100,14,50
MEREDITHE ULLYATT,"23 April 2019","London Academy",Sparta Day 23 April 2019.txt,32,100,20,53
MERELL TREMMIL,"13 August 2019","London Academy",Sparta Day 13 August 2019.txt,32,100,20,67
MERIDEL DEARELL,"21 August 2019","London Academy",Sparta Day 21 August 2019.txt,32,100,17,55
MERIDEL RANDELL,"11 April 2019","Birmingham Academy",Sparta Day 11 April 2019.txt,32,100,23,62
MERIDITH ALONSO,"6 November 2019","London Academy",Sparta Day 6 November 2019.txt,32,100,15,68
MERILEE WHEELBAND,"11 June 2019","London Academy",Sparta Day 11 June 2019.txt,32,100,23,47
MERLINA SPIRES,"24 January 2019","Birmingham Academy",Sparta Day 24 January 2019.txt,32,100,25,46
MERLINA YASHANOV,"4 September 2019","London Academy",Sparta Day 4 September 2019.txt,32,100,21,54
MERLINE RICKELL,"23 July 2019","London Academy",Sparta Day 23 July 2019.txt,32,100,22,53
MEROLA JANCEY,"5 September 2019","Birmingham Academy",Sparta Day 5 September 2019.txt,32,100,20,52
MERRIE MATHON,"8 May 2019","London Academy",Sparta Day 8 May 2019.txt,32,100,17,56
MERRILL MCKIE,"23 July 2019","London Academy",Sparta Day 23 July 2019.txt,32,100,19,58
MERRILL MONGAIN,"9 January 2019","London Academy",Sparta Day 9 January 2019.txt,32,100,26,40
MERRY CHESHER,"30 January 2019","London Academy",Sparta Day 30 January 2019.txt,32,100,16,53
MERRY WALKOWSKI,"28 March 2019","Birmingham Academy",Sparta Day 28 March 2019.txt,32,100,17,49
MERWYN BREMEYER,"11 September 2019","London Academy",Sparta Day 11 September 2019.txt,32,100,19,55
MERWYN GOSSOP,"18 July 2019","Birmingham Academy",Sparta Day 18 July 2019.txt,32,100,16,56
MEYER DOBBISON,"30 July 2019","London Academy",Sparta Day 30 July 2019.txt,32,100,18,59
MIC WILSHIRE,"30 October 2019","London Academy",Sparta Day 30 October 2019.txt,32,100,21,52
MICHAEL ETTLES,"4 December 2019","London Academy",Sparta Day 4 December 2019.txt,32,100,21,55
MICHAIL ARKLE,"7 March 2019","Birmingham Academy",Sparta Day 7 March 2019.txt,32,100,22,57
MICHEAL DI MATTEO,"30 July 2019","London Academy",Sparta Day 30 July 2019.txt,32,100,23,57
MICHEIL ROTLAUF,"1 May 2019","London Academy",Sparta Day 1 May 2019.txt,32,100,15,66
MICHEL CHAFFEY,"17 September 2019","London Academy",Sparta Day 17 September 2019.txt,32,100,22,48
MICHEL GOUTH,"5 November 2019","London Academy",Sparta Day 5 November 2019.txt,32,100,22,61
MICHEL KHOTER,"17 September 2019","London Academy",Sparta Day 17 September 2019.txt,32,100,19,47
MICHEL LEBARREE,"7 August 2019","London Academy",Sparta Day 7 August 2019.txt,32,100,18,57
MICHELE BRISTOWE,"27 November 2019","London Academy",Sparta Day 27 November 2019.txt,32,100,20,61
MICHELE GONSALVO,"14 March 2019","Birmingham Academy",Sparta Day 14 March 2019.txt,32,100,22,51
MICHELE LAWTIE,"24 April 2019","London Academy",Sparta Day 24 April 2019.txt,32,100,14,55
MICHELL FISHLOCK,"2 October 2019","London Academy",Sparta Day 2 October 2019.txt,32,100,22,54
MICHELLE DUNGEE,"11 July 2019","Birmingham Academy",Sparta Day 11 July 2019.txt,32,100,20,45
MICHELLE GLASSON,"9 July 2019","London Academy",Sparta Day 9 July 2019.txt,32,100,16,46
MICKEY LAMPORT,"10 April 2019","London Academy",Sparta Day 10 April 2019.txt,32,100,18,56
MICKY MCCASKELL,"6 March 2019","London Academy",Sparta Day 6 March 2019.txt,32,100,15,55
MIGUEL BOWEN,"9 April 2019","London Academy",Sparta Day 9 April 2019.txt,32,100,21,58
MIGUELA QUANTRILL,"1 May 2019","London Academy",Sparta Day 1 May 2019.txt,32,100,21,60
MIGUELITA SMEDLEY,"10 July 2019","London Academy",Sparta Day 10 July 2019.txt,32,100,17,62
MIKAELA QUAIFE,"2 October 2019","London Academy",Sparta Day 2 October 2019.txt,32,100,13,44
MIKE MILLIERE,"6 August 2019","London Academy",Sparta Day 6 August 2019.txt,32,100,21,60
MIL GOODDAY,"8 October 2019","London Academy",Sparta Day 8 October 2019.txt,32,100,17,64
MILDRED MACALASTER,"24 September 2019","London Academy",Sparta Day 24 September 2019.txt,32,100,19,66
MILE O'BRIEN,"10 April 2019","London Academy",Sparta Day 10 April 2019.txt,32,100,24,50
MILES WATER,"8 August 2019","Birmingham Academy",Sparta Day 8 August 2019.txt,32,100,21,58
MILL URIDGE,"30 May 2019","Birmingham Academy",Sparta Day 30 May 2019.txt,32,100,13,60
MILLICENT BUCHANAN,"12 September 2019","Birmingham Academy",Sparta Day 12 September 2019.txt,32,100,23,59
MILLIE STANDELL,"21 February 2019","Birmingham Academy",Sparta Day 21 February 2019.txt,32,100,22,60
MILLY HUGNIN,"11 December 2019","London Academy",Sparta Day 11 December 2019.txt,32,100,22,66
MILLY ISON,"31 July 2019","London Academy",Sparta Day 31 July 2019.txt,32,100,21,59
MILT FLOWERS,"7 August 2019","London Academy",Sparta Day 7 August 2019.txt,32,100,15,44
MILT IVACHYOV,"21 August 2019","London Academy",Sparta Day 21 August 2019.txt,32,100,20,44
MILTON CONAGHAN,"8 August 2019","Birmingham Academy",Sparta Day 8 August 2019.txt,32,100,18,54
MILTON PIERS,"26 November 2019","London Academy",Sparta Day 26 November 2019.txt,32,100,21,53
MIMI BEAMAND,"9 April 2019","London Academy",Sparta Day 9 April 2019.txt,32,100,18,53
MIN YANSON,"4 September 2019","London Academy",Sparta Day 4 September 2019.txt,32,100,24,49
MINETTA BEAZLEIGH,"22 January 2019","London Academy",Sparta Day 22 January 2019.txt,32,100,11,48
MINNIE GITTOSE,"19 September 2019","Birmingham Academy",Sparta Day 19 September 2019.txt,32,100,21,63
MIOF MELA WOODLAND,"19 December 2019","Birmingham Academy",Sparta Day 19 December 2019.txt,32,100,21,36
MIRA BOFIELD,"2 April 2019","London Academy",Sparta Day 2 April 2019.txt,32,100,24,54
MIRABELLE SHAKESHAFT,"18 December 2019","London Academy",Sparta Day 18 December 2019.txt,32,100,26,58
MIRABELLE TIDDER,"16 October 2019","London Academy",Sparta Day 16 October 2019.txt,32,100,19,66
MIREILLE RISOM,"21 August 2019","London Academy",Sparta Day 21 August 2019.txt,32,100,19,67
MIRILLA BOTTINELLI,"16 July 2019","London Academy",Sparta Day 16 July 2019.txt,32,100,18,51
MISCHA OSGAR,"27 June 2019","Birmingham Academy",Sparta Day 27 June 2019.txt,32,100,13,52
MISTY PITT,"17 October 2019","Birmingham Academy",Sparta Day 17 October 2019.txt,32,100,21,64
MITCHEL BATES,"14 August 2019","London Academy",Sparta Day 14 August 2019.txt,32,100,20,60
MITCHEL BLACKESLAND,"14 August 2019","London Academy",Sparta Day 14 August 2019.txt,32,100,15,53
MITCHEL EALDEN,"22 October 2019","London Academy",Sparta Day 22 October 2019.txt,32,100,21,49
MOE FINNIE,"27 February 2019","London Academy",Sparta Day 27 February 2019.txt,32,100,25,60
MOIRA RODENHURST,"7 November 2019","Birmingham Academy",Sparta Day 7 November 2019.txt,32,100,20,52
MOISE ZEALEY,"28 August 2019","London Academy",Sparta Day 28 August 2019.txt,32,100,13,57
MOLLI BRAYFIELD,"22 August 2019","Birmingham Academy",Sparta Day 22 August 2019.txt,32,100,21,59
MONA ORVISS,"19 November 2019","London Academy",Sparta Day 19 November 2019.txt,32,100,15,50
MONA WILLIMOTT,"8 August 2019","Birmingham Academy",Sparta Day 8 August 2019.txt,32,100,19,58
MONAH BRIMMACOMBE,"13 November 2019","London Academy",Sparta Day 13 November 2019.txt,32,100,19,54
MONAH DOWLING,"16 January 2019","London Academy",Sparta Day 16 January 2019.txt,32,100,24,49
MONAH MENCI,"11 June 2019","London Academy",Sparta Day 11 June 2019.txt,32,100,12,62
MONICA MINGARDI,"18 July 2019","Birmingham Academy",Sparta Day 18 July 2019.txt,32,100,21,41
MONROE MCGUINNESS,"21 February 2019","Birmingham Academy",Sparta Day 21 February 2019.txt,32,100,21,46
MONTAGUE CRAFT,"6 February 2019","London Academy",Sparta Day 6 February 2019.txt,32,100,14,62
MONTY GORRIESSEN,"12 September 2019","Birmingham Academy",Sparta Day 12 September 2019.txt,32,100,22,51
MONTY HILLAM,"10 April 2019","London Academy",Sparta Day 10 April 2019.txt,32,100,11,47
MORA JOUTAPAVICIUS,"18 June 2019","London Academy",Sparta Day 18 June 2019.txt,32,100,19,56
MORDECAI BATTYLL,"7 August 2019","London Academy",Sparta Day 7 August 2019.txt,32,100,20,42
MORDECAI CHAMBERLIN,"9 April 2019","London Academy",Sparta Day 9 April 2019.txt,32,100,20,53
MORDECAI CHAUNCE,"5 March 2019","London Academy",Sparta Day 5 March 2019.txt,32,100,21,49
MORDY KARLSSON,"20 November 2019","London Academy",Sparta Day 20 November 2019.txt,32,100,21,58
MORGANA MCAW,"27 February 2019","London Academy",Sparta Day 27 February 2019.txt,32,100,23,51
MORGANA MCDARMID,"9 April 2019","London Academy",Sparta Day 9 April 2019.txt,32,100,19,70
MORGEN KENINGHAM,"15 May 2019","London Academy",Sparta Day 15 May 2019.txt,32,100,18,49
MORGEN LILYWHITE,"9 July 2019","London Academy",Sparta Day 9 July 2019.txt,32,100,25,57
MORIE BEER,"23 October 2019","London Academy",Sparta Day 23 October 2019.txt,32,100,20,56
MORITZ MOSEDALL,"11 December 2019","London Academy",Sparta Day 11 December 2019.txt,32,100,21,54
MORLEY BATTELL,"12 November 2019","London Academy",Sparta Day 12 November 2019.txt,32,100,20,65
MORSE JOLY,"22 May 2019","London Academy",Sparta Day 22 May 2019.txt,32,100,21,52
MORT LETRANGE,"18 December 2019","London Academy",Sparta Day 18 December 2019.txt,32,100,22,40
MORTIE BEADEL,"23 October 2019","London Academy",Sparta Day 23 October 2019.txt,32,100,12,57
MORTON TRUMP,"20 November 2019","London Academy",Sparta Day 20 November 2019.txt,32,100,24,57
MOSE BOLLE,"6 November 2019","London Academy",Sparta Day 6 November 2019.txt,32,100,22,70
MOSE TRASE,"4 December 2019","London Academy",Sparta Day 4 December 2019.txt,32,100,20,53
MOSHE BACKSHELL,"22 May 2019","London Academy",Sparta Day 22 May 2019.txt,32,100,20,62
MOZELLE GRINNOV,"20 August 2019","London Academy",Sparta Day 20 August 2019.txt,32,100,19,56
MUFFIN JANDEL,"20 June 2019","Birmingham Academy",Sparta Day 20 June 2019.txt,32,100,17,52
MUFFIN WIGGLESWORTH,"17 January 2019","Birmingham Academy",Sparta Day 17 January 2019.txt,32,100,21,53
MUHAMMAD GARTHLAND,"24 January 2019","Birmingham Academy",Sparta Day 24 January 2019.txt,32,100,24,52
MUHAMMAD LINN,"18 June 2019","London Academy",Sparta Day 18 June 2019.txt,32,100,19,62
MUHAMMAD PERCY,"12 June 2019","London Academy",Sparta Day 12 June 2019.txt,32,100,20,58
MUREIL WOODSTOCK,"3 July 2019","London Academy",Sparta Day 3 July 2019.txt,32,100,20,47
MURIEL BEARCOCK,"6 November 2019","London Academy",Sparta Day 6 November 2019.txt,32,100,14,57
MURRAY ARMFIRLD,"12 November 2019","London Academy",Sparta Day 12 November 2019.txt,32,100,19,56
MURVYN AERS,"12 November 2019","London Academy",Sparta Day 12 November 2019.txt,32,100,17,53
MURVYN BLAKEBOROUGH,"21 November 2019","Birmingham Academy",Sparta Day 21 November 2019.txt,32,100,14,61
MURVYN BUDNK,"18 June 2019","London Academy",Sparta Day 18 June 2019.txt,32,100,24,48
MYCHAL BACHELAR,"1 October 2019","London Academy",Sparta Day 1 October 2019.txt,32,100,24,47
MYLO LEBAND,"17 April 2019","London Academy",Sparta Day 17 April 2019.txt,32,100,16,44
MYLO SUDELL,"6 August 2019","London Academy",Sparta Day 6 August 2019.txt,32,100,17,52
MYRLENE OLYFANT,"27 March 2019","London Academy",Sparta Day 27 March 2019.txt,32,100,23,51
MYRNA BONAFANT,"10 April 2019","London Academy",Sparta Day 10 April 2019.txt,32,100,23,51
MYRNA STIFF,"14 November 2019","Birmingham Academy",Sparta Day 14 November 2019.txt,32,100,18,53
MYRTA TISSELL,"25 September 2019","London Academy",Sparta Day 25 September 2019.txt,32,100,21,52
MYRTLE SATTERLY,"26 June 2019","London Academy",Sparta Day 26 June 2019.txt,32,100,13,67
MYRVYN JEALOUS,"5 September 2019","Birmingham Academy",Sparta Day 5 September 2019.txt,32,100,25,61
MYRVYN SUTHERNS,"6 June 2019","Birmingham Academy",Sparta Day 6 June 2019.txt,32,100,18,56
NADA NIESE,"28 March 2019","Birmingham Academy",Sparta Day 28 March 2019.txt,32,100,17,58
NADEEN BAILY,"23 January 2019","London Academy",Sparta Day 23 January 2019.txt,32,100,14,50
NADIA WHEELTON,"19 March 2019","London Academy",Sparta Day 19 March 2019.txt,32,100,18,54
NADY RUNNACLES,"9 January 2019","London Academy",Sparta Day 9 January 2019.txt,32,100,14,65
NADY SMALLPIECE,"18 December 2019","London Academy",Sparta Day 18 December 2019.txt,32,100,15,63
NADYA PINEAUX,"23 July 2019","London Academy",Sparta Day 23 July 2019.txt,32,100,23,56
NAHUM RIDDOCK,"11 December 2019","London Academy",Sparta Day 11 December 2019.txt,32,100,21,65
NALANI PETZ,"24 October 2019","Birmingham Academy",Sparta Day 24 October 2019.txt,32,100,12,64
NANANNE PLITZ,"3 December 2019","London Academy",Sparta Day 3 December 2019.txt,32,100,14,60
NANCE CRATE,"2 April 2019","London Academy",Sparta Day 2 April 2019.txt,32,100,16,55
NANCE TOTHE,"1 May 2019","London Academy",Sparta Day 1 May 2019.txt,32,100,15,51
NANCEE REYMERS,"21 August 2019","London Academy",Sparta Day 21 August 2019.txt,32,100,21,41
NANCIE JAMESON,"21 November 2019","Birmingham Academy",Sparta Day 21 November 2019.txt,32,100,18,41
NANCIE MEHAFFEY,"8 August 2019","Birmingham Academy",Sparta Day 8 August 2019.txt,32,100,26,63
NANCIE SAZIO,"15 August 2019","Birmingham Academy",Sparta Day 15 August 2019.txt,32,100,16,58
NANETTE BORRILL,"18 April 2019","Birmingham Academy",Sparta Day 18 April 2019.txt,32,100,24,59
NANI MEASOM,"25 July 2019","Birmingham Academy",Sparta Day 25 July 2019.txt,32,100,18,63
NANNI ASHBY,"3 January 2019","Birmingham Academy",Sparta Day 3 January 2019.txt,32,100,15,54
NANNI CALDERA,"5 June 2019","London Academy",Sparta Day 5 June 2019.txt,32,100,18,51
NAOMI SHORTT,"13 February 2019","London Academy",Sparta Day 13 February 2019.txt,32,100,20,56
NARA BAGGER,"9 April 2019","London Academy",Sparta Day 9 April 2019.txt,32,100,23,57
NARIKO ROBELIN,"10 October 2019","Birmingham Academy",Sparta Day 10 October 2019.txt,32,100,19,44
NATA BOHMAN,"30 May 2019","Birmingham Academy",Sparta Day 30 May 2019.txt,32,100,25,60
NATAL SABIN,"3 December 2019","London Academy",Sparta Day 3 December 2019.txt,32,100,22,64
NATALIE NORWICH,"31 July 2019","London Academy",Sparta Day 31 July 2019.txt,32,100,17,54
NATALINA NABBS,"6 March 2019","London Academy",Sparta Day 6 March 2019.txt,32,100,21,49
NATALINE CANDWELL,"21 May 2019","London Academy",Sparta Day 21 May 2019.txt,32,100,21,43
NATASHA CHRISTOL,"31 July 2019","London Academy",Sparta Day 31 July 2019.txt,32,100,26,51
NATASSIA PAWLE,"3 July 2019","London Academy",Sparta Day 3 July 2019.txt,32,100,19,54
NATHANAEL DEMAID,"20 November 2019","London Academy",Sparta Day 20 November 2019.txt,32,100,24,39
NATHANIEL IANNETTI,"17 September 2019","London Academy",Sparta Day 17 September 2019.txt,32,100,19,46
NEAL GINGLELL,"26 March 2019","London Academy",Sparta Day 26 March 2019.txt,32,100,21,65
NEALL LANNIN,"18 June 2019","London Academy",Sparta Day 18 June 2019.txt,32,100,17,49
NEALL MAYOR,"7 August 2019","London Academy",Sparta Day 7 August 2019.txt,32,100,23,57
NEALL STUEHMEYER,"6 March 2019","London Academy",Sparta Day 6 March 2019.txt,32,100,23,56
NEALON CISLAND,"18 June 2019","London Academy",Sparta Day 18 June 2019.txt,32,100,14,60
NEALON TOMPKISS,"25 September 2019","London Academy",Sparta Day 25 September 2019.txt,32,100,23,66
NEALY MACGILLESPIE,"6 August 2019","London Academy",Sparta Day 6 August 2019.txt,32,100,11,57
NEDA MARMYON,"15 August 2019","Birmingham Academy",Sparta Day 15 August 2019.txt,32,100,23,62
NEEL CAMPANA,"25 September 2019","London Academy",Sparta Day 25 September 2019.txt,32,100,21,50
NEELY ALEKSICH,"28 March 2019","Birmingham Academy",Sparta Day 28 March 2019.txt,32,100,20,53
NEFEN WOLTON,"30 October 2019","London Academy",Sparta Day 30 October 2019.txt,32,100,25,60
NEHEMIAH TACKLE,"25 June 2019","London Academy",Sparta Day 25 June 2019.txt,32,100,26,44
NELIE CHATE,"23 October 2019","London Academy",Sparta Day 23 October 2019.txt,32,100,20,60
NERISSA CULVEY,"19 February 2019","London Academy",Sparta Day 19 February 2019.txt,32,100,17,50
NERTI WELFAIR,"11 December 2019","London Academy",Sparta Day 11 December 2019.txt,32,100,18,63
NESTOR THORNEWILL,"23 January 2019","London Academy",Sparta Day 23 January 2019.txt,32,100,24,54
NETTIE CIVITILLO,"17 January 2019","Birmingham Academy",Sparta Day 17 January 2019.txt,32,100,17,55
NETTLE HEFFER,"16 July 2019","London Academy",Sparta Day 16 July 2019.txt,32,100,21,43
NEVIL PENHALIGON,"24 July 2019","London Academy",Sparta Day 24 July 2019.txt,32,100,21,57
NEVIL RICKERBY,"6 June 2019","Birmingham Academy",Sparta Day 6 June 2019.txt,32,100,15,50
NEVIL VIDYAPIN,"1 August 2019","Birmingham Academy",Sparta Day 1 August 2019.txt,32,100,22,44
NEVILE CLELLE,"8 October 2019","London Academy",Sparta Day 8 October 2019.txt,32,100,18,63
NIAL IPSLY,"23 October 2019","London Academy",Sparta Day 23 October 2019.txt,32,100,15,51
NIAL ORET,"13 August 2019","London Academy",Sparta Day 13 August 2019.txt,32,100,25,58
NIALL GRAINE,"4 July 2019","Birmingham Academy",Sparta Day 4 July 2019.txt,32,100,24,61
NICHOLAS WELBECK,"21 March 2019","Birmingham Academy",Sparta Day 21 March 2019.txt,32,100,20,53
NICKIE MCNIVEN,"21 March 2019","Birmingham Academy",Sparta Day 21 March 2019.txt,32,100,25,43
NICKOLAI MOLLISON,"23 July 2019","London Academy",Sparta Day 23 July 2019.txt,32,100,16,44
NICKOLAS FEARS,"8 May 2019","London Academy",Sparta Day 8 May 2019.txt,32,100,15,64
NICKOLAUS JEACOCKE,"6 June 2019","Birmingham Academy",Sparta Day 6 June 2019.txt,32,100,16,52
NICOL BRAGGE,"14 February 2019","Birmingham Academy",Sparta Day 14 February 2019.txt,32,100,24,60
NICOLA GLOYENS,"11 April 2019","Birmingham Academy",Sparta Day 11 April 2019.txt,32,100,23,46
NICOLA LAVALL,"8 October 2019","London Academy",Sparta Day 8 October 2019.txt,32,100,24,57
NICOLAI NUSSEY,"14 February 2019","Birmingham Academy",Sparta Day 14 February 2019.txt,32,100,18,60
NICOLAI STOCKEY,"19 February 2019","London Academy",Sparta Day 19 February 2019.txt,32,100,19,57
NICOLEA BLAZYNSKI,"22 May 2019","London Academy",Sparta Day 22 May 2019.txt,32,100,26,62
NICOLEA GIBBINS,"23 May 2019","Birmingham Academy",Sparta Day 23 May 2019.txt,32,100,23,61
NICOLETTE BONEHILL,"19 November 2019","London Academy",Sparta Day 19 November 2019.txt,32,100,20,47
NICOLETTE BONEHILL,"5 February 2019","London Academy",Sparta Day 5 February 2019.txt,32,100,23,52
NICOLLE RADFORD,"4 June 2019","London Academy",Sparta Day 4 June 2019.txt,32,100,22,55
NIEL SNARTT,"25 April 2019","Birmingham Academy",Sparta Day 25 April 2019.txt,32,100,17,38
NIGEL GORELLI,"7 November 2019","Birmingham Academy",Sparta Day 7 November 2019.txt,32,100,21,43
NIKOLA DEVERICKS,"10 January 2019","Birmingham Academy",Sparta Day 10 January 2019.txt,32,100,17,49
NIKOLA GIROLDI,"5 February 2019","London Academy",Sparta Day 5 February 2019.txt,32,100,20,60
NIKOLAUS GULLEFANT,"11 June 2019","London Academy",Sparta Day 11 June 2019.txt,32,100,19,54
NIKOLETTA MCCAFFREY,"6 March 2019","London Academy",Sparta Day 6 March 2019.txt,32,100,16,61
NIKOLOS YASHIN,"15 August 2019","Birmingham Academy",Sparta Day 15 August 2019.txt,32,100,20,57
NIL IACOVO,"18 June 2019","London Academy",Sparta Day 18 June 2019.txt,32,100,15,58
NIL MACPAIKE,"6 August 2019","London Academy",Sparta Day 6 August 2019.txt,32,100,24,50
NIL STEWART,"29 August 2019","Birmingham Academy",Sparta Day 29 August 2019.txt,32,100,21,43
NILES HAUGHIN,"30 May 2019","Birmingham Academy",Sparta Day 30 May 2019.txt,32,100,23,41
NINETTA JOYCE,"6 August 2019","London Academy",Sparta Day 6 August 2019.txt,32,100,20,73
NINETTE BORREL,"10 April 2019","London Academy",Sparta Day 10 April 2019.txt,32,100,11,49
NISSIE D'ANDREA,"25 July 2019","Birmingham Academy",Sparta Day 25 July 2019.txt,32,100,20,49
NIVEN COOLING,"12 November 2019","London Academy",Sparta Day 12 November 2019.txt,32,100,19,60
NIVEN RANSBURY,"22 May 2019","London Academy",Sparta Day 22 May 2019.txt,32,100,17,51
NOAH PETRICEK,"29 January 2019","London Academy",Sparta Day 29 January 2019.txt,32,100,22,61
NOAMI EDWORTHYE,"20 August 2019","London Academy",Sparta Day 20 August 2019.txt,32,100,22,60
NOBE GUERRAZZI,"17 December 2019","London Academy",Sparta Day 17 December 2019.txt,32,100,19,54
NOBY VACHER,"4 July 2019","Birmingham Academy",Sparta Day 4 July 2019.txt,32,100,19,56
NOE FORTNAM,"9 July 2019","London Academy",Sparta Day 9 July 2019.txt,32,100,22,58
NOEL DABNOT,"8 October 2019","London Academy",Sparta Day 8 October 2019.txt,32,100,18,58
NOEL HAYLAND,"30 May 2019","Birmingham Academy",Sparta Day 30 May 2019.txt,32,100,23,60
NOELYN SINKIN,"21 August 2019","London Academy",Sparta Day 21 August 2019.txt,32,100,23,61
NOLAND ORIGIN,"15 October 2019","London Academy",Sparta Day 15 October 2019.txt,32,100,20,55
NOMI VERNE,"5 June 2019","London Academy",Sparta Day 5 June 2019.txt,32,100,21,52
NONA COGHLAN,"4 September 2019","London Academy",Sparta Day 4 September 2019.txt,32,100,20,53
NONNAH GENTREAU,"2 October 2019","London Academy",Sparta Day 2 October 2019.txt,32,100,24,50
NORA AKERS,"24 July 2019","London Academy",Sparta Day 24 July 2019.txt,32,100,23,61
NORA LEYES,"23 October 2019","London Academy",Sparta Day 23 October 2019.txt,32,100,17,59
NORAH BOWEN,"26 February 2019","London Academy",Sparta Day 26 February 2019.txt,32,100,15,65
NORBERT DYE,"19 June 2019","London Academy",Sparta Day 19 June 2019.txt,32,100,10,56
NORBIE IACOBUCCI,"4 April 2019","Birmingham Academy",Sparta Day 4 April 2019.txt,32,100,20,56
NORBY BURLE,"21 August 2019","London Academy",Sparta Day 21 August 2019.txt,32,100,21,61
NOREAN CASTON,"18 December 2019","London Academy",Sparta Day 18 December 2019.txt,32,100,18,50
NORENE DERICUT,"10 September 2019","London Academy",Sparta Day 10 September 2019.txt,32,100,23,60
NORENE FIERRO,"1 August 2019","Birmingham Academy",Sparta Day 1 August 2019.txt,32,100,22,58
NORINE BOLUS,"7 March 2019","Birmingham Academy",Sparta Day 7 March 2019.txt,32,100,15,49
NORRI TEMBY,"27 August 2019","London Academy",Sparta Day 27 August 2019.txt,32,100,20,66
NORRI WYBERN,"12 March 2019","London Academy",Sparta Day 12 March 2019.txt,32,100,19,46
NORRY NERNEY,"22 May 2019","London Academy",Sparta Day 22 May 2019.txt,32,100,13,57
OBADIAH HEGLEY,"13 February 2019","London Academy",Sparta Day 13 February 2019.txt,32,100,20,47
OBY TOMLIN,"23 October 2019","London Academy",Sparta Day 23 October 2019.txt,32,100,22,50
ODELL DWIRE,"24 October 2019","Birmingham Academy",Sparta Day 24 October 2019.txt,32,100,20,65
ODELLA HURNE,"2 October 2019","London Academy",Sparta Day 2 October 2019.txt,32,100,20,64
ODY PARONI,"18 July 2019","Birmingham Academy",Sparta Day 18 July 2019.txt,32,100,15,70
OFELIA CROW,"28 March 2019","Birmingham Academy",Sparta Day 28 March 2019.txt,32,100,21,51
OFELIA HELM,"20 March 2019","London Academy",Sparta Day 20 March 2019.txt,32,100,16,52
OFELLA SHELMARDINE,"12 September 2019","Birmingham Academy",Sparta Day 12 September 2019.txt,32,100,18,58
OFILIA KEIZMAN,"17 July 2019","London Academy",Sparta Day 17 July 2019.txt,32,100,17,62
OGDON GONNELLY,"3 January 2019","Birmingham Academy",Sparta Day 3 January 2019.txt,32,100,23,51
OGDON NORCUTT,"22 August 2019","Birmingham Academy",Sparta Day 22 August 2019.txt,32,100,25,44
OLA GELDEARD,"9 October 2019","London Academy",Sparta Day 9 October 2019.txt,32,100,17,48
OLA ROBELET,"19 June 2019","London Academy",Sparta Day 19 June 2019.txt,32,100,23,61
OLENOLIN WRESSELL,"26 March 2019","London Academy",Sparta Day 26 March 2019.txt,32,100,22,62
OLGA PYKETT,"26 November 2019","London Academy",Sparta Day 26 November 2019.txt,32,100,16,56
OLIA LINCOLN,"11 December 2019","London Academy",Sparta Day 11 December 2019.txt,32,100,18,62
OLIA MEUGENS,"3 January 2019","Birmingham Academy",Sparta Day 3 January 2019.txt,32,100,20,58
OLIN GARIFF,"24 January 2019","Birmingham Academy",Sparta Day 24 January 2019.txt,32,100,15,58
OLIVER THACKE,"15 May 2019","London Academy",Sparta Day 15 May 2019.txt,32,100,14,52
OLIVIA DOBROWSKI,"6 March 2019","London Academy",Sparta Day 6 March 2019.txt,32,100,21,55
OLIVIER VEAZEY,"6 February 2019","London Academy",Sparta Day 6 February 2019.txt,32,100,16,68
OLIVIERO TUNNICLIFFE,"5 December 2019","Birmingham Academy",Sparta Day 5 December 2019.txt,32,100,16,42
OLIY ELLAR,"13 August 2019","London Academy",Sparta Day 13 August 2019.txt,32,100,25,56
OLLIE PINNIGER,"9 July 2019","London Academy",Sparta Day 9 July 2019.txt,32,100,19,62
OLLY AITKENHEAD,"16 October 2019","London Academy",Sparta Day 16 October 2019.txt,32,100,17,45
OLLY LANNEN,"19 December 2019","Birmingham Academy",Sparta Day 19 December 2019.txt,32,100,24,53
OLLY MOUGENEL,"16 July 2019","London Academy",Sparta Day 16 July 2019.txt,32,100,18,52
OLWEN NIXON,"27 June 2019","Birmingham Academy",Sparta Day 27 June 2019.txt,32,100,17,34
OMAR BROMILOW,"7 May 2019","London Academy",Sparta Day 7 May 2019.txt,32,100,22,62
OMAR RODRIGO,"27 August 2019","London Academy",Sparta Day 27 August 2019.txt,32,100,22,61
OMERO SHILL,"4 September 2019","London Academy",Sparta Day 4 September 2019.txt,32,100,17,52
ONFROI BUXTON,"22 January 2019","London Academy",Sparta Day 22 January 2019.txt,32,100,15,44
ONIDA TREGEAR,"22 January 2019","London Academy",Sparta Day 22 January 2019.txt,32,100,19,61
OPAL MACKINDER,"28 March 2019","Birmingham Academy",Sparta Day 28 March 2019.txt,32,100,12,55
OPALINE GAMMON,"12 June 2019","London Academy",Sparta Day 12 June 2019.txt,32,100,20,56
ORALIA BARRAT,"27 August 2019","London Academy",Sparta Day 27 August 2019.txt,32,100,21,52
ORALIA CHAIKOVSKI,"25 July 2019","Birmingham Academy",Sparta Day 25 July 2019.txt,32,100,23,55
ORALIE MUSSOLINI,"7 November 2019","Birmingham Academy",Sparta Day 7 November 2019.txt,32,100,19,60
ORALLA COPELLI,"25 September 2019","London Academy",Sparta Day 25 September 2019.txt,32,100,25,55
ORALLA PEASGOOD,"7 August 2019","London Academy",Sparta Day 7 August 2019.txt,32,100,19,50
ORALLE BRUNONE,"29 August 2019","Birmingham Academy",Sparta Day 29 August 2019.txt,32,100,19,37
ORALLE KOSE,"10 April 2019","London Academy",Sparta Day 10 April 2019.txt,32,100,22,50
ORAZIO BRAWN,"16 April 2019","London Academy",Sparta Day 16 April 2019.txt,32,100,25,68
ORELLA GOSHAWKE,"10 December 2019","London Academy",Sparta Day 10 December 2019.txt,32,100,17,55
OREN MEDWELL,"26 September 2019","Birmingham Academy",Sparta Day 26 September 2019.txt,32,100,24,58
ORION DINES,"3 April 2019","London Academy",Sparta Day 3 April 2019.txt,32,100,19,51
ORION EPHGRAVE,"22 January 2019","London Academy",Sparta Day 22 January 2019.txt,32,100,23,55
ORION KORNEICHUK,"7 November 2019","Birmingham Academy",Sparta Day 7 November 2019.txt,32,100,14,55
ORLAND GLAISNER,"13 August 2019","London Academy",Sparta Day 13 August 2019.txt,32,100,24,54
ORLANDO BORROWMAN,"5 December 2019","Birmingham Academy",Sparta Day 5 December 2019.txt,32,100,21,48
ORLY EAKLE,"29 May 2019","London Academy",Sparta Day 29 May 2019.txt,32,100,22,46
ORLY LORENS,"1 August 2019","Birmingham Academy",Sparta Day 1 August 2019.txt,32,100,19,51
ORRAN ROFE,"9 January 2019","London Academy",Sparta Day 9 January 2019.txt,32,100,23,51
ORTENSIA WINSCOMB,"11 July 2019","Birmingham Academy",Sparta Day 11 July 2019.txt,32,100,26,53
ORTON BORER,"12 June 2019","London Academy",Sparta Day 12 June 2019.txt,32,100,16,54
ORTON VERMER,"26 November 2019","London Academy",Sparta Day 26 November 2019.txt,32,100,25,59
OSBOURNE WITHERDON,"27 June 2019","Birmingham Academy",Sparta Day 27 June 2019.txt,32,100,15,51
OSGOOD MAHOOD,"14 May 2019","London Academy",Sparta Day 14 May 2019.txt,32,100,19,54
OSWALD LYNDON,"10 July 2019","London Academy",Sparta Day 10 July 2019.txt,32,100,16,57
OSWELL BURDIS,"15 May 2019","London Academy",Sparta Day 15 May 2019.txt,32,100,20,47
OTES KEMSTER,"17 September 2019","London Academy",Sparta Day 17 September 2019.txt,32,100,26,52
OTHA KIMM,"29 October 2019","London Academy",Sparta Day 29 October 2019.txt,32,100,23,56
OTHELLA GORRIESSEN,"21 February 2019","Birmingham Academy",Sparta Day 21 February 2019.txt,32,100,18,58
OTHILIA HUCKER,"25 June 2019","London Academy",Sparta Day 25 June 2019.txt,32,100,21,65
OTHILIA HUTTON,"22 October 2019","London Academy",Sparta Day 22 October 2019.txt,32,100,24,65
OTHILIA SKYPP,"18 April 2019","Birmingham Academy",Sparta Day 18 April 2019.txt,32,100,22,59
OZZY MATTAUS,"19 February 2019","London Academy",Sparta Day 19 February 2019.txt,32,100,20,47
PACE DELION,"20 February 2019","London Academy",Sparta Day 20 February 2019.txt,32,100,20,55
PACE RAINE,"13 June 2019","Birmingham Academy",Sparta Day 13 June 2019.txt,32,100,15,41
PACO ST ANGE,"11 April 2019","Birmingham Academy",Sparta Day 11 April 2019.txt,32,100,22,59
PADGET GILLYATT,"5 February 2019","London Academy",Sparta Day 5 February 2019.txt,32,100,18,66
PADGETT CRENNAN,"12 June 2019","London Academy",Sparta Day 12 June 2019.txt,32,100,19,58
PADRAIC LABAT,"14 May 2019","London Academy",Sparta Day 14 May 2019.txt,32,100,17,68
PAGE ROUBAY,"7 March 2019","Birmingham Academy",Sparta Day 7 March 2019.txt,32,100,18,50
PALL MCCLUIN,"21 November 2019","Birmingham Academy",Sparta Day 21 November 2019.txt,32,100,20,54
PALM JAKOVIJEVIC,"9 April 2019","London Academy",Sparta Day 9 April 2019.txt,32,100,19,58
PALMER SNADDIN,"13 June 2019","Birmingham Academy",Sparta Day 13 June 2019.txt,32,100,24,58
PALMER ZANICCHI,"23 April 2019","London Academy",Sparta Day 23 April 2019.txt,32,100,20,47
PALOMA GISLEBERT,"22 October 2019","London Academy",Sparta Day 22 October 2019.txt,32,100,12,50
PAM HUPKA,"6 March 2019","London Academy",Sparta Day 6 March 2019.txt,32,100,23,58
PAMELA GADMAN,"31 January 2019","Birmingham Academy",Sparta Day 31 January 2019.txt,32,100,19,53
PAMELINA ITZKOVSKY,"13 August 2019","London Academy",Sparta Day 13 August 2019.txt,32,100,19,58
PANSY TRANCKLE,"29 May 2019","London Academy",Sparta Day 29 May 2019.txt,32,100,17,50
PAPAGENO KINNERLEY,"17 September 2019","London Academy",Sparta Day 17 September 2019.txt,32,100,18,47
PARK JAUMET,"23 May 2019","Birmingham Academy",Sparta Day 23 May 2019.txt,32,100,19,55
PARKE COULTHURST,"11 April 2019","Birmingham Academy",Sparta Day 11 April 2019.txt,32,100,21,61
PARKE VAN SON,"24 April 2019","London Academy",Sparta Day 24 April 2019.txt,32,100,20,51
PARNELL WEDDUP,"28 August 2019","London Academy",Sparta Day 28 August 2019.txt,32,100,23,48
PARRNELL WROE,"10 October 2019","Birmingham Academy",Sparta Day 10 October 2019.txt,32,100,15,59
PARRY OSWICK,"17 September 2019","London Academy",Sparta Day 17 September 2019.txt,32,100,21,46
PASCALE SNELGROVE,"23 January 2019","London Academy",Sparta Day 23 January 2019.txt,32,100,17,62
PASQUALE CRITTEN,"17 September 2019","London Academy",Sparta Day 17 September 2019.txt,32,100,23,49
PATEN BARTELLI,"12 September 2019","Birmingham Academy",Sparta Day 12 September 2019.txt,32,100,14,52
PATIN STOREK,"16 May 2019","Birmingham Academy",Sparta Day 16 May 2019.txt,32,100,24,51
PATRIC GOULT,"10 September 2019","London Academy",Sparta Day 10 September 2019.txt,32,100,22,68
PATRICE DOWE,"18 June 2019","London Academy",Sparta Day 18 June 2019.txt,32,100,23,45
PATRICE HAWKSHAW,"2 October 2019","London Academy",Sparta Day 2 October 2019.txt,32,100,17,57
PATRICE MASHAM,"9 January 2019","London Academy",Sparta Day 9 January 2019.txt,32,100,20,59
PATRICE MILHENCH,"12 December 2019","Birmingham Academy",Sparta Day 12 December 2019.txt,32,100,23,55
PATRICE PRESCOTT,"24 January 2019","Birmingham Academy",Sparta Day 24 January 2019.txt,32,100,22,55
PATRICIO DYTER,"27 November 2019","London Academy",Sparta Day 27 November 2019.txt,32,100,22,62
PATRICIO STENET,"17 September 2019","London Academy",Sparta Day 17 September 2019.txt,32,100,20,50
PATRIZIA WYRE,"17 July 2019","London Academy",Sparta Day 17 July 2019.txt,32,100,19,56
PATTEN TINMAN,"17 October 2019","Birmingham Academy",Sparta Day 17 October 2019.txt,32,100,26,63
PATTIN NECREWS,"14 February 2019","Birmingham Academy",Sparta Day 14 February 2019.txt,32,100,24,48
PATTON JOLIN,"4 September 2019","London Academy",Sparta Day 4 September 2019.txt,32,100,14,57
PAUL CHISLETT,"14 August 2019","London Academy",Sparta Day 14 August 2019.txt,32,100,21,53
PAULA DANIELSEN,"22 August 2019","Birmingham Academy",Sparta Day 22 August 2019.txt,32,100,23,68
PAULETTE LUNDBECK,"26 November 2019","London Academy",Sparta Day 26 November 2019.txt,32,100,17,72
PAULINA TEAR,"17 July 2019","London Academy",Sparta Day 17 July 2019.txt,32,100,21,52
PAULITA SIMMONDS,"18 September 2019","London Academy",Sparta Day 18 September 2019.txt,32,100,14,53
PAULY GILLBEE,"28 August 2019","London Academy",Sparta Day 28 August 2019.txt,32,100,20,51
PAULY REBBECK,"10 October 2019","Birmingham Academy",Sparta Day 10 October 2019.txt,32,100,18,63
PAVLOV PEYTO,"20 June 2019","Birmingham Academy",Sparta Day 20 June 2019.txt,32,100,21,43
PAXON WITCOMBE,"7 February 2019","Birmingham Academy",Sparta Day 7 February 2019.txt,32,100,25,61
PAXTON MCGINLAY,"25 June 2019","London Academy",Sparta Day 25 June 2019.txt,32,100,15,63
PAYTON TURBARD,"25 September 2019","London Academy",Sparta Day 25 September 2019.txt,32,100,26,58
PEARCE MAXWALE,"4 April 2019","Birmingham Academy",Sparta Day 4 April 2019.txt,32,100,20,51
PEARLA DURTNELL,"1 October 2019","London Academy",Sparta Day 1 October 2019.txt,32,100,21,55
PEARLA TRIGWELL,"12 November 2019","London Academy",Sparta Day 12 November 2019.txt,32,100,17,49
PEBROOK EYDEL,"11 September 2019","London Academy",Sparta Day 11 September 2019.txt,32,100,23,58
PEBROOK KEARLE,"6 March 2019","London Academy",Sparta Day 6 March 2019.txt,32,100,14,53
PEGEEN O'LOCHAN,"15 August 2019","Birmingham Academy",Sparta Day 15 August 2019.txt,32,100,18,61
PEGGY EARNSHAW,"14 November 2019","Birmingham Academy",Sparta Day 14 November 2019.txt,32,100,20,58
PEGGY HARIOT,"6 June 2019","Birmingham Academy",Sparta Day 6 June 2019.txt,32,100,15,63
PEIRCE MACGRAY,"13 March 2019","London Academy",Sparta Day 13 March 2019.txt,32,100,23,39
PEN TULLEY,"5 March 2019","London Academy",Sparta Day 5 March 2019.txt,32,100,24,48
PENNI GRIOLI,"5 March 2019","London Academy",Sparta Day 5 March 2019.txt,32,100,15,60
PENNIE CROOKSHANKS,"26 September 2019","Birmingham Academy",Sparta Day 26 September 2019.txt,32,100,17,56
PENNY TRATHEN,"12 September 2019","Birmingham Academy",Sparta Day 12 September 2019.txt,32,100,17,51
PEPE BENDIG,"21 March 2019","Birmingham Academy",Sparta Day 21 March 2019.txt,32,100,24,51
PEPI BOME,"20 August 2019","London Academy",Sparta Day 20 August 2019.txt,32,100,18,58
PERCIVAL BERRYCLOTH,"4 June 2019","London Academy",Sparta Day 4 June 2019.txt,32,100,22,47
PERLA HAIBEL,"2 October 2019","London Academy",Sparta Day 2 October 2019.txt,32,100,15,55
PERRY RICHEMOND,"8 August 2019","Birmingham Academy",Sparta Day 8 August 2019.txt,32,100,21,60
PET WISE,"31 January 2019","Birmingham Academy",Sparta Day 31 January 2019.txt,32,100,15,56
PETER SAGERSON,"22 October 2019","London Academy",Sparta Day 22 October 2019.txt,32,100,18,40
PETERUS BARTOLOMEAZZI,"25 July 2019","Birmingham Academy",Sparta Day 25 July 2019.txt,32,100,23,55
PETERUS WRAITH,"10 October 2019","Birmingham Academy",Sparta Day 10 October 2019.txt,32,100,11,49
PETRINA STERLAND,"4 September 2019","London Academy",Sparta Day 4 September 2019.txt,32,100,21,58
PETRONILLA ZIEMENS,"11 June 2019","London Academy",Sparta Day 11 June 2019.txt,32,100,19,56
PETRONILLE DOUGHARTY,"29 August 2019","Birmingham Academy",Sparta Day 29 August 2019.txt,32,100,20,64
PHEBE BENFIELD,"14 November 2019","Birmingham Academy",Sparta Day 14 November 2019.txt,32,100,17,46
PHEDRA BERRIBALL,"11 June 2019","London Academy",Sparta Day 11 June 2019.txt,32,100,18,56
PHILIP HULLBROOK,"8 May 2019","London Academy",Sparta Day 8 May 2019.txt,32,100,26,48
PHILIPPA MCCALISTER,"16 May 2019","Birmingham Academy",Sparta Day 16 May 2019.txt,32,100,16,51
PHILLIP HEADECH,"31 October 2019","Birmingham Academy",Sparta Day 31 October 2019.txt,32,100,16,54
PHILLIS LYFIELD,"10 April 2019","London Academy",Sparta Day 10 April 2019.txt,32,100,23,55
PHILLIS MELIN,"13 February 2019","London Academy",Sparta Day 13 February 2019.txt,32,100,26,58
PHILLIS WABEY,"6 August 2019","London Academy",Sparta Day 6 August 2019.txt,32,100,20,60
PHILLY JERRIM,"25 June 2019","London Academy",Sparta Day 25 June 2019.txt,32,100,16,56
PHILOMENA CESSFORD,"17 September 2019","London Academy",Sparta Day 17 September 2019.txt,32,100,20,54
PHINEAS FILSHIN,"12 June 2019","London Academy",Sparta Day 12 June 2019.txt,32,100,25,57
PHINEAS PURTON,"5 March 2019","London Academy",Sparta Day 5 March 2019.txt,32,100,22,50
PHYLLIDA MCDIARMID,"25 April 2019","Birmingham Academy",Sparta Day 25 April 2019.txt,32,100,21,52
PHYLLYS BAELDE,"15 August 2019","Birmingham Academy",Sparta Day 15 August 2019.txt,32,100,24,69
PHYLYS FLORY,"27 March 2019","London Academy",Sparta Day 27 March 2019.txt,32,100,19,65
PIER SPATIG,"30 October 2019","London Academy",Sparta Day 30 October 2019.txt,32,100,25,60
PIERRETTE MINILLO,"8 August 2019","Birmingham Academy",Sparta Day 8 August 2019.txt,32,100,20,49
PIERSON MILLS,"16 January 2019","London Academy",Sparta Day 16 January 2019.txt,32,100,20,47
PIETER SNOZZWELL,"14 November 2019","Birmingham Academy",Sparta Day 14 November 2019.txt,32,100,25,51
PIETREK BENNETT,"27 August 2019","London Academy",Sparta Day 27 August 2019.txt,32,100,19,48
PIPER HAWSON,"11 December 2019","London Academy",Sparta Day 11 December 2019.txt,32,100,22,56
PIPPO BROWNSTEIN,"9 May 2019","Birmingham Academy",Sparta Day 9 May 2019.txt,32,100,20,45
POLLYANNA MEAK,"14 November 2019","Birmingham Academy",Sparta Day 14 November 2019.txt,32,100,19,48
POOH CHRISTY,"28 August 2019","London Academy",Sparta Day 28 August 2019.txt,32,100,26,60
POOH GREATREX,"20 November 2019","London Academy",Sparta Day 20 November 2019.txt,32,100,23,48
PORT TAYLOT,"21 March 2019","Birmingham Academy",Sparta Day 21 March 2019.txt,32,100,17,59
PORTIA FARFALAMEEV,"16 July 2019","London Academy",Sparta Day 16 July 2019.txt,32,100,18,59
PORTY DU PLANTIER,"19 September 2019","Birmingham Academy",Sparta Day 19 September 2019.txt,32,100,18,60
POUL BASNETT,"5 February 2019","London Academy",Sparta Day 5 February 2019.txt,32,100,21,59
POWELL WANK,"10 October 2019","Birmingham Academy",Sparta Day 10 October 2019.txt,32,100,17,68
PREN ABRAMOVICZ,"18 April 2019","Birmingham Academy",Sparta Day 18 April 2019.txt,32,100,15,63
PREN VARCOE,"30 July 2019","London Academy",Sparta Day 30 July 2019.txt,32,100,15,60
PRENTICE VAN DER HOEVEN,"11 June 2019","London Academy",Sparta Day 11 June 2019.txt,32,100,23,60
PRENTISS GODMAN,"20 August 2019","London Academy",Sparta Day 20 August 2019.txt,32,100,18,62
PRESCOTT ALFUSO,"25 June 2019","London Academy",Sparta Day 25 June 2019.txt,32,100,20,51
PRESCOTT TURPEY,"25 September 2019","London Academy",Sparta Day 25 September 2019.txt,32,100,22,62
PRICE TREVINO,"22 October 2019","London Academy",Sparta Day 22 October 2019.txt,32,100,13,53
PRISCA GINNALLY,"7 May 2019","London Academy",Sparta Day 7 May 2019.txt,32,100,23,51
PRISCELLA AKASTER,"27 November 2019","London Academy",Sparta Day 27 November 2019.txt,32,100,17,46
PRISCELLA MISKELLY,"6 March 2019","London Academy",Sparta Day 6 March 2019.txt,32,100,24,49
PRU BILBEE,"8 October 2019","London Academy",Sparta Day 8 October 2019.txt,32,100,17,54
PRUDENCE HARRILL,"19 December 2019","Birmingham Academy",Sparta Day 19 December 2019.txt,32,100,16,56
PRUDI BERNARDON,"25 September 2019","London Academy",Sparta Day 25 September 2019.txt,32,100,23,52
PRUDY JOUANNIN,"2 April 2019","London Academy",Sparta Day 2 April 2019.txt,32,100,16,45
PRYCE PLAYDEN,"2 October 2019","London Academy",Sparta Day 2 October 2019.txt,32,100,18,53
PUTNEM ERICSSON,"18 June 2019","London Academy",Sparta Day 18 June 2019.txt,32,100,22,51
PUTNEM HESSING,"8 August 2019","Birmingham Academy",Sparta Day 8 August 2019.txt,32,100,27,57
PYOTR DE ZUANI,"9 January 2019","London Academy",Sparta Day 9 January 2019.txt,32,100,20,51
QUERIDA ANTONACCI,"29 August 2019","Birmingham Academy",Sparta Day 29 August 2019.txt,32,100,26,65
QUILL BUZIN,"19 September 2019","Birmingham Academy",Sparta Day 19 September 2019.txt,32,100,21,50
QUILL TOMPKINSON,"10 July 2019","London Academy",Sparta Day 10 July 2019.txt,32,100,17,66
QUINCEY GAYLE,"20 March 2019","London Academy",Sparta Day 20 March 2019.txt,32,100,22,69
QUINT PONTAIN,"6 June 2019","Birmingham Academy",Sparta Day 6 June 2019.txt,32,100,15,53
QUINTA COWDRAY,"28 August 2019","London Academy",Sparta Day 28 August 2019.txt,32,100,22,65
QUINTON KUHNT,"26 March 2019","London Academy",Sparta Day 26 March 2019.txt,32,100,17,56
QUINTUS PENELLA,"15 January 2019","London Academy",Sparta Day 15 January 2019.txt,32,100,17,57
RACHELE BRACKNELL,"18 July 2019","Birmingham Academy",Sparta Day 18 July 2019.txt,32,100,23,58
RACHELE SHAPLIN,"11 September 2019","London Academy",Sparta Day 11 September 2019.txt,32,100,17,65
RACHELLE DREGAN,"12 November 2019","London Academy",Sparta Day 12 November 2019.txt,32,100,13,56
RACHELLE LOUTHEANE,"23 July 2019","London Academy",Sparta Day 23 July 2019.txt,32,100,14,51
RACHELLE STROTTON,"30 April 2019","London Academy",Sparta Day 30 April 2019.txt,32,100,26,42
RAD BENCH,"17 July 2019","London Academy",Sparta Day 17 July 2019.txt,32,100,22,55
RADDIE MAJOR,"5 September 2019","Birmingham Academy",Sparta Day 5 September 2019.txt,32,100,24,61
RAE DALLAGHAN,"28 February 2019","Birmingham Academy",Sparta Day 28 February 2019.txt,32,100,21,49
RAFAELIA COWE,"28 November 2019","Birmingham Academy",Sparta Day 28 November 2019.txt,32,100,22,58
RAFAELITA D'AMBROGI,"17 December 2019","London Academy",Sparta Day 17 December 2019.txt,32,100,18,57
RAFFAELLO BYNETH,"23 October 2019","London Academy",Sparta Day 23 October 2019.txt,32,100,19,54
RAFFAELLO MORTLOCK,"17 December 2019","London Academy",Sparta Day 17 December 2019.txt,32,100,20,36
RAFFERTY CAMAMILE,"18 September 2019","London Academy",Sparta Day 18 September 2019.txt,32,100,22,49
RAFI ANDRZEJCZAK,"7 August 2019","London Academy",Sparta Day 7 August 2019.txt,32,100,19,60
RAFI DOWNSE,"21 August 2019","London Academy",Sparta Day 21 August 2019.txt,32,100,20,58
RAHAL RYMILL,"24 September 2019","London Academy",Sparta Day 24 September 2019.txt,32,100,22,48
RAIMONDO MELLODEY,"24 July 2019","London Academy",Sparta Day 24 July 2019.txt,32,100,23,65
RAIMUNDO OVERLAND,"21 May 2019","London Academy",Sparta Day 21 May 2019.txt,32,100,24,49
RAIMUNDO STACEY,"5 February 2019","London Academy",Sparta Day 5 February 2019.txt,32,100,23,54
RAINER BEECHENO,"20 February 2019","London Academy",Sparta Day 20 February 2019.txt,32,100,22,65
RAINER JOSEFOVIC,"15 May 2019","London Academy",Sparta Day 15 May 2019.txt,32,100,24,57
RALF HEINTZE,"29 January 2019","London Academy",Sparta Day 29 January 2019.txt,32,100,16,48
RAMON HINCHCLIFFE,"11 September 2019","London Academy",Sparta Day 11 September 2019.txt,32,100,18,56
RAMSEY DIVALL,"10 October 2019","Birmingham Academy",Sparta Day 10 October 2019.txt,32,100,19,51
RANA ANTONIOU,"18 June 2019","London Academy",Sparta Day 18 June 2019.txt,32,100,21,47
RANCE WILSONE,"18 September 2019","London Academy",Sparta Day 18 September 2019.txt,32,100,21,44
RANCELL LILL,"18 July 2019","Birmingham Academy",Sparta Day 18 July 2019.txt,32,100,19,63
RANDAL TILLIARD,"29 August 2019","Birmingham Academy",Sparta Day 29 August 2019.txt,32,100,25,43
RANDALL WALLER,"16 January 2019","London Academy",Sparta Day 16 January 2019.txt,32,100,19,53
RANDEE LORRAIN,"4 September 2019","London Academy",Sparta Day 4 September 2019.txt,32,100,19,45
RANDEE MACKISON,"7 March 2019","Birmingham Academy",Sparta Day 7 March 2019.txt,32,100,22,52
RANDI LEBOURN,"12 February 2019","London Academy",Sparta Day 12 February 2019.txt,32,100,18,60
RANDI TOMKOWICZ,"20 March 2019","London Academy",Sparta Day 20 March 2019.txt,32,100,18,55
RANDIE KLIMASHEVICH,"10 July 2019","London Academy",Sparta Day 10 July 2019.txt,32,100,21,56
RANDOLF BORASTON,"5 February 2019","London Academy",Sparta Day 5 February 2019.txt,32,100,14,55
RANDY SEMKEN,"17 January 2019","Birmingham Academy",Sparta Day 17 January 2019.txt,32,100,23,61
RAQUEL BASTIDE,"4 September 2019","London Academy",Sparta Day 4 September 2019.txt,32,100,14,59
RAQUELA ARMAND,"14 May 2019","London Academy",Sparta Day 14 May 2019.txt,32,100,22,62
RAQUELA ELCOX,"16 January 2019","London Academy",Sparta Day 16 January 2019.txt,32,100,22,63
RAUL AIRLIE,"26 March 2019","London Academy",Sparta Day 26 March 2019.txt,32,100,23,63
RAVEN DERX,"24 July 2019","London Academy",Sparta Day 24 July 2019.txt,32,100,22,52
RAVID LEYNINYE,"6 August 2019","London Academy",Sparta Day 6 August 2019.txt,32,100,19,57
RAYE TERBRUG,"19 September 2019","Birmingham Academy",Sparta Day 19 September 2019.txt,32,100,14,65
RAYSHELL BALFE,"26 September 2019","Birmingham Academy",Sparta Day 26 September 2019.txt,32,100,24,56
RAYSHELL LINCE,"27 June 2019","Birmingham Academy",Sparta Day 27 June 2019.txt,32,100,15,48
REA LINDWASSER,"3 April 2019","London Academy",Sparta Day 3 April 2019.txt,32,100,25,48
REAGEN PUDGE,"1 August 2019","Birmingham Academy",Sparta Day 1 August 2019.txt,32,100,14,60
REBA COSSER,"19 December 2019","Birmingham Academy",Sparta Day 19 December 2019.txt,32,100,23,65
REBEKAH BRIMM,"21 August 2019","London Academy",Sparta Day 21 August 2019.txt,32,100,22,45
REBEKAH SUGGE,"19 November 2019","London Academy",Sparta Day 19 November 2019.txt,32,100,24,58
REBEKKAH AIRDRIE,"4 June 2019","London Academy",Sparta Day 4 June 2019.txt,32,100,13,56
REDD JURGES,"12 February 2019","London Academy",Sparta Day 12 February 2019.txt,32,100,19,64
REDFORD BUBBINGS,"15 August 2019","Birmingham Academy",Sparta Day 15 August 2019.txt,32,100,19,50
REESE PROSWELL,"26 February 2019","London Academy",Sparta Day 26 February 2019.txt,32,100,22,53
REETA MCGAWN,"3 January 2019","Birmingham Academy",Sparta Day 3 January 2019.txt,32,100,20,56
REEVA AMORT,"26 September 2019","Birmingham Academy",Sparta Day 26 September 2019.txt,32,100,25,54
REEVA ROISTONE,"25 April 2019","Birmingham Academy",Sparta Day 25 April 2019.txt,32,100,22,47
REG GAINES,"25 September 2019","London Academy",Sparta Day 25 September 2019.txt,32,100,19,52
REG MCREYNOLD,"5 March 2019","London Academy",Sparta Day 5 March 2019.txt,32,100,20,53
REG VANDENHOFF,"27 August 2019","London Academy",Sparta Day 27 August 2019.txt,32,100,15,51
REG VANSHIN,"29 October 2019","London Academy",Sparta Day 29 October 2019.txt,32,100,21,41
REGAN DYBALL,"27 March 2019","London Academy",Sparta Day 27 March 2019.txt,32,100,20,65
REGAN PITTAWAY,"15 January 2019","London Academy",Sparta Day 15 January 2019.txt,32,100,20,53
REGAN RAWLINS,"9 April 2019","London Academy",Sparta Day 9 April 2019.txt,32,100,16,53
REGGIE LAWLOR,"8 January 2019","London Academy",Sparta Day 8 January 2019.txt,32,100,20,55
REGINA CALVER,"31 July 2019","London Academy",Sparta Day 31 July 2019.txt,32,100,16,58
REGINAULD BRIDGLAND,"22 May 2019","London Academy",Sparta Day 22 May 2019.txt,32,100,20,44
REGINAULD PEDROLI,"14 November 2019","Birmingham Academy",Sparta Day 14 November 2019.txt,32,100,16,61
REIDER NOTE,"22 October 2019","London Academy",Sparta Day 22 October 2019.txt,32,100,20,42
REINA LOUDIANE,"16 April 2019","London Academy",Sparta Day 16 April 2019.txt,32,100,17,49
REINALDOS RAYNE,"17 January 2019","Birmingham Academy",Sparta Day 17 January 2019.txt,32,100,16,59
REINALDOS TOLEFREE,"18 September 2019","London Academy",Sparta Day 18 September 2019.txt,32,100,22,42
REINOLD JENICEK,"10 December 2019","London Academy",Sparta Day 10 December 2019.txt,32,100,20,51
REINWALD CORISH,"2 January 2019","London Academy",Sparta Day 2 January 2019.txt,32,100,20,48
REMINGTON HENSMANS,"4 April 2019","Birmingham Academy",Sparta Day 4 April 2019.txt,32,100,17,51
RENADO ARNALDO,"23 May 2019","Birmingham Academy",Sparta Day 23 May 2019.txt,32,100,18,60
RENADO BULFOOT,"31 July 2019","London Academy",Sparta Day 31 July 2019.txt,32,100,18,65
RENADO RUBES,"24 September 2019","London Academy",Sparta Day 24 September 2019.txt,32,100,18,40
RENAULT ROCKELL,"13 August 2019","London Academy",Sparta Day 13 August 2019.txt,32,100,23,45
RENE STENNINGS,"11 December 2019","London Academy",Sparta Day 11 December 2019.txt,32,100,22,52
RENIE ELLIN,"11 September 2019","London Academy",Sparta Day 11 September 2019.txt,32,100,15,63
RENNIE KENNSLEY,"5 March 2019","London Academy",Sparta Day 5 March 2019.txt,32,100,19,54
RETA BLAIS,"24 September 2019","London Academy",Sparta Day 24 September 2019.txt,32,100,17,55
RETHA DUNNICO,"1 May 2019","London Academy",Sparta Day 1 May 2019.txt,32,100,20,60
REUBE LAUNCHBURY,"24 April 2019","London Academy",Sparta Day 24 April 2019.txt,32,100,18,56
REUVEN KNEAPHSEY,"23 October 2019","London Academy",Sparta Day 23 October 2019.txt,32,100,24,53
REYNARD ILYENKO,"18 September 2019","London Academy",Sparta Day 18 September 2019.txt,32,100,23,59
REYNARD SEVILLE,"3 July 2019","London Academy",Sparta Day 3 July 2019.txt,32,100,12,49
REYNOLDS BRAIDEN,"7 November 2019","Birmingham Academy",Sparta Day 7 November 2019.txt,32,100,19,49
RHEA CLEYNMAN,"21 March 2019","Birmingham Academy",Sparta Day 21 March 2019.txt,32,100,19,50
RHETA ASSEL,"2 January 2019","London Academy",Sparta Day 2 January 2019.txt,32,100,21,67
RHODA DRINKELD,"27 February 2019","London Academy",Sparta Day 27 February 2019.txt,32,100,20,40
RHODIA VALSLER,"2 May 2019","Birmingham Academy",Sparta Day 2 May 2019.txt,32,100,19,47
RHODY CUSHION,"27 August 2019","London Academy",Sparta Day 27 August 2019.txt,32,100,19,60
RHONA BISGROVE,"4 April 2019","Birmingham Academy",Sparta Day 4 April 2019.txt,32,100,21,60
RHONDA DUPREE,"19 March 2019","London Academy",Sparta Day 19 March 2019.txt,32,100,23,45
RHONDA REVANCE,"7 March 2019","Birmingham Academy",Sparta Day 7 March 2019.txt,32,100,19,55
RHYS AYTON,"11 December 2019","London Academy",Sparta Day 11 December 2019.txt,32,100,17,41
RHYS YAKEBOVICH,"2 May 2019","Birmingham Academy",Sparta Day 2 May 2019.txt,32,100,24,62
RIANNON BARACLOUGH,"31 July 2019","London Academy",Sparta Day 31 July 2019.txt,32,100,16,62
RIANNON SIBYLLA,"20 March 2019","London Academy",Sparta Day 20 March 2019.txt,32,100,22,55
RICCA SOWDEN,"16 January 2019","London Academy",Sparta Day 16 January 2019.txt,32,100,21,55
RICCARDO OADE,"29 January 2019","London Academy",Sparta Day 29 January 2019.txt,32,100,19,62
RICE PLAMPIN,"21 May 2019","London Academy",Sparta Day 21 May 2019.txt,32,100,19,63
RICI WILLINGALE,"28 February 2019","Birmingham Academy",Sparta Day 28 February 2019.txt,32,100,25,57
RICKARD BLAKES,"9 July 2019","London Academy",Sparta Day 9 July 2019.txt,32,100,22,61
RICKERT BRADFORTH,"9 May 2019","Birmingham Academy",Sparta Day 9 May 2019.txt,32,100,26,58
RICKIE BURKERT,"25 September 2019","London Academy",Sparta Day 25 September 2019.txt,32,100,19,54
RIK JURICK,"29 May 2019","London Academy",Sparta Day 29 May 2019.txt,32,100,23,68
RIK WAREN,"11 July 2019","Birmingham Academy",Sparta Day 11 July 2019.txt,32,100,18,64
RIKKI BALHARRIE,"23 April 2019","London Academy",Sparta Day 23 April 2019.txt,32,100,19,54
RINA SOFFE,"9 May 2019","Birmingham Academy",Sparta Day 9 May 2019.txt,32,100,17,62
RINGO GOOSEY,"3 December 2019","London Academy",Sparta Day 3 December 2019.txt,32,100,24,51
RIOBARD COLLCOTT,"11 December 2019","London Academy",Sparta Day 11 December 2019.txt,32,100,23,52
RIP JORDESON,"25 September 2019","London Academy",Sparta Day 25 September 2019.txt,32,100,14,55
RIP MCILVENNY,"18 April 2019","Birmingham Academy",Sparta Day 18 April 2019.txt,32,100,21,64
RIVA MANGEOT,"10 September 2019","London Academy",Sparta Day 10 September 2019.txt,32,100,23,53
RIVALEE EAGLETON,"8 August 2019","Birmingham Academy",Sparta Day 8 August 2019.txt,32,100,20,58
RIVI EPINAY,"17 April 2019","London Academy",Sparta Day 17 April 2019.txt,32,100,19,53
ROANA SANGER,"11 July 2019","Birmingham Academy",Sparta Day 11 July 2019.txt,32,100,20,56
ROBBIE ADESS,"24 September 2019","London Academy",Sparta Day 24 September 2019.txt,32,100,20,41
ROBBIE VIZOR,"29 October 2019","London Academy",Sparta Day 29 October 2019.txt,32,100,15,53
ROBBIN DUCHESNE,"12 February 2019","London Academy",Sparta Day 12 February 2019.txt,32,100,15,59
ROBBY ARIAS,"29 May 2019","London Academy",Sparta Day 29 May 2019.txt,32,100,23,50
ROBBYN SHEARMUR,"27 February 2019","London Academy",Sparta Day 27 February 2019.txt,32,100,13,63
ROBENIA LANDOR,"27 June 2019","Birmingham Academy",Sparta Day 27 June 2019.txt,32,100,16,53
ROBERS GENTNER,"9 July 2019","London Academy",Sparta Day 9 July 2019.txt,32,100,15,63
ROBERTA FAULO,"28 August 2019","London Academy",Sparta Day 28 August 2019.txt,32,100,21,32
ROBIN FUGERE,"19 June 2019","London Academy",Sparta Day 19 June 2019.txt,32,100,13,54
ROBIN GILLEON,"25 September 2019","London Academy",Sparta Day 25 September 2019.txt,32,100,21,41
ROBINA MACCOSTYE,"26 November 2019","London Academy",Sparta Day 26 November 2019.txt,32,100,23,50
ROBINA ROSEN,"18 December 2019","London Academy",Sparta Day 18 December 2019.txt,32,100,16,48
ROBINA VASSANO,"3 September 2019","London Academy",Sparta Day 3 September 2019.txt,32,100,11,65
ROBINET RENWICK,"15 August 2019","Birmingham Academy",Sparta Day 15 August 2019.txt,32,100,20,70
ROBINETT MCPHATE,"28 November 2019","Birmingham Academy",Sparta Day 28 November 2019.txt,32,100,22,56
ROBINSON STICKLES,"28 May 2019","London Academy",Sparta Day 28 May 2019.txt,32,100,22,58
ROCH DE COURCY,"9 July 2019","London Academy",Sparta Day 9 July 2019.txt,32,100,16,66
ROCHELL RESTON,"3 April 2019","London Academy",Sparta Day 3 April 2019.txt,32,100,20,60
ROCHETTE BELLFIELD,"18 December 2019","London Academy",Sparta Day 18 December 2019.txt,32,100,22,59
ROCKEY COURTES,"10 December 2019","London Academy",Sparta Day 10 December 2019.txt,32,100,21,53
ROCKEY PIETESCH,"3 April 2019","London Academy",Sparta Day 3 April 2019.txt,32,100,14,59
ROCKEY ROBARTS,"14 August 2019","London Academy",Sparta Day 14 August 2019.txt,32,100,25,53
ROCKWELL GUTTERIDGE,"27 June 2019","Birmingham Academy",Sparta Day 27 June 2019.txt,32,100,21,54
RODA TOURS,"23 April 2019","London Academy",Sparta Day 23 April 2019.txt,32,100,22,62
RODERIC DAGGER,"10 September 2019","London Academy",Sparta Day 10 September 2019.txt,32,100,22,45
RODGE GARLICK,"30 July 2019","London Academy",Sparta Day 30 July 2019.txt,32,100,25,45
RODGER BENDELOW,"22 August 2019","Birmingham Academy",Sparta Day 22 August 2019.txt,32,100,17,50
RODOLFO DRILLOT,"3 July 2019","London Academy",Sparta Day 3 July 2019.txt,32,100,24,56
RODOLFO GARRET,"16 July 2019","London Academy",Sparta Day 16 July 2019.txt,32,100,21,60
RODOLFO WOLOSCHINSKI,"15 May 2019","London Academy",Sparta Day 15 May 2019.txt,32,100,19,49
RODRICK ESSELEN,"8 May 2019","London Academy",Sparta Day 8 May 2019.txt,32,100,15,41
RODRICK HENWORTH,"3 January 2019","Birmingham Academy",Sparta Day 3 January 2019.txt,32,100,20,54
RODRICK MACNUCATOR,"9 October 2019","London Academy",Sparta Day 9 October 2019.txt,32,100,19,66
RODRIGO ENDRIGHI,"14 August 2019","London Academy",Sparta Day 14 August 2019.txt,32,100,20,59
ROGERIO WOOLLHEAD,"9 October 2019","London Academy",Sparta Day 9 October 2019.txt,32,100,24,55
ROIS COVEY,"25 July 2019","Birmingham Academy",Sparta Day 25 July 2019.txt,32,100,23,55
ROIS TAMES,"27 November 2019","London Academy",Sparta Day 27 November 2019.txt,32,100,22,46
ROLAND MCMURRAY,"23 May 2019","Birmingham Academy",Sparta Day 23 May 2019.txt,32,100,17,50
ROLAND SKEENE,"26 June 2019","London Academy",Sparta Day 26 June 2019.txt,32,100,17,57
ROLLAND DINKIN,"7 February 2019","Birmingham Academy",Sparta Day 7 February 2019.txt,32,100,23,53
ROLLAND FIGGINS,"10 January 2019","Birmingham Academy",Sparta Day 10 January 2019.txt,32,100,22,41
ROLLINS DALGARDNO,"9 May 2019","Birmingham Academy",Sparta Day 9 May 2019.txt,32,100,22,50
ROLLO QUARRY,"5 February 2019","London Academy",Sparta Day 5 February 2019.txt,32,100,27,60
ROMEO ROACHE,"28 March 2019","Birmingham Academy",Sparta Day 28 March 2019.txt,32,100,23,57
ROMOLA COLDTART,"17 July 2019","London Academy",Sparta Day 17 July 2019.txt,32,100,20,54
ROMONA BUYE,"19 March 2019","London Academy",Sparta Day 19 March 2019.txt,32,100,20,59
ROMY MILES,"6 June 2019","Birmingham Academy",Sparta Day 6 June 2019.txt,32,100,17,46
ROMY NOTHER,"24 October 2019","Birmingham Academy",Sparta Day 24 October 2019.txt,32,100,20,66
RON FINCKE,"8 October 2019","London Academy",Sparta Day 8 October 2019.txt,32,100,25,51
RONALDA RICHMOND,"24 January 2019","Birmingham Academy",Sparta Day 24 January 2019.txt,32,100,21,63
RONDA AGGIS,"3 December 2019","London Academy",Sparta Day 3 December 2019.txt,32,100,16,54
RONDA BUDCOCK,"4 June 2019","London Academy",Sparta Day 4 June 2019.txt,32,100,19,55
RONICA MARTYNIKHIN,"5 November 2019","London Academy",Sparta Day 5 November 2019.txt,32,100,25,62
RONNICA LINFIELD,"5 December 2019","Birmingham Academy",Sparta Day 5 December 2019.txt,32,100,23,47
RONNY VASILCHENKO,"23 July 2019","London Academy",Sparta Day 23 July 2019.txt,32,100,21,60
ROONEY CROSSTON,"9 May 2019","Birmingham Academy",Sparta Day 9 May 2019.txt,32,100,21,55
ROONEY SHELDRICK,"21 February 2019","Birmingham Academy",Sparta Day 21 February 2019.txt,32,100,22,64
ROS HAMERTON,"2 October 2019","London Academy",Sparta Day 2 October 2019.txt,32,100,14,44
ROSALINDA CLUTTEN,"6 November 2019","London Academy",Sparta Day 6 November 2019.txt,32,100,19,66
ROSALINDA FRIZZELL,"26 June 2019","London Academy",Sparta Day 26 June 2019.txt,32,100,19,50
ROSALINDE SMALLSHAW,"19 June 2019","London Academy",Sparta Day 19 June 2019.txt,32,100,22,63
ROSALINE GOLDSMITH,"21 August 2019","London Academy",Sparta Day 21 August 2019.txt,32,100,19,62
ROSANNA BERKELY,"11 April 2019","Birmingham Academy",Sparta Day 11 April 2019.txt,32,100,19,44
ROSANNE MACCAUGHEY,"18 December 2019","London Academy",Sparta Day 18 December 2019.txt,32,100,21,49
ROSE ROARTY,"21 August 2019","London Academy",Sparta Day 21 August 2019.txt,32,100,14,57
ROSELIA TANSWELL,"13 March 2019","London Academy",Sparta Day 13 March 2019.txt,32,100,16,62
ROSEMONDE TOFFOLONI,"8 August 2019","Birmingham Academy",Sparta Day 8 August 2019.txt,32,100,22,48
ROSENE YEARNSLEY,"27 June 2019","Birmingham Academy",Sparta Day 27 June 2019.txt,32,100,18,66
ROSINA ELLAWAY,"24 April 2019","London Academy",Sparta Day 24 April 2019.txt,32,100,19,56
ROSITA CABEL,"7 March 2019","Birmingham Academy",Sparta Day 7 March 2019.txt,32,100,23,52
ROSMUNDA BRIMICOMBE,"27 November 2019","London Academy",Sparta Day 27 November 2019.txt,32,100,24,63
ROSMUNDA DIONISETTI,"28 February 2019","Birmingham Academy",Sparta Day 28 February 2019.txt,32,100,24,54
ROSS BEEVORS,"1 August 2019","Birmingham Academy",Sparta Day 1 August 2019.txt,32,100,25,48
ROSSIE CAITLIN,"9 October 2019","London Academy",Sparta Day 9 October 2019.txt,32,100,25,62
ROSY OSBAND,"7 November 2019","Birmingham Academy",Sparta Day 7 November 2019.txt,32,100,21,56
ROWE FRITTER,"5 February 2019","London Academy",Sparta Day 5 February 2019.txt,32,100,22,68
ROWLAND CABOTTO,"2 May 2019","Birmingham Academy",Sparta Day 2 May 2019.txt,32,100,16,49
ROWNEY VON HAGT,"4 April 2019","Birmingham Academy",Sparta Day 4 April 2019.txt,32,100,18,61
ROXANNA RASHLEIGH,"12 March 2019","London Academy",Sparta Day 12 March 2019.txt,32,100,17,57
ROXANNA TUNSTALL,"24 January 2019","Birmingham Academy",Sparta Day 24 January 2019.txt,32,100,16,52
ROXANNE EDIE,"16 January 2019","London Academy",Sparta Day 16 January 2019.txt,32,100,21,54
ROXIE GLASBY,"17 July 2019","London Academy",Sparta Day 17 July 2019.txt,32,100,14,55
ROYAL LOUGHEED,"21 March 2019","Birmingham Academy",Sparta Day 21 March 2019.txt,32,100,18,53
ROYALL STIRLEY,"30 January 2019","London Academy",Sparta Day 30 January 2019.txt,32,100,22,63
ROZALIN SUMMERSCALES,"28 August 2019","London Academy",Sparta Day 28 August 2019.txt,32,100,26,64
ROZAMOND WILTON,"27 March 2019","London Academy",Sparta Day 27 March 2019.txt,32,100,19,50
ROZANNE BURHOUSE,"27 March 2019","London Academy",Sparta Day 27 March 2019.txt,32,100,21,56
ROZE KYLES,"7 May 2019","London Academy",Sparta Day 7 May 2019.txt,32,100,20,58
ROZE SOMERBELL,"28 March 2019","Birmingham Academy",Sparta Day 28 March 2019.txt,32,100,24,62
ROZE YEPISKOPOV,"21 August 2019","London Academy",Sparta Day 21 August 2019.txt,32,100,17,60
ROZELE ZANICCHELLI,"27 March 2019","London Academy",Sparta Day 27 March 2019.txt,32,100,19,45
RUBE BEALS,"17 December 2019","London Academy",Sparta Day 17 December 2019.txt,32,100,22,59
RUBEN MCCOY,"22 January 2019","London Academy",Sparta Day 22 January 2019.txt,32,100,23,50
RUBIA ESPY,"8 August 2019","Birmingham Academy",Sparta Day 8 August 2019.txt,32,100,24,54
RUBIA HARNOTT,"26 March 2019","London Academy",Sparta Day 26 March 2019.txt,32,100,26,43
RUBY BATECOK,"24 October 2019","Birmingham Academy",Sparta Day 24 October 2019.txt,32,100,20,72
RUBY LARCIERE,"17 September 2019","London Academy",Sparta Day 17 September 2019.txt,32,100,19,50
RUDOLF MAPLE,"21 August 2019","London Academy",Sparta Day 21 August 2019.txt,32,100,25,55
RUDY DAVIDDE,"26 March 2019","London Academy",Sparta Day 26 March 2019.txt,32,100,23,56
RUFE DEVON,"11 July 2019","Birmingham Academy",Sparta Day 11 July 2019.txt,32,100,16,51
RUFUS O'RUANE,"27 February 2019","London Academy",Sparta Day 27 February 2019.txt,32,100,21,47
RUPERTA ILLESLEY,"26 September 2019","Birmingham Academy",Sparta Day 26 September 2019.txt,32,100,20,54
RURIK CRIMMINS,"30 October 2019","London Academy",Sparta Day 30 October 2019.txt,32,100,21,46
RUSSELL SHEREBROOK,"5 September 2019","Birmingham Academy",Sparta Day 5 September 2019.txt,32,100,22,62
RUSTIE CORMODE,"13 March 2019","London Academy",Sparta Day 13 March 2019.txt,32,100,21,54
RUTH HARNOR,"24 April 2019","London Academy",Sparta Day 24 April 2019.txt,32,100,20,55
RUTHE ADOLTHINE,"1 August 2019","Birmingham Academy",Sparta Day 1 August 2019.txt,32,100,17,63
RUTHE HAMSHER,"14 March 2019","Birmingham Academy",Sparta Day 14 March 2019.txt,32,100,22,37
RUTHIE KINVIG,"10 July 2019","London Academy",Sparta Day 10 July 2019.txt,32,100,20,44
RUTTGER WHITROD,"8 October 2019","London Academy",Sparta Day 8 October 2019.txt,32,100,16,56
RUY MOXHAM,"21 November 2019","Birmingham Academy",Sparta Day 21 November 2019.txt,32,100,11,69
RUY WYTHILL,"20 February 2019","London Academy",Sparta Day 20 February 2019.txt,32,100,18,61
RYLEY DAEL,"10 September 2019","London Academy",Sparta Day 10 September 2019.txt,32,100,25,62
SABINA SECKINGTON,"5 September 2019","Birmingham Academy",Sparta Day 5 September 2019.txt,32,100,13,47
SADELLA DUFOURE,"8 October 2019","London Academy",Sparta Day 8 October 2019.txt,32,100,24,55
SAL CUREE,"9 January 2019","London Academy",Sparta Day 9 January 2019.txt,32,100,20,59
SAL INGLESENT,"4 July 2019","Birmingham Academy",Sparta Day 4 July 2019.txt,32,100,24,50
SAL RIGNOLDES,"20 June 2019","Birmingham Academy",Sparta Day 20 June 2019.txt,32,100,17,48
SALAIDH JUMONT,"26 March 2019","London Academy",Sparta Day 26 March 2019.txt,32,100,12,65
SALAIDH LOVEDAY,"15 August 2019","Birmingham Academy",Sparta Day 15 August 2019.txt,32,100,16,48
SALEEM WHIMPER,"7 November 2019","Birmingham Academy",Sparta Day 7 November 2019.txt,32,100,12,61
SALIM EDMUNDSON,"13 June 2019","Birmingham Academy",Sparta Day 13 June 2019.txt,32,100,26,52
SALIM SARRA,"10 July 2019","London Academy",Sparta Day 10 July 2019.txt,32,100,19,53
SALLIE MCNAIR,"21 March 2019","Birmingham Academy",Sparta Day 21 March 2019.txt,32,100,15,61
SALLYANN JACOBI,"1 October 2019","London Academy",Sparta Day 1 October 2019.txt,32,100,15,60
SALMON BLINDER,"18 September 2019","London Academy",Sparta Day 18 September 2019.txt,32,100,23,56
SALMON GLENFIELD,"10 December 2019","London Academy",Sparta Day 10 December 2019.txt,32,100,21,52
SALOMI SHALDERS,"30 April 2019","London Academy",Sparta Day 30 April 2019.txt,32,100,26,50
SALOMON COSTELLOW,"29 January 2019","London Academy",Sparta Day 29 January 2019.txt,32,100,27,53
SALVADOR ELMAN,"7 August 2019","London Academy",Sparta Day 7 August 2019.txt,32,100,14,62
SALVIDOR CULLY,"10 April 2019","London Academy",Sparta Day 10 April 2019.txt,32,100,18,53
SALVIDOR DALRYMPLE,"29 January 2019","London Academy",Sparta Day 29 January 2019.txt,32,100,24,51
SAM MULVIHILL,"3 October 2019","Birmingham Academy",Sparta Day 3 October 2019.txt,32,100,21,54
SAMANTHA EVENNETT,"22 May 2019","London Academy",Sparta Day 22 May 2019.txt,32,100,17,50
SAMANTHA LANPHERE,"27 November 2019","London Academy",Sparta Day 27 November 2019.txt,32,100,14,48
SAMMIE BEAMS,"17 October 2019","Birmingham Academy",Sparta Day 17 October 2019.txt,32,100,19,63
SAMMIE GOBY,"28 May 2019","London Academy",Sparta Day 28 May 2019.txt,32,100,20,49
SAMMY GOWRIE,"26 February 2019","London Academy",Sparta Day 26 February 2019.txt,32,100,17,61
SAMMY MACSWEENEY,"19 December 2019","Birmingham Academy",Sparta Day 19 December 2019.txt,32,100,21,48
SAMPSON PRETTEJOHNS,"27 February 2019","London Academy",Sparta Day 27 February 2019.txt,32,100,23,57
SAMSON MOSEN,"26 June 2019","London Academy",Sparta Day 26 June 2019.txt,32,100,18,54
SAMUEL SIMONE,"23 January 2019","London Academy",Sparta Day 23 January 2019.txt,32,100,20,52
SAMUELE MELPUSS,"30 May 2019","Birmingham Academy",Sparta Day 30 May 2019.txt,32,100,22,48
SAMUELE WHEAR,"20 August 2019","London Academy",Sparta Day 20 August 2019.txt,32,100,18,57
SANDER REWBOTTOM,"25 July 2019","Birmingham Academy",Sparta Day 25 July 2019.txt,32,100,21,58
SANDER SLIXBY,"8 October 2019","London Academy",Sparta Day 8 October 2019.txt,32,100,22,47
SANDI GURTON,"25 June 2019","London Academy",Sparta Day 25 June 2019.txt,32,100,27,62
SANDOR ATACK,"29 May 2019","London Academy",Sparta Day 29 May 2019.txt,32,100,18,50
SANDOR SWATRADGE,"18 July 2019","Birmingham Academy",Sparta Day 18 July 2019.txt,32,100,23,71
SANDRO PRATCHETT,"11 December 2019","London Academy",Sparta Day 11 December 2019.txt,32,100,19,53
SANDY DROOGAN,"17 October 2019","Birmingham Academy",Sparta Day 17 October 2019.txt,32,100,19,53
SANFORD LARKING,"15 May 2019","London Academy",Sparta Day 15 May 2019.txt,32,100,19,60
SANSONE CAGHAN,"15 May 2019","London Academy",Sparta Day 15 May 2019.txt,32,100,23,48
SARAANN ANDRIOLLI,"7 March 2019","Birmingham Academy",Sparta Day 7 March 2019.txt,32,100,18,48
SARAANN ELCOMBE,"12 September 2019","Birmingham Academy",Sparta Day 12 September 2019.txt,32,100,19,50
SARAH MAGOR,"20 June 2019","Birmingham Academy",Sparta Day 20 June 2019.txt,32,100,24,61
SAREE DAENS,"15 August 2019","Birmingham Academy",Sparta Day 15 August 2019.txt,32,100,19,54
SAREE LANGSTON,"3 December 2019","London Academy",Sparta Day 3 December 2019.txt,32,100,19,38
SAREE SCHWAND,"2 May 2019","Birmingham Academy",Sparta Day 2 May 2019.txt,32,100,19,56
SARENA WEATHERILL,"17 July 2019","London Academy",Sparta Day 17 July 2019.txt,32,100,22,59
SARITA WEEDON,"11 September 2019","London Academy",Sparta Day 11 September 2019.txt,32,100,19,66
SASHA MACGAUGHY,"5 September 2019","Birmingham Academy",Sparta Day 5 September 2019.txt,32,100,24,52
SAUNCHO AVESON,"13 August 2019","London Academy",Sparta Day 13 August 2019.txt,32,100,30,58
SAUNDRA FUZZENS,"28 August 2019","London Academy",Sparta Day 28 August 2019.txt,32,100,18,57
SAVINA PHYTHIEN,"27 June 2019","Birmingham Academy",Sparta Day 27 June 2019.txt,32,100,20,65
SAWYERE PASKELL,"5 June 2019","London Academy",Sparta Day 5 June 2019.txt,32,100,22,57
SAXON MCTIERNAN,"19 February 2019","London Academy",Sparta Day 19 February 2019.txt,32,100,22,55
SAY KLEINHAUSEN,"5 November 2019","London Academy",Sparta Day 5 November 2019.txt,32,100,21,54
SAYER WEEDON,"3 April 2019","London Academy",Sparta Day 3 April 2019.txt,32,100,20,57
SAYRE WEBBERLEY,"14 August 2019","London Academy",Sparta Day 14 August 2019.txt,32,100,21,51
SCARFACE GALLIHAULK,"3 September 2019","London Academy",Sparta Day 3 September 2019.txt,32,100,23,64
SCARLETT CICCARELLO,"2 May 2019","Birmingham Academy",Sparta Day 2 May 2019.txt,32,100,16,57
SCARLETT ROARTY,"23 July 2019","London Academy",Sparta Day 23 July 2019.txt,32,100,23,58
SCHUYLER CONNOLD,"9 May 2019","Birmingham Academy",Sparta Day 9 May 2019.txt,32,100,22,45
SCHUYLER MCKIMM,"18 September 2019","London Academy",Sparta Day 18 September 2019.txt,32,100,18,60
SCOT RANKINE,"2 April 2019","London Academy",Sparta Day 2 April 2019.txt,32,100,25,46
SCOTT DUNY,"11 April 2019","Birmingham Academy",Sparta Day 11 April 2019.txt,32,100,17,57
SCOTTI BROMFIELD,"10 December 2019","London Academy",Sparta Day 10 December 2019.txt,32,100,21,50
SCOTTIE ORKNAY,"6 February 2019","London Academy",Sparta Day 6 February 2019.txt,32,100,18,68
SEAMUS HUXSTER,"9 July 2019","London Academy",Sparta Day 9 July 2019.txt,32,100,26,48
SEAN DILLAWAY,"11 June 2019","London Academy",Sparta Day 11 June 2019.txt,32,100,22,54
SEAN OVISE,"27 August 2019","London Academy",Sparta Day 27 August 2019.txt,32,100,24,60
SEBASTIANO RAMSBY,"16 May 2019","Birmingham Academy",Sparta Day 16 May 2019.txt,32,100,16,43
SEE FOYNES,"18 December 2019","London Academy",Sparta Day 18 December 2019.txt,32,100,14,50
SEE UDEN,"20 August 2019","London Academy",Sparta Day 20 August 2019.txt,32,100,22,48
SELA PAVESE,"25 July 2019","Birmingham Academy",Sparta Day 25 July 2019.txt,32,100,19,56
SELBY FLOYD,"4 June 2019","London Academy",Sparta Day 4 June 2019.txt,32,100,20,61
SELBY TILLS,"9 July 2019","London Academy",Sparta Day 9 July 2019.txt,32,100,18,48
SELESTINA MCBEAN,"15 May 2019","London Academy",Sparta Day 15 May 2019.txt,32,100,15,51
SELIA ANNELL,"28 August 2019","London Academy",Sparta Day 28 August 2019.txt,32,100,19,33
SELIA DIEM,"29 May 2019","London Academy",Sparta Day 29 May 2019.txt,32,100,18,47
SELIA TOOHEY,"26 September 2019","Birmingham Academy",Sparta Day 26 September 2019.txt,32,100,22,43
SELIA TOURS,"3 January 2019","Birmingham Academy",Sparta Day 3 January 2019.txt,32,100,20,47
SELLE MCKEOWON,"20 June 2019","Birmingham Academy",Sparta Day 20 June 2019.txt,32,100,15,57
SELMA O'BROGANE,"12 November 2019","London Academy",Sparta Day 12 November 2019.txt,32,100,21,52
SERGE DE LEEK,"26 November 2019","London Academy",Sparta Day 26 November 2019.txt,32,100,20,52
SERGE MUEHLE,"19 June 2019","London Academy",Sparta Day 19 June 2019.txt,32,100,16,53
SERGEI KENRICK,"3 April 2019","London Academy",Sparta Day 3 April 2019.txt,32,100,22,47
SEUMAS LEMONBY,"14 August 2019","London Academy",Sparta Day 14 August 2019.txt,32,100,24,57
SEYMOUR RODDA,"6 June 2019","Birmingham Academy",Sparta Day 6 June 2019.txt,32,100,20,54
SHAE AINSLIE,"15 August 2019","Birmingham Academy",Sparta Day 15 August 2019.txt,32,100,21,58
SHAE DI RUGGIERO,"13 November 2019","London Academy",Sparta Day 13 November 2019.txt,32,100,21,63
SHALNA JZAK,"2 April 2019","London Academy",Sparta Day 2 April 2019.txt,32,100,19,40
SHAMUS ATTENBARROW,"12 September 2019","Birmingham Academy",Sparta Day 12 September 2019.txt,32,100,22,53
SHAMUS MCCOMISH,"15 August 2019","Birmingham Academy",Sparta Day 15 August 2019.txt,32,100,23,56
SHANDA GLANESTER,"23 April 2019","London Academy",Sparta Day 23 April 2019.txt,32,100,20,67
SHANDEE BLASCHKE,"21 August 2019","London Academy",Sparta Day 21 August 2019.txt,32,100,22,58
SHANDEIGH BIRCHETT,"11 June 2019","London Academy",Sparta Day 11 June 2019.txt,32,100,22,47
SHANDEIGH ILYUSHKIN,"4 June 2019","London Academy",Sparta Day 4 June 2019.txt,32,100,20,48
SHANDIE MUIR,"28 November 2019","Birmingham Academy",Sparta Day 28 November 2019.txt,32,100,21,52
SHANE ODO,"8 May 2019","London Academy",Sparta Day 8 May 2019.txt,32,100,16,48
SHANIE DENISO,"2 July 2019","London Academy",Sparta Day 2 July 2019.txt,32,100,14,58
SHANNA JUNIPER,"4 December 2019","London Academy",Sparta Day 4 December 2019.txt,32,100,16,58
SHANNAN ANDREJEVIC,"23 January 2019","London Academy",Sparta Day 23 January 2019.txt,32,100,19,46
SHANNON HARTMAN,"21 August 2019","London Academy",Sparta Day 21 August 2019.txt,32,100,16,56
SHANON OLDKNOW,"5 February 2019","London Academy",Sparta Day 5 February 2019.txt,32,100,19,54
SHANTEE MACMICHAEL,"21 May 2019","London Academy",Sparta Day 21 May 2019.txt,32,100,23,54
SHARI WEDGWOOD,"9 July 2019","London Academy",Sparta Day 9 July 2019.txt,32,100,17,40
SHARITY HAWKSWELL,"28 August 2019","London Academy",Sparta Day 28 August 2019.txt,32,100,24,43
SHARL DAGGETT,"22 August 2019","Birmingham Academy",Sparta Day 22 August 2019.txt,32,100,20,60
SHARL SHAMBROOKE,"4 July 2019","Birmingham Academy",Sparta Day 4 July 2019.txt,32,100,27,53
SHARRON STARLING,"26 November 2019","London Academy",Sparta Day 26 November 2019.txt,32,100,18,54
SHAUN DOWLEY,"10 July 2019","London Academy",Sparta Day 10 July 2019.txt,32,100,22,58
SHAWN BOWMER,"7 February 2019","Birmingham Academy",Sparta Day 7 February 2019.txt,32,100,20,65
SHAWN ROBERTSHAW,"17 September 2019","London Academy",Sparta Day 17 September 2019.txt,32,100,22,47
SHAY MERRGEN,"9 April 2019","London Academy",Sparta Day 9 April 2019.txt,32,100,24,50
SHAY OBEE,"11 July 2019","Birmingham Academy",Sparta Day 11 July 2019.txt,32,100,18,52
SHAYNE DE DOMENICO,"11 June 2019","London Academy",Sparta Day 11 June 2019.txt,32,100,20,54
SHAYNE ST LOUIS,"2 May 2019","Birmingham Academy",Sparta Day 2 May 2019.txt,32,100,24,51
SHEA CHASMOOR,"17 July 2019","London Academy",Sparta Day 17 July 2019.txt,32,100,19,59
SHEA SKILLETT,"19 February 2019","London Academy",Sparta Day 19 February 2019.txt,32,100,25,57
SHEBA EVERAL,"15 May 2019","London Academy",Sparta Day 15 May 2019.txt,32,100,25,52
SHEEREE COLLOP,"10 April 2019","London Academy",Sparta Day 10 April 2019.txt,32,100,19,66
SHEFF WALEWORKE,"22 October 2019","London Academy",Sparta Day 22 October 2019.txt,32,100,23,55
SHEFFIELD FURZER,"19 March 2019","London Academy",Sparta Day 19 March 2019.txt,32,100,23,58
SHEL BOLZEN,"25 June 2019","London Academy",Sparta Day 25 June 2019.txt,32,100,18,59
SHELA MCCALL,"14 August 2019","London Academy",Sparta Day 14 August 2019.txt,32,100,24,62
SHELAGH BARTHEL,"18 April 2019","Birmingham Academy",Sparta Day 18 April 2019.txt,32,100,16,66
SHELBA WESTNAGE,"14 February 2019","Birmingham Academy",Sparta Day 14 February 2019.txt,32,100,22,53
SHELBI WADDINGHAM,"18 June 2019","London Academy",Sparta Day 18 June 2019.txt,32,100,21,54
SHELDEN SHERATON,"20 June 2019","Birmingham Academy",Sparta Day 20 June 2019.txt,32,100,23,58
SHELIA BEADLES,"21 March 2019","Birmingham Academy",Sparta Day 21 March 2019.txt,32,100,22,61
SHELIA CARLESI,"2 April 2019","London Academy",Sparta Day 2 April 2019.txt,32,100,22,59
SHELLEY O'DYVOIE,"19 February 2019","London Academy",Sparta Day 19 February 2019.txt,32,100,23,61
SHELLI ABBESS,"10 January 2019","Birmingham Academy",Sparta Day 10 January 2019.txt,32,100,22,51
SHEPHERD ALIMAN,"9 May 2019","Birmingham Academy",Sparta Day 9 May 2019.txt,32,100,26,53
SHEPHERD EGALTON,"7 November 2019","Birmingham Academy",Sparta Day 7 November 2019.txt,32,100,25,53
SHER BIESINGER,"19 March 2019","London Academy",Sparta Day 19 March 2019.txt,32,100,23,51
SHER SALDLER,"29 October 2019","London Academy",Sparta Day 29 October 2019.txt,32,100,17,49
SHERIDAN ANGEAU,"26 February 2019","London Academy",Sparta Day 26 February 2019.txt,32,100,21,53
SHERIE VEREGAN,"5 September 2019","Birmingham Academy",Sparta Day 5 September 2019.txt,32,100,23,60
SHERLINE CUDIHY,"1 August 2019","Birmingham Academy",Sparta Day 1 August 2019.txt,32,100,16,52
SHERLOCK SIBLEY,"13 February 2019","London Academy",Sparta Day 13 February 2019.txt,32,100,23,51
SHERLOCKE BASELIO,"2 July 2019","London Academy",Sparta Day 2 July 2019.txt,32,100,19,66
SHERLOCKE LERNER,"3 December 2019","London Academy",Sparta Day 3 December 2019.txt,32,100,17,63
SHERMY SWANCOCK,"19 June 2019","London Academy",Sparta Day 19 June 2019.txt,32,100,21,54
SHERWIN GUY,"23 January 2019","London Academy",Sparta Day 23 January 2019.txt,32,100,18,48
SHERWIN MCILWRAITH,"25 September 2019","London Academy",Sparta Day 25 September 2019.txt,32,100,22,63
SHERWOOD CAHAN,"11 June 2019","London Academy",Sparta Day 11 June 2019.txt,32,100,11,42
SHERWOOD SANDERCOCK,"17 December 2019","London Academy",Sparta Day 17 December 2019.txt,32,100,20,57
SHIRL BOULD,"3 April 2019","London Academy",Sparta Day 3 April 2019.txt,32,100,18,52
SHOLOM BANTING,"20 March 2019","London Academy",Sparta Day 20 March 2019.txt,32,100,24,61
SHOSHANNA JANICEK,"18 July 2019","Birmingham Academy",Sparta Day 18 July 2019.txt,32,100,22,52
SHURLOCK DUTCH,"31 July 2019","London Academy",Sparta Day 31 July 2019.txt,32,100,24,43
SHURLOCK GOUNIN,"21 March 2019","Birmingham Academy",Sparta Day 21 March 2019.txt,32,100,18,47
SHURLOCKE CRINGLE,"21 May 2019","London Academy",Sparta Day 21 May 2019.txt,32,100,21,52
SHURLOCKE CRINGLE,"31 January 2019","Birmingham Academy",Sparta Day 31 January 2019.txt,32,100,18,49
SHURLOCKE HELMKE,"13 February 2019","London Academy",Sparta Day 13 February 2019.txt,32,100,20,45
SIBBIE DI BIASIO,"22 January 2019","London Academy",Sparta Day 22 January 2019.txt,32,100,22,53
SIBLEY ADDISON,"31 January 2019","Birmingham Academy",Sparta Day 31 January 2019.txt,32,100,22,56
SIBLEY ANDERTON,"9 April 2019","London Academy",Sparta Day 9 April 2019.txt,32,100,21,46
SIBLEY FORREST,"6 March 2019","London Academy",Sparta Day 6 March 2019.txt,32,100,15,49
SIBLEY KNEAPHSEY,"24 January 2019","Birmingham Academy",Sparta Day 24 January 2019.txt,32,100,23,50
SIBYL BRADDICK,"18 April 2019","Birmingham Academy",Sparta Day 18 April 2019.txt,32,100,26,61
SIBYL GILARDI,"3 July 2019","London Academy",Sparta Day 3 July 2019.txt,32,100,23,59
SIBYLLE JURIS,"17 September 2019","London Academy",Sparta Day 17 September 2019.txt,32,100,22,51
SIBYLLE THOMAZIN,"30 October 2019","London Academy",Sparta Day 30 October 2019.txt,32,100,19,42
SID LIBBIE,"1 August 2019","Birmingham Academy",Sparta Day 1 August 2019.txt,32,100,28,59
SIDNEE HOLLOWS,"12 November 2019","London Academy",Sparta Day 12 November 2019.txt,32,100,17,51
SIDNEY LE BATTEUR,"8 August 2019","Birmingham Academy",Sparta Day 8 August 2019.txt,32,100,20,57
SIEGFRIED EVERAL,"17 September 2019","London Academy",Sparta Day 17 September 2019.txt,32,100,23,53
SIEGFRIED GERLEIT,"26 June 2019","London Academy",Sparta Day 26 June 2019.txt,32,100,18,45
SIGISMOND O'HEAGERTIE,"6 February 2019","London Academy",Sparta Day 6 February 2019.txt,32,100,23,57
SIGISMUND IZKOVICI,"15 August 2019","Birmingham Academy",Sparta Day 15 August 2019.txt,32,100,18,50
SIGISMUNDO SHELLIBEER,"19 November 2019","London Academy",Sparta Day 19 November 2019.txt,32,100,23,53
SIGMUND CARNIHAN,"26 March 2019","London Academy",Sparta Day 26 March 2019.txt,32,100,22,44
SIGMUND MOULIN,"23 May 2019","Birmingham Academy",Sparta Day 23 May 2019.txt,32,100,24,58
SIGRID VEITCH,"2 January 2019","London Academy",Sparta Day 2 January 2019.txt,32,100,20,57
SILAS BLOWIN,"19 September 2019","Birmingham Academy",Sparta Day 19 September 2019.txt,32,100,20,55
SILEAS GOLSON,"29 January 2019","London Academy",Sparta Day 29 January 2019.txt,32,100,16,65
SILVAIN GEEVE,"31 January 2019","Birmingham Academy",Sparta Day 31 January 2019.txt,32,100,18,49
SILVAIN KUHWALD,"25 June 2019","London Academy",Sparta Day 25 June 2019.txt,32,100,21,61
SILVANO MACCAGUE,"19 June 2019","London Academy",Sparta Day 19 June 2019.txt,32,100,16,47
SILVANO SNAP,"20 November 2019","London Academy",Sparta Day 20 November 2019.txt,32,100,26,48
SILVESTER CALLER,"13 February 2019","London Academy",Sparta Day 13 February 2019.txt,32,100,19,61
SILVESTER ONDRA,"12 June 2019","London Academy",Sparta Day 12 June 2019.txt,32,100,18,55
SILVIE ALLDERIDGE,"7 May 2019","London Academy",Sparta Day 7 May 2019.txt,32,100,21,51
SILVIE GUILLOU,"8 August 2019","Birmingham Academy",Sparta Day 8 August 2019.txt,32,100,20,48
SILVIO RANDAL,"17 September 2019","London Academy",Sparta Day 17 September 2019.txt,32,100,13,63
SIM BACCHUS,"23 July 2019","London Academy",Sparta Day 23 July 2019.txt,32,100,22,55
SIM BAUDAINS,"12 November 2019","London Academy",Sparta Day 12 November 2019.txt,32,100,16,53
SIMMONDS CASTLEDINE,"26 June 2019","London Academy",Sparta Day 26 June 2019.txt,32,100,24,47
SIMON MURREY,"16 January 2019","London Academy",Sparta Day 16 January 2019.txt,32,100,19,50
SIMONETTE MAWSON,"31 July 2019","London Academy",Sparta Day 31 July 2019.txt,32,100,24,61
SIMONNE MERMAN,"3 September 2019","London Academy",Sparta Day 3 September 2019.txt,32,100,26,51
SIMONNE REGGLER,"26 June 2019","London Academy",Sparta Day 26 June 2019.txt,32,100,21,42
SINCLAIR BONDER,"11 July 2019","Birmingham Academy",Sparta Day 11 July 2019.txt,32,100,26,60
SINCLAIR BREISSAN,"12 June 2019","London Academy",Sparta Day 12 June 2019.txt,32,100,19,60
SIOUXIE ROGAN,"11 June 2019","London Academy",Sparta Day 11 June 2019.txt,32,100,16,60
SIOUXIE TUNSTALL,"1 May 2019","London Academy",Sparta Day 1 May 2019.txt,32,100,23,57
SISILE RAWOOD,"18 December 2019","London Academy",Sparta Day 18 December 2019.txt,32,100,22,45
SIWARD LUTEN,"12 February 2019","London Academy",Sparta Day 12 February 2019.txt,32,100,21,45
SKELLY BHAR,"12 February 2019","London Academy",Sparta Day 12 February 2019.txt,32,100,21,48
SKELLY GLEWE,"26 November 2019","London Academy",Sparta Day 26 November 2019.txt,32,100,11,36
SKIPPY WORRELL,"29 January 2019","London Academy",Sparta Day 29 January 2019.txt,32,100,25,58
SKYLAR DODWELL,"22 May 2019","London Academy",Sparta Day 22 May 2019.txt,32,100,23,52
SKYLER PENDRE,"8 October 2019","London Academy",Sparta Day 8 October 2019.txt,32,100,19,51
SLADE CANNAVAN,"20 February 2019","London Academy",Sparta Day 20 February 2019.txt,32,100,17,65
SLOANE PHILBROOK,"28 May 2019","London Academy",Sparta Day 28 May 2019.txt,32,100,19,66
SOFIA CULLIVAN,"22 October 2019","London Academy",Sparta Day 22 October 2019.txt,32,100,21,58
SOLLIE SPINDLER,"27 November 2019","London Academy",Sparta Day 27 November 2019.txt,32,100,23,59
SOLLY KOLLAS,"14 February 2019","Birmingham Academy",Sparta Day 14 February 2019.txt,32,100,25,54
SOLLY REEK,"12 December 2019","Birmingham Academy",Sparta Day 12 December 2019.txt,32,100,22,55
SONDRA WABERER,"9 July 2019","London Academy",Sparta Day 9 July 2019.txt,32,100,11,53
SONJA SCIBSEY,"14 February 2019","Birmingham Academy",Sparta Day 14 February 2019.txt,32,100,15,60
SONNIE MALENFANT,"14 August 2019","London Academy",Sparta Day 14 August 2019.txt,32,100,22,51
SONNNIE STELLJES,"18 April 2019","Birmingham Academy",Sparta Day 18 April 2019.txt,32,100,19,66
SOPHEY SKYPP,"25 June 2019","London Academy",Sparta Day 25 June 2019.txt,32,100,20,45
SOPHIE BOSSE,"12 February 2019","London Academy",Sparta Day 12 February 2019.txt,32,100,18,59
SORCHA ARGUE,"2 July 2019","London Academy",Sparta Day 2 July 2019.txt,32,100,15,52
SOSANNA RAWLINGS,"29 May 2019","London Academy",Sparta Day 29 May 2019.txt,32,100,22,51
STACEE KIDSON,"21 March 2019","Birmingham Academy",Sparta Day 21 March 2019.txt,32,100,22,55
STACEE POINTS,"7 May 2019","London Academy",Sparta Day 7 May 2019.txt,32,100,17,45
STACEY DE VUYST,"27 March 2019","London Academy",Sparta Day 27 March 2019.txt,32,100,26,64
STACEY POE,"27 August 2019","London Academy",Sparta Day 27 August 2019.txt,32,100,20,46
STACI FURLOW,"13 November 2019","London Academy",Sparta Day 13 November 2019.txt,32,100,18,52
STACI HARLETT,"16 January 2019","London Academy",Sparta Day 16 January 2019.txt,32,100,11,56
STACIE HEADS,"16 April 2019","London Academy",Sparta Day 16 April 2019.txt,32,100,23,63
STAFFARD LOAD,"13 June 2019","Birmingham Academy",Sparta Day 13 June 2019.txt,32,100,16,59
STAN FORKAN,"1 August 2019","Birmingham Academy",Sparta Day 1 August 2019.txt,32,100,20,56
STANDFORD BREWITT,"16 May 2019","Birmingham Academy",Sparta Day 16 May 2019.txt,32,100,22,56
STANDFORD GLANERT,"17 September 2019","London Academy",Sparta Day 17 September 2019.txt,32,100,20,41
STANFIELD COLLISON,"27 February 2019","London Academy",Sparta Day 27 February 2019.txt,32,100,17,54
STANISLAUS SENDLEY,"30 July 2019","London Academy",Sparta Day 30 July 2019.txt,32,100,17,58
STANLEIGH HUSON,"19 June 2019","London Academy",Sparta Day 19 June 2019.txt,32,100,22,53
STANLY RICKERT,"3 October 2019","Birmingham Academy",Sparta Day 3 October 2019.txt,32,100,14,53
STANWOOD HEIMANN,"10 July 2019","London Academy",Sparta Day 10 July 2019.txt,32,100,23,49
STAR JURGES,"1 August 2019","Birmingham Academy",Sparta Day 1 August 2019.txt,32,100,22,54
STAR LAPTHORN,"17 September 2019","London Academy",Sparta Day 17 September 2019.txt,32,100,14,52
STARLIN RACKSTRAW,"9 July 2019","London Academy",Sparta Day 9 July 2019.txt,32,100,14,63
STARR CURCHER,"15 August 2019","Birmingham Academy",Sparta Day 15 August 2019.txt,32,100,25,59
STAVRO BARTOCCI,"9 April 2019","London Academy",Sparta Day 9 April 2019.txt,32,100,18,46
STAVRO SHERRATT,"5 September 2019","Birmingham Academy",Sparta Day 5 September 2019.txt,32,100,15,49
STAVROS PETTICROW,"1 May 2019","London Academy",Sparta Day 1 May 2019.txt,32,100,12,52
STEFAN GERSAM,"3 April 2019","London Academy",Sparta Day 3 April 2019.txt,32,100,20,53
STEFAN INSLEY,"13 March 2019","London Academy",Sparta Day 13 March 2019.txt,32,100,25,57
STEFFANE LAITY,"10 December 2019","London Academy",Sparta Day 10 December 2019.txt,32,100,25,62
STEFFEN MARCOMBE,"4 July 2019","Birmingham Academy",Sparta Day 4 July 2019.txt,32,100,19,63
STEFFI BRIDEOKE,"3 September 2019","London Academy",Sparta Day 3 September 2019.txt,32,100,23,48
STELLA ULSTER,"3 April 2019","London Academy",Sparta Day 3 April 2019.txt,32,100,26,65
STEPHA WILLISON,"26 September 2019","Birmingham Academy",Sparta Day 26 September 2019.txt,32,100,24,61
STEPHAN BAHLS,"16 January 2019","London Academy",Sparta Day 16 January 2019.txt,32,100,24,59
STEPHAN ETCHINGHAM,"13 March 2019","London Academy",Sparta Day 13 March 2019.txt,32,100,21,48
STEPHAN JAXON,"10 January 2019","Birmingham Academy",Sparta Day 10 January 2019.txt,32,100,22,63
STEPHAN MIDDLE,"4 December 2019","London Academy",Sparta Day 4 December 2019.txt,32,100,27,51
STEPHAN TIDBALD,"11 September 2019","London Academy",Sparta Day 11 September 2019.txt,32,100,17,61
STEPHANI LIBBY,"27 March 2019","London Academy",Sparta Day 27 March 2019.txt,32,100,17,55
STEPHANI PRETTYMAN,"22 August 2019","Birmingham Academy",Sparta Day 22 August 2019.txt,32,100,18,57
STEPHANNIE TICHNER,"27 November 2019","London Academy",Sparta Day 27 November 2019.txt,32,100,24,41
STEPHANUS KENWOOD,"12 February 2019","London Academy",Sparta Day 12 February 2019.txt,32,100,18,58
STEPHI DUCKERING,"29 October 2019","London Academy",Sparta Day 29 October 2019.txt,32,100,19,54
STEPHIE BOORNE,"17 October 2019","Birmingham Academy",Sparta Day 17 October 2019.txt,32,100,23,38
STEPHINE KIRTON,"10 September 2019","London Academy",Sparta Day 10 September 2019.txt,32,100,19,63
STERLING BYER,"23 July 2019","London Academy",Sparta Day 23 July 2019.txt,32,100,22,49
STERN ASHFULL,"13 March 2019","London Academy",Sparta Day 13 March 2019.txt,32,100,22,55
STERN SKRZYNSKI,"14 March 2019","Birmingham Academy",Sparta Day 14 March 2019.txt,32,100,21,38
STEVIE HOULISTON,"15 August 2019","Birmingham Academy",Sparta Day 15 August 2019.txt,32,100,17,62
STEWART LOCK,"6 November 2019","London Academy",Sparta Day 6 November 2019.txt,32,100,20,58
STEWART STAPLEFORD,"11 June 2019","London Academy",Sparta Day 11 June 2019.txt,32,100,21,44
STILLMANN CASTANO,"22 August 2019","Birmingham Academy",Sparta Day 22 August 2019.txt,32,100,22,53
STILLMANN QUALTROUGH,"10 September 2019","London Academy",Sparta Day 10 September 2019.txt,32,100,9,63
STINKY GOULTER,"30 January 2019","London Academy",Sparta Day 30 January 2019.txt,32,100,18,61
STORM HENRYSON,"24 September 2019","London Academy",Sparta Day 24 September 2019.txt,32,100,19,59
STORMI KMENT,"2 January 2019","London Academy",Sparta Day 2 January 2019.txt,32,100,18,42
STORMIE WILLOUGHEY,"14 May 2019","London Academy",Sparta Day 14 May 2019.txt,32,100,15,49
SUE BARFITT,"10 January 2019","Birmingham Academy",Sparta Day 10 January 2019.txt,32,100,19,50
SUELLEN DOWNGATE,"26 February 2019","London Academy",Sparta Day 26 February 2019.txt,32,100,22,45
SUKEY BENEDICTO,"29 October 2019","London Academy",Sparta Day 29 October 2019.txt,32,100,22,60
SUKEY DONISI,"23 May 2019","Birmingham Academy",Sparta Day 23 May 2019.txt,32,100,20,53
SULLIVAN PESKIN,"11 April 2019","Birmingham Academy",Sparta Day 11 April 2019.txt,32,100,24,45
SULLY RECHERT,"29 January 2019","London Academy",Sparta Day 29 January 2019.txt,32,100,22,60
SULLY ROSENBARG,"14 February 2019","Birmingham Academy",Sparta Day 14 February 2019.txt,32,100,17,62
SUMNER KOP,"18 September 2019","London Academy",Sparta Day 18 September 2019.txt,32,100,21,63
SUNNY MENAT,"4 April 2019","Birmingham Academy",Sparta Day 4 April 2019.txt,32,100,26,52
SUNNY STONEBRIDGE,"18 December 2019","London Academy",Sparta Day 18 December 2019.txt,32,100,17,49
SUNSHINE BACKSHALL,"24 September 2019","London Academy",Sparta Day 24 September 2019.txt,32,100,21,55
SUSANNAH BENGOUGH,"12 November 2019","London Academy",Sparta Day 12 November 2019.txt,32,100,26,63
SUSETTE TREGUNNAH,"3 April 2019","London Academy",Sparta Day 3 April 2019.txt,32,100,20,54
SUSIE CICCOLOI,"1 May 2019","London Academy",Sparta Day 1 May 2019.txt,32,100,21,65
SUTHERLAN MEWE,"5 September 2019","Birmingham Academy",Sparta Day 5 September 2019.txt,32,100,18,60
SUTHERLAND MCGILBEN,"9 October 2019","London Academy",Sparta Day 9 October 2019.txt,32,100,22,49
SUZANNA DUNSTALL,"28 November 2019","Birmingham Academy",Sparta Day 28 November 2019.txt,32,100,16,59
SUZETTE GLANDER,"20 June 2019","Birmingham Academy",Sparta Day 20 June 2019.txt,32,100,26,60
SUZIE ORABLE,"19 December 2019","Birmingham Academy",Sparta Day 19 December 2019.txt,32,100,14,46
SUZY BLAISDELL,"17 April 2019","London Academy",Sparta Day 17 April 2019.txt,32,100,24,59
SVEN ANTONESCU,"18 September 2019","London Academy",Sparta Day 18 September 2019.txt,32,100,24,53
SYBIL CIABATTERI,"20 March 2019","London Academy",Sparta Day 20 March 2019.txt,32,100,25,45
SYBIL MAYDWAY,"24 January 2019","Birmingham Academy",Sparta Day 24 January 2019.txt,32,100,25,60
SYBILA BRAGGE,"23 July 2019","London Academy",Sparta Day 23 July 2019.txt,32,100,25,50
SYBILLE LAVARACK,"20 August 2019","London Academy",Sparta Day 20 August 2019.txt,32,100,20,45
SYDEL FENNE,"28 August 2019","London Academy",Sparta Day 28 August 2019.txt,32,100,19,61
SYDEL TILNE,"29 May 2019","London Academy",Sparta Day 29 May 2019.txt,32,100,17,65
SYDELLE GASCOIGNE,"18 December 2019","London Academy",Sparta Day 18 December 2019.txt,32,100,22,44
SYDELLE RUSSO,"2 October 2019","London Academy",Sparta Day 2 October 2019.txt,32,100,24,55
SYDNEY BURCHMORE,"19 June 2019","London Academy",Sparta Day 19 June 2019.txt,32,100,22,61
SYDNEY PIGOT,"29 May 2019","London Academy",Sparta Day 29 May 2019.txt,32,100,15,54
SYDNEY RENACHOWSKI,"9 January 2019","London Academy",Sparta Day 9 January 2019.txt,32,100,24,56
SYLVAN ASHER,"17 January 2019","Birmingham Academy",Sparta Day 17 January 2019.txt,32,100,24,51
SYLVIA AKETT,"30 January 2019","London Academy",Sparta Day 30 January 2019.txt,32,100,21,59
SYMAN GUYNEMER,"19 November 2019","London Academy",Sparta Day 19 November 2019.txt,32,100,18,59
TAB SHITLIFF,"14 May 2019","London Academy",Sparta Day 14 May 2019.txt,32,100,21,63
TABB MORGANS,"14 November 2019","Birmingham Academy",Sparta Day 14 November 2019.txt,32,100,20,51
TABBATHA DENDON,"21 November 2019","Birmingham Academy",Sparta Day 21 November 2019.txt,32,100,26,50
TABBATHA KULLMANN,"9 October 2019","London Academy",Sparta Day 9 October 2019.txt,32,100,25,65
TABBIE ENZLEY,"3 December 2019","London Academy",Sparta Day 3 December 2019.txt,32,100,24,52
TABBY HENRYCH,"3 April 2019","London Academy",Sparta Day 3 April 2019.txt,32,100,17,59
TABITHA VOWDON,"12 February 2019","London Academy",Sparta Day 12 February 2019.txt,32,100,23,58
TABOR VELTMAN,"23 May 2019","Birmingham Academy",Sparta Day 23 May 2019.txt,32,100,19,65
TAD MCILHAGGA,"16 July 2019","London Academy",Sparta Day 16 July 2019.txt,32,100,18,65
TAD WORSLEY,"14 November 2019","Birmingham Academy",Sparta Day 14 November 2019.txt,32,100,21,59
TADD VALLERINE,"27 November 2019","London Academy",Sparta Day 27 November 2019.txt,32,100,12,55
TADEAS BIDMEAD,"18 June 2019","London Academy",Sparta Day 18 June 2019.txt,32,100,24,59
TADEO HOURIGAN,"13 February 2019","London Academy",Sparta Day 13 February 2019.txt,32,100,14,55
TADIO COLLOBY,"24 September 2019","London Academy",Sparta Day 24 September 2019.txt,32,100,19,60
TADIO GOULLEE,"20 June 2019","Birmingham Academy",Sparta Day 20 June 2019.txt,32,100,23,59
TAFFY ELDERFIELD,"15 January 2019","London Academy",Sparta Day 15 January 2019.txt,32,100,19,46
TAIT HARLETT,"15 May 2019","London Academy",Sparta Day 15 May 2019.txt,32,100,21,36
TALLIA RUSHFORD,"31 July 2019","London Academy",Sparta Day 31 July 2019.txt,32,100,19,57
TALLIE MORTIMER,"19 November 2019","London Academy",Sparta Day 19 November 2019.txt,32,100,22,52
TALYA PLACIDI,"2 January 2019","London Academy",Sparta Day 2 January 2019.txt,32,100,19,57
TAMAS STENDALL,"3 October 2019","Birmingham Academy",Sparta Day 3 October 2019.txt,32,100,20,59
TAMI STUDDAL,"29 October 2019","London Academy",Sparta Day 29 October 2019.txt,32,100,23,52
TAMMY BEHRENS,"8 May 2019","London Academy",Sparta Day 8 May 2019.txt,32,100,14,62
TAN WOLTERING,"9 May 2019","Birmingham Academy",Sparta Day 9 May 2019.txt,32,100,19,56
TANA CULLINANE,"12 June 2019","London Academy",Sparta Day 12 June 2019.txt,32,100,17,54
TANIA LEMME,"29 May 2019","London Academy",Sparta Day 29 May 2019.txt,32,100,17,49
TANNER BYRAM,"9 January 2019","London Academy",Sparta Day 9 January 2019.txt,32,100,20,62
TANSY DUKELOW,"20 August 2019","London Academy",Sparta Day 20 August 2019.txt,32,100,20,55
TANYA ALTOFTS,"24 April 2019","London Academy",Sparta Day 24 April 2019.txt,32,100,23,54
TARA SURMEIR,"22 January 2019","London Academy",Sparta Day 22 January 2019.txt,32,100,20,56
TARRAH BUNNY,"7 August 2019","London Academy",Sparta Day 7 August 2019.txt,32,100,24,57
TATE COADE,"6 June 2019","Birmingham Academy",Sparta Day 6 June 2019.txt,32,100,18,53
TATUM JEANNET,"27 November 2019","London Academy",Sparta Day 27 November 2019.txt,32,100,20,69
TEADOR TINTON,"20 August 2019","London Academy",Sparta Day 20 August 2019.txt,32,100,17,37
TEDD HURL,"19 September 2019","Birmingham Academy",Sparta Day 19 September 2019.txt,32,100,14,69
TEDDI JUNIFER,"2 April 2019","London Academy",Sparta Day 2 April 2019.txt,32,100,25,48
TEDDIE KEMET,"22 May 2019","London Academy",Sparta Day 22 May 2019.txt,32,100,18,60
TEDDY BARACLOUGH,"4 September 2019","London Academy",Sparta Day 4 September 2019.txt,32,100,17,59
TEDDY HAM,"17 January 2019","Birmingham Academy",Sparta Day 17 January 2019.txt,32,100,25,59
TEDMAN FRASER,"22 May 2019","London Academy",Sparta Day 22 May 2019.txt,32,100,22,44
TEDMUND EMANULSSON,"9 May 2019","Birmingham Academy",Sparta Day 9 May 2019.txt,32,100,18,50
TEENA PRIEL,"18 July 2019","Birmingham Academy",Sparta Day 18 July 2019.txt,32,100,22,55
TEIRTZA DOCHARTY,"19 November 2019","London Academy",Sparta Day 19 November 2019.txt,32,100,26,62
TEIRTZA GHION,"17 October 2019","Birmingham Academy",Sparta Day 17 October 2019.txt,32,100,19,62
TEMP SNELMAN,"7 March 2019","Birmingham Academy",Sparta Day 7 March 2019.txt,32,100,20,46
TEMPLE PLUMRIDEGE,"20 June 2019","Birmingham Academy",Sparta Day 20 June 2019.txt,32,100,22,60
TEMPLETON KRZYSZTOFIAK,"25 April 2019","Birmingham Academy",Sparta Day 25 April 2019.txt,32,100,18,58
TEODOOR FLEAY,"26 March 2019","London Academy",Sparta Day 26 March 2019.txt,32,100,25,68
TEODOR PATTLEL,"7 May 2019","London Academy",Sparta Day 7 May 2019.txt,32,100,16,47
TEODORA REDWOOD,"25 April 2019","Birmingham Academy",Sparta Day 25 April 2019.txt,32,100,18,66
TEODORA WHAPLINGTON,"11 September 2019","London Academy",Sparta Day 11 September 2019.txt,32,100,21,57
TEODORO MCCHESNEY,"27 June 2019","Birmingham Academy",Sparta Day 27 June 2019.txt,32,100,26,47
TERENCIO MULLES,"5 December 2019","Birmingham Academy",Sparta Day 5 December 2019.txt,32,100,19,58
TERIANN MATYASHEV,"4 July 2019","Birmingham Academy",Sparta Day 4 July 2019.txt,32,100,21,51
TERRANCE WOLFINGER,"7 May 2019","London Academy",Sparta Day 7 May 2019.txt,32,100,23,62
TERRELL ORRIDGE,"18 June 2019","London Academy",Sparta Day 18 June 2019.txt,32,100,27,57
TERRI SPENSLEY,"16 April 2019","London Academy",Sparta Day 16 April 2019.txt,32,100,25,58
TERRIE MACKIBBON,"23 May 2019","Birmingham Academy",Sparta Day 23 May 2019.txt,32,100,19,55
TERRY MACVANAMY,"26 February 2019","London Academy",Sparta Day 26 February 2019.txt,32,100,28,60
TERZA GIRDWOOD,"22 October 2019","London Academy",Sparta Day 22 October 2019.txt,32,100,24,56
TESSY SPURGEON,"8 May 2019","London Academy",Sparta Day 8 May 2019.txt,32,100,22,58
THATCHER FRANKISH,"18 April 2019","Birmingham Academy",Sparta Day 18 April 2019.txt,32,100,21,63
THATCHER NORTHEY,"10 January 2019","Birmingham Academy",Sparta Day 10 January 2019.txt,32,100,16,49
THAXTER PLAID,"7 February 2019","Birmingham Academy",Sparta Day 7 February 2019.txt,32,100,17,67
THAXTER VANYUSHIN,"24 October 2019","Birmingham Academy",Sparta Day 24 October 2019.txt,32,100,24,52
THAYNE SAINSBERRY,"27 March 2019","London Academy",Sparta Day 27 March 2019.txt,32,100,22,49
THAYNE TUNNICK,"5 November 2019","London Academy",Sparta Day 5 November 2019.txt,32,100,24,47
THEA LABBEY,"17 April 2019","London Academy",Sparta Day 17 April 2019.txt,32,100,22,40
THEA PERSEY,"4 April 2019","Birmingham Academy",Sparta Day 4 April 2019.txt,32,100,20,51
THEADORA BERKELAY,"2 April 2019","London Academy",Sparta Day 2 April 2019.txt,32,100,12,59
THEDRICK CHASTAGNIER,"25 July 2019","Birmingham Academy",Sparta Day 25 July 2019.txt,32,100,16,39
THEO OTTEE,"21 August 2019","London Academy",Sparta Day 21 August 2019.txt,32,100,24,53
THEOBALD GEERLING,"6 November 2019","London Academy",Sparta Day 6 November 2019.txt,32,100,19,52
THEOBALD RAWLES,"11 April 2019","Birmingham Academy",Sparta Day 11 April 2019.txt,32,100,16,66
THEODOSIA CREENAN,"16 January 2019","London Academy",Sparta Day 16 January 2019.txt,32,100,22,52
THERESINA BRECKELL,"2 May 2019","Birmingham Academy",Sparta Day 2 May 2019.txt,32,100,17,56
THIBAUT EDBROOKE,"15 October 2019","London Academy",Sparta Day 15 October 2019.txt,32,100,13,49
THOM DERWIN,"19 December 2019","Birmingham Academy",Sparta Day 19 December 2019.txt,32,100,21,66
THOMA BOLESWORTH,"4 July 2019","Birmingham Academy",Sparta Day 4 July 2019.txt,32,100,18,53
THOMASA MARLOR,"28 March 2019","Birmingham Academy",Sparta Day 28 March 2019.txt,32,100,22,43
THOMASINA PRANDONI,"14 August 2019","London Academy",Sparta Day 14 August 2019.txt,32,100,20,48
THOMASINE POUNDFORD,"16 January 2019","London Academy",Sparta Day 16 January 2019.txt,32,100,22,65
THORIN ESKRIET,"10 July 2019","London Academy",Sparta Day 10 July 2019.txt,32,100,17,57
THORNDIKE PRYNNE,"23 January 2019","London Academy",Sparta Day 23 January 2019.txt,32,100,14,52
THORNTON THUILLIER,"9 January 2019","London Academy",Sparta Day 9 January 2019.txt,32,100,21,53
THORNY UWINS,"15 January 2019","London Academy",Sparta Day 15 January 2019.txt,32,100,19,51
THORPE MADDIE,"16 January 2019","London Academy",Sparta Day 16 January 2019.txt,32,100,16,49
THORPE PETTETT,"28 February 2019","Birmingham Academy",Sparta Day 28 February 2019.txt,32,100,18,50
THORPE SIGARS,"24 September 2019","London Academy",Sparta Day 24 September 2019.txt,32,100,20,69
THORVALD GRIEVE,"20 March 2019","London Academy",Sparta Day 20 March 2019.txt,32,100,22,40
THURSTAN DENMAN,"15 May 2019","London Academy",Sparta Day 15 May 2019.txt,32,100,18,42
THURSTON VENES,"24 January 2019","Birmingham Academy",Sparta Day 24 January 2019.txt,32,100,19,54
TIERNEY TWATT,"15 October 2019","London Academy",Sparta Day 15 October 2019.txt,32,100,19,51
TIERTZA GURRY,"8 January 2019","London Academy",Sparta Day 8 January 2019.txt,32,100,18,46
TIFFANY GRONALLER,"10 April 2019","London Academy",Sparta Day 10 April 2019.txt,32,100,24,54
TIFFANY LAUGHERANE,"24 October 2019","Birmingham Academy",Sparta Day 24 October 2019.txt,32,100,21,58
TIFFI REDDLESDEN,"16 October 2019","London Academy",Sparta Day 16 October 2019.txt,32,100,21,50
TIFFIE BARENSKIE,"4 April 2019","Birmingham Academy",Sparta Day 4 April 2019.txt,32,100,19,46
TILDI DALLICOAT,"12 March 2019","London Academy",Sparta Day 12 March 2019.txt,32,100,24,60
TILDIE JOSELEVITZ,"22 October 2019","London Academy",Sparta Day 22 October 2019.txt,32,100,21,52
TILER ANDREJEVIC,"10 April 2019","London Academy",Sparta Day 10 April 2019.txt,32,100,21,55
TIM HUSH,"1 August 2019","Birmingham Academy",Sparta Day 1 August 2019.txt,32,100,22,40
TIM SAUNTER,"20 February 2019","London Academy",Sparta Day 20 February 2019.txt,32,100,20,48
TIMMI HAVELINE,"22 August 2019","Birmingham Academy",Sparta Day 22 August 2019.txt,32,100,18,56
TIMMI WARR,"23 May 2019","Birmingham Academy",Sparta Day 23 May 2019.txt,32,100,20,64
TIMMIE KNUDSEN,"12 November 2019","London Academy",Sparta Day 12 November 2019.txt,32,100,19,55
TIMMY BENZIES,"2 May 2019","Birmingham Academy",Sparta Day 2 May 2019.txt,32,100,18,56
TIMOTEO PACK,"27 February 2019","London Academy",Sparta Day 27 February 2019.txt,32,100,23,55
TIPHANI BRIDGLAND,"5 September 2019","Birmingham Academy",Sparta Day 5 September 2019.txt,32,100,23,47
TIPHANIE SELWAY,"18 December 2019","London Academy",Sparta Day 18 December 2019.txt,32,100,19,54
TIPHANY GRIBBEN,"5 March 2019","London Academy",Sparta Day 5 March 2019.txt,32,100,18,56
TIRRELL TABART,"26 June 2019","London Academy",Sparta Day 26 June 2019.txt,32,100,23,52
TITO GREISWOOD,"20 August 2019","London Academy",Sparta Day 20 August 2019.txt,32,100,17,59
TITUS DECHELLE,"27 June 2019","Birmingham Academy",Sparta Day 27 June 2019.txt,32,100,14,48
TOBE MARKOVIC,"5 December 2019","Birmingham Academy",Sparta Day 5 December 2019.txt,32,100,16,55
TOBEY MABBETT,"14 February 2019","Birmingham Academy",Sparta Day 14 February 2019.txt,32,100,19,54
TOBI SHORT,"6 March 2019","London Academy",Sparta Day 6 March 2019.txt,32,100,19,60
TOBIAH AISTROP,"6 February 2019","London Academy",Sparta Day 6 February 2019.txt,32,100,21,53
TOBIAS WHITHORN,"6 November 2019","London Academy",Sparta Day 6 November 2019.txt,32,100,19,55
TOBIE CULCHETH,"14 May 2019","London Academy",Sparta Day 14 May 2019.txt,32,100,17,62
TOBIE FILIPCZYNSKI,"14 November 2019","Birmingham Academy",Sparta Day 14 November 2019.txt,32,100,21,49
TOBIT DOWDEN,"8 January 2019","London Academy",Sparta Day 8 January 2019.txt,32,100,23,51
TOBY FROSSELL,"23 October 2019","London Academy",Sparta Day 23 October 2019.txt,32,100,13,60
TOBY STADDEN,"4 September 2019","London Academy",Sparta Day 4 September 2019.txt,32,100,23,60
TODD KOHNERT,"10 April 2019","London Academy",Sparta Day 10 April 2019.txt,32,100,24,58
TODDIE RUBANENKO,"3 July 2019","London Academy",Sparta Day 3 July 2019.txt,32,100,16,54
TOINETTE HALLUT,"10 October 2019","Birmingham Academy",Sparta Day 10 October 2019.txt,32,100,20,58
TOINETTE PFLIEGER,"12 September 2019","Birmingham Academy",Sparta Day 12 September 2019.txt,32,100,21,41
TOMA MACGIBBON,"17 September 2019","London Academy",Sparta Day 17 September 2019.txt,32,100,18,47
TOMA PERRAT,"3 September 2019","London Academy",Sparta Day 3 September 2019.txt,32,100,18,65
TOMMIE HAMMERMAN,"19 March 2019","London Academy",Sparta Day 19 March 2019.txt,32,100,22,55
TOMMY EVANS,"12 February 2019","London Academy",Sparta Day 12 February 2019.txt,32,100,21,61
TONIA GOODIE,"19 March 2019","London Academy",Sparta Day 19 March 2019.txt,32,100,21,57
TONIA OAKES,"12 March 2019","London Academy",Sparta Day 12 March 2019.txt,32,100,21,58
TONNIE BRIGSHAW,"2 July 2019","London Academy",Sparta Day 2 July 2019.txt,32,100,22,46
TONNIE KNAPTON,"7 August 2019","London Academy",Sparta Day 7 August 2019.txt,32,100,29,46
TONNIE ROYDEN,"17 January 2019","Birmingham Academy",Sparta Day 17 January 2019.txt,32,100,20,44
TONYE AMBROGIO,"18 July 2019","Birmingham Academy",Sparta Day 18 July 2019.txt,32,100,23,61
TONYE HEARL,"10 October 2019","Birmingham Academy",Sparta Day 10 October 2019.txt,32,100,21,63
TORI WEATHERHILL,"2 April 2019","London Academy",Sparta Day 2 April 2019.txt,32,100,18,56
TORIE ALESSANDRINI,"17 September 2019","London Academy",Sparta Day 17 September 2019.txt,32,100,12,58
TORRENCE LANEGRAN,"10 September 2019","London Academy",Sparta Day 10 September 2019.txt,32,100,20,62
TORY AIRETON,"23 October 2019","London Academy",Sparta Day 23 October 2019.txt,32,100,20,60
TOWNY POVALL,"31 July 2019","London Academy",Sparta Day 31 July 2019.txt,32,100,19,60
TRACEE HAWKSWOOD,"5 June 2019","London Academy",Sparta Day 5 June 2019.txt,32,100,26,48
TRACEY SPRATLEY,"19 March 2019","London Academy",Sparta Day 19 March 2019.txt,32,100,18,55
TREFOR KALINOWSKY,"4 December 2019","London Academy",Sparta Day 4 December 2019.txt,32,100,18,52
TREMAIN BAROSCH,"27 June 2019","Birmingham Academy",Sparta Day 27 June 2019.txt,32,100,16,59
TRENNA MCCURT,"4 December 2019","London Academy",Sparta Day 4 December 2019.txt,32,100,22,53
TRENT SOUTHWICK,"12 September 2019","Birmingham Academy",Sparta Day 12 September 2019.txt,32,100,21,56
TRESCHA GENDRICH,"25 June 2019","London Academy",Sparta Day 25 June 2019.txt,32,100,14,51
TRICIA KIENLEIN,"14 May 2019","London Academy",Sparta Day 14 May 2019.txt,32,100,18,49
TRIPP BUSST,"7 February 2019","Birmingham Academy",Sparta Day 7 February 2019.txt,32,100,13,61
TRIS LANDREAN,"29 August 2019","Birmingham Academy",Sparta Day 29 August 2019.txt,32,100,24,58
TRISH CUXON,"3 September 2019","London Academy",Sparta Day 3 September 2019.txt,32,100,26,51
TRIX BOWERBANK,"6 February 2019","London Academy",Sparta Day 6 February 2019.txt,32,100,21,50
TRIXIE MACMECHAN,"20 November 2019","London Academy",Sparta Day 20 November 2019.txt,32,100,18,53
TRSTRAM GOODYER,"16 January 2019","London Academy",Sparta Day 16 January 2019.txt,32,100,20,61
TRUDEY BROCKMAN,"19 December 2019","Birmingham Academy",Sparta Day 19 December 2019.txt,32,100,25,58
TRUDIE KIELLOR,"6 August 2019","London Academy",Sparta Day 6 August 2019.txt,32,100,22,61
TRUDIE SYERS,"14 November 2019","Birmingham Academy",Sparta Day 14 November 2019.txt,32,100,23,53
TRUMAINE CHASTNEY,"30 May 2019","Birmingham Academy",Sparta Day 30 May 2019.txt,32,100,21,51
TRUMANN CARILLO,"13 November 2019","London Academy",Sparta Day 13 November 2019.txt,32,100,21,50
TUCKIE POSTGATE,"28 November 2019","Birmingham Academy",Sparta Day 28 November 2019.txt,32,100,16,54
TUCKY DUFFET,"22 January 2019","London Academy",Sparta Day 22 January 2019.txt,32,100,17,61
TUCKY HENSTRIDGE,"17 October 2019","Birmingham Academy",Sparta Day 17 October 2019.txt,32,100,19,60
TUESDAY TASSELER,"9 July 2019","London Academy",Sparta Day 9 July 2019.txt,32,100,20,54
TULLEY FISBBURNE,"25 September 2019","London Academy",Sparta Day 25 September 2019.txt,32,100,14,59
TULLEY HINDRICH,"13 February 2019","London Academy",Sparta Day 13 February 2019.txt,32,100,18,49
TULLY MCDOUAL,"7 August 2019","London Academy",Sparta Day 7 August 2019.txt,32,100,19,79
TURNER OLDRED,"6 February 2019","London Academy",Sparta Day 6 February 2019.txt,32,100,16,43
TYE KLEJNA,"21 May 2019","London Academy",Sparta Day 21 May 2019.txt,32,100,22,58
TYE WORGEN,"16 April 2019","London Academy",Sparta Day 16 April 2019.txt,32,100,13,52
TYLER TRAYNOR,"5 November 2019","London Academy",Sparta Day 5 November 2019.txt,32,100,18,59
TYMOTHY TITCHARD,"15 October 2019","London Academy",Sparta Day 15 October 2019.txt,32,100,24,52
TYRONE BAILES,"30 January 2019","London Academy",Sparta Day 30 January 2019.txt,32,100,22,50
TYSON SPYBY,"21 March 2019","Birmingham Academy",Sparta Day 21 March 2019.txt,32,100,22,55
ULBERTO STROTON,"10 December 2019","London Academy",Sparta Day 10 December 2019.txt,32,100,22,59
ULICK KINANE,"19 November 2019","London Academy",Sparta Day 19 November 2019.txt,32,100,15,42
ULICK PICKERVANCE,"31 January 2019","Birmingham Academy",Sparta Day 31 January 2019.txt,32,100,18,59
ULRIC MORDIN,"13 February 2019","London Academy",Sparta Day 13 February 2019.txt,32,100,23,46
ULRICK SWANE,"26 November 2019","London Academy",Sparta Day 26 November 2019.txt,32,100,26,61
ULRIKA LEMERIE,"15 May 2019","London Academy",Sparta Day 15 May 2019.txt,32,100,15,58
ULRIKA SOUTHAM,"24 September 2019","London Academy",Sparta Day 24 September 2019.txt,32,100,24,53
ULRIKAUMEKO BOWSHER,"16 July 2019","London Academy",Sparta Day 16 July 2019.txt,32,100,17,52
ULRIKAUMEKO YEANDEL,"30 May 2019","Birmingham Academy",Sparta Day 30 May 2019.txt,32,100,27,58
ULRIKE KIRVIN,"23 July 2019","London Academy",Sparta Day 23 July 2019.txt,32,100,21,36
UMEKO BOZIER,"17 September 2019","London Academy",Sparta Day 17 September 2019.txt,32,100,17,54
UMEKO SYDALL,"13 March 2019","London Academy",Sparta Day 13 March 2019.txt,32,100,19,53
UNA CALDICOT,"5 September 2019","Birmingham Academy",Sparta Day 5 September 2019.txt,32,100,17,62
URBAN BOOTLAND,"18 September 2019","London Academy",Sparta Day 18 September 2019.txt,32,100,25,51
URBANO REINISCH,"13 August 2019","London Academy",Sparta Day 13 August 2019.txt,32,100,21,55
URI INGLEY,"30 April 2019","London Academy",Sparta Day 30 April 2019.txt,32,100,21,55
URIAH TERLINDEN,"24 September 2019","London Academy",Sparta Day 24 September 2019.txt,32,100,21,38
URIEL EIDELMAN,"10 July 2019","London Academy",Sparta Day 10 July 2019.txt,32,100,21,50
URIEL LAMPLOUGH,"19 December 2019","Birmingham Academy",Sparta Day 19 December 2019.txt,32,100,15,58
URSON SIBTHORP,"18 September 2019","London Academy",Sparta Day 18 September 2019.txt,32,100,21,55
VACHEL CAREN,"4 September 2019","London Academy",Sparta Day 4 September 2019.txt,32,100,18,60
VACHEL MC MEEKIN,"28 February 2019","Birmingham Academy",Sparta Day 28 February 2019.txt,32,100,20,54
VACLAV KETTLESTRINGES,"4 April 2019","Birmingham Academy",Sparta Day 4 April 2019.txt,32,100,18,48
VACLAV ORTLER,"20 August 2019","London Academy",Sparta Day 20 August 2019.txt,32,100,21,51
VACLAV PIETESCH,"12 September 2019","Birmingham Academy",Sparta Day 12 September 2019.txt,32,100,27,61
VAIL NOEN,"12 February 2019","London Academy",Sparta Day 12 February 2019.txt,32,100,16,54
VALARIA BUNTON,"18 July 2019","Birmingham Academy",Sparta Day 18 July 2019.txt,32,100,26,47
VALDEMAR SMITHEN,"5 September 2019","Birmingham Academy",Sparta Day 5 September 2019.txt,32,100,24,63
VALE FISHBIE,"5 March 2019","London Academy",Sparta Day 5 March 2019.txt,32,100,22,59
VALE TREVARTHEN,"13 February 2019","London Academy",Sparta Day 13 February 2019.txt,32,100,18,52
VALEDA ADSHAD,"8 January 2019","London Academy",Sparta Day 8 January 2019.txt,32,100,24,60
VALENKA JIRSA,"11 April 2019","Birmingham Academy",Sparta Day 11 April 2019.txt,32,100,18,63
VALENTINE BROSINI,"7 May 2019","London Academy",Sparta Day 7 May 2019.txt,32,100,17,51
VALERY DELIA,"24 July 2019","London Academy",Sparta Day 24 July 2019.txt,32,100,23,56
VALERYE HOBBING,"13 June 2019","Birmingham Academy",Sparta Day 13 June 2019.txt,32,100,16,45
VALIDA KETCHASIDE,"2 April 2019","London Academy",Sparta Day 2 April 2019.txt,32,100,9,42
VALLE HUMBY,"21 August 2019","London Academy",Sparta Day 21 August 2019.txt,32,100,25,54
VAN CHESSHYRE,"9 July 2019","London Academy",Sparta Day 9 July 2019.txt,32,100,19,61
VANCE FEY,"4 September 2019","London Academy",Sparta Day 4 September 2019.txt,32,100,22,50
VANDA BOATE,"5 March 2019","London Academy",Sparta Day 5 March 2019.txt,32,100,21,65
VANESSA GIVES,"30 July 2019","London Academy",Sparta Day 30 July 2019.txt,32,100,23,60
VANESSA SCHIMKE,"25 July 2019","Birmingham Academy",Sparta Day 25 July 2019.txt,32,100,13,62
VANIA INGRAY,"13 June 2019","Birmingham Academy",Sparta Day 13 June 2019.txt,32,100,25,53
VANNIE HOUNSOME,"5 March 2019","London Academy",Sparta Day 5 March 2019.txt,32,100,23,59
VANNY GRIMSDITCH,"24 October 2019","Birmingham Academy",Sparta Day 24 October 2019.txt,32,100,19,50
VASILI CARTLEDGE,"12 September 2019","Birmingham Academy",Sparta Day 12 September 2019.txt,32,100,15,57
VAUGHAN BORCHARDT,"29 October 2019","London Academy",Sparta Day 29 October 2019.txt,32,100,19,61
VAUGHN WALLINGTON,"27 August 2019","London Academy",Sparta Day 27 August 2019.txt,32,100,26,52
VELVET GHIOTTO,"13 March 2019","London Academy",Sparta Day 13 March 2019.txt,32,100,19,47
VERA BROADFOOT,"17 December 2019","London Academy",Sparta Day 17 December 2019.txt,32,100,20,63
VERENA SHEDDAN,"25 April 2019","Birmingham Academy",Sparta Day 25 April 2019.txt,32,100,20,49
VERENA TOWNES,"16 July 2019","London Academy",Sparta Day 16 July 2019.txt,32,100,22,59
VERINE DARTER,"27 February 2019","London Academy",Sparta Day 27 February 2019.txt,32,100,18,63
VERINE PICKRING,"17 October 2019","Birmingham Academy",Sparta Day 17 October 2019.txt,32,100,18,54
VERLA DI ANTONIO,"5 June 2019","London Academy",Sparta Day 5 June 2019.txt,32,100,24,52
VERNE FRANCESCUZZI,"7 March 2019","Birmingham Academy",Sparta Day 7 March 2019.txt,32,100,21,50
VERNEY SKEHAN,"1 May 2019","London Academy",Sparta Day 1 May 2019.txt,32,100,15,58
VERNEY STIEGER,"14 February 2019","Birmingham Academy",Sparta Day 14 February 2019.txt,32,100,23,51
VERNON BENNOUGH,"24 September 2019","London Academy",Sparta Day 24 September 2019.txt,32,100,24,55
VERNON CURL,"4 June 2019","London Academy",Sparta Day 4 June 2019.txt,32,100,16,55
VERNOR D'ALMEIDA,"17 October 2019","Birmingham Academy",Sparta Day 17 October 2019.txt,32,100,22,50
VERNOR FARRANCE,"10 April 2019","London Academy",Sparta Day 10 April 2019.txt,32,100,22,55
VERONICA PETROFF,"12 November 2019","London Academy",Sparta Day 12 November 2019.txt,32,100,17,52
VERONIKE ALENOV,"11 September 2019","London Academy",Sparta Day 11 September 2019.txt,32,100,22,53
VEVAY FEIRN,"12 September 2019","Birmingham Academy",Sparta Day 12 September 2019.txt,32,100,25,54
VIC MASSOT,"23 October 2019","London Academy",Sparta Day 23 October 2019.txt,32,100,16,61
VICKI QUARTERMAN,"28 August 2019","London Academy",Sparta Day 28 August 2019.txt,32,100,21,46
VIDOVIC NIBLETT,"19 December 2019","Birmingham Academy",Sparta Day 19 December 2019.txt,32,100,20,66
VIKKI GODSAL,"20 February 2019","London Academy",Sparta Day 20 February 2019.txt,32,100,19,56
VILHELMINA KISSELL,"16 May 2019","Birmingham Academy",Sparta Day 16 May 2019.txt,32,100,21,63
VIN KATTENHORN,"30 January 2019","London Academy",Sparta Day 30 January 2019.txt,32,100,21,63
VINA FLOTT,"16 July 2019","London Academy",Sparta Day 16 July 2019.txt,32,100,18,57
VINA FODDEN,"20 June 2019","Birmingham Academy",Sparta Day 20 June 2019.txt,32,100,22,63
VINCE SCOTT,"10 January 2019","Birmingham Academy",Sparta Day 10 January 2019.txt,32,100,26,65
VINCENTS BAHL,"20 February 2019","London Academy",Sparta Day 20 February 2019.txt,32,100,21,58
VINCENTS PRIGG,"14 November 2019","Birmingham Academy",Sparta Day 14 November 2019.txt,32,100,20,58
VINCENTY ROUBAY,"11 June 2019","London Academy",Sparta Day 11 June 2019.txt,32,100,20,72
VINCENZ MCGEOWN,"6 March 2019","London Academy",Sparta Day 6 March 2019.txt,32,100,16,52
VINITA ILCHENKO,"22 October 2019","London Academy",Sparta Day 22 October 2019.txt,32,100,19,43
VINNIE GIMBRETT,"5 March 2019","London Academy",Sparta Day 5 March 2019.txt,32,100,17,62
VINSON FOOKS,"6 March 2019","London Academy",Sparta Day 6 March 2019.txt,32,100,26,54
VINSON TRAPPE,"26 September 2019","Birmingham Academy",Sparta Day 26 September 2019.txt,32,100,21,52
VIOLET LUSCOMBE,"14 August 2019","London Academy",Sparta Day 14 August 2019.txt,32,100,17,53
VIOLETTA MATISSE,"3 September 2019","London Academy",Sparta Day 3 September 2019.txt,32,100,22,47
VIRGE INSOLE,"20 June 2019","Birmingham Academy",Sparta Day 20 June 2019.txt,32,100,24,64
VIRGILIO DUDDY,"24 July 2019","London Academy",Sparta Day 24 July 2019.txt,32,100,23,46
VIRGILIO ZAVATTIERI,"30 April 2019","London Academy",Sparta Day 30 April 2019.txt,32,100,22,59
VIRGINA TABARY,"21 November 2019","Birmingham Academy",Sparta Day 21 November 2019.txt,32,100,21,46
VIRGINIA BURDGE,"11 July 2019","Birmingham Academy",Sparta Day 11 July 2019.txt,32,100,18,57
VITE COMINO,"21 May 2019","London Academy",Sparta Day 21 May 2019.txt,32,100,26,57
VIV NEWBY,"11 April 2019","Birmingham Academy",Sparta Day 11 April 2019.txt,32,100,15,51
VIVIA BELCHER,"22 October 2019","London Academy",Sparta Day 22 October 2019.txt,32,100,24,45
VIVIAN SYSON,"4 September 2019","London Academy",Sparta Day 4 September 2019.txt,32,100,17,56
VIVIANNA LETTY,"19 September 2019","Birmingham Academy",Sparta Day 19 September 2019.txt,32,100,19,56
VIVIANNE FOLLISS,"26 November 2019","London Academy",Sparta Day 26 November 2019.txt,32,100,19,52
VIVIANNE SHILLS,"31 July 2019","London Academy",Sparta Day 31 July 2019.txt,32,100,20,53
VIVIEN BEIDERBECK,"2 April 2019","London Academy",Sparta Day 2 April 2019.txt,32,100,19,65
VIVIENNE BLAKELOCK,"10 July 2019","London Academy",Sparta Day 10 July 2019.txt,32,100,22,60
VIVYAN ROBUCHON,"11 July 2019","Birmingham Academy",Sparta Day 11 July 2019.txt,32,100,17,61
VLADAMIR WADDAMS,"4 June 2019","London Academy",Sparta Day 4 June 2019.txt,32,100,23,52
VYKY FILIPIAK,"5 September 2019","Birmingham Academy",Sparta Day 5 September 2019.txt,32,100,26,58
WADE FRIEDENBACH,"4 June 2019","London Academy",Sparta Day 4 June 2019.txt,32,100,18,52
WAKEFIELD JEVES,"17 January 2019","Birmingham Academy",Sparta Day 17 January 2019.txt,32,100,17,58
WALD LYNES,"12 September 2019","Birmingham Academy",Sparta Day 12 September 2019.txt,32,100,13,55
WALDEMAR PFEUFFER,"5 September 2019","Birmingham Academy",Sparta Day 5 September 2019.txt,32,100,18,46
WALDEN GIDDEN,"1 August 2019","Birmingham Academy",Sparta Day 1 August 2019.txt,32,100,25,49
WALDEN LAVELLE,"13 June 2019","Birmingham Academy",Sparta Day 13 June 2019.txt,32,100,14,51
WALDON DAVIDOWSKY,"3 December 2019","London Academy",Sparta Day 3 December 2019.txt,32,100,25,48
WALLACHE SOLDI,"3 October 2019","Birmingham Academy",Sparta Day 3 October 2019.txt,32,100,20,58
WALLAS HACKET,"6 June 2019","Birmingham Academy",Sparta Day 6 June 2019.txt,32,100,16,57
WALLIE CHITTENDEN,"10 December 2019","London Academy",Sparta Day 10 December 2019.txt,32,100,22,57
WALLIE PECHA,"10 October 2019","Birmingham Academy",Sparta Day 10 October 2019.txt,32,100,22,51
WALT KIRKBY,"17 October 2019","Birmingham Academy",Sparta Day 17 October 2019.txt,32,100,20,57
WALY NAPTON,"19 March 2019","London Academy",Sparta Day 19 March 2019.txt,32,100,11,54
WANIDS GLIDDER,"29 May 2019","London Academy",Sparta Day 29 May 2019.txt,32,100,18,61
WANIDS SIMISON,"15 January 2019","London Academy",Sparta Day 15 January 2019.txt,32,100,20,53
WARDE FROWEN,"30 January 2019","London Academy",Sparta Day 30 January 2019.txt,32,100,25,44
WARDE ZECCHINII,"24 April 2019","London Academy",Sparta Day 24 April 2019.txt,32,100,17,53
WARING ILSLEY,"6 November 2019","London Academy",Sparta Day 6 November 2019.txt,32,100,18,59
WARNER HARSE,"8 October 2019","London Academy",Sparta Day 8 October 2019.txt,32,100,16,57
WASH MCHAFFY,"21 February 2019","Birmingham Academy",Sparta Day 21 February 2019.txt,32,100,26,57
WASH RICHARDES,"12 February 2019","London Academy",Sparta Day 12 February 2019.txt,32,100,16,60
WAVERLEY DEACOCK,"2 July 2019","London Academy",Sparta Day 2 July 2019.txt,32,100,20,60
WAYLAN GORS,"24 October 2019","Birmingham Academy",Sparta Day 24 October 2019.txt,32,100,26,51
WAYLON COUGHLAN,"21 March 2019","Birmingham Academy",Sparta Day 21 March 2019.txt,32,100,14,41
WAYLON CURRALL,"6 June 2019","Birmingham Academy",Sparta Day 6 June 2019.txt,32,100,19,40
WAYNE ABAZI,"9 April 2019","London Academy",Sparta Day 9 April 2019.txt,32,100,21,41
WEB SEGRAVE,"27 March 2019","London Academy",Sparta Day 27 March 2019.txt,32,100,24,54
WEBSTER HANRATTY,"4 September 2019","London Academy",Sparta Day 4 September 2019.txt,32,100,22,52
WELBIE CURGENVEN,"5 March 2019","London Academy",Sparta Day 5 March 2019.txt,32,100,22,60
WELBY WISHKAR,"14 August 2019","London Academy",Sparta Day 14 August 2019.txt,32,100,16,54
WENDEL DARGIE,"3 July 2019","London Academy",Sparta Day 3 July 2019.txt,32,100,23,49
WENDELL THOMASSEN,"18 April 2019","Birmingham Academy",Sparta Day 18 April 2019.txt,32,100,19,55
WENDY BENNELLICK,"21 November 2019","Birmingham Academy",Sparta Day 21 November 2019.txt,32,100,19,46
WENDY DUCASTEL,"23 January 2019","London Academy",Sparta Day 23 January 2019.txt,32,100,22,55
WENONA FLETHAM,"21 March 2019","Birmingham Academy",Sparta Day 21 March 2019.txt,32,100,20,44
WENONAH RELPH,"12 November 2019","London Academy",Sparta Day 12 November 2019.txt,32,100,19,40
WERNHER THAXTER,"3 December 2019","London Academy",Sparta Day 3 December 2019.txt,32,100,20,56
WESLEY TOLERTON,"13 August 2019","London Academy",Sparta Day 13 August 2019.txt,32,100,19,59
WESTBROOK PAYNTON,"12 June 2019","London Academy",Sparta Day 12 June 2019.txt,32,100,18,63
WESTBROOKE WONHAM,"16 April 2019","London Academy",Sparta Day 16 April 2019.txt,32,100,20,56
WESTLEIGH ALEKSIDZE,"4 June 2019","London Academy",Sparta Day 4 June 2019.txt,32,100,22,49
WESTON BAKES,"26 February 2019","London Academy",Sparta Day 26 February 2019.txt,32,100,22,55
WEYLIN CHONG,"18 September 2019","London Academy",Sparta Day 18 September 2019.txt,32,100,21,58
WEYLIN COMOLLI,"10 July 2019","London Academy",Sparta Day 10 July 2019.txt,32,100,25,50
WEYLIN CULPIN,"5 March 2019","London Academy",Sparta Day 5 March 2019.txt,32,100,24,64
WEYLIN SWATRADGE,"3 July 2019","London Academy",Sparta Day 3 July 2019.txt,32,100,15,61
WHIT BRISSE,"19 December 2019","Birmingham Academy",Sparta Day 19 December 2019.txt,32,100,21,61
WHITBY MC ILWRICK,"6 June 2019","Birmingham Academy",Sparta Day 6 June 2019.txt,32,100,26,63
WHITMAN PONTER,"11 July 2019","Birmingham Academy",Sparta Day 11 July 2019.txt,32,100,23,49
WHITNEY HADLEE,"5 September 2019","Birmingham Academy",Sparta Day 5 September 2019.txt,32,100,19,52
WHITNEY WOODGER,"27 March 2019","London Academy",Sparta Day 27 March 2019.txt,32,100,15,54
WILDEN CLAISSE,"18 June 2019","London Academy",Sparta Day 18 June 2019.txt,32,100,25,64
WILEEN GARTENFELD,"15 October 2019","London Academy",Sparta Day 15 October 2019.txt,32,100,20,54
WILEEN RECKUS,"24 April 2019","London Academy",Sparta Day 24 April 2019.txt,32,100,27,52
WILEEN TOLLEY,"9 April 2019","London Academy",Sparta Day 9 April 2019.txt,32,100,24,56
WILEY RENZO,"8 August 2019","Birmingham Academy",Sparta Day 8 August 2019.txt,32,100,22,36
WILFRED GODWYN,"10 September 2019","London Academy",Sparta Day 10 September 2019.txt,32,100,17,57
WILFRED LAUGHREN,"7 August 2019","London Academy",Sparta Day 7 August 2019.txt,32,100,16,47
WILFRID WARDE,"12 February 2019","London Academy",Sparta Day 12 February 2019.txt,32,100,16,42
WILHELM COHANE,"20 March 2019","London Academy",Sparta Day 20 March 2019.txt,32,100,14,72
WILHELM JOUANET,"11 July 2019","Birmingham Academy",Sparta Day 11 July 2019.txt,32,100,23,63
WILL COSSUM,"27 November 2019","London Academy",Sparta Day 27 November 2019.txt,32,100,24,49
WILLABELLA LANCHBERRY,"30 October 2019","London Academy",Sparta Day 30 October 2019.txt,32,100,27,54
WILLABELLA REDDINGS,"27 November 2019","London Academy",Sparta Day 27 November 2019.txt,32,100,22,47
WILLABELLA SETTERINGTON,"22 August 2019","Birmingham Academy",Sparta Day 22 August 2019.txt,32,100,19,48
WILLETTE JOWLE,"29 May 2019","London Academy",Sparta Day 29 May 2019.txt,32,100,21,49
WILLI DIBNAH,"11 December 2019","London Academy",Sparta Day 11 December 2019.txt,32,100,22,57
WILLI GOULSTON,"13 June 2019","Birmingham Academy",Sparta Day 13 June 2019.txt,32,100,15,44
WILLI LAKENDEN,"25 September 2019","London Academy",Sparta Day 25 September 2019.txt,32,100,20,48
WILLI TAGG,"29 August 2019","Birmingham Academy",Sparta Day 29 August 2019.txt,32,100,21,48
WILLIAM DRYDEN,"1 May 2019","London Academy",Sparta Day 1 May 2019.txt,32,100,23,63
WILLIAM TOMLETT,"21 May 2019","London Academy",Sparta Day 21 May 2019.txt,32,100,27,57
WILLIE VLASYEV,"21 August 2019","London Academy",Sparta Day 21 August 2019.txt,32,100,21,45
WILLIS DEDNEY,"26 February 2019","London Academy",Sparta Day 26 February 2019.txt,32,100,23,41
WILLOW GAYWOOD,"5 June 2019","London Academy",Sparta Day 5 June 2019.txt,32,100,23,44
WILLOW KARP,"3 April 2019","London Academy",Sparta Day 3 April 2019.txt,32,100,17,54
WILLY MURPHEY,"19 March 2019","London Academy",Sparta Day 19 March 2019.txt,32,100,22,52
WILMA DAGGER,"14 May 2019","London Academy",Sparta Day 14 May 2019.txt,32,100,25,43
WILMER GEALLE,"24 April 2019","London Academy",Sparta Day 24 April 2019.txt,32,100,29,52
WILONA CREAN,"26 June 2019","London Academy",Sparta Day 26 June 2019.txt,32,100,21,59
WILONA PAMMENTER,"16 January 2019","London Academy",Sparta Day 16 January 2019.txt,32,100,15,63
WILT GOTLIFFE,"6 June 2019","Birmingham Academy",Sparta Day 6 June 2019.txt,32,100,23,56
WILT PENRITT,"1 August 2019","Birmingham Academy",Sparta Day 1 August 2019.txt,32,100,25,66
WINDHAM BIAGI,"23 January 2019","London Academy",Sparta Day 23 January 2019.txt,32,100,21,55
WINNA LEMMERTZ,"12 June 2019","London Academy",Sparta Day 12 June 2019.txt,32,100,22,57
WINNA OLIVE,"19 September 2019","Birmingham Academy",Sparta Day 19 September 2019.txt,32,100,18,60
WINNAH SPOONER,"23 January 2019","London Academy",Sparta Day 23 January 2019.txt,32,100,21,60
WINNE KELLOCH,"13 March 2019","London Academy",Sparta Day 13 March 2019.txt,32,100,24,62
WINNIE LEWERENZ,"6 August 2019","London Academy",Sparta Day 6 August 2019.txt,32,100,20,57
WINNIE OSIPENKO,"30 January 2019","London Academy",Sparta Day 30 January 2019.txt,32,100,21,49
WINNIE WASKETT,"2 April 2019","London Academy",Sparta Day 2 April 2019.txt,32,100,22,53
WINNIFRED HINGELEY,"7 May 2019","London Academy",Sparta Day 7 May 2019.txt,32,100,22,56
WINNIFRED OUTRIGHT,"25 April 2019","Birmingham Academy",Sparta Day 25 April 2019.txt,32,100,19,72
WINONA CARLAW,"16 October 2019","London Academy",Sparta Day 16 October 2019.txt,32,100,24,68
WINONA RUBINOWITZ,"29 August 2019","Birmingham Academy",Sparta Day 29 August 2019.txt,32,100,23,70
WINONA STROTTON,"18 December 2019","London Academy",Sparta Day 18 December 2019.txt,32,100,15,55
WIT NAPOLITANO,"9 January 2019","London Academy",Sparta Day 9 January 2019.txt,32,100,21,55
WOLF CATTERMULL,"7 February 2019","Birmingham Academy",Sparta Day 7 February 2019.txt,32,100,15,65
WOLF RADOLF,"8 August 2019","Birmingham Academy",Sparta Day 8 August 2019.txt,32,100,20,60
WOLFGANG O'GRADY,"19 June 2019","London Academy",Sparta Day 19 June 2019.txt,32,100,28,46
WOLFIE MACIEJA,"17 September 2019","London Academy",Sparta Day 17 September 2019.txt,32,100,25,57
WOLFIE SHOWERS,"23 May 2019","Birmingham Academy",Sparta Day 23 May 2019.txt,32,100,23,54
WOLFY DINZEY,"9 April 2019","London Academy",Sparta Day 9 April 2019.txt,32,100,13,58
WOODIE REELY,"20 March 2019","London Academy",Sparta Day 20 March 2019.txt,32,100,22,62
WOODMAN PIETRUSIAK,"27 November 2019","London Academy",Sparta Day 27 November 2019.txt,32,100,12,54
WOODY NEWLING,"1 August 2019","Birmingham Academy",Sparta Day 1 August 2019.txt,32,100,21,49
WOODY ORRITT,"17 September 2019","London Academy",Sparta Day 17 September 2019.txt,32,100,19,46
WOODY SWYER-SEXEY,"14 November 2019","Birmingham Academy",Sparta Day 14 November 2019.txt,32,100,20,49
WORTH KOS,"15 January 2019","London Academy",Sparta Day 15 January 2019.txt,32,100,20,63
WORTHINGTON RICHFORD,"11 June 2019","London Academy",Sparta Day 11 June 2019.txt,32,100,18,59
WORTHINGTON STOLLENWERCK,"22 May 2019","London Academy",Sparta Day 22 May 2019.txt,32,100,21,50
WREN O'CURRAN,"21 May 2019","London Academy",Sparta Day 21 May 2019.txt,32,100,20,54
WYATT TRIPPACK,"11 September 2019","London Academy",Sparta Day 11 September 2019.txt,32,100,16,57
WYN TEBB,"3 September 2019","London Academy",Sparta Day 3 September 2019.txt,32,100,20,56
WYNN BLEI,"18 December 2019","London Academy",Sparta Day 18 December 2019.txt,32,100,20,61
WYNN SILVERMAN,"22 January 2019","London Academy",Sparta Day 22 January 2019.txt,32,100,17,46
XERXES DOBROWLSKI,"12 March 2019","London Academy",Sparta Day 12 March 2019.txt,32,100,23,56
XIMENES BECKERS,"6 November 2019","London Academy",Sparta Day 6 November 2019.txt,32,100,20,57
XIMENEZ CHIPPIN,"3 January 2019","Birmingham Academy",Sparta Day 3 January 2019.txt,32,100,21,63
XYLIA LAXEN,"3 September 2019","London Academy",Sparta Day 3 September 2019.txt,32,100,21,48
XYMENES PRETOR,"7 August 2019","London Academy",Sparta Day 7 August 2019.txt,32,100,21,66
YALE LASHLEY,"27 November 2019","London Academy",Sparta Day 27 November 2019.txt,32,100,25,40
YALONDA BEACOM,"9 May 2019","Birmingham Academy",Sparta Day 9 May 2019.txt,32,100,26,57
YANCE GRENFELL,"28 March 2019","Birmingham Academy",Sparta Day 28 March 2019.txt,32,100,15,52
YANK CARGILL,"2 May 2019","Birmingham Academy",Sparta Day 2 May 2019.txt,32,100,15,44
YANKEE GARMON,"18 September 2019","London Academy",Sparta Day 18 September 2019.txt,32,100,20,54
YANKEE NORTHING,"2 July 2019","London Academy",Sparta Day 2 July 2019.txt,32,100,22,54
YANKEE REIHM,"5 June 2019","London Academy",Sparta Day 5 June 2019.txt,32,100,16,56
YEHUDIT KILLINGBECK,"30 July 2019","London Academy",Sparta Day 30 July 2019.txt,32,100,17,62
YELENA KELLEWAY,"16 April 2019","London Academy",Sparta Day 16 April 2019.txt,32,100,25,52
YEVETTE RIMBAULT,"12 February 2019","London Academy",Sparta Day 12 February 2019.txt,32,100,15,49
YOLANDA FOSSE,"16 January 2019","London Academy",Sparta Day 16 January 2019.txt,32,100,20,61
YOLANE LOWSELY,"31 October 2019","Birmingham Academy",Sparta Day 31 October 2019.txt,32,100,22,56
YORGOS DOCKERY,"3 September 2019","London Academy",Sparta Day 3 September 2019.txt,32,100,21,52
YORGOS O'ROURKE,"19 December 2019","Birmingham Academy",Sparta Day 19 December 2019.txt,32,100,15,56
YORK SYGROVES,"18 June 2019","London Academy",Sparta Day 18 June 2019.txt,32,100,22,61
YULMA KERREY,"20 March 2019","London Academy",Sparta Day 20 March 2019.txt,32,100,18,60
YUMA DOWRY,"2 May 2019","Birmingham Academy",Sparta Day 2 May 2019.txt,32,100,19,48
YUMA HENRION,"29 May 2019","London Academy",Sparta Day 29 May 2019.txt,32,100,25,56
YVETTE HAMMERBERG,"26 February 2019","London Academy",Sparta Day 26 February 2019.txt,32,100,18,49
YVON FRY,"14 November 2019","Birmingham Academy",Sparta Day 14 November 2019.txt,32,100,18,55
YVOR PHALIP,"1 August 2019","Birmingham Academy",Sparta Day 1 August 2019.txt,32,100,18,59
YVOR SHEPSTONE,"18 June 2019","London Academy",Sparta Day 18 June 2019.txt,32,100,18,54
ZACCARIA BUSSONS,"16 January 2019","London Academy",Sparta Day 16 January 2019.txt,32,100,20,61
ZACHARIAS ARNAUDUC,"7 March 2019","Birmingham Academy",Sparta Day 7 March 2019.txt,32,100,17,51
ZACHARIAS RESTORICK,"11 July 2019","Birmingham Academy",Sparta Day 11 July 2019.txt,32,100,22,58
ZACHARIE BANN,"27 June 2019","Birmingham Academy",Sparta Day 27 June 2019.txt,32,100,19,57
ZACHERIE BESWELL,"11 July 2019","Birmingham Academy",Sparta Day 11 July 2019.txt,32,100,20,58
ZAK HAWES,"14 February 2019","Birmingham Academy",Sparta Day 14 February 2019.txt,32,100,18,62
ZANDRA MAKEPEACE,"19 September 2019","Birmingham Academy",Sparta Day 19 September 2019.txt,32,100,20,54
ZANETA ROWBOTTOM,"27 February 2019","London Academy",Sparta Day 27 February 2019.txt,32,100,19,59
ZEA BARETTE,"10 January 2019","Birmingham Academy",Sparta Day 10 January 2019.txt,32,100,18,52
ZEB TIPPINGS,"12 June 2019","London Academy",Sparta Day 12 June 2019.txt,32,100,17,57
ZEBADIAH ROLLINS,"26 September 2019","Birmingham Academy",Sparta Day 26 September 2019.txt,32,100,12,58
ZECHARIAH SALZBERGER,"17 January 2019","Birmingham Academy",Sparta Day 17 January 2019.txt,32,100,19,47
ZELDA PRESTAGE,"10 July 2019","London Academy",Sparta Day 10 July 2019.txt,32,100,18,55
ZILVIA BYRCHER,"5 November 2019","London Academy",Sparta Day 5 November 2019.txt,32,100,23,60
ZITELLA HEMBERY,"19 March 2019","London Academy",Sparta Day 19 March 2019.txt,32,100,20,70
ZOE SCHLAG,"24 January 2019","Birmingham Academy",Sparta Day 24 January 2019.txt,32,100,20,59
ZOLLIE DANKS,"26 September 2019","Birmingham Academy",Sparta Day 26 September 2019.txt,32,100,18,55
ZONDA BABBIDGE,"7 March 2019","Birmingham Academy",Sparta Day 7 March 2019.txt,32,100,19,58
ZONDRA FIPPE,"17 September 2019","London Academy",Sparta Day 17 September 2019.txt,32,100,15,60
ZONDRA LINDGREN,"16 October 2019","London Academy",Sparta Day 16 October 2019.txt,32,100,19,48
ZORAH GRASSER,"19 September 2019","Birmingham Academy",Sparta Day 19 September 2019.txt,32,100,26,56
ZSA ZSA ROUNSEFULL,"16 July 2019","London Academy",Sparta Day 16 July 2019.txt,32,100,20,61
