name,trainer,trait,week,score
Quintus Penella,Gregor Gomez,Analytic,1,1.0
Quintus Penella,Gregor Gomez,Independent,1,2.0
Quintus Penella,Gregor Gomez,Determined,1,2.0
Quintus Penella,Gregor Gomez,Professional,1,1.0
Quintus Penella,Gregor Gomez,Studious,1,2.0
Quintus Penella,Gregor Gomez,Imaginative,1,2.0
Simon Murrey,Gregor Gomez,Analytic,1,6.0
Simon Murrey,Gregor Gomez,Independent,1,1.0
Simon Murrey,Gregor Gomez,Determined,1,1.0
Simon Murrey,Gregor Gomez,Professional,1,2.0
Simon Murrey,Gregor Gomez,Studious,1,4.0
Simon Murrey,Gregor Gomez,Imaginative,1,2.0
Simon Murrey,Gregor Gomez,Analytic,2,3.0
Simon Murrey,Gregor Gomez,Independent,2,1.0
Simon Murrey,Gregor Gomez,Determined,2,3.0
Simon Murrey,Gregor Gomez,Professional,2,2.0
Simon Murrey,Gregor Gomez,Studious,2,1.0
Simon Murrey,Gregor Gomez,Imaginative,2,1.0
Gustaf Lude,Gregor Gomez,Analytic,1,6.0
Gustaf Lude,Gregor Gomez,Independent,1,4.0
Gustaf Lude,Gregor Gomez,Determined,1,1.0
Gustaf Lude,Gregor Gomez,Professional,1,1.0
Gustaf Lude,Gregor Gomez,Studious,1,2.0
Gustaf Lude,Gregor Gomez,Imaginative,1,3.0
Gustaf Lude,Gregor Gomez,Analytic,2,1.0
Gustaf Lude,Gregor Gomez,Independent,2,1.0
Gustaf Lude,Gregor Gomez,Determined,2,1.0
Gustaf Lude,Gregor Gomez,Professional,2,2.0
Gustaf Lude,Gregor Gomez,Studious,2,1.0
Gustaf Lude,Gregor Gomez,Imaginative,2,6.0
Gustaf Lude,Gregor Gomez,Analytic,3,6.0
Gustaf Lude,Gregor Gomez,Independent,3,2.0
Gustaf Lude,Gregor Gomez,Determined,3,2.0
Gustaf Lude,Gregor Gomez,Professional,3,3.0
Gustaf Lude,Gregor Gomez,Studious,3,3.0
Gustaf Lude,Gregor Gomez,Imaginative,3,2.0
Gustaf Lude,Gregor Gomez,Analytic,4,5.0
Gustaf Lude,Gregor Gomez,Independent,4,1.0
Gustaf Lude,Gregor Gomez,Determined,4,3.0
Gustaf Lude,Gregor Gomez,Professional,4,7.0
Gustaf Lude,Gregor Gomez,Studious,4,6.0
Gustaf Lude,Gregor Gomez,Imaginative,4,2.0
Gustaf Lude,Gregor Gomez,Analytic,5,6.0
Gustaf Lude,Gregor Gomez,Independent,5,8.0
Gustaf Lude,Gregor Gomez,Determined,5,4.0
Gustaf Lude,Gregor Gomez,Professional,5,8.0
Gustaf Lude,Gregor Gomez,Studious,5,1.0
Gustaf Lude,Gregor Gomez,Imaginative,5,8.0
Gustaf Lude,Gregor Gomez,Analytic,6,7.0
Gustaf Lude,Gregor Gomez,Independent,6,3.0
Gustaf Lude,Gregor Gomez,Determined,6,5.0
Gustaf Lude,Gregor Gomez,Professional,6,8.0
Gustaf Lude,Gregor Gomez,Studious,6,8.0
Gustaf Lude,Gregor Gomez,Imaginative,6,7.0
Gustaf Lude,Gregor Gomez,Analytic,7,8.0
Gustaf Lude,Gregor Gomez,Independent,7,5.0
Gustaf Lude,Gregor Gomez,Determined,7,8.0
Gustaf Lude,Gregor Gomez,Professional,7,8.0
Gustaf Lude,Gregor Gomez,Studious,7,8.0
Gustaf Lude,Gregor Gomez,Imaginative,7,6.0
Gustaf Lude,Gregor Gomez,Analytic,8,8.0
Gustaf Lude,Gregor Gomez,Independent,8,7.0
Gustaf Lude,Gregor Gomez,Determined,8,8.0
Gustaf Lude,Gregor Gomez,Professional,8,8.0
Gustaf Lude,Gregor Gomez,Studious,8,7.0
Gustaf Lude,Gregor Gomez,Imaginative,8,8.0
Yolanda Fosse,Gregor Gomez,Analytic,1,2.0
Yolanda Fosse,Gregor Gomez,Independent,1,1.0
Yolanda Fosse,Gregor Gomez,Determined,1,2.0
Yolanda Fosse,Gregor Gomez,Professional,1,3.0
Yolanda Fosse,Gregor Gomez,Studious,1,3.0
Yolanda Fosse,Gregor Gomez,Imaginative,1,3.0
Yolanda Fosse,Gregor Gomez,Analytic,2,4.0
Yolanda Fosse,Gregor Gomez,Independent,2,2.0
Yolanda Fosse,Gregor Gomez,Determined,2,1.0
Yolanda Fosse,Gregor Gomez,Professional,2,3.0
Yolanda Fosse,Gregor Gomez,Studious,2,3.0
Yolanda Fosse,Gregor Gomez,Imaginative,2,7.0
Yolanda Fosse,Gregor Gomez,Analytic,3,3.0
Yolanda Fosse,Gregor Gomez,Independent,3,5.0
Yolanda Fosse,Gregor Gomez,Determined,3,3.0
Yolanda Fosse,Gregor Gomez,Professional,3,1.0
Yolanda Fosse,Gregor Gomez,Studious,3,3.0
Yolanda Fosse,Gregor Gomez,Imaginative,3,3.0
Yolanda Fosse,Gregor Gomez,Analytic,4,2.0
Yolanda Fosse,Gregor Gomez,Independent,4,8.0
Yolanda Fosse,Gregor Gomez,Determined,4,1.0
Yolanda Fosse,Gregor Gomez,Professional,4,8.0
Yolanda Fosse,Gregor Gomez,Studious,4,5.0
Yolanda Fosse,Gregor Gomez,Imaginative,4,5.0
Yolanda Fosse,Gregor Gomez,Analytic,5,2.0
Yolanda Fosse,Gregor Gomez,Independent,5,1.0
Yolanda Fosse,Gregor Gomez,Determined,5,8.0
Yolanda Fosse,Gregor Gomez,Professional,5,5.0
Yolanda Fosse,Gregor Gomez,Studious,5,6.0
Yolanda Fosse,Gregor Gomez,Imaginative,5,5.0
Yolanda Fosse,Gregor Gomez,Analytic,6,7.0
Yolanda Fosse,Gregor Gomez,Independent,6,6.0
Yolanda Fosse,Gregor Gomez,Determined,6,5.0
Yolanda Fosse,Gregor Gomez,Professional,6,7.0
Yolanda Fosse,Gregor Gomez,Studious,6,8.0
Yolanda Fosse,Gregor Gomez,Imaginative,6,2.0
Yolanda Fosse,Gregor Gomez,Analytic,7,8.0
Yolanda Fosse,Gregor Gomez,Independent,7,6.0
Yolanda Fosse,Gregor Gomez,Determined,7,8.0
Yolanda Fosse,Gregor Gomez,Professional,7,7.0
Yolanda Fosse,Gregor Gomez,Studious,7,8.0
Yolanda Fosse,Gregor Gomez,Imaginative,7,8.0
Yolanda Fosse,Gregor Gomez,Analytic,8,8.0
Yolanda Fosse,Gregor Gomez,Independent,8,8.0
Yolanda Fosse,Gregor Gomez,Determined,8,7.0
Yolanda Fosse,Gregor Gomez,Professional,8,8.0
Yolanda Fosse,Gregor Gomez,Studious,8,7.0
Yolanda Fosse,Gregor Gomez,Imaginative,8,5.0
Lynnett Swin,Gregor Gomez,Analytic,1,2.0
Lynnett Swin,Gregor Gomez,Independent,1,2.0
Lynnett Swin,Gregor Gomez,Determined,1,4.0
Lynnett Swin,Gregor Gomez,Professional,1,5.0
Lynnett Swin,Gregor Gomez,Studious,1,1.0
Lynnett Swin,Gregor Gomez,Imaginative,1,2.0
Lynnett Swin,Gregor Gomez,Analytic,2,3.0
Lynnett Swin,Gregor Gomez,Independent,2,2.0
Lynnett Swin,Gregor Gomez,Determined,2,5.0
Lynnett Swin,Gregor Gomez,Professional,2,3.0
Lynnett Swin,Gregor Gomez,Studious,2,1.0
Lynnett Swin,Gregor Gomez,Imaginative,2,1.0
Lynnett Swin,Gregor Gomez,Analytic,3,3.0
Lynnett Swin,Gregor Gomez,Independent,3,2.0
Lynnett Swin,Gregor Gomez,Determined,3,3.0
Lynnett Swin,Gregor Gomez,Professional,3,4.0
Lynnett Swin,Gregor Gomez,Studious,3,4.0
Lynnett Swin,Gregor Gomez,Imaginative,3,2.0
Lynnett Swin,Gregor Gomez,Analytic,4,8.0
Lynnett Swin,Gregor Gomez,Independent,4,6.0
Lynnett Swin,Gregor Gomez,Determined,4,8.0
Lynnett Swin,Gregor Gomez,Professional,4,2.0
Lynnett Swin,Gregor Gomez,Studious,4,4.0
Lynnett Swin,Gregor Gomez,Imaginative,4,8.0
Lynnett Swin,Gregor Gomez,Analytic,5,6.0
Lynnett Swin,Gregor Gomez,Independent,5,2.0
Lynnett Swin,Gregor Gomez,Determined,5,8.0
Lynnett Swin,Gregor Gomez,Professional,5,8.0
Lynnett Swin,Gregor Gomez,Studious,5,8.0
Lynnett Swin,Gregor Gomez,Imaginative,5,5.0
Lynnett Swin,Gregor Gomez,Analytic,6,7.0
Lynnett Swin,Gregor Gomez,Independent,6,5.0
Lynnett Swin,Gregor Gomez,Determined,6,5.0
Lynnett Swin,Gregor Gomez,Professional,6,5.0
Lynnett Swin,Gregor Gomez,Studious,6,5.0
Lynnett Swin,Gregor Gomez,Imaginative,6,8.0
Lynnett Swin,Gregor Gomez,Analytic,7,8.0
Lynnett Swin,Gregor Gomez,Independent,7,7.0
Lynnett Swin,Gregor Gomez,Determined,7,7.0
Lynnett Swin,Gregor Gomez,Professional,7,8.0
Lynnett Swin,Gregor Gomez,Studious,7,8.0
Lynnett Swin,Gregor Gomez,Imaginative,7,8.0
Lynnett Swin,Gregor Gomez,Analytic,8,8.0
Lynnett Swin,Gregor Gomez,Independent,8,7.0
Lynnett Swin,Gregor Gomez,Determined,8,8.0
Lynnett Swin,Gregor Gomez,Professional,8,8.0
Lynnett Swin,Gregor Gomez,Studious,8,8.0
Lynnett Swin,Gregor Gomez,Imaginative,8,8.0
Bart Godilington,Gregor Gomez,Analytic,1,3.0
Bart Godilington,Gregor Gomez,Independent,1,6.0
Bart Godilington,Gregor Gomez,Determined,1,1.0
Bart Godilington,Gregor Gomez,Professional,1,5.0
Bart Godilington,Gregor Gomez,Studious,1,4.0
Bart Godilington,Gregor Gomez,Imaginative,1,1.0
Bart Godilington,Gregor Gomez,Analytic,2,2.0
Bart Godilington,Gregor Gomez,Independent,2,1.0
Bart Godilington,Gregor Gomez,Determined,2,2.0
Bart Godilington,Gregor Gomez,Professional,2,5.0
Bart Godilington,Gregor Gomez,Studious,2,3.0
Bart Godilington,Gregor Gomez,Imaginative,2,2.0
Bart Godilington,Gregor Gomez,Analytic,3,1.0
Bart Godilington,Gregor Gomez,Independent,3,3.0
Bart Godilington,Gregor Gomez,Determined,3,2.0
Bart Godilington,Gregor Gomez,Professional,3,1.0
Bart Godilington,Gregor Gomez,Studious,3,1.0
Bart Godilington,Gregor Gomez,Imaginative,3,4.0
Bart Godilington,Gregor Gomez,Analytic,4,3.0
Bart Godilington,Gregor Gomez,Independent,4,3.0
Bart Godilington,Gregor Gomez,Determined,4,7.0
Bart Godilington,Gregor Gomez,Professional,4,3.0
Bart Godilington,Gregor Gomez,Studious,4,6.0
Bart Godilington,Gregor Gomez,Imaginative,4,5.0
Bart Godilington,Gregor Gomez,Analytic,5,6.0
Bart Godilington,Gregor Gomez,Independent,5,3.0
Bart Godilington,Gregor Gomez,Determined,5,4.0
Bart Godilington,Gregor Gomez,Professional,5,7.0
Bart Godilington,Gregor Gomez,Studious,5,6.0
Bart Godilington,Gregor Gomez,Imaginative,5,6.0
Bart Godilington,Gregor Gomez,Analytic,6,6.0
Bart Godilington,Gregor Gomez,Independent,6,8.0
Bart Godilington,Gregor Gomez,Determined,6,8.0
Bart Godilington,Gregor Gomez,Professional,6,6.0
Bart Godilington,Gregor Gomez,Studious,6,8.0
Bart Godilington,Gregor Gomez,Imaginative,6,7.0
Bart Godilington,Gregor Gomez,Analytic,7,7.0
Bart Godilington,Gregor Gomez,Independent,7,8.0
Bart Godilington,Gregor Gomez,Determined,7,6.0
Bart Godilington,Gregor Gomez,Professional,7,8.0
Bart Godilington,Gregor Gomez,Studious,7,8.0
Bart Godilington,Gregor Gomez,Imaginative,7,7.0
Bart Godilington,Gregor Gomez,Analytic,8,7.0
Bart Godilington,Gregor Gomez,Independent,8,7.0
Bart Godilington,Gregor Gomez,Determined,8,8.0
Bart Godilington,Gregor Gomez,Professional,8,6.0
Bart Godilington,Gregor Gomez,Studious,8,7.0
Bart Godilington,Gregor Gomez,Imaginative,8,8.0
Deni Roust,Gregor Gomez,Analytic,1,6.0
Deni Roust,Gregor Gomez,Independent,1,3.0
Deni Roust,Gregor Gomez,Determined,1,1.0
Deni Roust,Gregor Gomez,Professional,1,4.0
Deni Roust,Gregor Gomez,Studious,1,4.0
Deni Roust,Gregor Gomez,Imaginative,1,2.0
Deni Roust,Gregor Gomez,Analytic,2,7.0
Deni Roust,Gregor Gomez,Independent,2,2.0
Deni Roust,Gregor Gomez,Determined,2,3.0
Deni Roust,Gregor Gomez,Professional,2,1.0
Deni Roust,Gregor Gomez,Studious,2,1.0
Deni Roust,Gregor Gomez,Imaginative,2,1.0
Deni Roust,Gregor Gomez,Analytic,3,1.0
Deni Roust,Gregor Gomez,Independent,3,2.0
Deni Roust,Gregor Gomez,Determined,3,2.0
Deni Roust,Gregor Gomez,Professional,3,1.0
Deni Roust,Gregor Gomez,Studious,3,4.0
Deni Roust,Gregor Gomez,Imaginative,3,5.0
Deni Roust,Gregor Gomez,Analytic,4,4.0
Deni Roust,Gregor Gomez,Independent,4,6.0
Deni Roust,Gregor Gomez,Determined,4,6.0
Deni Roust,Gregor Gomez,Professional,4,6.0
Deni Roust,Gregor Gomez,Studious,4,8.0
Deni Roust,Gregor Gomez,Imaginative,4,6.0
Deni Roust,Gregor Gomez,Analytic,5,4.0
Deni Roust,Gregor Gomez,Independent,5,2.0
Deni Roust,Gregor Gomez,Determined,5,7.0
Deni Roust,Gregor Gomez,Professional,5,6.0
Deni Roust,Gregor Gomez,Studious,5,4.0
Deni Roust,Gregor Gomez,Imaginative,5,2.0
Deni Roust,Gregor Gomez,Analytic,6,4.0
Deni Roust,Gregor Gomez,Independent,6,3.0
Deni Roust,Gregor Gomez,Determined,6,8.0
Deni Roust,Gregor Gomez,Professional,6,7.0
Deni Roust,Gregor Gomez,Studious,6,4.0
Deni Roust,Gregor Gomez,Imaginative,6,5.0
Deni Roust,Gregor Gomez,Analytic,7,7.0
Deni Roust,Gregor Gomez,Independent,7,8.0
Deni Roust,Gregor Gomez,Determined,7,8.0
Deni Roust,Gregor Gomez,Professional,7,8.0
Deni Roust,Gregor Gomez,Studious,7,7.0
Deni Roust,Gregor Gomez,Imaginative,7,7.0
Deni Roust,Gregor Gomez,Analytic,8,7.0
Deni Roust,Gregor Gomez,Independent,8,8.0
Deni Roust,Gregor Gomez,Determined,8,8.0
Deni Roust,Gregor Gomez,Professional,8,8.0
Deni Roust,Gregor Gomez,Studious,8,8.0
Deni Roust,Gregor Gomez,Imaginative,8,8.0
Gerhard Mcgrath,Gregor Gomez,Analytic,1,2.0
Gerhard Mcgrath,Gregor Gomez,Independent,1,3.0
Gerhard Mcgrath,Gregor Gomez,Determined,1,3.0
Gerhard Mcgrath,Gregor Gomez,Professional,1,4.0
Gerhard Mcgrath,Gregor Gomez,Studious,1,1.0
Gerhard Mcgrath,Gregor Gomez,Imaginative,1,1.0
Gerhard Mcgrath,Gregor Gomez,Analytic,2,3.0
Gerhard Mcgrath,Gregor Gomez,Independent,2,6.0
Gerhard Mcgrath,Gregor Gomez,Determined,2,2.0
Gerhard Mcgrath,Gregor Gomez,Professional,2,1.0
Gerhard Mcgrath,Gregor Gomez,Studious,2,4.0
Gerhard Mcgrath,Gregor Gomez,Imaginative,2,3.0
Gerhard Mcgrath,Gregor Gomez,Analytic,3,3.0
Gerhard Mcgrath,Gregor Gomez,Independent,3,4.0
Gerhard Mcgrath,Gregor Gomez,Determined,3,1.0
Gerhard Mcgrath,Gregor Gomez,Professional,3,5.0
Gerhard Mcgrath,Gregor Gomez,Studious,3,3.0
Gerhard Mcgrath,Gregor Gomez,Imaginative,3,3.0
Gerhard Mcgrath,Gregor Gomez,Analytic,4,3.0
Gerhard Mcgrath,Gregor Gomez,Independent,4,8.0
Gerhard Mcgrath,Gregor Gomez,Determined,4,1.0
Gerhard Mcgrath,Gregor Gomez,Professional,4,4.0
Gerhard Mcgrath,Gregor Gomez,Studious,4,6.0
Gerhard Mcgrath,Gregor Gomez,Imaginative,4,7.0
Gerhard Mcgrath,Gregor Gomez,Analytic,5,5.0
Gerhard Mcgrath,Gregor Gomez,Independent,5,6.0
Gerhard Mcgrath,Gregor Gomez,Determined,5,7.0
Gerhard Mcgrath,Gregor Gomez,Professional,5,6.0
Gerhard Mcgrath,Gregor Gomez,Studious,5,7.0
Gerhard Mcgrath,Gregor Gomez,Imaginative,5,8.0
Gerhard Mcgrath,Gregor Gomez,Analytic,6,2.0
Gerhard Mcgrath,Gregor Gomez,Independent,6,8.0
Gerhard Mcgrath,Gregor Gomez,Determined,6,8.0
Gerhard Mcgrath,Gregor Gomez,Professional,6,4.0
Gerhard Mcgrath,Gregor Gomez,Studious,6,5.0
Gerhard Mcgrath,Gregor Gomez,Imaginative,6,3.0
Gerhard Mcgrath,Gregor Gomez,Analytic,7,8.0
Gerhard Mcgrath,Gregor Gomez,Independent,7,8.0
Gerhard Mcgrath,Gregor Gomez,Determined,7,8.0
Gerhard Mcgrath,Gregor Gomez,Professional,7,4.0
Gerhard Mcgrath,Gregor Gomez,Studious,7,8.0
Gerhard Mcgrath,Gregor Gomez,Imaginative,7,8.0
Gerhard Mcgrath,Gregor Gomez,Analytic,8,8.0
Gerhard Mcgrath,Gregor Gomez,Independent,8,8.0
Gerhard Mcgrath,Gregor Gomez,Determined,8,7.0
Gerhard Mcgrath,Gregor Gomez,Professional,8,8.0
Gerhard Mcgrath,Gregor Gomez,Studious,8,7.0
Gerhard Mcgrath,Gregor Gomez,Imaginative,8,8.0
Benedick Arnhold,Bruce Lugo,Analytic,1,5.0
Benedick Arnhold,Bruce Lugo,Independent,1,4.0
Benedick Arnhold,Bruce Lugo,Determined,1,1.0
Benedick Arnhold,Bruce Lugo,Professional,1,2.0
Benedick Arnhold,Bruce Lugo,Studious,1,3.0
Benedick Arnhold,Bruce Lugo,Imaginative,1,3.0
Benedick Arnhold,Bruce Lugo,Analytic,2,7.0
Benedick Arnhold,Bruce Lugo,Independent,2,6.0
Benedick Arnhold,Bruce Lugo,Determined,2,3.0
Benedick Arnhold,Bruce Lugo,Professional,2,3.0
Benedick Arnhold,Bruce Lugo,Studious,2,4.0
Benedick Arnhold,Bruce Lugo,Imaginative,2,3.0
Benedick Arnhold,Bruce Lugo,Analytic,3,4.0
Benedick Arnhold,Bruce Lugo,Independent,3,6.0
Benedick Arnhold,Bruce Lugo,Determined,3,3.0
Benedick Arnhold,Bruce Lugo,Professional,3,1.0
Benedick Arnhold,Bruce Lugo,Studious,3,3.0
Benedick Arnhold,Bruce Lugo,Imaginative,3,2.0
Benedick Arnhold,Bruce Lugo,Analytic,4,3.0
Benedick Arnhold,Bruce Lugo,Independent,4,7.0
Benedick Arnhold,Bruce Lugo,Determined,4,4.0
Benedick Arnhold,Bruce Lugo,Professional,4,7.0
Benedick Arnhold,Bruce Lugo,Studious,4,5.0
Benedick Arnhold,Bruce Lugo,Imaginative,4,7.0
Benedick Arnhold,Bruce Lugo,Analytic,5,8.0
Benedick Arnhold,Bruce Lugo,Independent,5,8.0
Benedick Arnhold,Bruce Lugo,Determined,5,7.0
Benedick Arnhold,Bruce Lugo,Professional,5,3.0
Benedick Arnhold,Bruce Lugo,Studious,5,3.0
Benedick Arnhold,Bruce Lugo,Imaginative,5,3.0
Benedick Arnhold,Bruce Lugo,Analytic,6,7.0
Benedick Arnhold,Bruce Lugo,Independent,6,8.0
Benedick Arnhold,Bruce Lugo,Determined,6,5.0
Benedick Arnhold,Bruce Lugo,Professional,6,4.0
Benedick Arnhold,Bruce Lugo,Studious,6,5.0
Benedick Arnhold,Bruce Lugo,Imaginative,6,1.0
Benedick Arnhold,Bruce Lugo,Analytic,7,8.0
Benedick Arnhold,Bruce Lugo,Independent,7,8.0
Benedick Arnhold,Bruce Lugo,Determined,7,8.0
Benedick Arnhold,Bruce Lugo,Professional,7,8.0
Benedick Arnhold,Bruce Lugo,Studious,7,3.0
Benedick Arnhold,Bruce Lugo,Imaginative,7,8.0
Benedick Arnhold,Bruce Lugo,Analytic,8,7.0
Benedick Arnhold,Bruce Lugo,Independent,8,8.0
Benedick Arnhold,Bruce Lugo,Determined,8,8.0
Benedick Arnhold,Bruce Lugo,Professional,8,8.0
Benedick Arnhold,Bruce Lugo,Studious,8,8.0
Benedick Arnhold,Bruce Lugo,Imaginative,8,8.0
Herminia Brettel,Bruce Lugo,Analytic,1,5.0
Herminia Brettel,Bruce Lugo,Independent,1,3.0
Herminia Brettel,Bruce Lugo,Determined,1,2.0
Herminia Brettel,Bruce Lugo,Professional,1,3.0
Herminia Brettel,Bruce Lugo,Studious,1,3.0
Herminia Brettel,Bruce Lugo,Imaginative,1,1.0
Herminia Brettel,Bruce Lugo,Analytic,2,4.0
Herminia Brettel,Bruce Lugo,Independent,2,2.0
Herminia Brettel,Bruce Lugo,Determined,2,1.0
Herminia Brettel,Bruce Lugo,Professional,2,1.0
Herminia Brettel,Bruce Lugo,Studious,2,5.0
Herminia Brettel,Bruce Lugo,Imaginative,2,3.0
Herminia Brettel,Bruce Lugo,Analytic,3,4.0
Herminia Brettel,Bruce Lugo,Independent,3,6.0
Herminia Brettel,Bruce Lugo,Determined,3,2.0
Herminia Brettel,Bruce Lugo,Professional,3,4.0
Herminia Brettel,Bruce Lugo,Studious,3,5.0
Herminia Brettel,Bruce Lugo,Imaginative,3,2.0
Herminia Brettel,Bruce Lugo,Analytic,4,5.0
Herminia Brettel,Bruce Lugo,Independent,4,4.0
Herminia Brettel,Bruce Lugo,Determined,4,2.0
Herminia Brettel,Bruce Lugo,Professional,4,3.0
Herminia Brettel,Bruce Lugo,Studious,4,7.0
Herminia Brettel,Bruce Lugo,Imaginative,4,8.0
Herminia Brettel,Bruce Lugo,Analytic,5,8.0
Herminia Brettel,Bruce Lugo,Independent,5,8.0
Herminia Brettel,Bruce Lugo,Determined,5,7.0
Herminia Brettel,Bruce Lugo,Professional,5,8.0
Herminia Brettel,Bruce Lugo,Studious,5,4.0
Herminia Brettel,Bruce Lugo,Imaginative,5,8.0
Herminia Brettel,Bruce Lugo,Analytic,6,5.0
Herminia Brettel,Bruce Lugo,Independent,6,8.0
Herminia Brettel,Bruce Lugo,Determined,6,6.0
Herminia Brettel,Bruce Lugo,Professional,6,4.0
Herminia Brettel,Bruce Lugo,Studious,6,6.0
Herminia Brettel,Bruce Lugo,Imaginative,6,8.0
Herminia Brettel,Bruce Lugo,Analytic,7,7.0
Herminia Brettel,Bruce Lugo,Independent,7,8.0
Herminia Brettel,Bruce Lugo,Determined,7,8.0
Herminia Brettel,Bruce Lugo,Professional,7,8.0
Herminia Brettel,Bruce Lugo,Studious,7,6.0
Herminia Brettel,Bruce Lugo,Imaginative,7,8.0
Herminia Brettel,Bruce Lugo,Analytic,8,4.0
Herminia Brettel,Bruce Lugo,Independent,8,7.0
Herminia Brettel,Bruce Lugo,Determined,8,8.0
Herminia Brettel,Bruce Lugo,Professional,8,8.0
Herminia Brettel,Bruce Lugo,Studious,8,8.0
Herminia Brettel,Bruce Lugo,Imaginative,8,8.0
Nicolai Nussey,Bruce Lugo,Analytic,1,4.0
Nicolai Nussey,Bruce Lugo,Independent,1,1.0
Nicolai Nussey,Bruce Lugo,Determined,1,5.0
Nicolai Nussey,Bruce Lugo,Professional,1,2.0
Nicolai Nussey,Bruce Lugo,Studious,1,2.0
Nicolai Nussey,Bruce Lugo,Imaginative,1,3.0
Nicolai Nussey,Bruce Lugo,Analytic,2,2.0
Nicolai Nussey,Bruce Lugo,Independent,2,4.0
Nicolai Nussey,Bruce Lugo,Determined,2,2.0
Nicolai Nussey,Bruce Lugo,Professional,2,6.0
Nicolai Nussey,Bruce Lugo,Studious,2,5.0
Nicolai Nussey,Bruce Lugo,Imaginative,2,3.0
Nicolai Nussey,Bruce Lugo,Analytic,3,3.0
Nicolai Nussey,Bruce Lugo,Independent,3,1.0
Nicolai Nussey,Bruce Lugo,Determined,3,1.0
Nicolai Nussey,Bruce Lugo,Professional,3,2.0
Nicolai Nussey,Bruce Lugo,Studious,3,2.0
Nicolai Nussey,Bruce Lugo,Imaginative,3,3.0
Nicolai Nussey,Bruce Lugo,Analytic,4,8.0
Nicolai Nussey,Bruce Lugo,Independent,4,8.0
Nicolai Nussey,Bruce Lugo,Determined,4,7.0
Nicolai Nussey,Bruce Lugo,Professional,4,8.0
Nicolai Nussey,Bruce Lugo,Studious,4,3.0
Nicolai Nussey,Bruce Lugo,Imaginative,4,5.0
Nicolai Nussey,Bruce Lugo,Analytic,5,5.0
Nicolai Nussey,Bruce Lugo,Independent,5,4.0
Nicolai Nussey,Bruce Lugo,Determined,5,8.0
Nicolai Nussey,Bruce Lugo,Professional,5,8.0
Nicolai Nussey,Bruce Lugo,Studious,5,8.0
Nicolai Nussey,Bruce Lugo,Imaginative,5,7.0
Nicolai Nussey,Bruce Lugo,Analytic,6,8.0
Nicolai Nussey,Bruce Lugo,Independent,6,8.0
Nicolai Nussey,Bruce Lugo,Determined,6,8.0
Nicolai Nussey,Bruce Lugo,Professional,6,4.0
Nicolai Nussey,Bruce Lugo,Studious,6,4.0
Nicolai Nussey,Bruce Lugo,Imaginative,6,4.0
Nicolai Nussey,Bruce Lugo,Analytic,7,8.0
Nicolai Nussey,Bruce Lugo,Independent,7,7.0
Nicolai Nussey,Bruce Lugo,Determined,7,8.0
Nicolai Nussey,Bruce Lugo,Professional,7,8.0
Nicolai Nussey,Bruce Lugo,Studious,7,8.0
Nicolai Nussey,Bruce Lugo,Imaginative,7,8.0
Nicolai Nussey,Bruce Lugo,Analytic,8,8.0
Nicolai Nussey,Bruce Lugo,Independent,8,6.0
Nicolai Nussey,Bruce Lugo,Determined,8,8.0
Nicolai Nussey,Bruce Lugo,Professional,8,5.0
Nicolai Nussey,Bruce Lugo,Studious,8,5.0
Nicolai Nussey,Bruce Lugo,Imaginative,8,5.0
Elora Ellen,Bruce Lugo,Analytic,1,3.0
Elora Ellen,Bruce Lugo,Independent,1,2.0
Elora Ellen,Bruce Lugo,Determined,1,3.0
Elora Ellen,Bruce Lugo,Professional,1,4.0
Elora Ellen,Bruce Lugo,Studious,1,3.0
Elora Ellen,Bruce Lugo,Imaginative,1,3.0
Elora Ellen,Bruce Lugo,Analytic,2,2.0
Elora Ellen,Bruce Lugo,Independent,2,4.0
Elora Ellen,Bruce Lugo,Determined,2,2.0
Elora Ellen,Bruce Lugo,Professional,2,4.0
Elora Ellen,Bruce Lugo,Studious,2,1.0
Elora Ellen,Bruce Lugo,Imaginative,2,1.0
Elora Ellen,Bruce Lugo,Analytic,3,2.0
Elora Ellen,Bruce Lugo,Independent,3,3.0
Elora Ellen,Bruce Lugo,Determined,3,4.0
Elora Ellen,Bruce Lugo,Professional,3,3.0
Elora Ellen,Bruce Lugo,Studious,3,3.0
Elora Ellen,Bruce Lugo,Imaginative,3,3.0
Elora Ellen,Bruce Lugo,Analytic,4,3.0
Elora Ellen,Bruce Lugo,Independent,4,5.0
Elora Ellen,Bruce Lugo,Determined,4,4.0
Elora Ellen,Bruce Lugo,Professional,4,6.0
Elora Ellen,Bruce Lugo,Studious,4,5.0
Elora Ellen,Bruce Lugo,Imaginative,4,4.0
Elora Ellen,Bruce Lugo,Analytic,5,6.0
Elora Ellen,Bruce Lugo,Independent,5,6.0
Elora Ellen,Bruce Lugo,Determined,5,4.0
Elora Ellen,Bruce Lugo,Professional,5,8.0
Elora Ellen,Bruce Lugo,Studious,5,7.0
Elora Ellen,Bruce Lugo,Imaginative,5,7.0
Elora Ellen,Bruce Lugo,Analytic,6,7.0
Elora Ellen,Bruce Lugo,Independent,6,6.0
Elora Ellen,Bruce Lugo,Determined,6,8.0
Elora Ellen,Bruce Lugo,Professional,6,4.0
Elora Ellen,Bruce Lugo,Studious,6,7.0
Elora Ellen,Bruce Lugo,Imaginative,6,3.0
Elora Ellen,Bruce Lugo,Analytic,7,8.0
Elora Ellen,Bruce Lugo,Independent,7,5.0
Elora Ellen,Bruce Lugo,Determined,7,7.0
Elora Ellen,Bruce Lugo,Professional,7,8.0
Elora Ellen,Bruce Lugo,Studious,7,8.0
Elora Ellen,Bruce Lugo,Imaginative,7,8.0
Elora Ellen,Bruce Lugo,Analytic,8,8.0
Elora Ellen,Bruce Lugo,Independent,8,8.0
Elora Ellen,Bruce Lugo,Determined,8,4.0
Elora Ellen,Bruce Lugo,Professional,8,7.0
Elora Ellen,Bruce Lugo,Studious,8,8.0
Elora Ellen,Bruce Lugo,Imaginative,8,7.0
Llywellyn Hoggins,Bruce Lugo,Analytic,1,1.0
Llywellyn Hoggins,Bruce Lugo,Independent,1,3.0
Llywellyn Hoggins,Bruce Lugo,Determined,1,2.0
Llywellyn Hoggins,Bruce Lugo,Professional,1,2.0
Llywellyn Hoggins,Bruce Lugo,Studious,1,3.0
Llywellyn Hoggins,Bruce Lugo,Imaginative,1,3.0
Llywellyn Hoggins,Bruce Lugo,Analytic,2,4.0
Llywellyn Hoggins,Bruce Lugo,Independent,2,2.0
Llywellyn Hoggins,Bruce Lugo,Determined,2,2.0
Llywellyn Hoggins,Bruce Lugo,Professional,2,4.0
Llywellyn Hoggins,Bruce Lugo,Studious,2,3.0
Llywellyn Hoggins,Bruce Lugo,Imaginative,2,2.0
Llywellyn Hoggins,Bruce Lugo,Analytic,3,4.0
Llywellyn Hoggins,Bruce Lugo,Independent,3,2.0
Llywellyn Hoggins,Bruce Lugo,Determined,3,1.0
Llywellyn Hoggins,Bruce Lugo,Professional,3,1.0
Llywellyn Hoggins,Bruce Lugo,Studious,3,2.0
Llywellyn Hoggins,Bruce Lugo,Imaginative,3,1.0
Bobbye Hains,Bruce Lugo,Analytic,1,3.0
Bobbye Hains,Bruce Lugo,Independent,1,4.0
Bobbye Hains,Bruce Lugo,Determined,1,4.0
Bobbye Hains,Bruce Lugo,Professional,1,1.0
Bobbye Hains,Bruce Lugo,Studious,1,1.0
Bobbye Hains,Bruce Lugo,Imaginative,1,5.0
Bobbye Hains,Bruce Lugo,Analytic,2,3.0
Bobbye Hains,Bruce Lugo,Independent,2,2.0
Bobbye Hains,Bruce Lugo,Determined,2,1.0
Bobbye Hains,Bruce Lugo,Professional,2,3.0
Bobbye Hains,Bruce Lugo,Studious,2,3.0
Bobbye Hains,Bruce Lugo,Imaginative,2,3.0
Bobbye Hains,Bruce Lugo,Analytic,3,4.0
Bobbye Hains,Bruce Lugo,Independent,3,2.0
Bobbye Hains,Bruce Lugo,Determined,3,2.0
Bobbye Hains,Bruce Lugo,Professional,3,2.0
Bobbye Hains,Bruce Lugo,Studious,3,2.0
Bobbye Hains,Bruce Lugo,Imaginative,3,4.0
Bobbye Hains,Bruce Lugo,Analytic,4,5.0
Bobbye Hains,Bruce Lugo,Independent,4,8.0
Bobbye Hains,Bruce Lugo,Determined,4,6.0
Bobbye Hains,Bruce Lugo,Professional,4,8.0
Bobbye Hains,Bruce Lugo,Studious,4,5.0
Bobbye Hains,Bruce Lugo,Imaginative,4,4.0
Bobbye Hains,Bruce Lugo,Analytic,5,4.0
Bobbye Hains,Bruce Lugo,Independent,5,5.0
Bobbye Hains,Bruce Lugo,Determined,5,7.0
Bobbye Hains,Bruce Lugo,Professional,5,8.0
Bobbye Hains,Bruce Lugo,Studious,5,3.0
Bobbye Hains,Bruce Lugo,Imaginative,5,6.0
Bobbye Hains,Bruce Lugo,Analytic,6,8.0
Bobbye Hains,Bruce Lugo,Independent,6,5.0
Bobbye Hains,Bruce Lugo,Determined,6,5.0
Bobbye Hains,Bruce Lugo,Professional,6,8.0
Bobbye Hains,Bruce Lugo,Studious,6,7.0
Bobbye Hains,Bruce Lugo,Imaginative,6,8.0
Bobbye Hains,Bruce Lugo,Analytic,7,7.0
Bobbye Hains,Bruce Lugo,Independent,7,6.0
Bobbye Hains,Bruce Lugo,Determined,7,8.0
Bobbye Hains,Bruce Lugo,Professional,7,8.0
Bobbye Hains,Bruce Lugo,Studious,7,7.0
Bobbye Hains,Bruce Lugo,Imaginative,7,7.0
Bobbye Hains,Bruce Lugo,Analytic,8,8.0
Bobbye Hains,Bruce Lugo,Independent,8,8.0
Bobbye Hains,Bruce Lugo,Determined,8,7.0
Bobbye Hains,Bruce Lugo,Professional,8,4.0
Bobbye Hains,Bruce Lugo,Studious,8,6.0
Bobbye Hains,Bruce Lugo,Imaginative,8,8.0
Audrye Tobias,Bruce Lugo,Analytic,1,5.0
Audrye Tobias,Bruce Lugo,Independent,1,4.0
Audrye Tobias,Bruce Lugo,Determined,1,3.0
Audrye Tobias,Bruce Lugo,Professional,1,5.0
Audrye Tobias,Bruce Lugo,Studious,1,5.0
Audrye Tobias,Bruce Lugo,Imaginative,1,4.0
Audrye Tobias,Bruce Lugo,Analytic,2,4.0
Audrye Tobias,Bruce Lugo,Independent,2,4.0
Audrye Tobias,Bruce Lugo,Determined,2,3.0
Audrye Tobias,Bruce Lugo,Professional,2,1.0
Audrye Tobias,Bruce Lugo,Studious,2,3.0
Audrye Tobias,Bruce Lugo,Imaginative,2,2.0
Audrye Tobias,Bruce Lugo,Analytic,3,2.0
Audrye Tobias,Bruce Lugo,Independent,3,1.0
Audrye Tobias,Bruce Lugo,Determined,3,1.0
Audrye Tobias,Bruce Lugo,Professional,3,3.0
Audrye Tobias,Bruce Lugo,Studious,3,3.0
Audrye Tobias,Bruce Lugo,Imaginative,3,3.0
Audrye Tobias,Bruce Lugo,Analytic,4,6.0
Audrye Tobias,Bruce Lugo,Independent,4,6.0
Audrye Tobias,Bruce Lugo,Determined,4,4.0
Audrye Tobias,Bruce Lugo,Professional,4,6.0
Audrye Tobias,Bruce Lugo,Studious,4,8.0
Audrye Tobias,Bruce Lugo,Imaginative,4,7.0
Audrye Tobias,Bruce Lugo,Analytic,5,8.0
Audrye Tobias,Bruce Lugo,Independent,5,6.0
Audrye Tobias,Bruce Lugo,Determined,5,5.0
Audrye Tobias,Bruce Lugo,Professional,5,3.0
Audrye Tobias,Bruce Lugo,Studious,5,8.0
Audrye Tobias,Bruce Lugo,Imaginative,5,7.0
Audrye Tobias,Bruce Lugo,Analytic,6,8.0
Audrye Tobias,Bruce Lugo,Independent,6,6.0
Audrye Tobias,Bruce Lugo,Determined,6,5.0
Audrye Tobias,Bruce Lugo,Professional,6,5.0
Audrye Tobias,Bruce Lugo,Studious,6,3.0
Audrye Tobias,Bruce Lugo,Imaginative,6,5.0
Audrye Tobias,Bruce Lugo,Analytic,7,8.0
Audrye Tobias,Bruce Lugo,Independent,7,6.0
Audrye Tobias,Bruce Lugo,Determined,7,8.0
Audrye Tobias,Bruce Lugo,Professional,7,4.0
Audrye Tobias,Bruce Lugo,Studious,7,8.0
Audrye Tobias,Bruce Lugo,Imaginative,7,8.0
Audrye Tobias,Bruce Lugo,Analytic,8,8.0
Audrye Tobias,Bruce Lugo,Independent,8,8.0
Audrye Tobias,Bruce Lugo,Determined,8,8.0
Audrye Tobias,Bruce Lugo,Professional,8,8.0
Audrye Tobias,Bruce Lugo,Studious,8,8.0
Audrye Tobias,Bruce Lugo,Imaginative,8,7.0
Georg Battman,Bruce Lugo,Analytic,1,1.0
Georg Battman,Bruce Lugo,Independent,1,1.0
Georg Battman,Bruce Lugo,Determined,1,1.0
Georg Battman,Bruce Lugo,Professional,1,6.0
Georg Battman,Bruce Lugo,Studious,1,5.0
Georg Battman,Bruce Lugo,Imaginative,1,5.0
Georg Battman,Bruce Lugo,Analytic,2,7.0
Georg Battman,Bruce Lugo,Independent,2,2.0
Georg Battman,Bruce Lugo,Determined,2,1.0
Georg Battman,Bruce Lugo,Professional,2,3.0
Georg Battman,Bruce Lugo,Studious,2,2.0
Georg Battman,Bruce Lugo,Imaginative,2,1.0
Georg Battman,Bruce Lugo,Analytic,3,1.0
Georg Battman,Bruce Lugo,Independent,3,2.0
Georg Battman,Bruce Lugo,Determined,3,3.0
Georg Battman,Bruce Lugo,Professional,3,3.0
Georg Battman,Bruce Lugo,Studious,3,3.0
Georg Battman,Bruce Lugo,Imaginative,3,5.0
Georg Battman,Bruce Lugo,Analytic,4,8.0
Georg Battman,Bruce Lugo,Independent,4,6.0
Georg Battman,Bruce Lugo,Determined,4,4.0
Georg Battman,Bruce Lugo,Professional,4,4.0
Georg Battman,Bruce Lugo,Studious,4,5.0
Georg Battman,Bruce Lugo,Imaginative,4,7.0
Georg Battman,Bruce Lugo,Analytic,5,8.0
Georg Battman,Bruce Lugo,Independent,5,4.0
Georg Battman,Bruce Lugo,Determined,5,3.0
Georg Battman,Bruce Lugo,Professional,5,4.0
Georg Battman,Bruce Lugo,Studious,5,6.0
Georg Battman,Bruce Lugo,Imaginative,5,4.0
Georg Battman,Bruce Lugo,Analytic,6,8.0
Georg Battman,Bruce Lugo,Independent,6,8.0
Georg Battman,Bruce Lugo,Determined,6,3.0
Georg Battman,Bruce Lugo,Professional,6,3.0
Georg Battman,Bruce Lugo,Studious,6,4.0
Georg Battman,Bruce Lugo,Imaginative,6,6.0
Georg Battman,Bruce Lugo,Analytic,7,4.0
Georg Battman,Bruce Lugo,Independent,7,6.0
Georg Battman,Bruce Lugo,Determined,7,8.0
Georg Battman,Bruce Lugo,Professional,7,8.0
Georg Battman,Bruce Lugo,Studious,7,8.0
Georg Battman,Bruce Lugo,Imaginative,7,8.0
Georg Battman,Bruce Lugo,Analytic,8,8.0
Georg Battman,Bruce Lugo,Independent,8,7.0
Georg Battman,Bruce Lugo,Determined,8,8.0
Georg Battman,Bruce Lugo,Professional,8,8.0
Georg Battman,Bruce Lugo,Studious,8,8.0
Georg Battman,Bruce Lugo,Imaginative,8,6.0
Adolph Andreia,Bruce Lugo,Analytic,1,3.0
Adolph Andreia,Bruce Lugo,Independent,1,3.0
Adolph Andreia,Bruce Lugo,Determined,1,7.0
Adolph Andreia,Bruce Lugo,Professional,1,1.0
Adolph Andreia,Bruce Lugo,Studious,1,6.0
Adolph Andreia,Bruce Lugo,Imaginative,1,4.0
Adolph Andreia,Bruce Lugo,Analytic,2,3.0
Adolph Andreia,Bruce Lugo,Independent,2,4.0
Adolph Andreia,Bruce Lugo,Determined,2,4.0
Adolph Andreia,Bruce Lugo,Professional,2,1.0
Adolph Andreia,Bruce Lugo,Studious,2,3.0
Adolph Andreia,Bruce Lugo,Imaginative,2,2.0
Adolph Andreia,Bruce Lugo,Analytic,3,3.0
Adolph Andreia,Bruce Lugo,Independent,3,2.0
Adolph Andreia,Bruce Lugo,Determined,3,2.0
Adolph Andreia,Bruce Lugo,Professional,3,1.0
Adolph Andreia,Bruce Lugo,Studious,3,2.0
Adolph Andreia,Bruce Lugo,Imaginative,3,2.0
Adolph Andreia,Bruce Lugo,Analytic,4,2.0
Adolph Andreia,Bruce Lugo,Independent,4,4.0
Adolph Andreia,Bruce Lugo,Determined,4,3.0
Adolph Andreia,Bruce Lugo,Professional,4,6.0
Adolph Andreia,Bruce Lugo,Studious,4,8.0
Adolph Andreia,Bruce Lugo,Imaginative,4,8.0
Adolph Andreia,Bruce Lugo,Analytic,5,4.0
Adolph Andreia,Bruce Lugo,Independent,5,6.0
Adolph Andreia,Bruce Lugo,Determined,5,4.0
Adolph Andreia,Bruce Lugo,Professional,5,5.0
Adolph Andreia,Bruce Lugo,Studious,5,3.0
Adolph Andreia,Bruce Lugo,Imaginative,5,7.0
Adolph Andreia,Bruce Lugo,Analytic,6,8.0
Adolph Andreia,Bruce Lugo,Independent,6,3.0
Adolph Andreia,Bruce Lugo,Determined,6,7.0
Adolph Andreia,Bruce Lugo,Professional,6,7.0
Adolph Andreia,Bruce Lugo,Studious,6,3.0
Adolph Andreia,Bruce Lugo,Imaginative,6,8.0
Adolph Andreia,Bruce Lugo,Analytic,7,8.0
Adolph Andreia,Bruce Lugo,Independent,7,8.0
Adolph Andreia,Bruce Lugo,Determined,7,2.0
Adolph Andreia,Bruce Lugo,Professional,7,6.0
Adolph Andreia,Bruce Lugo,Studious,7,8.0
Adolph Andreia,Bruce Lugo,Imaginative,7,5.0
Adolph Andreia,Bruce Lugo,Analytic,8,8.0
Adolph Andreia,Bruce Lugo,Independent,8,8.0
Adolph Andreia,Bruce Lugo,Determined,8,8.0
Adolph Andreia,Bruce Lugo,Professional,8,8.0
Adolph Andreia,Bruce Lugo,Studious,8,8.0
Adolph Andreia,Bruce Lugo,Imaginative,8,8.0
Ilaire Ord,Bruce Lugo,Analytic,1,7.0
Ilaire Ord,Bruce Lugo,Independent,1,2.0
Ilaire Ord,Bruce Lugo,Determined,1,6.0
Ilaire Ord,Bruce Lugo,Professional,1,5.0
Ilaire Ord,Bruce Lugo,Studious,1,5.0
Ilaire Ord,Bruce Lugo,Imaginative,1,1.0
Ilaire Ord,Bruce Lugo,Analytic,2,2.0
Ilaire Ord,Bruce Lugo,Independent,2,6.0
Ilaire Ord,Bruce Lugo,Determined,2,2.0
Ilaire Ord,Bruce Lugo,Professional,2,1.0
Ilaire Ord,Bruce Lugo,Studious,2,1.0
Ilaire Ord,Bruce Lugo,Imaginative,2,5.0
Ilaire Ord,Bruce Lugo,Analytic,3,1.0
Ilaire Ord,Bruce Lugo,Independent,3,5.0
Ilaire Ord,Bruce Lugo,Determined,3,5.0
Ilaire Ord,Bruce Lugo,Professional,3,2.0
Ilaire Ord,Bruce Lugo,Studious,3,5.0
Ilaire Ord,Bruce Lugo,Imaginative,3,5.0
Ilaire Ord,Bruce Lugo,Analytic,4,1.0
Ilaire Ord,Bruce Lugo,Independent,4,7.0
Ilaire Ord,Bruce Lugo,Determined,4,8.0
Ilaire Ord,Bruce Lugo,Professional,4,8.0
Ilaire Ord,Bruce Lugo,Studious,4,5.0
Ilaire Ord,Bruce Lugo,Imaginative,4,5.0
Ilaire Ord,Bruce Lugo,Analytic,5,8.0
Ilaire Ord,Bruce Lugo,Independent,5,5.0
Ilaire Ord,Bruce Lugo,Determined,5,5.0
Ilaire Ord,Bruce Lugo,Professional,5,6.0
Ilaire Ord,Bruce Lugo,Studious,5,4.0
Ilaire Ord,Bruce Lugo,Imaginative,5,4.0
Ilaire Ord,Bruce Lugo,Analytic,6,8.0
Ilaire Ord,Bruce Lugo,Independent,6,2.0
Ilaire Ord,Bruce Lugo,Determined,6,8.0
Ilaire Ord,Bruce Lugo,Professional,6,4.0
Ilaire Ord,Bruce Lugo,Studious,6,6.0
Ilaire Ord,Bruce Lugo,Imaginative,6,6.0
Ilaire Ord,Bruce Lugo,Analytic,7,8.0
Ilaire Ord,Bruce Lugo,Independent,7,8.0
Ilaire Ord,Bruce Lugo,Determined,7,8.0
Ilaire Ord,Bruce Lugo,Professional,7,5.0
Ilaire Ord,Bruce Lugo,Studious,7,8.0
Ilaire Ord,Bruce Lugo,Imaginative,7,8.0
Ilaire Ord,Bruce Lugo,Analytic,8,8.0
Ilaire Ord,Bruce Lugo,Independent,8,8.0
Ilaire Ord,Bruce Lugo,Determined,8,8.0
Ilaire Ord,Bruce Lugo,Professional,8,8.0
Ilaire Ord,Bruce Lugo,Studious,8,7.0
Ilaire Ord,Bruce Lugo,Imaginative,8,5.0
Thorpe Pettett,Bruce Lugo,Analytic,1,6.0
Thorpe Pettett,Bruce Lugo,Independent,1,1.0
Thorpe Pettett,Bruce Lugo,Determined,1,4.0
Thorpe Pettett,Bruce Lugo,Professional,1,4.0
Thorpe Pettett,Bruce Lugo,Studious,1,2.0
Thorpe Pettett,Bruce Lugo,Imaginative,1,1.0
Thorpe Pettett,Bruce Lugo,Analytic,2,7.0
Thorpe Pettett,Bruce Lugo,Independent,2,1.0
Thorpe Pettett,Bruce Lugo,Determined,2,6.0
Thorpe Pettett,Bruce Lugo,Professional,2,3.0
Thorpe Pettett,Bruce Lugo,Studious,2,4.0
Thorpe Pettett,Bruce Lugo,Imaginative,2,3.0
Thorpe Pettett,Bruce Lugo,Analytic,3,2.0
Thorpe Pettett,Bruce Lugo,Independent,3,3.0
Thorpe Pettett,Bruce Lugo,Determined,3,3.0
Thorpe Pettett,Bruce Lugo,Professional,3,1.0
Thorpe Pettett,Bruce Lugo,Studious,3,3.0
Thorpe Pettett,Bruce Lugo,Imaginative,3,3.0
Thorpe Pettett,Bruce Lugo,Analytic,4,7.0
Thorpe Pettett,Bruce Lugo,Independent,4,6.0
Thorpe Pettett,Bruce Lugo,Determined,4,8.0
Thorpe Pettett,Bruce Lugo,Professional,4,8.0
Thorpe Pettett,Bruce Lugo,Studious,4,7.0
Thorpe Pettett,Bruce Lugo,Imaginative,4,8.0
Thorpe Pettett,Bruce Lugo,Analytic,5,8.0
Thorpe Pettett,Bruce Lugo,Independent,5,6.0
Thorpe Pettett,Bruce Lugo,Determined,5,6.0
Thorpe Pettett,Bruce Lugo,Professional,5,8.0
Thorpe Pettett,Bruce Lugo,Studious,5,5.0
Thorpe Pettett,Bruce Lugo,Imaginative,5,3.0
Thorpe Pettett,Bruce Lugo,Analytic,6,6.0
Thorpe Pettett,Bruce Lugo,Independent,6,7.0
Thorpe Pettett,Bruce Lugo,Determined,6,2.0
Thorpe Pettett,Bruce Lugo,Professional,6,4.0
Thorpe Pettett,Bruce Lugo,Studious,6,2.0
Thorpe Pettett,Bruce Lugo,Imaginative,6,7.0
Thorpe Pettett,Bruce Lugo,Analytic,7,8.0
Thorpe Pettett,Bruce Lugo,Independent,7,8.0
Thorpe Pettett,Bruce Lugo,Determined,7,8.0
Thorpe Pettett,Bruce Lugo,Professional,7,7.0
Thorpe Pettett,Bruce Lugo,Studious,7,8.0
Thorpe Pettett,Bruce Lugo,Imaginative,7,8.0
Thorpe Pettett,Bruce Lugo,Analytic,8,8.0
Thorpe Pettett,Bruce Lugo,Independent,8,8.0
Thorpe Pettett,Bruce Lugo,Determined,8,8.0
Thorpe Pettett,Bruce Lugo,Professional,8,8.0
Thorpe Pettett,Bruce Lugo,Studious,8,5.0
Thorpe Pettett,Bruce Lugo,Imaginative,8,8.0
Tiphany Gribben,Bruce Lugo,Analytic,1,2.0
Tiphany Gribben,Bruce Lugo,Independent,1,1.0
Tiphany Gribben,Bruce Lugo,Determined,1,3.0
Tiphany Gribben,Bruce Lugo,Professional,1,1.0
Tiphany Gribben,Bruce Lugo,Studious,1,2.0
Tiphany Gribben,Bruce Lugo,Imaginative,1,5.0
Tiphany Gribben,Bruce Lugo,Analytic,2,3.0
Tiphany Gribben,Bruce Lugo,Independent,2,1.0
Tiphany Gribben,Bruce Lugo,Determined,2,1.0
Tiphany Gribben,Bruce Lugo,Professional,2,2.0
Tiphany Gribben,Bruce Lugo,Studious,2,2.0
Tiphany Gribben,Bruce Lugo,Imaginative,2,2.0
Pam Hupka,Bruce Lugo,Analytic,1,1.0
Pam Hupka,Bruce Lugo,Independent,1,5.0
Pam Hupka,Bruce Lugo,Determined,1,2.0
Pam Hupka,Bruce Lugo,Professional,1,1.0
Pam Hupka,Bruce Lugo,Studious,1,5.0
Pam Hupka,Bruce Lugo,Imaginative,1,1.0
Pam Hupka,Bruce Lugo,Analytic,2,2.0
Pam Hupka,Bruce Lugo,Independent,2,3.0
Pam Hupka,Bruce Lugo,Determined,2,2.0
Pam Hupka,Bruce Lugo,Professional,2,6.0
Pam Hupka,Bruce Lugo,Studious,2,1.0
Pam Hupka,Bruce Lugo,Imaginative,2,1.0
Pam Hupka,Bruce Lugo,Analytic,3,2.0
Pam Hupka,Bruce Lugo,Independent,3,1.0
Pam Hupka,Bruce Lugo,Determined,3,5.0
Pam Hupka,Bruce Lugo,Professional,3,7.0
Pam Hupka,Bruce Lugo,Studious,3,4.0
Pam Hupka,Bruce Lugo,Imaginative,3,1.0
Pam Hupka,Bruce Lugo,Analytic,4,8.0
Pam Hupka,Bruce Lugo,Independent,4,7.0
Pam Hupka,Bruce Lugo,Determined,4,7.0
Pam Hupka,Bruce Lugo,Professional,4,8.0
Pam Hupka,Bruce Lugo,Studious,4,8.0
Pam Hupka,Bruce Lugo,Imaginative,4,7.0
Pam Hupka,Bruce Lugo,Analytic,5,5.0
Pam Hupka,Bruce Lugo,Independent,5,5.0
Pam Hupka,Bruce Lugo,Determined,5,6.0
Pam Hupka,Bruce Lugo,Professional,5,7.0
Pam Hupka,Bruce Lugo,Studious,5,8.0
Pam Hupka,Bruce Lugo,Imaginative,5,5.0
Pam Hupka,Bruce Lugo,Analytic,6,7.0
Pam Hupka,Bruce Lugo,Independent,6,3.0
Pam Hupka,Bruce Lugo,Determined,6,5.0
Pam Hupka,Bruce Lugo,Professional,6,3.0
Pam Hupka,Bruce Lugo,Studious,6,7.0
Pam Hupka,Bruce Lugo,Imaginative,6,8.0
Pam Hupka,Bruce Lugo,Analytic,7,4.0
Pam Hupka,Bruce Lugo,Independent,7,7.0
Pam Hupka,Bruce Lugo,Determined,7,4.0
Pam Hupka,Bruce Lugo,Professional,7,8.0
Pam Hupka,Bruce Lugo,Studious,7,8.0
Pam Hupka,Bruce Lugo,Imaginative,7,7.0
Pam Hupka,Bruce Lugo,Analytic,8,6.0
Pam Hupka,Bruce Lugo,Independent,8,6.0
Pam Hupka,Bruce Lugo,Determined,8,8.0
Pam Hupka,Bruce Lugo,Professional,8,8.0
Pam Hupka,Bruce Lugo,Studious,8,7.0
Pam Hupka,Bruce Lugo,Imaginative,8,8.0
Verne Francescuzzi,Gregor Gomez,Analytic,1,2.0
Verne Francescuzzi,Gregor Gomez,Independent,1,4.0
Verne Francescuzzi,Gregor Gomez,Determined,1,1.0
Verne Francescuzzi,Gregor Gomez,Professional,1,2.0
Verne Francescuzzi,Gregor Gomez,Studious,1,3.0
Verne Francescuzzi,Gregor Gomez,Imaginative,1,4.0
Verne Francescuzzi,Gregor Gomez,Analytic,2,2.0
Verne Francescuzzi,Gregor Gomez,Independent,2,2.0
Verne Francescuzzi,Gregor Gomez,Determined,2,2.0
Verne Francescuzzi,Gregor Gomez,Professional,2,3.0
Verne Francescuzzi,Gregor Gomez,Studious,2,8.0
Verne Francescuzzi,Gregor Gomez,Imaginative,2,6.0
Verne Francescuzzi,Gregor Gomez,Analytic,3,4.0
Verne Francescuzzi,Gregor Gomez,Independent,3,3.0
Verne Francescuzzi,Gregor Gomez,Determined,3,2.0
Verne Francescuzzi,Gregor Gomez,Professional,3,6.0
Verne Francescuzzi,Gregor Gomez,Studious,3,3.0
Verne Francescuzzi,Gregor Gomez,Imaginative,3,4.0
Verne Francescuzzi,Gregor Gomez,Analytic,4,4.0
Verne Francescuzzi,Gregor Gomez,Independent,4,5.0
Verne Francescuzzi,Gregor Gomez,Determined,4,6.0
Verne Francescuzzi,Gregor Gomez,Professional,4,6.0
Verne Francescuzzi,Gregor Gomez,Studious,4,6.0
Verne Francescuzzi,Gregor Gomez,Imaginative,4,6.0
Verne Francescuzzi,Gregor Gomez,Analytic,5,6.0
Verne Francescuzzi,Gregor Gomez,Independent,5,8.0
Verne Francescuzzi,Gregor Gomez,Determined,5,6.0
Verne Francescuzzi,Gregor Gomez,Professional,5,6.0
Verne Francescuzzi,Gregor Gomez,Studious,5,5.0
Verne Francescuzzi,Gregor Gomez,Imaginative,5,5.0
Verne Francescuzzi,Gregor Gomez,Analytic,6,5.0
Verne Francescuzzi,Gregor Gomez,Independent,6,8.0
Verne Francescuzzi,Gregor Gomez,Determined,6,8.0
Verne Francescuzzi,Gregor Gomez,Professional,6,4.0
Verne Francescuzzi,Gregor Gomez,Studious,6,8.0
Verne Francescuzzi,Gregor Gomez,Imaginative,6,6.0
Verne Francescuzzi,Gregor Gomez,Analytic,7,8.0
Verne Francescuzzi,Gregor Gomez,Independent,7,7.0
Verne Francescuzzi,Gregor Gomez,Determined,7,8.0
Verne Francescuzzi,Gregor Gomez,Professional,7,8.0
Verne Francescuzzi,Gregor Gomez,Studious,7,8.0
Verne Francescuzzi,Gregor Gomez,Imaginative,7,8.0
Verne Francescuzzi,Gregor Gomez,Analytic,8,8.0
Verne Francescuzzi,Gregor Gomez,Independent,8,8.0
Verne Francescuzzi,Gregor Gomez,Determined,8,8.0
Verne Francescuzzi,Gregor Gomez,Professional,8,6.0
Verne Francescuzzi,Gregor Gomez,Studious,8,7.0
Verne Francescuzzi,Gregor Gomez,Imaginative,8,6.0
Audi Westmacott,Gregor Gomez,Analytic,1,2.0
Audi Westmacott,Gregor Gomez,Independent,1,4.0
Audi Westmacott,Gregor Gomez,Determined,1,1.0
Audi Westmacott,Gregor Gomez,Professional,1,3.0
Audi Westmacott,Gregor Gomez,Studious,1,3.0
Audi Westmacott,Gregor Gomez,Imaginative,1,3.0
Audi Westmacott,Gregor Gomez,Analytic,2,5.0
Audi Westmacott,Gregor Gomez,Independent,2,5.0
Audi Westmacott,Gregor Gomez,Determined,2,2.0
Audi Westmacott,Gregor Gomez,Professional,2,3.0
Audi Westmacott,Gregor Gomez,Studious,2,1.0
Audi Westmacott,Gregor Gomez,Imaginative,2,4.0
Audi Westmacott,Gregor Gomez,Analytic,3,3.0
Audi Westmacott,Gregor Gomez,Independent,3,1.0
Audi Westmacott,Gregor Gomez,Determined,3,7.0
Audi Westmacott,Gregor Gomez,Professional,3,1.0
Audi Westmacott,Gregor Gomez,Studious,3,1.0
Audi Westmacott,Gregor Gomez,Imaginative,3,3.0
Audi Westmacott,Gregor Gomez,Analytic,4,5.0
Audi Westmacott,Gregor Gomez,Independent,4,3.0
Audi Westmacott,Gregor Gomez,Determined,4,8.0
Audi Westmacott,Gregor Gomez,Professional,4,6.0
Audi Westmacott,Gregor Gomez,Studious,4,8.0
Audi Westmacott,Gregor Gomez,Imaginative,4,8.0
Audi Westmacott,Gregor Gomez,Analytic,5,5.0
Audi Westmacott,Gregor Gomez,Independent,5,7.0
Audi Westmacott,Gregor Gomez,Determined,5,3.0
Audi Westmacott,Gregor Gomez,Professional,5,5.0
Audi Westmacott,Gregor Gomez,Studious,5,5.0
Audi Westmacott,Gregor Gomez,Imaginative,5,1.0
Audi Westmacott,Gregor Gomez,Analytic,6,7.0
Audi Westmacott,Gregor Gomez,Independent,6,3.0
Audi Westmacott,Gregor Gomez,Determined,6,6.0
Audi Westmacott,Gregor Gomez,Professional,6,1.0
Audi Westmacott,Gregor Gomez,Studious,6,6.0
Audi Westmacott,Gregor Gomez,Imaginative,6,2.0
Audi Westmacott,Gregor Gomez,Analytic,7,6.0
Audi Westmacott,Gregor Gomez,Independent,7,7.0
Audi Westmacott,Gregor Gomez,Determined,7,8.0
Audi Westmacott,Gregor Gomez,Professional,7,8.0
Audi Westmacott,Gregor Gomez,Studious,7,8.0
Audi Westmacott,Gregor Gomez,Imaginative,7,8.0
Audi Westmacott,Gregor Gomez,Analytic,8,8.0
Audi Westmacott,Gregor Gomez,Independent,8,8.0
Audi Westmacott,Gregor Gomez,Determined,8,8.0
Audi Westmacott,Gregor Gomez,Professional,8,6.0
Audi Westmacott,Gregor Gomez,Studious,8,6.0
Audi Westmacott,Gregor Gomez,Imaginative,8,8.0
Gae Crutch,Gregor Gomez,Analytic,1,6.0
Gae Crutch,Gregor Gomez,Independent,1,3.0
Gae Crutch,Gregor Gomez,Determined,1,2.0
Gae Crutch,Gregor Gomez,Professional,1,3.0
Gae Crutch,Gregor Gomez,Studious,1,3.0
Gae Crutch,Gregor Gomez,Imaginative,1,2.0
Gae Crutch,Gregor Gomez,Analytic,2,2.0
Gae Crutch,Gregor Gomez,Independent,2,4.0
Gae Crutch,Gregor Gomez,Determined,2,3.0
Gae Crutch,Gregor Gomez,Professional,2,3.0
Gae Crutch,Gregor Gomez,Studious,2,3.0
Gae Crutch,Gregor Gomez,Imaginative,2,3.0
Gae Crutch,Gregor Gomez,Analytic,3,1.0
Gae Crutch,Gregor Gomez,Independent,3,1.0
Gae Crutch,Gregor Gomez,Determined,3,5.0
Gae Crutch,Gregor Gomez,Professional,3,3.0
Gae Crutch,Gregor Gomez,Studious,3,3.0
Gae Crutch,Gregor Gomez,Imaginative,3,3.0
Gae Crutch,Gregor Gomez,Analytic,4,5.0
Gae Crutch,Gregor Gomez,Independent,4,7.0
Gae Crutch,Gregor Gomez,Determined,4,4.0
Gae Crutch,Gregor Gomez,Professional,4,4.0
Gae Crutch,Gregor Gomez,Studious,4,8.0
Gae Crutch,Gregor Gomez,Imaginative,4,4.0
Gae Crutch,Gregor Gomez,Analytic,5,3.0
Gae Crutch,Gregor Gomez,Independent,5,6.0
Gae Crutch,Gregor Gomez,Determined,5,5.0
Gae Crutch,Gregor Gomez,Professional,5,6.0
Gae Crutch,Gregor Gomez,Studious,5,7.0
Gae Crutch,Gregor Gomez,Imaginative,5,6.0
Gae Crutch,Gregor Gomez,Analytic,6,8.0
Gae Crutch,Gregor Gomez,Independent,6,3.0
Gae Crutch,Gregor Gomez,Determined,6,8.0
Gae Crutch,Gregor Gomez,Professional,6,8.0
Gae Crutch,Gregor Gomez,Studious,6,3.0
Gae Crutch,Gregor Gomez,Imaginative,6,6.0
Gae Crutch,Gregor Gomez,Analytic,7,6.0
Gae Crutch,Gregor Gomez,Independent,7,7.0
Gae Crutch,Gregor Gomez,Determined,7,8.0
Gae Crutch,Gregor Gomez,Professional,7,8.0
Gae Crutch,Gregor Gomez,Studious,7,6.0
Gae Crutch,Gregor Gomez,Imaginative,7,8.0
Gae Crutch,Gregor Gomez,Analytic,8,8.0
Gae Crutch,Gregor Gomez,Independent,8,8.0
Gae Crutch,Gregor Gomez,Determined,8,8.0
Gae Crutch,Gregor Gomez,Professional,8,8.0
Gae Crutch,Gregor Gomez,Studious,8,6.0
Gae Crutch,Gregor Gomez,Imaginative,8,8.0
Fowler Crewdson,Gregor Gomez,Analytic,1,1.0
Fowler Crewdson,Gregor Gomez,Independent,1,1.0
Fowler Crewdson,Gregor Gomez,Determined,1,3.0
Fowler Crewdson,Gregor Gomez,Professional,1,7.0
Fowler Crewdson,Gregor Gomez,Studious,1,5.0
Fowler Crewdson,Gregor Gomez,Imaginative,1,5.0
Fowler Crewdson,Gregor Gomez,Analytic,2,1.0
Fowler Crewdson,Gregor Gomez,Independent,2,6.0
Fowler Crewdson,Gregor Gomez,Determined,2,2.0
Fowler Crewdson,Gregor Gomez,Professional,2,5.0
Fowler Crewdson,Gregor Gomez,Studious,2,1.0
Fowler Crewdson,Gregor Gomez,Imaginative,2,5.0
Fowler Crewdson,Gregor Gomez,Analytic,3,3.0
Fowler Crewdson,Gregor Gomez,Independent,3,1.0
Fowler Crewdson,Gregor Gomez,Determined,3,5.0
Fowler Crewdson,Gregor Gomez,Professional,3,4.0
Fowler Crewdson,Gregor Gomez,Studious,3,4.0
Fowler Crewdson,Gregor Gomez,Imaginative,3,2.0
Fowler Crewdson,Gregor Gomez,Analytic,4,7.0
Fowler Crewdson,Gregor Gomez,Independent,4,6.0
Fowler Crewdson,Gregor Gomez,Determined,4,6.0
Fowler Crewdson,Gregor Gomez,Professional,4,4.0
Fowler Crewdson,Gregor Gomez,Studious,4,6.0
Fowler Crewdson,Gregor Gomez,Imaginative,4,4.0
Fowler Crewdson,Gregor Gomez,Analytic,5,2.0
Fowler Crewdson,Gregor Gomez,Independent,5,7.0
Fowler Crewdson,Gregor Gomez,Determined,5,8.0
Fowler Crewdson,Gregor Gomez,Professional,5,7.0
Fowler Crewdson,Gregor Gomez,Studious,5,3.0
Fowler Crewdson,Gregor Gomez,Imaginative,5,8.0
Fowler Crewdson,Gregor Gomez,Analytic,6,4.0
Fowler Crewdson,Gregor Gomez,Independent,6,8.0
Fowler Crewdson,Gregor Gomez,Determined,6,8.0
Fowler Crewdson,Gregor Gomez,Professional,6,3.0
Fowler Crewdson,Gregor Gomez,Studious,6,5.0
Fowler Crewdson,Gregor Gomez,Imaginative,6,8.0
Fowler Crewdson,Gregor Gomez,Analytic,7,8.0
Fowler Crewdson,Gregor Gomez,Independent,7,6.0
Fowler Crewdson,Gregor Gomez,Determined,7,8.0
Fowler Crewdson,Gregor Gomez,Professional,7,8.0
Fowler Crewdson,Gregor Gomez,Studious,7,8.0
Fowler Crewdson,Gregor Gomez,Imaginative,7,4.0
Fowler Crewdson,Gregor Gomez,Analytic,8,8.0
Fowler Crewdson,Gregor Gomez,Independent,8,8.0
Fowler Crewdson,Gregor Gomez,Determined,8,8.0
Fowler Crewdson,Gregor Gomez,Professional,8,8.0
Fowler Crewdson,Gregor Gomez,Studious,8,8.0
Fowler Crewdson,Gregor Gomez,Imaginative,8,8.0
Joletta Matzaitis,Gregor Gomez,Analytic,1,4.0
Joletta Matzaitis,Gregor Gomez,Independent,1,4.0
Joletta Matzaitis,Gregor Gomez,Determined,1,3.0
Joletta Matzaitis,Gregor Gomez,Professional,1,4.0
Joletta Matzaitis,Gregor Gomez,Studious,1,5.0
Joletta Matzaitis,Gregor Gomez,Imaginative,1,6.0
Joletta Matzaitis,Gregor Gomez,Analytic,2,2.0
Joletta Matzaitis,Gregor Gomez,Independent,2,6.0
Joletta Matzaitis,Gregor Gomez,Determined,2,4.0
Joletta Matzaitis,Gregor Gomez,Professional,2,2.0
Joletta Matzaitis,Gregor Gomez,Studious,2,5.0
Joletta Matzaitis,Gregor Gomez,Imaginative,2,1.0
Joletta Matzaitis,Gregor Gomez,Analytic,3,4.0
Joletta Matzaitis,Gregor Gomez,Independent,3,3.0
Joletta Matzaitis,Gregor Gomez,Determined,3,4.0
Joletta Matzaitis,Gregor Gomez,Professional,3,4.0
Joletta Matzaitis,Gregor Gomez,Studious,3,2.0
Joletta Matzaitis,Gregor Gomez,Imaginative,3,2.0
Joletta Matzaitis,Gregor Gomez,Analytic,4,8.0
Joletta Matzaitis,Gregor Gomez,Independent,4,8.0
Joletta Matzaitis,Gregor Gomez,Determined,4,7.0
Joletta Matzaitis,Gregor Gomez,Professional,4,5.0
Joletta Matzaitis,Gregor Gomez,Studious,4,8.0
Joletta Matzaitis,Gregor Gomez,Imaginative,4,5.0
Joletta Matzaitis,Gregor Gomez,Analytic,5,7.0
Joletta Matzaitis,Gregor Gomez,Independent,5,2.0
Joletta Matzaitis,Gregor Gomez,Determined,5,6.0
Joletta Matzaitis,Gregor Gomez,Professional,5,8.0
Joletta Matzaitis,Gregor Gomez,Studious,5,5.0
Joletta Matzaitis,Gregor Gomez,Imaginative,5,2.0
Joletta Matzaitis,Gregor Gomez,Analytic,6,8.0
Joletta Matzaitis,Gregor Gomez,Independent,6,4.0
Joletta Matzaitis,Gregor Gomez,Determined,6,7.0
Joletta Matzaitis,Gregor Gomez,Professional,6,7.0
Joletta Matzaitis,Gregor Gomez,Studious,6,3.0
Joletta Matzaitis,Gregor Gomez,Imaginative,6,8.0
Joletta Matzaitis,Gregor Gomez,Analytic,7,8.0
Joletta Matzaitis,Gregor Gomez,Independent,7,8.0
Joletta Matzaitis,Gregor Gomez,Determined,7,5.0
Joletta Matzaitis,Gregor Gomez,Professional,7,8.0
Joletta Matzaitis,Gregor Gomez,Studious,7,8.0
Joletta Matzaitis,Gregor Gomez,Imaginative,7,7.0
Joletta Matzaitis,Gregor Gomez,Analytic,8,8.0
Joletta Matzaitis,Gregor Gomez,Independent,8,8.0
Joletta Matzaitis,Gregor Gomez,Determined,8,6.0
Joletta Matzaitis,Gregor Gomez,Professional,8,8.0
Joletta Matzaitis,Gregor Gomez,Studious,8,7.0
Joletta Matzaitis,Gregor Gomez,Imaginative,8,7.0
Ofelia Helm,Gregor Gomez,Analytic,1,1.0
Ofelia Helm,Gregor Gomez,Independent,1,7.0
Ofelia Helm,Gregor Gomez,Determined,1,3.0
Ofelia Helm,Gregor Gomez,Professional,1,1.0
Ofelia Helm,Gregor Gomez,Studious,1,4.0
Ofelia Helm,Gregor Gomez,Imaginative,1,3.0
Ofelia Helm,Gregor Gomez,Analytic,2,5.0
Ofelia Helm,Gregor Gomez,Independent,2,1.0
Ofelia Helm,Gregor Gomez,Determined,2,6.0
Ofelia Helm,Gregor Gomez,Professional,2,1.0
Ofelia Helm,Gregor Gomez,Studious,2,1.0
Ofelia Helm,Gregor Gomez,Imaginative,2,3.0
Ofelia Helm,Gregor Gomez,Analytic,3,3.0
Ofelia Helm,Gregor Gomez,Independent,3,4.0
Ofelia Helm,Gregor Gomez,Determined,3,4.0
Ofelia Helm,Gregor Gomez,Professional,3,1.0
Ofelia Helm,Gregor Gomez,Studious,3,2.0
Ofelia Helm,Gregor Gomez,Imaginative,3,4.0
Ofelia Helm,Gregor Gomez,Analytic,4,4.0
Ofelia Helm,Gregor Gomez,Independent,4,6.0
Ofelia Helm,Gregor Gomez,Determined,4,3.0
Ofelia Helm,Gregor Gomez,Professional,4,8.0
Ofelia Helm,Gregor Gomez,Studious,4,4.0
Ofelia Helm,Gregor Gomez,Imaginative,4,8.0
Ofelia Helm,Gregor Gomez,Analytic,5,5.0
Ofelia Helm,Gregor Gomez,Independent,5,5.0
Ofelia Helm,Gregor Gomez,Determined,5,5.0
Ofelia Helm,Gregor Gomez,Professional,5,4.0
Ofelia Helm,Gregor Gomez,Studious,5,5.0
Ofelia Helm,Gregor Gomez,Imaginative,5,4.0
Ofelia Helm,Gregor Gomez,Analytic,6,4.0
Ofelia Helm,Gregor Gomez,Independent,6,7.0
Ofelia Helm,Gregor Gomez,Determined,6,8.0
Ofelia Helm,Gregor Gomez,Professional,6,5.0
Ofelia Helm,Gregor Gomez,Studious,6,8.0
Ofelia Helm,Gregor Gomez,Imaginative,6,6.0
Ofelia Helm,Gregor Gomez,Analytic,7,8.0
Ofelia Helm,Gregor Gomez,Independent,7,8.0
Ofelia Helm,Gregor Gomez,Determined,7,8.0
Ofelia Helm,Gregor Gomez,Professional,7,8.0
Ofelia Helm,Gregor Gomez,Studious,7,8.0
Ofelia Helm,Gregor Gomez,Imaginative,7,8.0
Ofelia Helm,Gregor Gomez,Analytic,8,7.0
Ofelia Helm,Gregor Gomez,Independent,8,8.0
Ofelia Helm,Gregor Gomez,Determined,8,8.0
Ofelia Helm,Gregor Gomez,Professional,8,5.0
Ofelia Helm,Gregor Gomez,Studious,8,7.0
Ofelia Helm,Gregor Gomez,Imaginative,8,6.0
Quinton Kuhnt,Gregor Gomez,Analytic,1,2.0
Quinton Kuhnt,Gregor Gomez,Independent,1,3.0
Quinton Kuhnt,Gregor Gomez,Determined,1,5.0
Quinton Kuhnt,Gregor Gomez,Professional,1,4.0
Quinton Kuhnt,Gregor Gomez,Studious,1,3.0
Quinton Kuhnt,Gregor Gomez,Imaginative,1,5.0
Quinton Kuhnt,Gregor Gomez,Analytic,2,4.0
Quinton Kuhnt,Gregor Gomez,Independent,2,2.0
Quinton Kuhnt,Gregor Gomez,Determined,2,3.0
Quinton Kuhnt,Gregor Gomez,Professional,2,3.0
Quinton Kuhnt,Gregor Gomez,Studious,2,6.0
Quinton Kuhnt,Gregor Gomez,Imaginative,2,2.0
Quinton Kuhnt,Gregor Gomez,Analytic,3,1.0
Quinton Kuhnt,Gregor Gomez,Independent,3,3.0
Quinton Kuhnt,Gregor Gomez,Determined,3,3.0
Quinton Kuhnt,Gregor Gomez,Professional,3,1.0
Quinton Kuhnt,Gregor Gomez,Studious,3,3.0
Quinton Kuhnt,Gregor Gomez,Imaginative,3,1.0
Quinton Kuhnt,Gregor Gomez,Analytic,4,4.0
Quinton Kuhnt,Gregor Gomez,Independent,4,6.0
Quinton Kuhnt,Gregor Gomez,Determined,4,4.0
Quinton Kuhnt,Gregor Gomez,Professional,4,8.0
Quinton Kuhnt,Gregor Gomez,Studious,4,6.0
Quinton Kuhnt,Gregor Gomez,Imaginative,4,7.0
Quinton Kuhnt,Gregor Gomez,Analytic,5,6.0
Quinton Kuhnt,Gregor Gomez,Independent,5,6.0
Quinton Kuhnt,Gregor Gomez,Determined,5,8.0
Quinton Kuhnt,Gregor Gomez,Professional,5,4.0
Quinton Kuhnt,Gregor Gomez,Studious,5,5.0
Quinton Kuhnt,Gregor Gomez,Imaginative,5,3.0
Quinton Kuhnt,Gregor Gomez,Analytic,6,3.0
Quinton Kuhnt,Gregor Gomez,Independent,6,7.0
Quinton Kuhnt,Gregor Gomez,Determined,6,4.0
Quinton Kuhnt,Gregor Gomez,Professional,6,8.0
Quinton Kuhnt,Gregor Gomez,Studious,6,5.0
Quinton Kuhnt,Gregor Gomez,Imaginative,6,5.0
Quinton Kuhnt,Gregor Gomez,Analytic,7,8.0
Quinton Kuhnt,Gregor Gomez,Independent,7,8.0
Quinton Kuhnt,Gregor Gomez,Determined,7,8.0
Quinton Kuhnt,Gregor Gomez,Professional,7,8.0
Quinton Kuhnt,Gregor Gomez,Studious,7,8.0
Quinton Kuhnt,Gregor Gomez,Imaginative,7,8.0
Quinton Kuhnt,Gregor Gomez,Analytic,8,8.0
Quinton Kuhnt,Gregor Gomez,Independent,8,8.0
Quinton Kuhnt,Gregor Gomez,Determined,8,8.0
Quinton Kuhnt,Gregor Gomez,Professional,8,8.0
Quinton Kuhnt,Gregor Gomez,Studious,8,8.0
Quinton Kuhnt,Gregor Gomez,Imaginative,8,8.0
Frankie Mabee,Gregor Gomez,Analytic,1,1.0
Frankie Mabee,Gregor Gomez,Independent,1,3.0
Frankie Mabee,Gregor Gomez,Determined,1,3.0
Frankie Mabee,Gregor Gomez,Professional,1,7.0
Frankie Mabee,Gregor Gomez,Studious,1,2.0
Frankie Mabee,Gregor Gomez,Imaginative,1,2.0
Frankie Mabee,Gregor Gomez,Analytic,2,1.0
Frankie Mabee,Gregor Gomez,Independent,2,2.0
Frankie Mabee,Gregor Gomez,Determined,2,3.0
Frankie Mabee,Gregor Gomez,Professional,2,6.0
Frankie Mabee,Gregor Gomez,Studious,2,4.0
Frankie Mabee,Gregor Gomez,Imaginative,2,1.0
Frankie Mabee,Gregor Gomez,Analytic,3,2.0
Frankie Mabee,Gregor Gomez,Independent,3,7.0
Frankie Mabee,Gregor Gomez,Determined,3,2.0
Frankie Mabee,Gregor Gomez,Professional,3,2.0
Frankie Mabee,Gregor Gomez,Studious,3,2.0
Frankie Mabee,Gregor Gomez,Imaginative,3,3.0
Frankie Mabee,Gregor Gomez,Analytic,4,8.0
Frankie Mabee,Gregor Gomez,Independent,4,5.0
Frankie Mabee,Gregor Gomez,Determined,4,4.0
Frankie Mabee,Gregor Gomez,Professional,4,6.0
Frankie Mabee,Gregor Gomez,Studious,4,7.0
Frankie Mabee,Gregor Gomez,Imaginative,4,7.0
Frankie Mabee,Gregor Gomez,Analytic,5,3.0
Frankie Mabee,Gregor Gomez,Independent,5,1.0
Frankie Mabee,Gregor Gomez,Determined,5,8.0
Frankie Mabee,Gregor Gomez,Professional,5,6.0
Frankie Mabee,Gregor Gomez,Studious,5,3.0
Frankie Mabee,Gregor Gomez,Imaginative,5,5.0
Frankie Mabee,Gregor Gomez,Analytic,6,7.0
Frankie Mabee,Gregor Gomez,Independent,6,2.0
Frankie Mabee,Gregor Gomez,Determined,6,8.0
Frankie Mabee,Gregor Gomez,Professional,6,4.0
Frankie Mabee,Gregor Gomez,Studious,6,5.0
Frankie Mabee,Gregor Gomez,Imaginative,6,4.0
Frankie Mabee,Gregor Gomez,Analytic,7,8.0
Frankie Mabee,Gregor Gomez,Independent,7,8.0
Frankie Mabee,Gregor Gomez,Determined,7,7.0
Frankie Mabee,Gregor Gomez,Professional,7,8.0
Frankie Mabee,Gregor Gomez,Studious,7,7.0
Frankie Mabee,Gregor Gomez,Imaginative,7,7.0
Frankie Mabee,Gregor Gomez,Analytic,8,8.0
Frankie Mabee,Gregor Gomez,Independent,8,8.0
Frankie Mabee,Gregor Gomez,Determined,8,8.0
Frankie Mabee,Gregor Gomez,Professional,8,3.0
Frankie Mabee,Gregor Gomez,Studious,8,8.0
Frankie Mabee,Gregor Gomez,Imaginative,8,8.0
Cami Burberow,Gregor Gomez,Analytic,1,1.0
Cami Burberow,Gregor Gomez,Independent,1,5.0
Cami Burberow,Gregor Gomez,Determined,1,4.0
Cami Burberow,Gregor Gomez,Professional,1,6.0
Cami Burberow,Gregor Gomez,Studious,1,3.0
Cami Burberow,Gregor Gomez,Imaginative,1,5.0
Cami Burberow,Gregor Gomez,Analytic,2,5.0
Cami Burberow,Gregor Gomez,Independent,2,1.0
Cami Burberow,Gregor Gomez,Determined,2,3.0
Cami Burberow,Gregor Gomez,Professional,2,3.0
Cami Burberow,Gregor Gomez,Studious,2,6.0
Cami Burberow,Gregor Gomez,Imaginative,2,8.0
Cami Burberow,Gregor Gomez,Analytic,3,5.0
Cami Burberow,Gregor Gomez,Independent,3,3.0
Cami Burberow,Gregor Gomez,Determined,3,6.0
Cami Burberow,Gregor Gomez,Professional,3,3.0
Cami Burberow,Gregor Gomez,Studious,3,1.0
Cami Burberow,Gregor Gomez,Imaginative,3,4.0
Cami Burberow,Gregor Gomez,Analytic,4,7.0
Cami Burberow,Gregor Gomez,Independent,4,5.0
Cami Burberow,Gregor Gomez,Determined,4,8.0
Cami Burberow,Gregor Gomez,Professional,4,8.0
Cami Burberow,Gregor Gomez,Studious,4,8.0
Cami Burberow,Gregor Gomez,Imaginative,4,5.0
Cami Burberow,Gregor Gomez,Analytic,5,8.0
Cami Burberow,Gregor Gomez,Independent,5,6.0
Cami Burberow,Gregor Gomez,Determined,5,4.0
Cami Burberow,Gregor Gomez,Professional,5,8.0
Cami Burberow,Gregor Gomez,Studious,5,8.0
Cami Burberow,Gregor Gomez,Imaginative,5,5.0
Cami Burberow,Gregor Gomez,Analytic,6,8.0
Cami Burberow,Gregor Gomez,Independent,6,7.0
Cami Burberow,Gregor Gomez,Determined,6,6.0
Cami Burberow,Gregor Gomez,Professional,6,8.0
Cami Burberow,Gregor Gomez,Studious,6,7.0
Cami Burberow,Gregor Gomez,Imaginative,6,4.0
Cami Burberow,Gregor Gomez,Analytic,7,8.0
Cami Burberow,Gregor Gomez,Independent,7,8.0
Cami Burberow,Gregor Gomez,Determined,7,6.0
Cami Burberow,Gregor Gomez,Professional,7,8.0
Cami Burberow,Gregor Gomez,Studious,7,5.0
Cami Burberow,Gregor Gomez,Imaginative,7,8.0
Cami Burberow,Gregor Gomez,Analytic,8,4.0
Cami Burberow,Gregor Gomez,Independent,8,6.0
Cami Burberow,Gregor Gomez,Determined,8,5.0
Cami Burberow,Gregor Gomez,Professional,8,4.0
Cami Burberow,Gregor Gomez,Studious,8,8.0
Cami Burberow,Gregor Gomez,Imaginative,8,8.0
Gayla Bownas,Gregor Gomez,Analytic,1,3.0
Gayla Bownas,Gregor Gomez,Independent,1,3.0
Gayla Bownas,Gregor Gomez,Determined,1,4.0
Gayla Bownas,Gregor Gomez,Professional,1,4.0
Gayla Bownas,Gregor Gomez,Studious,1,3.0
Gayla Bownas,Gregor Gomez,Imaginative,1,3.0
Gayla Bownas,Gregor Gomez,Analytic,2,1.0
Gayla Bownas,Gregor Gomez,Independent,2,2.0
Gayla Bownas,Gregor Gomez,Determined,2,4.0
Gayla Bownas,Gregor Gomez,Professional,2,2.0
Gayla Bownas,Gregor Gomez,Studious,2,5.0
Gayla Bownas,Gregor Gomez,Imaginative,2,5.0
Gayla Bownas,Gregor Gomez,Analytic,3,1.0
Gayla Bownas,Gregor Gomez,Independent,3,2.0
Gayla Bownas,Gregor Gomez,Determined,3,7.0
Gayla Bownas,Gregor Gomez,Professional,3,2.0
Gayla Bownas,Gregor Gomez,Studious,3,3.0
Gayla Bownas,Gregor Gomez,Imaginative,3,2.0
Gayla Bownas,Gregor Gomez,Analytic,4,4.0
Gayla Bownas,Gregor Gomez,Independent,4,7.0
Gayla Bownas,Gregor Gomez,Determined,4,5.0
Gayla Bownas,Gregor Gomez,Professional,4,6.0
Gayla Bownas,Gregor Gomez,Studious,4,7.0
Gayla Bownas,Gregor Gomez,Imaginative,4,8.0
Gayla Bownas,Gregor Gomez,Analytic,5,8.0
Gayla Bownas,Gregor Gomez,Independent,5,7.0
Gayla Bownas,Gregor Gomez,Determined,5,7.0
Gayla Bownas,Gregor Gomez,Professional,5,6.0
Gayla Bownas,Gregor Gomez,Studious,5,6.0
Gayla Bownas,Gregor Gomez,Imaginative,5,2.0
Gayla Bownas,Gregor Gomez,Analytic,6,3.0
Gayla Bownas,Gregor Gomez,Independent,6,7.0
Gayla Bownas,Gregor Gomez,Determined,6,5.0
Gayla Bownas,Gregor Gomez,Professional,6,8.0
Gayla Bownas,Gregor Gomez,Studious,6,4.0
Gayla Bownas,Gregor Gomez,Imaginative,6,8.0
Gayla Bownas,Gregor Gomez,Analytic,7,6.0
Gayla Bownas,Gregor Gomez,Independent,7,8.0
Gayla Bownas,Gregor Gomez,Determined,7,4.0
Gayla Bownas,Gregor Gomez,Professional,7,5.0
Gayla Bownas,Gregor Gomez,Studious,7,4.0
Gayla Bownas,Gregor Gomez,Imaginative,7,8.0
Gayla Bownas,Gregor Gomez,Analytic,8,8.0
Gayla Bownas,Gregor Gomez,Independent,8,8.0
Gayla Bownas,Gregor Gomez,Determined,8,8.0
Gayla Bownas,Gregor Gomez,Professional,8,5.0
Gayla Bownas,Gregor Gomez,Studious,8,8.0
Gayla Bownas,Gregor Gomez,Imaginative,8,8.0
Latisha Ibel,Gregor Gomez,Analytic,1,2.0
Latisha Ibel,Gregor Gomez,Independent,1,3.0
Latisha Ibel,Gregor Gomez,Determined,1,5.0
Latisha Ibel,Gregor Gomez,Professional,1,4.0
Latisha Ibel,Gregor Gomez,Studious,1,6.0
Latisha Ibel,Gregor Gomez,Imaginative,1,3.0
Latisha Ibel,Gregor Gomez,Analytic,2,4.0
Latisha Ibel,Gregor Gomez,Independent,2,7.0
Latisha Ibel,Gregor Gomez,Determined,2,4.0
Latisha Ibel,Gregor Gomez,Professional,2,4.0
Latisha Ibel,Gregor Gomez,Studious,2,3.0
Latisha Ibel,Gregor Gomez,Imaginative,2,6.0
Latisha Ibel,Gregor Gomez,Analytic,3,1.0
Latisha Ibel,Gregor Gomez,Independent,3,3.0
Latisha Ibel,Gregor Gomez,Determined,3,4.0
Latisha Ibel,Gregor Gomez,Professional,3,3.0
Latisha Ibel,Gregor Gomez,Studious,3,2.0
Latisha Ibel,Gregor Gomez,Imaginative,3,5.0
Latisha Ibel,Gregor Gomez,Analytic,4,3.0
Latisha Ibel,Gregor Gomez,Independent,4,1.0
Latisha Ibel,Gregor Gomez,Determined,4,6.0
Latisha Ibel,Gregor Gomez,Professional,4,5.0
Latisha Ibel,Gregor Gomez,Studious,4,5.0
Latisha Ibel,Gregor Gomez,Imaginative,4,3.0
Latisha Ibel,Gregor Gomez,Analytic,5,4.0
Latisha Ibel,Gregor Gomez,Independent,5,3.0
Latisha Ibel,Gregor Gomez,Determined,5,5.0
Latisha Ibel,Gregor Gomez,Professional,5,8.0
Latisha Ibel,Gregor Gomez,Studious,5,8.0
Latisha Ibel,Gregor Gomez,Imaginative,5,5.0
Latisha Ibel,Gregor Gomez,Analytic,6,5.0
Latisha Ibel,Gregor Gomez,Independent,6,7.0
Latisha Ibel,Gregor Gomez,Determined,6,6.0
Latisha Ibel,Gregor Gomez,Professional,6,3.0
Latisha Ibel,Gregor Gomez,Studious,6,8.0
Latisha Ibel,Gregor Gomez,Imaginative,6,5.0
Latisha Ibel,Gregor Gomez,Analytic,7,6.0
Latisha Ibel,Gregor Gomez,Independent,7,5.0
Latisha Ibel,Gregor Gomez,Determined,7,8.0
Latisha Ibel,Gregor Gomez,Professional,7,8.0
Latisha Ibel,Gregor Gomez,Studious,7,7.0
Latisha Ibel,Gregor Gomez,Imaginative,7,7.0
Latisha Ibel,Gregor Gomez,Analytic,8,8.0
Latisha Ibel,Gregor Gomez,Independent,8,8.0
Latisha Ibel,Gregor Gomez,Determined,8,8.0
Latisha Ibel,Gregor Gomez,Professional,8,5.0
Latisha Ibel,Gregor Gomez,Studious,8,8.0
Latisha Ibel,Gregor Gomez,Imaginative,8,8.0
Darb Noor,Neil Mccarthy,Analytic,1,3.0
Darb Noor,Neil Mccarthy,Independent,1,6.0
Darb Noor,Neil Mccarthy,Determined,1,2.0
Darb Noor,Neil Mccarthy,Professional,1,4.0
Darb Noor,Neil Mccarthy,Studious,1,3.0
Darb Noor,Neil Mccarthy,Imaginative,1,2.0
Darb Noor,Neil Mccarthy,Analytic,2,1.0
Darb Noor,Neil Mccarthy,Independent,2,1.0
Darb Noor,Neil Mccarthy,Determined,2,2.0
Darb Noor,Neil Mccarthy,Professional,2,5.0
Darb Noor,Neil Mccarthy,Studious,2,4.0
Darb Noor,Neil Mccarthy,Imaginative,2,5.0
Darb Noor,Neil Mccarthy,Analytic,3,3.0
Darb Noor,Neil Mccarthy,Independent,3,5.0
Darb Noor,Neil Mccarthy,Determined,3,5.0
Darb Noor,Neil Mccarthy,Professional,3,2.0
Darb Noor,Neil Mccarthy,Studious,3,4.0
Darb Noor,Neil Mccarthy,Imaginative,3,1.0
Darb Noor,Neil Mccarthy,Analytic,4,5.0
Darb Noor,Neil Mccarthy,Independent,4,2.0
Darb Noor,Neil Mccarthy,Determined,4,7.0
Darb Noor,Neil Mccarthy,Professional,4,3.0
Darb Noor,Neil Mccarthy,Studious,4,4.0
Darb Noor,Neil Mccarthy,Imaginative,4,8.0
Darb Noor,Neil Mccarthy,Analytic,5,5.0
Darb Noor,Neil Mccarthy,Independent,5,4.0
Darb Noor,Neil Mccarthy,Determined,5,6.0
Darb Noor,Neil Mccarthy,Professional,5,4.0
Darb Noor,Neil Mccarthy,Studious,5,8.0
Darb Noor,Neil Mccarthy,Imaginative,5,5.0
Darb Noor,Neil Mccarthy,Analytic,6,2.0
Darb Noor,Neil Mccarthy,Independent,6,3.0
Darb Noor,Neil Mccarthy,Determined,6,8.0
Darb Noor,Neil Mccarthy,Professional,6,7.0
Darb Noor,Neil Mccarthy,Studious,6,8.0
Darb Noor,Neil Mccarthy,Imaginative,6,4.0
Darb Noor,Neil Mccarthy,Analytic,7,8.0
Darb Noor,Neil Mccarthy,Independent,7,8.0
Darb Noor,Neil Mccarthy,Determined,7,8.0
Darb Noor,Neil Mccarthy,Professional,7,8.0
Darb Noor,Neil Mccarthy,Studious,7,6.0
Darb Noor,Neil Mccarthy,Imaginative,7,8.0
Darb Noor,Neil Mccarthy,Analytic,8,8.0
Darb Noor,Neil Mccarthy,Independent,8,6.0
Darb Noor,Neil Mccarthy,Determined,8,8.0
Darb Noor,Neil Mccarthy,Professional,8,8.0
Darb Noor,Neil Mccarthy,Studious,8,8.0
Darb Noor,Neil Mccarthy,Imaginative,8,7.0
Adah Spencers,Neil Mccarthy,Analytic,1,5.0
Adah Spencers,Neil Mccarthy,Independent,1,3.0
Adah Spencers,Neil Mccarthy,Determined,1,2.0
Adah Spencers,Neil Mccarthy,Professional,1,5.0
Adah Spencers,Neil Mccarthy,Studious,1,4.0
Adah Spencers,Neil Mccarthy,Imaginative,1,3.0
Adah Spencers,Neil Mccarthy,Analytic,2,4.0
Adah Spencers,Neil Mccarthy,Independent,2,5.0
Adah Spencers,Neil Mccarthy,Determined,2,1.0
Adah Spencers,Neil Mccarthy,Professional,2,1.0
Adah Spencers,Neil Mccarthy,Studious,2,4.0
Adah Spencers,Neil Mccarthy,Imaginative,2,1.0
Adah Spencers,Neil Mccarthy,Analytic,3,6.0
Adah Spencers,Neil Mccarthy,Independent,3,3.0
Adah Spencers,Neil Mccarthy,Determined,3,1.0
Adah Spencers,Neil Mccarthy,Professional,3,7.0
Adah Spencers,Neil Mccarthy,Studious,3,2.0
Adah Spencers,Neil Mccarthy,Imaginative,3,2.0
Adah Spencers,Neil Mccarthy,Analytic,4,4.0
Adah Spencers,Neil Mccarthy,Independent,4,6.0
Adah Spencers,Neil Mccarthy,Determined,4,8.0
Adah Spencers,Neil Mccarthy,Professional,4,7.0
Adah Spencers,Neil Mccarthy,Studious,4,3.0
Adah Spencers,Neil Mccarthy,Imaginative,4,5.0
Adah Spencers,Neil Mccarthy,Analytic,5,2.0
Adah Spencers,Neil Mccarthy,Independent,5,5.0
Adah Spencers,Neil Mccarthy,Determined,5,8.0
Adah Spencers,Neil Mccarthy,Professional,5,3.0
Adah Spencers,Neil Mccarthy,Studious,5,3.0
Adah Spencers,Neil Mccarthy,Imaginative,5,5.0
Adah Spencers,Neil Mccarthy,Analytic,6,5.0
Adah Spencers,Neil Mccarthy,Independent,6,6.0
Adah Spencers,Neil Mccarthy,Determined,6,5.0
Adah Spencers,Neil Mccarthy,Professional,6,8.0
Adah Spencers,Neil Mccarthy,Studious,6,7.0
Adah Spencers,Neil Mccarthy,Imaginative,6,7.0
Adah Spencers,Neil Mccarthy,Analytic,7,7.0
Adah Spencers,Neil Mccarthy,Independent,7,7.0
Adah Spencers,Neil Mccarthy,Determined,7,7.0
Adah Spencers,Neil Mccarthy,Professional,7,8.0
Adah Spencers,Neil Mccarthy,Studious,7,8.0
Adah Spencers,Neil Mccarthy,Imaginative,7,8.0
Adah Spencers,Neil Mccarthy,Analytic,8,8.0
Adah Spencers,Neil Mccarthy,Independent,8,8.0
Adah Spencers,Neil Mccarthy,Determined,8,6.0
Adah Spencers,Neil Mccarthy,Professional,8,8.0
Adah Spencers,Neil Mccarthy,Studious,8,7.0
Adah Spencers,Neil Mccarthy,Imaginative,8,8.0
Kariotta Barense,Neil Mccarthy,Analytic,1,4.0
Kariotta Barense,Neil Mccarthy,Independent,1,4.0
Kariotta Barense,Neil Mccarthy,Determined,1,5.0
Kariotta Barense,Neil Mccarthy,Professional,1,2.0
Kariotta Barense,Neil Mccarthy,Studious,1,3.0
Kariotta Barense,Neil Mccarthy,Imaginative,1,1.0
Kariotta Barense,Neil Mccarthy,Analytic,2,2.0
Kariotta Barense,Neil Mccarthy,Independent,2,2.0
Kariotta Barense,Neil Mccarthy,Determined,2,3.0
Kariotta Barense,Neil Mccarthy,Professional,2,3.0
Kariotta Barense,Neil Mccarthy,Studious,2,6.0
Kariotta Barense,Neil Mccarthy,Imaginative,2,3.0
Kariotta Barense,Neil Mccarthy,Analytic,3,4.0
Kariotta Barense,Neil Mccarthy,Independent,3,4.0
Kariotta Barense,Neil Mccarthy,Determined,3,5.0
Kariotta Barense,Neil Mccarthy,Professional,3,5.0
Kariotta Barense,Neil Mccarthy,Studious,3,1.0
Kariotta Barense,Neil Mccarthy,Imaginative,3,4.0
Kariotta Barense,Neil Mccarthy,Analytic,4,8.0
Kariotta Barense,Neil Mccarthy,Independent,4,4.0
Kariotta Barense,Neil Mccarthy,Determined,4,7.0
Kariotta Barense,Neil Mccarthy,Professional,4,4.0
Kariotta Barense,Neil Mccarthy,Studious,4,8.0
Kariotta Barense,Neil Mccarthy,Imaginative,4,6.0
Kariotta Barense,Neil Mccarthy,Analytic,5,8.0
Kariotta Barense,Neil Mccarthy,Independent,5,7.0
Kariotta Barense,Neil Mccarthy,Determined,5,2.0
Kariotta Barense,Neil Mccarthy,Professional,5,7.0
Kariotta Barense,Neil Mccarthy,Studious,5,4.0
Kariotta Barense,Neil Mccarthy,Imaginative,5,3.0
Kariotta Barense,Neil Mccarthy,Analytic,6,5.0
Kariotta Barense,Neil Mccarthy,Independent,6,6.0
Kariotta Barense,Neil Mccarthy,Determined,6,8.0
Kariotta Barense,Neil Mccarthy,Professional,6,7.0
Kariotta Barense,Neil Mccarthy,Studious,6,5.0
Kariotta Barense,Neil Mccarthy,Imaginative,6,7.0
Kariotta Barense,Neil Mccarthy,Analytic,7,8.0
Kariotta Barense,Neil Mccarthy,Independent,7,5.0
Kariotta Barense,Neil Mccarthy,Determined,7,8.0
Kariotta Barense,Neil Mccarthy,Professional,7,7.0
Kariotta Barense,Neil Mccarthy,Studious,7,8.0
Kariotta Barense,Neil Mccarthy,Imaginative,7,8.0
Kariotta Barense,Neil Mccarthy,Analytic,8,8.0
Kariotta Barense,Neil Mccarthy,Independent,8,7.0
Kariotta Barense,Neil Mccarthy,Determined,8,8.0
Kariotta Barense,Neil Mccarthy,Professional,8,3.0
Kariotta Barense,Neil Mccarthy,Studious,8,5.0
Kariotta Barense,Neil Mccarthy,Imaginative,8,8.0
Biddy Rapps,Neil Mccarthy,Analytic,1,4.0
Biddy Rapps,Neil Mccarthy,Independent,1,4.0
Biddy Rapps,Neil Mccarthy,Determined,1,2.0
Biddy Rapps,Neil Mccarthy,Professional,1,5.0
Biddy Rapps,Neil Mccarthy,Studious,1,5.0
Biddy Rapps,Neil Mccarthy,Imaginative,1,5.0
Biddy Rapps,Neil Mccarthy,Analytic,2,4.0
Biddy Rapps,Neil Mccarthy,Independent,2,3.0
Biddy Rapps,Neil Mccarthy,Determined,2,6.0
Biddy Rapps,Neil Mccarthy,Professional,2,6.0
Biddy Rapps,Neil Mccarthy,Studious,2,2.0
Biddy Rapps,Neil Mccarthy,Imaginative,2,4.0
Biddy Rapps,Neil Mccarthy,Analytic,3,4.0
Biddy Rapps,Neil Mccarthy,Independent,3,4.0
Biddy Rapps,Neil Mccarthy,Determined,3,2.0
Biddy Rapps,Neil Mccarthy,Professional,3,5.0
Biddy Rapps,Neil Mccarthy,Studious,3,3.0
Biddy Rapps,Neil Mccarthy,Imaginative,3,3.0
Biddy Rapps,Neil Mccarthy,Analytic,4,5.0
Biddy Rapps,Neil Mccarthy,Independent,4,8.0
Biddy Rapps,Neil Mccarthy,Determined,4,6.0
Biddy Rapps,Neil Mccarthy,Professional,4,5.0
Biddy Rapps,Neil Mccarthy,Studious,4,6.0
Biddy Rapps,Neil Mccarthy,Imaginative,4,4.0
Biddy Rapps,Neil Mccarthy,Analytic,5,7.0
Biddy Rapps,Neil Mccarthy,Independent,5,3.0
Biddy Rapps,Neil Mccarthy,Determined,5,3.0
Biddy Rapps,Neil Mccarthy,Professional,5,3.0
Biddy Rapps,Neil Mccarthy,Studious,5,4.0
Biddy Rapps,Neil Mccarthy,Imaginative,5,7.0
Biddy Rapps,Neil Mccarthy,Analytic,6,3.0
Biddy Rapps,Neil Mccarthy,Independent,6,7.0
Biddy Rapps,Neil Mccarthy,Determined,6,8.0
Biddy Rapps,Neil Mccarthy,Professional,6,5.0
Biddy Rapps,Neil Mccarthy,Studious,6,5.0
Biddy Rapps,Neil Mccarthy,Imaginative,6,6.0
Biddy Rapps,Neil Mccarthy,Analytic,7,7.0
Biddy Rapps,Neil Mccarthy,Independent,7,6.0
Biddy Rapps,Neil Mccarthy,Determined,7,8.0
Biddy Rapps,Neil Mccarthy,Professional,7,8.0
Biddy Rapps,Neil Mccarthy,Studious,7,8.0
Biddy Rapps,Neil Mccarthy,Imaginative,7,7.0
Biddy Rapps,Neil Mccarthy,Analytic,8,5.0
Biddy Rapps,Neil Mccarthy,Independent,8,5.0
Biddy Rapps,Neil Mccarthy,Determined,8,8.0
Biddy Rapps,Neil Mccarthy,Professional,8,5.0
Biddy Rapps,Neil Mccarthy,Studious,8,8.0
Biddy Rapps,Neil Mccarthy,Imaginative,8,8.0
Thatcher Frankish,Neil Mccarthy,Analytic,1,3.0
Thatcher Frankish,Neil Mccarthy,Independent,1,3.0
Thatcher Frankish,Neil Mccarthy,Determined,1,1.0
Thatcher Frankish,Neil Mccarthy,Professional,1,3.0
Thatcher Frankish,Neil Mccarthy,Studious,1,1.0
Thatcher Frankish,Neil Mccarthy,Imaginative,1,6.0
Thatcher Frankish,Neil Mccarthy,Analytic,2,3.0
Thatcher Frankish,Neil Mccarthy,Independent,2,1.0
Thatcher Frankish,Neil Mccarthy,Determined,2,4.0
Thatcher Frankish,Neil Mccarthy,Professional,2,2.0
Thatcher Frankish,Neil Mccarthy,Studious,2,2.0
Thatcher Frankish,Neil Mccarthy,Imaginative,2,1.0
Thatcher Frankish,Neil Mccarthy,Analytic,3,4.0
Thatcher Frankish,Neil Mccarthy,Independent,3,4.0
Thatcher Frankish,Neil Mccarthy,Determined,3,3.0
Thatcher Frankish,Neil Mccarthy,Professional,3,6.0
Thatcher Frankish,Neil Mccarthy,Studious,3,4.0
Thatcher Frankish,Neil Mccarthy,Imaginative,3,3.0
Thatcher Frankish,Neil Mccarthy,Analytic,4,3.0
Thatcher Frankish,Neil Mccarthy,Independent,4,7.0
Thatcher Frankish,Neil Mccarthy,Determined,4,3.0
Thatcher Frankish,Neil Mccarthy,Professional,4,4.0
Thatcher Frankish,Neil Mccarthy,Studious,4,5.0
Thatcher Frankish,Neil Mccarthy,Imaginative,4,4.0
Thatcher Frankish,Neil Mccarthy,Analytic,5,8.0
Thatcher Frankish,Neil Mccarthy,Independent,5,4.0
Thatcher Frankish,Neil Mccarthy,Determined,5,7.0
Thatcher Frankish,Neil Mccarthy,Professional,5,6.0
Thatcher Frankish,Neil Mccarthy,Studious,5,4.0
Thatcher Frankish,Neil Mccarthy,Imaginative,5,4.0
Thatcher Frankish,Neil Mccarthy,Analytic,6,6.0
Thatcher Frankish,Neil Mccarthy,Independent,6,3.0
Thatcher Frankish,Neil Mccarthy,Determined,6,8.0
Thatcher Frankish,Neil Mccarthy,Professional,6,6.0
Thatcher Frankish,Neil Mccarthy,Studious,6,3.0
Thatcher Frankish,Neil Mccarthy,Imaginative,6,3.0
Thatcher Frankish,Neil Mccarthy,Analytic,7,7.0
Thatcher Frankish,Neil Mccarthy,Independent,7,5.0
Thatcher Frankish,Neil Mccarthy,Determined,7,7.0
Thatcher Frankish,Neil Mccarthy,Professional,7,8.0
Thatcher Frankish,Neil Mccarthy,Studious,7,8.0
Thatcher Frankish,Neil Mccarthy,Imaginative,7,8.0
Thatcher Frankish,Neil Mccarthy,Analytic,8,8.0
Thatcher Frankish,Neil Mccarthy,Independent,8,8.0
Thatcher Frankish,Neil Mccarthy,Determined,8,6.0
Thatcher Frankish,Neil Mccarthy,Professional,8,6.0
Thatcher Frankish,Neil Mccarthy,Studious,8,7.0
Thatcher Frankish,Neil Mccarthy,Imaginative,8,8.0
Idelle Kidstoun,Neil Mccarthy,Analytic,1,4.0
Idelle Kidstoun,Neil Mccarthy,Independent,1,2.0
Idelle Kidstoun,Neil Mccarthy,Determined,1,3.0
Idelle Kidstoun,Neil Mccarthy,Professional,1,3.0
Idelle Kidstoun,Neil Mccarthy,Studious,1,1.0
Idelle Kidstoun,Neil Mccarthy,Imaginative,1,4.0
Idelle Kidstoun,Neil Mccarthy,Analytic,2,1.0
Idelle Kidstoun,Neil Mccarthy,Independent,2,6.0
Idelle Kidstoun,Neil Mccarthy,Determined,2,3.0
Idelle Kidstoun,Neil Mccarthy,Professional,2,2.0
Idelle Kidstoun,Neil Mccarthy,Studious,2,3.0
Idelle Kidstoun,Neil Mccarthy,Imaginative,2,3.0
Idelle Kidstoun,Neil Mccarthy,Analytic,3,3.0
Idelle Kidstoun,Neil Mccarthy,Independent,3,3.0
Idelle Kidstoun,Neil Mccarthy,Determined,3,1.0
Idelle Kidstoun,Neil Mccarthy,Professional,3,3.0
Idelle Kidstoun,Neil Mccarthy,Studious,3,3.0
Idelle Kidstoun,Neil Mccarthy,Imaginative,3,1.0
Idelle Kidstoun,Neil Mccarthy,Analytic,4,3.0
Idelle Kidstoun,Neil Mccarthy,Independent,4,4.0
Idelle Kidstoun,Neil Mccarthy,Determined,4,8.0
Idelle Kidstoun,Neil Mccarthy,Professional,4,2.0
Idelle Kidstoun,Neil Mccarthy,Studious,4,2.0
Idelle Kidstoun,Neil Mccarthy,Imaginative,4,8.0
Idelle Kidstoun,Neil Mccarthy,Analytic,5,5.0
Idelle Kidstoun,Neil Mccarthy,Independent,5,6.0
Idelle Kidstoun,Neil Mccarthy,Determined,5,3.0
Idelle Kidstoun,Neil Mccarthy,Professional,5,7.0
Idelle Kidstoun,Neil Mccarthy,Studious,5,8.0
Idelle Kidstoun,Neil Mccarthy,Imaginative,5,4.0
Idelle Kidstoun,Neil Mccarthy,Analytic,6,7.0
Idelle Kidstoun,Neil Mccarthy,Independent,6,4.0
Idelle Kidstoun,Neil Mccarthy,Determined,6,5.0
Idelle Kidstoun,Neil Mccarthy,Professional,6,3.0
Idelle Kidstoun,Neil Mccarthy,Studious,6,8.0
Idelle Kidstoun,Neil Mccarthy,Imaginative,6,3.0
Idelle Kidstoun,Neil Mccarthy,Analytic,7,8.0
Idelle Kidstoun,Neil Mccarthy,Independent,7,1.0
Idelle Kidstoun,Neil Mccarthy,Determined,7,8.0
Idelle Kidstoun,Neil Mccarthy,Professional,7,8.0
Idelle Kidstoun,Neil Mccarthy,Studious,7,6.0
Idelle Kidstoun,Neil Mccarthy,Imaginative,7,5.0
Idelle Kidstoun,Neil Mccarthy,Analytic,8,8.0
Idelle Kidstoun,Neil Mccarthy,Independent,8,7.0
Idelle Kidstoun,Neil Mccarthy,Determined,8,5.0
Idelle Kidstoun,Neil Mccarthy,Professional,8,5.0
Idelle Kidstoun,Neil Mccarthy,Studious,8,6.0
Idelle Kidstoun,Neil Mccarthy,Imaginative,8,7.0
Bailey Antrim,Neil Mccarthy,Analytic,1,2.0
Bailey Antrim,Neil Mccarthy,Independent,1,4.0
Bailey Antrim,Neil Mccarthy,Determined,1,4.0
Bailey Antrim,Neil Mccarthy,Professional,1,4.0
Bailey Antrim,Neil Mccarthy,Studious,1,5.0
Bailey Antrim,Neil Mccarthy,Imaginative,1,6.0
Bailey Antrim,Neil Mccarthy,Analytic,2,4.0
Bailey Antrim,Neil Mccarthy,Independent,2,2.0
Bailey Antrim,Neil Mccarthy,Determined,2,4.0
Bailey Antrim,Neil Mccarthy,Professional,2,2.0
Bailey Antrim,Neil Mccarthy,Studious,2,4.0
Bailey Antrim,Neil Mccarthy,Imaginative,2,2.0
Bailey Antrim,Neil Mccarthy,Analytic,3,4.0
Bailey Antrim,Neil Mccarthy,Independent,3,6.0
Bailey Antrim,Neil Mccarthy,Determined,3,2.0
Bailey Antrim,Neil Mccarthy,Professional,3,4.0
Bailey Antrim,Neil Mccarthy,Studious,3,6.0
Bailey Antrim,Neil Mccarthy,Imaginative,3,3.0
Bailey Antrim,Neil Mccarthy,Analytic,4,5.0
Bailey Antrim,Neil Mccarthy,Independent,4,4.0
Bailey Antrim,Neil Mccarthy,Determined,4,3.0
Bailey Antrim,Neil Mccarthy,Professional,4,2.0
Bailey Antrim,Neil Mccarthy,Studious,4,8.0
Bailey Antrim,Neil Mccarthy,Imaginative,4,4.0
Bailey Antrim,Neil Mccarthy,Analytic,5,4.0
Bailey Antrim,Neil Mccarthy,Independent,5,8.0
Bailey Antrim,Neil Mccarthy,Determined,5,1.0
Bailey Antrim,Neil Mccarthy,Professional,5,8.0
Bailey Antrim,Neil Mccarthy,Studious,5,2.0
Bailey Antrim,Neil Mccarthy,Imaginative,5,3.0
Bailey Antrim,Neil Mccarthy,Analytic,6,4.0
Bailey Antrim,Neil Mccarthy,Independent,6,2.0
Bailey Antrim,Neil Mccarthy,Determined,6,4.0
Bailey Antrim,Neil Mccarthy,Professional,6,2.0
Bailey Antrim,Neil Mccarthy,Studious,6,3.0
Bailey Antrim,Neil Mccarthy,Imaginative,6,2.0
Bailey Antrim,Neil Mccarthy,Analytic,7,8.0
Bailey Antrim,Neil Mccarthy,Independent,7,7.0
Bailey Antrim,Neil Mccarthy,Determined,7,7.0
Bailey Antrim,Neil Mccarthy,Professional,7,8.0
Bailey Antrim,Neil Mccarthy,Studious,7,7.0
Bailey Antrim,Neil Mccarthy,Imaginative,7,5.0
Bailey Antrim,Neil Mccarthy,Analytic,8,5.0
Bailey Antrim,Neil Mccarthy,Independent,8,6.0
Bailey Antrim,Neil Mccarthy,Determined,8,6.0
Bailey Antrim,Neil Mccarthy,Professional,8,3.0
Bailey Antrim,Neil Mccarthy,Studious,8,8.0
Bailey Antrim,Neil Mccarthy,Imaginative,8,6.0
William Dryden,Neil Mccarthy,Analytic,1,2.0
William Dryden,Neil Mccarthy,Independent,1,4.0
William Dryden,Neil Mccarthy,Determined,1,2.0
William Dryden,Neil Mccarthy,Professional,1,2.0
William Dryden,Neil Mccarthy,Studious,1,4.0
William Dryden,Neil Mccarthy,Imaginative,1,4.0
William Dryden,Neil Mccarthy,Analytic,2,1.0
William Dryden,Neil Mccarthy,Independent,2,2.0
William Dryden,Neil Mccarthy,Determined,2,3.0
William Dryden,Neil Mccarthy,Professional,2,2.0
William Dryden,Neil Mccarthy,Studious,2,3.0
William Dryden,Neil Mccarthy,Imaginative,2,2.0
William Dryden,Neil Mccarthy,Analytic,3,6.0
William Dryden,Neil Mccarthy,Independent,3,3.0
William Dryden,Neil Mccarthy,Determined,3,2.0
William Dryden,Neil Mccarthy,Professional,3,7.0
William Dryden,Neil Mccarthy,Studious,3,6.0
William Dryden,Neil Mccarthy,Imaginative,3,2.0
William Dryden,Neil Mccarthy,Analytic,4,6.0
William Dryden,Neil Mccarthy,Independent,4,8.0
William Dryden,Neil Mccarthy,Determined,4,5.0
William Dryden,Neil Mccarthy,Professional,4,3.0
William Dryden,Neil Mccarthy,Studious,4,3.0
William Dryden,Neil Mccarthy,Imaginative,4,8.0
William Dryden,Neil Mccarthy,Analytic,5,8.0
William Dryden,Neil Mccarthy,Independent,5,8.0
William Dryden,Neil Mccarthy,Determined,5,7.0
William Dryden,Neil Mccarthy,Professional,5,5.0
William Dryden,Neil Mccarthy,Studious,5,6.0
William Dryden,Neil Mccarthy,Imaginative,5,5.0
William Dryden,Neil Mccarthy,Analytic,6,4.0
William Dryden,Neil Mccarthy,Independent,6,4.0
William Dryden,Neil Mccarthy,Determined,6,8.0
William Dryden,Neil Mccarthy,Professional,6,7.0
William Dryden,Neil Mccarthy,Studious,6,3.0
William Dryden,Neil Mccarthy,Imaginative,6,6.0
William Dryden,Neil Mccarthy,Analytic,7,6.0
William Dryden,Neil Mccarthy,Independent,7,7.0
William Dryden,Neil Mccarthy,Determined,7,8.0
William Dryden,Neil Mccarthy,Professional,7,8.0
William Dryden,Neil Mccarthy,Studious,7,6.0
William Dryden,Neil Mccarthy,Imaginative,7,8.0
William Dryden,Neil Mccarthy,Analytic,8,8.0
William Dryden,Neil Mccarthy,Independent,8,5.0
William Dryden,Neil Mccarthy,Determined,8,8.0
William Dryden,Neil Mccarthy,Professional,8,7.0
William Dryden,Neil Mccarthy,Studious,8,8.0
William Dryden,Neil Mccarthy,Imaginative,8,7.0
Dean Burnup,Neil Mccarthy,Analytic,1,1.0
Dean Burnup,Neil Mccarthy,Independent,1,4.0
Dean Burnup,Neil Mccarthy,Determined,1,2.0
Dean Burnup,Neil Mccarthy,Professional,1,3.0
Dean Burnup,Neil Mccarthy,Studious,1,2.0
Dean Burnup,Neil Mccarthy,Imaginative,1,2.0
Dean Burnup,Neil Mccarthy,Analytic,2,2.0
Dean Burnup,Neil Mccarthy,Independent,2,3.0
Dean Burnup,Neil Mccarthy,Determined,2,1.0
Dean Burnup,Neil Mccarthy,Professional,2,1.0
Dean Burnup,Neil Mccarthy,Studious,2,1.0
Dean Burnup,Neil Mccarthy,Imaginative,2,3.0
Burtie Garfitt,Neil Mccarthy,Analytic,1,1.0
Burtie Garfitt,Neil Mccarthy,Independent,1,1.0
Burtie Garfitt,Neil Mccarthy,Determined,1,5.0
Burtie Garfitt,Neil Mccarthy,Professional,1,5.0
Burtie Garfitt,Neil Mccarthy,Studious,1,5.0
Burtie Garfitt,Neil Mccarthy,Imaginative,1,3.0
Burtie Garfitt,Neil Mccarthy,Analytic,2,3.0
Burtie Garfitt,Neil Mccarthy,Independent,2,3.0
Burtie Garfitt,Neil Mccarthy,Determined,2,1.0
Burtie Garfitt,Neil Mccarthy,Professional,2,4.0
Burtie Garfitt,Neil Mccarthy,Studious,2,2.0
Burtie Garfitt,Neil Mccarthy,Imaginative,2,5.0
Burtie Garfitt,Neil Mccarthy,Analytic,3,6.0
Burtie Garfitt,Neil Mccarthy,Independent,3,1.0
Burtie Garfitt,Neil Mccarthy,Determined,3,2.0
Burtie Garfitt,Neil Mccarthy,Professional,3,5.0
Burtie Garfitt,Neil Mccarthy,Studious,3,1.0
Burtie Garfitt,Neil Mccarthy,Imaginative,3,1.0
Burtie Garfitt,Neil Mccarthy,Analytic,4,6.0
Burtie Garfitt,Neil Mccarthy,Independent,4,6.0
Burtie Garfitt,Neil Mccarthy,Determined,4,7.0
Burtie Garfitt,Neil Mccarthy,Professional,4,4.0
Burtie Garfitt,Neil Mccarthy,Studious,4,5.0
Burtie Garfitt,Neil Mccarthy,Imaginative,4,3.0
Burtie Garfitt,Neil Mccarthy,Analytic,5,7.0
Burtie Garfitt,Neil Mccarthy,Independent,5,6.0
Burtie Garfitt,Neil Mccarthy,Determined,5,5.0
Burtie Garfitt,Neil Mccarthy,Professional,5,4.0
Burtie Garfitt,Neil Mccarthy,Studious,5,6.0
Burtie Garfitt,Neil Mccarthy,Imaginative,5,5.0
Burtie Garfitt,Neil Mccarthy,Analytic,6,5.0
Burtie Garfitt,Neil Mccarthy,Independent,6,6.0
Burtie Garfitt,Neil Mccarthy,Determined,6,6.0
Burtie Garfitt,Neil Mccarthy,Professional,6,7.0
Burtie Garfitt,Neil Mccarthy,Studious,6,6.0
Burtie Garfitt,Neil Mccarthy,Imaginative,6,8.0
Burtie Garfitt,Neil Mccarthy,Analytic,7,8.0
Burtie Garfitt,Neil Mccarthy,Independent,7,4.0
Burtie Garfitt,Neil Mccarthy,Determined,7,7.0
Burtie Garfitt,Neil Mccarthy,Professional,7,8.0
Burtie Garfitt,Neil Mccarthy,Studious,7,8.0
Burtie Garfitt,Neil Mccarthy,Imaginative,7,8.0
Burtie Garfitt,Neil Mccarthy,Analytic,8,7.0
Burtie Garfitt,Neil Mccarthy,Independent,8,8.0
Burtie Garfitt,Neil Mccarthy,Determined,8,7.0
Burtie Garfitt,Neil Mccarthy,Professional,8,8.0
Burtie Garfitt,Neil Mccarthy,Studious,8,5.0
Burtie Garfitt,Neil Mccarthy,Imaginative,8,8.0
Maggy Clapison,Neil Mccarthy,Analytic,1,2.0
Maggy Clapison,Neil Mccarthy,Independent,1,4.0
Maggy Clapison,Neil Mccarthy,Determined,1,1.0
Maggy Clapison,Neil Mccarthy,Professional,1,2.0
Maggy Clapison,Neil Mccarthy,Studious,1,2.0
Maggy Clapison,Neil Mccarthy,Imaginative,1,4.0
Maggy Clapison,Neil Mccarthy,Analytic,2,2.0
Maggy Clapison,Neil Mccarthy,Independent,2,4.0
Maggy Clapison,Neil Mccarthy,Determined,2,1.0
Maggy Clapison,Neil Mccarthy,Professional,2,2.0
Maggy Clapison,Neil Mccarthy,Studious,2,2.0
Maggy Clapison,Neil Mccarthy,Imaginative,2,4.0
Maggy Clapison,Neil Mccarthy,Analytic,3,7.0
Maggy Clapison,Neil Mccarthy,Independent,3,5.0
Maggy Clapison,Neil Mccarthy,Determined,3,3.0
Maggy Clapison,Neil Mccarthy,Professional,3,5.0
Maggy Clapison,Neil Mccarthy,Studious,3,1.0
Maggy Clapison,Neil Mccarthy,Imaginative,3,4.0
Maggy Clapison,Neil Mccarthy,Analytic,4,6.0
Maggy Clapison,Neil Mccarthy,Independent,4,7.0
Maggy Clapison,Neil Mccarthy,Determined,4,7.0
Maggy Clapison,Neil Mccarthy,Professional,4,6.0
Maggy Clapison,Neil Mccarthy,Studious,4,8.0
Maggy Clapison,Neil Mccarthy,Imaginative,4,3.0
Maggy Clapison,Neil Mccarthy,Analytic,5,7.0
Maggy Clapison,Neil Mccarthy,Independent,5,4.0
Maggy Clapison,Neil Mccarthy,Determined,5,8.0
Maggy Clapison,Neil Mccarthy,Professional,5,8.0
Maggy Clapison,Neil Mccarthy,Studious,5,8.0
Maggy Clapison,Neil Mccarthy,Imaginative,5,8.0
Maggy Clapison,Neil Mccarthy,Analytic,6,4.0
Maggy Clapison,Neil Mccarthy,Independent,6,4.0
Maggy Clapison,Neil Mccarthy,Determined,6,4.0
Maggy Clapison,Neil Mccarthy,Professional,6,6.0
Maggy Clapison,Neil Mccarthy,Studious,6,7.0
Maggy Clapison,Neil Mccarthy,Imaginative,6,8.0
Maggy Clapison,Neil Mccarthy,Analytic,7,8.0
Maggy Clapison,Neil Mccarthy,Independent,7,8.0
Maggy Clapison,Neil Mccarthy,Determined,7,5.0
Maggy Clapison,Neil Mccarthy,Professional,7,8.0
Maggy Clapison,Neil Mccarthy,Studious,7,8.0
Maggy Clapison,Neil Mccarthy,Imaginative,7,6.0
Maggy Clapison,Neil Mccarthy,Analytic,8,4.0
Maggy Clapison,Neil Mccarthy,Independent,8,8.0
Maggy Clapison,Neil Mccarthy,Determined,8,8.0
Maggy Clapison,Neil Mccarthy,Professional,8,4.0
Maggy Clapison,Neil Mccarthy,Studious,8,4.0
Maggy Clapison,Neil Mccarthy,Imaginative,8,8.0
Julia Llorens,Neil Mccarthy,Analytic,1,5.0
Julia Llorens,Neil Mccarthy,Independent,1,7.0
Julia Llorens,Neil Mccarthy,Determined,1,3.0
Julia Llorens,Neil Mccarthy,Professional,1,2.0
Julia Llorens,Neil Mccarthy,Studious,1,2.0
Julia Llorens,Neil Mccarthy,Imaginative,1,3.0
Julia Llorens,Neil Mccarthy,Analytic,2,2.0
Julia Llorens,Neil Mccarthy,Independent,2,1.0
Julia Llorens,Neil Mccarthy,Determined,2,1.0
Julia Llorens,Neil Mccarthy,Professional,2,5.0
Julia Llorens,Neil Mccarthy,Studious,2,2.0
Julia Llorens,Neil Mccarthy,Imaginative,2,2.0
Julia Llorens,Neil Mccarthy,Analytic,3,1.0
Julia Llorens,Neil Mccarthy,Independent,3,2.0
Julia Llorens,Neil Mccarthy,Determined,3,4.0
Julia Llorens,Neil Mccarthy,Professional,3,1.0
Julia Llorens,Neil Mccarthy,Studious,3,4.0
Julia Llorens,Neil Mccarthy,Imaginative,3,2.0
Julia Llorens,Neil Mccarthy,Analytic,4,8.0
Julia Llorens,Neil Mccarthy,Independent,4,8.0
Julia Llorens,Neil Mccarthy,Determined,4,8.0
Julia Llorens,Neil Mccarthy,Professional,4,4.0
Julia Llorens,Neil Mccarthy,Studious,4,8.0
Julia Llorens,Neil Mccarthy,Imaginative,4,4.0
Julia Llorens,Neil Mccarthy,Analytic,5,6.0
Julia Llorens,Neil Mccarthy,Independent,5,7.0
Julia Llorens,Neil Mccarthy,Determined,5,7.0
Julia Llorens,Neil Mccarthy,Professional,5,7.0
Julia Llorens,Neil Mccarthy,Studious,5,6.0
Julia Llorens,Neil Mccarthy,Imaginative,5,5.0
Julia Llorens,Neil Mccarthy,Analytic,6,6.0
Julia Llorens,Neil Mccarthy,Independent,6,3.0
Julia Llorens,Neil Mccarthy,Determined,6,8.0
Julia Llorens,Neil Mccarthy,Professional,6,7.0
Julia Llorens,Neil Mccarthy,Studious,6,7.0
Julia Llorens,Neil Mccarthy,Imaginative,6,4.0
Julia Llorens,Neil Mccarthy,Analytic,7,8.0
Julia Llorens,Neil Mccarthy,Independent,7,5.0
Julia Llorens,Neil Mccarthy,Determined,7,3.0
Julia Llorens,Neil Mccarthy,Professional,7,8.0
Julia Llorens,Neil Mccarthy,Studious,7,8.0
Julia Llorens,Neil Mccarthy,Imaginative,7,8.0
Julia Llorens,Neil Mccarthy,Analytic,8,8.0
Julia Llorens,Neil Mccarthy,Independent,8,8.0
Julia Llorens,Neil Mccarthy,Determined,8,8.0
Julia Llorens,Neil Mccarthy,Professional,8,6.0
Julia Llorens,Neil Mccarthy,Studious,8,8.0
Julia Llorens,Neil Mccarthy,Imaginative,8,8.0
Sanford Larking,Rachel Richard,Analytic,1,3.0
Sanford Larking,Rachel Richard,Independent,1,2.0
Sanford Larking,Rachel Richard,Determined,1,3.0
Sanford Larking,Rachel Richard,Professional,1,4.0
Sanford Larking,Rachel Richard,Studious,1,2.0
Sanford Larking,Rachel Richard,Imaginative,1,1.0
Sanford Larking,Rachel Richard,Analytic,2,2.0
Sanford Larking,Rachel Richard,Independent,2,2.0
Sanford Larking,Rachel Richard,Determined,2,4.0
Sanford Larking,Rachel Richard,Professional,2,3.0
Sanford Larking,Rachel Richard,Studious,2,1.0
Sanford Larking,Rachel Richard,Imaginative,2,1.0
Sanford Larking,Rachel Richard,Analytic,3,4.0
Sanford Larking,Rachel Richard,Independent,3,5.0
Sanford Larking,Rachel Richard,Determined,3,3.0
Sanford Larking,Rachel Richard,Professional,3,1.0
Sanford Larking,Rachel Richard,Studious,3,3.0
Sanford Larking,Rachel Richard,Imaginative,3,3.0
Sanford Larking,Rachel Richard,Analytic,4,3.0
Sanford Larking,Rachel Richard,Independent,4,6.0
Sanford Larking,Rachel Richard,Determined,4,8.0
Sanford Larking,Rachel Richard,Professional,4,5.0
Sanford Larking,Rachel Richard,Studious,4,8.0
Sanford Larking,Rachel Richard,Imaginative,4,5.0
Sanford Larking,Rachel Richard,Analytic,5,8.0
Sanford Larking,Rachel Richard,Independent,5,4.0
Sanford Larking,Rachel Richard,Determined,5,4.0
Sanford Larking,Rachel Richard,Professional,5,5.0
Sanford Larking,Rachel Richard,Studious,5,8.0
Sanford Larking,Rachel Richard,Imaginative,5,8.0
Sanford Larking,Rachel Richard,Analytic,6,6.0
Sanford Larking,Rachel Richard,Independent,6,8.0
Sanford Larking,Rachel Richard,Determined,6,5.0
Sanford Larking,Rachel Richard,Professional,6,3.0
Sanford Larking,Rachel Richard,Studious,6,7.0
Sanford Larking,Rachel Richard,Imaginative,6,8.0
Sanford Larking,Rachel Richard,Analytic,7,8.0
Sanford Larking,Rachel Richard,Independent,7,8.0
Sanford Larking,Rachel Richard,Determined,7,8.0
Sanford Larking,Rachel Richard,Professional,7,8.0
Sanford Larking,Rachel Richard,Studious,7,8.0
Sanford Larking,Rachel Richard,Imaginative,7,4.0
Sanford Larking,Rachel Richard,Analytic,8,8.0
Sanford Larking,Rachel Richard,Independent,8,8.0
Sanford Larking,Rachel Richard,Determined,8,8.0
Sanford Larking,Rachel Richard,Professional,8,8.0
Sanford Larking,Rachel Richard,Studious,8,8.0
Sanford Larking,Rachel Richard,Imaginative,8,8.0
Ulrika Lemerie,Rachel Richard,Analytic,1,6.0
Ulrika Lemerie,Rachel Richard,Independent,1,1.0
Ulrika Lemerie,Rachel Richard,Determined,1,3.0
Ulrika Lemerie,Rachel Richard,Professional,1,1.0
Ulrika Lemerie,Rachel Richard,Studious,1,2.0
Ulrika Lemerie,Rachel Richard,Imaginative,1,2.0
Ulrika Lemerie,Rachel Richard,Analytic,2,2.0
Ulrika Lemerie,Rachel Richard,Independent,2,3.0
Ulrika Lemerie,Rachel Richard,Determined,2,4.0
Ulrika Lemerie,Rachel Richard,Professional,2,2.0
Ulrika Lemerie,Rachel Richard,Studious,2,2.0
Ulrika Lemerie,Rachel Richard,Imaginative,2,3.0
Ulrika Lemerie,Rachel Richard,Analytic,3,3.0
Ulrika Lemerie,Rachel Richard,Independent,3,5.0
Ulrika Lemerie,Rachel Richard,Determined,3,2.0
Ulrika Lemerie,Rachel Richard,Professional,3,3.0
Ulrika Lemerie,Rachel Richard,Studious,3,3.0
Ulrika Lemerie,Rachel Richard,Imaginative,3,1.0
Ulrika Lemerie,Rachel Richard,Analytic,4,1.0
Ulrika Lemerie,Rachel Richard,Independent,4,5.0
Ulrika Lemerie,Rachel Richard,Determined,4,7.0
Ulrika Lemerie,Rachel Richard,Professional,4,8.0
Ulrika Lemerie,Rachel Richard,Studious,4,4.0
Ulrika Lemerie,Rachel Richard,Imaginative,4,8.0
Ulrika Lemerie,Rachel Richard,Analytic,5,2.0
Ulrika Lemerie,Rachel Richard,Independent,5,3.0
Ulrika Lemerie,Rachel Richard,Determined,5,8.0
Ulrika Lemerie,Rachel Richard,Professional,5,8.0
Ulrika Lemerie,Rachel Richard,Studious,5,1.0
Ulrika Lemerie,Rachel Richard,Imaginative,5,8.0
Ulrika Lemerie,Rachel Richard,Analytic,6,7.0
Ulrika Lemerie,Rachel Richard,Independent,6,2.0
Ulrika Lemerie,Rachel Richard,Determined,6,6.0
Ulrika Lemerie,Rachel Richard,Professional,6,4.0
Ulrika Lemerie,Rachel Richard,Studious,6,6.0
Ulrika Lemerie,Rachel Richard,Imaginative,6,3.0
Ulrika Lemerie,Rachel Richard,Analytic,7,8.0
Ulrika Lemerie,Rachel Richard,Independent,7,7.0
Ulrika Lemerie,Rachel Richard,Determined,7,4.0
Ulrika Lemerie,Rachel Richard,Professional,7,8.0
Ulrika Lemerie,Rachel Richard,Studious,7,8.0
Ulrika Lemerie,Rachel Richard,Imaginative,7,8.0
Ulrika Lemerie,Rachel Richard,Analytic,8,8.0
Ulrika Lemerie,Rachel Richard,Independent,8,8.0
Ulrika Lemerie,Rachel Richard,Determined,8,8.0
Ulrika Lemerie,Rachel Richard,Professional,8,6.0
Ulrika Lemerie,Rachel Richard,Studious,8,6.0
Ulrika Lemerie,Rachel Richard,Imaginative,8,4.0
Alidia Govett,Rachel Richard,Analytic,1,3.0
Alidia Govett,Rachel Richard,Independent,1,5.0
Alidia Govett,Rachel Richard,Determined,1,7.0
Alidia Govett,Rachel Richard,Professional,1,3.0
Alidia Govett,Rachel Richard,Studious,1,3.0
Alidia Govett,Rachel Richard,Imaginative,1,3.0
Alidia Govett,Rachel Richard,Analytic,2,3.0
Alidia Govett,Rachel Richard,Independent,2,4.0
Alidia Govett,Rachel Richard,Determined,2,6.0
Alidia Govett,Rachel Richard,Professional,2,1.0
Alidia Govett,Rachel Richard,Studious,2,2.0
Alidia Govett,Rachel Richard,Imaginative,2,2.0
Alidia Govett,Rachel Richard,Analytic,3,2.0
Alidia Govett,Rachel Richard,Independent,3,2.0
Alidia Govett,Rachel Richard,Determined,3,3.0
Alidia Govett,Rachel Richard,Professional,3,3.0
Alidia Govett,Rachel Richard,Studious,3,1.0
Alidia Govett,Rachel Richard,Imaginative,3,3.0
Alidia Govett,Rachel Richard,Analytic,4,6.0
Alidia Govett,Rachel Richard,Independent,4,7.0
Alidia Govett,Rachel Richard,Determined,4,3.0
Alidia Govett,Rachel Richard,Professional,4,5.0
Alidia Govett,Rachel Richard,Studious,4,6.0
Alidia Govett,Rachel Richard,Imaginative,4,7.0
Alidia Govett,Rachel Richard,Analytic,5,3.0
Alidia Govett,Rachel Richard,Independent,5,7.0
Alidia Govett,Rachel Richard,Determined,5,7.0
Alidia Govett,Rachel Richard,Professional,5,5.0
Alidia Govett,Rachel Richard,Studious,5,6.0
Alidia Govett,Rachel Richard,Imaginative,5,8.0
Alidia Govett,Rachel Richard,Analytic,6,5.0
Alidia Govett,Rachel Richard,Independent,6,4.0
Alidia Govett,Rachel Richard,Determined,6,5.0
Alidia Govett,Rachel Richard,Professional,6,7.0
Alidia Govett,Rachel Richard,Studious,6,6.0
Alidia Govett,Rachel Richard,Imaginative,6,5.0
Alidia Govett,Rachel Richard,Analytic,7,4.0
Alidia Govett,Rachel Richard,Independent,7,8.0
Alidia Govett,Rachel Richard,Determined,7,4.0
Alidia Govett,Rachel Richard,Professional,7,8.0
Alidia Govett,Rachel Richard,Studious,7,8.0
Alidia Govett,Rachel Richard,Imaginative,7,8.0
Alidia Govett,Rachel Richard,Analytic,8,8.0
Alidia Govett,Rachel Richard,Independent,8,8.0
Alidia Govett,Rachel Richard,Determined,8,4.0
Alidia Govett,Rachel Richard,Professional,8,8.0
Alidia Govett,Rachel Richard,Studious,8,8.0
Alidia Govett,Rachel Richard,Imaginative,8,8.0
Angel Matteau,Rachel Richard,Analytic,1,4.0
Angel Matteau,Rachel Richard,Independent,1,3.0
Angel Matteau,Rachel Richard,Determined,1,1.0
Angel Matteau,Rachel Richard,Professional,1,2.0
Angel Matteau,Rachel Richard,Studious,1,4.0
Angel Matteau,Rachel Richard,Imaginative,1,4.0
Angel Matteau,Rachel Richard,Analytic,2,4.0
Angel Matteau,Rachel Richard,Independent,2,7.0
Angel Matteau,Rachel Richard,Determined,2,2.0
Angel Matteau,Rachel Richard,Professional,2,7.0
Angel Matteau,Rachel Richard,Studious,2,2.0
Angel Matteau,Rachel Richard,Imaginative,2,2.0
Angel Matteau,Rachel Richard,Analytic,3,4.0
Angel Matteau,Rachel Richard,Independent,3,2.0
Angel Matteau,Rachel Richard,Determined,3,4.0
Angel Matteau,Rachel Richard,Professional,3,3.0
Angel Matteau,Rachel Richard,Studious,3,3.0
Angel Matteau,Rachel Richard,Imaginative,3,3.0
Angel Matteau,Rachel Richard,Analytic,4,5.0
Angel Matteau,Rachel Richard,Independent,4,8.0
Angel Matteau,Rachel Richard,Determined,4,6.0
Angel Matteau,Rachel Richard,Professional,4,7.0
Angel Matteau,Rachel Richard,Studious,4,8.0
Angel Matteau,Rachel Richard,Imaginative,4,4.0
Angel Matteau,Rachel Richard,Analytic,5,7.0
Angel Matteau,Rachel Richard,Independent,5,8.0
Angel Matteau,Rachel Richard,Determined,5,5.0
Angel Matteau,Rachel Richard,Professional,5,5.0
Angel Matteau,Rachel Richard,Studious,5,4.0
Angel Matteau,Rachel Richard,Imaginative,5,5.0
Angel Matteau,Rachel Richard,Analytic,6,7.0
Angel Matteau,Rachel Richard,Independent,6,7.0
Angel Matteau,Rachel Richard,Determined,6,3.0
Angel Matteau,Rachel Richard,Professional,6,7.0
Angel Matteau,Rachel Richard,Studious,6,8.0
Angel Matteau,Rachel Richard,Imaginative,6,7.0
Angel Matteau,Rachel Richard,Analytic,7,8.0
Angel Matteau,Rachel Richard,Independent,7,8.0
Angel Matteau,Rachel Richard,Determined,7,3.0
Angel Matteau,Rachel Richard,Professional,7,7.0
Angel Matteau,Rachel Richard,Studious,7,8.0
Angel Matteau,Rachel Richard,Imaginative,7,5.0
Angel Matteau,Rachel Richard,Analytic,8,5.0
Angel Matteau,Rachel Richard,Independent,8,8.0
Angel Matteau,Rachel Richard,Determined,8,8.0
Angel Matteau,Rachel Richard,Professional,8,8.0
Angel Matteau,Rachel Richard,Studious,8,6.0
Angel Matteau,Rachel Richard,Imaginative,8,8.0
Wolfie Showers,Rachel Richard,Analytic,1,1.0
Wolfie Showers,Rachel Richard,Independent,1,7.0
Wolfie Showers,Rachel Richard,Determined,1,1.0
Wolfie Showers,Rachel Richard,Professional,1,4.0
Wolfie Showers,Rachel Richard,Studious,1,2.0
Wolfie Showers,Rachel Richard,Imaginative,1,4.0
Wolfie Showers,Rachel Richard,Analytic,2,3.0
Wolfie Showers,Rachel Richard,Independent,2,5.0
Wolfie Showers,Rachel Richard,Determined,2,8.0
Wolfie Showers,Rachel Richard,Professional,2,2.0
Wolfie Showers,Rachel Richard,Studious,2,4.0
Wolfie Showers,Rachel Richard,Imaginative,2,2.0
Wolfie Showers,Rachel Richard,Analytic,3,1.0
Wolfie Showers,Rachel Richard,Independent,3,2.0
Wolfie Showers,Rachel Richard,Determined,3,4.0
Wolfie Showers,Rachel Richard,Professional,3,2.0
Wolfie Showers,Rachel Richard,Studious,3,8.0
Wolfie Showers,Rachel Richard,Imaginative,3,2.0
Wolfie Showers,Rachel Richard,Analytic,4,2.0
Wolfie Showers,Rachel Richard,Independent,4,7.0
Wolfie Showers,Rachel Richard,Determined,4,5.0
Wolfie Showers,Rachel Richard,Professional,4,6.0
Wolfie Showers,Rachel Richard,Studious,4,5.0
Wolfie Showers,Rachel Richard,Imaginative,4,3.0
Wolfie Showers,Rachel Richard,Analytic,5,5.0
Wolfie Showers,Rachel Richard,Independent,5,6.0
Wolfie Showers,Rachel Richard,Determined,5,6.0
Wolfie Showers,Rachel Richard,Professional,5,3.0
Wolfie Showers,Rachel Richard,Studious,5,8.0
Wolfie Showers,Rachel Richard,Imaginative,5,2.0
Wolfie Showers,Rachel Richard,Analytic,6,6.0
Wolfie Showers,Rachel Richard,Independent,6,7.0
Wolfie Showers,Rachel Richard,Determined,6,8.0
Wolfie Showers,Rachel Richard,Professional,6,6.0
Wolfie Showers,Rachel Richard,Studious,6,6.0
Wolfie Showers,Rachel Richard,Imaginative,6,5.0
Wolfie Showers,Rachel Richard,Analytic,7,8.0
Wolfie Showers,Rachel Richard,Independent,7,8.0
Wolfie Showers,Rachel Richard,Determined,7,8.0
Wolfie Showers,Rachel Richard,Professional,7,8.0
Wolfie Showers,Rachel Richard,Studious,7,8.0
Wolfie Showers,Rachel Richard,Imaginative,7,8.0
Wolfie Showers,Rachel Richard,Analytic,8,8.0
Wolfie Showers,Rachel Richard,Independent,8,8.0
Wolfie Showers,Rachel Richard,Determined,8,3.0
Wolfie Showers,Rachel Richard,Professional,8,6.0
Wolfie Showers,Rachel Richard,Studious,8,6.0
Wolfie Showers,Rachel Richard,Imaginative,8,8.0
Nicolea Gibbins,Rachel Richard,Analytic,1,1.0
Nicolea Gibbins,Rachel Richard,Independent,1,2.0
Nicolea Gibbins,Rachel Richard,Determined,1,3.0
Nicolea Gibbins,Rachel Richard,Professional,1,2.0
Nicolea Gibbins,Rachel Richard,Studious,1,4.0
Nicolea Gibbins,Rachel Richard,Imaginative,1,3.0
Nicolea Gibbins,Rachel Richard,Analytic,2,4.0
Nicolea Gibbins,Rachel Richard,Independent,2,5.0
Nicolea Gibbins,Rachel Richard,Determined,2,5.0
Nicolea Gibbins,Rachel Richard,Professional,2,2.0
Nicolea Gibbins,Rachel Richard,Studious,2,5.0
Nicolea Gibbins,Rachel Richard,Imaginative,2,1.0
Nicolea Gibbins,Rachel Richard,Analytic,3,4.0
Nicolea Gibbins,Rachel Richard,Independent,3,1.0
Nicolea Gibbins,Rachel Richard,Determined,3,2.0
Nicolea Gibbins,Rachel Richard,Professional,3,1.0
Nicolea Gibbins,Rachel Richard,Studious,3,3.0
Nicolea Gibbins,Rachel Richard,Imaginative,3,2.0
Nicolea Gibbins,Rachel Richard,Analytic,4,5.0
Nicolea Gibbins,Rachel Richard,Independent,4,7.0
Nicolea Gibbins,Rachel Richard,Determined,4,4.0
Nicolea Gibbins,Rachel Richard,Professional,4,5.0
Nicolea Gibbins,Rachel Richard,Studious,4,3.0
Nicolea Gibbins,Rachel Richard,Imaginative,4,6.0
Nicolea Gibbins,Rachel Richard,Analytic,5,4.0
Nicolea Gibbins,Rachel Richard,Independent,5,4.0
Nicolea Gibbins,Rachel Richard,Determined,5,8.0
Nicolea Gibbins,Rachel Richard,Professional,5,4.0
Nicolea Gibbins,Rachel Richard,Studious,5,5.0
Nicolea Gibbins,Rachel Richard,Imaginative,5,7.0
Nicolea Gibbins,Rachel Richard,Analytic,6,4.0
Nicolea Gibbins,Rachel Richard,Independent,6,5.0
Nicolea Gibbins,Rachel Richard,Determined,6,8.0
Nicolea Gibbins,Rachel Richard,Professional,6,6.0
Nicolea Gibbins,Rachel Richard,Studious,6,8.0
Nicolea Gibbins,Rachel Richard,Imaginative,6,5.0
Nicolea Gibbins,Rachel Richard,Analytic,7,8.0
Nicolea Gibbins,Rachel Richard,Independent,7,6.0
Nicolea Gibbins,Rachel Richard,Determined,7,6.0
Nicolea Gibbins,Rachel Richard,Professional,7,8.0
Nicolea Gibbins,Rachel Richard,Studious,7,8.0
Nicolea Gibbins,Rachel Richard,Imaginative,7,8.0
Nicolea Gibbins,Rachel Richard,Analytic,8,8.0
Nicolea Gibbins,Rachel Richard,Independent,8,8.0
Nicolea Gibbins,Rachel Richard,Determined,8,8.0
Nicolea Gibbins,Rachel Richard,Professional,8,8.0
Nicolea Gibbins,Rachel Richard,Studious,8,8.0
Nicolea Gibbins,Rachel Richard,Imaginative,8,8.0
Florina Sudlow,Rachel Richard,Analytic,1,7.0
Florina Sudlow,Rachel Richard,Independent,1,4.0
Florina Sudlow,Rachel Richard,Determined,1,3.0
Florina Sudlow,Rachel Richard,Professional,1,3.0
Florina Sudlow,Rachel Richard,Studious,1,1.0
Florina Sudlow,Rachel Richard,Imaginative,1,4.0
Florina Sudlow,Rachel Richard,Analytic,2,4.0
Florina Sudlow,Rachel Richard,Independent,2,2.0
Florina Sudlow,Rachel Richard,Determined,2,4.0
Florina Sudlow,Rachel Richard,Professional,2,2.0
Florina Sudlow,Rachel Richard,Studious,2,2.0
Florina Sudlow,Rachel Richard,Imaginative,2,3.0
Florina Sudlow,Rachel Richard,Analytic,3,6.0
Florina Sudlow,Rachel Richard,Independent,3,2.0
Florina Sudlow,Rachel Richard,Determined,3,3.0
Florina Sudlow,Rachel Richard,Professional,3,4.0
Florina Sudlow,Rachel Richard,Studious,3,3.0
Florina Sudlow,Rachel Richard,Imaginative,3,3.0
Florina Sudlow,Rachel Richard,Analytic,4,5.0
Florina Sudlow,Rachel Richard,Independent,4,8.0
Florina Sudlow,Rachel Richard,Determined,4,2.0
Florina Sudlow,Rachel Richard,Professional,4,7.0
Florina Sudlow,Rachel Richard,Studious,4,5.0
Florina Sudlow,Rachel Richard,Imaginative,4,5.0
Florina Sudlow,Rachel Richard,Analytic,5,8.0
Florina Sudlow,Rachel Richard,Independent,5,5.0
Florina Sudlow,Rachel Richard,Determined,5,8.0
Florina Sudlow,Rachel Richard,Professional,5,6.0
Florina Sudlow,Rachel Richard,Studious,5,6.0
Florina Sudlow,Rachel Richard,Imaginative,5,6.0
Florina Sudlow,Rachel Richard,Analytic,6,5.0
Florina Sudlow,Rachel Richard,Independent,6,8.0
Florina Sudlow,Rachel Richard,Determined,6,7.0
Florina Sudlow,Rachel Richard,Professional,6,8.0
Florina Sudlow,Rachel Richard,Studious,6,6.0
Florina Sudlow,Rachel Richard,Imaginative,6,8.0
Florina Sudlow,Rachel Richard,Analytic,7,7.0
Florina Sudlow,Rachel Richard,Independent,7,8.0
Florina Sudlow,Rachel Richard,Determined,7,8.0
Florina Sudlow,Rachel Richard,Professional,7,8.0
Florina Sudlow,Rachel Richard,Studious,7,5.0
Florina Sudlow,Rachel Richard,Imaginative,7,8.0
Florina Sudlow,Rachel Richard,Analytic,8,7.0
Florina Sudlow,Rachel Richard,Independent,8,8.0
Florina Sudlow,Rachel Richard,Determined,8,8.0
Florina Sudlow,Rachel Richard,Professional,8,8.0
Florina Sudlow,Rachel Richard,Studious,8,7.0
Florina Sudlow,Rachel Richard,Imaginative,8,7.0
Dianna Brewett,Rachel Richard,Analytic,1,8.0
Dianna Brewett,Rachel Richard,Independent,1,1.0
Dianna Brewett,Rachel Richard,Determined,1,2.0
Dianna Brewett,Rachel Richard,Professional,1,5.0
Dianna Brewett,Rachel Richard,Studious,1,2.0
Dianna Brewett,Rachel Richard,Imaginative,1,2.0
Dianna Brewett,Rachel Richard,Analytic,2,4.0
Dianna Brewett,Rachel Richard,Independent,2,6.0
Dianna Brewett,Rachel Richard,Determined,2,3.0
Dianna Brewett,Rachel Richard,Professional,2,2.0
Dianna Brewett,Rachel Richard,Studious,2,2.0
Dianna Brewett,Rachel Richard,Imaginative,2,1.0
Dianna Brewett,Rachel Richard,Analytic,3,1.0
Dianna Brewett,Rachel Richard,Independent,3,2.0
Dianna Brewett,Rachel Richard,Determined,3,4.0
Dianna Brewett,Rachel Richard,Professional,3,8.0
Dianna Brewett,Rachel Richard,Studious,3,4.0
Dianna Brewett,Rachel Richard,Imaginative,3,1.0
Dianna Brewett,Rachel Richard,Analytic,4,5.0
Dianna Brewett,Rachel Richard,Independent,4,8.0
Dianna Brewett,Rachel Richard,Determined,4,7.0
Dianna Brewett,Rachel Richard,Professional,4,6.0
Dianna Brewett,Rachel Richard,Studious,4,3.0
Dianna Brewett,Rachel Richard,Imaginative,4,5.0
Dianna Brewett,Rachel Richard,Analytic,5,4.0
Dianna Brewett,Rachel Richard,Independent,5,5.0
Dianna Brewett,Rachel Richard,Determined,5,4.0
Dianna Brewett,Rachel Richard,Professional,5,4.0
Dianna Brewett,Rachel Richard,Studious,5,6.0
Dianna Brewett,Rachel Richard,Imaginative,5,8.0
Dianna Brewett,Rachel Richard,Analytic,6,7.0
Dianna Brewett,Rachel Richard,Independent,6,8.0
Dianna Brewett,Rachel Richard,Determined,6,3.0
Dianna Brewett,Rachel Richard,Professional,6,3.0
Dianna Brewett,Rachel Richard,Studious,6,8.0
Dianna Brewett,Rachel Richard,Imaginative,6,6.0
Dianna Brewett,Rachel Richard,Analytic,7,6.0
Dianna Brewett,Rachel Richard,Independent,7,6.0
Dianna Brewett,Rachel Richard,Determined,7,8.0
Dianna Brewett,Rachel Richard,Professional,7,8.0
Dianna Brewett,Rachel Richard,Studious,7,8.0
Dianna Brewett,Rachel Richard,Imaginative,7,6.0
Dianna Brewett,Rachel Richard,Analytic,8,8.0
Dianna Brewett,Rachel Richard,Independent,8,8.0
Dianna Brewett,Rachel Richard,Determined,8,7.0
Dianna Brewett,Rachel Richard,Professional,8,7.0
Dianna Brewett,Rachel Richard,Studious,8,8.0
Dianna Brewett,Rachel Richard,Imaginative,8,5.0
Megan Hallihan,Rachel Richard,Analytic,1,1.0
Megan Hallihan,Rachel Richard,Independent,1,1.0
Megan Hallihan,Rachel Richard,Determined,1,1.0
Megan Hallihan,Rachel Richard,Professional,1,2.0
Megan Hallihan,Rachel Richard,Studious,1,5.0
Megan Hallihan,Rachel Richard,Imaginative,1,1.0
Sherlocke Baselio,Rachel Richard,Analytic,1,2.0
Sherlocke Baselio,Rachel Richard,Independent,1,5.0
Sherlocke Baselio,Rachel Richard,Determined,1,3.0
Sherlocke Baselio,Rachel Richard,Professional,1,4.0
Sherlocke Baselio,Rachel Richard,Studious,1,5.0
Sherlocke Baselio,Rachel Richard,Imaginative,1,2.0
Sherlocke Baselio,Rachel Richard,Analytic,2,3.0
Sherlocke Baselio,Rachel Richard,Independent,2,7.0
Sherlocke Baselio,Rachel Richard,Determined,2,6.0
Sherlocke Baselio,Rachel Richard,Professional,2,2.0
Sherlocke Baselio,Rachel Richard,Studious,2,1.0
Sherlocke Baselio,Rachel Richard,Imaginative,2,2.0
Sherlocke Baselio,Rachel Richard,Analytic,3,1.0
Sherlocke Baselio,Rachel Richard,Independent,3,3.0
Sherlocke Baselio,Rachel Richard,Determined,3,6.0
Sherlocke Baselio,Rachel Richard,Professional,3,3.0
Sherlocke Baselio,Rachel Richard,Studious,3,1.0
Sherlocke Baselio,Rachel Richard,Imaginative,3,4.0
Sherlocke Baselio,Rachel Richard,Analytic,4,8.0
Sherlocke Baselio,Rachel Richard,Independent,4,5.0
Sherlocke Baselio,Rachel Richard,Determined,4,4.0
Sherlocke Baselio,Rachel Richard,Professional,4,3.0
Sherlocke Baselio,Rachel Richard,Studious,4,2.0
Sherlocke Baselio,Rachel Richard,Imaginative,4,8.0
Sherlocke Baselio,Rachel Richard,Analytic,5,8.0
Sherlocke Baselio,Rachel Richard,Independent,5,6.0
Sherlocke Baselio,Rachel Richard,Determined,5,4.0
Sherlocke Baselio,Rachel Richard,Professional,5,4.0
Sherlocke Baselio,Rachel Richard,Studious,5,5.0
Sherlocke Baselio,Rachel Richard,Imaginative,5,6.0
Sherlocke Baselio,Rachel Richard,Analytic,6,8.0
Sherlocke Baselio,Rachel Richard,Independent,6,5.0
Sherlocke Baselio,Rachel Richard,Determined,6,7.0
Sherlocke Baselio,Rachel Richard,Professional,6,5.0
Sherlocke Baselio,Rachel Richard,Studious,6,6.0
Sherlocke Baselio,Rachel Richard,Imaginative,6,7.0
Sherlocke Baselio,Rachel Richard,Analytic,7,7.0
Sherlocke Baselio,Rachel Richard,Independent,7,8.0
Sherlocke Baselio,Rachel Richard,Determined,7,8.0
Sherlocke Baselio,Rachel Richard,Professional,7,7.0
Sherlocke Baselio,Rachel Richard,Studious,7,8.0
Sherlocke Baselio,Rachel Richard,Imaginative,7,8.0
Sherlocke Baselio,Rachel Richard,Analytic,8,7.0
Sherlocke Baselio,Rachel Richard,Independent,8,8.0
Sherlocke Baselio,Rachel Richard,Determined,8,8.0
Sherlocke Baselio,Rachel Richard,Professional,8,8.0
Sherlocke Baselio,Rachel Richard,Studious,8,8.0
Sherlocke Baselio,Rachel Richard,Imaginative,8,8.0
Keen Tripony,Rachel Richard,Analytic,1,5.0
Keen Tripony,Rachel Richard,Independent,1,1.0
Keen Tripony,Rachel Richard,Determined,1,3.0
Keen Tripony,Rachel Richard,Professional,1,1.0
Keen Tripony,Rachel Richard,Studious,1,3.0
Keen Tripony,Rachel Richard,Imaginative,1,6.0
Keen Tripony,Rachel Richard,Analytic,2,3.0
Keen Tripony,Rachel Richard,Independent,2,2.0
Keen Tripony,Rachel Richard,Determined,2,2.0
Keen Tripony,Rachel Richard,Professional,2,1.0
Keen Tripony,Rachel Richard,Studious,2,4.0
Keen Tripony,Rachel Richard,Imaginative,2,5.0
Keen Tripony,Rachel Richard,Analytic,3,4.0
Keen Tripony,Rachel Richard,Independent,3,4.0
Keen Tripony,Rachel Richard,Determined,3,2.0
Keen Tripony,Rachel Richard,Professional,3,2.0
Keen Tripony,Rachel Richard,Studious,3,5.0
Keen Tripony,Rachel Richard,Imaginative,3,1.0
Keen Tripony,Rachel Richard,Analytic,4,4.0
Keen Tripony,Rachel Richard,Independent,4,4.0
Keen Tripony,Rachel Richard,Determined,4,5.0
Keen Tripony,Rachel Richard,Professional,4,5.0
Keen Tripony,Rachel Richard,Studious,4,7.0
Keen Tripony,Rachel Richard,Imaginative,4,4.0
Keen Tripony,Rachel Richard,Analytic,5,5.0
Keen Tripony,Rachel Richard,Independent,5,6.0
Keen Tripony,Rachel Richard,Determined,5,8.0
Keen Tripony,Rachel Richard,Professional,5,7.0
Keen Tripony,Rachel Richard,Studious,5,7.0
Keen Tripony,Rachel Richard,Imaginative,5,7.0
Keen Tripony,Rachel Richard,Analytic,6,8.0
Keen Tripony,Rachel Richard,Independent,6,7.0
Keen Tripony,Rachel Richard,Determined,6,8.0
Keen Tripony,Rachel Richard,Professional,6,6.0
Keen Tripony,Rachel Richard,Studious,6,8.0
Keen Tripony,Rachel Richard,Imaginative,6,4.0
Keen Tripony,Rachel Richard,Analytic,7,8.0
Keen Tripony,Rachel Richard,Independent,7,8.0
Keen Tripony,Rachel Richard,Determined,7,8.0
Keen Tripony,Rachel Richard,Professional,7,8.0
Keen Tripony,Rachel Richard,Studious,7,8.0
Keen Tripony,Rachel Richard,Imaginative,7,8.0
Keen Tripony,Rachel Richard,Analytic,8,8.0
Keen Tripony,Rachel Richard,Independent,8,3.0
Keen Tripony,Rachel Richard,Determined,8,8.0
Keen Tripony,Rachel Richard,Professional,8,8.0
Keen Tripony,Rachel Richard,Studious,8,8.0
Keen Tripony,Rachel Richard,Imaginative,8,8.0
Collete Causbey,Rachel Richard,Analytic,1,1.0
Collete Causbey,Rachel Richard,Independent,1,7.0
Collete Causbey,Rachel Richard,Determined,1,3.0
Collete Causbey,Rachel Richard,Professional,1,2.0
Collete Causbey,Rachel Richard,Studious,1,3.0
Collete Causbey,Rachel Richard,Imaginative,1,3.0
Collete Causbey,Rachel Richard,Analytic,2,4.0
Collete Causbey,Rachel Richard,Independent,2,1.0
Collete Causbey,Rachel Richard,Determined,2,6.0
Collete Causbey,Rachel Richard,Professional,2,5.0
Collete Causbey,Rachel Richard,Studious,2,2.0
Collete Causbey,Rachel Richard,Imaginative,2,3.0
Collete Causbey,Rachel Richard,Analytic,3,2.0
Collete Causbey,Rachel Richard,Independent,3,4.0
Collete Causbey,Rachel Richard,Determined,3,3.0
Collete Causbey,Rachel Richard,Professional,3,3.0
Collete Causbey,Rachel Richard,Studious,3,2.0
Collete Causbey,Rachel Richard,Imaginative,3,1.0
Collete Causbey,Rachel Richard,Analytic,4,3.0
Collete Causbey,Rachel Richard,Independent,4,6.0
Collete Causbey,Rachel Richard,Determined,4,8.0
Collete Causbey,Rachel Richard,Professional,4,3.0
Collete Causbey,Rachel Richard,Studious,4,8.0
Collete Causbey,Rachel Richard,Imaginative,4,8.0
Collete Causbey,Rachel Richard,Analytic,5,4.0
Collete Causbey,Rachel Richard,Independent,5,2.0
Collete Causbey,Rachel Richard,Determined,5,6.0
Collete Causbey,Rachel Richard,Professional,5,4.0
Collete Causbey,Rachel Richard,Studious,5,8.0
Collete Causbey,Rachel Richard,Imaginative,5,5.0
Collete Causbey,Rachel Richard,Analytic,6,6.0
Collete Causbey,Rachel Richard,Independent,6,8.0
Collete Causbey,Rachel Richard,Determined,6,8.0
Collete Causbey,Rachel Richard,Professional,6,6.0
Collete Causbey,Rachel Richard,Studious,6,3.0
Collete Causbey,Rachel Richard,Imaginative,6,3.0
Collete Causbey,Rachel Richard,Analytic,7,8.0
Collete Causbey,Rachel Richard,Independent,7,8.0
Collete Causbey,Rachel Richard,Determined,7,8.0
Collete Causbey,Rachel Richard,Professional,7,3.0
Collete Causbey,Rachel Richard,Studious,7,8.0
Collete Causbey,Rachel Richard,Imaginative,7,7.0
Collete Causbey,Rachel Richard,Analytic,8,5.0
Collete Causbey,Rachel Richard,Independent,8,8.0
Collete Causbey,Rachel Richard,Determined,8,8.0
Collete Causbey,Rachel Richard,Professional,8,8.0
Collete Causbey,Rachel Richard,Studious,8,8.0
Collete Causbey,Rachel Richard,Imaginative,8,6.0
Gabi Ivins,Gregor Gomez,Analytic,1,4.0
Gabi Ivins,Gregor Gomez,Independent,1,1.0
Gabi Ivins,Gregor Gomez,Determined,1,6.0
Gabi Ivins,Gregor Gomez,Professional,1,2.0
Gabi Ivins,Gregor Gomez,Studious,1,1.0
Gabi Ivins,Gregor Gomez,Imaginative,1,1.0
Gabi Ivins,Gregor Gomez,Analytic,2,3.0
Gabi Ivins,Gregor Gomez,Independent,2,2.0
Gabi Ivins,Gregor Gomez,Determined,2,2.0
Gabi Ivins,Gregor Gomez,Professional,2,2.0
Gabi Ivins,Gregor Gomez,Studious,2,5.0
Gabi Ivins,Gregor Gomez,Imaginative,2,2.0
Gabi Ivins,Gregor Gomez,Analytic,3,4.0
Gabi Ivins,Gregor Gomez,Independent,3,1.0
Gabi Ivins,Gregor Gomez,Determined,3,6.0
Gabi Ivins,Gregor Gomez,Professional,3,2.0
Gabi Ivins,Gregor Gomez,Studious,3,3.0
Gabi Ivins,Gregor Gomez,Imaginative,3,5.0
Gabi Ivins,Gregor Gomez,Analytic,4,6.0
Gabi Ivins,Gregor Gomez,Independent,4,7.0
Gabi Ivins,Gregor Gomez,Determined,4,6.0
Gabi Ivins,Gregor Gomez,Professional,4,4.0
Gabi Ivins,Gregor Gomez,Studious,4,3.0
Gabi Ivins,Gregor Gomez,Imaginative,4,2.0
Gabi Ivins,Gregor Gomez,Analytic,5,8.0
Gabi Ivins,Gregor Gomez,Independent,5,5.0
Gabi Ivins,Gregor Gomez,Determined,5,3.0
Gabi Ivins,Gregor Gomez,Professional,5,4.0
Gabi Ivins,Gregor Gomez,Studious,5,3.0
Gabi Ivins,Gregor Gomez,Imaginative,5,7.0
Gabi Ivins,Gregor Gomez,Analytic,6,1.0
Gabi Ivins,Gregor Gomez,Independent,6,8.0
Gabi Ivins,Gregor Gomez,Determined,6,8.0
Gabi Ivins,Gregor Gomez,Professional,6,8.0
Gabi Ivins,Gregor Gomez,Studious,6,4.0
Gabi Ivins,Gregor Gomez,Imaginative,6,8.0
Gabi Ivins,Gregor Gomez,Analytic,7,8.0
Gabi Ivins,Gregor Gomez,Independent,7,8.0
Gabi Ivins,Gregor Gomez,Determined,7,8.0
Gabi Ivins,Gregor Gomez,Professional,7,8.0
Gabi Ivins,Gregor Gomez,Studious,7,8.0
Gabi Ivins,Gregor Gomez,Imaginative,7,8.0
Gabi Ivins,Gregor Gomez,Analytic,8,8.0
Gabi Ivins,Gregor Gomez,Independent,8,7.0
Gabi Ivins,Gregor Gomez,Determined,8,8.0
Gabi Ivins,Gregor Gomez,Professional,8,8.0
Gabi Ivins,Gregor Gomez,Studious,8,8.0
Gabi Ivins,Gregor Gomez,Imaginative,8,8.0
Gabi Ivins,Gregor Gomez,Analytic,9,8.0
Gabi Ivins,Gregor Gomez,Independent,9,8.0
Gabi Ivins,Gregor Gomez,Determined,9,7.0
Gabi Ivins,Gregor Gomez,Professional,9,8.0
Gabi Ivins,Gregor Gomez,Studious,9,8.0
Gabi Ivins,Gregor Gomez,Imaginative,9,8.0
Gabi Ivins,Gregor Gomez,Analytic,10,8.0
Gabi Ivins,Gregor Gomez,Independent,10,8.0
Gabi Ivins,Gregor Gomez,Determined,10,8.0
Gabi Ivins,Gregor Gomez,Professional,10,8.0
Gabi Ivins,Gregor Gomez,Studious,10,8.0
Gabi Ivins,Gregor Gomez,Imaginative,10,8.0
Melodee Crippen,Gregor Gomez,Analytic,1,4.0
Melodee Crippen,Gregor Gomez,Independent,1,2.0
Melodee Crippen,Gregor Gomez,Determined,1,5.0
Melodee Crippen,Gregor Gomez,Professional,1,1.0
Melodee Crippen,Gregor Gomez,Studious,1,1.0
Melodee Crippen,Gregor Gomez,Imaginative,1,3.0
Melodee Crippen,Gregor Gomez,Analytic,2,3.0
Melodee Crippen,Gregor Gomez,Independent,2,3.0
Melodee Crippen,Gregor Gomez,Determined,2,3.0
Melodee Crippen,Gregor Gomez,Professional,2,3.0
Melodee Crippen,Gregor Gomez,Studious,2,3.0
Melodee Crippen,Gregor Gomez,Imaginative,2,1.0
Melodee Crippen,Gregor Gomez,Analytic,3,3.0
Melodee Crippen,Gregor Gomez,Independent,3,2.0
Melodee Crippen,Gregor Gomez,Determined,3,6.0
Melodee Crippen,Gregor Gomez,Professional,3,1.0
Melodee Crippen,Gregor Gomez,Studious,3,5.0
Melodee Crippen,Gregor Gomez,Imaginative,3,4.0
Melodee Crippen,Gregor Gomez,Analytic,4,6.0
Melodee Crippen,Gregor Gomez,Independent,4,3.0
Melodee Crippen,Gregor Gomez,Determined,4,1.0
Melodee Crippen,Gregor Gomez,Professional,4,7.0
Melodee Crippen,Gregor Gomez,Studious,4,6.0
Melodee Crippen,Gregor Gomez,Imaginative,4,6.0
Melodee Crippen,Gregor Gomez,Analytic,5,8.0
Melodee Crippen,Gregor Gomez,Independent,5,3.0
Melodee Crippen,Gregor Gomez,Determined,5,5.0
Melodee Crippen,Gregor Gomez,Professional,5,3.0
Melodee Crippen,Gregor Gomez,Studious,5,8.0
Melodee Crippen,Gregor Gomez,Imaginative,5,5.0
Melodee Crippen,Gregor Gomez,Analytic,6,6.0
Melodee Crippen,Gregor Gomez,Independent,6,8.0
Melodee Crippen,Gregor Gomez,Determined,6,5.0
Melodee Crippen,Gregor Gomez,Professional,6,5.0
Melodee Crippen,Gregor Gomez,Studious,6,8.0
Melodee Crippen,Gregor Gomez,Imaginative,6,1.0
Melodee Crippen,Gregor Gomez,Analytic,7,8.0
Melodee Crippen,Gregor Gomez,Independent,7,8.0
Melodee Crippen,Gregor Gomez,Determined,7,5.0
Melodee Crippen,Gregor Gomez,Professional,7,4.0
Melodee Crippen,Gregor Gomez,Studious,7,7.0
Melodee Crippen,Gregor Gomez,Imaginative,7,8.0
Melodee Crippen,Gregor Gomez,Analytic,8,8.0
Melodee Crippen,Gregor Gomez,Independent,8,8.0
Melodee Crippen,Gregor Gomez,Determined,8,6.0
Melodee Crippen,Gregor Gomez,Professional,8,8.0
Melodee Crippen,Gregor Gomez,Studious,8,8.0
Melodee Crippen,Gregor Gomez,Imaginative,8,8.0
Melodee Crippen,Gregor Gomez,Analytic,9,8.0
Melodee Crippen,Gregor Gomez,Independent,9,8.0
Melodee Crippen,Gregor Gomez,Determined,9,8.0
Melodee Crippen,Gregor Gomez,Professional,9,8.0
Melodee Crippen,Gregor Gomez,Studious,9,8.0
Melodee Crippen,Gregor Gomez,Imaginative,9,8.0
Melodee Crippen,Gregor Gomez,Analytic,10,8.0
Melodee Crippen,Gregor Gomez,Independent,10,8.0
Melodee Crippen,Gregor Gomez,Determined,10,8.0
Melodee Crippen,Gregor Gomez,Professional,10,7.0
Melodee Crippen,Gregor Gomez,Studious,10,8.0
Melodee Crippen,Gregor Gomez,Imaginative,10,8.0
Wilt Gotliffe,Gregor Gomez,Analytic,1,1.0
Wilt Gotliffe,Gregor Gomez,Independent,1,5.0
Wilt Gotliffe,Gregor Gomez,Determined,1,4.0
Wilt Gotliffe,Gregor Gomez,Professional,1,2.0
Wilt Gotliffe,Gregor Gomez,Studious,1,1.0
Wilt Gotliffe,Gregor Gomez,Imaginative,1,3.0
Wilt Gotliffe,Gregor Gomez,Analytic,2,1.0
Wilt Gotliffe,Gregor Gomez,Independent,2,3.0
Wilt Gotliffe,Gregor Gomez,Determined,2,1.0
Wilt Gotliffe,Gregor Gomez,Professional,2,2.0
Wilt Gotliffe,Gregor Gomez,Studious,2,1.0
Wilt Gotliffe,Gregor Gomez,Imaginative,2,3.0
Mela Burgill,Gregor Gomez,Analytic,1,1.0
Mela Burgill,Gregor Gomez,Independent,1,7.0
Mela Burgill,Gregor Gomez,Determined,1,2.0
Mela Burgill,Gregor Gomez,Professional,1,2.0
Mela Burgill,Gregor Gomez,Studious,1,3.0
Mela Burgill,Gregor Gomez,Imaginative,1,5.0
Mela Burgill,Gregor Gomez,Analytic,2,5.0
Mela Burgill,Gregor Gomez,Independent,2,1.0
Mela Burgill,Gregor Gomez,Determined,2,1.0
Mela Burgill,Gregor Gomez,Professional,2,5.0
Mela Burgill,Gregor Gomez,Studious,2,3.0
Mela Burgill,Gregor Gomez,Imaginative,2,3.0
Mela Burgill,Gregor Gomez,Analytic,3,2.0
Mela Burgill,Gregor Gomez,Independent,3,4.0
Mela Burgill,Gregor Gomez,Determined,3,5.0
Mela Burgill,Gregor Gomez,Professional,3,2.0
Mela Burgill,Gregor Gomez,Studious,3,2.0
Mela Burgill,Gregor Gomez,Imaginative,3,4.0
Mela Burgill,Gregor Gomez,Analytic,4,8.0
Mela Burgill,Gregor Gomez,Independent,4,8.0
Mela Burgill,Gregor Gomez,Determined,4,8.0
Mela Burgill,Gregor Gomez,Professional,4,6.0
Mela Burgill,Gregor Gomez,Studious,4,4.0
Mela Burgill,Gregor Gomez,Imaginative,4,6.0
Mela Burgill,Gregor Gomez,Analytic,5,6.0
Mela Burgill,Gregor Gomez,Independent,5,6.0
Mela Burgill,Gregor Gomez,Determined,5,3.0
Mela Burgill,Gregor Gomez,Professional,5,8.0
Mela Burgill,Gregor Gomez,Studious,5,5.0
Mela Burgill,Gregor Gomez,Imaginative,5,6.0
Mela Burgill,Gregor Gomez,Analytic,6,8.0
Mela Burgill,Gregor Gomez,Independent,6,3.0
Mela Burgill,Gregor Gomez,Determined,6,3.0
Mela Burgill,Gregor Gomez,Professional,6,5.0
Mela Burgill,Gregor Gomez,Studious,6,7.0
Mela Burgill,Gregor Gomez,Imaginative,6,6.0
Mela Burgill,Gregor Gomez,Analytic,7,4.0
Mela Burgill,Gregor Gomez,Independent,7,8.0
Mela Burgill,Gregor Gomez,Determined,7,8.0
Mela Burgill,Gregor Gomez,Professional,7,8.0
Mela Burgill,Gregor Gomez,Studious,7,8.0
Mela Burgill,Gregor Gomez,Imaginative,7,8.0
Mela Burgill,Gregor Gomez,Analytic,8,8.0
Mela Burgill,Gregor Gomez,Independent,8,7.0
Mela Burgill,Gregor Gomez,Determined,8,4.0
Mela Burgill,Gregor Gomez,Professional,8,8.0
Mela Burgill,Gregor Gomez,Studious,8,3.0
Mela Burgill,Gregor Gomez,Imaginative,8,8.0
Mela Burgill,Gregor Gomez,Analytic,9,8.0
Mela Burgill,Gregor Gomez,Independent,9,6.0
Mela Burgill,Gregor Gomez,Determined,9,3.0
Mela Burgill,Gregor Gomez,Professional,9,8.0
Mela Burgill,Gregor Gomez,Studious,9,8.0
Mela Burgill,Gregor Gomez,Imaginative,9,7.0
Mela Burgill,Gregor Gomez,Analytic,10,8.0
Mela Burgill,Gregor Gomez,Independent,10,8.0
Mela Burgill,Gregor Gomez,Determined,10,2.0
Mela Burgill,Gregor Gomez,Professional,10,6.0
Mela Burgill,Gregor Gomez,Studious,10,8.0
Mela Burgill,Gregor Gomez,Imaginative,10,8.0
Uriel Eidelman,Gregor Gomez,Analytic,1,8.0
Uriel Eidelman,Gregor Gomez,Independent,1,2.0
Uriel Eidelman,Gregor Gomez,Determined,1,3.0
Uriel Eidelman,Gregor Gomez,Professional,1,6.0
Uriel Eidelman,Gregor Gomez,Studious,1,4.0
Uriel Eidelman,Gregor Gomez,Imaginative,1,4.0
Uriel Eidelman,Gregor Gomez,Analytic,2,2.0
Uriel Eidelman,Gregor Gomez,Independent,2,1.0
Uriel Eidelman,Gregor Gomez,Determined,2,3.0
Uriel Eidelman,Gregor Gomez,Professional,2,4.0
Uriel Eidelman,Gregor Gomez,Studious,2,3.0
Uriel Eidelman,Gregor Gomez,Imaginative,2,4.0
Uriel Eidelman,Gregor Gomez,Analytic,3,1.0
Uriel Eidelman,Gregor Gomez,Independent,3,1.0
Uriel Eidelman,Gregor Gomez,Determined,3,6.0
Uriel Eidelman,Gregor Gomez,Professional,3,2.0
Uriel Eidelman,Gregor Gomez,Studious,3,4.0
Uriel Eidelman,Gregor Gomez,Imaginative,3,2.0
Uriel Eidelman,Gregor Gomez,Analytic,4,8.0
Uriel Eidelman,Gregor Gomez,Independent,4,4.0
Uriel Eidelman,Gregor Gomez,Determined,4,8.0
Uriel Eidelman,Gregor Gomez,Professional,4,4.0
Uriel Eidelman,Gregor Gomez,Studious,4,8.0
Uriel Eidelman,Gregor Gomez,Imaginative,4,8.0
Uriel Eidelman,Gregor Gomez,Analytic,5,8.0
Uriel Eidelman,Gregor Gomez,Independent,5,7.0
Uriel Eidelman,Gregor Gomez,Determined,5,6.0
Uriel Eidelman,Gregor Gomez,Professional,5,8.0
Uriel Eidelman,Gregor Gomez,Studious,5,5.0
Uriel Eidelman,Gregor Gomez,Imaginative,5,7.0
Uriel Eidelman,Gregor Gomez,Analytic,6,3.0
Uriel Eidelman,Gregor Gomez,Independent,6,6.0
Uriel Eidelman,Gregor Gomez,Determined,6,6.0
Uriel Eidelman,Gregor Gomez,Professional,6,6.0
Uriel Eidelman,Gregor Gomez,Studious,6,5.0
Uriel Eidelman,Gregor Gomez,Imaginative,6,5.0
Uriel Eidelman,Gregor Gomez,Analytic,7,8.0
Uriel Eidelman,Gregor Gomez,Independent,7,8.0
Uriel Eidelman,Gregor Gomez,Determined,7,7.0
Uriel Eidelman,Gregor Gomez,Professional,7,8.0
Uriel Eidelman,Gregor Gomez,Studious,7,8.0
Uriel Eidelman,Gregor Gomez,Imaginative,7,8.0
Uriel Eidelman,Gregor Gomez,Analytic,8,8.0
Uriel Eidelman,Gregor Gomez,Independent,8,6.0
Uriel Eidelman,Gregor Gomez,Determined,8,8.0
Uriel Eidelman,Gregor Gomez,Professional,8,8.0
Uriel Eidelman,Gregor Gomez,Studious,8,8.0
Uriel Eidelman,Gregor Gomez,Imaginative,8,7.0
Uriel Eidelman,Gregor Gomez,Analytic,9,7.0
Uriel Eidelman,Gregor Gomez,Independent,9,8.0
Uriel Eidelman,Gregor Gomez,Determined,9,8.0
Uriel Eidelman,Gregor Gomez,Professional,9,8.0
Uriel Eidelman,Gregor Gomez,Studious,9,7.0
Uriel Eidelman,Gregor Gomez,Imaginative,9,8.0
Uriel Eidelman,Gregor Gomez,Analytic,10,8.0
Uriel Eidelman,Gregor Gomez,Independent,10,8.0
Uriel Eidelman,Gregor Gomez,Determined,10,8.0
Uriel Eidelman,Gregor Gomez,Professional,10,8.0
Uriel Eidelman,Gregor Gomez,Studious,10,8.0
Uriel Eidelman,Gregor Gomez,Imaginative,10,8.0
Vivienne Blakelock,Gregor Gomez,Analytic,1,2.0
Vivienne Blakelock,Gregor Gomez,Independent,1,7.0
Vivienne Blakelock,Gregor Gomez,Determined,1,1.0
Vivienne Blakelock,Gregor Gomez,Professional,1,6.0
Vivienne Blakelock,Gregor Gomez,Studious,1,5.0
Vivienne Blakelock,Gregor Gomez,Imaginative,1,4.0
Vivienne Blakelock,Gregor Gomez,Analytic,2,2.0
Vivienne Blakelock,Gregor Gomez,Independent,2,3.0
Vivienne Blakelock,Gregor Gomez,Determined,2,1.0
Vivienne Blakelock,Gregor Gomez,Professional,2,1.0
Vivienne Blakelock,Gregor Gomez,Studious,2,4.0
Vivienne Blakelock,Gregor Gomez,Imaginative,2,1.0
Vivienne Blakelock,Gregor Gomez,Analytic,3,1.0
Vivienne Blakelock,Gregor Gomez,Independent,3,4.0
Vivienne Blakelock,Gregor Gomez,Determined,3,2.0
Vivienne Blakelock,Gregor Gomez,Professional,3,1.0
Vivienne Blakelock,Gregor Gomez,Studious,3,1.0
Vivienne Blakelock,Gregor Gomez,Imaginative,3,2.0
Auberon Werny,Gregor Gomez,Analytic,1,5.0
Auberon Werny,Gregor Gomez,Independent,1,5.0
Auberon Werny,Gregor Gomez,Determined,1,6.0
Auberon Werny,Gregor Gomez,Professional,1,5.0
Auberon Werny,Gregor Gomez,Studious,1,4.0
Auberon Werny,Gregor Gomez,Imaginative,1,2.0
Auberon Werny,Gregor Gomez,Analytic,2,4.0
Auberon Werny,Gregor Gomez,Independent,2,5.0
Auberon Werny,Gregor Gomez,Determined,2,4.0
Auberon Werny,Gregor Gomez,Professional,2,5.0
Auberon Werny,Gregor Gomez,Studious,2,4.0
Auberon Werny,Gregor Gomez,Imaginative,2,3.0
Auberon Werny,Gregor Gomez,Analytic,3,3.0
Auberon Werny,Gregor Gomez,Independent,3,2.0
Auberon Werny,Gregor Gomez,Determined,3,1.0
Auberon Werny,Gregor Gomez,Professional,3,3.0
Auberon Werny,Gregor Gomez,Studious,3,4.0
Auberon Werny,Gregor Gomez,Imaginative,3,4.0
Auberon Werny,Gregor Gomez,Analytic,4,7.0
Auberon Werny,Gregor Gomez,Independent,4,7.0
Auberon Werny,Gregor Gomez,Determined,4,5.0
Auberon Werny,Gregor Gomez,Professional,4,1.0
Auberon Werny,Gregor Gomez,Studious,4,6.0
Auberon Werny,Gregor Gomez,Imaginative,4,8.0
Auberon Werny,Gregor Gomez,Analytic,5,6.0
Auberon Werny,Gregor Gomez,Independent,5,8.0
Auberon Werny,Gregor Gomez,Determined,5,8.0
Auberon Werny,Gregor Gomez,Professional,5,5.0
Auberon Werny,Gregor Gomez,Studious,5,5.0
Auberon Werny,Gregor Gomez,Imaginative,5,8.0
Auberon Werny,Gregor Gomez,Analytic,6,3.0
Auberon Werny,Gregor Gomez,Independent,6,5.0
Auberon Werny,Gregor Gomez,Determined,6,6.0
Auberon Werny,Gregor Gomez,Professional,6,7.0
Auberon Werny,Gregor Gomez,Studious,6,8.0
Auberon Werny,Gregor Gomez,Imaginative,6,7.0
Auberon Werny,Gregor Gomez,Analytic,7,8.0
Auberon Werny,Gregor Gomez,Independent,7,8.0
Auberon Werny,Gregor Gomez,Determined,7,6.0
Auberon Werny,Gregor Gomez,Professional,7,6.0
Auberon Werny,Gregor Gomez,Studious,7,8.0
Auberon Werny,Gregor Gomez,Imaginative,7,8.0
Auberon Werny,Gregor Gomez,Analytic,8,8.0
Auberon Werny,Gregor Gomez,Independent,8,8.0
Auberon Werny,Gregor Gomez,Determined,8,8.0
Auberon Werny,Gregor Gomez,Professional,8,8.0
Auberon Werny,Gregor Gomez,Studious,8,8.0
Auberon Werny,Gregor Gomez,Imaginative,8,8.0
Auberon Werny,Gregor Gomez,Analytic,9,8.0
Auberon Werny,Gregor Gomez,Independent,9,7.0
Auberon Werny,Gregor Gomez,Determined,9,8.0
Auberon Werny,Gregor Gomez,Professional,9,8.0
Auberon Werny,Gregor Gomez,Studious,9,8.0
Auberon Werny,Gregor Gomez,Imaginative,9,6.0
Auberon Werny,Gregor Gomez,Analytic,10,8.0
Auberon Werny,Gregor Gomez,Independent,10,8.0
Auberon Werny,Gregor Gomez,Determined,10,8.0
Auberon Werny,Gregor Gomez,Professional,10,8.0
Auberon Werny,Gregor Gomez,Studious,10,8.0
Auberon Werny,Gregor Gomez,Imaginative,10,8.0
Nikolaus Gullefant,Gregor Gomez,Analytic,1,1.0
Nikolaus Gullefant,Gregor Gomez,Independent,1,5.0
Nikolaus Gullefant,Gregor Gomez,Determined,1,4.0
Nikolaus Gullefant,Gregor Gomez,Professional,1,4.0
Nikolaus Gullefant,Gregor Gomez,Studious,1,3.0
Nikolaus Gullefant,Gregor Gomez,Imaginative,1,6.0
Nikolaus Gullefant,Gregor Gomez,Analytic,2,4.0
Nikolaus Gullefant,Gregor Gomez,Independent,2,4.0
Nikolaus Gullefant,Gregor Gomez,Determined,2,3.0
Nikolaus Gullefant,Gregor Gomez,Professional,2,1.0
Nikolaus Gullefant,Gregor Gomez,Studious,2,2.0
Nikolaus Gullefant,Gregor Gomez,Imaginative,2,2.0
Nikolaus Gullefant,Gregor Gomez,Analytic,3,2.0
Nikolaus Gullefant,Gregor Gomez,Independent,3,3.0
Nikolaus Gullefant,Gregor Gomez,Determined,3,6.0
Nikolaus Gullefant,Gregor Gomez,Professional,3,1.0
Nikolaus Gullefant,Gregor Gomez,Studious,3,5.0
Nikolaus Gullefant,Gregor Gomez,Imaginative,3,1.0
Nikolaus Gullefant,Gregor Gomez,Analytic,4,3.0
Nikolaus Gullefant,Gregor Gomez,Independent,4,7.0
Nikolaus Gullefant,Gregor Gomez,Determined,4,3.0
Nikolaus Gullefant,Gregor Gomez,Professional,4,2.0
Nikolaus Gullefant,Gregor Gomez,Studious,4,6.0
Nikolaus Gullefant,Gregor Gomez,Imaginative,4,3.0
Nikolaus Gullefant,Gregor Gomez,Analytic,5,6.0
Nikolaus Gullefant,Gregor Gomez,Independent,5,4.0
Nikolaus Gullefant,Gregor Gomez,Determined,5,7.0
Nikolaus Gullefant,Gregor Gomez,Professional,5,7.0
Nikolaus Gullefant,Gregor Gomez,Studious,5,8.0
Nikolaus Gullefant,Gregor Gomez,Imaginative,5,7.0
Nikolaus Gullefant,Gregor Gomez,Analytic,6,8.0
Nikolaus Gullefant,Gregor Gomez,Independent,6,6.0
Nikolaus Gullefant,Gregor Gomez,Determined,6,8.0
Nikolaus Gullefant,Gregor Gomez,Professional,6,7.0
Nikolaus Gullefant,Gregor Gomez,Studious,6,4.0
Nikolaus Gullefant,Gregor Gomez,Imaginative,6,5.0
Nikolaus Gullefant,Gregor Gomez,Analytic,7,8.0
Nikolaus Gullefant,Gregor Gomez,Independent,7,8.0
Nikolaus Gullefant,Gregor Gomez,Determined,7,6.0
Nikolaus Gullefant,Gregor Gomez,Professional,7,8.0
Nikolaus Gullefant,Gregor Gomez,Studious,7,8.0
Nikolaus Gullefant,Gregor Gomez,Imaginative,7,8.0
Nikolaus Gullefant,Gregor Gomez,Analytic,8,7.0
Nikolaus Gullefant,Gregor Gomez,Independent,8,4.0
Nikolaus Gullefant,Gregor Gomez,Determined,8,8.0
Nikolaus Gullefant,Gregor Gomez,Professional,8,8.0
Nikolaus Gullefant,Gregor Gomez,Studious,8,8.0
Nikolaus Gullefant,Gregor Gomez,Imaginative,8,8.0
Nikolaus Gullefant,Gregor Gomez,Analytic,9,8.0
Nikolaus Gullefant,Gregor Gomez,Independent,9,8.0
Nikolaus Gullefant,Gregor Gomez,Determined,9,8.0
Nikolaus Gullefant,Gregor Gomez,Professional,9,8.0
Nikolaus Gullefant,Gregor Gomez,Studious,9,8.0
Nikolaus Gullefant,Gregor Gomez,Imaginative,9,8.0
Nikolaus Gullefant,Gregor Gomez,Analytic,10,8.0
Nikolaus Gullefant,Gregor Gomez,Independent,10,8.0
Nikolaus Gullefant,Gregor Gomez,Determined,10,8.0
Nikolaus Gullefant,Gregor Gomez,Professional,10,8.0
Nikolaus Gullefant,Gregor Gomez,Studious,10,8.0
Nikolaus Gullefant,Gregor Gomez,Imaginative,10,8.0
Prentice Van Der Hoeven,Gregor Gomez,Analytic,1,3.0
Prentice Van Der Hoeven,Gregor Gomez,Independent,1,2.0
Prentice Van Der Hoeven,Gregor Gomez,Determined,1,4.0
Prentice Van Der Hoeven,Gregor Gomez,Professional,1,3.0
Prentice Van Der Hoeven,Gregor Gomez,Studious,1,1.0
Prentice Van Der Hoeven,Gregor Gomez,Imaginative,1,4.0
Prentice Van Der Hoeven,Gregor Gomez,Analytic,2,3.0
Prentice Van Der Hoeven,Gregor Gomez,Independent,2,3.0
Prentice Van Der Hoeven,Gregor Gomez,Determined,2,5.0
Prentice Van Der Hoeven,Gregor Gomez,Professional,2,1.0
Prentice Van Der Hoeven,Gregor Gomez,Studious,2,2.0
Prentice Van Der Hoeven,Gregor Gomez,Imaginative,2,1.0
Prentice Van Der Hoeven,Gregor Gomez,Analytic,3,2.0
Prentice Van Der Hoeven,Gregor Gomez,Independent,3,5.0
Prentice Van Der Hoeven,Gregor Gomez,Determined,3,3.0
Prentice Van Der Hoeven,Gregor Gomez,Professional,3,3.0
Prentice Van Der Hoeven,Gregor Gomez,Studious,3,3.0
Prentice Van Der Hoeven,Gregor Gomez,Imaginative,3,4.0
Prentice Van Der Hoeven,Gregor Gomez,Analytic,4,4.0
Prentice Van Der Hoeven,Gregor Gomez,Independent,4,8.0
Prentice Van Der Hoeven,Gregor Gomez,Determined,4,4.0
Prentice Van Der Hoeven,Gregor Gomez,Professional,4,1.0
Prentice Van Der Hoeven,Gregor Gomez,Studious,4,4.0
Prentice Van Der Hoeven,Gregor Gomez,Imaginative,4,5.0
Prentice Van Der Hoeven,Gregor Gomez,Analytic,5,6.0
Prentice Van Der Hoeven,Gregor Gomez,Independent,5,4.0
Prentice Van Der Hoeven,Gregor Gomez,Determined,5,5.0
Prentice Van Der Hoeven,Gregor Gomez,Professional,5,4.0
Prentice Van Der Hoeven,Gregor Gomez,Studious,5,1.0
Prentice Van Der Hoeven,Gregor Gomez,Imaginative,5,5.0
Prentice Van Der Hoeven,Gregor Gomez,Analytic,6,6.0
Prentice Van Der Hoeven,Gregor Gomez,Independent,6,6.0
Prentice Van Der Hoeven,Gregor Gomez,Determined,6,8.0
Prentice Van Der Hoeven,Gregor Gomez,Professional,6,6.0
Prentice Van Der Hoeven,Gregor Gomez,Studious,6,3.0
Prentice Van Der Hoeven,Gregor Gomez,Imaginative,6,5.0
Prentice Van Der Hoeven,Gregor Gomez,Analytic,7,8.0
Prentice Van Der Hoeven,Gregor Gomez,Independent,7,8.0
Prentice Van Der Hoeven,Gregor Gomez,Determined,7,8.0
Prentice Van Der Hoeven,Gregor Gomez,Professional,7,8.0
Prentice Van Der Hoeven,Gregor Gomez,Studious,7,7.0
Prentice Van Der Hoeven,Gregor Gomez,Imaginative,7,8.0
Prentice Van Der Hoeven,Gregor Gomez,Analytic,8,8.0
Prentice Van Der Hoeven,Gregor Gomez,Independent,8,7.0
Prentice Van Der Hoeven,Gregor Gomez,Determined,8,4.0
Prentice Van Der Hoeven,Gregor Gomez,Professional,8,8.0
Prentice Van Der Hoeven,Gregor Gomez,Studious,8,8.0
Prentice Van Der Hoeven,Gregor Gomez,Imaginative,8,5.0
Prentice Van Der Hoeven,Gregor Gomez,Analytic,9,8.0
Prentice Van Der Hoeven,Gregor Gomez,Independent,9,6.0
Prentice Van Der Hoeven,Gregor Gomez,Determined,9,8.0
Prentice Van Der Hoeven,Gregor Gomez,Professional,9,8.0
Prentice Van Der Hoeven,Gregor Gomez,Studious,9,8.0
Prentice Van Der Hoeven,Gregor Gomez,Imaginative,9,5.0
Prentice Van Der Hoeven,Gregor Gomez,Analytic,10,8.0
Prentice Van Der Hoeven,Gregor Gomez,Independent,10,8.0
Prentice Van Der Hoeven,Gregor Gomez,Determined,10,8.0
Prentice Van Der Hoeven,Gregor Gomez,Professional,10,8.0
Prentice Van Der Hoeven,Gregor Gomez,Studious,10,8.0
Prentice Van Der Hoeven,Gregor Gomez,Imaginative,10,8.0
Alikee Sawood,Gregor Gomez,Analytic,1,2.0
Alikee Sawood,Gregor Gomez,Independent,1,4.0
Alikee Sawood,Gregor Gomez,Determined,1,4.0
Alikee Sawood,Gregor Gomez,Professional,1,1.0
Alikee Sawood,Gregor Gomez,Studious,1,3.0
Alikee Sawood,Gregor Gomez,Imaginative,1,7.0
Alikee Sawood,Gregor Gomez,Analytic,2,1.0
Alikee Sawood,Gregor Gomez,Independent,2,3.0
Alikee Sawood,Gregor Gomez,Determined,2,4.0
Alikee Sawood,Gregor Gomez,Professional,2,3.0
Alikee Sawood,Gregor Gomez,Studious,2,1.0
Alikee Sawood,Gregor Gomez,Imaginative,2,3.0
Alikee Sawood,Gregor Gomez,Analytic,3,2.0
Alikee Sawood,Gregor Gomez,Independent,3,1.0
Alikee Sawood,Gregor Gomez,Determined,3,2.0
Alikee Sawood,Gregor Gomez,Professional,3,2.0
Alikee Sawood,Gregor Gomez,Studious,3,5.0
Alikee Sawood,Gregor Gomez,Imaginative,3,3.0
Alikee Sawood,Gregor Gomez,Analytic,4,8.0
Alikee Sawood,Gregor Gomez,Independent,4,6.0
Alikee Sawood,Gregor Gomez,Determined,4,7.0
Alikee Sawood,Gregor Gomez,Professional,4,8.0
Alikee Sawood,Gregor Gomez,Studious,4,4.0
Alikee Sawood,Gregor Gomez,Imaginative,4,5.0
Alikee Sawood,Gregor Gomez,Analytic,5,7.0
Alikee Sawood,Gregor Gomez,Independent,5,8.0
Alikee Sawood,Gregor Gomez,Determined,5,7.0
Alikee Sawood,Gregor Gomez,Professional,5,8.0
Alikee Sawood,Gregor Gomez,Studious,5,4.0
Alikee Sawood,Gregor Gomez,Imaginative,5,4.0
Alikee Sawood,Gregor Gomez,Analytic,6,3.0
Alikee Sawood,Gregor Gomez,Independent,6,2.0
Alikee Sawood,Gregor Gomez,Determined,6,7.0
Alikee Sawood,Gregor Gomez,Professional,6,6.0
Alikee Sawood,Gregor Gomez,Studious,6,5.0
Alikee Sawood,Gregor Gomez,Imaginative,6,8.0
Alikee Sawood,Gregor Gomez,Analytic,7,6.0
Alikee Sawood,Gregor Gomez,Independent,7,7.0
Alikee Sawood,Gregor Gomez,Determined,7,8.0
Alikee Sawood,Gregor Gomez,Professional,7,8.0
Alikee Sawood,Gregor Gomez,Studious,7,7.0
Alikee Sawood,Gregor Gomez,Imaginative,7,8.0
Alikee Sawood,Gregor Gomez,Analytic,8,8.0
Alikee Sawood,Gregor Gomez,Independent,8,4.0
Alikee Sawood,Gregor Gomez,Determined,8,8.0
Alikee Sawood,Gregor Gomez,Professional,8,4.0
Alikee Sawood,Gregor Gomez,Studious,8,8.0
Alikee Sawood,Gregor Gomez,Imaginative,8,8.0
Alikee Sawood,Gregor Gomez,Analytic,9,8.0
Alikee Sawood,Gregor Gomez,Independent,9,5.0
Alikee Sawood,Gregor Gomez,Determined,9,8.0
Alikee Sawood,Gregor Gomez,Professional,9,8.0
Alikee Sawood,Gregor Gomez,Studious,9,8.0
Alikee Sawood,Gregor Gomez,Imaginative,9,8.0
Alikee Sawood,Gregor Gomez,Analytic,10,8.0
Alikee Sawood,Gregor Gomez,Independent,10,8.0
Alikee Sawood,Gregor Gomez,Determined,10,8.0
Alikee Sawood,Gregor Gomez,Professional,10,8.0
Alikee Sawood,Gregor Gomez,Studious,10,8.0
Alikee Sawood,Gregor Gomez,Imaginative,10,8.0
Guido Lassells,Gregor Gomez,Analytic,1,4.0
Guido Lassells,Gregor Gomez,Independent,1,3.0
Guido Lassells,Gregor Gomez,Determined,1,6.0
Guido Lassells,Gregor Gomez,Professional,1,2.0
Guido Lassells,Gregor Gomez,Studious,1,3.0
Guido Lassells,Gregor Gomez,Imaginative,1,1.0
Guido Lassells,Gregor Gomez,Analytic,2,1.0
Guido Lassells,Gregor Gomez,Independent,2,3.0
Guido Lassells,Gregor Gomez,Determined,2,1.0
Guido Lassells,Gregor Gomez,Professional,2,1.0
Guido Lassells,Gregor Gomez,Studious,2,1.0
Guido Lassells,Gregor Gomez,Imaginative,2,4.0
Verena Townes,Gregor Gomez,Analytic,1,4.0
Verena Townes,Gregor Gomez,Independent,1,3.0
Verena Townes,Gregor Gomez,Determined,1,6.0
Verena Townes,Gregor Gomez,Professional,1,2.0
Verena Townes,Gregor Gomez,Studious,1,4.0
Verena Townes,Gregor Gomez,Imaginative,1,4.0
Verena Townes,Gregor Gomez,Analytic,2,4.0
Verena Townes,Gregor Gomez,Independent,2,6.0
Verena Townes,Gregor Gomez,Determined,2,1.0
Verena Townes,Gregor Gomez,Professional,2,2.0
Verena Townes,Gregor Gomez,Studious,2,1.0
Verena Townes,Gregor Gomez,Imaginative,2,1.0
Verena Townes,Gregor Gomez,Analytic,3,2.0
Verena Townes,Gregor Gomez,Independent,3,5.0
Verena Townes,Gregor Gomez,Determined,3,6.0
Verena Townes,Gregor Gomez,Professional,3,2.0
Verena Townes,Gregor Gomez,Studious,3,2.0
Verena Townes,Gregor Gomez,Imaginative,3,1.0
Verena Townes,Gregor Gomez,Analytic,4,8.0
Verena Townes,Gregor Gomez,Independent,4,2.0
Verena Townes,Gregor Gomez,Determined,4,6.0
Verena Townes,Gregor Gomez,Professional,4,6.0
Verena Townes,Gregor Gomez,Studious,4,8.0
Verena Townes,Gregor Gomez,Imaginative,4,8.0
Verena Townes,Gregor Gomez,Analytic,5,7.0
Verena Townes,Gregor Gomez,Independent,5,5.0
Verena Townes,Gregor Gomez,Determined,5,8.0
Verena Townes,Gregor Gomez,Professional,5,6.0
Verena Townes,Gregor Gomez,Studious,5,7.0
Verena Townes,Gregor Gomez,Imaginative,5,8.0
Verena Townes,Gregor Gomez,Analytic,6,1.0
Verena Townes,Gregor Gomez,Independent,6,7.0
Verena Townes,Gregor Gomez,Determined,6,8.0
Verena Townes,Gregor Gomez,Professional,6,1.0
Verena Townes,Gregor Gomez,Studious,6,7.0
Verena Townes,Gregor Gomez,Imaginative,6,8.0
Verena Townes,Gregor Gomez,Analytic,7,6.0
Verena Townes,Gregor Gomez,Independent,7,8.0
Verena Townes,Gregor Gomez,Determined,7,8.0
Verena Townes,Gregor Gomez,Professional,7,8.0
Verena Townes,Gregor Gomez,Studious,7,8.0
Verena Townes,Gregor Gomez,Imaginative,7,8.0
Verena Townes,Gregor Gomez,Analytic,8,3.0
Verena Townes,Gregor Gomez,Independent,8,8.0
Verena Townes,Gregor Gomez,Determined,8,7.0
Verena Townes,Gregor Gomez,Professional,8,7.0
Verena Townes,Gregor Gomez,Studious,8,8.0
Verena Townes,Gregor Gomez,Imaginative,8,8.0
Verena Townes,Gregor Gomez,Analytic,9,8.0
Verena Townes,Gregor Gomez,Independent,9,8.0
Verena Townes,Gregor Gomez,Determined,9,8.0
Verena Townes,Gregor Gomez,Professional,9,8.0
Verena Townes,Gregor Gomez,Studious,9,8.0
Verena Townes,Gregor Gomez,Imaginative,9,8.0
Verena Townes,Gregor Gomez,Analytic,10,8.0
Verena Townes,Gregor Gomez,Independent,10,8.0
Verena Townes,Gregor Gomez,Determined,10,8.0
Verena Townes,Gregor Gomez,Professional,10,8.0
Verena Townes,Gregor Gomez,Studious,10,8.0
Verena Townes,Gregor Gomez,Imaginative,10,8.0
Kylie Cordell,Gregor Gomez,Analytic,1,3.0
Kylie Cordell,Gregor Gomez,Independent,1,2.0
Kylie Cordell,Gregor Gomez,Determined,1,7.0
Kylie Cordell,Gregor Gomez,Professional,1,5.0
Kylie Cordell,Gregor Gomez,Studious,1,4.0
Kylie Cordell,Gregor Gomez,Imaginative,1,4.0
Kylie Cordell,Gregor Gomez,Analytic,2,6.0
Kylie Cordell,Gregor Gomez,Independent,2,6.0
Kylie Cordell,Gregor Gomez,Determined,2,2.0
Kylie Cordell,Gregor Gomez,Professional,2,3.0
Kylie Cordell,Gregor Gomez,Studious,2,2.0
Kylie Cordell,Gregor Gomez,Imaginative,2,3.0
Kylie Cordell,Gregor Gomez,Analytic,3,2.0
Kylie Cordell,Gregor Gomez,Independent,3,1.0
Kylie Cordell,Gregor Gomez,Determined,3,4.0
Kylie Cordell,Gregor Gomez,Professional,3,2.0
Kylie Cordell,Gregor Gomez,Studious,3,4.0
Kylie Cordell,Gregor Gomez,Imaginative,3,2.0
Kylie Cordell,Gregor Gomez,Analytic,4,3.0
Kylie Cordell,Gregor Gomez,Independent,4,6.0
Kylie Cordell,Gregor Gomez,Determined,4,2.0
Kylie Cordell,Gregor Gomez,Professional,4,4.0
Kylie Cordell,Gregor Gomez,Studious,4,5.0
Kylie Cordell,Gregor Gomez,Imaginative,4,7.0
Kylie Cordell,Gregor Gomez,Analytic,5,7.0
Kylie Cordell,Gregor Gomez,Independent,5,4.0
Kylie Cordell,Gregor Gomez,Determined,5,8.0
Kylie Cordell,Gregor Gomez,Professional,5,7.0
Kylie Cordell,Gregor Gomez,Studious,5,8.0
Kylie Cordell,Gregor Gomez,Imaginative,5,8.0
Kylie Cordell,Gregor Gomez,Analytic,6,8.0
Kylie Cordell,Gregor Gomez,Independent,6,7.0
Kylie Cordell,Gregor Gomez,Determined,6,5.0
Kylie Cordell,Gregor Gomez,Professional,6,4.0
Kylie Cordell,Gregor Gomez,Studious,6,5.0
Kylie Cordell,Gregor Gomez,Imaginative,6,3.0
Kylie Cordell,Gregor Gomez,Analytic,7,8.0
Kylie Cordell,Gregor Gomez,Independent,7,6.0
Kylie Cordell,Gregor Gomez,Determined,7,8.0
Kylie Cordell,Gregor Gomez,Professional,7,3.0
Kylie Cordell,Gregor Gomez,Studious,7,8.0
Kylie Cordell,Gregor Gomez,Imaginative,7,6.0
Kylie Cordell,Gregor Gomez,Analytic,8,5.0
Kylie Cordell,Gregor Gomez,Independent,8,8.0
Kylie Cordell,Gregor Gomez,Determined,8,8.0
Kylie Cordell,Gregor Gomez,Professional,8,8.0
Kylie Cordell,Gregor Gomez,Studious,8,8.0
Kylie Cordell,Gregor Gomez,Imaginative,8,7.0
Kylie Cordell,Gregor Gomez,Analytic,9,8.0
Kylie Cordell,Gregor Gomez,Independent,9,6.0
Kylie Cordell,Gregor Gomez,Determined,9,8.0
Kylie Cordell,Gregor Gomez,Professional,9,8.0
Kylie Cordell,Gregor Gomez,Studious,9,8.0
Kylie Cordell,Gregor Gomez,Imaginative,9,7.0
Kylie Cordell,Gregor Gomez,Analytic,10,8.0
Kylie Cordell,Gregor Gomez,Independent,10,8.0
Kylie Cordell,Gregor Gomez,Determined,10,8.0
Kylie Cordell,Gregor Gomez,Professional,10,8.0
Kylie Cordell,Gregor Gomez,Studious,10,8.0
Kylie Cordell,Gregor Gomez,Imaginative,10,8.0
Cornelia Artist,Hamzah Melia,Analytic,1,3.0
Cornelia Artist,Hamzah Melia,Independent,1,5.0
Cornelia Artist,Hamzah Melia,Determined,1,2.0
Cornelia Artist,Hamzah Melia,Professional,1,4.0
Cornelia Artist,Hamzah Melia,Studious,1,1.0
Cornelia Artist,Hamzah Melia,Imaginative,1,3.0
Cornelia Artist,Hamzah Melia,Analytic,2,2.0
Cornelia Artist,Hamzah Melia,Independent,2,1.0
Cornelia Artist,Hamzah Melia,Determined,2,5.0
Cornelia Artist,Hamzah Melia,Professional,2,3.0
Cornelia Artist,Hamzah Melia,Studious,2,4.0
Cornelia Artist,Hamzah Melia,Imaginative,2,3.0
Cornelia Artist,Hamzah Melia,Analytic,3,3.0
Cornelia Artist,Hamzah Melia,Independent,3,8.0
Cornelia Artist,Hamzah Melia,Determined,3,1.0
Cornelia Artist,Hamzah Melia,Professional,3,2.0
Cornelia Artist,Hamzah Melia,Studious,3,2.0
Cornelia Artist,Hamzah Melia,Imaginative,3,1.0
Cornelia Artist,Hamzah Melia,Analytic,4,8.0
Cornelia Artist,Hamzah Melia,Independent,4,4.0
Cornelia Artist,Hamzah Melia,Determined,4,2.0
Cornelia Artist,Hamzah Melia,Professional,4,5.0
Cornelia Artist,Hamzah Melia,Studious,4,2.0
Cornelia Artist,Hamzah Melia,Imaginative,4,5.0
Cornelia Artist,Hamzah Melia,Analytic,5,1.0
Cornelia Artist,Hamzah Melia,Independent,5,8.0
Cornelia Artist,Hamzah Melia,Determined,5,6.0
Cornelia Artist,Hamzah Melia,Professional,5,8.0
Cornelia Artist,Hamzah Melia,Studious,5,5.0
Cornelia Artist,Hamzah Melia,Imaginative,5,1.0
Cornelia Artist,Hamzah Melia,Analytic,6,8.0
Cornelia Artist,Hamzah Melia,Independent,6,3.0
Cornelia Artist,Hamzah Melia,Determined,6,8.0
Cornelia Artist,Hamzah Melia,Professional,6,8.0
Cornelia Artist,Hamzah Melia,Studious,6,8.0
Cornelia Artist,Hamzah Melia,Imaginative,6,5.0
Cornelia Artist,Hamzah Melia,Analytic,7,8.0
Cornelia Artist,Hamzah Melia,Independent,7,8.0
Cornelia Artist,Hamzah Melia,Determined,7,8.0
Cornelia Artist,Hamzah Melia,Professional,7,8.0
Cornelia Artist,Hamzah Melia,Studious,7,7.0
Cornelia Artist,Hamzah Melia,Imaginative,7,8.0
Cornelia Artist,Hamzah Melia,Analytic,8,8.0
Cornelia Artist,Hamzah Melia,Independent,8,8.0
Cornelia Artist,Hamzah Melia,Determined,8,8.0
Cornelia Artist,Hamzah Melia,Professional,8,8.0
Cornelia Artist,Hamzah Melia,Studious,8,6.0
Cornelia Artist,Hamzah Melia,Imaginative,8,8.0
Hanni Katt,Hamzah Melia,Analytic,1,6.0
Hanni Katt,Hamzah Melia,Independent,1,1.0
Hanni Katt,Hamzah Melia,Determined,1,2.0
Hanni Katt,Hamzah Melia,Professional,1,1.0
Hanni Katt,Hamzah Melia,Studious,1,5.0
Hanni Katt,Hamzah Melia,Imaginative,1,7.0
Hanni Katt,Hamzah Melia,Analytic,2,5.0
Hanni Katt,Hamzah Melia,Independent,2,2.0
Hanni Katt,Hamzah Melia,Determined,2,6.0
Hanni Katt,Hamzah Melia,Professional,2,2.0
Hanni Katt,Hamzah Melia,Studious,2,2.0
Hanni Katt,Hamzah Melia,Imaginative,2,1.0
Hanni Katt,Hamzah Melia,Analytic,3,5.0
Hanni Katt,Hamzah Melia,Independent,3,2.0
Hanni Katt,Hamzah Melia,Determined,3,5.0
Hanni Katt,Hamzah Melia,Professional,3,3.0
Hanni Katt,Hamzah Melia,Studious,3,3.0
Hanni Katt,Hamzah Melia,Imaginative,3,2.0
Hanni Katt,Hamzah Melia,Analytic,4,5.0
Hanni Katt,Hamzah Melia,Independent,4,4.0
Hanni Katt,Hamzah Melia,Determined,4,4.0
Hanni Katt,Hamzah Melia,Professional,4,8.0
Hanni Katt,Hamzah Melia,Studious,4,3.0
Hanni Katt,Hamzah Melia,Imaginative,4,8.0
Hanni Katt,Hamzah Melia,Analytic,5,4.0
Hanni Katt,Hamzah Melia,Independent,5,6.0
Hanni Katt,Hamzah Melia,Determined,5,7.0
Hanni Katt,Hamzah Melia,Professional,5,7.0
Hanni Katt,Hamzah Melia,Studious,5,8.0
Hanni Katt,Hamzah Melia,Imaginative,5,5.0
Hanni Katt,Hamzah Melia,Analytic,6,3.0
Hanni Katt,Hamzah Melia,Independent,6,2.0
Hanni Katt,Hamzah Melia,Determined,6,8.0
Hanni Katt,Hamzah Melia,Professional,6,5.0
Hanni Katt,Hamzah Melia,Studious,6,6.0
Hanni Katt,Hamzah Melia,Imaginative,6,8.0
Hanni Katt,Hamzah Melia,Analytic,7,8.0
Hanni Katt,Hamzah Melia,Independent,7,8.0
Hanni Katt,Hamzah Melia,Determined,7,7.0
Hanni Katt,Hamzah Melia,Professional,7,8.0
Hanni Katt,Hamzah Melia,Studious,7,8.0
Hanni Katt,Hamzah Melia,Imaginative,7,8.0
Hanni Katt,Hamzah Melia,Analytic,8,6.0
Hanni Katt,Hamzah Melia,Independent,8,7.0
Hanni Katt,Hamzah Melia,Determined,8,8.0
Hanni Katt,Hamzah Melia,Professional,8,8.0
Hanni Katt,Hamzah Melia,Studious,8,8.0
Hanni Katt,Hamzah Melia,Imaginative,8,7.0
Eric Spritt,Hamzah Melia,Analytic,1,1.0
Eric Spritt,Hamzah Melia,Independent,1,4.0
Eric Spritt,Hamzah Melia,Determined,1,6.0
Eric Spritt,Hamzah Melia,Professional,1,5.0
Eric Spritt,Hamzah Melia,Studious,1,1.0
Eric Spritt,Hamzah Melia,Imaginative,1,1.0
Eric Spritt,Hamzah Melia,Analytic,2,1.0
Eric Spritt,Hamzah Melia,Independent,2,6.0
Eric Spritt,Hamzah Melia,Determined,2,4.0
Eric Spritt,Hamzah Melia,Professional,2,3.0
Eric Spritt,Hamzah Melia,Studious,2,1.0
Eric Spritt,Hamzah Melia,Imaginative,2,6.0
Eric Spritt,Hamzah Melia,Analytic,3,4.0
Eric Spritt,Hamzah Melia,Independent,3,4.0
Eric Spritt,Hamzah Melia,Determined,3,4.0
Eric Spritt,Hamzah Melia,Professional,3,6.0
Eric Spritt,Hamzah Melia,Studious,3,1.0
Eric Spritt,Hamzah Melia,Imaginative,3,4.0
Eric Spritt,Hamzah Melia,Analytic,4,7.0
Eric Spritt,Hamzah Melia,Independent,4,6.0
Eric Spritt,Hamzah Melia,Determined,4,5.0
Eric Spritt,Hamzah Melia,Professional,4,5.0
Eric Spritt,Hamzah Melia,Studious,4,4.0
Eric Spritt,Hamzah Melia,Imaginative,4,4.0
Eric Spritt,Hamzah Melia,Analytic,5,5.0
Eric Spritt,Hamzah Melia,Independent,5,8.0
Eric Spritt,Hamzah Melia,Determined,5,7.0
Eric Spritt,Hamzah Melia,Professional,5,4.0
Eric Spritt,Hamzah Melia,Studious,5,4.0
Eric Spritt,Hamzah Melia,Imaginative,5,5.0
Eric Spritt,Hamzah Melia,Analytic,6,3.0
Eric Spritt,Hamzah Melia,Independent,6,6.0
Eric Spritt,Hamzah Melia,Determined,6,4.0
Eric Spritt,Hamzah Melia,Professional,6,5.0
Eric Spritt,Hamzah Melia,Studious,6,7.0
Eric Spritt,Hamzah Melia,Imaginative,6,8.0
Eric Spritt,Hamzah Melia,Analytic,7,8.0
Eric Spritt,Hamzah Melia,Independent,7,8.0
Eric Spritt,Hamzah Melia,Determined,7,2.0
Eric Spritt,Hamzah Melia,Professional,7,7.0
Eric Spritt,Hamzah Melia,Studious,7,7.0
Eric Spritt,Hamzah Melia,Imaginative,7,8.0
Eric Spritt,Hamzah Melia,Analytic,8,8.0
Eric Spritt,Hamzah Melia,Independent,8,8.0
Eric Spritt,Hamzah Melia,Determined,8,1.0
Eric Spritt,Hamzah Melia,Professional,8,2.0
Eric Spritt,Hamzah Melia,Studious,8,6.0
Eric Spritt,Hamzah Melia,Imaginative,8,7.0
Merrill Mckie,Hamzah Melia,Analytic,1,7.0
Merrill Mckie,Hamzah Melia,Independent,1,3.0
Merrill Mckie,Hamzah Melia,Determined,1,2.0
Merrill Mckie,Hamzah Melia,Professional,1,4.0
Merrill Mckie,Hamzah Melia,Studious,1,2.0
Merrill Mckie,Hamzah Melia,Imaginative,1,2.0
Merrill Mckie,Hamzah Melia,Analytic,2,2.0
Merrill Mckie,Hamzah Melia,Independent,2,3.0
Merrill Mckie,Hamzah Melia,Determined,2,5.0
Merrill Mckie,Hamzah Melia,Professional,2,7.0
Merrill Mckie,Hamzah Melia,Studious,2,3.0
Merrill Mckie,Hamzah Melia,Imaginative,2,1.0
Merrill Mckie,Hamzah Melia,Analytic,3,4.0
Merrill Mckie,Hamzah Melia,Independent,3,1.0
Merrill Mckie,Hamzah Melia,Determined,3,2.0
Merrill Mckie,Hamzah Melia,Professional,3,3.0
Merrill Mckie,Hamzah Melia,Studious,3,6.0
Merrill Mckie,Hamzah Melia,Imaginative,3,1.0
Merrill Mckie,Hamzah Melia,Analytic,4,4.0
Merrill Mckie,Hamzah Melia,Independent,4,2.0
Merrill Mckie,Hamzah Melia,Determined,4,8.0
Merrill Mckie,Hamzah Melia,Professional,4,8.0
Merrill Mckie,Hamzah Melia,Studious,4,8.0
Merrill Mckie,Hamzah Melia,Imaginative,4,5.0
Merrill Mckie,Hamzah Melia,Analytic,5,7.0
Merrill Mckie,Hamzah Melia,Independent,5,2.0
Merrill Mckie,Hamzah Melia,Determined,5,2.0
Merrill Mckie,Hamzah Melia,Professional,5,8.0
Merrill Mckie,Hamzah Melia,Studious,5,5.0
Merrill Mckie,Hamzah Melia,Imaginative,5,8.0
Merrill Mckie,Hamzah Melia,Analytic,6,7.0
Merrill Mckie,Hamzah Melia,Independent,6,4.0
Merrill Mckie,Hamzah Melia,Determined,6,6.0
Merrill Mckie,Hamzah Melia,Professional,6,6.0
Merrill Mckie,Hamzah Melia,Studious,6,8.0
Merrill Mckie,Hamzah Melia,Imaginative,6,7.0
Merrill Mckie,Hamzah Melia,Analytic,7,8.0
Merrill Mckie,Hamzah Melia,Independent,7,8.0
Merrill Mckie,Hamzah Melia,Determined,7,8.0
Merrill Mckie,Hamzah Melia,Professional,7,2.0
Merrill Mckie,Hamzah Melia,Studious,7,8.0
Merrill Mckie,Hamzah Melia,Imaginative,7,5.0
Merrill Mckie,Hamzah Melia,Analytic,8,8.0
Merrill Mckie,Hamzah Melia,Independent,8,8.0
Merrill Mckie,Hamzah Melia,Determined,8,4.0
Merrill Mckie,Hamzah Melia,Professional,8,8.0
Merrill Mckie,Hamzah Melia,Studious,8,8.0
Merrill Mckie,Hamzah Melia,Imaginative,8,8.0
Marcela Riding,Hamzah Melia,Analytic,1,3.0
Marcela Riding,Hamzah Melia,Independent,1,4.0
Marcela Riding,Hamzah Melia,Determined,1,3.0
Marcela Riding,Hamzah Melia,Professional,1,2.0
Marcela Riding,Hamzah Melia,Studious,1,4.0
Marcela Riding,Hamzah Melia,Imaginative,1,3.0
Marcela Riding,Hamzah Melia,Analytic,2,1.0
Marcela Riding,Hamzah Melia,Independent,2,3.0
Marcela Riding,Hamzah Melia,Determined,2,2.0
Marcela Riding,Hamzah Melia,Professional,2,1.0
Marcela Riding,Hamzah Melia,Studious,2,1.0
Marcela Riding,Hamzah Melia,Imaginative,2,3.0
Lea Normington,Hamzah Melia,Analytic,1,2.0
Lea Normington,Hamzah Melia,Independent,1,1.0
Lea Normington,Hamzah Melia,Determined,1,3.0
Lea Normington,Hamzah Melia,Professional,1,4.0
Lea Normington,Hamzah Melia,Studious,1,3.0
Lea Normington,Hamzah Melia,Imaginative,1,1.0
Lea Normington,Hamzah Melia,Analytic,2,4.0
Lea Normington,Hamzah Melia,Independent,2,2.0
Lea Normington,Hamzah Melia,Determined,2,6.0
Lea Normington,Hamzah Melia,Professional,2,4.0
Lea Normington,Hamzah Melia,Studious,2,5.0
Lea Normington,Hamzah Melia,Imaginative,2,1.0
Lea Normington,Hamzah Melia,Analytic,3,2.0
Lea Normington,Hamzah Melia,Independent,3,5.0
Lea Normington,Hamzah Melia,Determined,3,4.0
Lea Normington,Hamzah Melia,Professional,3,1.0
Lea Normington,Hamzah Melia,Studious,3,3.0
Lea Normington,Hamzah Melia,Imaginative,3,2.0
Lea Normington,Hamzah Melia,Analytic,4,6.0
Lea Normington,Hamzah Melia,Independent,4,8.0
Lea Normington,Hamzah Melia,Determined,4,6.0
Lea Normington,Hamzah Melia,Professional,4,8.0
Lea Normington,Hamzah Melia,Studious,4,6.0
Lea Normington,Hamzah Melia,Imaginative,4,5.0
Lea Normington,Hamzah Melia,Analytic,5,5.0
Lea Normington,Hamzah Melia,Independent,5,8.0
Lea Normington,Hamzah Melia,Determined,5,8.0
Lea Normington,Hamzah Melia,Professional,5,6.0
Lea Normington,Hamzah Melia,Studious,5,6.0
Lea Normington,Hamzah Melia,Imaginative,5,8.0
Lea Normington,Hamzah Melia,Analytic,6,8.0
Lea Normington,Hamzah Melia,Independent,6,2.0
Lea Normington,Hamzah Melia,Determined,6,7.0
Lea Normington,Hamzah Melia,Professional,6,8.0
Lea Normington,Hamzah Melia,Studious,6,5.0
Lea Normington,Hamzah Melia,Imaginative,6,4.0
Lea Normington,Hamzah Melia,Analytic,7,7.0
Lea Normington,Hamzah Melia,Independent,7,7.0
Lea Normington,Hamzah Melia,Determined,7,8.0
Lea Normington,Hamzah Melia,Professional,7,7.0
Lea Normington,Hamzah Melia,Studious,7,8.0
Lea Normington,Hamzah Melia,Imaginative,7,6.0
Lea Normington,Hamzah Melia,Analytic,8,8.0
Lea Normington,Hamzah Melia,Independent,8,7.0
Lea Normington,Hamzah Melia,Determined,8,6.0
Lea Normington,Hamzah Melia,Professional,8,8.0
Lea Normington,Hamzah Melia,Studious,8,4.0
Lea Normington,Hamzah Melia,Imaginative,8,8.0
Aguste Tann,Hamzah Melia,Analytic,1,4.0
Aguste Tann,Hamzah Melia,Independent,1,3.0
Aguste Tann,Hamzah Melia,Determined,1,4.0
Aguste Tann,Hamzah Melia,Professional,1,4.0
Aguste Tann,Hamzah Melia,Studious,1,3.0
Aguste Tann,Hamzah Melia,Imaginative,1,2.0
Aguste Tann,Hamzah Melia,Analytic,2,4.0
Aguste Tann,Hamzah Melia,Independent,2,2.0
Aguste Tann,Hamzah Melia,Determined,2,2.0
Aguste Tann,Hamzah Melia,Professional,2,3.0
Aguste Tann,Hamzah Melia,Studious,2,1.0
Aguste Tann,Hamzah Melia,Imaginative,2,1.0
Aguste Tann,Hamzah Melia,Analytic,3,1.0
Aguste Tann,Hamzah Melia,Independent,3,3.0
Aguste Tann,Hamzah Melia,Determined,3,1.0
Aguste Tann,Hamzah Melia,Professional,3,5.0
Aguste Tann,Hamzah Melia,Studious,3,1.0
Aguste Tann,Hamzah Melia,Imaginative,3,2.0
Aguste Tann,Hamzah Melia,Analytic,4,6.0
Aguste Tann,Hamzah Melia,Independent,4,4.0
Aguste Tann,Hamzah Melia,Determined,4,8.0
Aguste Tann,Hamzah Melia,Professional,4,4.0
Aguste Tann,Hamzah Melia,Studious,4,4.0
Aguste Tann,Hamzah Melia,Imaginative,4,7.0
Aguste Tann,Hamzah Melia,Analytic,5,8.0
Aguste Tann,Hamzah Melia,Independent,5,3.0
Aguste Tann,Hamzah Melia,Determined,5,8.0
Aguste Tann,Hamzah Melia,Professional,5,8.0
Aguste Tann,Hamzah Melia,Studious,5,4.0
Aguste Tann,Hamzah Melia,Imaginative,5,6.0
Aguste Tann,Hamzah Melia,Analytic,6,6.0
Aguste Tann,Hamzah Melia,Independent,6,5.0
Aguste Tann,Hamzah Melia,Determined,6,3.0
Aguste Tann,Hamzah Melia,Professional,6,8.0
Aguste Tann,Hamzah Melia,Studious,6,8.0
Aguste Tann,Hamzah Melia,Imaginative,6,5.0
Aguste Tann,Hamzah Melia,Analytic,7,8.0
Aguste Tann,Hamzah Melia,Independent,7,7.0
Aguste Tann,Hamzah Melia,Determined,7,7.0
Aguste Tann,Hamzah Melia,Professional,7,6.0
Aguste Tann,Hamzah Melia,Studious,7,6.0
Aguste Tann,Hamzah Melia,Imaginative,7,8.0
Aguste Tann,Hamzah Melia,Analytic,8,8.0
Aguste Tann,Hamzah Melia,Independent,8,8.0
Aguste Tann,Hamzah Melia,Determined,8,5.0
Aguste Tann,Hamzah Melia,Professional,8,8.0
Aguste Tann,Hamzah Melia,Studious,8,8.0
Aguste Tann,Hamzah Melia,Imaginative,8,3.0
Anet Satterley,Hamzah Melia,Analytic,1,7.0
Anet Satterley,Hamzah Melia,Independent,1,1.0
Anet Satterley,Hamzah Melia,Determined,1,4.0
Anet Satterley,Hamzah Melia,Professional,1,2.0
Anet Satterley,Hamzah Melia,Studious,1,2.0
Anet Satterley,Hamzah Melia,Imaginative,1,3.0
Anet Satterley,Hamzah Melia,Analytic,2,1.0
Anet Satterley,Hamzah Melia,Independent,2,5.0
Anet Satterley,Hamzah Melia,Determined,2,3.0
Anet Satterley,Hamzah Melia,Professional,2,3.0
Anet Satterley,Hamzah Melia,Studious,2,3.0
Anet Satterley,Hamzah Melia,Imaginative,2,3.0
Anet Satterley,Hamzah Melia,Analytic,3,4.0
Anet Satterley,Hamzah Melia,Independent,3,7.0
Anet Satterley,Hamzah Melia,Determined,3,4.0
Anet Satterley,Hamzah Melia,Professional,3,3.0
Anet Satterley,Hamzah Melia,Studious,3,1.0
Anet Satterley,Hamzah Melia,Imaginative,3,4.0
Anet Satterley,Hamzah Melia,Analytic,4,4.0
Anet Satterley,Hamzah Melia,Independent,4,6.0
Anet Satterley,Hamzah Melia,Determined,4,8.0
Anet Satterley,Hamzah Melia,Professional,4,5.0
Anet Satterley,Hamzah Melia,Studious,4,5.0
Anet Satterley,Hamzah Melia,Imaginative,4,8.0
Anet Satterley,Hamzah Melia,Analytic,5,7.0
Anet Satterley,Hamzah Melia,Independent,5,8.0
Anet Satterley,Hamzah Melia,Determined,5,2.0
Anet Satterley,Hamzah Melia,Professional,5,8.0
Anet Satterley,Hamzah Melia,Studious,5,5.0
Anet Satterley,Hamzah Melia,Imaginative,5,3.0
Anet Satterley,Hamzah Melia,Analytic,6,2.0
Anet Satterley,Hamzah Melia,Independent,6,5.0
Anet Satterley,Hamzah Melia,Determined,6,6.0
Anet Satterley,Hamzah Melia,Professional,6,8.0
Anet Satterley,Hamzah Melia,Studious,6,7.0
Anet Satterley,Hamzah Melia,Imaginative,6,6.0
Anet Satterley,Hamzah Melia,Analytic,7,8.0
Anet Satterley,Hamzah Melia,Independent,7,8.0
Anet Satterley,Hamzah Melia,Determined,7,8.0
Anet Satterley,Hamzah Melia,Professional,7,8.0
Anet Satterley,Hamzah Melia,Studious,7,6.0
Anet Satterley,Hamzah Melia,Imaginative,7,8.0
Anet Satterley,Hamzah Melia,Analytic,8,8.0
Anet Satterley,Hamzah Melia,Independent,8,7.0
Anet Satterley,Hamzah Melia,Determined,8,8.0
Anet Satterley,Hamzah Melia,Professional,8,7.0
Anet Satterley,Hamzah Melia,Studious,8,5.0
Anet Satterley,Hamzah Melia,Imaginative,8,7.0
Agace O'Shields,Hamzah Melia,Analytic,1,4.0
Agace O'Shields,Hamzah Melia,Independent,1,2.0
Agace O'Shields,Hamzah Melia,Determined,1,2.0
Agace O'Shields,Hamzah Melia,Professional,1,3.0
Agace O'Shields,Hamzah Melia,Studious,1,1.0
Agace O'Shields,Hamzah Melia,Imaginative,1,6.0
Agace O'Shields,Hamzah Melia,Analytic,2,1.0
Agace O'Shields,Hamzah Melia,Independent,2,4.0
Agace O'Shields,Hamzah Melia,Determined,2,4.0
Agace O'Shields,Hamzah Melia,Professional,2,2.0
Agace O'Shields,Hamzah Melia,Studious,2,1.0
Agace O'Shields,Hamzah Melia,Imaginative,2,5.0
Agace O'Shields,Hamzah Melia,Analytic,3,2.0
Agace O'Shields,Hamzah Melia,Independent,3,2.0
Agace O'Shields,Hamzah Melia,Determined,3,3.0
Agace O'Shields,Hamzah Melia,Professional,3,1.0
Agace O'Shields,Hamzah Melia,Studious,3,1.0
Agace O'Shields,Hamzah Melia,Imaginative,3,6.0
Agace O'Shields,Hamzah Melia,Analytic,4,8.0
Agace O'Shields,Hamzah Melia,Independent,4,8.0
Agace O'Shields,Hamzah Melia,Determined,4,6.0
Agace O'Shields,Hamzah Melia,Professional,4,7.0
Agace O'Shields,Hamzah Melia,Studious,4,8.0
Agace O'Shields,Hamzah Melia,Imaginative,4,7.0
Agace O'Shields,Hamzah Melia,Analytic,5,6.0
Agace O'Shields,Hamzah Melia,Independent,5,6.0
Agace O'Shields,Hamzah Melia,Determined,5,8.0
Agace O'Shields,Hamzah Melia,Professional,5,8.0
Agace O'Shields,Hamzah Melia,Studious,5,8.0
Agace O'Shields,Hamzah Melia,Imaginative,5,3.0
Agace O'Shields,Hamzah Melia,Analytic,6,8.0
Agace O'Shields,Hamzah Melia,Independent,6,8.0
Agace O'Shields,Hamzah Melia,Determined,6,3.0
Agace O'Shields,Hamzah Melia,Professional,6,4.0
Agace O'Shields,Hamzah Melia,Studious,6,4.0
Agace O'Shields,Hamzah Melia,Imaginative,6,2.0
Agace O'Shields,Hamzah Melia,Analytic,7,8.0
Agace O'Shields,Hamzah Melia,Independent,7,5.0
Agace O'Shields,Hamzah Melia,Determined,7,3.0
Agace O'Shields,Hamzah Melia,Professional,7,7.0
Agace O'Shields,Hamzah Melia,Studious,7,4.0
Agace O'Shields,Hamzah Melia,Imaginative,7,2.0
Agace O'Shields,Hamzah Melia,Analytic,8,8.0
Agace O'Shields,Hamzah Melia,Independent,8,8.0
Agace O'Shields,Hamzah Melia,Determined,8,8.0
Agace O'Shields,Hamzah Melia,Professional,8,8.0
Agace O'Shields,Hamzah Melia,Studious,8,6.0
Agace O'Shields,Hamzah Melia,Imaginative,8,8.0
Matteo Yeowell,Burhan Milner,Analytic,1,3.0
Matteo Yeowell,Burhan Milner,Independent,1,5.0
Matteo Yeowell,Burhan Milner,Determined,1,2.0
Matteo Yeowell,Burhan Milner,Professional,1,1.0
Matteo Yeowell,Burhan Milner,Studious,1,3.0
Matteo Yeowell,Burhan Milner,Imaginative,1,5.0
Matteo Yeowell,Burhan Milner,Analytic,2,4.0
Matteo Yeowell,Burhan Milner,Independent,2,1.0
Matteo Yeowell,Burhan Milner,Determined,2,1.0
Matteo Yeowell,Burhan Milner,Professional,2,4.0
Matteo Yeowell,Burhan Milner,Studious,2,4.0
Matteo Yeowell,Burhan Milner,Imaginative,2,4.0
Matteo Yeowell,Burhan Milner,Analytic,3,5.0
Matteo Yeowell,Burhan Milner,Independent,3,4.0
Matteo Yeowell,Burhan Milner,Determined,3,6.0
Matteo Yeowell,Burhan Milner,Professional,3,2.0
Matteo Yeowell,Burhan Milner,Studious,3,7.0
Matteo Yeowell,Burhan Milner,Imaginative,3,3.0
Matteo Yeowell,Burhan Milner,Analytic,4,8.0
Matteo Yeowell,Burhan Milner,Independent,4,4.0
Matteo Yeowell,Burhan Milner,Determined,4,6.0
Matteo Yeowell,Burhan Milner,Professional,4,4.0
Matteo Yeowell,Burhan Milner,Studious,4,6.0
Matteo Yeowell,Burhan Milner,Imaginative,4,5.0
Matteo Yeowell,Burhan Milner,Analytic,5,8.0
Matteo Yeowell,Burhan Milner,Independent,5,5.0
Matteo Yeowell,Burhan Milner,Determined,5,8.0
Matteo Yeowell,Burhan Milner,Professional,5,8.0
Matteo Yeowell,Burhan Milner,Studious,5,5.0
Matteo Yeowell,Burhan Milner,Imaginative,5,7.0
Matteo Yeowell,Burhan Milner,Analytic,6,6.0
Matteo Yeowell,Burhan Milner,Independent,6,4.0
Matteo Yeowell,Burhan Milner,Determined,6,8.0
Matteo Yeowell,Burhan Milner,Professional,6,6.0
Matteo Yeowell,Burhan Milner,Studious,6,7.0
Matteo Yeowell,Burhan Milner,Imaginative,6,5.0
Matteo Yeowell,Burhan Milner,Analytic,7,8.0
Matteo Yeowell,Burhan Milner,Independent,7,7.0
Matteo Yeowell,Burhan Milner,Determined,7,8.0
Matteo Yeowell,Burhan Milner,Professional,7,8.0
Matteo Yeowell,Burhan Milner,Studious,7,8.0
Matteo Yeowell,Burhan Milner,Imaginative,7,8.0
Matteo Yeowell,Burhan Milner,Analytic,8,6.0
Matteo Yeowell,Burhan Milner,Independent,8,8.0
Matteo Yeowell,Burhan Milner,Determined,8,6.0
Matteo Yeowell,Burhan Milner,Professional,8,8.0
Matteo Yeowell,Burhan Milner,Studious,8,8.0
Matteo Yeowell,Burhan Milner,Imaginative,8,8.0
Deck Itzchaki,Burhan Milner,Analytic,1,2.0
Deck Itzchaki,Burhan Milner,Independent,1,3.0
Deck Itzchaki,Burhan Milner,Determined,1,4.0
Deck Itzchaki,Burhan Milner,Professional,1,2.0
Deck Itzchaki,Burhan Milner,Studious,1,4.0
Deck Itzchaki,Burhan Milner,Imaginative,1,3.0
Deck Itzchaki,Burhan Milner,Analytic,2,2.0
Deck Itzchaki,Burhan Milner,Independent,2,1.0
Deck Itzchaki,Burhan Milner,Determined,2,2.0
Deck Itzchaki,Burhan Milner,Professional,2,2.0
Deck Itzchaki,Burhan Milner,Studious,2,2.0
Deck Itzchaki,Burhan Milner,Imaginative,2,3.0
Deck Itzchaki,Burhan Milner,Analytic,3,2.0
Deck Itzchaki,Burhan Milner,Independent,3,1.0
Deck Itzchaki,Burhan Milner,Determined,3,2.0
Deck Itzchaki,Burhan Milner,Professional,3,1.0
Deck Itzchaki,Burhan Milner,Studious,3,2.0
Deck Itzchaki,Burhan Milner,Imaginative,3,6.0
Deck Itzchaki,Burhan Milner,Analytic,4,6.0
Deck Itzchaki,Burhan Milner,Independent,4,8.0
Deck Itzchaki,Burhan Milner,Determined,4,4.0
Deck Itzchaki,Burhan Milner,Professional,4,8.0
Deck Itzchaki,Burhan Milner,Studious,4,3.0
Deck Itzchaki,Burhan Milner,Imaginative,4,6.0
Deck Itzchaki,Burhan Milner,Analytic,5,3.0
Deck Itzchaki,Burhan Milner,Independent,5,6.0
Deck Itzchaki,Burhan Milner,Determined,5,3.0
Deck Itzchaki,Burhan Milner,Professional,5,7.0
Deck Itzchaki,Burhan Milner,Studious,5,7.0
Deck Itzchaki,Burhan Milner,Imaginative,5,4.0
Deck Itzchaki,Burhan Milner,Analytic,6,6.0
Deck Itzchaki,Burhan Milner,Independent,6,7.0
Deck Itzchaki,Burhan Milner,Determined,6,7.0
Deck Itzchaki,Burhan Milner,Professional,6,8.0
Deck Itzchaki,Burhan Milner,Studious,6,3.0
Deck Itzchaki,Burhan Milner,Imaginative,6,3.0
Deck Itzchaki,Burhan Milner,Analytic,7,7.0
Deck Itzchaki,Burhan Milner,Independent,7,7.0
Deck Itzchaki,Burhan Milner,Determined,7,8.0
Deck Itzchaki,Burhan Milner,Professional,7,8.0
Deck Itzchaki,Burhan Milner,Studious,7,8.0
Deck Itzchaki,Burhan Milner,Imaginative,7,8.0
Deck Itzchaki,Burhan Milner,Analytic,8,5.0
Deck Itzchaki,Burhan Milner,Independent,8,8.0
Deck Itzchaki,Burhan Milner,Determined,8,8.0
Deck Itzchaki,Burhan Milner,Professional,8,8.0
Deck Itzchaki,Burhan Milner,Studious,8,8.0
Deck Itzchaki,Burhan Milner,Imaginative,8,8.0
Tarrah Bunny,Burhan Milner,Analytic,1,3.0
Tarrah Bunny,Burhan Milner,Independent,1,6.0
Tarrah Bunny,Burhan Milner,Determined,1,3.0
Tarrah Bunny,Burhan Milner,Professional,1,4.0
Tarrah Bunny,Burhan Milner,Studious,1,3.0
Tarrah Bunny,Burhan Milner,Imaginative,1,5.0
Tarrah Bunny,Burhan Milner,Analytic,2,1.0
Tarrah Bunny,Burhan Milner,Independent,2,1.0
Tarrah Bunny,Burhan Milner,Determined,2,3.0
Tarrah Bunny,Burhan Milner,Professional,2,6.0
Tarrah Bunny,Burhan Milner,Studious,2,3.0
Tarrah Bunny,Burhan Milner,Imaginative,2,2.0
Tarrah Bunny,Burhan Milner,Analytic,3,6.0
Tarrah Bunny,Burhan Milner,Independent,3,1.0
Tarrah Bunny,Burhan Milner,Determined,3,4.0
Tarrah Bunny,Burhan Milner,Professional,3,3.0
Tarrah Bunny,Burhan Milner,Studious,3,5.0
Tarrah Bunny,Burhan Milner,Imaginative,3,3.0
Tarrah Bunny,Burhan Milner,Analytic,4,6.0
Tarrah Bunny,Burhan Milner,Independent,4,8.0
Tarrah Bunny,Burhan Milner,Determined,4,6.0
Tarrah Bunny,Burhan Milner,Professional,4,3.0
Tarrah Bunny,Burhan Milner,Studious,4,7.0
Tarrah Bunny,Burhan Milner,Imaginative,4,8.0
Tarrah Bunny,Burhan Milner,Analytic,5,7.0
Tarrah Bunny,Burhan Milner,Independent,5,6.0
Tarrah Bunny,Burhan Milner,Determined,5,6.0
Tarrah Bunny,Burhan Milner,Professional,5,2.0
Tarrah Bunny,Burhan Milner,Studious,5,8.0
Tarrah Bunny,Burhan Milner,Imaginative,5,4.0
Tarrah Bunny,Burhan Milner,Analytic,6,6.0
Tarrah Bunny,Burhan Milner,Independent,6,5.0
Tarrah Bunny,Burhan Milner,Determined,6,5.0
Tarrah Bunny,Burhan Milner,Professional,6,7.0
Tarrah Bunny,Burhan Milner,Studious,6,4.0
Tarrah Bunny,Burhan Milner,Imaginative,6,2.0
Tarrah Bunny,Burhan Milner,Analytic,7,8.0
Tarrah Bunny,Burhan Milner,Independent,7,8.0
Tarrah Bunny,Burhan Milner,Determined,7,8.0
Tarrah Bunny,Burhan Milner,Professional,7,8.0
Tarrah Bunny,Burhan Milner,Studious,7,7.0
Tarrah Bunny,Burhan Milner,Imaginative,7,7.0
Tarrah Bunny,Burhan Milner,Analytic,8,8.0
Tarrah Bunny,Burhan Milner,Independent,8,8.0
Tarrah Bunny,Burhan Milner,Determined,8,8.0
Tarrah Bunny,Burhan Milner,Professional,8,8.0
Tarrah Bunny,Burhan Milner,Studious,8,8.0
Tarrah Bunny,Burhan Milner,Imaginative,8,4.0
Fairlie Cogzell,Burhan Milner,Analytic,1,5.0
Fairlie Cogzell,Burhan Milner,Independent,1,2.0
Fairlie Cogzell,Burhan Milner,Determined,1,2.0
Fairlie Cogzell,Burhan Milner,Professional,1,3.0
Fairlie Cogzell,Burhan Milner,Studious,1,3.0
Fairlie Cogzell,Burhan Milner,Imaginative,1,3.0
Fairlie Cogzell,Burhan Milner,Analytic,2,3.0
Fairlie Cogzell,Burhan Milner,Independent,2,4.0
Fairlie Cogzell,Burhan Milner,Determined,2,4.0
Fairlie Cogzell,Burhan Milner,Professional,2,2.0
Fairlie Cogzell,Burhan Milner,Studious,2,3.0
Fairlie Cogzell,Burhan Milner,Imaginative,2,3.0
Fairlie Cogzell,Burhan Milner,Analytic,3,1.0
Fairlie Cogzell,Burhan Milner,Independent,3,5.0
Fairlie Cogzell,Burhan Milner,Determined,3,4.0
Fairlie Cogzell,Burhan Milner,Professional,3,2.0
Fairlie Cogzell,Burhan Milner,Studious,3,5.0
Fairlie Cogzell,Burhan Milner,Imaginative,3,5.0
Fairlie Cogzell,Burhan Milner,Analytic,4,7.0
Fairlie Cogzell,Burhan Milner,Independent,4,6.0
Fairlie Cogzell,Burhan Milner,Determined,4,6.0
Fairlie Cogzell,Burhan Milner,Professional,4,3.0
Fairlie Cogzell,Burhan Milner,Studious,4,4.0
Fairlie Cogzell,Burhan Milner,Imaginative,4,4.0
Fairlie Cogzell,Burhan Milner,Analytic,5,6.0
Fairlie Cogzell,Burhan Milner,Independent,5,3.0
Fairlie Cogzell,Burhan Milner,Determined,5,6.0
Fairlie Cogzell,Burhan Milner,Professional,5,5.0
Fairlie Cogzell,Burhan Milner,Studious,5,7.0
Fairlie Cogzell,Burhan Milner,Imaginative,5,8.0
Fairlie Cogzell,Burhan Milner,Analytic,6,6.0
Fairlie Cogzell,Burhan Milner,Independent,6,6.0
Fairlie Cogzell,Burhan Milner,Determined,6,6.0
Fairlie Cogzell,Burhan Milner,Professional,6,2.0
Fairlie Cogzell,Burhan Milner,Studious,6,5.0
Fairlie Cogzell,Burhan Milner,Imaginative,6,4.0
Fairlie Cogzell,Burhan Milner,Analytic,7,7.0
Fairlie Cogzell,Burhan Milner,Independent,7,8.0
Fairlie Cogzell,Burhan Milner,Determined,7,8.0
Fairlie Cogzell,Burhan Milner,Professional,7,7.0
Fairlie Cogzell,Burhan Milner,Studious,7,5.0
Fairlie Cogzell,Burhan Milner,Imaginative,7,7.0
Fairlie Cogzell,Burhan Milner,Analytic,8,7.0
Fairlie Cogzell,Burhan Milner,Independent,8,7.0
Fairlie Cogzell,Burhan Milner,Determined,8,8.0
Fairlie Cogzell,Burhan Milner,Professional,8,8.0
Fairlie Cogzell,Burhan Milner,Studious,8,8.0
Fairlie Cogzell,Burhan Milner,Imaginative,8,8.0
Robinet Renwick,Burhan Milner,Analytic,1,3.0
Robinet Renwick,Burhan Milner,Independent,1,2.0
Robinet Renwick,Burhan Milner,Determined,1,2.0
Robinet Renwick,Burhan Milner,Professional,1,3.0
Robinet Renwick,Burhan Milner,Studious,1,2.0
Robinet Renwick,Burhan Milner,Imaginative,1,2.0
Robinet Renwick,Burhan Milner,Analytic,2,1.0
Robinet Renwick,Burhan Milner,Independent,2,1.0
Robinet Renwick,Burhan Milner,Determined,2,3.0
Robinet Renwick,Burhan Milner,Professional,2,2.0
Robinet Renwick,Burhan Milner,Studious,2,3.0
Robinet Renwick,Burhan Milner,Imaginative,2,5.0
Robinet Renwick,Burhan Milner,Analytic,3,2.0
Robinet Renwick,Burhan Milner,Independent,3,6.0
Robinet Renwick,Burhan Milner,Determined,3,6.0
Robinet Renwick,Burhan Milner,Professional,3,3.0
Robinet Renwick,Burhan Milner,Studious,3,2.0
Robinet Renwick,Burhan Milner,Imaginative,3,2.0
Robinet Renwick,Burhan Milner,Analytic,4,6.0
Robinet Renwick,Burhan Milner,Independent,4,3.0
Robinet Renwick,Burhan Milner,Determined,4,6.0
Robinet Renwick,Burhan Milner,Professional,4,7.0
Robinet Renwick,Burhan Milner,Studious,4,4.0
Robinet Renwick,Burhan Milner,Imaginative,4,8.0
Robinet Renwick,Burhan Milner,Analytic,5,6.0
Robinet Renwick,Burhan Milner,Independent,5,6.0
Robinet Renwick,Burhan Milner,Determined,5,8.0
Robinet Renwick,Burhan Milner,Professional,5,7.0
Robinet Renwick,Burhan Milner,Studious,5,8.0
Robinet Renwick,Burhan Milner,Imaginative,5,5.0
Robinet Renwick,Burhan Milner,Analytic,6,7.0
Robinet Renwick,Burhan Milner,Independent,6,3.0
Robinet Renwick,Burhan Milner,Determined,6,5.0
Robinet Renwick,Burhan Milner,Professional,6,5.0
Robinet Renwick,Burhan Milner,Studious,6,3.0
Robinet Renwick,Burhan Milner,Imaginative,6,6.0
Robinet Renwick,Burhan Milner,Analytic,7,5.0
Robinet Renwick,Burhan Milner,Independent,7,8.0
Robinet Renwick,Burhan Milner,Determined,7,7.0
Robinet Renwick,Burhan Milner,Professional,7,8.0
Robinet Renwick,Burhan Milner,Studious,7,7.0
Robinet Renwick,Burhan Milner,Imaginative,7,8.0
Robinet Renwick,Burhan Milner,Analytic,8,8.0
Robinet Renwick,Burhan Milner,Independent,8,8.0
Robinet Renwick,Burhan Milner,Determined,8,8.0
Robinet Renwick,Burhan Milner,Professional,8,6.0
Robinet Renwick,Burhan Milner,Studious,8,8.0
Robinet Renwick,Burhan Milner,Imaginative,8,4.0
Boote Moan,Burhan Milner,Analytic,1,5.0
Boote Moan,Burhan Milner,Independent,1,4.0
Boote Moan,Burhan Milner,Determined,1,3.0
Boote Moan,Burhan Milner,Professional,1,6.0
Boote Moan,Burhan Milner,Studious,1,2.0
Boote Moan,Burhan Milner,Imaginative,1,4.0
Boote Moan,Burhan Milner,Analytic,2,8.0
Boote Moan,Burhan Milner,Independent,2,4.0
Boote Moan,Burhan Milner,Determined,2,1.0
Boote Moan,Burhan Milner,Professional,2,4.0
Boote Moan,Burhan Milner,Studious,2,4.0
Boote Moan,Burhan Milner,Imaginative,2,2.0
Boote Moan,Burhan Milner,Analytic,3,7.0
Boote Moan,Burhan Milner,Independent,3,3.0
Boote Moan,Burhan Milner,Determined,3,2.0
Boote Moan,Burhan Milner,Professional,3,1.0
Boote Moan,Burhan Milner,Studious,3,1.0
Boote Moan,Burhan Milner,Imaginative,3,3.0
Boote Moan,Burhan Milner,Analytic,4,8.0
Boote Moan,Burhan Milner,Independent,4,4.0
Boote Moan,Burhan Milner,Determined,4,8.0
Boote Moan,Burhan Milner,Professional,4,5.0
Boote Moan,Burhan Milner,Studious,4,5.0
Boote Moan,Burhan Milner,Imaginative,4,7.0
Boote Moan,Burhan Milner,Analytic,5,5.0
Boote Moan,Burhan Milner,Independent,5,7.0
Boote Moan,Burhan Milner,Determined,5,4.0
Boote Moan,Burhan Milner,Professional,5,6.0
Boote Moan,Burhan Milner,Studious,5,8.0
Boote Moan,Burhan Milner,Imaginative,5,8.0
Boote Moan,Burhan Milner,Analytic,6,2.0
Boote Moan,Burhan Milner,Independent,6,4.0
Boote Moan,Burhan Milner,Determined,6,7.0
Boote Moan,Burhan Milner,Professional,6,8.0
Boote Moan,Burhan Milner,Studious,6,6.0
Boote Moan,Burhan Milner,Imaginative,6,8.0
Boote Moan,Burhan Milner,Analytic,7,8.0
Boote Moan,Burhan Milner,Independent,7,8.0
Boote Moan,Burhan Milner,Determined,7,5.0
Boote Moan,Burhan Milner,Professional,7,7.0
Boote Moan,Burhan Milner,Studious,7,6.0
Boote Moan,Burhan Milner,Imaginative,7,8.0
Boote Moan,Burhan Milner,Analytic,8,8.0
Boote Moan,Burhan Milner,Independent,8,8.0
Boote Moan,Burhan Milner,Determined,8,6.0
Boote Moan,Burhan Milner,Professional,8,6.0
Boote Moan,Burhan Milner,Studious,8,7.0
Boote Moan,Burhan Milner,Imaginative,8,8.0
Vaughn Wallington,Burhan Milner,Analytic,1,1.0
Vaughn Wallington,Burhan Milner,Independent,1,1.0
Vaughn Wallington,Burhan Milner,Determined,1,2.0
Vaughn Wallington,Burhan Milner,Professional,1,3.0
Vaughn Wallington,Burhan Milner,Studious,1,1.0
Vaughn Wallington,Burhan Milner,Imaginative,1,4.0
Vaughn Wallington,Burhan Milner,Analytic,2,6.0
Vaughn Wallington,Burhan Milner,Independent,2,2.0
Vaughn Wallington,Burhan Milner,Determined,2,4.0
Vaughn Wallington,Burhan Milner,Professional,2,1.0
Vaughn Wallington,Burhan Milner,Studious,2,2.0
Vaughn Wallington,Burhan Milner,Imaginative,2,3.0
Vaughn Wallington,Burhan Milner,Analytic,3,4.0
Vaughn Wallington,Burhan Milner,Independent,3,2.0
Vaughn Wallington,Burhan Milner,Determined,3,2.0
Vaughn Wallington,Burhan Milner,Professional,3,2.0
Vaughn Wallington,Burhan Milner,Studious,3,2.0
Vaughn Wallington,Burhan Milner,Imaginative,3,4.0
Vaughn Wallington,Burhan Milner,Analytic,4,5.0
Vaughn Wallington,Burhan Milner,Independent,4,4.0
Vaughn Wallington,Burhan Milner,Determined,4,7.0
Vaughn Wallington,Burhan Milner,Professional,4,4.0
Vaughn Wallington,Burhan Milner,Studious,4,6.0
Vaughn Wallington,Burhan Milner,Imaginative,4,4.0
Vaughn Wallington,Burhan Milner,Analytic,5,8.0
Vaughn Wallington,Burhan Milner,Independent,5,7.0
Vaughn Wallington,Burhan Milner,Determined,5,5.0
Vaughn Wallington,Burhan Milner,Professional,5,4.0
Vaughn Wallington,Burhan Milner,Studious,5,5.0
Vaughn Wallington,Burhan Milner,Imaginative,5,2.0
Vaughn Wallington,Burhan Milner,Analytic,6,8.0
Vaughn Wallington,Burhan Milner,Independent,6,3.0
Vaughn Wallington,Burhan Milner,Determined,6,4.0
Vaughn Wallington,Burhan Milner,Professional,6,3.0
Vaughn Wallington,Burhan Milner,Studious,6,8.0
Vaughn Wallington,Burhan Milner,Imaginative,6,3.0
Vaughn Wallington,Burhan Milner,Analytic,7,6.0
Vaughn Wallington,Burhan Milner,Independent,7,8.0
Vaughn Wallington,Burhan Milner,Determined,7,8.0
Vaughn Wallington,Burhan Milner,Professional,7,8.0
Vaughn Wallington,Burhan Milner,Studious,7,8.0
Vaughn Wallington,Burhan Milner,Imaginative,7,7.0
Vaughn Wallington,Burhan Milner,Analytic,8,8.0
Vaughn Wallington,Burhan Milner,Independent,8,8.0
Vaughn Wallington,Burhan Milner,Determined,8,8.0
Vaughn Wallington,Burhan Milner,Professional,8,6.0
Vaughn Wallington,Burhan Milner,Studious,8,8.0
Vaughn Wallington,Burhan Milner,Imaginative,8,8.0
Jim Dwerryhouse,Burhan Milner,Analytic,1,5.0
Jim Dwerryhouse,Burhan Milner,Independent,1,3.0
Jim Dwerryhouse,Burhan Milner,Determined,1,4.0
Jim Dwerryhouse,Burhan Milner,Professional,1,3.0
Jim Dwerryhouse,Burhan Milner,Studious,1,4.0
Jim Dwerryhouse,Burhan Milner,Imaginative,1,2.0
Jim Dwerryhouse,Burhan Milner,Analytic,2,1.0
Jim Dwerryhouse,Burhan Milner,Independent,2,1.0
Jim Dwerryhouse,Burhan Milner,Determined,2,5.0
Jim Dwerryhouse,Burhan Milner,Professional,2,2.0
Jim Dwerryhouse,Burhan Milner,Studious,2,4.0
Jim Dwerryhouse,Burhan Milner,Imaginative,2,5.0
Jim Dwerryhouse,Burhan Milner,Analytic,3,1.0
Jim Dwerryhouse,Burhan Milner,Independent,3,2.0
Jim Dwerryhouse,Burhan Milner,Determined,3,2.0
Jim Dwerryhouse,Burhan Milner,Professional,3,2.0
Jim Dwerryhouse,Burhan Milner,Studious,3,3.0
Jim Dwerryhouse,Burhan Milner,Imaginative,3,3.0
Jim Dwerryhouse,Burhan Milner,Analytic,4,5.0
Jim Dwerryhouse,Burhan Milner,Independent,4,3.0
Jim Dwerryhouse,Burhan Milner,Determined,4,3.0
Jim Dwerryhouse,Burhan Milner,Professional,4,7.0
Jim Dwerryhouse,Burhan Milner,Studious,4,8.0
Jim Dwerryhouse,Burhan Milner,Imaginative,4,4.0
Jim Dwerryhouse,Burhan Milner,Analytic,5,7.0
Jim Dwerryhouse,Burhan Milner,Independent,5,5.0
Jim Dwerryhouse,Burhan Milner,Determined,5,4.0
Jim Dwerryhouse,Burhan Milner,Professional,5,7.0
Jim Dwerryhouse,Burhan Milner,Studious,5,7.0
Jim Dwerryhouse,Burhan Milner,Imaginative,5,8.0
Jim Dwerryhouse,Burhan Milner,Analytic,6,3.0
Jim Dwerryhouse,Burhan Milner,Independent,6,8.0
Jim Dwerryhouse,Burhan Milner,Determined,6,8.0
Jim Dwerryhouse,Burhan Milner,Professional,6,7.0
Jim Dwerryhouse,Burhan Milner,Studious,6,7.0
Jim Dwerryhouse,Burhan Milner,Imaginative,6,4.0
Jim Dwerryhouse,Burhan Milner,Analytic,7,8.0
Jim Dwerryhouse,Burhan Milner,Independent,7,7.0
Jim Dwerryhouse,Burhan Milner,Determined,7,8.0
Jim Dwerryhouse,Burhan Milner,Professional,7,8.0
Jim Dwerryhouse,Burhan Milner,Studious,7,7.0
Jim Dwerryhouse,Burhan Milner,Imaginative,7,8.0
Jim Dwerryhouse,Burhan Milner,Analytic,8,8.0
Jim Dwerryhouse,Burhan Milner,Independent,8,8.0
Jim Dwerryhouse,Burhan Milner,Determined,8,8.0
Jim Dwerryhouse,Burhan Milner,Professional,8,8.0
Jim Dwerryhouse,Burhan Milner,Studious,8,8.0
Jim Dwerryhouse,Burhan Milner,Imaginative,8,7.0
Harriett Saffin,Burhan Milner,Analytic,1,3.0
Harriett Saffin,Burhan Milner,Independent,1,4.0
Harriett Saffin,Burhan Milner,Determined,1,3.0
Harriett Saffin,Burhan Milner,Professional,1,1.0
Harriett Saffin,Burhan Milner,Studious,1,3.0
Harriett Saffin,Burhan Milner,Imaginative,1,5.0
Harriett Saffin,Burhan Milner,Analytic,2,2.0
Harriett Saffin,Burhan Milner,Independent,2,3.0
Harriett Saffin,Burhan Milner,Determined,2,4.0
Harriett Saffin,Burhan Milner,Professional,2,1.0
Harriett Saffin,Burhan Milner,Studious,2,4.0
Harriett Saffin,Burhan Milner,Imaginative,2,2.0
Harriett Saffin,Burhan Milner,Analytic,3,2.0
Harriett Saffin,Burhan Milner,Independent,3,7.0
Harriett Saffin,Burhan Milner,Determined,3,1.0
Harriett Saffin,Burhan Milner,Professional,3,1.0
Harriett Saffin,Burhan Milner,Studious,3,7.0
Harriett Saffin,Burhan Milner,Imaginative,3,5.0
Harriett Saffin,Burhan Milner,Analytic,4,6.0
Harriett Saffin,Burhan Milner,Independent,4,4.0
Harriett Saffin,Burhan Milner,Determined,4,8.0
Harriett Saffin,Burhan Milner,Professional,4,1.0
Harriett Saffin,Burhan Milner,Studious,4,7.0
Harriett Saffin,Burhan Milner,Imaginative,4,7.0
Harriett Saffin,Burhan Milner,Analytic,5,7.0
Harriett Saffin,Burhan Milner,Independent,5,7.0
Harriett Saffin,Burhan Milner,Determined,5,6.0
Harriett Saffin,Burhan Milner,Professional,5,6.0
Harriett Saffin,Burhan Milner,Studious,5,4.0
Harriett Saffin,Burhan Milner,Imaginative,5,4.0
Harriett Saffin,Burhan Milner,Analytic,6,7.0
Harriett Saffin,Burhan Milner,Independent,6,6.0
Harriett Saffin,Burhan Milner,Determined,6,5.0
Harriett Saffin,Burhan Milner,Professional,6,8.0
Harriett Saffin,Burhan Milner,Studious,6,8.0
Harriett Saffin,Burhan Milner,Imaginative,6,8.0
Harriett Saffin,Burhan Milner,Analytic,7,8.0
Harriett Saffin,Burhan Milner,Independent,7,5.0
Harriett Saffin,Burhan Milner,Determined,7,5.0
Harriett Saffin,Burhan Milner,Professional,7,6.0
Harriett Saffin,Burhan Milner,Studious,7,8.0
Harriett Saffin,Burhan Milner,Imaginative,7,8.0
Harriett Saffin,Burhan Milner,Analytic,8,8.0
Harriett Saffin,Burhan Milner,Independent,8,8.0
Harriett Saffin,Burhan Milner,Determined,8,4.0
Harriett Saffin,Burhan Milner,Professional,8,8.0
Harriett Saffin,Burhan Milner,Studious,8,8.0
Harriett Saffin,Burhan Milner,Imaginative,8,8.0
Omero Shill,Burhan Milner,Analytic,1,4.0
Omero Shill,Burhan Milner,Independent,1,5.0
Omero Shill,Burhan Milner,Determined,1,2.0
Omero Shill,Burhan Milner,Professional,1,1.0
Omero Shill,Burhan Milner,Studious,1,4.0
Omero Shill,Burhan Milner,Imaginative,1,1.0
Omero Shill,Burhan Milner,Analytic,2,4.0
Omero Shill,Burhan Milner,Independent,2,5.0
Omero Shill,Burhan Milner,Determined,2,3.0
Omero Shill,Burhan Milner,Professional,2,3.0
Omero Shill,Burhan Milner,Studious,2,3.0
Omero Shill,Burhan Milner,Imaginative,2,3.0
Omero Shill,Burhan Milner,Analytic,3,4.0
Omero Shill,Burhan Milner,Independent,3,4.0
Omero Shill,Burhan Milner,Determined,3,2.0
Omero Shill,Burhan Milner,Professional,3,2.0
Omero Shill,Burhan Milner,Studious,3,3.0
Omero Shill,Burhan Milner,Imaginative,3,3.0
Omero Shill,Burhan Milner,Analytic,4,6.0
Omero Shill,Burhan Milner,Independent,4,8.0
Omero Shill,Burhan Milner,Determined,4,5.0
Omero Shill,Burhan Milner,Professional,4,2.0
Omero Shill,Burhan Milner,Studious,4,6.0
Omero Shill,Burhan Milner,Imaginative,4,8.0
Omero Shill,Burhan Milner,Analytic,5,5.0
Omero Shill,Burhan Milner,Independent,5,5.0
Omero Shill,Burhan Milner,Determined,5,3.0
Omero Shill,Burhan Milner,Professional,5,8.0
Omero Shill,Burhan Milner,Studious,5,8.0
Omero Shill,Burhan Milner,Imaginative,5,7.0
Omero Shill,Burhan Milner,Analytic,6,1.0
Omero Shill,Burhan Milner,Independent,6,8.0
Omero Shill,Burhan Milner,Determined,6,4.0
Omero Shill,Burhan Milner,Professional,6,8.0
Omero Shill,Burhan Milner,Studious,6,4.0
Omero Shill,Burhan Milner,Imaginative,6,8.0
Omero Shill,Burhan Milner,Analytic,7,8.0
Omero Shill,Burhan Milner,Independent,7,6.0
Omero Shill,Burhan Milner,Determined,7,5.0
Omero Shill,Burhan Milner,Professional,7,5.0
Omero Shill,Burhan Milner,Studious,7,6.0
Omero Shill,Burhan Milner,Imaginative,7,8.0
Omero Shill,Burhan Milner,Analytic,8,8.0
Omero Shill,Burhan Milner,Independent,8,5.0
Omero Shill,Burhan Milner,Determined,8,8.0
Omero Shill,Burhan Milner,Professional,8,8.0
Omero Shill,Burhan Milner,Studious,8,7.0
Omero Shill,Burhan Milner,Imaginative,8,8.0
Casey Putten,Elly Kelly,Analytic,1,3.0
Casey Putten,Elly Kelly,Independent,1,1.0
Casey Putten,Elly Kelly,Determined,1,3.0
Casey Putten,Elly Kelly,Professional,1,4.0
Casey Putten,Elly Kelly,Studious,1,6.0
Casey Putten,Elly Kelly,Imaginative,1,5.0
Casey Putten,Elly Kelly,Analytic,2,1.0
Casey Putten,Elly Kelly,Independent,2,3.0
Casey Putten,Elly Kelly,Determined,2,2.0
Casey Putten,Elly Kelly,Professional,2,1.0
Casey Putten,Elly Kelly,Studious,2,7.0
Casey Putten,Elly Kelly,Imaginative,2,1.0
Casey Putten,Elly Kelly,Analytic,3,4.0
Casey Putten,Elly Kelly,Independent,3,2.0
Casey Putten,Elly Kelly,Determined,3,3.0
Casey Putten,Elly Kelly,Professional,3,5.0
Casey Putten,Elly Kelly,Studious,3,4.0
Casey Putten,Elly Kelly,Imaginative,3,6.0
Casey Putten,Elly Kelly,Analytic,4,3.0
Casey Putten,Elly Kelly,Independent,4,8.0
Casey Putten,Elly Kelly,Determined,4,5.0
Casey Putten,Elly Kelly,Professional,4,5.0
Casey Putten,Elly Kelly,Studious,4,6.0
Casey Putten,Elly Kelly,Imaginative,4,8.0
Casey Putten,Elly Kelly,Analytic,5,5.0
Casey Putten,Elly Kelly,Independent,5,3.0
Casey Putten,Elly Kelly,Determined,5,5.0
Casey Putten,Elly Kelly,Professional,5,5.0
Casey Putten,Elly Kelly,Studious,5,5.0
Casey Putten,Elly Kelly,Imaginative,5,8.0
Casey Putten,Elly Kelly,Analytic,6,8.0
Casey Putten,Elly Kelly,Independent,6,4.0
Casey Putten,Elly Kelly,Determined,6,1.0
Casey Putten,Elly Kelly,Professional,6,8.0
Casey Putten,Elly Kelly,Studious,6,3.0
Casey Putten,Elly Kelly,Imaginative,6,3.0
Casey Putten,Elly Kelly,Analytic,7,8.0
Casey Putten,Elly Kelly,Independent,7,5.0
Casey Putten,Elly Kelly,Determined,7,6.0
Casey Putten,Elly Kelly,Professional,7,8.0
Casey Putten,Elly Kelly,Studious,7,8.0
Casey Putten,Elly Kelly,Imaginative,7,8.0
Casey Putten,Elly Kelly,Analytic,8,4.0
Casey Putten,Elly Kelly,Independent,8,7.0
Casey Putten,Elly Kelly,Determined,8,8.0
Casey Putten,Elly Kelly,Professional,8,8.0
Casey Putten,Elly Kelly,Studious,8,6.0
Casey Putten,Elly Kelly,Imaginative,8,8.0
Una Caldicot,Elly Kelly,Analytic,1,2.0
Una Caldicot,Elly Kelly,Independent,1,3.0
Una Caldicot,Elly Kelly,Determined,1,5.0
Una Caldicot,Elly Kelly,Professional,1,2.0
Una Caldicot,Elly Kelly,Studious,1,3.0
Una Caldicot,Elly Kelly,Imaginative,1,4.0
Una Caldicot,Elly Kelly,Analytic,2,1.0
Una Caldicot,Elly Kelly,Independent,2,2.0
Una Caldicot,Elly Kelly,Determined,2,1.0
Una Caldicot,Elly Kelly,Professional,2,4.0
Una Caldicot,Elly Kelly,Studious,2,1.0
Una Caldicot,Elly Kelly,Imaginative,2,5.0
Una Caldicot,Elly Kelly,Analytic,3,1.0
Una Caldicot,Elly Kelly,Independent,3,1.0
Una Caldicot,Elly Kelly,Determined,3,4.0
Una Caldicot,Elly Kelly,Professional,3,1.0
Una Caldicot,Elly Kelly,Studious,3,5.0
Una Caldicot,Elly Kelly,Imaginative,3,6.0
Una Caldicot,Elly Kelly,Analytic,4,6.0
Una Caldicot,Elly Kelly,Independent,4,4.0
Una Caldicot,Elly Kelly,Determined,4,8.0
Una Caldicot,Elly Kelly,Professional,4,2.0
Una Caldicot,Elly Kelly,Studious,4,6.0
Una Caldicot,Elly Kelly,Imaginative,4,2.0
Una Caldicot,Elly Kelly,Analytic,5,5.0
Una Caldicot,Elly Kelly,Independent,5,8.0
Una Caldicot,Elly Kelly,Determined,5,8.0
Una Caldicot,Elly Kelly,Professional,5,7.0
Una Caldicot,Elly Kelly,Studious,5,7.0
Una Caldicot,Elly Kelly,Imaginative,5,5.0
Una Caldicot,Elly Kelly,Analytic,6,5.0
Una Caldicot,Elly Kelly,Independent,6,4.0
Una Caldicot,Elly Kelly,Determined,6,6.0
Una Caldicot,Elly Kelly,Professional,6,5.0
Una Caldicot,Elly Kelly,Studious,6,2.0
Una Caldicot,Elly Kelly,Imaginative,6,8.0
Una Caldicot,Elly Kelly,Analytic,7,8.0
Una Caldicot,Elly Kelly,Independent,7,8.0
Una Caldicot,Elly Kelly,Determined,7,7.0
Una Caldicot,Elly Kelly,Professional,7,8.0
Una Caldicot,Elly Kelly,Studious,7,5.0
Una Caldicot,Elly Kelly,Imaginative,7,8.0
Una Caldicot,Elly Kelly,Analytic,8,7.0
Una Caldicot,Elly Kelly,Independent,8,5.0
Una Caldicot,Elly Kelly,Determined,8,7.0
Una Caldicot,Elly Kelly,Professional,8,8.0
Una Caldicot,Elly Kelly,Studious,8,7.0
Una Caldicot,Elly Kelly,Imaginative,8,7.0
Riva Mangeot,Elly Kelly,Analytic,1,4.0
Riva Mangeot,Elly Kelly,Independent,1,7.0
Riva Mangeot,Elly Kelly,Determined,1,2.0
Riva Mangeot,Elly Kelly,Professional,1,2.0
Riva Mangeot,Elly Kelly,Studious,1,2.0
Riva Mangeot,Elly Kelly,Imaginative,1,3.0
Riva Mangeot,Elly Kelly,Analytic,2,3.0
Riva Mangeot,Elly Kelly,Independent,2,1.0
Riva Mangeot,Elly Kelly,Determined,2,3.0
Riva Mangeot,Elly Kelly,Professional,2,4.0
Riva Mangeot,Elly Kelly,Studious,2,2.0
Riva Mangeot,Elly Kelly,Imaginative,2,2.0
Riva Mangeot,Elly Kelly,Analytic,3,2.0
Riva Mangeot,Elly Kelly,Independent,3,4.0
Riva Mangeot,Elly Kelly,Determined,3,1.0
Riva Mangeot,Elly Kelly,Professional,3,1.0
Riva Mangeot,Elly Kelly,Studious,3,2.0
Riva Mangeot,Elly Kelly,Imaginative,3,3.0
Riva Mangeot,Elly Kelly,Analytic,4,1.0
Riva Mangeot,Elly Kelly,Independent,4,3.0
Riva Mangeot,Elly Kelly,Determined,4,8.0
Riva Mangeot,Elly Kelly,Professional,4,8.0
Riva Mangeot,Elly Kelly,Studious,4,3.0
Riva Mangeot,Elly Kelly,Imaginative,4,4.0
Riva Mangeot,Elly Kelly,Analytic,5,8.0
Riva Mangeot,Elly Kelly,Independent,5,3.0
Riva Mangeot,Elly Kelly,Determined,5,6.0
Riva Mangeot,Elly Kelly,Professional,5,8.0
Riva Mangeot,Elly Kelly,Studious,5,8.0
Riva Mangeot,Elly Kelly,Imaginative,5,5.0
Riva Mangeot,Elly Kelly,Analytic,6,6.0
Riva Mangeot,Elly Kelly,Independent,6,5.0
Riva Mangeot,Elly Kelly,Determined,6,4.0
Riva Mangeot,Elly Kelly,Professional,6,7.0
Riva Mangeot,Elly Kelly,Studious,6,8.0
Riva Mangeot,Elly Kelly,Imaginative,6,7.0
Riva Mangeot,Elly Kelly,Analytic,7,8.0
Riva Mangeot,Elly Kelly,Independent,7,8.0
Riva Mangeot,Elly Kelly,Determined,7,8.0
Riva Mangeot,Elly Kelly,Professional,7,8.0
Riva Mangeot,Elly Kelly,Studious,7,4.0
Riva Mangeot,Elly Kelly,Imaginative,7,8.0
Riva Mangeot,Elly Kelly,Analytic,8,6.0
Riva Mangeot,Elly Kelly,Independent,8,8.0
Riva Mangeot,Elly Kelly,Determined,8,8.0
Riva Mangeot,Elly Kelly,Professional,8,6.0
Riva Mangeot,Elly Kelly,Studious,8,6.0
Riva Mangeot,Elly Kelly,Imaginative,8,7.0
Gery Marchment,Elly Kelly,Analytic,1,4.0
Gery Marchment,Elly Kelly,Independent,1,3.0
Gery Marchment,Elly Kelly,Determined,1,4.0
Gery Marchment,Elly Kelly,Professional,1,2.0
Gery Marchment,Elly Kelly,Studious,1,1.0
Gery Marchment,Elly Kelly,Imaginative,1,1.0
Gery Marchment,Elly Kelly,Analytic,2,2.0
Gery Marchment,Elly Kelly,Independent,2,4.0
Gery Marchment,Elly Kelly,Determined,2,3.0
Gery Marchment,Elly Kelly,Professional,2,1.0
Gery Marchment,Elly Kelly,Studious,2,1.0
Gery Marchment,Elly Kelly,Imaginative,2,2.0
Gery Marchment,Elly Kelly,Analytic,3,6.0
Gery Marchment,Elly Kelly,Independent,3,1.0
Gery Marchment,Elly Kelly,Determined,3,2.0
Gery Marchment,Elly Kelly,Professional,3,6.0
Gery Marchment,Elly Kelly,Studious,3,2.0
Gery Marchment,Elly Kelly,Imaginative,3,3.0
Gery Marchment,Elly Kelly,Analytic,4,4.0
Gery Marchment,Elly Kelly,Independent,4,7.0
Gery Marchment,Elly Kelly,Determined,4,4.0
Gery Marchment,Elly Kelly,Professional,4,6.0
Gery Marchment,Elly Kelly,Studious,4,2.0
Gery Marchment,Elly Kelly,Imaginative,4,4.0
Gery Marchment,Elly Kelly,Analytic,5,5.0
Gery Marchment,Elly Kelly,Independent,5,8.0
Gery Marchment,Elly Kelly,Determined,5,2.0
Gery Marchment,Elly Kelly,Professional,5,8.0
Gery Marchment,Elly Kelly,Studious,5,5.0
Gery Marchment,Elly Kelly,Imaginative,5,4.0
Gery Marchment,Elly Kelly,Analytic,6,8.0
Gery Marchment,Elly Kelly,Independent,6,5.0
Gery Marchment,Elly Kelly,Determined,6,4.0
Gery Marchment,Elly Kelly,Professional,6,5.0
Gery Marchment,Elly Kelly,Studious,6,5.0
Gery Marchment,Elly Kelly,Imaginative,6,6.0
Gery Marchment,Elly Kelly,Analytic,7,7.0
Gery Marchment,Elly Kelly,Independent,7,7.0
Gery Marchment,Elly Kelly,Determined,7,7.0
Gery Marchment,Elly Kelly,Professional,7,7.0
Gery Marchment,Elly Kelly,Studious,7,8.0
Gery Marchment,Elly Kelly,Imaginative,7,8.0
Gery Marchment,Elly Kelly,Analytic,8,8.0
Gery Marchment,Elly Kelly,Independent,8,8.0
Gery Marchment,Elly Kelly,Determined,8,8.0
Gery Marchment,Elly Kelly,Professional,8,8.0
Gery Marchment,Elly Kelly,Studious,8,8.0
Gery Marchment,Elly Kelly,Imaginative,8,7.0
Brendan Tithecott,Elly Kelly,Analytic,1,3.0
Brendan Tithecott,Elly Kelly,Independent,1,4.0
Brendan Tithecott,Elly Kelly,Determined,1,4.0
Brendan Tithecott,Elly Kelly,Professional,1,3.0
Brendan Tithecott,Elly Kelly,Studious,1,2.0
Brendan Tithecott,Elly Kelly,Imaginative,1,1.0
Brendan Tithecott,Elly Kelly,Analytic,2,2.0
Brendan Tithecott,Elly Kelly,Independent,2,6.0
Brendan Tithecott,Elly Kelly,Determined,2,1.0
Brendan Tithecott,Elly Kelly,Professional,2,6.0
Brendan Tithecott,Elly Kelly,Studious,2,5.0
Brendan Tithecott,Elly Kelly,Imaginative,2,3.0
Brendan Tithecott,Elly Kelly,Analytic,3,4.0
Brendan Tithecott,Elly Kelly,Independent,3,5.0
Brendan Tithecott,Elly Kelly,Determined,3,1.0
Brendan Tithecott,Elly Kelly,Professional,3,2.0
Brendan Tithecott,Elly Kelly,Studious,3,5.0
Brendan Tithecott,Elly Kelly,Imaginative,3,4.0
Brendan Tithecott,Elly Kelly,Analytic,4,4.0
Brendan Tithecott,Elly Kelly,Independent,4,8.0
Brendan Tithecott,Elly Kelly,Determined,4,6.0
Brendan Tithecott,Elly Kelly,Professional,4,5.0
Brendan Tithecott,Elly Kelly,Studious,4,3.0
Brendan Tithecott,Elly Kelly,Imaginative,4,4.0
Brendan Tithecott,Elly Kelly,Analytic,5,6.0
Brendan Tithecott,Elly Kelly,Independent,5,3.0
Brendan Tithecott,Elly Kelly,Determined,5,5.0
Brendan Tithecott,Elly Kelly,Professional,5,7.0
Brendan Tithecott,Elly Kelly,Studious,5,5.0
Brendan Tithecott,Elly Kelly,Imaginative,5,4.0
Brendan Tithecott,Elly Kelly,Analytic,6,7.0
Brendan Tithecott,Elly Kelly,Independent,6,5.0
Brendan Tithecott,Elly Kelly,Determined,6,7.0
Brendan Tithecott,Elly Kelly,Professional,6,5.0
Brendan Tithecott,Elly Kelly,Studious,6,8.0
Brendan Tithecott,Elly Kelly,Imaginative,6,4.0
Brendan Tithecott,Elly Kelly,Analytic,7,8.0
Brendan Tithecott,Elly Kelly,Independent,7,8.0
Brendan Tithecott,Elly Kelly,Determined,7,8.0
Brendan Tithecott,Elly Kelly,Professional,7,8.0
Brendan Tithecott,Elly Kelly,Studious,7,8.0
Brendan Tithecott,Elly Kelly,Imaginative,7,8.0
Brendan Tithecott,Elly Kelly,Analytic,8,8.0
Brendan Tithecott,Elly Kelly,Independent,8,5.0
Brendan Tithecott,Elly Kelly,Determined,8,8.0
Brendan Tithecott,Elly Kelly,Professional,8,4.0
Brendan Tithecott,Elly Kelly,Studious,8,8.0
Brendan Tithecott,Elly Kelly,Imaginative,8,6.0
Dorice Slides,Elly Kelly,Analytic,1,5.0
Dorice Slides,Elly Kelly,Independent,1,2.0
Dorice Slides,Elly Kelly,Determined,1,3.0
Dorice Slides,Elly Kelly,Professional,1,3.0
Dorice Slides,Elly Kelly,Studious,1,4.0
Dorice Slides,Elly Kelly,Imaginative,1,2.0
Dorice Slides,Elly Kelly,Analytic,2,3.0
Dorice Slides,Elly Kelly,Independent,2,1.0
Dorice Slides,Elly Kelly,Determined,2,1.0
Dorice Slides,Elly Kelly,Professional,2,1.0
Dorice Slides,Elly Kelly,Studious,2,3.0
Dorice Slides,Elly Kelly,Imaginative,2,2.0
Kalinda Leebetter,Elly Kelly,Analytic,1,2.0
Kalinda Leebetter,Elly Kelly,Independent,1,1.0
Kalinda Leebetter,Elly Kelly,Determined,1,2.0
Kalinda Leebetter,Elly Kelly,Professional,1,4.0
Kalinda Leebetter,Elly Kelly,Studious,1,8.0
Kalinda Leebetter,Elly Kelly,Imaginative,1,1.0
Kalinda Leebetter,Elly Kelly,Analytic,2,3.0
Kalinda Leebetter,Elly Kelly,Independent,2,3.0
Kalinda Leebetter,Elly Kelly,Determined,2,2.0
Kalinda Leebetter,Elly Kelly,Professional,2,6.0
Kalinda Leebetter,Elly Kelly,Studious,2,1.0
Kalinda Leebetter,Elly Kelly,Imaginative,2,1.0
Kalinda Leebetter,Elly Kelly,Analytic,3,5.0
Kalinda Leebetter,Elly Kelly,Independent,3,4.0
Kalinda Leebetter,Elly Kelly,Determined,3,1.0
Kalinda Leebetter,Elly Kelly,Professional,3,5.0
Kalinda Leebetter,Elly Kelly,Studious,3,2.0
Kalinda Leebetter,Elly Kelly,Imaginative,3,3.0
Kalinda Leebetter,Elly Kelly,Analytic,4,8.0
Kalinda Leebetter,Elly Kelly,Independent,4,7.0
Kalinda Leebetter,Elly Kelly,Determined,4,5.0
Kalinda Leebetter,Elly Kelly,Professional,4,8.0
Kalinda Leebetter,Elly Kelly,Studious,4,8.0
Kalinda Leebetter,Elly Kelly,Imaginative,4,4.0
Kalinda Leebetter,Elly Kelly,Analytic,5,4.0
Kalinda Leebetter,Elly Kelly,Independent,5,5.0
Kalinda Leebetter,Elly Kelly,Determined,5,8.0
Kalinda Leebetter,Elly Kelly,Professional,5,6.0
Kalinda Leebetter,Elly Kelly,Studious,5,1.0
Kalinda Leebetter,Elly Kelly,Imaginative,5,5.0
Kalinda Leebetter,Elly Kelly,Analytic,6,6.0
Kalinda Leebetter,Elly Kelly,Independent,6,3.0
Kalinda Leebetter,Elly Kelly,Determined,6,8.0
Kalinda Leebetter,Elly Kelly,Professional,6,5.0
Kalinda Leebetter,Elly Kelly,Studious,6,5.0
Kalinda Leebetter,Elly Kelly,Imaginative,6,3.0
Kalinda Leebetter,Elly Kelly,Analytic,7,8.0
Kalinda Leebetter,Elly Kelly,Independent,7,4.0
Kalinda Leebetter,Elly Kelly,Determined,7,7.0
Kalinda Leebetter,Elly Kelly,Professional,7,5.0
Kalinda Leebetter,Elly Kelly,Studious,7,8.0
Kalinda Leebetter,Elly Kelly,Imaginative,7,8.0
Kalinda Leebetter,Elly Kelly,Analytic,8,8.0
Kalinda Leebetter,Elly Kelly,Independent,8,8.0
Kalinda Leebetter,Elly Kelly,Determined,8,8.0
Kalinda Leebetter,Elly Kelly,Professional,8,8.0
Kalinda Leebetter,Elly Kelly,Studious,8,7.0
Kalinda Leebetter,Elly Kelly,Imaginative,8,6.0
Fifi Kingsly,Elly Kelly,Analytic,1,3.0
Fifi Kingsly,Elly Kelly,Independent,1,2.0
Fifi Kingsly,Elly Kelly,Determined,1,5.0
Fifi Kingsly,Elly Kelly,Professional,1,3.0
Fifi Kingsly,Elly Kelly,Studious,1,3.0
Fifi Kingsly,Elly Kelly,Imaginative,1,1.0
Fifi Kingsly,Elly Kelly,Analytic,2,5.0
Fifi Kingsly,Elly Kelly,Independent,2,4.0
Fifi Kingsly,Elly Kelly,Determined,2,2.0
Fifi Kingsly,Elly Kelly,Professional,2,2.0
Fifi Kingsly,Elly Kelly,Studious,2,2.0
Fifi Kingsly,Elly Kelly,Imaginative,2,2.0
Fifi Kingsly,Elly Kelly,Analytic,3,6.0
Fifi Kingsly,Elly Kelly,Independent,3,1.0
Fifi Kingsly,Elly Kelly,Determined,3,7.0
Fifi Kingsly,Elly Kelly,Professional,3,4.0
Fifi Kingsly,Elly Kelly,Studious,3,6.0
Fifi Kingsly,Elly Kelly,Imaginative,3,1.0
Fifi Kingsly,Elly Kelly,Analytic,4,8.0
Fifi Kingsly,Elly Kelly,Independent,4,2.0
Fifi Kingsly,Elly Kelly,Determined,4,8.0
Fifi Kingsly,Elly Kelly,Professional,4,8.0
Fifi Kingsly,Elly Kelly,Studious,4,5.0
Fifi Kingsly,Elly Kelly,Imaginative,4,5.0
Fifi Kingsly,Elly Kelly,Analytic,5,3.0
Fifi Kingsly,Elly Kelly,Independent,5,8.0
Fifi Kingsly,Elly Kelly,Determined,5,5.0
Fifi Kingsly,Elly Kelly,Professional,5,6.0
Fifi Kingsly,Elly Kelly,Studious,5,8.0
Fifi Kingsly,Elly Kelly,Imaginative,5,2.0
Fifi Kingsly,Elly Kelly,Analytic,6,2.0
Fifi Kingsly,Elly Kelly,Independent,6,8.0
Fifi Kingsly,Elly Kelly,Determined,6,8.0
Fifi Kingsly,Elly Kelly,Professional,6,7.0
Fifi Kingsly,Elly Kelly,Studious,6,6.0
Fifi Kingsly,Elly Kelly,Imaginative,6,7.0
Fifi Kingsly,Elly Kelly,Analytic,7,8.0
Fifi Kingsly,Elly Kelly,Independent,7,3.0
Fifi Kingsly,Elly Kelly,Determined,7,8.0
Fifi Kingsly,Elly Kelly,Professional,7,7.0
Fifi Kingsly,Elly Kelly,Studious,7,8.0
Fifi Kingsly,Elly Kelly,Imaginative,7,8.0
Fifi Kingsly,Elly Kelly,Analytic,8,8.0
Fifi Kingsly,Elly Kelly,Independent,8,8.0
Fifi Kingsly,Elly Kelly,Determined,8,5.0
Fifi Kingsly,Elly Kelly,Professional,8,7.0
Fifi Kingsly,Elly Kelly,Studious,8,8.0
Fifi Kingsly,Elly Kelly,Imaginative,8,3.0
Zollie Danks,Elly Kelly,Analytic,1,1.0
Zollie Danks,Elly Kelly,Independent,1,3.0
Zollie Danks,Elly Kelly,Determined,1,1.0
Zollie Danks,Elly Kelly,Professional,1,3.0
Zollie Danks,Elly Kelly,Studious,1,5.0
Zollie Danks,Elly Kelly,Imaginative,1,5.0
Zollie Danks,Elly Kelly,Analytic,2,2.0
Zollie Danks,Elly Kelly,Independent,2,5.0
Zollie Danks,Elly Kelly,Determined,2,1.0
Zollie Danks,Elly Kelly,Professional,2,1.0
Zollie Danks,Elly Kelly,Studious,2,2.0
Zollie Danks,Elly Kelly,Imaginative,2,2.0
Zollie Danks,Elly Kelly,Analytic,3,5.0
Zollie Danks,Elly Kelly,Independent,3,1.0
Zollie Danks,Elly Kelly,Determined,3,1.0
Zollie Danks,Elly Kelly,Professional,3,1.0
Zollie Danks,Elly Kelly,Studious,3,4.0
Zollie Danks,Elly Kelly,Imaginative,3,1.0
Zollie Danks,Elly Kelly,Analytic,4,8.0
Zollie Danks,Elly Kelly,Independent,4,4.0
Zollie Danks,Elly Kelly,Determined,4,3.0
Zollie Danks,Elly Kelly,Professional,4,6.0
Zollie Danks,Elly Kelly,Studious,4,6.0
Zollie Danks,Elly Kelly,Imaginative,4,5.0
Zollie Danks,Elly Kelly,Analytic,5,5.0
Zollie Danks,Elly Kelly,Independent,5,4.0
Zollie Danks,Elly Kelly,Determined,5,5.0
Zollie Danks,Elly Kelly,Professional,5,7.0
Zollie Danks,Elly Kelly,Studious,5,7.0
Zollie Danks,Elly Kelly,Imaginative,5,8.0
Zollie Danks,Elly Kelly,Analytic,6,7.0
Zollie Danks,Elly Kelly,Independent,6,8.0
Zollie Danks,Elly Kelly,Determined,6,7.0
Zollie Danks,Elly Kelly,Professional,6,7.0
Zollie Danks,Elly Kelly,Studious,6,4.0
Zollie Danks,Elly Kelly,Imaginative,6,7.0
Zollie Danks,Elly Kelly,Analytic,7,4.0
Zollie Danks,Elly Kelly,Independent,7,8.0
Zollie Danks,Elly Kelly,Determined,7,8.0
Zollie Danks,Elly Kelly,Professional,7,8.0
Zollie Danks,Elly Kelly,Studious,7,8.0
Zollie Danks,Elly Kelly,Imaginative,7,6.0
Zollie Danks,Elly Kelly,Analytic,8,4.0
Zollie Danks,Elly Kelly,Independent,8,8.0
Zollie Danks,Elly Kelly,Determined,8,8.0
Zollie Danks,Elly Kelly,Professional,8,6.0
Zollie Danks,Elly Kelly,Studious,8,7.0
Zollie Danks,Elly Kelly,Imaginative,8,8.0
Katleen Trunks,Elly Kelly,Analytic,1,2.0
Katleen Trunks,Elly Kelly,Independent,1,3.0
Katleen Trunks,Elly Kelly,Determined,1,5.0
Katleen Trunks,Elly Kelly,Professional,1,4.0
Katleen Trunks,Elly Kelly,Studious,1,5.0
Katleen Trunks,Elly Kelly,Imaginative,1,3.0
Katleen Trunks,Elly Kelly,Analytic,2,2.0
Katleen Trunks,Elly Kelly,Independent,2,4.0
Katleen Trunks,Elly Kelly,Determined,2,3.0
Katleen Trunks,Elly Kelly,Professional,2,4.0
Katleen Trunks,Elly Kelly,Studious,2,4.0
Katleen Trunks,Elly Kelly,Imaginative,2,2.0
Katleen Trunks,Elly Kelly,Analytic,3,6.0
Katleen Trunks,Elly Kelly,Independent,3,3.0
Katleen Trunks,Elly Kelly,Determined,3,3.0
Katleen Trunks,Elly Kelly,Professional,3,3.0
Katleen Trunks,Elly Kelly,Studious,3,1.0
Katleen Trunks,Elly Kelly,Imaginative,3,4.0
Katleen Trunks,Elly Kelly,Analytic,4,7.0
Katleen Trunks,Elly Kelly,Independent,4,8.0
Katleen Trunks,Elly Kelly,Determined,4,6.0
Katleen Trunks,Elly Kelly,Professional,4,6.0
Katleen Trunks,Elly Kelly,Studious,4,5.0
Katleen Trunks,Elly Kelly,Imaginative,4,5.0
Katleen Trunks,Elly Kelly,Analytic,5,7.0
Katleen Trunks,Elly Kelly,Independent,5,6.0
Katleen Trunks,Elly Kelly,Determined,5,8.0
Katleen Trunks,Elly Kelly,Professional,5,7.0
Katleen Trunks,Elly Kelly,Studious,5,3.0
Katleen Trunks,Elly Kelly,Imaginative,5,8.0
Katleen Trunks,Elly Kelly,Analytic,6,8.0
Katleen Trunks,Elly Kelly,Independent,6,7.0
Katleen Trunks,Elly Kelly,Determined,6,8.0
Katleen Trunks,Elly Kelly,Professional,6,8.0
Katleen Trunks,Elly Kelly,Studious,6,6.0
Katleen Trunks,Elly Kelly,Imaginative,6,3.0
Katleen Trunks,Elly Kelly,Analytic,7,8.0
Katleen Trunks,Elly Kelly,Independent,7,8.0
Katleen Trunks,Elly Kelly,Determined,7,7.0
Katleen Trunks,Elly Kelly,Professional,7,8.0
Katleen Trunks,Elly Kelly,Studious,7,8.0
Katleen Trunks,Elly Kelly,Imaginative,7,8.0
Katleen Trunks,Elly Kelly,Analytic,8,8.0
Katleen Trunks,Elly Kelly,Independent,8,8.0
Katleen Trunks,Elly Kelly,Determined,8,8.0
Katleen Trunks,Elly Kelly,Professional,8,8.0
Katleen Trunks,Elly Kelly,Studious,8,8.0
Katleen Trunks,Elly Kelly,Imaginative,8,8.0
Heida Cossom,Elly Kelly,Analytic,1,1.0
Heida Cossom,Elly Kelly,Independent,1,3.0
Heida Cossom,Elly Kelly,Determined,1,2.0
Heida Cossom,Elly Kelly,Professional,1,6.0
Heida Cossom,Elly Kelly,Studious,1,1.0
Heida Cossom,Elly Kelly,Imaginative,1,2.0
Heida Cossom,Elly Kelly,Analytic,2,1.0
Heida Cossom,Elly Kelly,Independent,2,3.0
Heida Cossom,Elly Kelly,Determined,2,3.0
Heida Cossom,Elly Kelly,Professional,2,5.0
Heida Cossom,Elly Kelly,Studious,2,5.0
Heida Cossom,Elly Kelly,Imaginative,2,2.0
Heida Cossom,Elly Kelly,Analytic,3,4.0
Heida Cossom,Elly Kelly,Independent,3,3.0
Heida Cossom,Elly Kelly,Determined,3,1.0
Heida Cossom,Elly Kelly,Professional,3,3.0
Heida Cossom,Elly Kelly,Studious,3,3.0
Heida Cossom,Elly Kelly,Imaginative,3,1.0
Heida Cossom,Elly Kelly,Analytic,4,2.0
Heida Cossom,Elly Kelly,Independent,4,5.0
Heida Cossom,Elly Kelly,Determined,4,2.0
Heida Cossom,Elly Kelly,Professional,4,8.0
Heida Cossom,Elly Kelly,Studious,4,3.0
Heida Cossom,Elly Kelly,Imaginative,4,2.0
Heida Cossom,Elly Kelly,Analytic,5,3.0
Heida Cossom,Elly Kelly,Independent,5,8.0
Heida Cossom,Elly Kelly,Determined,5,8.0
Heida Cossom,Elly Kelly,Professional,5,5.0
Heida Cossom,Elly Kelly,Studious,5,8.0
Heida Cossom,Elly Kelly,Imaginative,5,4.0
Heida Cossom,Elly Kelly,Analytic,6,4.0
Heida Cossom,Elly Kelly,Independent,6,5.0
Heida Cossom,Elly Kelly,Determined,6,8.0
Heida Cossom,Elly Kelly,Professional,6,8.0
Heida Cossom,Elly Kelly,Studious,6,6.0
Heida Cossom,Elly Kelly,Imaginative,6,7.0
Heida Cossom,Elly Kelly,Analytic,7,7.0
Heida Cossom,Elly Kelly,Independent,7,5.0
Heida Cossom,Elly Kelly,Determined,7,8.0
Heida Cossom,Elly Kelly,Professional,7,8.0
Heida Cossom,Elly Kelly,Studious,7,7.0
Heida Cossom,Elly Kelly,Imaginative,7,8.0
Heida Cossom,Elly Kelly,Analytic,8,4.0
Heida Cossom,Elly Kelly,Independent,8,8.0
Heida Cossom,Elly Kelly,Determined,8,8.0
Heida Cossom,Elly Kelly,Professional,8,8.0
Heida Cossom,Elly Kelly,Studious,8,7.0
Heida Cossom,Elly Kelly,Imaginative,8,8.0
Nicola Lavall,Elly Kelly,Analytic,1,1.0
Nicola Lavall,Elly Kelly,Independent,1,3.0
Nicola Lavall,Elly Kelly,Determined,1,4.0
Nicola Lavall,Elly Kelly,Professional,1,2.0
Nicola Lavall,Elly Kelly,Studious,1,2.0
Nicola Lavall,Elly Kelly,Imaginative,1,7.0
Nicola Lavall,Elly Kelly,Analytic,2,7.0
Nicola Lavall,Elly Kelly,Independent,2,6.0
Nicola Lavall,Elly Kelly,Determined,2,3.0
Nicola Lavall,Elly Kelly,Professional,2,8.0
Nicola Lavall,Elly Kelly,Studious,2,3.0
Nicola Lavall,Elly Kelly,Imaginative,2,2.0
Nicola Lavall,Elly Kelly,Analytic,3,4.0
Nicola Lavall,Elly Kelly,Independent,3,5.0
Nicola Lavall,Elly Kelly,Determined,3,2.0
Nicola Lavall,Elly Kelly,Professional,3,1.0
Nicola Lavall,Elly Kelly,Studious,3,3.0
Nicola Lavall,Elly Kelly,Imaginative,3,2.0
Nicola Lavall,Elly Kelly,Analytic,4,4.0
Nicola Lavall,Elly Kelly,Independent,4,2.0
Nicola Lavall,Elly Kelly,Determined,4,7.0
Nicola Lavall,Elly Kelly,Professional,4,3.0
Nicola Lavall,Elly Kelly,Studious,4,2.0
Nicola Lavall,Elly Kelly,Imaginative,4,7.0
Nicola Lavall,Elly Kelly,Analytic,5,5.0
Nicola Lavall,Elly Kelly,Independent,5,8.0
Nicola Lavall,Elly Kelly,Determined,5,3.0
Nicola Lavall,Elly Kelly,Professional,5,5.0
Nicola Lavall,Elly Kelly,Studious,5,4.0
Nicola Lavall,Elly Kelly,Imaginative,5,3.0
Nicola Lavall,Elly Kelly,Analytic,6,5.0
Nicola Lavall,Elly Kelly,Independent,6,8.0
Nicola Lavall,Elly Kelly,Determined,6,7.0
Nicola Lavall,Elly Kelly,Professional,6,5.0
Nicola Lavall,Elly Kelly,Studious,6,8.0
Nicola Lavall,Elly Kelly,Imaginative,6,7.0
Nicola Lavall,Elly Kelly,Analytic,7,8.0
Nicola Lavall,Elly Kelly,Independent,7,8.0
Nicola Lavall,Elly Kelly,Determined,7,8.0
Nicola Lavall,Elly Kelly,Professional,7,8.0
Nicola Lavall,Elly Kelly,Studious,7,8.0
Nicola Lavall,Elly Kelly,Imaginative,7,8.0
Nicola Lavall,Elly Kelly,Analytic,8,8.0
Nicola Lavall,Elly Kelly,Independent,8,8.0
Nicola Lavall,Elly Kelly,Determined,8,8.0
Nicola Lavall,Elly Kelly,Professional,8,4.0
Nicola Lavall,Elly Kelly,Studious,8,4.0
Nicola Lavall,Elly Kelly,Imaginative,8,6.0
Rossie Caitlin,Bruce Lugo,Analytic,1,1.0
Rossie Caitlin,Bruce Lugo,Independent,1,3.0
Rossie Caitlin,Bruce Lugo,Determined,1,2.0
Rossie Caitlin,Bruce Lugo,Professional,1,2.0
Rossie Caitlin,Bruce Lugo,Studious,1,3.0
Rossie Caitlin,Bruce Lugo,Imaginative,1,3.0
Rossie Caitlin,Bruce Lugo,Analytic,2,3.0
Rossie Caitlin,Bruce Lugo,Independent,2,4.0
Rossie Caitlin,Bruce Lugo,Determined,2,3.0
Rossie Caitlin,Bruce Lugo,Professional,2,5.0
Rossie Caitlin,Bruce Lugo,Studious,2,2.0
Rossie Caitlin,Bruce Lugo,Imaginative,2,3.0
Rossie Caitlin,Bruce Lugo,Analytic,3,2.0
Rossie Caitlin,Bruce Lugo,Independent,3,2.0
Rossie Caitlin,Bruce Lugo,Determined,3,1.0
Rossie Caitlin,Bruce Lugo,Professional,3,6.0
Rossie Caitlin,Bruce Lugo,Studious,3,2.0
Rossie Caitlin,Bruce Lugo,Imaginative,3,1.0
Rossie Caitlin,Bruce Lugo,Analytic,4,6.0
Rossie Caitlin,Bruce Lugo,Independent,4,6.0
Rossie Caitlin,Bruce Lugo,Determined,4,7.0
Rossie Caitlin,Bruce Lugo,Professional,4,5.0
Rossie Caitlin,Bruce Lugo,Studious,4,7.0
Rossie Caitlin,Bruce Lugo,Imaginative,4,7.0
Rossie Caitlin,Bruce Lugo,Analytic,5,8.0
Rossie Caitlin,Bruce Lugo,Independent,5,3.0
Rossie Caitlin,Bruce Lugo,Determined,5,8.0
Rossie Caitlin,Bruce Lugo,Professional,5,4.0
Rossie Caitlin,Bruce Lugo,Studious,5,6.0
Rossie Caitlin,Bruce Lugo,Imaginative,5,4.0
Rossie Caitlin,Bruce Lugo,Analytic,6,6.0
Rossie Caitlin,Bruce Lugo,Independent,6,8.0
Rossie Caitlin,Bruce Lugo,Determined,6,3.0
Rossie Caitlin,Bruce Lugo,Professional,6,4.0
Rossie Caitlin,Bruce Lugo,Studious,6,7.0
Rossie Caitlin,Bruce Lugo,Imaginative,6,7.0
Rossie Caitlin,Bruce Lugo,Analytic,7,7.0
Rossie Caitlin,Bruce Lugo,Independent,7,8.0
Rossie Caitlin,Bruce Lugo,Determined,7,6.0
Rossie Caitlin,Bruce Lugo,Professional,7,5.0
Rossie Caitlin,Bruce Lugo,Studious,7,8.0
Rossie Caitlin,Bruce Lugo,Imaginative,7,7.0
Rossie Caitlin,Bruce Lugo,Analytic,8,6.0
Rossie Caitlin,Bruce Lugo,Independent,8,8.0
Rossie Caitlin,Bruce Lugo,Determined,8,8.0
Rossie Caitlin,Bruce Lugo,Professional,8,8.0
Rossie Caitlin,Bruce Lugo,Studious,8,8.0
Rossie Caitlin,Bruce Lugo,Imaginative,8,5.0
Rossie Caitlin,Bruce Lugo,Analytic,9,8.0
Rossie Caitlin,Bruce Lugo,Independent,9,2.0
Rossie Caitlin,Bruce Lugo,Determined,9,6.0
Rossie Caitlin,Bruce Lugo,Professional,9,8.0
Rossie Caitlin,Bruce Lugo,Studious,9,8.0
Rossie Caitlin,Bruce Lugo,Imaginative,9,8.0
Rossie Caitlin,Bruce Lugo,Analytic,10,8.0
Rossie Caitlin,Bruce Lugo,Independent,10,8.0
Rossie Caitlin,Bruce Lugo,Determined,10,8.0
Rossie Caitlin,Bruce Lugo,Professional,10,8.0
Rossie Caitlin,Bruce Lugo,Studious,10,8.0
Rossie Caitlin,Bruce Lugo,Imaginative,10,8.0
Marmaduke Kiefer,Bruce Lugo,Analytic,1,4.0
Marmaduke Kiefer,Bruce Lugo,Independent,1,4.0
Marmaduke Kiefer,Bruce Lugo,Determined,1,3.0
Marmaduke Kiefer,Bruce Lugo,Professional,1,4.0
Marmaduke Kiefer,Bruce Lugo,Studious,1,5.0
Marmaduke Kiefer,Bruce Lugo,Imaginative,1,7.0
Marmaduke Kiefer,Bruce Lugo,Analytic,2,4.0
Marmaduke Kiefer,Bruce Lugo,Independent,2,1.0
Marmaduke Kiefer,Bruce Lugo,Determined,2,2.0
Marmaduke Kiefer,Bruce Lugo,Professional,2,2.0
Marmaduke Kiefer,Bruce Lugo,Studious,2,2.0
Marmaduke Kiefer,Bruce Lugo,Imaginative,2,3.0
Marmaduke Kiefer,Bruce Lugo,Analytic,3,1.0
Marmaduke Kiefer,Bruce Lugo,Independent,3,4.0
Marmaduke Kiefer,Bruce Lugo,Determined,3,5.0
Marmaduke Kiefer,Bruce Lugo,Professional,3,1.0
Marmaduke Kiefer,Bruce Lugo,Studious,3,3.0
Marmaduke Kiefer,Bruce Lugo,Imaginative,3,2.0
Marmaduke Kiefer,Bruce Lugo,Analytic,4,8.0
Marmaduke Kiefer,Bruce Lugo,Independent,4,1.0
Marmaduke Kiefer,Bruce Lugo,Determined,4,8.0
Marmaduke Kiefer,Bruce Lugo,Professional,4,3.0
Marmaduke Kiefer,Bruce Lugo,Studious,4,8.0
Marmaduke Kiefer,Bruce Lugo,Imaginative,4,5.0
Marmaduke Kiefer,Bruce Lugo,Analytic,5,8.0
Marmaduke Kiefer,Bruce Lugo,Independent,5,6.0
Marmaduke Kiefer,Bruce Lugo,Determined,5,5.0
Marmaduke Kiefer,Bruce Lugo,Professional,5,8.0
Marmaduke Kiefer,Bruce Lugo,Studious,5,6.0
Marmaduke Kiefer,Bruce Lugo,Imaginative,5,5.0
Marmaduke Kiefer,Bruce Lugo,Analytic,6,7.0
Marmaduke Kiefer,Bruce Lugo,Independent,6,2.0
Marmaduke Kiefer,Bruce Lugo,Determined,6,5.0
Marmaduke Kiefer,Bruce Lugo,Professional,6,8.0
Marmaduke Kiefer,Bruce Lugo,Studious,6,7.0
Marmaduke Kiefer,Bruce Lugo,Imaginative,6,8.0
Marmaduke Kiefer,Bruce Lugo,Analytic,7,8.0
Marmaduke Kiefer,Bruce Lugo,Independent,7,5.0
Marmaduke Kiefer,Bruce Lugo,Determined,7,7.0
Marmaduke Kiefer,Bruce Lugo,Professional,7,8.0
Marmaduke Kiefer,Bruce Lugo,Studious,7,8.0
Marmaduke Kiefer,Bruce Lugo,Imaginative,7,8.0
Marmaduke Kiefer,Bruce Lugo,Analytic,8,8.0
Marmaduke Kiefer,Bruce Lugo,Independent,8,8.0
Marmaduke Kiefer,Bruce Lugo,Determined,8,6.0
Marmaduke Kiefer,Bruce Lugo,Professional,8,7.0
Marmaduke Kiefer,Bruce Lugo,Studious,8,8.0
Marmaduke Kiefer,Bruce Lugo,Imaginative,8,8.0
Marmaduke Kiefer,Bruce Lugo,Analytic,9,8.0
Marmaduke Kiefer,Bruce Lugo,Independent,9,7.0
Marmaduke Kiefer,Bruce Lugo,Determined,9,6.0
Marmaduke Kiefer,Bruce Lugo,Professional,9,8.0
Marmaduke Kiefer,Bruce Lugo,Studious,9,8.0
Marmaduke Kiefer,Bruce Lugo,Imaginative,9,8.0
Marmaduke Kiefer,Bruce Lugo,Analytic,10,8.0
Marmaduke Kiefer,Bruce Lugo,Independent,10,8.0
Marmaduke Kiefer,Bruce Lugo,Determined,10,8.0
Marmaduke Kiefer,Bruce Lugo,Professional,10,6.0
Marmaduke Kiefer,Bruce Lugo,Studious,10,8.0
Marmaduke Kiefer,Bruce Lugo,Imaginative,10,8.0
Dina Mcgookin,Bruce Lugo,Analytic,1,2.0
Dina Mcgookin,Bruce Lugo,Independent,1,3.0
Dina Mcgookin,Bruce Lugo,Determined,1,2.0
Dina Mcgookin,Bruce Lugo,Professional,1,4.0
Dina Mcgookin,Bruce Lugo,Studious,1,1.0
Dina Mcgookin,Bruce Lugo,Imaginative,1,5.0
Dina Mcgookin,Bruce Lugo,Analytic,2,4.0
Dina Mcgookin,Bruce Lugo,Independent,2,3.0
Dina Mcgookin,Bruce Lugo,Determined,2,7.0
Dina Mcgookin,Bruce Lugo,Professional,2,4.0
Dina Mcgookin,Bruce Lugo,Studious,2,3.0
Dina Mcgookin,Bruce Lugo,Imaginative,2,3.0
Dina Mcgookin,Bruce Lugo,Analytic,3,1.0
Dina Mcgookin,Bruce Lugo,Independent,3,4.0
Dina Mcgookin,Bruce Lugo,Determined,3,8.0
Dina Mcgookin,Bruce Lugo,Professional,3,3.0
Dina Mcgookin,Bruce Lugo,Studious,3,3.0
Dina Mcgookin,Bruce Lugo,Imaginative,3,1.0
Dina Mcgookin,Bruce Lugo,Analytic,4,8.0
Dina Mcgookin,Bruce Lugo,Independent,4,4.0
Dina Mcgookin,Bruce Lugo,Determined,4,3.0
Dina Mcgookin,Bruce Lugo,Professional,4,7.0
Dina Mcgookin,Bruce Lugo,Studious,4,7.0
Dina Mcgookin,Bruce Lugo,Imaginative,4,4.0
Dina Mcgookin,Bruce Lugo,Analytic,5,3.0
Dina Mcgookin,Bruce Lugo,Independent,5,5.0
Dina Mcgookin,Bruce Lugo,Determined,5,7.0
Dina Mcgookin,Bruce Lugo,Professional,5,5.0
Dina Mcgookin,Bruce Lugo,Studious,5,8.0
Dina Mcgookin,Bruce Lugo,Imaginative,5,8.0
Dina Mcgookin,Bruce Lugo,Analytic,6,6.0
Dina Mcgookin,Bruce Lugo,Independent,6,7.0
Dina Mcgookin,Bruce Lugo,Determined,6,8.0
Dina Mcgookin,Bruce Lugo,Professional,6,3.0
Dina Mcgookin,Bruce Lugo,Studious,6,8.0
Dina Mcgookin,Bruce Lugo,Imaginative,6,8.0
Dina Mcgookin,Bruce Lugo,Analytic,7,8.0
Dina Mcgookin,Bruce Lugo,Independent,7,8.0
Dina Mcgookin,Bruce Lugo,Determined,7,7.0
Dina Mcgookin,Bruce Lugo,Professional,7,5.0
Dina Mcgookin,Bruce Lugo,Studious,7,8.0
Dina Mcgookin,Bruce Lugo,Imaginative,7,8.0
Dina Mcgookin,Bruce Lugo,Analytic,8,8.0
Dina Mcgookin,Bruce Lugo,Independent,8,8.0
Dina Mcgookin,Bruce Lugo,Determined,8,6.0
Dina Mcgookin,Bruce Lugo,Professional,8,8.0
Dina Mcgookin,Bruce Lugo,Studious,8,8.0
Dina Mcgookin,Bruce Lugo,Imaginative,8,8.0
Dina Mcgookin,Bruce Lugo,Analytic,9,8.0
Dina Mcgookin,Bruce Lugo,Independent,9,8.0
Dina Mcgookin,Bruce Lugo,Determined,9,8.0
Dina Mcgookin,Bruce Lugo,Professional,9,7.0
Dina Mcgookin,Bruce Lugo,Studious,9,8.0
Dina Mcgookin,Bruce Lugo,Imaginative,9,3.0
Dina Mcgookin,Bruce Lugo,Analytic,10,8.0
Dina Mcgookin,Bruce Lugo,Independent,10,8.0
Dina Mcgookin,Bruce Lugo,Determined,10,8.0
Dina Mcgookin,Bruce Lugo,Professional,10,8.0
Dina Mcgookin,Bruce Lugo,Studious,10,8.0
Dina Mcgookin,Bruce Lugo,Imaginative,10,8.0
Reuven Kneaphsey,Bruce Lugo,Analytic,1,3.0
Reuven Kneaphsey,Bruce Lugo,Independent,1,3.0
Reuven Kneaphsey,Bruce Lugo,Determined,1,3.0
Reuven Kneaphsey,Bruce Lugo,Professional,1,5.0
Reuven Kneaphsey,Bruce Lugo,Studious,1,2.0
Reuven Kneaphsey,Bruce Lugo,Imaginative,1,6.0
Reuven Kneaphsey,Bruce Lugo,Analytic,2,5.0
Reuven Kneaphsey,Bruce Lugo,Independent,2,2.0
Reuven Kneaphsey,Bruce Lugo,Determined,2,4.0
Reuven Kneaphsey,Bruce Lugo,Professional,2,1.0
Reuven Kneaphsey,Bruce Lugo,Studious,2,5.0
Reuven Kneaphsey,Bruce Lugo,Imaginative,2,4.0
Reuven Kneaphsey,Bruce Lugo,Analytic,3,1.0
Reuven Kneaphsey,Bruce Lugo,Independent,3,3.0
Reuven Kneaphsey,Bruce Lugo,Determined,3,1.0
Reuven Kneaphsey,Bruce Lugo,Professional,3,1.0
Reuven Kneaphsey,Bruce Lugo,Studious,3,3.0
Reuven Kneaphsey,Bruce Lugo,Imaginative,3,3.0
Reuven Kneaphsey,Bruce Lugo,Analytic,4,7.0
Reuven Kneaphsey,Bruce Lugo,Independent,4,8.0
Reuven Kneaphsey,Bruce Lugo,Determined,4,2.0
Reuven Kneaphsey,Bruce Lugo,Professional,4,4.0
Reuven Kneaphsey,Bruce Lugo,Studious,4,6.0
Reuven Kneaphsey,Bruce Lugo,Imaginative,4,2.0
Reuven Kneaphsey,Bruce Lugo,Analytic,5,4.0
Reuven Kneaphsey,Bruce Lugo,Independent,5,7.0
Reuven Kneaphsey,Bruce Lugo,Determined,5,8.0
Reuven Kneaphsey,Bruce Lugo,Professional,5,2.0
Reuven Kneaphsey,Bruce Lugo,Studious,5,5.0
Reuven Kneaphsey,Bruce Lugo,Imaginative,5,5.0
Reuven Kneaphsey,Bruce Lugo,Analytic,6,4.0
Reuven Kneaphsey,Bruce Lugo,Independent,6,6.0
Reuven Kneaphsey,Bruce Lugo,Determined,6,8.0
Reuven Kneaphsey,Bruce Lugo,Professional,6,6.0
Reuven Kneaphsey,Bruce Lugo,Studious,6,2.0
Reuven Kneaphsey,Bruce Lugo,Imaginative,6,8.0
Reuven Kneaphsey,Bruce Lugo,Analytic,7,8.0
Reuven Kneaphsey,Bruce Lugo,Independent,7,8.0
Reuven Kneaphsey,Bruce Lugo,Determined,7,8.0
Reuven Kneaphsey,Bruce Lugo,Professional,7,8.0
Reuven Kneaphsey,Bruce Lugo,Studious,7,8.0
Reuven Kneaphsey,Bruce Lugo,Imaginative,7,7.0
Reuven Kneaphsey,Bruce Lugo,Analytic,8,8.0
Reuven Kneaphsey,Bruce Lugo,Independent,8,6.0
Reuven Kneaphsey,Bruce Lugo,Determined,8,8.0
Reuven Kneaphsey,Bruce Lugo,Professional,8,8.0
Reuven Kneaphsey,Bruce Lugo,Studious,8,8.0
Reuven Kneaphsey,Bruce Lugo,Imaginative,8,4.0
Reuven Kneaphsey,Bruce Lugo,Analytic,9,6.0
Reuven Kneaphsey,Bruce Lugo,Independent,9,6.0
Reuven Kneaphsey,Bruce Lugo,Determined,9,8.0
Reuven Kneaphsey,Bruce Lugo,Professional,9,8.0
Reuven Kneaphsey,Bruce Lugo,Studious,9,6.0
Reuven Kneaphsey,Bruce Lugo,Imaginative,9,8.0
Reuven Kneaphsey,Bruce Lugo,Analytic,10,8.0
Reuven Kneaphsey,Bruce Lugo,Independent,10,8.0
Reuven Kneaphsey,Bruce Lugo,Determined,10,8.0
Reuven Kneaphsey,Bruce Lugo,Professional,10,8.0
Reuven Kneaphsey,Bruce Lugo,Studious,10,6.0
Reuven Kneaphsey,Bruce Lugo,Imaginative,10,7.0
Stephi Duckering,Bruce Lugo,Analytic,1,3.0
Stephi Duckering,Bruce Lugo,Independent,1,2.0
Stephi Duckering,Bruce Lugo,Determined,1,2.0
Stephi Duckering,Bruce Lugo,Professional,1,3.0
Stephi Duckering,Bruce Lugo,Studious,1,2.0
Stephi Duckering,Bruce Lugo,Imaginative,1,1.0
Stephi Duckering,Bruce Lugo,Analytic,2,4.0
Stephi Duckering,Bruce Lugo,Independent,2,4.0
Stephi Duckering,Bruce Lugo,Determined,2,1.0
Stephi Duckering,Bruce Lugo,Professional,2,1.0
Stephi Duckering,Bruce Lugo,Studious,2,3.0
Stephi Duckering,Bruce Lugo,Imaginative,2,5.0
Stephi Duckering,Bruce Lugo,Analytic,3,3.0
Stephi Duckering,Bruce Lugo,Independent,3,3.0
Stephi Duckering,Bruce Lugo,Determined,3,2.0
Stephi Duckering,Bruce Lugo,Professional,3,3.0
Stephi Duckering,Bruce Lugo,Studious,3,2.0
Stephi Duckering,Bruce Lugo,Imaginative,3,1.0
Stephi Duckering,Bruce Lugo,Analytic,4,4.0
Stephi Duckering,Bruce Lugo,Independent,4,8.0
Stephi Duckering,Bruce Lugo,Determined,4,3.0
Stephi Duckering,Bruce Lugo,Professional,4,5.0
Stephi Duckering,Bruce Lugo,Studious,4,3.0
Stephi Duckering,Bruce Lugo,Imaginative,4,5.0
Stephi Duckering,Bruce Lugo,Analytic,5,4.0
Stephi Duckering,Bruce Lugo,Independent,5,4.0
Stephi Duckering,Bruce Lugo,Determined,5,5.0
Stephi Duckering,Bruce Lugo,Professional,5,8.0
Stephi Duckering,Bruce Lugo,Studious,5,7.0
Stephi Duckering,Bruce Lugo,Imaginative,5,6.0
Stephi Duckering,Bruce Lugo,Analytic,6,2.0
Stephi Duckering,Bruce Lugo,Independent,6,5.0
Stephi Duckering,Bruce Lugo,Determined,6,5.0
Stephi Duckering,Bruce Lugo,Professional,6,8.0
Stephi Duckering,Bruce Lugo,Studious,6,6.0
Stephi Duckering,Bruce Lugo,Imaginative,6,7.0
Stephi Duckering,Bruce Lugo,Analytic,7,3.0
Stephi Duckering,Bruce Lugo,Independent,7,8.0
Stephi Duckering,Bruce Lugo,Determined,7,4.0
Stephi Duckering,Bruce Lugo,Professional,7,7.0
Stephi Duckering,Bruce Lugo,Studious,7,6.0
Stephi Duckering,Bruce Lugo,Imaginative,7,7.0
Stephi Duckering,Bruce Lugo,Analytic,8,7.0
Stephi Duckering,Bruce Lugo,Independent,8,5.0
Stephi Duckering,Bruce Lugo,Determined,8,7.0
Stephi Duckering,Bruce Lugo,Professional,8,8.0
Stephi Duckering,Bruce Lugo,Studious,8,7.0
Stephi Duckering,Bruce Lugo,Imaginative,8,8.0
Stephi Duckering,Bruce Lugo,Analytic,9,8.0
Stephi Duckering,Bruce Lugo,Independent,9,8.0
Stephi Duckering,Bruce Lugo,Determined,9,7.0
Stephi Duckering,Bruce Lugo,Professional,9,8.0
Stephi Duckering,Bruce Lugo,Studious,9,7.0
Stephi Duckering,Bruce Lugo,Imaginative,9,7.0
Stephi Duckering,Bruce Lugo,Analytic,10,6.0
Stephi Duckering,Bruce Lugo,Independent,10,8.0
Stephi Duckering,Bruce Lugo,Determined,10,8.0
Stephi Duckering,Bruce Lugo,Professional,10,8.0
Stephi Duckering,Bruce Lugo,Studious,10,8.0
Stephi Duckering,Bruce Lugo,Imaginative,10,6.0
Homer Sebborn,Bruce Lugo,Analytic,1,5.0
Homer Sebborn,Bruce Lugo,Independent,1,3.0
Homer Sebborn,Bruce Lugo,Determined,1,5.0
Homer Sebborn,Bruce Lugo,Professional,1,2.0
Homer Sebborn,Bruce Lugo,Studious,1,2.0
Homer Sebborn,Bruce Lugo,Imaginative,1,1.0
Homer Sebborn,Bruce Lugo,Analytic,2,2.0
Homer Sebborn,Bruce Lugo,Independent,2,2.0
Homer Sebborn,Bruce Lugo,Determined,2,2.0
Homer Sebborn,Bruce Lugo,Professional,2,4.0
Homer Sebborn,Bruce Lugo,Studious,2,1.0
Homer Sebborn,Bruce Lugo,Imaginative,2,2.0
Homer Sebborn,Bruce Lugo,Analytic,3,2.0
Homer Sebborn,Bruce Lugo,Independent,3,1.0
Homer Sebborn,Bruce Lugo,Determined,3,5.0
Homer Sebborn,Bruce Lugo,Professional,3,4.0
Homer Sebborn,Bruce Lugo,Studious,3,3.0
Homer Sebborn,Bruce Lugo,Imaginative,3,4.0
Homer Sebborn,Bruce Lugo,Analytic,4,4.0
Homer Sebborn,Bruce Lugo,Independent,4,5.0
Homer Sebborn,Bruce Lugo,Determined,4,7.0
Homer Sebborn,Bruce Lugo,Professional,4,4.0
Homer Sebborn,Bruce Lugo,Studious,4,4.0
Homer Sebborn,Bruce Lugo,Imaginative,4,8.0
Homer Sebborn,Bruce Lugo,Analytic,5,5.0
Homer Sebborn,Bruce Lugo,Independent,5,1.0
Homer Sebborn,Bruce Lugo,Determined,5,8.0
Homer Sebborn,Bruce Lugo,Professional,5,8.0
Homer Sebborn,Bruce Lugo,Studious,5,7.0
Homer Sebborn,Bruce Lugo,Imaginative,5,2.0
Homer Sebborn,Bruce Lugo,Analytic,6,3.0
Homer Sebborn,Bruce Lugo,Independent,6,5.0
Homer Sebborn,Bruce Lugo,Determined,6,6.0
Homer Sebborn,Bruce Lugo,Professional,6,6.0
Homer Sebborn,Bruce Lugo,Studious,6,3.0
Homer Sebborn,Bruce Lugo,Imaginative,6,4.0
Homer Sebborn,Bruce Lugo,Analytic,7,8.0
Homer Sebborn,Bruce Lugo,Independent,7,8.0
Homer Sebborn,Bruce Lugo,Determined,7,8.0
Homer Sebborn,Bruce Lugo,Professional,7,8.0
Homer Sebborn,Bruce Lugo,Studious,7,7.0
Homer Sebborn,Bruce Lugo,Imaginative,7,8.0
Homer Sebborn,Bruce Lugo,Analytic,8,8.0
Homer Sebborn,Bruce Lugo,Independent,8,8.0
Homer Sebborn,Bruce Lugo,Determined,8,8.0
Homer Sebborn,Bruce Lugo,Professional,8,7.0
Homer Sebborn,Bruce Lugo,Studious,8,8.0
Homer Sebborn,Bruce Lugo,Imaginative,8,8.0
Homer Sebborn,Bruce Lugo,Analytic,9,6.0
Homer Sebborn,Bruce Lugo,Independent,9,8.0
Homer Sebborn,Bruce Lugo,Determined,9,8.0
Homer Sebborn,Bruce Lugo,Professional,9,8.0
Homer Sebborn,Bruce Lugo,Studious,9,8.0
Homer Sebborn,Bruce Lugo,Imaginative,9,8.0
Homer Sebborn,Bruce Lugo,Analytic,10,5.0
Homer Sebborn,Bruce Lugo,Independent,10,8.0
Homer Sebborn,Bruce Lugo,Determined,10,8.0
Homer Sebborn,Bruce Lugo,Professional,10,8.0
Homer Sebborn,Bruce Lugo,Studious,10,8.0
Homer Sebborn,Bruce Lugo,Imaginative,10,8.0
Say Kleinhausen,Bruce Lugo,Analytic,1,1.0
Say Kleinhausen,Bruce Lugo,Independent,1,1.0
Say Kleinhausen,Bruce Lugo,Determined,1,5.0
Say Kleinhausen,Bruce Lugo,Professional,1,4.0
Say Kleinhausen,Bruce Lugo,Studious,1,1.0
Say Kleinhausen,Bruce Lugo,Imaginative,1,4.0
Say Kleinhausen,Bruce Lugo,Analytic,2,8.0
Say Kleinhausen,Bruce Lugo,Independent,2,3.0
Say Kleinhausen,Bruce Lugo,Determined,2,2.0
Say Kleinhausen,Bruce Lugo,Professional,2,3.0
Say Kleinhausen,Bruce Lugo,Studious,2,8.0
Say Kleinhausen,Bruce Lugo,Imaginative,2,1.0
Say Kleinhausen,Bruce Lugo,Analytic,3,6.0
Say Kleinhausen,Bruce Lugo,Independent,3,5.0
Say Kleinhausen,Bruce Lugo,Determined,3,4.0
Say Kleinhausen,Bruce Lugo,Professional,3,1.0
Say Kleinhausen,Bruce Lugo,Studious,3,2.0
Say Kleinhausen,Bruce Lugo,Imaginative,3,3.0
Say Kleinhausen,Bruce Lugo,Analytic,4,4.0
Say Kleinhausen,Bruce Lugo,Independent,4,8.0
Say Kleinhausen,Bruce Lugo,Determined,4,4.0
Say Kleinhausen,Bruce Lugo,Professional,4,5.0
Say Kleinhausen,Bruce Lugo,Studious,4,7.0
Say Kleinhausen,Bruce Lugo,Imaginative,4,6.0
Say Kleinhausen,Bruce Lugo,Analytic,5,4.0
Say Kleinhausen,Bruce Lugo,Independent,5,3.0
Say Kleinhausen,Bruce Lugo,Determined,5,4.0
Say Kleinhausen,Bruce Lugo,Professional,5,7.0
Say Kleinhausen,Bruce Lugo,Studious,5,1.0
Say Kleinhausen,Bruce Lugo,Imaginative,5,8.0
Say Kleinhausen,Bruce Lugo,Analytic,6,8.0
Say Kleinhausen,Bruce Lugo,Independent,6,4.0
Say Kleinhausen,Bruce Lugo,Determined,6,5.0
Say Kleinhausen,Bruce Lugo,Professional,6,3.0
Say Kleinhausen,Bruce Lugo,Studious,6,6.0
Say Kleinhausen,Bruce Lugo,Imaginative,6,6.0
Say Kleinhausen,Bruce Lugo,Analytic,7,4.0
Say Kleinhausen,Bruce Lugo,Independent,7,8.0
Say Kleinhausen,Bruce Lugo,Determined,7,8.0
Say Kleinhausen,Bruce Lugo,Professional,7,8.0
Say Kleinhausen,Bruce Lugo,Studious,7,8.0
Say Kleinhausen,Bruce Lugo,Imaginative,7,8.0
Say Kleinhausen,Bruce Lugo,Analytic,8,5.0
Say Kleinhausen,Bruce Lugo,Independent,8,8.0
Say Kleinhausen,Bruce Lugo,Determined,8,8.0
Say Kleinhausen,Bruce Lugo,Professional,8,5.0
Say Kleinhausen,Bruce Lugo,Studious,8,7.0
Say Kleinhausen,Bruce Lugo,Imaginative,8,6.0
Say Kleinhausen,Bruce Lugo,Analytic,9,8.0
Say Kleinhausen,Bruce Lugo,Independent,9,8.0
Say Kleinhausen,Bruce Lugo,Determined,9,8.0
Say Kleinhausen,Bruce Lugo,Professional,9,8.0
Say Kleinhausen,Bruce Lugo,Studious,9,4.0
Say Kleinhausen,Bruce Lugo,Imaginative,9,6.0
Say Kleinhausen,Bruce Lugo,Analytic,10,8.0
Say Kleinhausen,Bruce Lugo,Independent,10,8.0
Say Kleinhausen,Bruce Lugo,Determined,10,8.0
Say Kleinhausen,Bruce Lugo,Professional,10,8.0
Say Kleinhausen,Bruce Lugo,Studious,10,8.0
Say Kleinhausen,Bruce Lugo,Imaginative,10,8.0
Tyler Traynor,Bruce Lugo,Analytic,1,1.0
Tyler Traynor,Bruce Lugo,Independent,1,3.0
Tyler Traynor,Bruce Lugo,Determined,1,1.0
Tyler Traynor,Bruce Lugo,Professional,1,2.0
Tyler Traynor,Bruce Lugo,Studious,1,1.0
Tyler Traynor,Bruce Lugo,Imaginative,1,4.0
Tyler Traynor,Bruce Lugo,Analytic,2,1.0
Tyler Traynor,Bruce Lugo,Independent,2,2.0
Tyler Traynor,Bruce Lugo,Determined,2,5.0
Tyler Traynor,Bruce Lugo,Professional,2,2.0
Tyler Traynor,Bruce Lugo,Studious,2,1.0
Tyler Traynor,Bruce Lugo,Imaginative,2,3.0
Tyler Traynor,Bruce Lugo,Analytic,3,4.0
Tyler Traynor,Bruce Lugo,Independent,3,3.0
Tyler Traynor,Bruce Lugo,Determined,3,4.0
Tyler Traynor,Bruce Lugo,Professional,3,3.0
Tyler Traynor,Bruce Lugo,Studious,3,4.0
Tyler Traynor,Bruce Lugo,Imaginative,3,5.0
Tyler Traynor,Bruce Lugo,Analytic,4,3.0
Tyler Traynor,Bruce Lugo,Independent,4,4.0
Tyler Traynor,Bruce Lugo,Determined,4,1.0
Tyler Traynor,Bruce Lugo,Professional,4,5.0
Tyler Traynor,Bruce Lugo,Studious,4,4.0
Tyler Traynor,Bruce Lugo,Imaginative,4,8.0
Tyler Traynor,Bruce Lugo,Analytic,5,6.0
Tyler Traynor,Bruce Lugo,Independent,5,8.0
Tyler Traynor,Bruce Lugo,Determined,5,3.0
Tyler Traynor,Bruce Lugo,Professional,5,8.0
Tyler Traynor,Bruce Lugo,Studious,5,6.0
Tyler Traynor,Bruce Lugo,Imaginative,5,5.0
Tyler Traynor,Bruce Lugo,Analytic,6,2.0
Tyler Traynor,Bruce Lugo,Independent,6,6.0
Tyler Traynor,Bruce Lugo,Determined,6,8.0
Tyler Traynor,Bruce Lugo,Professional,6,5.0
Tyler Traynor,Bruce Lugo,Studious,6,3.0
Tyler Traynor,Bruce Lugo,Imaginative,6,7.0
Tyler Traynor,Bruce Lugo,Analytic,7,8.0
Tyler Traynor,Bruce Lugo,Independent,7,8.0
Tyler Traynor,Bruce Lugo,Determined,7,6.0
Tyler Traynor,Bruce Lugo,Professional,7,8.0
Tyler Traynor,Bruce Lugo,Studious,7,8.0
Tyler Traynor,Bruce Lugo,Imaginative,7,8.0
Tyler Traynor,Bruce Lugo,Analytic,8,5.0
Tyler Traynor,Bruce Lugo,Independent,8,8.0
Tyler Traynor,Bruce Lugo,Determined,8,5.0
Tyler Traynor,Bruce Lugo,Professional,8,5.0
Tyler Traynor,Bruce Lugo,Studious,8,8.0
Tyler Traynor,Bruce Lugo,Imaginative,8,8.0
Tyler Traynor,Bruce Lugo,Analytic,9,8.0
Tyler Traynor,Bruce Lugo,Independent,9,8.0
Tyler Traynor,Bruce Lugo,Determined,9,6.0
Tyler Traynor,Bruce Lugo,Professional,9,8.0
Tyler Traynor,Bruce Lugo,Studious,9,8.0
Tyler Traynor,Bruce Lugo,Imaginative,9,5.0
Tyler Traynor,Bruce Lugo,Analytic,10,8.0
Tyler Traynor,Bruce Lugo,Independent,10,8.0
Tyler Traynor,Bruce Lugo,Determined,10,8.0
Tyler Traynor,Bruce Lugo,Professional,10,6.0
Tyler Traynor,Bruce Lugo,Studious,10,6.0
Tyler Traynor,Bruce Lugo,Imaginative,10,8.0
Johnath Tufts,Bruce Lugo,Analytic,1,3.0
Johnath Tufts,Bruce Lugo,Independent,1,4.0
Johnath Tufts,Bruce Lugo,Determined,1,3.0
Johnath Tufts,Bruce Lugo,Professional,1,2.0
Johnath Tufts,Bruce Lugo,Studious,1,4.0
Johnath Tufts,Bruce Lugo,Imaginative,1,1.0
Johnath Tufts,Bruce Lugo,Analytic,2,4.0
Johnath Tufts,Bruce Lugo,Independent,2,5.0
Johnath Tufts,Bruce Lugo,Determined,2,4.0
Johnath Tufts,Bruce Lugo,Professional,2,5.0
Johnath Tufts,Bruce Lugo,Studious,2,1.0
Johnath Tufts,Bruce Lugo,Imaginative,2,3.0
Johnath Tufts,Bruce Lugo,Analytic,3,3.0
Johnath Tufts,Bruce Lugo,Independent,3,6.0
Johnath Tufts,Bruce Lugo,Determined,3,1.0
Johnath Tufts,Bruce Lugo,Professional,3,3.0
Johnath Tufts,Bruce Lugo,Studious,3,2.0
Johnath Tufts,Bruce Lugo,Imaginative,3,6.0
Johnath Tufts,Bruce Lugo,Analytic,4,7.0
Johnath Tufts,Bruce Lugo,Independent,4,3.0
Johnath Tufts,Bruce Lugo,Determined,4,3.0
Johnath Tufts,Bruce Lugo,Professional,4,7.0
Johnath Tufts,Bruce Lugo,Studious,4,8.0
Johnath Tufts,Bruce Lugo,Imaginative,4,8.0
Johnath Tufts,Bruce Lugo,Analytic,5,6.0
Johnath Tufts,Bruce Lugo,Independent,5,3.0
Johnath Tufts,Bruce Lugo,Determined,5,5.0
Johnath Tufts,Bruce Lugo,Professional,5,7.0
Johnath Tufts,Bruce Lugo,Studious,5,3.0
Johnath Tufts,Bruce Lugo,Imaginative,5,8.0
Johnath Tufts,Bruce Lugo,Analytic,6,5.0
Johnath Tufts,Bruce Lugo,Independent,6,6.0
Johnath Tufts,Bruce Lugo,Determined,6,7.0
Johnath Tufts,Bruce Lugo,Professional,6,8.0
Johnath Tufts,Bruce Lugo,Studious,6,6.0
Johnath Tufts,Bruce Lugo,Imaginative,6,8.0
Johnath Tufts,Bruce Lugo,Analytic,7,5.0
Johnath Tufts,Bruce Lugo,Independent,7,8.0
Johnath Tufts,Bruce Lugo,Determined,7,8.0
Johnath Tufts,Bruce Lugo,Professional,7,8.0
Johnath Tufts,Bruce Lugo,Studious,7,8.0
Johnath Tufts,Bruce Lugo,Imaginative,7,8.0
Johnath Tufts,Bruce Lugo,Analytic,8,8.0
Johnath Tufts,Bruce Lugo,Independent,8,4.0
Johnath Tufts,Bruce Lugo,Determined,8,8.0
Johnath Tufts,Bruce Lugo,Professional,8,8.0
Johnath Tufts,Bruce Lugo,Studious,8,8.0
Johnath Tufts,Bruce Lugo,Imaginative,8,6.0
Johnath Tufts,Bruce Lugo,Analytic,9,8.0
Johnath Tufts,Bruce Lugo,Independent,9,8.0
Johnath Tufts,Bruce Lugo,Determined,9,8.0
Johnath Tufts,Bruce Lugo,Professional,9,6.0
Johnath Tufts,Bruce Lugo,Studious,9,7.0
Johnath Tufts,Bruce Lugo,Imaginative,9,8.0
Johnath Tufts,Bruce Lugo,Analytic,10,8.0
Johnath Tufts,Bruce Lugo,Independent,10,8.0
Johnath Tufts,Bruce Lugo,Determined,10,5.0
Johnath Tufts,Bruce Lugo,Professional,10,8.0
Johnath Tufts,Bruce Lugo,Studious,10,8.0
Johnath Tufts,Bruce Lugo,Imaginative,10,8.0
Kristin Bardill,Bruce Lugo,Analytic,1,3.0
Kristin Bardill,Bruce Lugo,Independent,1,4.0
Kristin Bardill,Bruce Lugo,Determined,1,1.0
Kristin Bardill,Bruce Lugo,Professional,1,2.0
Kristin Bardill,Bruce Lugo,Studious,1,5.0
Kristin Bardill,Bruce Lugo,Imaginative,1,3.0
Kristin Bardill,Bruce Lugo,Analytic,2,4.0
Kristin Bardill,Bruce Lugo,Independent,2,1.0
Kristin Bardill,Bruce Lugo,Determined,2,4.0
Kristin Bardill,Bruce Lugo,Professional,2,1.0
Kristin Bardill,Bruce Lugo,Studious,2,6.0
Kristin Bardill,Bruce Lugo,Imaginative,2,1.0
Kristin Bardill,Bruce Lugo,Analytic,3,2.0
Kristin Bardill,Bruce Lugo,Independent,3,1.0
Kristin Bardill,Bruce Lugo,Determined,3,3.0
Kristin Bardill,Bruce Lugo,Professional,3,2.0
Kristin Bardill,Bruce Lugo,Studious,3,2.0
Kristin Bardill,Bruce Lugo,Imaginative,3,4.0
Kristin Bardill,Bruce Lugo,Analytic,4,6.0
Kristin Bardill,Bruce Lugo,Independent,4,1.0
Kristin Bardill,Bruce Lugo,Determined,4,8.0
Kristin Bardill,Bruce Lugo,Professional,4,4.0
Kristin Bardill,Bruce Lugo,Studious,4,8.0
Kristin Bardill,Bruce Lugo,Imaginative,4,2.0
Kristin Bardill,Bruce Lugo,Analytic,5,7.0
Kristin Bardill,Bruce Lugo,Independent,5,2.0
Kristin Bardill,Bruce Lugo,Determined,5,8.0
Kristin Bardill,Bruce Lugo,Professional,5,5.0
Kristin Bardill,Bruce Lugo,Studious,5,6.0
Kristin Bardill,Bruce Lugo,Imaginative,5,4.0
Kristin Bardill,Bruce Lugo,Analytic,6,4.0
Kristin Bardill,Bruce Lugo,Independent,6,8.0
Kristin Bardill,Bruce Lugo,Determined,6,5.0
Kristin Bardill,Bruce Lugo,Professional,6,6.0
Kristin Bardill,Bruce Lugo,Studious,6,5.0
Kristin Bardill,Bruce Lugo,Imaginative,6,7.0
Kristin Bardill,Bruce Lugo,Analytic,7,4.0
Kristin Bardill,Bruce Lugo,Independent,7,8.0
Kristin Bardill,Bruce Lugo,Determined,7,8.0
Kristin Bardill,Bruce Lugo,Professional,7,8.0
Kristin Bardill,Bruce Lugo,Studious,7,8.0
Kristin Bardill,Bruce Lugo,Imaginative,7,8.0
Kristin Bardill,Bruce Lugo,Analytic,8,7.0
Kristin Bardill,Bruce Lugo,Independent,8,8.0
Kristin Bardill,Bruce Lugo,Determined,8,8.0
Kristin Bardill,Bruce Lugo,Professional,8,8.0
Kristin Bardill,Bruce Lugo,Studious,8,8.0
Kristin Bardill,Bruce Lugo,Imaginative,8,4.0
Kristin Bardill,Bruce Lugo,Analytic,9,6.0
Kristin Bardill,Bruce Lugo,Independent,9,8.0
Kristin Bardill,Bruce Lugo,Determined,9,8.0
Kristin Bardill,Bruce Lugo,Professional,9,6.0
Kristin Bardill,Bruce Lugo,Studious,9,8.0
Kristin Bardill,Bruce Lugo,Imaginative,9,8.0
Kristin Bardill,Bruce Lugo,Analytic,10,8.0
Kristin Bardill,Bruce Lugo,Independent,10,8.0
Kristin Bardill,Bruce Lugo,Determined,10,8.0
Kristin Bardill,Bruce Lugo,Professional,10,8.0
Kristin Bardill,Bruce Lugo,Studious,10,7.0
Kristin Bardill,Bruce Lugo,Imaginative,10,8.0
Timmie Knudsen,Ely Kely,Analytic,1,2.0
Timmie Knudsen,Ely Kely,Independent,1,2.0
Timmie Knudsen,Ely Kely,Determined,1,2.0
Timmie Knudsen,Ely Kely,Professional,1,5.0
Timmie Knudsen,Ely Kely,Studious,1,1.0
Timmie Knudsen,Ely Kely,Imaginative,1,2.0
Timmie Knudsen,Ely Kely,Analytic,2,1.0
Timmie Knudsen,Ely Kely,Independent,2,3.0
Timmie Knudsen,Ely Kely,Determined,2,2.0
Timmie Knudsen,Ely Kely,Professional,2,5.0
Timmie Knudsen,Ely Kely,Studious,2,5.0
Timmie Knudsen,Ely Kely,Imaginative,2,4.0
Timmie Knudsen,Ely Kely,Analytic,3,4.0
Timmie Knudsen,Ely Kely,Independent,3,4.0
Timmie Knudsen,Ely Kely,Determined,3,1.0
Timmie Knudsen,Ely Kely,Professional,3,1.0
Timmie Knudsen,Ely Kely,Studious,3,5.0
Timmie Knudsen,Ely Kely,Imaginative,3,4.0
Timmie Knudsen,Ely Kely,Analytic,4,8.0
Timmie Knudsen,Ely Kely,Independent,4,5.0
Timmie Knudsen,Ely Kely,Determined,4,8.0
Timmie Knudsen,Ely Kely,Professional,4,5.0
Timmie Knudsen,Ely Kely,Studious,4,4.0
Timmie Knudsen,Ely Kely,Imaginative,4,8.0
Timmie Knudsen,Ely Kely,Analytic,5,8.0
Timmie Knudsen,Ely Kely,Independent,5,6.0
Timmie Knudsen,Ely Kely,Determined,5,8.0
Timmie Knudsen,Ely Kely,Professional,5,5.0
Timmie Knudsen,Ely Kely,Studious,5,7.0
Timmie Knudsen,Ely Kely,Imaginative,5,7.0
Timmie Knudsen,Ely Kely,Analytic,6,7.0
Timmie Knudsen,Ely Kely,Independent,6,6.0
Timmie Knudsen,Ely Kely,Determined,6,8.0
Timmie Knudsen,Ely Kely,Professional,6,8.0
Timmie Knudsen,Ely Kely,Studious,6,4.0
Timmie Knudsen,Ely Kely,Imaginative,6,8.0
Timmie Knudsen,Ely Kely,Analytic,7,8.0
Timmie Knudsen,Ely Kely,Independent,7,8.0
Timmie Knudsen,Ely Kely,Determined,7,8.0
Timmie Knudsen,Ely Kely,Professional,7,6.0
Timmie Knudsen,Ely Kely,Studious,7,8.0
Timmie Knudsen,Ely Kely,Imaginative,7,8.0
Timmie Knudsen,Ely Kely,Analytic,8,7.0
Timmie Knudsen,Ely Kely,Independent,8,8.0
Timmie Knudsen,Ely Kely,Determined,8,8.0
Timmie Knudsen,Ely Kely,Professional,8,6.0
Timmie Knudsen,Ely Kely,Studious,8,8.0
Timmie Knudsen,Ely Kely,Imaginative,8,8.0
Timmie Knudsen,Ely Kely,Analytic,9,8.0
Timmie Knudsen,Ely Kely,Independent,9,5.0
Timmie Knudsen,Ely Kely,Determined,9,8.0
Timmie Knudsen,Ely Kely,Professional,9,8.0
Timmie Knudsen,Ely Kely,Studious,9,8.0
Timmie Knudsen,Ely Kely,Imaginative,9,8.0
Timmie Knudsen,Ely Kely,Analytic,10,8.0
Timmie Knudsen,Ely Kely,Independent,10,8.0
Timmie Knudsen,Ely Kely,Determined,10,8.0
Timmie Knudsen,Ely Kely,Professional,10,8.0
Timmie Knudsen,Ely Kely,Studious,10,8.0
Timmie Knudsen,Ely Kely,Imaginative,10,8.0
Mona Orviss,Ely Kely,Analytic,1,6.0
Mona Orviss,Ely Kely,Independent,1,4.0
Mona Orviss,Ely Kely,Determined,1,3.0
Mona Orviss,Ely Kely,Professional,1,1.0
Mona Orviss,Ely Kely,Studious,1,3.0
Mona Orviss,Ely Kely,Imaginative,1,1.0
Mona Orviss,Ely Kely,Analytic,2,3.0
Mona Orviss,Ely Kely,Independent,2,5.0
Mona Orviss,Ely Kely,Determined,2,5.0
Mona Orviss,Ely Kely,Professional,2,3.0
Mona Orviss,Ely Kely,Studious,2,6.0
Mona Orviss,Ely Kely,Imaginative,2,2.0
Mona Orviss,Ely Kely,Analytic,3,1.0
Mona Orviss,Ely Kely,Independent,3,1.0
Mona Orviss,Ely Kely,Determined,3,3.0
Mona Orviss,Ely Kely,Professional,3,8.0
Mona Orviss,Ely Kely,Studious,3,2.0
Mona Orviss,Ely Kely,Imaginative,3,4.0
Mona Orviss,Ely Kely,Analytic,4,5.0
Mona Orviss,Ely Kely,Independent,4,3.0
Mona Orviss,Ely Kely,Determined,4,7.0
Mona Orviss,Ely Kely,Professional,4,4.0
Mona Orviss,Ely Kely,Studious,4,4.0
Mona Orviss,Ely Kely,Imaginative,4,6.0
Mona Orviss,Ely Kely,Analytic,5,4.0
Mona Orviss,Ely Kely,Independent,5,3.0
Mona Orviss,Ely Kely,Determined,5,7.0
Mona Orviss,Ely Kely,Professional,5,8.0
Mona Orviss,Ely Kely,Studious,5,8.0
Mona Orviss,Ely Kely,Imaginative,5,4.0
Mona Orviss,Ely Kely,Analytic,6,2.0
Mona Orviss,Ely Kely,Independent,6,3.0
Mona Orviss,Ely Kely,Determined,6,5.0
Mona Orviss,Ely Kely,Professional,6,4.0
Mona Orviss,Ely Kely,Studious,6,4.0
Mona Orviss,Ely Kely,Imaginative,6,8.0
Mona Orviss,Ely Kely,Analytic,7,8.0
Mona Orviss,Ely Kely,Independent,7,7.0
Mona Orviss,Ely Kely,Determined,7,7.0
Mona Orviss,Ely Kely,Professional,7,8.0
Mona Orviss,Ely Kely,Studious,7,7.0
Mona Orviss,Ely Kely,Imaginative,7,8.0
Mona Orviss,Ely Kely,Analytic,8,6.0
Mona Orviss,Ely Kely,Independent,8,8.0
Mona Orviss,Ely Kely,Determined,8,8.0
Mona Orviss,Ely Kely,Professional,8,7.0
Mona Orviss,Ely Kely,Studious,8,8.0
Mona Orviss,Ely Kely,Imaginative,8,8.0
Mona Orviss,Ely Kely,Analytic,9,2.0
Mona Orviss,Ely Kely,Independent,9,8.0
Mona Orviss,Ely Kely,Determined,9,8.0
Mona Orviss,Ely Kely,Professional,9,8.0
Mona Orviss,Ely Kely,Studious,9,8.0
Mona Orviss,Ely Kely,Imaginative,9,4.0
Mona Orviss,Ely Kely,Analytic,10,8.0
Mona Orviss,Ely Kely,Independent,10,8.0
Mona Orviss,Ely Kely,Determined,10,8.0
Mona Orviss,Ely Kely,Professional,10,8.0
Mona Orviss,Ely Kely,Studious,10,8.0
Mona Orviss,Ely Kely,Imaginative,10,8.0
Everett O'Clery,Ely Kely,Analytic,1,2.0
Everett O'Clery,Ely Kely,Independent,1,6.0
Everett O'Clery,Ely Kely,Determined,1,2.0
Everett O'Clery,Ely Kely,Professional,1,4.0
Everett O'Clery,Ely Kely,Studious,1,2.0
Everett O'Clery,Ely Kely,Imaginative,1,4.0
Everett O'Clery,Ely Kely,Analytic,2,3.0
Everett O'Clery,Ely Kely,Independent,2,4.0
Everett O'Clery,Ely Kely,Determined,2,5.0
Everett O'Clery,Ely Kely,Professional,2,1.0
Everett O'Clery,Ely Kely,Studious,2,3.0
Everett O'Clery,Ely Kely,Imaginative,2,2.0
Everett O'Clery,Ely Kely,Analytic,3,4.0
Everett O'Clery,Ely Kely,Independent,3,4.0
Everett O'Clery,Ely Kely,Determined,3,4.0
Everett O'Clery,Ely Kely,Professional,3,4.0
Everett O'Clery,Ely Kely,Studious,3,3.0
Everett O'Clery,Ely Kely,Imaginative,3,4.0
Everett O'Clery,Ely Kely,Analytic,4,4.0
Everett O'Clery,Ely Kely,Independent,4,4.0
Everett O'Clery,Ely Kely,Determined,4,8.0
Everett O'Clery,Ely Kely,Professional,4,8.0
Everett O'Clery,Ely Kely,Studious,4,5.0
Everett O'Clery,Ely Kely,Imaginative,4,7.0
Everett O'Clery,Ely Kely,Analytic,5,6.0
Everett O'Clery,Ely Kely,Independent,5,7.0
Everett O'Clery,Ely Kely,Determined,5,7.0
Everett O'Clery,Ely Kely,Professional,5,4.0
Everett O'Clery,Ely Kely,Studious,5,5.0
Everett O'Clery,Ely Kely,Imaginative,5,8.0
Everett O'Clery,Ely Kely,Analytic,6,7.0
Everett O'Clery,Ely Kely,Independent,6,5.0
Everett O'Clery,Ely Kely,Determined,6,4.0
Everett O'Clery,Ely Kely,Professional,6,4.0
Everett O'Clery,Ely Kely,Studious,6,6.0
Everett O'Clery,Ely Kely,Imaginative,6,8.0
Everett O'Clery,Ely Kely,Analytic,7,8.0
Everett O'Clery,Ely Kely,Independent,7,8.0
Everett O'Clery,Ely Kely,Determined,7,7.0
Everett O'Clery,Ely Kely,Professional,7,8.0
Everett O'Clery,Ely Kely,Studious,7,8.0
Everett O'Clery,Ely Kely,Imaginative,7,8.0
Everett O'Clery,Ely Kely,Analytic,8,6.0
Everett O'Clery,Ely Kely,Independent,8,8.0
Everett O'Clery,Ely Kely,Determined,8,6.0
Everett O'Clery,Ely Kely,Professional,8,5.0
Everett O'Clery,Ely Kely,Studious,8,6.0
Everett O'Clery,Ely Kely,Imaginative,8,8.0
Everett O'Clery,Ely Kely,Analytic,9,8.0
Everett O'Clery,Ely Kely,Independent,9,7.0
Everett O'Clery,Ely Kely,Determined,9,6.0
Everett O'Clery,Ely Kely,Professional,9,6.0
Everett O'Clery,Ely Kely,Studious,9,5.0
Everett O'Clery,Ely Kely,Imaginative,9,6.0
Everett O'Clery,Ely Kely,Analytic,10,8.0
Everett O'Clery,Ely Kely,Independent,10,8.0
Everett O'Clery,Ely Kely,Determined,10,8.0
Everett O'Clery,Ely Kely,Professional,10,8.0
Everett O'Clery,Ely Kely,Studious,10,8.0
Everett O'Clery,Ely Kely,Imaginative,10,8.0
Konstanze Trynor,Ely Kely,Analytic,1,2.0
Konstanze Trynor,Ely Kely,Independent,1,2.0
Konstanze Trynor,Ely Kely,Determined,1,1.0
Konstanze Trynor,Ely Kely,Professional,1,1.0
Konstanze Trynor,Ely Kely,Studious,1,3.0
Konstanze Trynor,Ely Kely,Imaginative,1,4.0
Konstanze Trynor,Ely Kely,Analytic,2,8.0
Konstanze Trynor,Ely Kely,Independent,2,1.0
Konstanze Trynor,Ely Kely,Determined,2,1.0
Konstanze Trynor,Ely Kely,Professional,2,2.0
Konstanze Trynor,Ely Kely,Studious,2,4.0
Konstanze Trynor,Ely Kely,Imaginative,2,3.0
Konstanze Trynor,Ely Kely,Analytic,3,2.0
Konstanze Trynor,Ely Kely,Independent,3,3.0
Konstanze Trynor,Ely Kely,Determined,3,4.0
Konstanze Trynor,Ely Kely,Professional,3,2.0
Konstanze Trynor,Ely Kely,Studious,3,4.0
Konstanze Trynor,Ely Kely,Imaginative,3,4.0
Konstanze Trynor,Ely Kely,Analytic,4,6.0
Konstanze Trynor,Ely Kely,Independent,4,5.0
Konstanze Trynor,Ely Kely,Determined,4,6.0
Konstanze Trynor,Ely Kely,Professional,4,6.0
Konstanze Trynor,Ely Kely,Studious,4,4.0
Konstanze Trynor,Ely Kely,Imaginative,4,5.0
Konstanze Trynor,Ely Kely,Analytic,5,4.0
Konstanze Trynor,Ely Kely,Independent,5,8.0
Konstanze Trynor,Ely Kely,Determined,5,6.0
Konstanze Trynor,Ely Kely,Professional,5,8.0
Konstanze Trynor,Ely Kely,Studious,5,3.0
Konstanze Trynor,Ely Kely,Imaginative,5,4.0
Konstanze Trynor,Ely Kely,Analytic,6,6.0
Konstanze Trynor,Ely Kely,Independent,6,5.0
Konstanze Trynor,Ely Kely,Determined,6,8.0
Konstanze Trynor,Ely Kely,Professional,6,4.0
Konstanze Trynor,Ely Kely,Studious,6,5.0
Konstanze Trynor,Ely Kely,Imaginative,6,5.0
Konstanze Trynor,Ely Kely,Analytic,7,8.0
Konstanze Trynor,Ely Kely,Independent,7,8.0
Konstanze Trynor,Ely Kely,Determined,7,8.0
Konstanze Trynor,Ely Kely,Professional,7,8.0
Konstanze Trynor,Ely Kely,Studious,7,8.0
Konstanze Trynor,Ely Kely,Imaginative,7,8.0
Konstanze Trynor,Ely Kely,Analytic,8,8.0
Konstanze Trynor,Ely Kely,Independent,8,6.0
Konstanze Trynor,Ely Kely,Determined,8,8.0
Konstanze Trynor,Ely Kely,Professional,8,8.0
Konstanze Trynor,Ely Kely,Studious,8,6.0
Konstanze Trynor,Ely Kely,Imaginative,8,7.0
Konstanze Trynor,Ely Kely,Analytic,9,7.0
Konstanze Trynor,Ely Kely,Independent,9,6.0
Konstanze Trynor,Ely Kely,Determined,9,6.0
Konstanze Trynor,Ely Kely,Professional,9,8.0
Konstanze Trynor,Ely Kely,Studious,9,8.0
Konstanze Trynor,Ely Kely,Imaginative,9,8.0
Konstanze Trynor,Ely Kely,Analytic,10,8.0
Konstanze Trynor,Ely Kely,Independent,10,8.0
Konstanze Trynor,Ely Kely,Determined,10,8.0
Konstanze Trynor,Ely Kely,Professional,10,8.0
Konstanze Trynor,Ely Kely,Studious,10,8.0
Konstanze Trynor,Ely Kely,Imaginative,10,8.0
Robinett Mcphate,Ely Kely,Analytic,1,1.0
Robinett Mcphate,Ely Kely,Independent,1,6.0
Robinett Mcphate,Ely Kely,Determined,1,1.0
Robinett Mcphate,Ely Kely,Professional,1,5.0
Robinett Mcphate,Ely Kely,Studious,1,1.0
Robinett Mcphate,Ely Kely,Imaginative,1,2.0
Robinett Mcphate,Ely Kely,Analytic,2,2.0
Robinett Mcphate,Ely Kely,Independent,2,4.0
Robinett Mcphate,Ely Kely,Determined,2,2.0
Robinett Mcphate,Ely Kely,Professional,2,2.0
Robinett Mcphate,Ely Kely,Studious,2,3.0
Robinett Mcphate,Ely Kely,Imaginative,2,4.0
Robinett Mcphate,Ely Kely,Analytic,3,1.0
Robinett Mcphate,Ely Kely,Independent,3,3.0
Robinett Mcphate,Ely Kely,Determined,3,4.0
Robinett Mcphate,Ely Kely,Professional,3,1.0
Robinett Mcphate,Ely Kely,Studious,3,1.0
Robinett Mcphate,Ely Kely,Imaginative,3,3.0
Robinett Mcphate,Ely Kely,Analytic,4,2.0
Robinett Mcphate,Ely Kely,Independent,4,8.0
Robinett Mcphate,Ely Kely,Determined,4,4.0
Robinett Mcphate,Ely Kely,Professional,4,8.0
Robinett Mcphate,Ely Kely,Studious,4,8.0
Robinett Mcphate,Ely Kely,Imaginative,4,8.0
Robinett Mcphate,Ely Kely,Analytic,5,8.0
Robinett Mcphate,Ely Kely,Independent,5,8.0
Robinett Mcphate,Ely Kely,Determined,5,3.0
Robinett Mcphate,Ely Kely,Professional,5,7.0
Robinett Mcphate,Ely Kely,Studious,5,7.0
Robinett Mcphate,Ely Kely,Imaginative,5,8.0
Robinett Mcphate,Ely Kely,Analytic,6,8.0
Robinett Mcphate,Ely Kely,Independent,6,7.0
Robinett Mcphate,Ely Kely,Determined,6,5.0
Robinett Mcphate,Ely Kely,Professional,6,6.0
Robinett Mcphate,Ely Kely,Studious,6,3.0
Robinett Mcphate,Ely Kely,Imaginative,6,4.0
Robinett Mcphate,Ely Kely,Analytic,7,7.0
Robinett Mcphate,Ely Kely,Independent,7,8.0
Robinett Mcphate,Ely Kely,Determined,7,8.0
Robinett Mcphate,Ely Kely,Professional,7,4.0
Robinett Mcphate,Ely Kely,Studious,7,2.0
Robinett Mcphate,Ely Kely,Imaginative,7,8.0
Robinett Mcphate,Ely Kely,Analytic,8,8.0
Robinett Mcphate,Ely Kely,Independent,8,8.0
Robinett Mcphate,Ely Kely,Determined,8,8.0
Robinett Mcphate,Ely Kely,Professional,8,8.0
Robinett Mcphate,Ely Kely,Studious,8,8.0
Robinett Mcphate,Ely Kely,Imaginative,8,8.0
Robinett Mcphate,Ely Kely,Analytic,9,5.0
Robinett Mcphate,Ely Kely,Independent,9,8.0
Robinett Mcphate,Ely Kely,Determined,9,8.0
Robinett Mcphate,Ely Kely,Professional,9,8.0
Robinett Mcphate,Ely Kely,Studious,9,4.0
Robinett Mcphate,Ely Kely,Imaginative,9,7.0
Robinett Mcphate,Ely Kely,Analytic,10,8.0
Robinett Mcphate,Ely Kely,Independent,10,8.0
Robinett Mcphate,Ely Kely,Determined,10,8.0
Robinett Mcphate,Ely Kely,Professional,10,8.0
Robinett Mcphate,Ely Kely,Studious,10,5.0
Robinett Mcphate,Ely Kely,Imaginative,10,5.0
Ronda Aggis,Ely Kely,Analytic,1,1.0
Ronda Aggis,Ely Kely,Independent,1,5.0
Ronda Aggis,Ely Kely,Determined,1,2.0
Ronda Aggis,Ely Kely,Professional,1,4.0
Ronda Aggis,Ely Kely,Studious,1,3.0
Ronda Aggis,Ely Kely,Imaginative,1,6.0
Ronda Aggis,Ely Kely,Analytic,2,6.0
Ronda Aggis,Ely Kely,Independent,2,1.0
Ronda Aggis,Ely Kely,Determined,2,2.0
Ronda Aggis,Ely Kely,Professional,2,3.0
Ronda Aggis,Ely Kely,Studious,2,4.0
Ronda Aggis,Ely Kely,Imaginative,2,2.0
Ronda Aggis,Ely Kely,Analytic,3,3.0
Ronda Aggis,Ely Kely,Independent,3,3.0
Ronda Aggis,Ely Kely,Determined,3,2.0
Ronda Aggis,Ely Kely,Professional,3,3.0
Ronda Aggis,Ely Kely,Studious,3,2.0
Ronda Aggis,Ely Kely,Imaginative,3,3.0
Ronda Aggis,Ely Kely,Analytic,4,8.0
Ronda Aggis,Ely Kely,Independent,4,1.0
Ronda Aggis,Ely Kely,Determined,4,6.0
Ronda Aggis,Ely Kely,Professional,4,4.0
Ronda Aggis,Ely Kely,Studious,4,5.0
Ronda Aggis,Ely Kely,Imaginative,4,8.0
Ronda Aggis,Ely Kely,Analytic,5,3.0
Ronda Aggis,Ely Kely,Independent,5,8.0
Ronda Aggis,Ely Kely,Determined,5,5.0
Ronda Aggis,Ely Kely,Professional,5,8.0
Ronda Aggis,Ely Kely,Studious,5,5.0
Ronda Aggis,Ely Kely,Imaginative,5,2.0
Ronda Aggis,Ely Kely,Analytic,6,5.0
Ronda Aggis,Ely Kely,Independent,6,5.0
Ronda Aggis,Ely Kely,Determined,6,7.0
Ronda Aggis,Ely Kely,Professional,6,6.0
Ronda Aggis,Ely Kely,Studious,6,2.0
Ronda Aggis,Ely Kely,Imaginative,6,8.0
Ronda Aggis,Ely Kely,Analytic,7,6.0
Ronda Aggis,Ely Kely,Independent,7,8.0
Ronda Aggis,Ely Kely,Determined,7,8.0
Ronda Aggis,Ely Kely,Professional,7,6.0
Ronda Aggis,Ely Kely,Studious,7,8.0
Ronda Aggis,Ely Kely,Imaginative,7,5.0
Ronda Aggis,Ely Kely,Analytic,8,8.0
Ronda Aggis,Ely Kely,Independent,8,7.0
Ronda Aggis,Ely Kely,Determined,8,8.0
Ronda Aggis,Ely Kely,Professional,8,8.0
Ronda Aggis,Ely Kely,Studious,8,8.0
Ronda Aggis,Ely Kely,Imaginative,8,7.0
Ronda Aggis,Ely Kely,Analytic,9,6.0
Ronda Aggis,Ely Kely,Independent,9,8.0
Ronda Aggis,Ely Kely,Determined,9,8.0
Ronda Aggis,Ely Kely,Professional,9,8.0
Ronda Aggis,Ely Kely,Studious,9,8.0
Ronda Aggis,Ely Kely,Imaginative,9,8.0
Ronda Aggis,Ely Kely,Analytic,10,8.0
Ronda Aggis,Ely Kely,Independent,10,8.0
Ronda Aggis,Ely Kely,Determined,10,8.0
Ronda Aggis,Ely Kely,Professional,10,8.0
Ronda Aggis,Ely Kely,Studious,10,8.0
Ronda Aggis,Ely Kely,Imaginative,10,8.0
Caril Bayly,Ely Kely,Analytic,1,3.0
Caril Bayly,Ely Kely,Independent,1,3.0
Caril Bayly,Ely Kely,Determined,1,1.0
Caril Bayly,Ely Kely,Professional,1,2.0
Caril Bayly,Ely Kely,Studious,1,1.0
Caril Bayly,Ely Kely,Imaginative,1,3.0
Caril Bayly,Ely Kely,Analytic,2,1.0
Caril Bayly,Ely Kely,Independent,2,1.0
Caril Bayly,Ely Kely,Determined,2,3.0
Caril Bayly,Ely Kely,Professional,2,1.0
Caril Bayly,Ely Kely,Studious,2,5.0
Caril Bayly,Ely Kely,Imaginative,2,1.0
Caril Bayly,Ely Kely,Analytic,3,1.0
Caril Bayly,Ely Kely,Independent,3,2.0
Caril Bayly,Ely Kely,Determined,3,3.0
Caril Bayly,Ely Kely,Professional,3,4.0
Caril Bayly,Ely Kely,Studious,3,3.0
Caril Bayly,Ely Kely,Imaginative,3,5.0
Caril Bayly,Ely Kely,Analytic,4,7.0
Caril Bayly,Ely Kely,Independent,4,7.0
Caril Bayly,Ely Kely,Determined,4,8.0
Caril Bayly,Ely Kely,Professional,4,7.0
Caril Bayly,Ely Kely,Studious,4,5.0
Caril Bayly,Ely Kely,Imaginative,4,5.0
Caril Bayly,Ely Kely,Analytic,5,3.0
Caril Bayly,Ely Kely,Independent,5,5.0
Caril Bayly,Ely Kely,Determined,5,6.0
Caril Bayly,Ely Kely,Professional,5,6.0
Caril Bayly,Ely Kely,Studious,5,6.0
Caril Bayly,Ely Kely,Imaginative,5,2.0
Caril Bayly,Ely Kely,Analytic,6,5.0
Caril Bayly,Ely Kely,Independent,6,3.0
Caril Bayly,Ely Kely,Determined,6,4.0
Caril Bayly,Ely Kely,Professional,6,5.0
Caril Bayly,Ely Kely,Studious,6,4.0
Caril Bayly,Ely Kely,Imaginative,6,5.0
Caril Bayly,Ely Kely,Analytic,7,7.0
Caril Bayly,Ely Kely,Independent,7,8.0
Caril Bayly,Ely Kely,Determined,7,8.0
Caril Bayly,Ely Kely,Professional,7,8.0
Caril Bayly,Ely Kely,Studious,7,8.0
Caril Bayly,Ely Kely,Imaginative,7,8.0
Caril Bayly,Ely Kely,Analytic,8,8.0
Caril Bayly,Ely Kely,Independent,8,8.0
Caril Bayly,Ely Kely,Determined,8,8.0
Caril Bayly,Ely Kely,Professional,8,8.0
Caril Bayly,Ely Kely,Studious,8,7.0
Caril Bayly,Ely Kely,Imaginative,8,7.0
Caril Bayly,Ely Kely,Analytic,9,8.0
Caril Bayly,Ely Kely,Independent,9,8.0
Caril Bayly,Ely Kely,Determined,9,6.0
Caril Bayly,Ely Kely,Professional,9,7.0
Caril Bayly,Ely Kely,Studious,9,4.0
Caril Bayly,Ely Kely,Imaginative,9,8.0
Caril Bayly,Ely Kely,Analytic,10,8.0
Caril Bayly,Ely Kely,Independent,10,8.0
Caril Bayly,Ely Kely,Determined,10,8.0
Caril Bayly,Ely Kely,Professional,10,8.0
Caril Bayly,Ely Kely,Studious,10,8.0
Caril Bayly,Ely Kely,Imaginative,10,8.0
Mari Lotterington,Ely Kely,Analytic,1,4.0
Mari Lotterington,Ely Kely,Independent,1,1.0
Mari Lotterington,Ely Kely,Determined,1,2.0
Mari Lotterington,Ely Kely,Professional,1,5.0
Mari Lotterington,Ely Kely,Studious,1,3.0
Mari Lotterington,Ely Kely,Imaginative,1,2.0
Mari Lotterington,Ely Kely,Analytic,2,4.0
Mari Lotterington,Ely Kely,Independent,2,1.0
Mari Lotterington,Ely Kely,Determined,2,5.0
Mari Lotterington,Ely Kely,Professional,2,6.0
Mari Lotterington,Ely Kely,Studious,2,2.0
Mari Lotterington,Ely Kely,Imaginative,2,2.0
Mari Lotterington,Ely Kely,Analytic,3,1.0
Mari Lotterington,Ely Kely,Independent,3,2.0
Mari Lotterington,Ely Kely,Determined,3,5.0
Mari Lotterington,Ely Kely,Professional,3,5.0
Mari Lotterington,Ely Kely,Studious,3,2.0
Mari Lotterington,Ely Kely,Imaginative,3,2.0
Mari Lotterington,Ely Kely,Analytic,4,7.0
Mari Lotterington,Ely Kely,Independent,4,7.0
Mari Lotterington,Ely Kely,Determined,4,6.0
Mari Lotterington,Ely Kely,Professional,4,4.0
Mari Lotterington,Ely Kely,Studious,4,5.0
Mari Lotterington,Ely Kely,Imaginative,4,6.0
Mari Lotterington,Ely Kely,Analytic,5,6.0
Mari Lotterington,Ely Kely,Independent,5,8.0
Mari Lotterington,Ely Kely,Determined,5,4.0
Mari Lotterington,Ely Kely,Professional,5,7.0
Mari Lotterington,Ely Kely,Studious,5,7.0
Mari Lotterington,Ely Kely,Imaginative,5,7.0
Mari Lotterington,Ely Kely,Analytic,6,8.0
Mari Lotterington,Ely Kely,Independent,6,5.0
Mari Lotterington,Ely Kely,Determined,6,8.0
Mari Lotterington,Ely Kely,Professional,6,3.0
Mari Lotterington,Ely Kely,Studious,6,6.0
Mari Lotterington,Ely Kely,Imaginative,6,4.0
Mari Lotterington,Ely Kely,Analytic,7,8.0
Mari Lotterington,Ely Kely,Independent,7,7.0
Mari Lotterington,Ely Kely,Determined,7,7.0
Mari Lotterington,Ely Kely,Professional,7,7.0
Mari Lotterington,Ely Kely,Studious,7,8.0
Mari Lotterington,Ely Kely,Imaginative,7,8.0
Mari Lotterington,Ely Kely,Analytic,8,7.0
Mari Lotterington,Ely Kely,Independent,8,5.0
Mari Lotterington,Ely Kely,Determined,8,8.0
Mari Lotterington,Ely Kely,Professional,8,8.0
Mari Lotterington,Ely Kely,Studious,8,7.0
Mari Lotterington,Ely Kely,Imaginative,8,8.0
Mari Lotterington,Ely Kely,Analytic,9,6.0
Mari Lotterington,Ely Kely,Independent,9,8.0
Mari Lotterington,Ely Kely,Determined,9,7.0
Mari Lotterington,Ely Kely,Professional,9,8.0
Mari Lotterington,Ely Kely,Studious,9,5.0
Mari Lotterington,Ely Kely,Imaginative,9,8.0
Mari Lotterington,Ely Kely,Analytic,10,8.0
Mari Lotterington,Ely Kely,Independent,10,8.0
Mari Lotterington,Ely Kely,Determined,10,8.0
Mari Lotterington,Ely Kely,Professional,10,8.0
Mari Lotterington,Ely Kely,Studious,10,8.0
Mari Lotterington,Ely Kely,Imaginative,10,8.0
Jacquelynn Savin,Ely Kely,Analytic,1,1.0
Jacquelynn Savin,Ely Kely,Independent,1,2.0
Jacquelynn Savin,Ely Kely,Determined,1,5.0
Jacquelynn Savin,Ely Kely,Professional,1,5.0
Jacquelynn Savin,Ely Kely,Studious,1,1.0
Jacquelynn Savin,Ely Kely,Imaginative,1,2.0
Jacquelynn Savin,Ely Kely,Analytic,2,3.0
Jacquelynn Savin,Ely Kely,Independent,2,3.0
Jacquelynn Savin,Ely Kely,Determined,2,3.0
Jacquelynn Savin,Ely Kely,Professional,2,3.0
Jacquelynn Savin,Ely Kely,Studious,2,7.0
Jacquelynn Savin,Ely Kely,Imaginative,2,6.0
Jacquelynn Savin,Ely Kely,Analytic,3,5.0
Jacquelynn Savin,Ely Kely,Independent,3,2.0
Jacquelynn Savin,Ely Kely,Determined,3,2.0
Jacquelynn Savin,Ely Kely,Professional,3,6.0
Jacquelynn Savin,Ely Kely,Studious,3,2.0
Jacquelynn Savin,Ely Kely,Imaginative,3,5.0
Jacquelynn Savin,Ely Kely,Analytic,4,8.0
Jacquelynn Savin,Ely Kely,Independent,4,5.0
Jacquelynn Savin,Ely Kely,Determined,4,5.0
Jacquelynn Savin,Ely Kely,Professional,4,3.0
Jacquelynn Savin,Ely Kely,Studious,4,8.0
Jacquelynn Savin,Ely Kely,Imaginative,4,8.0
Jacquelynn Savin,Ely Kely,Analytic,5,5.0
Jacquelynn Savin,Ely Kely,Independent,5,7.0
Jacquelynn Savin,Ely Kely,Determined,5,4.0
Jacquelynn Savin,Ely Kely,Professional,5,4.0
Jacquelynn Savin,Ely Kely,Studious,5,8.0
Jacquelynn Savin,Ely Kely,Imaginative,5,6.0
Jacquelynn Savin,Ely Kely,Analytic,6,7.0
Jacquelynn Savin,Ely Kely,Independent,6,8.0
Jacquelynn Savin,Ely Kely,Determined,6,8.0
Jacquelynn Savin,Ely Kely,Professional,6,5.0
Jacquelynn Savin,Ely Kely,Studious,6,6.0
Jacquelynn Savin,Ely Kely,Imaginative,6,4.0
Jacquelynn Savin,Ely Kely,Analytic,7,8.0
Jacquelynn Savin,Ely Kely,Independent,7,8.0
Jacquelynn Savin,Ely Kely,Determined,7,8.0
Jacquelynn Savin,Ely Kely,Professional,7,8.0
Jacquelynn Savin,Ely Kely,Studious,7,6.0
Jacquelynn Savin,Ely Kely,Imaginative,7,4.0
Jacquelynn Savin,Ely Kely,Analytic,8,8.0
Jacquelynn Savin,Ely Kely,Independent,8,8.0
Jacquelynn Savin,Ely Kely,Determined,8,6.0
Jacquelynn Savin,Ely Kely,Professional,8,8.0
Jacquelynn Savin,Ely Kely,Studious,8,8.0
Jacquelynn Savin,Ely Kely,Imaginative,8,8.0
Jacquelynn Savin,Ely Kely,Analytic,9,8.0
Jacquelynn Savin,Ely Kely,Independent,9,8.0
Jacquelynn Savin,Ely Kely,Determined,9,8.0
Jacquelynn Savin,Ely Kely,Professional,9,8.0
Jacquelynn Savin,Ely Kely,Studious,9,8.0
Jacquelynn Savin,Ely Kely,Imaginative,9,8.0
Jacquelynn Savin,Ely Kely,Analytic,10,8.0
Jacquelynn Savin,Ely Kely,Independent,10,8.0
Jacquelynn Savin,Ely Kely,Determined,10,8.0
Jacquelynn Savin,Ely Kely,Professional,10,8.0
Jacquelynn Savin,Ely Kely,Studious,10,8.0
Jacquelynn Savin,Ely Kely,Imaginative,10,8.0
Ives Weddell,Ely Kely,Analytic,1,4.0
Ives Weddell,Ely Kely,Independent,1,2.0
Ives Weddell,Ely Kely,Determined,1,2.0
Ives Weddell,Ely Kely,Professional,1,2.0
Ives Weddell,Ely Kely,Studious,1,1.0
Ives Weddell,Ely Kely,Imaginative,1,4.0
Ives Weddell,Ely Kely,Analytic,2,3.0
Ives Weddell,Ely Kely,Independent,2,3.0
Ives Weddell,Ely Kely,Determined,2,1.0
Ives Weddell,Ely Kely,Professional,2,2.0
Ives Weddell,Ely Kely,Studious,2,5.0
Ives Weddell,Ely Kely,Imaginative,2,2.0
Ives Weddell,Ely Kely,Analytic,3,3.0
Ives Weddell,Ely Kely,Independent,3,2.0
Ives Weddell,Ely Kely,Determined,3,5.0
Ives Weddell,Ely Kely,Professional,3,1.0
Ives Weddell,Ely Kely,Studious,3,3.0
Ives Weddell,Ely Kely,Imaginative,3,1.0
Ives Weddell,Ely Kely,Analytic,4,8.0
Ives Weddell,Ely Kely,Independent,4,8.0
Ives Weddell,Ely Kely,Determined,4,8.0
Ives Weddell,Ely Kely,Professional,4,4.0
Ives Weddell,Ely Kely,Studious,4,7.0
Ives Weddell,Ely Kely,Imaginative,4,7.0
Ives Weddell,Ely Kely,Analytic,5,4.0
Ives Weddell,Ely Kely,Independent,5,7.0
Ives Weddell,Ely Kely,Determined,5,6.0
Ives Weddell,Ely Kely,Professional,5,4.0
Ives Weddell,Ely Kely,Studious,5,3.0
Ives Weddell,Ely Kely,Imaginative,5,8.0
Ives Weddell,Ely Kely,Analytic,6,6.0
Ives Weddell,Ely Kely,Independent,6,7.0
Ives Weddell,Ely Kely,Determined,6,4.0
Ives Weddell,Ely Kely,Professional,6,1.0
Ives Weddell,Ely Kely,Studious,6,6.0
Ives Weddell,Ely Kely,Imaginative,6,3.0
Ives Weddell,Ely Kely,Analytic,7,5.0
Ives Weddell,Ely Kely,Independent,7,8.0
Ives Weddell,Ely Kely,Determined,7,5.0
Ives Weddell,Ely Kely,Professional,7,3.0
Ives Weddell,Ely Kely,Studious,7,8.0
Ives Weddell,Ely Kely,Imaginative,7,8.0
Ives Weddell,Ely Kely,Analytic,8,8.0
Ives Weddell,Ely Kely,Independent,8,8.0
Ives Weddell,Ely Kely,Determined,8,8.0
Ives Weddell,Ely Kely,Professional,8,8.0
Ives Weddell,Ely Kely,Studious,8,6.0
Ives Weddell,Ely Kely,Imaginative,8,8.0
Ives Weddell,Ely Kely,Analytic,9,8.0
Ives Weddell,Ely Kely,Independent,9,5.0
Ives Weddell,Ely Kely,Determined,9,4.0
Ives Weddell,Ely Kely,Professional,9,6.0
Ives Weddell,Ely Kely,Studious,9,8.0
Ives Weddell,Ely Kely,Imaginative,9,6.0
Ives Weddell,Ely Kely,Analytic,10,8.0
Ives Weddell,Ely Kely,Independent,10,8.0
Ives Weddell,Ely Kely,Determined,10,8.0
Ives Weddell,Ely Kely,Professional,10,8.0
Ives Weddell,Ely Kely,Studious,10,8.0
Ives Weddell,Ely Kely,Imaginative,10,8.0
Gerda Yuille,Ely Kely,Analytic,1,3.0
Gerda Yuille,Ely Kely,Independent,1,4.0
Gerda Yuille,Ely Kely,Determined,1,2.0
Gerda Yuille,Ely Kely,Professional,1,2.0
Gerda Yuille,Ely Kely,Studious,1,3.0
Gerda Yuille,Ely Kely,Imaginative,1,4.0
Gerda Yuille,Ely Kely,Analytic,2,5.0
Gerda Yuille,Ely Kely,Independent,2,5.0
Gerda Yuille,Ely Kely,Determined,2,5.0
Gerda Yuille,Ely Kely,Professional,2,5.0
Gerda Yuille,Ely Kely,Studious,2,2.0
Gerda Yuille,Ely Kely,Imaginative,2,3.0
Gerda Yuille,Ely Kely,Analytic,3,6.0
Gerda Yuille,Ely Kely,Independent,3,2.0
Gerda Yuille,Ely Kely,Determined,3,1.0
Gerda Yuille,Ely Kely,Professional,3,6.0
Gerda Yuille,Ely Kely,Studious,3,4.0
Gerda Yuille,Ely Kely,Imaginative,3,5.0
Gerda Yuille,Ely Kely,Analytic,4,6.0
Gerda Yuille,Ely Kely,Independent,4,6.0
Gerda Yuille,Ely Kely,Determined,4,8.0
Gerda Yuille,Ely Kely,Professional,4,5.0
Gerda Yuille,Ely Kely,Studious,4,3.0
Gerda Yuille,Ely Kely,Imaginative,4,2.0
Gerda Yuille,Ely Kely,Analytic,5,6.0
Gerda Yuille,Ely Kely,Independent,5,3.0
Gerda Yuille,Ely Kely,Determined,5,8.0
Gerda Yuille,Ely Kely,Professional,5,7.0
Gerda Yuille,Ely Kely,Studious,5,4.0
Gerda Yuille,Ely Kely,Imaginative,5,7.0
Gerda Yuille,Ely Kely,Analytic,6,7.0
Gerda Yuille,Ely Kely,Independent,6,8.0
Gerda Yuille,Ely Kely,Determined,6,4.0
Gerda Yuille,Ely Kely,Professional,6,3.0
Gerda Yuille,Ely Kely,Studious,6,8.0
Gerda Yuille,Ely Kely,Imaginative,6,5.0
Gerda Yuille,Ely Kely,Analytic,7,6.0
Gerda Yuille,Ely Kely,Independent,7,8.0
Gerda Yuille,Ely Kely,Determined,7,8.0
Gerda Yuille,Ely Kely,Professional,7,8.0
Gerda Yuille,Ely Kely,Studious,7,8.0
Gerda Yuille,Ely Kely,Imaginative,7,5.0
Gerda Yuille,Ely Kely,Analytic,8,8.0
Gerda Yuille,Ely Kely,Independent,8,8.0
Gerda Yuille,Ely Kely,Determined,8,4.0
Gerda Yuille,Ely Kely,Professional,8,8.0
Gerda Yuille,Ely Kely,Studious,8,6.0
Gerda Yuille,Ely Kely,Imaginative,8,8.0
Gerda Yuille,Ely Kely,Analytic,9,7.0
Gerda Yuille,Ely Kely,Independent,9,5.0
Gerda Yuille,Ely Kely,Determined,9,8.0
Gerda Yuille,Ely Kely,Professional,9,8.0
Gerda Yuille,Ely Kely,Studious,9,8.0
Gerda Yuille,Ely Kely,Imaginative,9,6.0
Gerda Yuille,Ely Kely,Analytic,10,8.0
Gerda Yuille,Ely Kely,Independent,10,8.0
Gerda Yuille,Ely Kely,Determined,10,8.0
Gerda Yuille,Ely Kely,Professional,10,8.0
Gerda Yuille,Ely Kely,Studious,10,8.0
Gerda Yuille,Ely Kely,Imaginative,10,8.0
Pyotr De Zuani,Trixie Orange,Analytic,1,1.0
Pyotr De Zuani,Trixie Orange,Independent,1,3.0
Pyotr De Zuani,Trixie Orange,Determined,1,4.0
Pyotr De Zuani,Trixie Orange,Professional,1,2.0
Pyotr De Zuani,Trixie Orange,Studious,1,2.0
Pyotr De Zuani,Trixie Orange,Imaginative,1,2.0
Pyotr De Zuani,Trixie Orange,Analytic,2,3.0
Pyotr De Zuani,Trixie Orange,Independent,2,1.0
Pyotr De Zuani,Trixie Orange,Determined,2,3.0
Pyotr De Zuani,Trixie Orange,Professional,2,6.0
Pyotr De Zuani,Trixie Orange,Studious,2,2.0
Pyotr De Zuani,Trixie Orange,Imaginative,2,6.0
Pyotr De Zuani,Trixie Orange,Analytic,3,1.0
Pyotr De Zuani,Trixie Orange,Independent,3,2.0
Pyotr De Zuani,Trixie Orange,Determined,3,2.0
Pyotr De Zuani,Trixie Orange,Professional,3,2.0
Pyotr De Zuani,Trixie Orange,Studious,3,1.0
Pyotr De Zuani,Trixie Orange,Imaginative,3,1.0
Vince Scott,Trixie Orange,Analytic,1,1.0
Vince Scott,Trixie Orange,Independent,1,1.0
Vince Scott,Trixie Orange,Determined,1,4.0
Vince Scott,Trixie Orange,Professional,1,3.0
Vince Scott,Trixie Orange,Studious,1,3.0
Vince Scott,Trixie Orange,Imaginative,1,4.0
Vince Scott,Trixie Orange,Analytic,2,3.0
Vince Scott,Trixie Orange,Independent,2,4.0
Vince Scott,Trixie Orange,Determined,2,2.0
Vince Scott,Trixie Orange,Professional,2,2.0
Vince Scott,Trixie Orange,Studious,2,2.0
Vince Scott,Trixie Orange,Imaginative,2,1.0
Vince Scott,Trixie Orange,Analytic,3,1.0
Vince Scott,Trixie Orange,Independent,3,4.0
Vince Scott,Trixie Orange,Determined,3,5.0
Vince Scott,Trixie Orange,Professional,3,2.0
Vince Scott,Trixie Orange,Studious,3,3.0
Vince Scott,Trixie Orange,Imaginative,3,3.0
Vince Scott,Trixie Orange,Analytic,4,8.0
Vince Scott,Trixie Orange,Independent,4,5.0
Vince Scott,Trixie Orange,Determined,4,7.0
Vince Scott,Trixie Orange,Professional,4,6.0
Vince Scott,Trixie Orange,Studious,4,5.0
Vince Scott,Trixie Orange,Imaginative,4,4.0
Vince Scott,Trixie Orange,Analytic,5,3.0
Vince Scott,Trixie Orange,Independent,5,8.0
Vince Scott,Trixie Orange,Determined,5,7.0
Vince Scott,Trixie Orange,Professional,5,8.0
Vince Scott,Trixie Orange,Studious,5,7.0
Vince Scott,Trixie Orange,Imaginative,5,8.0
Vince Scott,Trixie Orange,Analytic,6,5.0
Vince Scott,Trixie Orange,Independent,6,8.0
Vince Scott,Trixie Orange,Determined,6,7.0
Vince Scott,Trixie Orange,Professional,6,1.0
Vince Scott,Trixie Orange,Studious,6,6.0
Vince Scott,Trixie Orange,Imaginative,6,4.0
Vince Scott,Trixie Orange,Analytic,7,8.0
Vince Scott,Trixie Orange,Independent,7,8.0
Vince Scott,Trixie Orange,Determined,7,8.0
Vince Scott,Trixie Orange,Professional,7,7.0
Vince Scott,Trixie Orange,Studious,7,8.0
Vince Scott,Trixie Orange,Imaginative,7,8.0
Vince Scott,Trixie Orange,Analytic,8,8.0
Vince Scott,Trixie Orange,Independent,8,8.0
Vince Scott,Trixie Orange,Determined,8,8.0
Vince Scott,Trixie Orange,Professional,8,8.0
Vince Scott,Trixie Orange,Studious,8,8.0
Vince Scott,Trixie Orange,Imaginative,8,8.0
Kellie Althorp,Trixie Orange,Analytic,1,3.0
Kellie Althorp,Trixie Orange,Independent,1,4.0
Kellie Althorp,Trixie Orange,Determined,1,1.0
Kellie Althorp,Trixie Orange,Professional,1,1.0
Kellie Althorp,Trixie Orange,Studious,1,5.0
Kellie Althorp,Trixie Orange,Imaginative,1,2.0
Kellie Althorp,Trixie Orange,Analytic,2,2.0
Kellie Althorp,Trixie Orange,Independent,2,3.0
Kellie Althorp,Trixie Orange,Determined,2,2.0
Kellie Althorp,Trixie Orange,Professional,2,6.0
Kellie Althorp,Trixie Orange,Studious,2,3.0
Kellie Althorp,Trixie Orange,Imaginative,2,4.0
Kellie Althorp,Trixie Orange,Analytic,3,1.0
Kellie Althorp,Trixie Orange,Independent,3,2.0
Kellie Althorp,Trixie Orange,Determined,3,1.0
Kellie Althorp,Trixie Orange,Professional,3,4.0
Kellie Althorp,Trixie Orange,Studious,3,1.0
Kellie Althorp,Trixie Orange,Imaginative,3,7.0
Kellie Althorp,Trixie Orange,Analytic,4,5.0
Kellie Althorp,Trixie Orange,Independent,4,1.0
Kellie Althorp,Trixie Orange,Determined,4,4.0
Kellie Althorp,Trixie Orange,Professional,4,2.0
Kellie Althorp,Trixie Orange,Studious,4,4.0
Kellie Althorp,Trixie Orange,Imaginative,4,8.0
Kellie Althorp,Trixie Orange,Analytic,5,6.0
Kellie Althorp,Trixie Orange,Independent,5,8.0
Kellie Althorp,Trixie Orange,Determined,5,5.0
Kellie Althorp,Trixie Orange,Professional,5,5.0
Kellie Althorp,Trixie Orange,Studious,5,7.0
Kellie Althorp,Trixie Orange,Imaginative,5,7.0
Kellie Althorp,Trixie Orange,Analytic,6,8.0
Kellie Althorp,Trixie Orange,Independent,6,5.0
Kellie Althorp,Trixie Orange,Determined,6,7.0
Kellie Althorp,Trixie Orange,Professional,6,6.0
Kellie Althorp,Trixie Orange,Studious,6,4.0
Kellie Althorp,Trixie Orange,Imaginative,6,4.0
Kellie Althorp,Trixie Orange,Analytic,7,8.0
Kellie Althorp,Trixie Orange,Independent,7,6.0
Kellie Althorp,Trixie Orange,Determined,7,6.0
Kellie Althorp,Trixie Orange,Professional,7,8.0
Kellie Althorp,Trixie Orange,Studious,7,5.0
Kellie Althorp,Trixie Orange,Imaginative,7,8.0
Kellie Althorp,Trixie Orange,Analytic,8,3.0
Kellie Althorp,Trixie Orange,Independent,8,7.0
Kellie Althorp,Trixie Orange,Determined,8,8.0
Kellie Althorp,Trixie Orange,Professional,8,8.0
Kellie Althorp,Trixie Orange,Studious,8,8.0
Kellie Althorp,Trixie Orange,Imaginative,8,6.0
Aida Bothams,Trixie Orange,Analytic,1,4.0
Aida Bothams,Trixie Orange,Independent,1,2.0
Aida Bothams,Trixie Orange,Determined,1,2.0
Aida Bothams,Trixie Orange,Professional,1,3.0
Aida Bothams,Trixie Orange,Studious,1,3.0
Aida Bothams,Trixie Orange,Imaginative,1,1.0
Aida Bothams,Trixie Orange,Analytic,2,7.0
Aida Bothams,Trixie Orange,Independent,2,6.0
Aida Bothams,Trixie Orange,Determined,2,3.0
Aida Bothams,Trixie Orange,Professional,2,1.0
Aida Bothams,Trixie Orange,Studious,2,1.0
Aida Bothams,Trixie Orange,Imaginative,2,1.0
Aida Bothams,Trixie Orange,Analytic,3,4.0
Aida Bothams,Trixie Orange,Independent,3,2.0
Aida Bothams,Trixie Orange,Determined,3,2.0
Aida Bothams,Trixie Orange,Professional,3,1.0
Aida Bothams,Trixie Orange,Studious,3,4.0
Aida Bothams,Trixie Orange,Imaginative,3,1.0
Aida Bothams,Trixie Orange,Analytic,4,3.0
Aida Bothams,Trixie Orange,Independent,4,7.0
Aida Bothams,Trixie Orange,Determined,4,8.0
Aida Bothams,Trixie Orange,Professional,4,8.0
Aida Bothams,Trixie Orange,Studious,4,4.0
Aida Bothams,Trixie Orange,Imaginative,4,7.0
Aida Bothams,Trixie Orange,Analytic,5,2.0
Aida Bothams,Trixie Orange,Independent,5,6.0
Aida Bothams,Trixie Orange,Determined,5,4.0
Aida Bothams,Trixie Orange,Professional,5,7.0
Aida Bothams,Trixie Orange,Studious,5,1.0
Aida Bothams,Trixie Orange,Imaginative,5,3.0
Aida Bothams,Trixie Orange,Analytic,6,4.0
Aida Bothams,Trixie Orange,Independent,6,4.0
Aida Bothams,Trixie Orange,Determined,6,4.0
Aida Bothams,Trixie Orange,Professional,6,3.0
Aida Bothams,Trixie Orange,Studious,6,5.0
Aida Bothams,Trixie Orange,Imaginative,6,8.0
Aida Bothams,Trixie Orange,Analytic,7,8.0
Aida Bothams,Trixie Orange,Independent,7,8.0
Aida Bothams,Trixie Orange,Determined,7,8.0
Aida Bothams,Trixie Orange,Professional,7,8.0
Aida Bothams,Trixie Orange,Studious,7,6.0
Aida Bothams,Trixie Orange,Imaginative,7,8.0
Aida Bothams,Trixie Orange,Analytic,8,8.0
Aida Bothams,Trixie Orange,Independent,8,8.0
Aida Bothams,Trixie Orange,Determined,8,8.0
Aida Bothams,Trixie Orange,Professional,8,8.0
Aida Bothams,Trixie Orange,Studious,8,8.0
Aida Bothams,Trixie Orange,Imaginative,8,8.0
Nettie Civitillo,Trixie Orange,Analytic,1,5.0
Nettie Civitillo,Trixie Orange,Independent,1,4.0
Nettie Civitillo,Trixie Orange,Determined,1,3.0
Nettie Civitillo,Trixie Orange,Professional,1,1.0
Nettie Civitillo,Trixie Orange,Studious,1,1.0
Nettie Civitillo,Trixie Orange,Imaginative,1,6.0
Nettie Civitillo,Trixie Orange,Analytic,2,2.0
Nettie Civitillo,Trixie Orange,Independent,2,5.0
Nettie Civitillo,Trixie Orange,Determined,2,2.0
Nettie Civitillo,Trixie Orange,Professional,2,2.0
Nettie Civitillo,Trixie Orange,Studious,2,1.0
Nettie Civitillo,Trixie Orange,Imaginative,2,2.0
Nettie Civitillo,Trixie Orange,Analytic,3,1.0
Nettie Civitillo,Trixie Orange,Independent,3,2.0
Nettie Civitillo,Trixie Orange,Determined,3,3.0
Nettie Civitillo,Trixie Orange,Professional,3,3.0
Nettie Civitillo,Trixie Orange,Studious,3,3.0
Nettie Civitillo,Trixie Orange,Imaginative,3,3.0
Nettie Civitillo,Trixie Orange,Analytic,4,5.0
Nettie Civitillo,Trixie Orange,Independent,4,8.0
Nettie Civitillo,Trixie Orange,Determined,4,5.0
Nettie Civitillo,Trixie Orange,Professional,4,2.0
Nettie Civitillo,Trixie Orange,Studious,4,8.0
Nettie Civitillo,Trixie Orange,Imaginative,4,5.0
Nettie Civitillo,Trixie Orange,Analytic,5,4.0
Nettie Civitillo,Trixie Orange,Independent,5,5.0
Nettie Civitillo,Trixie Orange,Determined,5,8.0
Nettie Civitillo,Trixie Orange,Professional,5,6.0
Nettie Civitillo,Trixie Orange,Studious,5,7.0
Nettie Civitillo,Trixie Orange,Imaginative,5,5.0
Nettie Civitillo,Trixie Orange,Analytic,6,4.0
Nettie Civitillo,Trixie Orange,Independent,6,3.0
Nettie Civitillo,Trixie Orange,Determined,6,2.0
Nettie Civitillo,Trixie Orange,Professional,6,5.0
Nettie Civitillo,Trixie Orange,Studious,6,8.0
Nettie Civitillo,Trixie Orange,Imaginative,6,8.0
Nettie Civitillo,Trixie Orange,Analytic,7,8.0
Nettie Civitillo,Trixie Orange,Independent,7,8.0
Nettie Civitillo,Trixie Orange,Determined,7,7.0
Nettie Civitillo,Trixie Orange,Professional,7,6.0
Nettie Civitillo,Trixie Orange,Studious,7,6.0
Nettie Civitillo,Trixie Orange,Imaginative,7,6.0
Nettie Civitillo,Trixie Orange,Analytic,8,8.0
Nettie Civitillo,Trixie Orange,Independent,8,8.0
Nettie Civitillo,Trixie Orange,Determined,8,8.0
Nettie Civitillo,Trixie Orange,Professional,8,7.0
Nettie Civitillo,Trixie Orange,Studious,8,3.0
Nettie Civitillo,Trixie Orange,Imaginative,8,7.0
Bernadette Gerardi,Trixie Orange,Analytic,1,6.0
Bernadette Gerardi,Trixie Orange,Independent,1,1.0
Bernadette Gerardi,Trixie Orange,Determined,1,3.0
Bernadette Gerardi,Trixie Orange,Professional,1,2.0
Bernadette Gerardi,Trixie Orange,Studious,1,2.0
Bernadette Gerardi,Trixie Orange,Imaginative,1,3.0
Bernadette Gerardi,Trixie Orange,Analytic,2,2.0
Bernadette Gerardi,Trixie Orange,Independent,2,5.0
Bernadette Gerardi,Trixie Orange,Determined,2,4.0
Bernadette Gerardi,Trixie Orange,Professional,2,1.0
Bernadette Gerardi,Trixie Orange,Studious,2,4.0
Bernadette Gerardi,Trixie Orange,Imaginative,2,3.0
Bernadette Gerardi,Trixie Orange,Analytic,3,1.0
Bernadette Gerardi,Trixie Orange,Independent,3,4.0
Bernadette Gerardi,Trixie Orange,Determined,3,1.0
Bernadette Gerardi,Trixie Orange,Professional,3,3.0
Bernadette Gerardi,Trixie Orange,Studious,3,5.0
Bernadette Gerardi,Trixie Orange,Imaginative,3,2.0
Bernadette Gerardi,Trixie Orange,Analytic,4,5.0
Bernadette Gerardi,Trixie Orange,Independent,4,8.0
Bernadette Gerardi,Trixie Orange,Determined,4,8.0
Bernadette Gerardi,Trixie Orange,Professional,4,5.0
Bernadette Gerardi,Trixie Orange,Studious,4,5.0
Bernadette Gerardi,Trixie Orange,Imaginative,4,7.0
Bernadette Gerardi,Trixie Orange,Analytic,5,8.0
Bernadette Gerardi,Trixie Orange,Independent,5,8.0
Bernadette Gerardi,Trixie Orange,Determined,5,7.0
Bernadette Gerardi,Trixie Orange,Professional,5,8.0
Bernadette Gerardi,Trixie Orange,Studious,5,3.0
Bernadette Gerardi,Trixie Orange,Imaginative,5,8.0
Bernadette Gerardi,Trixie Orange,Analytic,6,1.0
Bernadette Gerardi,Trixie Orange,Independent,6,8.0
Bernadette Gerardi,Trixie Orange,Determined,6,5.0
Bernadette Gerardi,Trixie Orange,Professional,6,8.0
Bernadette Gerardi,Trixie Orange,Studious,6,8.0
Bernadette Gerardi,Trixie Orange,Imaginative,6,2.0
Bernadette Gerardi,Trixie Orange,Analytic,7,7.0
Bernadette Gerardi,Trixie Orange,Independent,7,8.0
Bernadette Gerardi,Trixie Orange,Determined,7,8.0
Bernadette Gerardi,Trixie Orange,Professional,7,7.0
Bernadette Gerardi,Trixie Orange,Studious,7,8.0
Bernadette Gerardi,Trixie Orange,Imaginative,7,7.0
Bernadette Gerardi,Trixie Orange,Analytic,8,8.0
Bernadette Gerardi,Trixie Orange,Independent,8,8.0
Bernadette Gerardi,Trixie Orange,Determined,8,8.0
Bernadette Gerardi,Trixie Orange,Professional,8,8.0
Bernadette Gerardi,Trixie Orange,Studious,8,8.0
Bernadette Gerardi,Trixie Orange,Imaginative,8,8.0
Teddy Ham,Trixie Orange,Analytic,1,4.0
Teddy Ham,Trixie Orange,Independent,1,4.0
Teddy Ham,Trixie Orange,Determined,1,2.0
Teddy Ham,Trixie Orange,Professional,1,1.0
Teddy Ham,Trixie Orange,Studious,1,4.0
Teddy Ham,Trixie Orange,Imaginative,1,1.0
Teddy Ham,Trixie Orange,Analytic,2,4.0
Teddy Ham,Trixie Orange,Independent,2,4.0
Teddy Ham,Trixie Orange,Determined,2,5.0
Teddy Ham,Trixie Orange,Professional,2,3.0
Teddy Ham,Trixie Orange,Studious,2,4.0
Teddy Ham,Trixie Orange,Imaginative,2,2.0
Teddy Ham,Trixie Orange,Analytic,3,3.0
Teddy Ham,Trixie Orange,Independent,3,3.0
Teddy Ham,Trixie Orange,Determined,3,3.0
Teddy Ham,Trixie Orange,Professional,3,4.0
Teddy Ham,Trixie Orange,Studious,3,4.0
Teddy Ham,Trixie Orange,Imaginative,3,8.0
Teddy Ham,Trixie Orange,Analytic,4,5.0
Teddy Ham,Trixie Orange,Independent,4,2.0
Teddy Ham,Trixie Orange,Determined,4,5.0
Teddy Ham,Trixie Orange,Professional,4,3.0
Teddy Ham,Trixie Orange,Studious,4,3.0
Teddy Ham,Trixie Orange,Imaginative,4,7.0
Teddy Ham,Trixie Orange,Analytic,5,5.0
Teddy Ham,Trixie Orange,Independent,5,6.0
Teddy Ham,Trixie Orange,Determined,5,4.0
Teddy Ham,Trixie Orange,Professional,5,8.0
Teddy Ham,Trixie Orange,Studious,5,1.0
Teddy Ham,Trixie Orange,Imaginative,5,8.0
Teddy Ham,Trixie Orange,Analytic,6,4.0
Teddy Ham,Trixie Orange,Independent,6,6.0
Teddy Ham,Trixie Orange,Determined,6,6.0
Teddy Ham,Trixie Orange,Professional,6,2.0
Teddy Ham,Trixie Orange,Studious,6,6.0
Teddy Ham,Trixie Orange,Imaginative,6,7.0
Teddy Ham,Trixie Orange,Analytic,7,8.0
Teddy Ham,Trixie Orange,Independent,7,7.0
Teddy Ham,Trixie Orange,Determined,7,8.0
Teddy Ham,Trixie Orange,Professional,7,8.0
Teddy Ham,Trixie Orange,Studious,7,7.0
Teddy Ham,Trixie Orange,Imaginative,7,5.0
Teddy Ham,Trixie Orange,Analytic,8,8.0
Teddy Ham,Trixie Orange,Independent,8,7.0
Teddy Ham,Trixie Orange,Determined,8,8.0
Teddy Ham,Trixie Orange,Professional,8,8.0
Teddy Ham,Trixie Orange,Studious,8,8.0
Teddy Ham,Trixie Orange,Imaginative,8,8.0
Ivory Linnemann,Trixie Orange,Analytic,1,2.0
Ivory Linnemann,Trixie Orange,Independent,1,1.0
Ivory Linnemann,Trixie Orange,Determined,1,3.0
Ivory Linnemann,Trixie Orange,Professional,1,1.0
Ivory Linnemann,Trixie Orange,Studious,1,3.0
Ivory Linnemann,Trixie Orange,Imaginative,1,4.0
Ivory Linnemann,Trixie Orange,Analytic,2,1.0
Ivory Linnemann,Trixie Orange,Independent,2,3.0
Ivory Linnemann,Trixie Orange,Determined,2,1.0
Ivory Linnemann,Trixie Orange,Professional,2,4.0
Ivory Linnemann,Trixie Orange,Studious,2,2.0
Ivory Linnemann,Trixie Orange,Imaginative,2,1.0
Ivory Linnemann,Trixie Orange,Analytic,3,4.0
Ivory Linnemann,Trixie Orange,Independent,3,1.0
Ivory Linnemann,Trixie Orange,Determined,3,2.0
Ivory Linnemann,Trixie Orange,Professional,3,4.0
Ivory Linnemann,Trixie Orange,Studious,3,4.0
Ivory Linnemann,Trixie Orange,Imaginative,3,6.0
Ivory Linnemann,Trixie Orange,Analytic,4,4.0
Ivory Linnemann,Trixie Orange,Independent,4,8.0
Ivory Linnemann,Trixie Orange,Determined,4,1.0
Ivory Linnemann,Trixie Orange,Professional,4,7.0
Ivory Linnemann,Trixie Orange,Studious,4,6.0
Ivory Linnemann,Trixie Orange,Imaginative,4,7.0
Ivory Linnemann,Trixie Orange,Analytic,5,4.0
Ivory Linnemann,Trixie Orange,Independent,5,7.0
Ivory Linnemann,Trixie Orange,Determined,5,7.0
Ivory Linnemann,Trixie Orange,Professional,5,6.0
Ivory Linnemann,Trixie Orange,Studious,5,4.0
Ivory Linnemann,Trixie Orange,Imaginative,5,8.0
Ivory Linnemann,Trixie Orange,Analytic,6,8.0
Ivory Linnemann,Trixie Orange,Independent,6,8.0
Ivory Linnemann,Trixie Orange,Determined,6,2.0
Ivory Linnemann,Trixie Orange,Professional,6,3.0
Ivory Linnemann,Trixie Orange,Studious,6,8.0
Ivory Linnemann,Trixie Orange,Imaginative,6,7.0
Ivory Linnemann,Trixie Orange,Analytic,7,7.0
Ivory Linnemann,Trixie Orange,Independent,7,8.0
Ivory Linnemann,Trixie Orange,Determined,7,8.0
Ivory Linnemann,Trixie Orange,Professional,7,8.0
Ivory Linnemann,Trixie Orange,Studious,7,8.0
Ivory Linnemann,Trixie Orange,Imaginative,7,8.0
Ivory Linnemann,Trixie Orange,Analytic,8,8.0
Ivory Linnemann,Trixie Orange,Independent,8,8.0
Ivory Linnemann,Trixie Orange,Determined,8,8.0
Ivory Linnemann,Trixie Orange,Professional,8,8.0
Ivory Linnemann,Trixie Orange,Studious,8,8.0
Ivory Linnemann,Trixie Orange,Imaginative,8,7.0
Onida Tregear,Trixie Orange,Analytic,1,6.0
Onida Tregear,Trixie Orange,Independent,1,3.0
Onida Tregear,Trixie Orange,Determined,1,1.0
Onida Tregear,Trixie Orange,Professional,1,5.0
Onida Tregear,Trixie Orange,Studious,1,2.0
Onida Tregear,Trixie Orange,Imaginative,1,2.0
Onida Tregear,Trixie Orange,Analytic,2,5.0
Onida Tregear,Trixie Orange,Independent,2,2.0
Onida Tregear,Trixie Orange,Determined,2,5.0
Onida Tregear,Trixie Orange,Professional,2,1.0
Onida Tregear,Trixie Orange,Studious,2,6.0
Onida Tregear,Trixie Orange,Imaginative,2,4.0
Onida Tregear,Trixie Orange,Analytic,3,3.0
Onida Tregear,Trixie Orange,Independent,3,2.0
Onida Tregear,Trixie Orange,Determined,3,1.0
Onida Tregear,Trixie Orange,Professional,3,2.0
Onida Tregear,Trixie Orange,Studious,3,5.0
Onida Tregear,Trixie Orange,Imaginative,3,4.0
Onida Tregear,Trixie Orange,Analytic,4,8.0
Onida Tregear,Trixie Orange,Independent,4,3.0
Onida Tregear,Trixie Orange,Determined,4,8.0
Onida Tregear,Trixie Orange,Professional,4,7.0
Onida Tregear,Trixie Orange,Studious,4,8.0
Onida Tregear,Trixie Orange,Imaginative,4,3.0
Onida Tregear,Trixie Orange,Analytic,5,8.0
Onida Tregear,Trixie Orange,Independent,5,8.0
Onida Tregear,Trixie Orange,Determined,5,4.0
Onida Tregear,Trixie Orange,Professional,5,8.0
Onida Tregear,Trixie Orange,Studious,5,3.0
Onida Tregear,Trixie Orange,Imaginative,5,8.0
Onida Tregear,Trixie Orange,Analytic,6,8.0
Onida Tregear,Trixie Orange,Independent,6,2.0
Onida Tregear,Trixie Orange,Determined,6,3.0
Onida Tregear,Trixie Orange,Professional,6,3.0
Onida Tregear,Trixie Orange,Studious,6,6.0
Onida Tregear,Trixie Orange,Imaginative,6,8.0
Onida Tregear,Trixie Orange,Analytic,7,8.0
Onida Tregear,Trixie Orange,Independent,7,2.0
Onida Tregear,Trixie Orange,Determined,7,8.0
Onida Tregear,Trixie Orange,Professional,7,7.0
Onida Tregear,Trixie Orange,Studious,7,8.0
Onida Tregear,Trixie Orange,Imaginative,7,8.0
Onida Tregear,Trixie Orange,Analytic,8,8.0
Onida Tregear,Trixie Orange,Independent,8,8.0
Onida Tregear,Trixie Orange,Determined,8,8.0
Onida Tregear,Trixie Orange,Professional,8,8.0
Onida Tregear,Trixie Orange,Studious,8,8.0
Onida Tregear,Trixie Orange,Imaginative,8,8.0
Jacki Pinkstone,Trixie Orange,Analytic,1,2.0
Jacki Pinkstone,Trixie Orange,Independent,1,1.0
Jacki Pinkstone,Trixie Orange,Determined,1,2.0
Jacki Pinkstone,Trixie Orange,Professional,1,2.0
Jacki Pinkstone,Trixie Orange,Studious,1,4.0
Jacki Pinkstone,Trixie Orange,Imaginative,1,2.0
Jacki Pinkstone,Trixie Orange,Analytic,2,4.0
Jacki Pinkstone,Trixie Orange,Independent,2,1.0
Jacki Pinkstone,Trixie Orange,Determined,2,4.0
Jacki Pinkstone,Trixie Orange,Professional,2,3.0
Jacki Pinkstone,Trixie Orange,Studious,2,2.0
Jacki Pinkstone,Trixie Orange,Imaginative,2,1.0
Jacki Pinkstone,Trixie Orange,Analytic,3,2.0
Jacki Pinkstone,Trixie Orange,Independent,3,2.0
Jacki Pinkstone,Trixie Orange,Determined,3,3.0
Jacki Pinkstone,Trixie Orange,Professional,3,3.0
Jacki Pinkstone,Trixie Orange,Studious,3,5.0
Jacki Pinkstone,Trixie Orange,Imaginative,3,3.0
Jacki Pinkstone,Trixie Orange,Analytic,4,4.0
Jacki Pinkstone,Trixie Orange,Independent,4,3.0
Jacki Pinkstone,Trixie Orange,Determined,4,6.0
Jacki Pinkstone,Trixie Orange,Professional,4,8.0
Jacki Pinkstone,Trixie Orange,Studious,4,5.0
Jacki Pinkstone,Trixie Orange,Imaginative,4,3.0
Jacki Pinkstone,Trixie Orange,Analytic,5,3.0
Jacki Pinkstone,Trixie Orange,Independent,5,1.0
Jacki Pinkstone,Trixie Orange,Determined,5,5.0
Jacki Pinkstone,Trixie Orange,Professional,5,5.0
Jacki Pinkstone,Trixie Orange,Studious,5,7.0
Jacki Pinkstone,Trixie Orange,Imaginative,5,5.0
Jacki Pinkstone,Trixie Orange,Analytic,6,5.0
Jacki Pinkstone,Trixie Orange,Independent,6,6.0
Jacki Pinkstone,Trixie Orange,Determined,6,3.0
Jacki Pinkstone,Trixie Orange,Professional,6,4.0
Jacki Pinkstone,Trixie Orange,Studious,6,8.0
Jacki Pinkstone,Trixie Orange,Imaginative,6,4.0
Jacki Pinkstone,Trixie Orange,Analytic,7,6.0
Jacki Pinkstone,Trixie Orange,Independent,7,8.0
Jacki Pinkstone,Trixie Orange,Determined,7,8.0
Jacki Pinkstone,Trixie Orange,Professional,7,8.0
Jacki Pinkstone,Trixie Orange,Studious,7,5.0
Jacki Pinkstone,Trixie Orange,Imaginative,7,8.0
Jacki Pinkstone,Trixie Orange,Analytic,8,7.0
Jacki Pinkstone,Trixie Orange,Independent,8,8.0
Jacki Pinkstone,Trixie Orange,Determined,8,8.0
Jacki Pinkstone,Trixie Orange,Professional,8,8.0
Jacki Pinkstone,Trixie Orange,Studious,8,8.0
Jacki Pinkstone,Trixie Orange,Imaginative,8,5.0
Kaleb Cappel,Trixie Orange,Analytic,1,4.0
Kaleb Cappel,Trixie Orange,Independent,1,5.0
Kaleb Cappel,Trixie Orange,Determined,1,5.0
Kaleb Cappel,Trixie Orange,Professional,1,4.0
Kaleb Cappel,Trixie Orange,Studious,1,1.0
Kaleb Cappel,Trixie Orange,Imaginative,1,3.0
Kaleb Cappel,Trixie Orange,Analytic,2,4.0
Kaleb Cappel,Trixie Orange,Independent,2,3.0
Kaleb Cappel,Trixie Orange,Determined,2,1.0
Kaleb Cappel,Trixie Orange,Professional,2,2.0
Kaleb Cappel,Trixie Orange,Studious,2,3.0
Kaleb Cappel,Trixie Orange,Imaginative,2,2.0
Kaleb Cappel,Trixie Orange,Analytic,3,5.0
Kaleb Cappel,Trixie Orange,Independent,3,3.0
Kaleb Cappel,Trixie Orange,Determined,3,1.0
Kaleb Cappel,Trixie Orange,Professional,3,4.0
Kaleb Cappel,Trixie Orange,Studious,3,1.0
Kaleb Cappel,Trixie Orange,Imaginative,3,3.0
Kaleb Cappel,Trixie Orange,Analytic,4,8.0
Kaleb Cappel,Trixie Orange,Independent,4,1.0
Kaleb Cappel,Trixie Orange,Determined,4,7.0
Kaleb Cappel,Trixie Orange,Professional,4,8.0
Kaleb Cappel,Trixie Orange,Studious,4,4.0
Kaleb Cappel,Trixie Orange,Imaginative,4,8.0
Kaleb Cappel,Trixie Orange,Analytic,5,5.0
Kaleb Cappel,Trixie Orange,Independent,5,5.0
Kaleb Cappel,Trixie Orange,Determined,5,7.0
Kaleb Cappel,Trixie Orange,Professional,5,6.0
Kaleb Cappel,Trixie Orange,Studious,5,8.0
Kaleb Cappel,Trixie Orange,Imaginative,5,4.0
Kaleb Cappel,Trixie Orange,Analytic,6,2.0
Kaleb Cappel,Trixie Orange,Independent,6,4.0
Kaleb Cappel,Trixie Orange,Determined,6,4.0
Kaleb Cappel,Trixie Orange,Professional,6,5.0
Kaleb Cappel,Trixie Orange,Studious,6,8.0
Kaleb Cappel,Trixie Orange,Imaginative,6,4.0
Kaleb Cappel,Trixie Orange,Analytic,7,8.0
Kaleb Cappel,Trixie Orange,Independent,7,8.0
Kaleb Cappel,Trixie Orange,Determined,7,8.0
Kaleb Cappel,Trixie Orange,Professional,7,8.0
Kaleb Cappel,Trixie Orange,Studious,7,8.0
Kaleb Cappel,Trixie Orange,Imaginative,7,7.0
Kaleb Cappel,Trixie Orange,Analytic,8,8.0
Kaleb Cappel,Trixie Orange,Independent,8,8.0
Kaleb Cappel,Trixie Orange,Determined,8,8.0
Kaleb Cappel,Trixie Orange,Professional,8,5.0
Kaleb Cappel,Trixie Orange,Studious,8,6.0
Kaleb Cappel,Trixie Orange,Imaginative,8,8.0
Gussy Mathias,John Sandbox,Analytic,1,6.0
Gussy Mathias,John Sandbox,Independent,1,3.0
Gussy Mathias,John Sandbox,Determined,1,2.0
Gussy Mathias,John Sandbox,Professional,1,4.0
Gussy Mathias,John Sandbox,Studious,1,5.0
Gussy Mathias,John Sandbox,Imaginative,1,6.0
Gussy Mathias,John Sandbox,Analytic,2,6.0
Gussy Mathias,John Sandbox,Independent,2,2.0
Gussy Mathias,John Sandbox,Determined,2,7.0
Gussy Mathias,John Sandbox,Professional,2,6.0
Gussy Mathias,John Sandbox,Studious,2,1.0
Gussy Mathias,John Sandbox,Imaginative,2,2.0
Gussy Mathias,John Sandbox,Analytic,3,3.0
Gussy Mathias,John Sandbox,Independent,3,5.0
Gussy Mathias,John Sandbox,Determined,3,3.0
Gussy Mathias,John Sandbox,Professional,3,1.0
Gussy Mathias,John Sandbox,Studious,3,3.0
Gussy Mathias,John Sandbox,Imaginative,3,2.0
Gussy Mathias,John Sandbox,Analytic,4,6.0
Gussy Mathias,John Sandbox,Independent,4,6.0
Gussy Mathias,John Sandbox,Determined,4,5.0
Gussy Mathias,John Sandbox,Professional,4,1.0
Gussy Mathias,John Sandbox,Studious,4,5.0
Gussy Mathias,John Sandbox,Imaginative,4,3.0
Gussy Mathias,John Sandbox,Analytic,5,7.0
Gussy Mathias,John Sandbox,Independent,5,7.0
Gussy Mathias,John Sandbox,Determined,5,8.0
Gussy Mathias,John Sandbox,Professional,5,3.0
Gussy Mathias,John Sandbox,Studious,5,3.0
Gussy Mathias,John Sandbox,Imaginative,5,8.0
Gussy Mathias,John Sandbox,Analytic,6,6.0
Gussy Mathias,John Sandbox,Independent,6,8.0
Gussy Mathias,John Sandbox,Determined,6,2.0
Gussy Mathias,John Sandbox,Professional,6,8.0
Gussy Mathias,John Sandbox,Studious,6,3.0
Gussy Mathias,John Sandbox,Imaginative,6,2.0
Gussy Mathias,John Sandbox,Analytic,7,6.0
Gussy Mathias,John Sandbox,Independent,7,8.0
Gussy Mathias,John Sandbox,Determined,7,5.0
Gussy Mathias,John Sandbox,Professional,7,8.0
Gussy Mathias,John Sandbox,Studious,7,8.0
Gussy Mathias,John Sandbox,Imaginative,7,8.0
Gussy Mathias,John Sandbox,Analytic,8,4.0
Gussy Mathias,John Sandbox,Independent,8,8.0
Gussy Mathias,John Sandbox,Determined,8,5.0
Gussy Mathias,John Sandbox,Professional,8,8.0
Gussy Mathias,John Sandbox,Studious,8,6.0
Gussy Mathias,John Sandbox,Imaginative,8,8.0
Gussy Mathias,John Sandbox,Analytic,9,8.0
Gussy Mathias,John Sandbox,Independent,9,8.0
Gussy Mathias,John Sandbox,Determined,9,8.0
Gussy Mathias,John Sandbox,Professional,9,5.0
Gussy Mathias,John Sandbox,Studious,9,8.0
Gussy Mathias,John Sandbox,Imaginative,9,4.0
Gussy Mathias,John Sandbox,Analytic,10,8.0
Gussy Mathias,John Sandbox,Independent,10,8.0
Gussy Mathias,John Sandbox,Determined,10,8.0
Gussy Mathias,John Sandbox,Professional,10,8.0
Gussy Mathias,John Sandbox,Studious,10,6.0
Gussy Mathias,John Sandbox,Imaginative,10,8.0
Shawn Bowmer,John Sandbox,Analytic,1,8.0
Shawn Bowmer,John Sandbox,Independent,1,2.0
Shawn Bowmer,John Sandbox,Determined,1,2.0
Shawn Bowmer,John Sandbox,Professional,1,1.0
Shawn Bowmer,John Sandbox,Studious,1,3.0
Shawn Bowmer,John Sandbox,Imaginative,1,5.0
Shawn Bowmer,John Sandbox,Analytic,2,1.0
Shawn Bowmer,John Sandbox,Independent,2,2.0
Shawn Bowmer,John Sandbox,Determined,2,2.0
Shawn Bowmer,John Sandbox,Professional,2,1.0
Shawn Bowmer,John Sandbox,Studious,2,8.0
Shawn Bowmer,John Sandbox,Imaginative,2,3.0
Shawn Bowmer,John Sandbox,Analytic,3,1.0
Shawn Bowmer,John Sandbox,Independent,3,5.0
Shawn Bowmer,John Sandbox,Determined,3,2.0
Shawn Bowmer,John Sandbox,Professional,3,2.0
Shawn Bowmer,John Sandbox,Studious,3,1.0
Shawn Bowmer,John Sandbox,Imaginative,3,1.0
Shawn Bowmer,John Sandbox,Analytic,4,4.0
Shawn Bowmer,John Sandbox,Independent,4,7.0
Shawn Bowmer,John Sandbox,Determined,4,6.0
Shawn Bowmer,John Sandbox,Professional,4,4.0
Shawn Bowmer,John Sandbox,Studious,4,6.0
Shawn Bowmer,John Sandbox,Imaginative,4,8.0
Shawn Bowmer,John Sandbox,Analytic,5,8.0
Shawn Bowmer,John Sandbox,Independent,5,8.0
Shawn Bowmer,John Sandbox,Determined,5,4.0
Shawn Bowmer,John Sandbox,Professional,5,7.0
Shawn Bowmer,John Sandbox,Studious,5,6.0
Shawn Bowmer,John Sandbox,Imaginative,5,4.0
Shawn Bowmer,John Sandbox,Analytic,6,7.0
Shawn Bowmer,John Sandbox,Independent,6,8.0
Shawn Bowmer,John Sandbox,Determined,6,4.0
Shawn Bowmer,John Sandbox,Professional,6,5.0
Shawn Bowmer,John Sandbox,Studious,6,4.0
Shawn Bowmer,John Sandbox,Imaginative,6,5.0
Shawn Bowmer,John Sandbox,Analytic,7,8.0
Shawn Bowmer,John Sandbox,Independent,7,8.0
Shawn Bowmer,John Sandbox,Determined,7,7.0
Shawn Bowmer,John Sandbox,Professional,7,8.0
Shawn Bowmer,John Sandbox,Studious,7,8.0
Shawn Bowmer,John Sandbox,Imaginative,7,8.0
Shawn Bowmer,John Sandbox,Analytic,8,8.0
Shawn Bowmer,John Sandbox,Independent,8,8.0
Shawn Bowmer,John Sandbox,Determined,8,8.0
Shawn Bowmer,John Sandbox,Professional,8,8.0
Shawn Bowmer,John Sandbox,Studious,8,8.0
Shawn Bowmer,John Sandbox,Imaginative,8,8.0
Shawn Bowmer,John Sandbox,Analytic,9,8.0
Shawn Bowmer,John Sandbox,Independent,9,8.0
Shawn Bowmer,John Sandbox,Determined,9,7.0
Shawn Bowmer,John Sandbox,Professional,9,7.0
Shawn Bowmer,John Sandbox,Studious,9,8.0
Shawn Bowmer,John Sandbox,Imaginative,9,7.0
Shawn Bowmer,John Sandbox,Analytic,10,8.0
Shawn Bowmer,John Sandbox,Independent,10,7.0
Shawn Bowmer,John Sandbox,Determined,10,8.0
Shawn Bowmer,John Sandbox,Professional,10,8.0
Shawn Bowmer,John Sandbox,Studious,10,8.0
Shawn Bowmer,John Sandbox,Imaginative,10,8.0
Arda Disbrow,John Sandbox,Analytic,1,2.0
Arda Disbrow,John Sandbox,Independent,1,2.0
Arda Disbrow,John Sandbox,Determined,1,4.0
Arda Disbrow,John Sandbox,Professional,1,2.0
Arda Disbrow,John Sandbox,Studious,1,2.0
Arda Disbrow,John Sandbox,Imaginative,1,4.0
Arda Disbrow,John Sandbox,Analytic,2,5.0
Arda Disbrow,John Sandbox,Independent,2,3.0
Arda Disbrow,John Sandbox,Determined,2,5.0
Arda Disbrow,John Sandbox,Professional,2,2.0
Arda Disbrow,John Sandbox,Studious,2,1.0
Arda Disbrow,John Sandbox,Imaginative,2,1.0
Arda Disbrow,John Sandbox,Analytic,3,7.0
Arda Disbrow,John Sandbox,Independent,3,6.0
Arda Disbrow,John Sandbox,Determined,3,1.0
Arda Disbrow,John Sandbox,Professional,3,3.0
Arda Disbrow,John Sandbox,Studious,3,4.0
Arda Disbrow,John Sandbox,Imaginative,3,2.0
Arda Disbrow,John Sandbox,Analytic,4,6.0
Arda Disbrow,John Sandbox,Independent,4,7.0
Arda Disbrow,John Sandbox,Determined,4,7.0
Arda Disbrow,John Sandbox,Professional,4,4.0
Arda Disbrow,John Sandbox,Studious,4,5.0
Arda Disbrow,John Sandbox,Imaginative,4,6.0
Arda Disbrow,John Sandbox,Analytic,5,8.0
Arda Disbrow,John Sandbox,Independent,5,4.0
Arda Disbrow,John Sandbox,Determined,5,4.0
Arda Disbrow,John Sandbox,Professional,5,4.0
Arda Disbrow,John Sandbox,Studious,5,8.0
Arda Disbrow,John Sandbox,Imaginative,5,6.0
Arda Disbrow,John Sandbox,Analytic,6,8.0
Arda Disbrow,John Sandbox,Independent,6,7.0
Arda Disbrow,John Sandbox,Determined,6,8.0
Arda Disbrow,John Sandbox,Professional,6,5.0
Arda Disbrow,John Sandbox,Studious,6,7.0
Arda Disbrow,John Sandbox,Imaginative,6,8.0
Arda Disbrow,John Sandbox,Analytic,7,5.0
Arda Disbrow,John Sandbox,Independent,7,6.0
Arda Disbrow,John Sandbox,Determined,7,8.0
Arda Disbrow,John Sandbox,Professional,7,8.0
Arda Disbrow,John Sandbox,Studious,7,5.0
Arda Disbrow,John Sandbox,Imaginative,7,8.0
Arda Disbrow,John Sandbox,Analytic,8,7.0
Arda Disbrow,John Sandbox,Independent,8,8.0
Arda Disbrow,John Sandbox,Determined,8,8.0
Arda Disbrow,John Sandbox,Professional,8,8.0
Arda Disbrow,John Sandbox,Studious,8,5.0
Arda Disbrow,John Sandbox,Imaginative,8,8.0
Arda Disbrow,John Sandbox,Analytic,9,6.0
Arda Disbrow,John Sandbox,Independent,9,8.0
Arda Disbrow,John Sandbox,Determined,9,3.0
Arda Disbrow,John Sandbox,Professional,9,8.0
Arda Disbrow,John Sandbox,Studious,9,8.0
Arda Disbrow,John Sandbox,Imaginative,9,8.0
Arda Disbrow,John Sandbox,Analytic,10,8.0
Arda Disbrow,John Sandbox,Independent,10,8.0
Arda Disbrow,John Sandbox,Determined,10,8.0
Arda Disbrow,John Sandbox,Professional,10,8.0
Arda Disbrow,John Sandbox,Studious,10,8.0
Arda Disbrow,John Sandbox,Imaginative,10,8.0
El Durante,John Sandbox,Analytic,1,2.0
El Durante,John Sandbox,Independent,1,2.0
El Durante,John Sandbox,Determined,1,5.0
El Durante,John Sandbox,Professional,1,4.0
El Durante,John Sandbox,Studious,1,3.0
El Durante,John Sandbox,Imaginative,1,1.0
El Durante,John Sandbox,Analytic,2,3.0
El Durante,John Sandbox,Independent,2,5.0
El Durante,John Sandbox,Determined,2,3.0
El Durante,John Sandbox,Professional,2,2.0
El Durante,John Sandbox,Studious,2,3.0
El Durante,John Sandbox,Imaginative,2,1.0
El Durante,John Sandbox,Analytic,3,3.0
El Durante,John Sandbox,Independent,3,4.0
El Durante,John Sandbox,Determined,3,2.0
El Durante,John Sandbox,Professional,3,1.0
El Durante,John Sandbox,Studious,3,2.0
El Durante,John Sandbox,Imaginative,3,4.0
El Durante,John Sandbox,Analytic,4,8.0
El Durante,John Sandbox,Independent,4,8.0
El Durante,John Sandbox,Determined,4,8.0
El Durante,John Sandbox,Professional,4,6.0
El Durante,John Sandbox,Studious,4,4.0
El Durante,John Sandbox,Imaginative,4,8.0
El Durante,John Sandbox,Analytic,5,8.0
El Durante,John Sandbox,Independent,5,2.0
El Durante,John Sandbox,Determined,5,6.0
El Durante,John Sandbox,Professional,5,2.0
El Durante,John Sandbox,Studious,5,6.0
El Durante,John Sandbox,Imaginative,5,3.0
El Durante,John Sandbox,Analytic,6,7.0
El Durante,John Sandbox,Independent,6,7.0
El Durante,John Sandbox,Determined,6,2.0
El Durante,John Sandbox,Professional,6,8.0
El Durante,John Sandbox,Studious,6,3.0
El Durante,John Sandbox,Imaginative,6,8.0
El Durante,John Sandbox,Analytic,7,8.0
El Durante,John Sandbox,Independent,7,8.0
El Durante,John Sandbox,Determined,7,4.0
El Durante,John Sandbox,Professional,7,8.0
El Durante,John Sandbox,Studious,7,8.0
El Durante,John Sandbox,Imaginative,7,3.0
El Durante,John Sandbox,Analytic,8,7.0
El Durante,John Sandbox,Independent,8,8.0
El Durante,John Sandbox,Determined,8,8.0
El Durante,John Sandbox,Professional,8,8.0
El Durante,John Sandbox,Studious,8,8.0
El Durante,John Sandbox,Imaginative,8,8.0
El Durante,John Sandbox,Analytic,9,8.0
El Durante,John Sandbox,Independent,9,8.0
El Durante,John Sandbox,Determined,9,8.0
El Durante,John Sandbox,Professional,9,8.0
El Durante,John Sandbox,Studious,9,8.0
El Durante,John Sandbox,Imaginative,9,8.0
El Durante,John Sandbox,Analytic,10,8.0
El Durante,John Sandbox,Independent,10,8.0
El Durante,John Sandbox,Determined,10,8.0
El Durante,John Sandbox,Professional,10,8.0
El Durante,John Sandbox,Studious,10,8.0
El Durante,John Sandbox,Imaginative,10,8.0
Dionysus Garter,John Sandbox,Analytic,1,3.0
Dionysus Garter,John Sandbox,Independent,1,2.0
Dionysus Garter,John Sandbox,Determined,1,1.0
Dionysus Garter,John Sandbox,Professional,1,3.0
Dionysus Garter,John Sandbox,Studious,1,4.0
Dionysus Garter,John Sandbox,Imaginative,1,5.0
Dionysus Garter,John Sandbox,Analytic,2,4.0
Dionysus Garter,John Sandbox,Independent,2,1.0
Dionysus Garter,John Sandbox,Determined,2,3.0
Dionysus Garter,John Sandbox,Professional,2,2.0
Dionysus Garter,John Sandbox,Studious,2,6.0
Dionysus Garter,John Sandbox,Imaginative,2,1.0
Dionysus Garter,John Sandbox,Analytic,3,3.0
Dionysus Garter,John Sandbox,Independent,3,2.0
Dionysus Garter,John Sandbox,Determined,3,2.0
Dionysus Garter,John Sandbox,Professional,3,2.0
Dionysus Garter,John Sandbox,Studious,3,1.0
Dionysus Garter,John Sandbox,Imaginative,3,3.0
Dionysus Garter,John Sandbox,Analytic,4,7.0
Dionysus Garter,John Sandbox,Independent,4,7.0
Dionysus Garter,John Sandbox,Determined,4,6.0
Dionysus Garter,John Sandbox,Professional,4,8.0
Dionysus Garter,John Sandbox,Studious,4,4.0
Dionysus Garter,John Sandbox,Imaginative,4,8.0
Dionysus Garter,John Sandbox,Analytic,5,6.0
Dionysus Garter,John Sandbox,Independent,5,7.0
Dionysus Garter,John Sandbox,Determined,5,2.0
Dionysus Garter,John Sandbox,Professional,5,8.0
Dionysus Garter,John Sandbox,Studious,5,4.0
Dionysus Garter,John Sandbox,Imaginative,5,4.0
Dionysus Garter,John Sandbox,Analytic,6,7.0
Dionysus Garter,John Sandbox,Independent,6,2.0
Dionysus Garter,John Sandbox,Determined,6,5.0
Dionysus Garter,John Sandbox,Professional,6,4.0
Dionysus Garter,John Sandbox,Studious,6,2.0
Dionysus Garter,John Sandbox,Imaginative,6,8.0
Dionysus Garter,John Sandbox,Analytic,7,7.0
Dionysus Garter,John Sandbox,Independent,7,8.0
Dionysus Garter,John Sandbox,Determined,7,8.0
Dionysus Garter,John Sandbox,Professional,7,8.0
Dionysus Garter,John Sandbox,Studious,7,7.0
Dionysus Garter,John Sandbox,Imaginative,7,8.0
Dionysus Garter,John Sandbox,Analytic,8,8.0
Dionysus Garter,John Sandbox,Independent,8,5.0
Dionysus Garter,John Sandbox,Determined,8,6.0
Dionysus Garter,John Sandbox,Professional,8,6.0
Dionysus Garter,John Sandbox,Studious,8,8.0
Dionysus Garter,John Sandbox,Imaginative,8,6.0
Dionysus Garter,John Sandbox,Analytic,9,7.0
Dionysus Garter,John Sandbox,Independent,9,6.0
Dionysus Garter,John Sandbox,Determined,9,8.0
Dionysus Garter,John Sandbox,Professional,9,6.0
Dionysus Garter,John Sandbox,Studious,9,8.0
Dionysus Garter,John Sandbox,Imaginative,9,8.0
Dionysus Garter,John Sandbox,Analytic,10,8.0
Dionysus Garter,John Sandbox,Independent,10,8.0
Dionysus Garter,John Sandbox,Determined,10,8.0
Dionysus Garter,John Sandbox,Professional,10,8.0
Dionysus Garter,John Sandbox,Studious,10,8.0
Dionysus Garter,John Sandbox,Imaginative,10,8.0
Connor Gegg,John Sandbox,Analytic,1,1.0
Connor Gegg,John Sandbox,Independent,1,1.0
Connor Gegg,John Sandbox,Determined,1,1.0
Connor Gegg,John Sandbox,Professional,1,2.0
Connor Gegg,John Sandbox,Studious,1,3.0
Connor Gegg,John Sandbox,Imaginative,1,2.0
Barrie Schruurs,John Sandbox,Analytic,1,1.0
Barrie Schruurs,John Sandbox,Independent,1,5.0
Barrie Schruurs,John Sandbox,Determined,1,2.0
Barrie Schruurs,John Sandbox,Professional,1,1.0
Barrie Schruurs,John Sandbox,Studious,1,2.0
Barrie Schruurs,John Sandbox,Imaginative,1,2.0
Barrie Schruurs,John Sandbox,Analytic,2,3.0
Barrie Schruurs,John Sandbox,Independent,2,1.0
Barrie Schruurs,John Sandbox,Determined,2,5.0
Barrie Schruurs,John Sandbox,Professional,2,7.0
Barrie Schruurs,John Sandbox,Studious,2,3.0
Barrie Schruurs,John Sandbox,Imaginative,2,5.0
Barrie Schruurs,John Sandbox,Analytic,3,2.0
Barrie Schruurs,John Sandbox,Independent,3,3.0
Barrie Schruurs,John Sandbox,Determined,3,3.0
Barrie Schruurs,John Sandbox,Professional,3,5.0
Barrie Schruurs,John Sandbox,Studious,3,2.0
Barrie Schruurs,John Sandbox,Imaginative,3,4.0
Barrie Schruurs,John Sandbox,Analytic,4,8.0
Barrie Schruurs,John Sandbox,Independent,4,6.0
Barrie Schruurs,John Sandbox,Determined,4,5.0
Barrie Schruurs,John Sandbox,Professional,4,8.0
Barrie Schruurs,John Sandbox,Studious,4,4.0
Barrie Schruurs,John Sandbox,Imaginative,4,5.0
Barrie Schruurs,John Sandbox,Analytic,5,5.0
Barrie Schruurs,John Sandbox,Independent,5,8.0
Barrie Schruurs,John Sandbox,Determined,5,3.0
Barrie Schruurs,John Sandbox,Professional,5,5.0
Barrie Schruurs,John Sandbox,Studious,5,8.0
Barrie Schruurs,John Sandbox,Imaginative,5,4.0
Barrie Schruurs,John Sandbox,Analytic,6,3.0
Barrie Schruurs,John Sandbox,Independent,6,7.0
Barrie Schruurs,John Sandbox,Determined,6,6.0
Barrie Schruurs,John Sandbox,Professional,6,8.0
Barrie Schruurs,John Sandbox,Studious,6,6.0
Barrie Schruurs,John Sandbox,Imaginative,6,7.0
Barrie Schruurs,John Sandbox,Analytic,7,8.0
Barrie Schruurs,John Sandbox,Independent,7,8.0
Barrie Schruurs,John Sandbox,Determined,7,5.0
Barrie Schruurs,John Sandbox,Professional,7,8.0
Barrie Schruurs,John Sandbox,Studious,7,8.0
Barrie Schruurs,John Sandbox,Imaginative,7,8.0
Barrie Schruurs,John Sandbox,Analytic,8,8.0
Barrie Schruurs,John Sandbox,Independent,8,7.0
Barrie Schruurs,John Sandbox,Determined,8,6.0
Barrie Schruurs,John Sandbox,Professional,8,5.0
Barrie Schruurs,John Sandbox,Studious,8,8.0
Barrie Schruurs,John Sandbox,Imaginative,8,7.0
Barrie Schruurs,John Sandbox,Analytic,9,8.0
Barrie Schruurs,John Sandbox,Independent,9,8.0
Barrie Schruurs,John Sandbox,Determined,9,8.0
Barrie Schruurs,John Sandbox,Professional,9,8.0
Barrie Schruurs,John Sandbox,Studious,9,5.0
Barrie Schruurs,John Sandbox,Imaginative,9,8.0
Barrie Schruurs,John Sandbox,Analytic,10,8.0
Barrie Schruurs,John Sandbox,Independent,10,8.0
Barrie Schruurs,John Sandbox,Determined,10,8.0
Barrie Schruurs,John Sandbox,Professional,10,8.0
Barrie Schruurs,John Sandbox,Studious,10,8.0
Barrie Schruurs,John Sandbox,Imaginative,10,8.0
Fletcher Ayllett,John Sandbox,Analytic,1,1.0
Fletcher Ayllett,John Sandbox,Independent,1,3.0
Fletcher Ayllett,John Sandbox,Determined,1,2.0
Fletcher Ayllett,John Sandbox,Professional,1,4.0
Fletcher Ayllett,John Sandbox,Studious,1,2.0
Fletcher Ayllett,John Sandbox,Imaginative,1,2.0
Fletcher Ayllett,John Sandbox,Analytic,2,3.0
Fletcher Ayllett,John Sandbox,Independent,2,3.0
Fletcher Ayllett,John Sandbox,Determined,2,2.0
Fletcher Ayllett,John Sandbox,Professional,2,4.0
Fletcher Ayllett,John Sandbox,Studious,2,4.0
Fletcher Ayllett,John Sandbox,Imaginative,2,4.0
Fletcher Ayllett,John Sandbox,Analytic,3,1.0
Fletcher Ayllett,John Sandbox,Independent,3,1.0
Fletcher Ayllett,John Sandbox,Determined,3,4.0
Fletcher Ayllett,John Sandbox,Professional,3,3.0
Fletcher Ayllett,John Sandbox,Studious,3,4.0
Fletcher Ayllett,John Sandbox,Imaginative,3,1.0
Fletcher Ayllett,John Sandbox,Analytic,4,7.0
Fletcher Ayllett,John Sandbox,Independent,4,6.0
Fletcher Ayllett,John Sandbox,Determined,4,6.0
Fletcher Ayllett,John Sandbox,Professional,4,8.0
Fletcher Ayllett,John Sandbox,Studious,4,7.0
Fletcher Ayllett,John Sandbox,Imaginative,4,6.0
Fletcher Ayllett,John Sandbox,Analytic,5,4.0
Fletcher Ayllett,John Sandbox,Independent,5,8.0
Fletcher Ayllett,John Sandbox,Determined,5,8.0
Fletcher Ayllett,John Sandbox,Professional,5,8.0
Fletcher Ayllett,John Sandbox,Studious,5,4.0
Fletcher Ayllett,John Sandbox,Imaginative,5,4.0
Fletcher Ayllett,John Sandbox,Analytic,6,8.0
Fletcher Ayllett,John Sandbox,Independent,6,8.0
Fletcher Ayllett,John Sandbox,Determined,6,7.0
Fletcher Ayllett,John Sandbox,Professional,6,6.0
Fletcher Ayllett,John Sandbox,Studious,6,8.0
Fletcher Ayllett,John Sandbox,Imaginative,6,6.0
Fletcher Ayllett,John Sandbox,Analytic,7,2.0
Fletcher Ayllett,John Sandbox,Independent,7,8.0
Fletcher Ayllett,John Sandbox,Determined,7,8.0
Fletcher Ayllett,John Sandbox,Professional,7,8.0
Fletcher Ayllett,John Sandbox,Studious,7,6.0
Fletcher Ayllett,John Sandbox,Imaginative,7,8.0
Fletcher Ayllett,John Sandbox,Analytic,8,8.0
Fletcher Ayllett,John Sandbox,Independent,8,8.0
Fletcher Ayllett,John Sandbox,Determined,8,5.0
Fletcher Ayllett,John Sandbox,Professional,8,8.0
Fletcher Ayllett,John Sandbox,Studious,8,8.0
Fletcher Ayllett,John Sandbox,Imaginative,8,6.0
Fletcher Ayllett,John Sandbox,Analytic,9,8.0
Fletcher Ayllett,John Sandbox,Independent,9,8.0
Fletcher Ayllett,John Sandbox,Determined,9,8.0
Fletcher Ayllett,John Sandbox,Professional,9,6.0
Fletcher Ayllett,John Sandbox,Studious,9,8.0
Fletcher Ayllett,John Sandbox,Imaginative,9,8.0
Fletcher Ayllett,John Sandbox,Analytic,10,8.0
Fletcher Ayllett,John Sandbox,Independent,10,8.0
Fletcher Ayllett,John Sandbox,Determined,10,8.0
Fletcher Ayllett,John Sandbox,Professional,10,8.0
Fletcher Ayllett,John Sandbox,Studious,10,8.0
Fletcher Ayllett,John Sandbox,Imaginative,10,8.0
Slade Cannavan,John Sandbox,Analytic,1,5.0
Slade Cannavan,John Sandbox,Independent,1,4.0
Slade Cannavan,John Sandbox,Determined,1,2.0
Slade Cannavan,John Sandbox,Professional,1,6.0
Slade Cannavan,John Sandbox,Studious,1,3.0
Slade Cannavan,John Sandbox,Imaginative,1,4.0
Slade Cannavan,John Sandbox,Analytic,2,5.0
Slade Cannavan,John Sandbox,Independent,2,3.0
Slade Cannavan,John Sandbox,Determined,2,4.0
Slade Cannavan,John Sandbox,Professional,2,6.0
Slade Cannavan,John Sandbox,Studious,2,2.0
Slade Cannavan,John Sandbox,Imaginative,2,3.0
Slade Cannavan,John Sandbox,Analytic,3,3.0
Slade Cannavan,John Sandbox,Independent,3,2.0
Slade Cannavan,John Sandbox,Determined,3,3.0
Slade Cannavan,John Sandbox,Professional,3,3.0
Slade Cannavan,John Sandbox,Studious,3,3.0
Slade Cannavan,John Sandbox,Imaginative,3,1.0
Slade Cannavan,John Sandbox,Analytic,4,4.0
Slade Cannavan,John Sandbox,Independent,4,5.0
Slade Cannavan,John Sandbox,Determined,4,7.0
Slade Cannavan,John Sandbox,Professional,4,8.0
Slade Cannavan,John Sandbox,Studious,4,7.0
Slade Cannavan,John Sandbox,Imaginative,4,8.0
Slade Cannavan,John Sandbox,Analytic,5,8.0
Slade Cannavan,John Sandbox,Independent,5,3.0
Slade Cannavan,John Sandbox,Determined,5,6.0
Slade Cannavan,John Sandbox,Professional,5,6.0
Slade Cannavan,John Sandbox,Studious,5,8.0
Slade Cannavan,John Sandbox,Imaginative,5,5.0
Slade Cannavan,John Sandbox,Analytic,6,7.0
Slade Cannavan,John Sandbox,Independent,6,7.0
Slade Cannavan,John Sandbox,Determined,6,8.0
Slade Cannavan,John Sandbox,Professional,6,8.0
Slade Cannavan,John Sandbox,Studious,6,6.0
Slade Cannavan,John Sandbox,Imaginative,6,2.0
Slade Cannavan,John Sandbox,Analytic,7,7.0
Slade Cannavan,John Sandbox,Independent,7,8.0
Slade Cannavan,John Sandbox,Determined,7,8.0
Slade Cannavan,John Sandbox,Professional,7,8.0
Slade Cannavan,John Sandbox,Studious,7,8.0
Slade Cannavan,John Sandbox,Imaginative,7,8.0
Slade Cannavan,John Sandbox,Analytic,8,8.0
Slade Cannavan,John Sandbox,Independent,8,8.0
Slade Cannavan,John Sandbox,Determined,8,8.0
Slade Cannavan,John Sandbox,Professional,8,8.0
Slade Cannavan,John Sandbox,Studious,8,8.0
Slade Cannavan,John Sandbox,Imaginative,8,4.0
Slade Cannavan,John Sandbox,Analytic,9,7.0
Slade Cannavan,John Sandbox,Independent,9,8.0
Slade Cannavan,John Sandbox,Determined,9,8.0
Slade Cannavan,John Sandbox,Professional,9,4.0
Slade Cannavan,John Sandbox,Studious,9,6.0
Slade Cannavan,John Sandbox,Imaginative,9,8.0
Slade Cannavan,John Sandbox,Analytic,10,8.0
Slade Cannavan,John Sandbox,Independent,10,8.0
Slade Cannavan,John Sandbox,Determined,10,2.0
Slade Cannavan,John Sandbox,Professional,10,8.0
Slade Cannavan,John Sandbox,Studious,10,8.0
Slade Cannavan,John Sandbox,Imaginative,10,8.0
Bert Spall,John Sandbox,Analytic,1,3.0
Bert Spall,John Sandbox,Independent,1,3.0
Bert Spall,John Sandbox,Determined,1,6.0
Bert Spall,John Sandbox,Professional,1,3.0
Bert Spall,John Sandbox,Studious,1,7.0
Bert Spall,John Sandbox,Imaginative,1,1.0
Bert Spall,John Sandbox,Analytic,2,3.0
Bert Spall,John Sandbox,Independent,2,1.0
Bert Spall,John Sandbox,Determined,2,3.0
Bert Spall,John Sandbox,Professional,2,3.0
Bert Spall,John Sandbox,Studious,2,4.0
Bert Spall,John Sandbox,Imaginative,2,2.0
Bert Spall,John Sandbox,Analytic,3,1.0
Bert Spall,John Sandbox,Independent,3,1.0
Bert Spall,John Sandbox,Determined,3,3.0
Bert Spall,John Sandbox,Professional,3,3.0
Bert Spall,John Sandbox,Studious,3,4.0
Bert Spall,John Sandbox,Imaginative,3,3.0
Bert Spall,John Sandbox,Analytic,4,6.0
Bert Spall,John Sandbox,Independent,4,8.0
Bert Spall,John Sandbox,Determined,4,8.0
Bert Spall,John Sandbox,Professional,4,6.0
Bert Spall,John Sandbox,Studious,4,6.0
Bert Spall,John Sandbox,Imaginative,4,3.0
Bert Spall,John Sandbox,Analytic,5,8.0
Bert Spall,John Sandbox,Independent,5,8.0
Bert Spall,John Sandbox,Determined,5,5.0
Bert Spall,John Sandbox,Professional,5,8.0
Bert Spall,John Sandbox,Studious,5,3.0
Bert Spall,John Sandbox,Imaginative,5,6.0
Bert Spall,John Sandbox,Analytic,6,6.0
Bert Spall,John Sandbox,Independent,6,3.0
Bert Spall,John Sandbox,Determined,6,5.0
Bert Spall,John Sandbox,Professional,6,5.0
Bert Spall,John Sandbox,Studious,6,7.0
Bert Spall,John Sandbox,Imaginative,6,3.0
Bert Spall,John Sandbox,Analytic,7,8.0
Bert Spall,John Sandbox,Independent,7,7.0
Bert Spall,John Sandbox,Determined,7,6.0
Bert Spall,John Sandbox,Professional,7,7.0
Bert Spall,John Sandbox,Studious,7,6.0
Bert Spall,John Sandbox,Imaginative,7,8.0
Bert Spall,John Sandbox,Analytic,8,7.0
Bert Spall,John Sandbox,Independent,8,4.0
Bert Spall,John Sandbox,Determined,8,8.0
Bert Spall,John Sandbox,Professional,8,6.0
Bert Spall,John Sandbox,Studious,8,8.0
Bert Spall,John Sandbox,Imaginative,8,7.0
Bert Spall,John Sandbox,Analytic,9,5.0
Bert Spall,John Sandbox,Independent,9,4.0
Bert Spall,John Sandbox,Determined,9,8.0
Bert Spall,John Sandbox,Professional,9,6.0
Bert Spall,John Sandbox,Studious,9,8.0
Bert Spall,John Sandbox,Imaginative,9,8.0
Bert Spall,John Sandbox,Analytic,10,8.0
Bert Spall,John Sandbox,Independent,10,8.0
Bert Spall,John Sandbox,Determined,10,8.0
Bert Spall,John Sandbox,Professional,10,8.0
Bert Spall,John Sandbox,Studious,10,8.0
Bert Spall,John Sandbox,Imaginative,10,8.0
Denyse Worley,Edward Reinhart,Analytic,1,4.0
Denyse Worley,Edward Reinhart,Independent,1,3.0
Denyse Worley,Edward Reinhart,Determined,1,2.0
Denyse Worley,Edward Reinhart,Professional,1,1.0
Denyse Worley,Edward Reinhart,Studious,1,6.0
Denyse Worley,Edward Reinhart,Imaginative,1,1.0
Denyse Worley,Edward Reinhart,Analytic,2,3.0
Denyse Worley,Edward Reinhart,Independent,2,1.0
Denyse Worley,Edward Reinhart,Determined,2,5.0
Denyse Worley,Edward Reinhart,Professional,2,5.0
Denyse Worley,Edward Reinhart,Studious,2,1.0
Denyse Worley,Edward Reinhart,Imaginative,2,4.0
Denyse Worley,Edward Reinhart,Analytic,3,5.0
Denyse Worley,Edward Reinhart,Independent,3,2.0
Denyse Worley,Edward Reinhart,Determined,3,5.0
Denyse Worley,Edward Reinhart,Professional,3,4.0
Denyse Worley,Edward Reinhart,Studious,3,1.0
Denyse Worley,Edward Reinhart,Imaginative,3,5.0
Denyse Worley,Edward Reinhart,Analytic,4,3.0
Denyse Worley,Edward Reinhart,Independent,4,8.0
Denyse Worley,Edward Reinhart,Determined,4,5.0
Denyse Worley,Edward Reinhart,Professional,4,3.0
Denyse Worley,Edward Reinhart,Studious,4,6.0
Denyse Worley,Edward Reinhart,Imaginative,4,3.0
Denyse Worley,Edward Reinhart,Analytic,5,3.0
Denyse Worley,Edward Reinhart,Independent,5,8.0
Denyse Worley,Edward Reinhart,Determined,5,5.0
Denyse Worley,Edward Reinhart,Professional,5,5.0
Denyse Worley,Edward Reinhart,Studious,5,6.0
Denyse Worley,Edward Reinhart,Imaginative,5,3.0
Denyse Worley,Edward Reinhart,Analytic,6,4.0
Denyse Worley,Edward Reinhart,Independent,6,8.0
Denyse Worley,Edward Reinhart,Determined,6,3.0
Denyse Worley,Edward Reinhart,Professional,6,5.0
Denyse Worley,Edward Reinhart,Studious,6,6.0
Denyse Worley,Edward Reinhart,Imaginative,6,8.0
Denyse Worley,Edward Reinhart,Analytic,7,7.0
Denyse Worley,Edward Reinhart,Independent,7,8.0
Denyse Worley,Edward Reinhart,Determined,7,8.0
Denyse Worley,Edward Reinhart,Professional,7,8.0
Denyse Worley,Edward Reinhart,Studious,7,8.0
Denyse Worley,Edward Reinhart,Imaginative,7,8.0
Denyse Worley,Edward Reinhart,Analytic,8,8.0
Denyse Worley,Edward Reinhart,Independent,8,8.0
Denyse Worley,Edward Reinhart,Determined,8,5.0
Denyse Worley,Edward Reinhart,Professional,8,8.0
Denyse Worley,Edward Reinhart,Studious,8,8.0
Denyse Worley,Edward Reinhart,Imaginative,8,8.0
Jard Antonowicz,Edward Reinhart,Analytic,1,1.0
Jard Antonowicz,Edward Reinhart,Independent,1,5.0
Jard Antonowicz,Edward Reinhart,Determined,1,5.0
Jard Antonowicz,Edward Reinhart,Professional,1,3.0
Jard Antonowicz,Edward Reinhart,Studious,1,2.0
Jard Antonowicz,Edward Reinhart,Imaginative,1,3.0
Jard Antonowicz,Edward Reinhart,Analytic,2,2.0
Jard Antonowicz,Edward Reinhart,Independent,2,3.0
Jard Antonowicz,Edward Reinhart,Determined,2,4.0
Jard Antonowicz,Edward Reinhart,Professional,2,2.0
Jard Antonowicz,Edward Reinhart,Studious,2,1.0
Jard Antonowicz,Edward Reinhart,Imaginative,2,3.0
Jard Antonowicz,Edward Reinhart,Analytic,3,1.0
Jard Antonowicz,Edward Reinhart,Independent,3,3.0
Jard Antonowicz,Edward Reinhart,Determined,3,4.0
Jard Antonowicz,Edward Reinhart,Professional,3,2.0
Jard Antonowicz,Edward Reinhart,Studious,3,2.0
Jard Antonowicz,Edward Reinhart,Imaginative,3,5.0
Jard Antonowicz,Edward Reinhart,Analytic,4,8.0
Jard Antonowicz,Edward Reinhart,Independent,4,5.0
Jard Antonowicz,Edward Reinhart,Determined,4,7.0
Jard Antonowicz,Edward Reinhart,Professional,4,1.0
Jard Antonowicz,Edward Reinhart,Studious,4,4.0
Jard Antonowicz,Edward Reinhart,Imaginative,4,5.0
Jard Antonowicz,Edward Reinhart,Analytic,5,6.0
Jard Antonowicz,Edward Reinhart,Independent,5,6.0
Jard Antonowicz,Edward Reinhart,Determined,5,8.0
Jard Antonowicz,Edward Reinhart,Professional,5,8.0
Jard Antonowicz,Edward Reinhart,Studious,5,5.0
Jard Antonowicz,Edward Reinhart,Imaginative,5,7.0
Jard Antonowicz,Edward Reinhart,Analytic,6,4.0
Jard Antonowicz,Edward Reinhart,Independent,6,3.0
Jard Antonowicz,Edward Reinhart,Determined,6,4.0
Jard Antonowicz,Edward Reinhart,Professional,6,7.0
Jard Antonowicz,Edward Reinhart,Studious,6,5.0
Jard Antonowicz,Edward Reinhart,Imaginative,6,8.0
Jard Antonowicz,Edward Reinhart,Analytic,7,8.0
Jard Antonowicz,Edward Reinhart,Independent,7,8.0
Jard Antonowicz,Edward Reinhart,Determined,7,7.0
Jard Antonowicz,Edward Reinhart,Professional,7,7.0
Jard Antonowicz,Edward Reinhart,Studious,7,6.0
Jard Antonowicz,Edward Reinhart,Imaginative,7,8.0
Jard Antonowicz,Edward Reinhart,Analytic,8,5.0
Jard Antonowicz,Edward Reinhart,Independent,8,8.0
Jard Antonowicz,Edward Reinhart,Determined,8,8.0
Jard Antonowicz,Edward Reinhart,Professional,8,8.0
Jard Antonowicz,Edward Reinhart,Studious,8,8.0
Jard Antonowicz,Edward Reinhart,Imaginative,8,8.0
Burtie Clubley,Edward Reinhart,Analytic,1,7.0
Burtie Clubley,Edward Reinhart,Independent,1,1.0
Burtie Clubley,Edward Reinhart,Determined,1,5.0
Burtie Clubley,Edward Reinhart,Professional,1,1.0
Burtie Clubley,Edward Reinhart,Studious,1,3.0
Burtie Clubley,Edward Reinhart,Imaginative,1,4.0
Burtie Clubley,Edward Reinhart,Analytic,2,2.0
Burtie Clubley,Edward Reinhart,Independent,2,4.0
Burtie Clubley,Edward Reinhart,Determined,2,2.0
Burtie Clubley,Edward Reinhart,Professional,2,4.0
Burtie Clubley,Edward Reinhart,Studious,2,1.0
Burtie Clubley,Edward Reinhart,Imaginative,2,3.0
Burtie Clubley,Edward Reinhart,Analytic,3,2.0
Burtie Clubley,Edward Reinhart,Independent,3,2.0
Burtie Clubley,Edward Reinhart,Determined,3,5.0
Burtie Clubley,Edward Reinhart,Professional,3,2.0
Burtie Clubley,Edward Reinhart,Studious,3,5.0
Burtie Clubley,Edward Reinhart,Imaginative,3,3.0
Burtie Clubley,Edward Reinhart,Analytic,4,6.0
Burtie Clubley,Edward Reinhart,Independent,4,8.0
Burtie Clubley,Edward Reinhart,Determined,4,3.0
Burtie Clubley,Edward Reinhart,Professional,4,5.0
Burtie Clubley,Edward Reinhart,Studious,4,8.0
Burtie Clubley,Edward Reinhart,Imaginative,4,2.0
Burtie Clubley,Edward Reinhart,Analytic,5,8.0
Burtie Clubley,Edward Reinhart,Independent,5,8.0
Burtie Clubley,Edward Reinhart,Determined,5,8.0
Burtie Clubley,Edward Reinhart,Professional,5,7.0
Burtie Clubley,Edward Reinhart,Studious,5,3.0
Burtie Clubley,Edward Reinhart,Imaginative,5,8.0
Burtie Clubley,Edward Reinhart,Analytic,6,4.0
Burtie Clubley,Edward Reinhart,Independent,6,5.0
Burtie Clubley,Edward Reinhart,Determined,6,3.0
Burtie Clubley,Edward Reinhart,Professional,6,4.0
Burtie Clubley,Edward Reinhart,Studious,6,8.0
Burtie Clubley,Edward Reinhart,Imaginative,6,4.0
Burtie Clubley,Edward Reinhart,Analytic,7,8.0
Burtie Clubley,Edward Reinhart,Independent,7,8.0
Burtie Clubley,Edward Reinhart,Determined,7,8.0
Burtie Clubley,Edward Reinhart,Professional,7,8.0
Burtie Clubley,Edward Reinhart,Studious,7,6.0
Burtie Clubley,Edward Reinhart,Imaginative,7,5.0
Burtie Clubley,Edward Reinhart,Analytic,8,8.0
Burtie Clubley,Edward Reinhart,Independent,8,7.0
Burtie Clubley,Edward Reinhart,Determined,8,5.0
Burtie Clubley,Edward Reinhart,Professional,8,8.0
Burtie Clubley,Edward Reinhart,Studious,8,7.0
Burtie Clubley,Edward Reinhart,Imaginative,8,8.0
Idaline Gadeaux,Edward Reinhart,Analytic,1,2.0
Idaline Gadeaux,Edward Reinhart,Independent,1,3.0
Idaline Gadeaux,Edward Reinhart,Determined,1,4.0
Idaline Gadeaux,Edward Reinhart,Professional,1,1.0
Idaline Gadeaux,Edward Reinhart,Studious,1,4.0
Idaline Gadeaux,Edward Reinhart,Imaginative,1,4.0
Idaline Gadeaux,Edward Reinhart,Analytic,2,6.0
Idaline Gadeaux,Edward Reinhart,Independent,2,5.0
Idaline Gadeaux,Edward Reinhart,Determined,2,2.0
Idaline Gadeaux,Edward Reinhart,Professional,2,2.0
Idaline Gadeaux,Edward Reinhart,Studious,2,1.0
Idaline Gadeaux,Edward Reinhart,Imaginative,2,2.0
Idaline Gadeaux,Edward Reinhart,Analytic,3,2.0
Idaline Gadeaux,Edward Reinhart,Independent,3,5.0
Idaline Gadeaux,Edward Reinhart,Determined,3,2.0
Idaline Gadeaux,Edward Reinhart,Professional,3,3.0
Idaline Gadeaux,Edward Reinhart,Studious,3,3.0
Idaline Gadeaux,Edward Reinhart,Imaginative,3,1.0
Idaline Gadeaux,Edward Reinhart,Analytic,4,3.0
Idaline Gadeaux,Edward Reinhart,Independent,4,3.0
Idaline Gadeaux,Edward Reinhart,Determined,4,6.0
Idaline Gadeaux,Edward Reinhart,Professional,4,8.0
Idaline Gadeaux,Edward Reinhart,Studious,4,8.0
Idaline Gadeaux,Edward Reinhart,Imaginative,4,3.0
Idaline Gadeaux,Edward Reinhart,Analytic,5,6.0
Idaline Gadeaux,Edward Reinhart,Independent,5,4.0
Idaline Gadeaux,Edward Reinhart,Determined,5,8.0
Idaline Gadeaux,Edward Reinhart,Professional,5,6.0
Idaline Gadeaux,Edward Reinhart,Studious,5,4.0
Idaline Gadeaux,Edward Reinhart,Imaginative,5,6.0
Idaline Gadeaux,Edward Reinhart,Analytic,6,6.0
Idaline Gadeaux,Edward Reinhart,Independent,6,4.0
Idaline Gadeaux,Edward Reinhart,Determined,6,7.0
Idaline Gadeaux,Edward Reinhart,Professional,6,4.0
Idaline Gadeaux,Edward Reinhart,Studious,6,4.0
Idaline Gadeaux,Edward Reinhart,Imaginative,6,1.0
Idaline Gadeaux,Edward Reinhart,Analytic,7,5.0
Idaline Gadeaux,Edward Reinhart,Independent,7,8.0
Idaline Gadeaux,Edward Reinhart,Determined,7,6.0
Idaline Gadeaux,Edward Reinhart,Professional,7,5.0
Idaline Gadeaux,Edward Reinhart,Studious,7,6.0
Idaline Gadeaux,Edward Reinhart,Imaginative,7,4.0
Idaline Gadeaux,Edward Reinhart,Analytic,8,8.0
Idaline Gadeaux,Edward Reinhart,Independent,8,7.0
Idaline Gadeaux,Edward Reinhart,Determined,8,8.0
Idaline Gadeaux,Edward Reinhart,Professional,8,8.0
Idaline Gadeaux,Edward Reinhart,Studious,8,8.0
Idaline Gadeaux,Edward Reinhart,Imaginative,8,7.0
Gaspard Dunn,Edward Reinhart,Analytic,1,1.0
Gaspard Dunn,Edward Reinhart,Independent,1,1.0
Gaspard Dunn,Edward Reinhart,Determined,1,3.0
Gaspard Dunn,Edward Reinhart,Professional,1,4.0
Gaspard Dunn,Edward Reinhart,Studious,1,3.0
Gaspard Dunn,Edward Reinhart,Imaginative,1,4.0
Gaspard Dunn,Edward Reinhart,Analytic,2,1.0
Gaspard Dunn,Edward Reinhart,Independent,2,1.0
Gaspard Dunn,Edward Reinhart,Determined,2,3.0
Gaspard Dunn,Edward Reinhart,Professional,2,4.0
Gaspard Dunn,Edward Reinhart,Studious,2,2.0
Gaspard Dunn,Edward Reinhart,Imaginative,2,2.0
Gaspard Dunn,Edward Reinhart,Analytic,3,1.0
Gaspard Dunn,Edward Reinhart,Independent,3,1.0
Gaspard Dunn,Edward Reinhart,Determined,3,4.0
Gaspard Dunn,Edward Reinhart,Professional,3,3.0
Gaspard Dunn,Edward Reinhart,Studious,3,3.0
Gaspard Dunn,Edward Reinhart,Imaginative,3,4.0
Gaspard Dunn,Edward Reinhart,Analytic,4,6.0
Gaspard Dunn,Edward Reinhart,Independent,4,8.0
Gaspard Dunn,Edward Reinhart,Determined,4,3.0
Gaspard Dunn,Edward Reinhart,Professional,4,7.0
Gaspard Dunn,Edward Reinhart,Studious,4,7.0
Gaspard Dunn,Edward Reinhart,Imaginative,4,5.0
Gaspard Dunn,Edward Reinhart,Analytic,5,8.0
Gaspard Dunn,Edward Reinhart,Independent,5,5.0
Gaspard Dunn,Edward Reinhart,Determined,5,2.0
Gaspard Dunn,Edward Reinhart,Professional,5,8.0
Gaspard Dunn,Edward Reinhart,Studious,5,8.0
Gaspard Dunn,Edward Reinhart,Imaginative,5,7.0
Gaspard Dunn,Edward Reinhart,Analytic,6,8.0
Gaspard Dunn,Edward Reinhart,Independent,6,4.0
Gaspard Dunn,Edward Reinhart,Determined,6,8.0
Gaspard Dunn,Edward Reinhart,Professional,6,7.0
Gaspard Dunn,Edward Reinhart,Studious,6,4.0
Gaspard Dunn,Edward Reinhart,Imaginative,6,5.0
Gaspard Dunn,Edward Reinhart,Analytic,7,4.0
Gaspard Dunn,Edward Reinhart,Independent,7,8.0
Gaspard Dunn,Edward Reinhart,Determined,7,8.0
Gaspard Dunn,Edward Reinhart,Professional,7,8.0
Gaspard Dunn,Edward Reinhart,Studious,7,8.0
Gaspard Dunn,Edward Reinhart,Imaginative,7,8.0
Gaspard Dunn,Edward Reinhart,Analytic,8,8.0
Gaspard Dunn,Edward Reinhart,Independent,8,2.0
Gaspard Dunn,Edward Reinhart,Determined,8,8.0
Gaspard Dunn,Edward Reinhart,Professional,8,8.0
Gaspard Dunn,Edward Reinhart,Studious,8,8.0
Gaspard Dunn,Edward Reinhart,Imaginative,8,7.0
Reg Mcreynold,Edward Reinhart,Analytic,1,1.0
Reg Mcreynold,Edward Reinhart,Independent,1,3.0
Reg Mcreynold,Edward Reinhart,Determined,1,2.0
Reg Mcreynold,Edward Reinhart,Professional,1,1.0
Reg Mcreynold,Edward Reinhart,Studious,1,2.0
Reg Mcreynold,Edward Reinhart,Imaginative,1,3.0
Reg Mcreynold,Edward Reinhart,Analytic,2,4.0
Reg Mcreynold,Edward Reinhart,Independent,2,4.0
Reg Mcreynold,Edward Reinhart,Determined,2,3.0
Reg Mcreynold,Edward Reinhart,Professional,2,3.0
Reg Mcreynold,Edward Reinhart,Studious,2,3.0
Reg Mcreynold,Edward Reinhart,Imaginative,2,1.0
Reg Mcreynold,Edward Reinhart,Analytic,3,3.0
Reg Mcreynold,Edward Reinhart,Independent,3,2.0
Reg Mcreynold,Edward Reinhart,Determined,3,6.0
Reg Mcreynold,Edward Reinhart,Professional,3,3.0
Reg Mcreynold,Edward Reinhart,Studious,3,4.0
Reg Mcreynold,Edward Reinhart,Imaginative,3,1.0
Reg Mcreynold,Edward Reinhart,Analytic,4,8.0
Reg Mcreynold,Edward Reinhart,Independent,4,3.0
Reg Mcreynold,Edward Reinhart,Determined,4,7.0
Reg Mcreynold,Edward Reinhart,Professional,4,6.0
Reg Mcreynold,Edward Reinhart,Studious,4,8.0
Reg Mcreynold,Edward Reinhart,Imaginative,4,1.0
Reg Mcreynold,Edward Reinhart,Analytic,5,7.0
Reg Mcreynold,Edward Reinhart,Independent,5,4.0
Reg Mcreynold,Edward Reinhart,Determined,5,8.0
Reg Mcreynold,Edward Reinhart,Professional,5,6.0
Reg Mcreynold,Edward Reinhart,Studious,5,4.0
Reg Mcreynold,Edward Reinhart,Imaginative,5,5.0
Reg Mcreynold,Edward Reinhart,Analytic,6,7.0
Reg Mcreynold,Edward Reinhart,Independent,6,5.0
Reg Mcreynold,Edward Reinhart,Determined,6,6.0
Reg Mcreynold,Edward Reinhart,Professional,6,2.0
Reg Mcreynold,Edward Reinhart,Studious,6,8.0
Reg Mcreynold,Edward Reinhart,Imaginative,6,3.0
Reg Mcreynold,Edward Reinhart,Analytic,7,3.0
Reg Mcreynold,Edward Reinhart,Independent,7,6.0
Reg Mcreynold,Edward Reinhart,Determined,7,8.0
Reg Mcreynold,Edward Reinhart,Professional,7,8.0
Reg Mcreynold,Edward Reinhart,Studious,7,8.0
Reg Mcreynold,Edward Reinhart,Imaginative,7,8.0
Reg Mcreynold,Edward Reinhart,Analytic,8,6.0
Reg Mcreynold,Edward Reinhart,Independent,8,8.0
Reg Mcreynold,Edward Reinhart,Determined,8,8.0
Reg Mcreynold,Edward Reinhart,Professional,8,8.0
Reg Mcreynold,Edward Reinhart,Studious,8,8.0
Reg Mcreynold,Edward Reinhart,Imaginative,8,8.0
Penni Grioli,Edward Reinhart,Analytic,1,3.0
Penni Grioli,Edward Reinhart,Independent,1,3.0
Penni Grioli,Edward Reinhart,Determined,1,2.0
Penni Grioli,Edward Reinhart,Professional,1,5.0
Penni Grioli,Edward Reinhart,Studious,1,4.0
Penni Grioli,Edward Reinhart,Imaginative,1,4.0
Penni Grioli,Edward Reinhart,Analytic,2,3.0
Penni Grioli,Edward Reinhart,Independent,2,1.0
Penni Grioli,Edward Reinhart,Determined,2,2.0
Penni Grioli,Edward Reinhart,Professional,2,4.0
Penni Grioli,Edward Reinhart,Studious,2,1.0
Penni Grioli,Edward Reinhart,Imaginative,2,1.0
Penni Grioli,Edward Reinhart,Analytic,3,2.0
Penni Grioli,Edward Reinhart,Independent,3,4.0
Penni Grioli,Edward Reinhart,Determined,3,3.0
Penni Grioli,Edward Reinhart,Professional,3,2.0
Penni Grioli,Edward Reinhart,Studious,3,3.0
Penni Grioli,Edward Reinhart,Imaginative,3,4.0
Penni Grioli,Edward Reinhart,Analytic,4,1.0
Penni Grioli,Edward Reinhart,Independent,4,2.0
Penni Grioli,Edward Reinhart,Determined,4,7.0
Penni Grioli,Edward Reinhart,Professional,4,6.0
Penni Grioli,Edward Reinhart,Studious,4,7.0
Penni Grioli,Edward Reinhart,Imaginative,4,5.0
Penni Grioli,Edward Reinhart,Analytic,5,8.0
Penni Grioli,Edward Reinhart,Independent,5,4.0
Penni Grioli,Edward Reinhart,Determined,5,6.0
Penni Grioli,Edward Reinhart,Professional,5,7.0
Penni Grioli,Edward Reinhart,Studious,5,8.0
Penni Grioli,Edward Reinhart,Imaginative,5,6.0
Penni Grioli,Edward Reinhart,Analytic,6,8.0
Penni Grioli,Edward Reinhart,Independent,6,8.0
Penni Grioli,Edward Reinhart,Determined,6,6.0
Penni Grioli,Edward Reinhart,Professional,6,7.0
Penni Grioli,Edward Reinhart,Studious,6,8.0
Penni Grioli,Edward Reinhart,Imaginative,6,8.0
Penni Grioli,Edward Reinhart,Analytic,7,8.0
Penni Grioli,Edward Reinhart,Independent,7,8.0
Penni Grioli,Edward Reinhart,Determined,7,8.0
Penni Grioli,Edward Reinhart,Professional,7,8.0
Penni Grioli,Edward Reinhart,Studious,7,8.0
Penni Grioli,Edward Reinhart,Imaginative,7,6.0
Penni Grioli,Edward Reinhart,Analytic,8,7.0
Penni Grioli,Edward Reinhart,Independent,8,8.0
Penni Grioli,Edward Reinhart,Determined,8,8.0
Penni Grioli,Edward Reinhart,Professional,8,7.0
Penni Grioli,Edward Reinhart,Studious,8,8.0
Penni Grioli,Edward Reinhart,Imaginative,8,4.0
Kial Gowdy,Edward Reinhart,Analytic,1,3.0
Kial Gowdy,Edward Reinhart,Independent,1,2.0
Kial Gowdy,Edward Reinhart,Determined,1,3.0
Kial Gowdy,Edward Reinhart,Professional,1,3.0
Kial Gowdy,Edward Reinhart,Studious,1,1.0
Kial Gowdy,Edward Reinhart,Imaginative,1,2.0
Kial Gowdy,Edward Reinhart,Analytic,2,1.0
Kial Gowdy,Edward Reinhart,Independent,2,2.0
Kial Gowdy,Edward Reinhart,Determined,2,4.0
Kial Gowdy,Edward Reinhart,Professional,2,5.0
Kial Gowdy,Edward Reinhart,Studious,2,3.0
Kial Gowdy,Edward Reinhart,Imaginative,2,5.0
Kial Gowdy,Edward Reinhart,Analytic,3,3.0
Kial Gowdy,Edward Reinhart,Independent,3,4.0
Kial Gowdy,Edward Reinhart,Determined,3,7.0
Kial Gowdy,Edward Reinhart,Professional,3,2.0
Kial Gowdy,Edward Reinhart,Studious,3,7.0
Kial Gowdy,Edward Reinhart,Imaginative,3,1.0
Kial Gowdy,Edward Reinhart,Analytic,4,8.0
Kial Gowdy,Edward Reinhart,Independent,4,8.0
Kial Gowdy,Edward Reinhart,Determined,4,6.0
Kial Gowdy,Edward Reinhart,Professional,4,2.0
Kial Gowdy,Edward Reinhart,Studious,4,1.0
Kial Gowdy,Edward Reinhart,Imaginative,4,4.0
Kial Gowdy,Edward Reinhart,Analytic,5,2.0
Kial Gowdy,Edward Reinhart,Independent,5,2.0
Kial Gowdy,Edward Reinhart,Determined,5,7.0
Kial Gowdy,Edward Reinhart,Professional,5,1.0
Kial Gowdy,Edward Reinhart,Studious,5,1.0
Kial Gowdy,Edward Reinhart,Imaginative,5,8.0
Kial Gowdy,Edward Reinhart,Analytic,6,6.0
Kial Gowdy,Edward Reinhart,Independent,6,3.0
Kial Gowdy,Edward Reinhart,Determined,6,8.0
Kial Gowdy,Edward Reinhart,Professional,6,3.0
Kial Gowdy,Edward Reinhart,Studious,6,4.0
Kial Gowdy,Edward Reinhart,Imaginative,6,6.0
Kial Gowdy,Edward Reinhart,Analytic,7,8.0
Kial Gowdy,Edward Reinhart,Independent,7,6.0
Kial Gowdy,Edward Reinhart,Determined,7,8.0
Kial Gowdy,Edward Reinhart,Professional,7,5.0
Kial Gowdy,Edward Reinhart,Studious,7,8.0
Kial Gowdy,Edward Reinhart,Imaginative,7,8.0
Kial Gowdy,Edward Reinhart,Analytic,8,6.0
Kial Gowdy,Edward Reinhart,Independent,8,8.0
Kial Gowdy,Edward Reinhart,Determined,8,6.0
Kial Gowdy,Edward Reinhart,Professional,8,8.0
Kial Gowdy,Edward Reinhart,Studious,8,8.0
Kial Gowdy,Edward Reinhart,Imaginative,8,8.0
Haskell Mcdonnell,Edward Reinhart,Analytic,1,5.0
Haskell Mcdonnell,Edward Reinhart,Independent,1,1.0
Haskell Mcdonnell,Edward Reinhart,Determined,1,1.0
Haskell Mcdonnell,Edward Reinhart,Professional,1,4.0
Haskell Mcdonnell,Edward Reinhart,Studious,1,4.0
Haskell Mcdonnell,Edward Reinhart,Imaginative,1,1.0
Haskell Mcdonnell,Edward Reinhart,Analytic,2,2.0
Haskell Mcdonnell,Edward Reinhart,Independent,2,4.0
Haskell Mcdonnell,Edward Reinhart,Determined,2,1.0
Haskell Mcdonnell,Edward Reinhart,Professional,2,3.0
Haskell Mcdonnell,Edward Reinhart,Studious,2,6.0
Haskell Mcdonnell,Edward Reinhart,Imaginative,2,1.0
Haskell Mcdonnell,Edward Reinhart,Analytic,3,1.0
Haskell Mcdonnell,Edward Reinhart,Independent,3,5.0
Haskell Mcdonnell,Edward Reinhart,Determined,3,4.0
Haskell Mcdonnell,Edward Reinhart,Professional,3,1.0
Haskell Mcdonnell,Edward Reinhart,Studious,3,2.0
Haskell Mcdonnell,Edward Reinhart,Imaginative,3,3.0
Haskell Mcdonnell,Edward Reinhart,Analytic,4,8.0
Haskell Mcdonnell,Edward Reinhart,Independent,4,3.0
Haskell Mcdonnell,Edward Reinhart,Determined,4,5.0
Haskell Mcdonnell,Edward Reinhart,Professional,4,6.0
Haskell Mcdonnell,Edward Reinhart,Studious,4,8.0
Haskell Mcdonnell,Edward Reinhart,Imaginative,4,7.0
Haskell Mcdonnell,Edward Reinhart,Analytic,5,5.0
Haskell Mcdonnell,Edward Reinhart,Independent,5,2.0
Haskell Mcdonnell,Edward Reinhart,Determined,5,5.0
Haskell Mcdonnell,Edward Reinhart,Professional,5,8.0
Haskell Mcdonnell,Edward Reinhart,Studious,5,4.0
Haskell Mcdonnell,Edward Reinhart,Imaginative,5,3.0
Haskell Mcdonnell,Edward Reinhart,Analytic,6,3.0
Haskell Mcdonnell,Edward Reinhart,Independent,6,7.0
Haskell Mcdonnell,Edward Reinhart,Determined,6,1.0
Haskell Mcdonnell,Edward Reinhart,Professional,6,6.0
Haskell Mcdonnell,Edward Reinhart,Studious,6,4.0
Haskell Mcdonnell,Edward Reinhart,Imaginative,6,7.0
Haskell Mcdonnell,Edward Reinhart,Analytic,7,8.0
Haskell Mcdonnell,Edward Reinhart,Independent,7,7.0
Haskell Mcdonnell,Edward Reinhart,Determined,7,8.0
Haskell Mcdonnell,Edward Reinhart,Professional,7,8.0
Haskell Mcdonnell,Edward Reinhart,Studious,7,5.0
Haskell Mcdonnell,Edward Reinhart,Imaginative,7,6.0
Haskell Mcdonnell,Edward Reinhart,Analytic,8,8.0
Haskell Mcdonnell,Edward Reinhart,Independent,8,8.0
Haskell Mcdonnell,Edward Reinhart,Determined,8,8.0
Haskell Mcdonnell,Edward Reinhart,Professional,8,8.0
Haskell Mcdonnell,Edward Reinhart,Studious,8,8.0
Haskell Mcdonnell,Edward Reinhart,Imaginative,8,8.0
Jeffy Dudding,Edward Reinhart,Analytic,1,2.0
Jeffy Dudding,Edward Reinhart,Independent,1,3.0
Jeffy Dudding,Edward Reinhart,Determined,1,4.0
Jeffy Dudding,Edward Reinhart,Professional,1,2.0
Jeffy Dudding,Edward Reinhart,Studious,1,2.0
Jeffy Dudding,Edward Reinhart,Imaginative,1,3.0
Jeffy Dudding,Edward Reinhart,Analytic,2,5.0
Jeffy Dudding,Edward Reinhart,Independent,2,2.0
Jeffy Dudding,Edward Reinhart,Determined,2,5.0
Jeffy Dudding,Edward Reinhart,Professional,2,2.0
Jeffy Dudding,Edward Reinhart,Studious,2,1.0
Jeffy Dudding,Edward Reinhart,Imaginative,2,2.0
Jeffy Dudding,Edward Reinhart,Analytic,3,1.0
Jeffy Dudding,Edward Reinhart,Independent,3,2.0
Jeffy Dudding,Edward Reinhart,Determined,3,3.0
Jeffy Dudding,Edward Reinhart,Professional,3,4.0
Jeffy Dudding,Edward Reinhart,Studious,3,1.0
Jeffy Dudding,Edward Reinhart,Imaginative,3,2.0
Jeffy Dudding,Edward Reinhart,Analytic,4,5.0
Jeffy Dudding,Edward Reinhart,Independent,4,5.0
Jeffy Dudding,Edward Reinhart,Determined,4,4.0
Jeffy Dudding,Edward Reinhart,Professional,4,8.0
Jeffy Dudding,Edward Reinhart,Studious,4,8.0
Jeffy Dudding,Edward Reinhart,Imaginative,4,7.0
Jeffy Dudding,Edward Reinhart,Analytic,5,6.0
Jeffy Dudding,Edward Reinhart,Independent,5,5.0
Jeffy Dudding,Edward Reinhart,Determined,5,8.0
Jeffy Dudding,Edward Reinhart,Professional,5,5.0
Jeffy Dudding,Edward Reinhart,Studious,5,7.0
Jeffy Dudding,Edward Reinhart,Imaginative,5,8.0
Jeffy Dudding,Edward Reinhart,Analytic,6,7.0
Jeffy Dudding,Edward Reinhart,Independent,6,6.0
Jeffy Dudding,Edward Reinhart,Determined,6,8.0
Jeffy Dudding,Edward Reinhart,Professional,6,5.0
Jeffy Dudding,Edward Reinhart,Studious,6,3.0
Jeffy Dudding,Edward Reinhart,Imaginative,6,6.0
Jeffy Dudding,Edward Reinhart,Analytic,7,8.0
Jeffy Dudding,Edward Reinhart,Independent,7,8.0
Jeffy Dudding,Edward Reinhart,Determined,7,8.0
Jeffy Dudding,Edward Reinhart,Professional,7,8.0
Jeffy Dudding,Edward Reinhart,Studious,7,8.0
Jeffy Dudding,Edward Reinhart,Imaginative,7,8.0
Jeffy Dudding,Edward Reinhart,Analytic,8,6.0
Jeffy Dudding,Edward Reinhart,Independent,8,8.0
Jeffy Dudding,Edward Reinhart,Determined,8,8.0
Jeffy Dudding,Edward Reinhart,Professional,8,6.0
Jeffy Dudding,Edward Reinhart,Studious,8,6.0
Jeffy Dudding,Edward Reinhart,Imaginative,8,7.0
Damaris Vallance,Edward Reinhart,Analytic,1,4.0
Damaris Vallance,Edward Reinhart,Independent,1,5.0
Damaris Vallance,Edward Reinhart,Determined,1,3.0
Damaris Vallance,Edward Reinhart,Professional,1,2.0
Damaris Vallance,Edward Reinhart,Studious,1,3.0
Damaris Vallance,Edward Reinhart,Imaginative,1,2.0
Damaris Vallance,Edward Reinhart,Analytic,2,3.0
Damaris Vallance,Edward Reinhart,Independent,2,2.0
Damaris Vallance,Edward Reinhart,Determined,2,5.0
Damaris Vallance,Edward Reinhart,Professional,2,4.0
Damaris Vallance,Edward Reinhart,Studious,2,1.0
Damaris Vallance,Edward Reinhart,Imaginative,2,1.0
Damaris Vallance,Edward Reinhart,Analytic,3,6.0
Damaris Vallance,Edward Reinhart,Independent,3,3.0
Damaris Vallance,Edward Reinhart,Determined,3,2.0
Damaris Vallance,Edward Reinhart,Professional,3,3.0
Damaris Vallance,Edward Reinhart,Studious,3,1.0
Damaris Vallance,Edward Reinhart,Imaginative,3,4.0
Damaris Vallance,Edward Reinhart,Analytic,4,8.0
Damaris Vallance,Edward Reinhart,Independent,4,5.0
Damaris Vallance,Edward Reinhart,Determined,4,8.0
Damaris Vallance,Edward Reinhart,Professional,4,8.0
Damaris Vallance,Edward Reinhart,Studious,4,4.0
Damaris Vallance,Edward Reinhart,Imaginative,4,8.0
Damaris Vallance,Edward Reinhart,Analytic,5,8.0
Damaris Vallance,Edward Reinhart,Independent,5,3.0
Damaris Vallance,Edward Reinhart,Determined,5,1.0
Damaris Vallance,Edward Reinhart,Professional,5,3.0
Damaris Vallance,Edward Reinhart,Studious,5,8.0
Damaris Vallance,Edward Reinhart,Imaginative,5,5.0
Damaris Vallance,Edward Reinhart,Analytic,6,4.0
Damaris Vallance,Edward Reinhart,Independent,6,4.0
Damaris Vallance,Edward Reinhart,Determined,6,8.0
Damaris Vallance,Edward Reinhart,Professional,6,4.0
Damaris Vallance,Edward Reinhart,Studious,6,5.0
Damaris Vallance,Edward Reinhart,Imaginative,6,4.0
Damaris Vallance,Edward Reinhart,Analytic,7,8.0
Damaris Vallance,Edward Reinhart,Independent,7,7.0
Damaris Vallance,Edward Reinhart,Determined,7,7.0
Damaris Vallance,Edward Reinhart,Professional,7,8.0
Damaris Vallance,Edward Reinhart,Studious,7,8.0
Damaris Vallance,Edward Reinhart,Imaginative,7,8.0
Damaris Vallance,Edward Reinhart,Analytic,8,8.0
Damaris Vallance,Edward Reinhart,Independent,8,7.0
Damaris Vallance,Edward Reinhart,Determined,8,8.0
Damaris Vallance,Edward Reinhart,Professional,8,8.0
Damaris Vallance,Edward Reinhart,Studious,8,8.0
Damaris Vallance,Edward Reinhart,Imaginative,8,8.0
Stacee Kidson,Edward Reinhart,Analytic,1,2.0
Stacee Kidson,Edward Reinhart,Independent,1,3.0
Stacee Kidson,Edward Reinhart,Determined,1,2.0
Stacee Kidson,Edward Reinhart,Professional,1,3.0
Stacee Kidson,Edward Reinhart,Studious,1,1.0
Stacee Kidson,Edward Reinhart,Imaginative,1,3.0
Stacee Kidson,Edward Reinhart,Analytic,2,5.0
Stacee Kidson,Edward Reinhart,Independent,2,5.0
Stacee Kidson,Edward Reinhart,Determined,2,1.0
Stacee Kidson,Edward Reinhart,Professional,2,4.0
Stacee Kidson,Edward Reinhart,Studious,2,4.0
Stacee Kidson,Edward Reinhart,Imaginative,2,1.0
Stacee Kidson,Edward Reinhart,Analytic,3,2.0
Stacee Kidson,Edward Reinhart,Independent,3,3.0
Stacee Kidson,Edward Reinhart,Determined,3,3.0
Stacee Kidson,Edward Reinhart,Professional,3,3.0
Stacee Kidson,Edward Reinhart,Studious,3,1.0
Stacee Kidson,Edward Reinhart,Imaginative,3,6.0
Stacee Kidson,Edward Reinhart,Analytic,4,4.0
Stacee Kidson,Edward Reinhart,Independent,4,7.0
Stacee Kidson,Edward Reinhart,Determined,4,2.0
Stacee Kidson,Edward Reinhart,Professional,4,6.0
Stacee Kidson,Edward Reinhart,Studious,4,5.0
Stacee Kidson,Edward Reinhart,Imaginative,4,6.0
Stacee Kidson,Edward Reinhart,Analytic,5,6.0
Stacee Kidson,Edward Reinhart,Independent,5,6.0
Stacee Kidson,Edward Reinhart,Determined,5,4.0
Stacee Kidson,Edward Reinhart,Professional,5,7.0
Stacee Kidson,Edward Reinhart,Studious,5,5.0
Stacee Kidson,Edward Reinhart,Imaginative,5,8.0
Stacee Kidson,Edward Reinhart,Analytic,6,7.0
Stacee Kidson,Edward Reinhart,Independent,6,2.0
Stacee Kidson,Edward Reinhart,Determined,6,5.0
Stacee Kidson,Edward Reinhart,Professional,6,8.0
Stacee Kidson,Edward Reinhart,Studious,6,7.0
Stacee Kidson,Edward Reinhart,Imaginative,6,7.0
Stacee Kidson,Edward Reinhart,Analytic,7,8.0
Stacee Kidson,Edward Reinhart,Independent,7,8.0
Stacee Kidson,Edward Reinhart,Determined,7,8.0
Stacee Kidson,Edward Reinhart,Professional,7,8.0
Stacee Kidson,Edward Reinhart,Studious,7,8.0
Stacee Kidson,Edward Reinhart,Imaginative,7,8.0
Stacee Kidson,Edward Reinhart,Analytic,8,8.0
Stacee Kidson,Edward Reinhart,Independent,8,7.0
Stacee Kidson,Edward Reinhart,Determined,8,8.0
Stacee Kidson,Edward Reinhart,Professional,8,8.0
Stacee Kidson,Edward Reinhart,Studious,8,6.0
Stacee Kidson,Edward Reinhart,Imaginative,8,8.0
Anica Vallis,Edward Reinhart,Analytic,1,1.0
Anica Vallis,Edward Reinhart,Independent,1,5.0
Anica Vallis,Edward Reinhart,Determined,1,4.0
Anica Vallis,Edward Reinhart,Professional,1,2.0
Anica Vallis,Edward Reinhart,Studious,1,7.0
Anica Vallis,Edward Reinhart,Imaginative,1,4.0
Anica Vallis,Edward Reinhart,Analytic,2,5.0
Anica Vallis,Edward Reinhart,Independent,2,4.0
Anica Vallis,Edward Reinhart,Determined,2,2.0
Anica Vallis,Edward Reinhart,Professional,2,4.0
Anica Vallis,Edward Reinhart,Studious,2,3.0
Anica Vallis,Edward Reinhart,Imaginative,2,6.0
Anica Vallis,Edward Reinhart,Analytic,3,4.0
Anica Vallis,Edward Reinhart,Independent,3,4.0
Anica Vallis,Edward Reinhart,Determined,3,5.0
Anica Vallis,Edward Reinhart,Professional,3,3.0
Anica Vallis,Edward Reinhart,Studious,3,2.0
Anica Vallis,Edward Reinhart,Imaginative,3,8.0
Anica Vallis,Edward Reinhart,Analytic,4,6.0
Anica Vallis,Edward Reinhart,Independent,4,8.0
Anica Vallis,Edward Reinhart,Determined,4,8.0
Anica Vallis,Edward Reinhart,Professional,4,6.0
Anica Vallis,Edward Reinhart,Studious,4,6.0
Anica Vallis,Edward Reinhart,Imaginative,4,3.0
Anica Vallis,Edward Reinhart,Analytic,5,3.0
Anica Vallis,Edward Reinhart,Independent,5,6.0
Anica Vallis,Edward Reinhart,Determined,5,8.0
Anica Vallis,Edward Reinhart,Professional,5,8.0
Anica Vallis,Edward Reinhart,Studious,5,4.0
Anica Vallis,Edward Reinhart,Imaginative,5,7.0
Anica Vallis,Edward Reinhart,Analytic,6,8.0
Anica Vallis,Edward Reinhart,Independent,6,7.0
Anica Vallis,Edward Reinhart,Determined,6,5.0
Anica Vallis,Edward Reinhart,Professional,6,5.0
Anica Vallis,Edward Reinhart,Studious,6,8.0
Anica Vallis,Edward Reinhart,Imaginative,6,5.0
Anica Vallis,Edward Reinhart,Analytic,7,7.0
Anica Vallis,Edward Reinhart,Independent,7,8.0
Anica Vallis,Edward Reinhart,Determined,7,8.0
Anica Vallis,Edward Reinhart,Professional,7,6.0
Anica Vallis,Edward Reinhart,Studious,7,8.0
Anica Vallis,Edward Reinhart,Imaginative,7,6.0
Anica Vallis,Edward Reinhart,Analytic,8,8.0
Anica Vallis,Edward Reinhart,Independent,8,4.0
Anica Vallis,Edward Reinhart,Determined,8,8.0
Anica Vallis,Edward Reinhart,Professional,8,8.0
Anica Vallis,Edward Reinhart,Studious,8,8.0
Anica Vallis,Edward Reinhart,Imaginative,8,8.0
Emmey Wadforth,Lucy Foster,Analytic,1,4.0
Emmey Wadforth,Lucy Foster,Independent,1,1.0
Emmey Wadforth,Lucy Foster,Determined,1,7.0
Emmey Wadforth,Lucy Foster,Professional,1,3.0
Emmey Wadforth,Lucy Foster,Studious,1,2.0
Emmey Wadforth,Lucy Foster,Imaginative,1,1.0
Emmey Wadforth,Lucy Foster,Analytic,2,1.0
Emmey Wadforth,Lucy Foster,Independent,2,1.0
Emmey Wadforth,Lucy Foster,Determined,2,3.0
Emmey Wadforth,Lucy Foster,Professional,2,2.0
Emmey Wadforth,Lucy Foster,Studious,2,1.0
Emmey Wadforth,Lucy Foster,Imaginative,2,4.0
Emmey Wadforth,Lucy Foster,Analytic,3,2.0
Emmey Wadforth,Lucy Foster,Independent,3,3.0
Emmey Wadforth,Lucy Foster,Determined,3,2.0
Emmey Wadforth,Lucy Foster,Professional,3,2.0
Emmey Wadforth,Lucy Foster,Studious,3,2.0
Emmey Wadforth,Lucy Foster,Imaginative,3,1.0
Emmey Wadforth,Lucy Foster,Analytic,4,8.0
Emmey Wadforth,Lucy Foster,Independent,4,5.0
Emmey Wadforth,Lucy Foster,Determined,4,4.0
Emmey Wadforth,Lucy Foster,Professional,4,3.0
Emmey Wadforth,Lucy Foster,Studious,4,8.0
Emmey Wadforth,Lucy Foster,Imaginative,4,5.0
Emmey Wadforth,Lucy Foster,Analytic,5,2.0
Emmey Wadforth,Lucy Foster,Independent,5,4.0
Emmey Wadforth,Lucy Foster,Determined,5,8.0
Emmey Wadforth,Lucy Foster,Professional,5,6.0
Emmey Wadforth,Lucy Foster,Studious,5,7.0
Emmey Wadforth,Lucy Foster,Imaginative,5,3.0
Emmey Wadforth,Lucy Foster,Analytic,6,3.0
Emmey Wadforth,Lucy Foster,Independent,6,2.0
Emmey Wadforth,Lucy Foster,Determined,6,4.0
Emmey Wadforth,Lucy Foster,Professional,6,1.0
Emmey Wadforth,Lucy Foster,Studious,6,4.0
Emmey Wadforth,Lucy Foster,Imaginative,6,4.0
Emmey Wadforth,Lucy Foster,Analytic,7,8.0
Emmey Wadforth,Lucy Foster,Independent,7,8.0
Emmey Wadforth,Lucy Foster,Determined,7,7.0
Emmey Wadforth,Lucy Foster,Professional,7,8.0
Emmey Wadforth,Lucy Foster,Studious,7,8.0
Emmey Wadforth,Lucy Foster,Imaginative,7,4.0
Emmey Wadforth,Lucy Foster,Analytic,8,5.0
Emmey Wadforth,Lucy Foster,Independent,8,7.0
Emmey Wadforth,Lucy Foster,Determined,8,5.0
Emmey Wadforth,Lucy Foster,Professional,8,5.0
Emmey Wadforth,Lucy Foster,Studious,8,8.0
Emmey Wadforth,Lucy Foster,Imaginative,8,8.0
Emmey Wadforth,Lucy Foster,Analytic,9,5.0
Emmey Wadforth,Lucy Foster,Independent,9,6.0
Emmey Wadforth,Lucy Foster,Determined,9,8.0
Emmey Wadforth,Lucy Foster,Professional,9,8.0
Emmey Wadforth,Lucy Foster,Studious,9,8.0
Emmey Wadforth,Lucy Foster,Imaginative,9,8.0
Emmey Wadforth,Lucy Foster,Analytic,10,8.0
Emmey Wadforth,Lucy Foster,Independent,10,7.0
Emmey Wadforth,Lucy Foster,Determined,10,8.0
Emmey Wadforth,Lucy Foster,Professional,10,8.0
Emmey Wadforth,Lucy Foster,Studious,10,8.0
Emmey Wadforth,Lucy Foster,Imaginative,10,8.0
Sayer Weedon,Lucy Foster,Analytic,1,1.0
Sayer Weedon,Lucy Foster,Independent,1,5.0
Sayer Weedon,Lucy Foster,Determined,1,7.0
Sayer Weedon,Lucy Foster,Professional,1,1.0
Sayer Weedon,Lucy Foster,Studious,1,3.0
Sayer Weedon,Lucy Foster,Imaginative,1,2.0
Sayer Weedon,Lucy Foster,Analytic,2,6.0
Sayer Weedon,Lucy Foster,Independent,2,1.0
Sayer Weedon,Lucy Foster,Determined,2,5.0
Sayer Weedon,Lucy Foster,Professional,2,3.0
Sayer Weedon,Lucy Foster,Studious,2,1.0
Sayer Weedon,Lucy Foster,Imaginative,2,3.0
Sayer Weedon,Lucy Foster,Analytic,3,4.0
Sayer Weedon,Lucy Foster,Independent,3,5.0
Sayer Weedon,Lucy Foster,Determined,3,4.0
Sayer Weedon,Lucy Foster,Professional,3,2.0
Sayer Weedon,Lucy Foster,Studious,3,3.0
Sayer Weedon,Lucy Foster,Imaginative,3,1.0
Sayer Weedon,Lucy Foster,Analytic,4,7.0
Sayer Weedon,Lucy Foster,Independent,4,2.0
Sayer Weedon,Lucy Foster,Determined,4,8.0
Sayer Weedon,Lucy Foster,Professional,4,8.0
Sayer Weedon,Lucy Foster,Studious,4,7.0
Sayer Weedon,Lucy Foster,Imaginative,4,5.0
Sayer Weedon,Lucy Foster,Analytic,5,4.0
Sayer Weedon,Lucy Foster,Independent,5,8.0
Sayer Weedon,Lucy Foster,Determined,5,4.0
Sayer Weedon,Lucy Foster,Professional,5,8.0
Sayer Weedon,Lucy Foster,Studious,5,8.0
Sayer Weedon,Lucy Foster,Imaginative,5,8.0
Sayer Weedon,Lucy Foster,Analytic,6,3.0
Sayer Weedon,Lucy Foster,Independent,6,5.0
Sayer Weedon,Lucy Foster,Determined,6,2.0
Sayer Weedon,Lucy Foster,Professional,6,4.0
Sayer Weedon,Lucy Foster,Studious,6,6.0
Sayer Weedon,Lucy Foster,Imaginative,6,2.0
Sayer Weedon,Lucy Foster,Analytic,7,3.0
Sayer Weedon,Lucy Foster,Independent,7,7.0
Sayer Weedon,Lucy Foster,Determined,7,6.0
Sayer Weedon,Lucy Foster,Professional,7,7.0
Sayer Weedon,Lucy Foster,Studious,7,8.0
Sayer Weedon,Lucy Foster,Imaginative,7,8.0
Sayer Weedon,Lucy Foster,Analytic,8,8.0
Sayer Weedon,Lucy Foster,Independent,8,8.0
Sayer Weedon,Lucy Foster,Determined,8,8.0
Sayer Weedon,Lucy Foster,Professional,8,8.0
Sayer Weedon,Lucy Foster,Studious,8,8.0
Sayer Weedon,Lucy Foster,Imaginative,8,7.0
Sayer Weedon,Lucy Foster,Analytic,9,8.0
Sayer Weedon,Lucy Foster,Independent,9,8.0
Sayer Weedon,Lucy Foster,Determined,9,8.0
Sayer Weedon,Lucy Foster,Professional,9,8.0
Sayer Weedon,Lucy Foster,Studious,9,8.0
Sayer Weedon,Lucy Foster,Imaginative,9,8.0
Sayer Weedon,Lucy Foster,Analytic,10,8.0
Sayer Weedon,Lucy Foster,Independent,10,8.0
Sayer Weedon,Lucy Foster,Determined,10,8.0
Sayer Weedon,Lucy Foster,Professional,10,8.0
Sayer Weedon,Lucy Foster,Studious,10,8.0
Sayer Weedon,Lucy Foster,Imaginative,10,8.0
Norbie Iacobucci,Lucy Foster,Analytic,1,2.0
Norbie Iacobucci,Lucy Foster,Independent,1,2.0
Norbie Iacobucci,Lucy Foster,Determined,1,1.0
Norbie Iacobucci,Lucy Foster,Professional,1,2.0
Norbie Iacobucci,Lucy Foster,Studious,1,3.0
Norbie Iacobucci,Lucy Foster,Imaginative,1,1.0
Lynnell Samber,Lucy Foster,Analytic,1,4.0
Lynnell Samber,Lucy Foster,Independent,1,5.0
Lynnell Samber,Lucy Foster,Determined,1,1.0
Lynnell Samber,Lucy Foster,Professional,1,4.0
Lynnell Samber,Lucy Foster,Studious,1,5.0
Lynnell Samber,Lucy Foster,Imaginative,1,2.0
Lynnell Samber,Lucy Foster,Analytic,2,1.0
Lynnell Samber,Lucy Foster,Independent,2,3.0
Lynnell Samber,Lucy Foster,Determined,2,3.0
Lynnell Samber,Lucy Foster,Professional,2,5.0
Lynnell Samber,Lucy Foster,Studious,2,3.0
Lynnell Samber,Lucy Foster,Imaginative,2,4.0
Lynnell Samber,Lucy Foster,Analytic,3,4.0
Lynnell Samber,Lucy Foster,Independent,3,4.0
Lynnell Samber,Lucy Foster,Determined,3,3.0
Lynnell Samber,Lucy Foster,Professional,3,3.0
Lynnell Samber,Lucy Foster,Studious,3,3.0
Lynnell Samber,Lucy Foster,Imaginative,3,3.0
Lynnell Samber,Lucy Foster,Analytic,4,5.0
Lynnell Samber,Lucy Foster,Independent,4,6.0
Lynnell Samber,Lucy Foster,Determined,4,8.0
Lynnell Samber,Lucy Foster,Professional,4,2.0
Lynnell Samber,Lucy Foster,Studious,4,5.0
Lynnell Samber,Lucy Foster,Imaginative,4,7.0
Lynnell Samber,Lucy Foster,Analytic,5,6.0
Lynnell Samber,Lucy Foster,Independent,5,5.0
Lynnell Samber,Lucy Foster,Determined,5,6.0
Lynnell Samber,Lucy Foster,Professional,5,5.0
Lynnell Samber,Lucy Foster,Studious,5,8.0
Lynnell Samber,Lucy Foster,Imaginative,5,7.0
Lynnell Samber,Lucy Foster,Analytic,6,5.0
Lynnell Samber,Lucy Foster,Independent,6,6.0
Lynnell Samber,Lucy Foster,Determined,6,8.0
Lynnell Samber,Lucy Foster,Professional,6,5.0
Lynnell Samber,Lucy Foster,Studious,6,2.0
Lynnell Samber,Lucy Foster,Imaginative,6,8.0
Lynnell Samber,Lucy Foster,Analytic,7,3.0
Lynnell Samber,Lucy Foster,Independent,7,8.0
Lynnell Samber,Lucy Foster,Determined,7,5.0
Lynnell Samber,Lucy Foster,Professional,7,3.0
Lynnell Samber,Lucy Foster,Studious,7,6.0
Lynnell Samber,Lucy Foster,Imaginative,7,8.0
Lynnell Samber,Lucy Foster,Analytic,8,8.0
Lynnell Samber,Lucy Foster,Independent,8,8.0
Lynnell Samber,Lucy Foster,Determined,8,7.0
Lynnell Samber,Lucy Foster,Professional,8,7.0
Lynnell Samber,Lucy Foster,Studious,8,8.0
Lynnell Samber,Lucy Foster,Imaginative,8,8.0
Lynnell Samber,Lucy Foster,Analytic,9,8.0
Lynnell Samber,Lucy Foster,Independent,9,8.0
Lynnell Samber,Lucy Foster,Determined,9,6.0
Lynnell Samber,Lucy Foster,Professional,9,8.0
Lynnell Samber,Lucy Foster,Studious,9,8.0
Lynnell Samber,Lucy Foster,Imaginative,9,8.0
Lynnell Samber,Lucy Foster,Analytic,10,6.0
Lynnell Samber,Lucy Foster,Independent,10,8.0
Lynnell Samber,Lucy Foster,Determined,10,8.0
Lynnell Samber,Lucy Foster,Professional,10,6.0
Lynnell Samber,Lucy Foster,Studious,10,8.0
Lynnell Samber,Lucy Foster,Imaginative,10,8.0
Hogan Bushnell,Lucy Foster,Analytic,1,1.0
Hogan Bushnell,Lucy Foster,Independent,1,3.0
Hogan Bushnell,Lucy Foster,Determined,1,3.0
Hogan Bushnell,Lucy Foster,Professional,1,2.0
Hogan Bushnell,Lucy Foster,Studious,1,5.0
Hogan Bushnell,Lucy Foster,Imaginative,1,4.0
Hogan Bushnell,Lucy Foster,Analytic,2,4.0
Hogan Bushnell,Lucy Foster,Independent,2,2.0
Hogan Bushnell,Lucy Foster,Determined,2,5.0
Hogan Bushnell,Lucy Foster,Professional,2,4.0
Hogan Bushnell,Lucy Foster,Studious,2,2.0
Hogan Bushnell,Lucy Foster,Imaginative,2,3.0
Hogan Bushnell,Lucy Foster,Analytic,3,1.0
Hogan Bushnell,Lucy Foster,Independent,3,3.0
Hogan Bushnell,Lucy Foster,Determined,3,3.0
Hogan Bushnell,Lucy Foster,Professional,3,8.0
Hogan Bushnell,Lucy Foster,Studious,3,8.0
Hogan Bushnell,Lucy Foster,Imaginative,3,3.0
Hogan Bushnell,Lucy Foster,Analytic,4,6.0
Hogan Bushnell,Lucy Foster,Independent,4,2.0
Hogan Bushnell,Lucy Foster,Determined,4,5.0
Hogan Bushnell,Lucy Foster,Professional,4,4.0
Hogan Bushnell,Lucy Foster,Studious,4,4.0
Hogan Bushnell,Lucy Foster,Imaginative,4,7.0
Hogan Bushnell,Lucy Foster,Analytic,5,8.0
Hogan Bushnell,Lucy Foster,Independent,5,5.0
Hogan Bushnell,Lucy Foster,Determined,5,4.0
Hogan Bushnell,Lucy Foster,Professional,5,7.0
Hogan Bushnell,Lucy Foster,Studious,5,8.0
Hogan Bushnell,Lucy Foster,Imaginative,5,8.0
Hogan Bushnell,Lucy Foster,Analytic,6,5.0
Hogan Bushnell,Lucy Foster,Independent,6,7.0
Hogan Bushnell,Lucy Foster,Determined,6,5.0
Hogan Bushnell,Lucy Foster,Professional,6,5.0
Hogan Bushnell,Lucy Foster,Studious,6,5.0
Hogan Bushnell,Lucy Foster,Imaginative,6,3.0
Hogan Bushnell,Lucy Foster,Analytic,7,7.0
Hogan Bushnell,Lucy Foster,Independent,7,8.0
Hogan Bushnell,Lucy Foster,Determined,7,3.0
Hogan Bushnell,Lucy Foster,Professional,7,4.0
Hogan Bushnell,Lucy Foster,Studious,7,7.0
Hogan Bushnell,Lucy Foster,Imaginative,7,8.0
Hogan Bushnell,Lucy Foster,Analytic,8,8.0
Hogan Bushnell,Lucy Foster,Independent,8,7.0
Hogan Bushnell,Lucy Foster,Determined,8,8.0
Hogan Bushnell,Lucy Foster,Professional,8,4.0
Hogan Bushnell,Lucy Foster,Studious,8,8.0
Hogan Bushnell,Lucy Foster,Imaginative,8,8.0
Hogan Bushnell,Lucy Foster,Analytic,9,8.0
Hogan Bushnell,Lucy Foster,Independent,9,8.0
Hogan Bushnell,Lucy Foster,Determined,9,8.0
Hogan Bushnell,Lucy Foster,Professional,9,8.0
Hogan Bushnell,Lucy Foster,Studious,9,8.0
Hogan Bushnell,Lucy Foster,Imaginative,9,8.0
Hogan Bushnell,Lucy Foster,Analytic,10,8.0
Hogan Bushnell,Lucy Foster,Independent,10,8.0
Hogan Bushnell,Lucy Foster,Determined,10,8.0
Hogan Bushnell,Lucy Foster,Professional,10,8.0
Hogan Bushnell,Lucy Foster,Studious,10,5.0
Hogan Bushnell,Lucy Foster,Imaginative,10,8.0
Scott Duny,Lucy Foster,Analytic,1,1.0
Scott Duny,Lucy Foster,Independent,1,7.0
Scott Duny,Lucy Foster,Determined,1,5.0
Scott Duny,Lucy Foster,Professional,1,1.0
Scott Duny,Lucy Foster,Studious,1,1.0
Scott Duny,Lucy Foster,Imaginative,1,3.0
Scott Duny,Lucy Foster,Analytic,2,3.0
Scott Duny,Lucy Foster,Independent,2,2.0
Scott Duny,Lucy Foster,Determined,2,2.0
Scott Duny,Lucy Foster,Professional,2,3.0
Scott Duny,Lucy Foster,Studious,2,4.0
Scott Duny,Lucy Foster,Imaginative,2,1.0
Scott Duny,Lucy Foster,Analytic,3,2.0
Scott Duny,Lucy Foster,Independent,3,5.0
Scott Duny,Lucy Foster,Determined,3,1.0
Scott Duny,Lucy Foster,Professional,3,2.0
Scott Duny,Lucy Foster,Studious,3,1.0
Scott Duny,Lucy Foster,Imaginative,3,3.0
Scott Duny,Lucy Foster,Analytic,4,7.0
Scott Duny,Lucy Foster,Independent,4,7.0
Scott Duny,Lucy Foster,Determined,4,7.0
Scott Duny,Lucy Foster,Professional,4,6.0
Scott Duny,Lucy Foster,Studious,4,5.0
Scott Duny,Lucy Foster,Imaginative,4,4.0
Scott Duny,Lucy Foster,Analytic,5,7.0
Scott Duny,Lucy Foster,Independent,5,7.0
Scott Duny,Lucy Foster,Determined,5,6.0
Scott Duny,Lucy Foster,Professional,5,7.0
Scott Duny,Lucy Foster,Studious,5,6.0
Scott Duny,Lucy Foster,Imaginative,5,8.0
Scott Duny,Lucy Foster,Analytic,6,5.0
Scott Duny,Lucy Foster,Independent,6,2.0
Scott Duny,Lucy Foster,Determined,6,7.0
Scott Duny,Lucy Foster,Professional,6,7.0
Scott Duny,Lucy Foster,Studious,6,3.0
Scott Duny,Lucy Foster,Imaginative,6,5.0
Scott Duny,Lucy Foster,Analytic,7,8.0
Scott Duny,Lucy Foster,Independent,7,5.0
Scott Duny,Lucy Foster,Determined,7,5.0
Scott Duny,Lucy Foster,Professional,7,8.0
Scott Duny,Lucy Foster,Studious,7,7.0
Scott Duny,Lucy Foster,Imaginative,7,8.0
Scott Duny,Lucy Foster,Analytic,8,8.0
Scott Duny,Lucy Foster,Independent,8,8.0
Scott Duny,Lucy Foster,Determined,8,8.0
Scott Duny,Lucy Foster,Professional,8,8.0
Scott Duny,Lucy Foster,Studious,8,4.0
Scott Duny,Lucy Foster,Imaginative,8,4.0
Scott Duny,Lucy Foster,Analytic,9,8.0
Scott Duny,Lucy Foster,Independent,9,8.0
Scott Duny,Lucy Foster,Determined,9,8.0
Scott Duny,Lucy Foster,Professional,9,2.0
Scott Duny,Lucy Foster,Studious,9,8.0
Scott Duny,Lucy Foster,Imaginative,9,8.0
Scott Duny,Lucy Foster,Analytic,10,8.0
Scott Duny,Lucy Foster,Independent,10,8.0
Scott Duny,Lucy Foster,Determined,10,8.0
Scott Duny,Lucy Foster,Professional,10,8.0
Scott Duny,Lucy Foster,Studious,10,8.0
Scott Duny,Lucy Foster,Imaginative,10,8.0
Viv Newby,Lucy Foster,Analytic,1,3.0
Viv Newby,Lucy Foster,Independent,1,3.0
Viv Newby,Lucy Foster,Determined,1,1.0
Viv Newby,Lucy Foster,Professional,1,3.0
Viv Newby,Lucy Foster,Studious,1,2.0
Viv Newby,Lucy Foster,Imaginative,1,5.0
Viv Newby,Lucy Foster,Analytic,2,5.0
Viv Newby,Lucy Foster,Independent,2,1.0
Viv Newby,Lucy Foster,Determined,2,1.0
Viv Newby,Lucy Foster,Professional,2,4.0
Viv Newby,Lucy Foster,Studious,2,4.0
Viv Newby,Lucy Foster,Imaginative,2,1.0
Viv Newby,Lucy Foster,Analytic,3,4.0
Viv Newby,Lucy Foster,Independent,3,7.0
Viv Newby,Lucy Foster,Determined,3,1.0
Viv Newby,Lucy Foster,Professional,3,2.0
Viv Newby,Lucy Foster,Studious,3,3.0
Viv Newby,Lucy Foster,Imaginative,3,4.0
Viv Newby,Lucy Foster,Analytic,4,5.0
Viv Newby,Lucy Foster,Independent,4,3.0
Viv Newby,Lucy Foster,Determined,4,7.0
Viv Newby,Lucy Foster,Professional,4,8.0
Viv Newby,Lucy Foster,Studious,4,7.0
Viv Newby,Lucy Foster,Imaginative,4,8.0
Viv Newby,Lucy Foster,Analytic,5,6.0
Viv Newby,Lucy Foster,Independent,5,8.0
Viv Newby,Lucy Foster,Determined,5,7.0
Viv Newby,Lucy Foster,Professional,5,5.0
Viv Newby,Lucy Foster,Studious,5,4.0
Viv Newby,Lucy Foster,Imaginative,5,7.0
Viv Newby,Lucy Foster,Analytic,6,5.0
Viv Newby,Lucy Foster,Independent,6,8.0
Viv Newby,Lucy Foster,Determined,6,8.0
Viv Newby,Lucy Foster,Professional,6,3.0
Viv Newby,Lucy Foster,Studious,6,3.0
Viv Newby,Lucy Foster,Imaginative,6,2.0
Viv Newby,Lucy Foster,Analytic,7,8.0
Viv Newby,Lucy Foster,Independent,7,6.0
Viv Newby,Lucy Foster,Determined,7,3.0
Viv Newby,Lucy Foster,Professional,7,8.0
Viv Newby,Lucy Foster,Studious,7,8.0
Viv Newby,Lucy Foster,Imaginative,7,8.0
Viv Newby,Lucy Foster,Analytic,8,8.0
Viv Newby,Lucy Foster,Independent,8,6.0
Viv Newby,Lucy Foster,Determined,8,7.0
Viv Newby,Lucy Foster,Professional,8,5.0
Viv Newby,Lucy Foster,Studious,8,8.0
Viv Newby,Lucy Foster,Imaginative,8,8.0
Viv Newby,Lucy Foster,Analytic,9,8.0
Viv Newby,Lucy Foster,Independent,9,8.0
Viv Newby,Lucy Foster,Determined,9,8.0
Viv Newby,Lucy Foster,Professional,9,8.0
Viv Newby,Lucy Foster,Studious,9,8.0
Viv Newby,Lucy Foster,Imaginative,9,4.0
Viv Newby,Lucy Foster,Analytic,10,8.0
Viv Newby,Lucy Foster,Independent,10,8.0
Viv Newby,Lucy Foster,Determined,10,8.0
Viv Newby,Lucy Foster,Professional,10,8.0
Viv Newby,Lucy Foster,Studious,10,8.0
Viv Newby,Lucy Foster,Imaginative,10,8.0
Louise Dowse,Lucy Foster,Analytic,1,3.0
Louise Dowse,Lucy Foster,Independent,1,1.0
Louise Dowse,Lucy Foster,Determined,1,7.0
Louise Dowse,Lucy Foster,Professional,1,1.0
Louise Dowse,Lucy Foster,Studious,1,1.0
Louise Dowse,Lucy Foster,Imaginative,1,4.0
Louise Dowse,Lucy Foster,Analytic,2,3.0
Louise Dowse,Lucy Foster,Independent,2,5.0
Louise Dowse,Lucy Foster,Determined,2,6.0
Louise Dowse,Lucy Foster,Professional,2,2.0
Louise Dowse,Lucy Foster,Studious,2,6.0
Louise Dowse,Lucy Foster,Imaginative,2,4.0
Louise Dowse,Lucy Foster,Analytic,3,2.0
Louise Dowse,Lucy Foster,Independent,3,2.0
Louise Dowse,Lucy Foster,Determined,3,6.0
Louise Dowse,Lucy Foster,Professional,3,3.0
Louise Dowse,Lucy Foster,Studious,3,4.0
Louise Dowse,Lucy Foster,Imaginative,3,2.0
Louise Dowse,Lucy Foster,Analytic,4,7.0
Louise Dowse,Lucy Foster,Independent,4,5.0
Louise Dowse,Lucy Foster,Determined,4,7.0
Louise Dowse,Lucy Foster,Professional,4,4.0
Louise Dowse,Lucy Foster,Studious,4,6.0
Louise Dowse,Lucy Foster,Imaginative,4,8.0
Louise Dowse,Lucy Foster,Analytic,5,8.0
Louise Dowse,Lucy Foster,Independent,5,2.0
Louise Dowse,Lucy Foster,Determined,5,4.0
Louise Dowse,Lucy Foster,Professional,5,8.0
Louise Dowse,Lucy Foster,Studious,5,4.0
Louise Dowse,Lucy Foster,Imaginative,5,5.0
Louise Dowse,Lucy Foster,Analytic,6,6.0
Louise Dowse,Lucy Foster,Independent,6,3.0
Louise Dowse,Lucy Foster,Determined,6,8.0
Louise Dowse,Lucy Foster,Professional,6,6.0
Louise Dowse,Lucy Foster,Studious,6,4.0
Louise Dowse,Lucy Foster,Imaginative,6,6.0
Louise Dowse,Lucy Foster,Analytic,7,8.0
Louise Dowse,Lucy Foster,Independent,7,8.0
Louise Dowse,Lucy Foster,Determined,7,8.0
Louise Dowse,Lucy Foster,Professional,7,5.0
Louise Dowse,Lucy Foster,Studious,7,8.0
Louise Dowse,Lucy Foster,Imaginative,7,8.0
Louise Dowse,Lucy Foster,Analytic,8,6.0
Louise Dowse,Lucy Foster,Independent,8,8.0
Louise Dowse,Lucy Foster,Determined,8,8.0
Louise Dowse,Lucy Foster,Professional,8,7.0
Louise Dowse,Lucy Foster,Studious,8,8.0
Louise Dowse,Lucy Foster,Imaginative,8,8.0
Louise Dowse,Lucy Foster,Analytic,9,8.0
Louise Dowse,Lucy Foster,Independent,9,5.0
Louise Dowse,Lucy Foster,Determined,9,5.0
Louise Dowse,Lucy Foster,Professional,9,8.0
Louise Dowse,Lucy Foster,Studious,9,8.0
Louise Dowse,Lucy Foster,Imaginative,9,8.0
Louise Dowse,Lucy Foster,Analytic,10,8.0
Louise Dowse,Lucy Foster,Independent,10,8.0
Louise Dowse,Lucy Foster,Determined,10,8.0
Louise Dowse,Lucy Foster,Professional,10,8.0
Louise Dowse,Lucy Foster,Studious,10,8.0
Louise Dowse,Lucy Foster,Imaginative,10,8.0
Haroun Mccrohon,Lucy Foster,Analytic,1,2.0
Haroun Mccrohon,Lucy Foster,Independent,1,5.0
Haroun Mccrohon,Lucy Foster,Determined,1,3.0
Haroun Mccrohon,Lucy Foster,Professional,1,6.0
Haroun Mccrohon,Lucy Foster,Studious,1,5.0
Haroun Mccrohon,Lucy Foster,Imaginative,1,4.0
Haroun Mccrohon,Lucy Foster,Analytic,2,3.0
Haroun Mccrohon,Lucy Foster,Independent,2,2.0
Haroun Mccrohon,Lucy Foster,Determined,2,1.0
Haroun Mccrohon,Lucy Foster,Professional,2,3.0
Haroun Mccrohon,Lucy Foster,Studious,2,1.0
Haroun Mccrohon,Lucy Foster,Imaginative,2,2.0
Haroun Mccrohon,Lucy Foster,Analytic,3,1.0
Haroun Mccrohon,Lucy Foster,Independent,3,3.0
Haroun Mccrohon,Lucy Foster,Determined,3,3.0
Haroun Mccrohon,Lucy Foster,Professional,3,2.0
Haroun Mccrohon,Lucy Foster,Studious,3,6.0
Haroun Mccrohon,Lucy Foster,Imaginative,3,1.0
Haroun Mccrohon,Lucy Foster,Analytic,4,4.0
Haroun Mccrohon,Lucy Foster,Independent,4,4.0
Haroun Mccrohon,Lucy Foster,Determined,4,2.0
Haroun Mccrohon,Lucy Foster,Professional,4,8.0
Haroun Mccrohon,Lucy Foster,Studious,4,8.0
Haroun Mccrohon,Lucy Foster,Imaginative,4,8.0
Haroun Mccrohon,Lucy Foster,Analytic,5,7.0
Haroun Mccrohon,Lucy Foster,Independent,5,8.0
Haroun Mccrohon,Lucy Foster,Determined,5,7.0
Haroun Mccrohon,Lucy Foster,Professional,5,8.0
Haroun Mccrohon,Lucy Foster,Studious,5,3.0
Haroun Mccrohon,Lucy Foster,Imaginative,5,8.0
Haroun Mccrohon,Lucy Foster,Analytic,6,7.0
Haroun Mccrohon,Lucy Foster,Independent,6,8.0
Haroun Mccrohon,Lucy Foster,Determined,6,7.0
Haroun Mccrohon,Lucy Foster,Professional,6,7.0
Haroun Mccrohon,Lucy Foster,Studious,6,7.0
Haroun Mccrohon,Lucy Foster,Imaginative,6,3.0
Haroun Mccrohon,Lucy Foster,Analytic,7,7.0
Haroun Mccrohon,Lucy Foster,Independent,7,8.0
Haroun Mccrohon,Lucy Foster,Determined,7,8.0
Haroun Mccrohon,Lucy Foster,Professional,7,8.0
Haroun Mccrohon,Lucy Foster,Studious,7,5.0
Haroun Mccrohon,Lucy Foster,Imaginative,7,8.0
Haroun Mccrohon,Lucy Foster,Analytic,8,8.0
Haroun Mccrohon,Lucy Foster,Independent,8,5.0
Haroun Mccrohon,Lucy Foster,Determined,8,8.0
Haroun Mccrohon,Lucy Foster,Professional,8,8.0
Haroun Mccrohon,Lucy Foster,Studious,8,8.0
Haroun Mccrohon,Lucy Foster,Imaginative,8,8.0
Haroun Mccrohon,Lucy Foster,Analytic,9,8.0
Haroun Mccrohon,Lucy Foster,Independent,9,8.0
Haroun Mccrohon,Lucy Foster,Determined,9,7.0
Haroun Mccrohon,Lucy Foster,Professional,9,8.0
Haroun Mccrohon,Lucy Foster,Studious,9,8.0
Haroun Mccrohon,Lucy Foster,Imaginative,9,8.0
Haroun Mccrohon,Lucy Foster,Analytic,10,8.0
Haroun Mccrohon,Lucy Foster,Independent,10,8.0
Haroun Mccrohon,Lucy Foster,Determined,10,8.0
Haroun Mccrohon,Lucy Foster,Professional,10,8.0
Haroun Mccrohon,Lucy Foster,Studious,10,8.0
Haroun Mccrohon,Lucy Foster,Imaginative,10,8.0
Devan Claricoats,Lucy Foster,Analytic,1,3.0
Devan Claricoats,Lucy Foster,Independent,1,2.0
Devan Claricoats,Lucy Foster,Determined,1,2.0
Devan Claricoats,Lucy Foster,Professional,1,4.0
Devan Claricoats,Lucy Foster,Studious,1,4.0
Devan Claricoats,Lucy Foster,Imaginative,1,4.0
Devan Claricoats,Lucy Foster,Analytic,2,2.0
Devan Claricoats,Lucy Foster,Independent,2,2.0
Devan Claricoats,Lucy Foster,Determined,2,2.0
Devan Claricoats,Lucy Foster,Professional,2,1.0
Devan Claricoats,Lucy Foster,Studious,2,5.0
Devan Claricoats,Lucy Foster,Imaginative,2,3.0
Devan Claricoats,Lucy Foster,Analytic,3,2.0
Devan Claricoats,Lucy Foster,Independent,3,3.0
Devan Claricoats,Lucy Foster,Determined,3,5.0
Devan Claricoats,Lucy Foster,Professional,3,1.0
Devan Claricoats,Lucy Foster,Studious,3,1.0
Devan Claricoats,Lucy Foster,Imaginative,3,2.0
Devan Claricoats,Lucy Foster,Analytic,4,5.0
Devan Claricoats,Lucy Foster,Independent,4,8.0
Devan Claricoats,Lucy Foster,Determined,4,5.0
Devan Claricoats,Lucy Foster,Professional,4,8.0
Devan Claricoats,Lucy Foster,Studious,4,5.0
Devan Claricoats,Lucy Foster,Imaginative,4,6.0
Devan Claricoats,Lucy Foster,Analytic,5,5.0
Devan Claricoats,Lucy Foster,Independent,5,7.0
Devan Claricoats,Lucy Foster,Determined,5,3.0
Devan Claricoats,Lucy Foster,Professional,5,6.0
Devan Claricoats,Lucy Foster,Studious,5,6.0
Devan Claricoats,Lucy Foster,Imaginative,5,5.0
Devan Claricoats,Lucy Foster,Analytic,6,5.0
Devan Claricoats,Lucy Foster,Independent,6,4.0
Devan Claricoats,Lucy Foster,Determined,6,8.0
Devan Claricoats,Lucy Foster,Professional,6,7.0
Devan Claricoats,Lucy Foster,Studious,6,8.0
Devan Claricoats,Lucy Foster,Imaginative,6,1.0
Devan Claricoats,Lucy Foster,Analytic,7,8.0
Devan Claricoats,Lucy Foster,Independent,7,8.0
Devan Claricoats,Lucy Foster,Determined,7,8.0
Devan Claricoats,Lucy Foster,Professional,7,8.0
Devan Claricoats,Lucy Foster,Studious,7,7.0
Devan Claricoats,Lucy Foster,Imaginative,7,8.0
Devan Claricoats,Lucy Foster,Analytic,8,6.0
Devan Claricoats,Lucy Foster,Independent,8,8.0
Devan Claricoats,Lucy Foster,Determined,8,8.0
Devan Claricoats,Lucy Foster,Professional,8,8.0
Devan Claricoats,Lucy Foster,Studious,8,8.0
Devan Claricoats,Lucy Foster,Imaginative,8,4.0
Devan Claricoats,Lucy Foster,Analytic,9,7.0
Devan Claricoats,Lucy Foster,Independent,9,8.0
Devan Claricoats,Lucy Foster,Determined,9,8.0
Devan Claricoats,Lucy Foster,Professional,9,8.0
Devan Claricoats,Lucy Foster,Studious,9,8.0
Devan Claricoats,Lucy Foster,Imaginative,9,5.0
Devan Claricoats,Lucy Foster,Analytic,10,8.0
Devan Claricoats,Lucy Foster,Independent,10,8.0
Devan Claricoats,Lucy Foster,Determined,10,8.0
Devan Claricoats,Lucy Foster,Professional,10,8.0
Devan Claricoats,Lucy Foster,Studious,10,7.0
Devan Claricoats,Lucy Foster,Imaginative,10,8.0
Matthaeus Audas,Lucy Foster,Analytic,1,5.0
Matthaeus Audas,Lucy Foster,Independent,1,4.0
Matthaeus Audas,Lucy Foster,Determined,1,3.0
Matthaeus Audas,Lucy Foster,Professional,1,3.0
Matthaeus Audas,Lucy Foster,Studious,1,3.0
Matthaeus Audas,Lucy Foster,Imaginative,1,2.0
Matthaeus Audas,Lucy Foster,Analytic,2,1.0
Matthaeus Audas,Lucy Foster,Independent,2,1.0
Matthaeus Audas,Lucy Foster,Determined,2,1.0
Matthaeus Audas,Lucy Foster,Professional,2,4.0
Matthaeus Audas,Lucy Foster,Studious,2,2.0
Matthaeus Audas,Lucy Foster,Imaginative,2,4.0
Matthaeus Audas,Lucy Foster,Analytic,3,2.0
Matthaeus Audas,Lucy Foster,Independent,3,6.0
Matthaeus Audas,Lucy Foster,Determined,3,5.0
Matthaeus Audas,Lucy Foster,Professional,3,1.0
Matthaeus Audas,Lucy Foster,Studious,3,4.0
Matthaeus Audas,Lucy Foster,Imaginative,3,5.0
Matthaeus Audas,Lucy Foster,Analytic,4,8.0
Matthaeus Audas,Lucy Foster,Independent,4,5.0
Matthaeus Audas,Lucy Foster,Determined,4,6.0
Matthaeus Audas,Lucy Foster,Professional,4,4.0
Matthaeus Audas,Lucy Foster,Studious,4,8.0
Matthaeus Audas,Lucy Foster,Imaginative,4,2.0
Matthaeus Audas,Lucy Foster,Analytic,5,2.0
Matthaeus Audas,Lucy Foster,Independent,5,8.0
Matthaeus Audas,Lucy Foster,Determined,5,7.0
Matthaeus Audas,Lucy Foster,Professional,5,8.0
Matthaeus Audas,Lucy Foster,Studious,5,6.0
Matthaeus Audas,Lucy Foster,Imaginative,5,4.0
Matthaeus Audas,Lucy Foster,Analytic,6,8.0
Matthaeus Audas,Lucy Foster,Independent,6,5.0
Matthaeus Audas,Lucy Foster,Determined,6,1.0
Matthaeus Audas,Lucy Foster,Professional,6,6.0
Matthaeus Audas,Lucy Foster,Studious,6,4.0
Matthaeus Audas,Lucy Foster,Imaginative,6,7.0
Matthaeus Audas,Lucy Foster,Analytic,7,8.0
Matthaeus Audas,Lucy Foster,Independent,7,7.0
Matthaeus Audas,Lucy Foster,Determined,7,8.0
Matthaeus Audas,Lucy Foster,Professional,7,7.0
Matthaeus Audas,Lucy Foster,Studious,7,8.0
Matthaeus Audas,Lucy Foster,Imaginative,7,7.0
Matthaeus Audas,Lucy Foster,Analytic,8,7.0
Matthaeus Audas,Lucy Foster,Independent,8,8.0
Matthaeus Audas,Lucy Foster,Determined,8,8.0
Matthaeus Audas,Lucy Foster,Professional,8,8.0
Matthaeus Audas,Lucy Foster,Studious,8,8.0
Matthaeus Audas,Lucy Foster,Imaginative,8,8.0
Matthaeus Audas,Lucy Foster,Analytic,9,8.0
Matthaeus Audas,Lucy Foster,Independent,9,8.0
Matthaeus Audas,Lucy Foster,Determined,9,8.0
Matthaeus Audas,Lucy Foster,Professional,9,5.0
Matthaeus Audas,Lucy Foster,Studious,9,8.0
Matthaeus Audas,Lucy Foster,Imaginative,9,4.0
Matthaeus Audas,Lucy Foster,Analytic,10,8.0
Matthaeus Audas,Lucy Foster,Independent,10,8.0
Matthaeus Audas,Lucy Foster,Determined,10,8.0
Matthaeus Audas,Lucy Foster,Professional,10,8.0
Matthaeus Audas,Lucy Foster,Studious,10,8.0
Matthaeus Audas,Lucy Foster,Imaginative,10,8.0
Halsey Broader,Lucy Foster,Analytic,1,2.0
Halsey Broader,Lucy Foster,Independent,1,1.0
Halsey Broader,Lucy Foster,Determined,1,1.0
Halsey Broader,Lucy Foster,Professional,1,6.0
Halsey Broader,Lucy Foster,Studious,1,3.0
Halsey Broader,Lucy Foster,Imaginative,1,2.0
Halsey Broader,Lucy Foster,Analytic,2,6.0
Halsey Broader,Lucy Foster,Independent,2,6.0
Halsey Broader,Lucy Foster,Determined,2,3.0
Halsey Broader,Lucy Foster,Professional,2,3.0
Halsey Broader,Lucy Foster,Studious,2,2.0
Halsey Broader,Lucy Foster,Imaginative,2,1.0
Halsey Broader,Lucy Foster,Analytic,3,3.0
Halsey Broader,Lucy Foster,Independent,3,6.0
Halsey Broader,Lucy Foster,Determined,3,7.0
Halsey Broader,Lucy Foster,Professional,3,5.0
Halsey Broader,Lucy Foster,Studious,3,2.0
Halsey Broader,Lucy Foster,Imaginative,3,1.0
Halsey Broader,Lucy Foster,Analytic,4,7.0
Halsey Broader,Lucy Foster,Independent,4,6.0
Halsey Broader,Lucy Foster,Determined,4,6.0
Halsey Broader,Lucy Foster,Professional,4,6.0
Halsey Broader,Lucy Foster,Studious,4,8.0
Halsey Broader,Lucy Foster,Imaginative,4,3.0
Halsey Broader,Lucy Foster,Analytic,5,2.0
Halsey Broader,Lucy Foster,Independent,5,5.0
Halsey Broader,Lucy Foster,Determined,5,7.0
Halsey Broader,Lucy Foster,Professional,5,6.0
Halsey Broader,Lucy Foster,Studious,5,6.0
Halsey Broader,Lucy Foster,Imaginative,5,4.0
Halsey Broader,Lucy Foster,Analytic,6,7.0
Halsey Broader,Lucy Foster,Independent,6,4.0
Halsey Broader,Lucy Foster,Determined,6,8.0
Halsey Broader,Lucy Foster,Professional,6,3.0
Halsey Broader,Lucy Foster,Studious,6,3.0
Halsey Broader,Lucy Foster,Imaginative,6,8.0
Halsey Broader,Lucy Foster,Analytic,7,8.0
Halsey Broader,Lucy Foster,Independent,7,8.0
Halsey Broader,Lucy Foster,Determined,7,8.0
Halsey Broader,Lucy Foster,Professional,7,6.0
Halsey Broader,Lucy Foster,Studious,7,8.0
Halsey Broader,Lucy Foster,Imaginative,7,8.0
Halsey Broader,Lucy Foster,Analytic,8,8.0
Halsey Broader,Lucy Foster,Independent,8,5.0
Halsey Broader,Lucy Foster,Determined,8,8.0
Halsey Broader,Lucy Foster,Professional,8,8.0
Halsey Broader,Lucy Foster,Studious,8,8.0
Halsey Broader,Lucy Foster,Imaginative,8,8.0
Halsey Broader,Lucy Foster,Analytic,9,8.0
Halsey Broader,Lucy Foster,Independent,9,8.0
Halsey Broader,Lucy Foster,Determined,9,6.0
Halsey Broader,Lucy Foster,Professional,9,8.0
Halsey Broader,Lucy Foster,Studious,9,8.0
Halsey Broader,Lucy Foster,Imaginative,9,8.0
Halsey Broader,Lucy Foster,Analytic,10,5.0
Halsey Broader,Lucy Foster,Independent,10,8.0
Halsey Broader,Lucy Foster,Determined,10,8.0
Halsey Broader,Lucy Foster,Professional,10,8.0
Halsey Broader,Lucy Foster,Studious,10,8.0
Halsey Broader,Lucy Foster,Imaginative,10,8.0
Rina Soffe,Lucy Foster,Analytic,1,4.0
Rina Soffe,Lucy Foster,Independent,1,3.0
Rina Soffe,Lucy Foster,Determined,1,4.0
Rina Soffe,Lucy Foster,Professional,1,4.0
Rina Soffe,Lucy Foster,Studious,1,2.0
Rina Soffe,Lucy Foster,Imaginative,1,5.0
Rina Soffe,Lucy Foster,Analytic,2,4.0
Rina Soffe,Lucy Foster,Independent,2,3.0
Rina Soffe,Lucy Foster,Determined,2,4.0
Rina Soffe,Lucy Foster,Professional,2,3.0
Rina Soffe,Lucy Foster,Studious,2,4.0
Rina Soffe,Lucy Foster,Imaginative,2,3.0
Rina Soffe,Lucy Foster,Analytic,3,2.0
Rina Soffe,Lucy Foster,Independent,3,3.0
Rina Soffe,Lucy Foster,Determined,3,2.0
Rina Soffe,Lucy Foster,Professional,3,2.0
Rina Soffe,Lucy Foster,Studious,3,2.0
Rina Soffe,Lucy Foster,Imaginative,3,2.0
Rina Soffe,Lucy Foster,Analytic,4,8.0
Rina Soffe,Lucy Foster,Independent,4,8.0
Rina Soffe,Lucy Foster,Determined,4,8.0
Rina Soffe,Lucy Foster,Professional,4,5.0
Rina Soffe,Lucy Foster,Studious,4,5.0
Rina Soffe,Lucy Foster,Imaginative,4,5.0
Rina Soffe,Lucy Foster,Analytic,5,4.0
Rina Soffe,Lucy Foster,Independent,5,5.0
Rina Soffe,Lucy Foster,Determined,5,8.0
Rina Soffe,Lucy Foster,Professional,5,6.0
Rina Soffe,Lucy Foster,Studious,5,4.0
Rina Soffe,Lucy Foster,Imaginative,5,2.0
Rina Soffe,Lucy Foster,Analytic,6,8.0
Rina Soffe,Lucy Foster,Independent,6,6.0
Rina Soffe,Lucy Foster,Determined,6,3.0
Rina Soffe,Lucy Foster,Professional,6,2.0
Rina Soffe,Lucy Foster,Studious,6,6.0
Rina Soffe,Lucy Foster,Imaginative,6,3.0
Rina Soffe,Lucy Foster,Analytic,7,4.0
Rina Soffe,Lucy Foster,Independent,7,8.0
Rina Soffe,Lucy Foster,Determined,7,8.0
Rina Soffe,Lucy Foster,Professional,7,3.0
Rina Soffe,Lucy Foster,Studious,7,7.0
Rina Soffe,Lucy Foster,Imaginative,7,7.0
Rina Soffe,Lucy Foster,Analytic,8,8.0
Rina Soffe,Lucy Foster,Independent,8,6.0
Rina Soffe,Lucy Foster,Determined,8,8.0
Rina Soffe,Lucy Foster,Professional,8,8.0
Rina Soffe,Lucy Foster,Studious,8,6.0
Rina Soffe,Lucy Foster,Imaginative,8,8.0
Rina Soffe,Lucy Foster,Analytic,9,8.0
Rina Soffe,Lucy Foster,Independent,9,3.0
Rina Soffe,Lucy Foster,Determined,9,8.0
Rina Soffe,Lucy Foster,Professional,9,4.0
Rina Soffe,Lucy Foster,Studious,9,8.0
Rina Soffe,Lucy Foster,Imaginative,9,7.0
Rina Soffe,Lucy Foster,Analytic,10,8.0
Rina Soffe,Lucy Foster,Independent,10,8.0
Rina Soffe,Lucy Foster,Determined,10,8.0
Rina Soffe,Lucy Foster,Professional,10,8.0
Rina Soffe,Lucy Foster,Studious,10,8.0
Rina Soffe,Lucy Foster,Imaginative,10,7.0
Marcy Treat,Gina Cartwright,Analytic,1,6.0
Marcy Treat,Gina Cartwright,Independent,1,5.0
Marcy Treat,Gina Cartwright,Determined,1,2.0
Marcy Treat,Gina Cartwright,Professional,1,2.0
Marcy Treat,Gina Cartwright,Studious,1,4.0
Marcy Treat,Gina Cartwright,Imaginative,1,5.0
Marcy Treat,Gina Cartwright,Analytic,2,5.0
Marcy Treat,Gina Cartwright,Independent,2,3.0
Marcy Treat,Gina Cartwright,Determined,2,4.0
Marcy Treat,Gina Cartwright,Professional,2,3.0
Marcy Treat,Gina Cartwright,Studious,2,2.0
Marcy Treat,Gina Cartwright,Imaginative,2,4.0
Marcy Treat,Gina Cartwright,Analytic,3,3.0
Marcy Treat,Gina Cartwright,Independent,3,1.0
Marcy Treat,Gina Cartwright,Determined,3,2.0
Marcy Treat,Gina Cartwright,Professional,3,2.0
Marcy Treat,Gina Cartwright,Studious,3,2.0
Marcy Treat,Gina Cartwright,Imaginative,3,6.0
Marcy Treat,Gina Cartwright,Analytic,4,3.0
Marcy Treat,Gina Cartwright,Independent,4,4.0
Marcy Treat,Gina Cartwright,Determined,4,7.0
Marcy Treat,Gina Cartwright,Professional,4,6.0
Marcy Treat,Gina Cartwright,Studious,4,6.0
Marcy Treat,Gina Cartwright,Imaginative,4,8.0
Marcy Treat,Gina Cartwright,Analytic,5,6.0
Marcy Treat,Gina Cartwright,Independent,5,6.0
Marcy Treat,Gina Cartwright,Determined,5,2.0
Marcy Treat,Gina Cartwright,Professional,5,8.0
Marcy Treat,Gina Cartwright,Studious,5,8.0
Marcy Treat,Gina Cartwright,Imaginative,5,8.0
Marcy Treat,Gina Cartwright,Analytic,6,3.0
Marcy Treat,Gina Cartwright,Independent,6,7.0
Marcy Treat,Gina Cartwright,Determined,6,2.0
Marcy Treat,Gina Cartwright,Professional,6,6.0
Marcy Treat,Gina Cartwright,Studious,6,4.0
Marcy Treat,Gina Cartwright,Imaginative,6,6.0
Marcy Treat,Gina Cartwright,Analytic,7,5.0
Marcy Treat,Gina Cartwright,Independent,7,8.0
Marcy Treat,Gina Cartwright,Determined,7,8.0
Marcy Treat,Gina Cartwright,Professional,7,7.0
Marcy Treat,Gina Cartwright,Studious,7,8.0
Marcy Treat,Gina Cartwright,Imaginative,7,5.0
Marcy Treat,Gina Cartwright,Analytic,8,8.0
Marcy Treat,Gina Cartwright,Independent,8,8.0
Marcy Treat,Gina Cartwright,Determined,8,8.0
Marcy Treat,Gina Cartwright,Professional,8,7.0
Marcy Treat,Gina Cartwright,Studious,8,8.0
Marcy Treat,Gina Cartwright,Imaginative,8,7.0
Heindrick Mckiddin,Gina Cartwright,Analytic,1,5.0
Heindrick Mckiddin,Gina Cartwright,Independent,1,3.0
Heindrick Mckiddin,Gina Cartwright,Determined,1,2.0
Heindrick Mckiddin,Gina Cartwright,Professional,1,3.0
Heindrick Mckiddin,Gina Cartwright,Studious,1,3.0
Heindrick Mckiddin,Gina Cartwright,Imaginative,1,3.0
Heindrick Mckiddin,Gina Cartwright,Analytic,2,1.0
Heindrick Mckiddin,Gina Cartwright,Independent,2,3.0
Heindrick Mckiddin,Gina Cartwright,Determined,2,3.0
Heindrick Mckiddin,Gina Cartwright,Professional,2,1.0
Heindrick Mckiddin,Gina Cartwright,Studious,2,2.0
Heindrick Mckiddin,Gina Cartwright,Imaginative,2,3.0
Heindrick Mckiddin,Gina Cartwright,Analytic,3,5.0
Heindrick Mckiddin,Gina Cartwright,Independent,3,2.0
Heindrick Mckiddin,Gina Cartwright,Determined,3,7.0
Heindrick Mckiddin,Gina Cartwright,Professional,3,1.0
Heindrick Mckiddin,Gina Cartwright,Studious,3,4.0
Heindrick Mckiddin,Gina Cartwright,Imaginative,3,5.0
Heindrick Mckiddin,Gina Cartwright,Analytic,4,5.0
Heindrick Mckiddin,Gina Cartwright,Independent,4,5.0
Heindrick Mckiddin,Gina Cartwright,Determined,4,8.0
Heindrick Mckiddin,Gina Cartwright,Professional,4,5.0
Heindrick Mckiddin,Gina Cartwright,Studious,4,5.0
Heindrick Mckiddin,Gina Cartwright,Imaginative,4,2.0
Heindrick Mckiddin,Gina Cartwright,Analytic,5,4.0
Heindrick Mckiddin,Gina Cartwright,Independent,5,4.0
Heindrick Mckiddin,Gina Cartwright,Determined,5,8.0
Heindrick Mckiddin,Gina Cartwright,Professional,5,8.0
Heindrick Mckiddin,Gina Cartwright,Studious,5,1.0
Heindrick Mckiddin,Gina Cartwright,Imaginative,5,8.0
Heindrick Mckiddin,Gina Cartwright,Analytic,6,5.0
Heindrick Mckiddin,Gina Cartwright,Independent,6,7.0
Heindrick Mckiddin,Gina Cartwright,Determined,6,6.0
Heindrick Mckiddin,Gina Cartwright,Professional,6,8.0
Heindrick Mckiddin,Gina Cartwright,Studious,6,4.0
Heindrick Mckiddin,Gina Cartwright,Imaginative,6,6.0
Heindrick Mckiddin,Gina Cartwright,Analytic,7,8.0
Heindrick Mckiddin,Gina Cartwright,Independent,7,6.0
Heindrick Mckiddin,Gina Cartwright,Determined,7,8.0
Heindrick Mckiddin,Gina Cartwright,Professional,7,6.0
Heindrick Mckiddin,Gina Cartwright,Studious,7,7.0
Heindrick Mckiddin,Gina Cartwright,Imaginative,7,8.0
Heindrick Mckiddin,Gina Cartwright,Analytic,8,5.0
Heindrick Mckiddin,Gina Cartwright,Independent,8,7.0
Heindrick Mckiddin,Gina Cartwright,Determined,8,5.0
Heindrick Mckiddin,Gina Cartwright,Professional,8,8.0
Heindrick Mckiddin,Gina Cartwright,Studious,8,5.0
Heindrick Mckiddin,Gina Cartwright,Imaginative,8,4.0
Danella Winkett,Gina Cartwright,Analytic,1,6.0
Danella Winkett,Gina Cartwright,Independent,1,3.0
Danella Winkett,Gina Cartwright,Determined,1,6.0
Danella Winkett,Gina Cartwright,Professional,1,1.0
Danella Winkett,Gina Cartwright,Studious,1,1.0
Danella Winkett,Gina Cartwright,Imaginative,1,3.0
Danella Winkett,Gina Cartwright,Analytic,2,3.0
Danella Winkett,Gina Cartwright,Independent,2,7.0
Danella Winkett,Gina Cartwright,Determined,2,1.0
Danella Winkett,Gina Cartwright,Professional,2,2.0
Danella Winkett,Gina Cartwright,Studious,2,5.0
Danella Winkett,Gina Cartwright,Imaginative,2,1.0
Danella Winkett,Gina Cartwright,Analytic,3,3.0
Danella Winkett,Gina Cartwright,Independent,3,1.0
Danella Winkett,Gina Cartwright,Determined,3,2.0
Danella Winkett,Gina Cartwright,Professional,3,3.0
Danella Winkett,Gina Cartwright,Studious,3,4.0
Danella Winkett,Gina Cartwright,Imaginative,3,1.0
Danella Winkett,Gina Cartwright,Analytic,4,3.0
Danella Winkett,Gina Cartwright,Independent,4,8.0
Danella Winkett,Gina Cartwright,Determined,4,4.0
Danella Winkett,Gina Cartwright,Professional,4,7.0
Danella Winkett,Gina Cartwright,Studious,4,5.0
Danella Winkett,Gina Cartwright,Imaginative,4,5.0
Danella Winkett,Gina Cartwright,Analytic,5,3.0
Danella Winkett,Gina Cartwright,Independent,5,4.0
Danella Winkett,Gina Cartwright,Determined,5,4.0
Danella Winkett,Gina Cartwright,Professional,5,1.0
Danella Winkett,Gina Cartwright,Studious,5,7.0
Danella Winkett,Gina Cartwright,Imaginative,5,5.0
Danella Winkett,Gina Cartwright,Analytic,6,2.0
Danella Winkett,Gina Cartwright,Independent,6,5.0
Danella Winkett,Gina Cartwright,Determined,6,7.0
Danella Winkett,Gina Cartwright,Professional,6,7.0
Danella Winkett,Gina Cartwright,Studious,6,8.0
Danella Winkett,Gina Cartwright,Imaginative,6,8.0
Danella Winkett,Gina Cartwright,Analytic,7,3.0
Danella Winkett,Gina Cartwright,Independent,7,7.0
Danella Winkett,Gina Cartwright,Determined,7,8.0
Danella Winkett,Gina Cartwright,Professional,7,6.0
Danella Winkett,Gina Cartwright,Studious,7,8.0
Danella Winkett,Gina Cartwright,Imaginative,7,6.0
Danella Winkett,Gina Cartwright,Analytic,8,8.0
Danella Winkett,Gina Cartwright,Independent,8,8.0
Danella Winkett,Gina Cartwright,Determined,8,8.0
Danella Winkett,Gina Cartwright,Professional,8,8.0
Danella Winkett,Gina Cartwright,Studious,8,8.0
Danella Winkett,Gina Cartwright,Imaginative,8,6.0
Darrin Perrelle,Gina Cartwright,Analytic,1,3.0
Darrin Perrelle,Gina Cartwright,Independent,1,1.0
Darrin Perrelle,Gina Cartwright,Determined,1,2.0
Darrin Perrelle,Gina Cartwright,Professional,1,4.0
Darrin Perrelle,Gina Cartwright,Studious,1,6.0
Darrin Perrelle,Gina Cartwright,Imaginative,1,2.0
Darrin Perrelle,Gina Cartwright,Analytic,2,3.0
Darrin Perrelle,Gina Cartwright,Independent,2,5.0
Darrin Perrelle,Gina Cartwright,Determined,2,7.0
Darrin Perrelle,Gina Cartwright,Professional,2,6.0
Darrin Perrelle,Gina Cartwright,Studious,2,2.0
Darrin Perrelle,Gina Cartwright,Imaginative,2,3.0
Darrin Perrelle,Gina Cartwright,Analytic,3,7.0
Darrin Perrelle,Gina Cartwright,Independent,3,2.0
Darrin Perrelle,Gina Cartwright,Determined,3,2.0
Darrin Perrelle,Gina Cartwright,Professional,3,5.0
Darrin Perrelle,Gina Cartwright,Studious,3,3.0
Darrin Perrelle,Gina Cartwright,Imaginative,3,2.0
Darrin Perrelle,Gina Cartwright,Analytic,4,6.0
Darrin Perrelle,Gina Cartwright,Independent,4,2.0
Darrin Perrelle,Gina Cartwright,Determined,4,6.0
Darrin Perrelle,Gina Cartwright,Professional,4,7.0
Darrin Perrelle,Gina Cartwright,Studious,4,3.0
Darrin Perrelle,Gina Cartwright,Imaginative,4,8.0
Darrin Perrelle,Gina Cartwright,Analytic,5,8.0
Darrin Perrelle,Gina Cartwright,Independent,5,5.0
Darrin Perrelle,Gina Cartwright,Determined,5,4.0
Darrin Perrelle,Gina Cartwright,Professional,5,2.0
Darrin Perrelle,Gina Cartwright,Studious,5,6.0
Darrin Perrelle,Gina Cartwright,Imaginative,5,6.0
Darrin Perrelle,Gina Cartwright,Analytic,6,5.0
Darrin Perrelle,Gina Cartwright,Independent,6,8.0
Darrin Perrelle,Gina Cartwright,Determined,6,8.0
Darrin Perrelle,Gina Cartwright,Professional,6,8.0
Darrin Perrelle,Gina Cartwright,Studious,6,7.0
Darrin Perrelle,Gina Cartwright,Imaginative,6,5.0
Darrin Perrelle,Gina Cartwright,Analytic,7,8.0
Darrin Perrelle,Gina Cartwright,Independent,7,8.0
Darrin Perrelle,Gina Cartwright,Determined,7,8.0
Darrin Perrelle,Gina Cartwright,Professional,7,5.0
Darrin Perrelle,Gina Cartwright,Studious,7,6.0
Darrin Perrelle,Gina Cartwright,Imaginative,7,6.0
Darrin Perrelle,Gina Cartwright,Analytic,8,3.0
Darrin Perrelle,Gina Cartwright,Independent,8,8.0
Darrin Perrelle,Gina Cartwright,Determined,8,2.0
Darrin Perrelle,Gina Cartwright,Professional,8,7.0
Darrin Perrelle,Gina Cartwright,Studious,8,8.0
Darrin Perrelle,Gina Cartwright,Imaginative,8,8.0
Janelle Forbear,Gina Cartwright,Analytic,1,1.0
Janelle Forbear,Gina Cartwright,Independent,1,4.0
Janelle Forbear,Gina Cartwright,Determined,1,1.0
Janelle Forbear,Gina Cartwright,Professional,1,3.0
Janelle Forbear,Gina Cartwright,Studious,1,4.0
Janelle Forbear,Gina Cartwright,Imaginative,1,6.0
Janelle Forbear,Gina Cartwright,Analytic,2,2.0
Janelle Forbear,Gina Cartwright,Independent,2,1.0
Janelle Forbear,Gina Cartwright,Determined,2,2.0
Janelle Forbear,Gina Cartwright,Professional,2,3.0
Janelle Forbear,Gina Cartwright,Studious,2,4.0
Janelle Forbear,Gina Cartwright,Imaginative,2,2.0
Janelle Forbear,Gina Cartwright,Analytic,3,3.0
Janelle Forbear,Gina Cartwright,Independent,3,5.0
Janelle Forbear,Gina Cartwright,Determined,3,2.0
Janelle Forbear,Gina Cartwright,Professional,3,3.0
Janelle Forbear,Gina Cartwright,Studious,3,1.0
Janelle Forbear,Gina Cartwright,Imaginative,3,2.0
Janelle Forbear,Gina Cartwright,Analytic,4,8.0
Janelle Forbear,Gina Cartwright,Independent,4,8.0
Janelle Forbear,Gina Cartwright,Determined,4,8.0
Janelle Forbear,Gina Cartwright,Professional,4,1.0
Janelle Forbear,Gina Cartwright,Studious,4,8.0
Janelle Forbear,Gina Cartwright,Imaginative,4,4.0
Janelle Forbear,Gina Cartwright,Analytic,5,6.0
Janelle Forbear,Gina Cartwright,Independent,5,7.0
Janelle Forbear,Gina Cartwright,Determined,5,7.0
Janelle Forbear,Gina Cartwright,Professional,5,7.0
Janelle Forbear,Gina Cartwright,Studious,5,7.0
Janelle Forbear,Gina Cartwright,Imaginative,5,7.0
Janelle Forbear,Gina Cartwright,Analytic,6,8.0
Janelle Forbear,Gina Cartwright,Independent,6,8.0
Janelle Forbear,Gina Cartwright,Determined,6,4.0
Janelle Forbear,Gina Cartwright,Professional,6,7.0
Janelle Forbear,Gina Cartwright,Studious,6,6.0
Janelle Forbear,Gina Cartwright,Imaginative,6,4.0
Janelle Forbear,Gina Cartwright,Analytic,7,8.0
Janelle Forbear,Gina Cartwright,Independent,7,8.0
Janelle Forbear,Gina Cartwright,Determined,7,8.0
Janelle Forbear,Gina Cartwright,Professional,7,7.0
Janelle Forbear,Gina Cartwright,Studious,7,8.0
Janelle Forbear,Gina Cartwright,Imaginative,7,6.0
Janelle Forbear,Gina Cartwright,Analytic,8,8.0
Janelle Forbear,Gina Cartwright,Independent,8,8.0
Janelle Forbear,Gina Cartwright,Determined,8,8.0
Janelle Forbear,Gina Cartwright,Professional,8,7.0
Janelle Forbear,Gina Cartwright,Studious,8,8.0
Janelle Forbear,Gina Cartwright,Imaginative,8,8.0
Sorcha Argue,Gina Cartwright,Analytic,1,1.0
Sorcha Argue,Gina Cartwright,Independent,1,4.0
Sorcha Argue,Gina Cartwright,Determined,1,2.0
Sorcha Argue,Gina Cartwright,Professional,1,4.0
Sorcha Argue,Gina Cartwright,Studious,1,5.0
Sorcha Argue,Gina Cartwright,Imaginative,1,6.0
Sorcha Argue,Gina Cartwright,Analytic,2,2.0
Sorcha Argue,Gina Cartwright,Independent,2,1.0
Sorcha Argue,Gina Cartwright,Determined,2,1.0
Sorcha Argue,Gina Cartwright,Professional,2,2.0
Sorcha Argue,Gina Cartwright,Studious,2,6.0
Sorcha Argue,Gina Cartwright,Imaginative,2,6.0
Sorcha Argue,Gina Cartwright,Analytic,3,3.0
Sorcha Argue,Gina Cartwright,Independent,3,5.0
Sorcha Argue,Gina Cartwright,Determined,3,3.0
Sorcha Argue,Gina Cartwright,Professional,3,2.0
Sorcha Argue,Gina Cartwright,Studious,3,2.0
Sorcha Argue,Gina Cartwright,Imaginative,3,2.0
Sorcha Argue,Gina Cartwright,Analytic,4,8.0
Sorcha Argue,Gina Cartwright,Independent,4,3.0
Sorcha Argue,Gina Cartwright,Determined,4,8.0
Sorcha Argue,Gina Cartwright,Professional,4,7.0
Sorcha Argue,Gina Cartwright,Studious,4,8.0
Sorcha Argue,Gina Cartwright,Imaginative,4,7.0
Sorcha Argue,Gina Cartwright,Analytic,5,4.0
Sorcha Argue,Gina Cartwright,Independent,5,6.0
Sorcha Argue,Gina Cartwright,Determined,5,7.0
Sorcha Argue,Gina Cartwright,Professional,5,6.0
Sorcha Argue,Gina Cartwright,Studious,5,5.0
Sorcha Argue,Gina Cartwright,Imaginative,5,7.0
Sorcha Argue,Gina Cartwright,Analytic,6,4.0
Sorcha Argue,Gina Cartwright,Independent,6,6.0
Sorcha Argue,Gina Cartwright,Determined,6,8.0
Sorcha Argue,Gina Cartwright,Professional,6,5.0
Sorcha Argue,Gina Cartwright,Studious,6,5.0
Sorcha Argue,Gina Cartwright,Imaginative,6,6.0
Sorcha Argue,Gina Cartwright,Analytic,7,8.0
Sorcha Argue,Gina Cartwright,Independent,7,8.0
Sorcha Argue,Gina Cartwright,Determined,7,6.0
Sorcha Argue,Gina Cartwright,Professional,7,8.0
Sorcha Argue,Gina Cartwright,Studious,7,8.0
Sorcha Argue,Gina Cartwright,Imaginative,7,8.0
Sorcha Argue,Gina Cartwright,Analytic,8,6.0
Sorcha Argue,Gina Cartwright,Independent,8,8.0
Sorcha Argue,Gina Cartwright,Determined,8,8.0
Sorcha Argue,Gina Cartwright,Professional,8,8.0
Sorcha Argue,Gina Cartwright,Studious,8,8.0
Sorcha Argue,Gina Cartwright,Imaginative,8,8.0
Toddie Rubanenko,Gina Cartwright,Analytic,1,6.0
Toddie Rubanenko,Gina Cartwright,Independent,1,1.0
Toddie Rubanenko,Gina Cartwright,Determined,1,3.0
Toddie Rubanenko,Gina Cartwright,Professional,1,4.0
Toddie Rubanenko,Gina Cartwright,Studious,1,3.0
Toddie Rubanenko,Gina Cartwright,Imaginative,1,1.0
Toddie Rubanenko,Gina Cartwright,Analytic,2,1.0
Toddie Rubanenko,Gina Cartwright,Independent,2,1.0
Toddie Rubanenko,Gina Cartwright,Determined,2,4.0
Toddie Rubanenko,Gina Cartwright,Professional,2,4.0
Toddie Rubanenko,Gina Cartwright,Studious,2,6.0
Toddie Rubanenko,Gina Cartwright,Imaginative,2,1.0
Toddie Rubanenko,Gina Cartwright,Analytic,3,3.0
Toddie Rubanenko,Gina Cartwright,Independent,3,2.0
Toddie Rubanenko,Gina Cartwright,Determined,3,3.0
Toddie Rubanenko,Gina Cartwright,Professional,3,1.0
Toddie Rubanenko,Gina Cartwright,Studious,3,3.0
Toddie Rubanenko,Gina Cartwright,Imaginative,3,4.0
Toddie Rubanenko,Gina Cartwright,Analytic,4,5.0
Toddie Rubanenko,Gina Cartwright,Independent,4,6.0
Toddie Rubanenko,Gina Cartwright,Determined,4,4.0
Toddie Rubanenko,Gina Cartwright,Professional,4,1.0
Toddie Rubanenko,Gina Cartwright,Studious,4,8.0
Toddie Rubanenko,Gina Cartwright,Imaginative,4,3.0
Toddie Rubanenko,Gina Cartwright,Analytic,5,8.0
Toddie Rubanenko,Gina Cartwright,Independent,5,8.0
Toddie Rubanenko,Gina Cartwright,Determined,5,7.0
Toddie Rubanenko,Gina Cartwright,Professional,5,8.0
Toddie Rubanenko,Gina Cartwright,Studious,5,7.0
Toddie Rubanenko,Gina Cartwright,Imaginative,5,8.0
Toddie Rubanenko,Gina Cartwright,Analytic,6,8.0
Toddie Rubanenko,Gina Cartwright,Independent,6,6.0
Toddie Rubanenko,Gina Cartwright,Determined,6,5.0
Toddie Rubanenko,Gina Cartwright,Professional,6,3.0
Toddie Rubanenko,Gina Cartwright,Studious,6,7.0
Toddie Rubanenko,Gina Cartwright,Imaginative,6,8.0
Toddie Rubanenko,Gina Cartwright,Analytic,7,8.0
Toddie Rubanenko,Gina Cartwright,Independent,7,8.0
Toddie Rubanenko,Gina Cartwright,Determined,7,8.0
Toddie Rubanenko,Gina Cartwright,Professional,7,8.0
Toddie Rubanenko,Gina Cartwright,Studious,7,8.0
Toddie Rubanenko,Gina Cartwright,Imaginative,7,6.0
Toddie Rubanenko,Gina Cartwright,Analytic,8,8.0
Toddie Rubanenko,Gina Cartwright,Independent,8,8.0
Toddie Rubanenko,Gina Cartwright,Determined,8,6.0
Toddie Rubanenko,Gina Cartwright,Professional,8,7.0
Toddie Rubanenko,Gina Cartwright,Studious,8,8.0
Toddie Rubanenko,Gina Cartwright,Imaginative,8,7.0
Selby Floyd,Gina Cartwright,Analytic,1,4.0
Selby Floyd,Gina Cartwright,Independent,1,4.0
Selby Floyd,Gina Cartwright,Determined,1,1.0
Selby Floyd,Gina Cartwright,Professional,1,4.0
Selby Floyd,Gina Cartwright,Studious,1,5.0
Selby Floyd,Gina Cartwright,Imaginative,1,3.0
Selby Floyd,Gina Cartwright,Analytic,2,2.0
Selby Floyd,Gina Cartwright,Independent,2,5.0
Selby Floyd,Gina Cartwright,Determined,2,4.0
Selby Floyd,Gina Cartwright,Professional,2,3.0
Selby Floyd,Gina Cartwright,Studious,2,3.0
Selby Floyd,Gina Cartwright,Imaginative,2,2.0
Selby Floyd,Gina Cartwright,Analytic,3,2.0
Selby Floyd,Gina Cartwright,Independent,3,4.0
Selby Floyd,Gina Cartwright,Determined,3,5.0
Selby Floyd,Gina Cartwright,Professional,3,4.0
Selby Floyd,Gina Cartwright,Studious,3,1.0
Selby Floyd,Gina Cartwright,Imaginative,3,3.0
Selby Floyd,Gina Cartwright,Analytic,4,8.0
Selby Floyd,Gina Cartwright,Independent,4,6.0
Selby Floyd,Gina Cartwright,Determined,4,7.0
Selby Floyd,Gina Cartwright,Professional,4,8.0
Selby Floyd,Gina Cartwright,Studious,4,4.0
Selby Floyd,Gina Cartwright,Imaginative,4,6.0
Selby Floyd,Gina Cartwright,Analytic,5,8.0
Selby Floyd,Gina Cartwright,Independent,5,7.0
Selby Floyd,Gina Cartwright,Determined,5,8.0
Selby Floyd,Gina Cartwright,Professional,5,7.0
Selby Floyd,Gina Cartwright,Studious,5,1.0
Selby Floyd,Gina Cartwright,Imaginative,5,7.0
Selby Floyd,Gina Cartwright,Analytic,6,3.0
Selby Floyd,Gina Cartwright,Independent,6,7.0
Selby Floyd,Gina Cartwright,Determined,6,2.0
Selby Floyd,Gina Cartwright,Professional,6,5.0
Selby Floyd,Gina Cartwright,Studious,6,6.0
Selby Floyd,Gina Cartwright,Imaginative,6,6.0
Selby Floyd,Gina Cartwright,Analytic,7,8.0
Selby Floyd,Gina Cartwright,Independent,7,8.0
Selby Floyd,Gina Cartwright,Determined,7,8.0
Selby Floyd,Gina Cartwright,Professional,7,8.0
Selby Floyd,Gina Cartwright,Studious,7,8.0
Selby Floyd,Gina Cartwright,Imaginative,7,4.0
Selby Floyd,Gina Cartwright,Analytic,8,6.0
Selby Floyd,Gina Cartwright,Independent,8,8.0
Selby Floyd,Gina Cartwright,Determined,8,8.0
Selby Floyd,Gina Cartwright,Professional,8,8.0
Selby Floyd,Gina Cartwright,Studious,8,8.0
Selby Floyd,Gina Cartwright,Imaginative,8,6.0
Claudio Handrick,Gina Cartwright,Analytic,1,4.0
Claudio Handrick,Gina Cartwright,Independent,1,3.0
Claudio Handrick,Gina Cartwright,Determined,1,3.0
Claudio Handrick,Gina Cartwright,Professional,1,1.0
Claudio Handrick,Gina Cartwright,Studious,1,4.0
Claudio Handrick,Gina Cartwright,Imaginative,1,2.0
Claudio Handrick,Gina Cartwright,Analytic,2,1.0
Claudio Handrick,Gina Cartwright,Independent,2,3.0
Claudio Handrick,Gina Cartwright,Determined,2,4.0
Claudio Handrick,Gina Cartwright,Professional,2,2.0
Claudio Handrick,Gina Cartwright,Studious,2,1.0
Claudio Handrick,Gina Cartwright,Imaginative,2,3.0
Claudio Handrick,Gina Cartwright,Analytic,3,1.0
Claudio Handrick,Gina Cartwright,Independent,3,1.0
Claudio Handrick,Gina Cartwright,Determined,3,3.0
Claudio Handrick,Gina Cartwright,Professional,3,4.0
Claudio Handrick,Gina Cartwright,Studious,3,3.0
Claudio Handrick,Gina Cartwright,Imaginative,3,1.0
Claudio Handrick,Gina Cartwright,Analytic,4,7.0
Claudio Handrick,Gina Cartwright,Independent,4,8.0
Claudio Handrick,Gina Cartwright,Determined,4,6.0
Claudio Handrick,Gina Cartwright,Professional,4,6.0
Claudio Handrick,Gina Cartwright,Studious,4,5.0
Claudio Handrick,Gina Cartwright,Imaginative,4,6.0
Claudio Handrick,Gina Cartwright,Analytic,5,8.0
Claudio Handrick,Gina Cartwright,Independent,5,6.0
Claudio Handrick,Gina Cartwright,Determined,5,7.0
Claudio Handrick,Gina Cartwright,Professional,5,8.0
Claudio Handrick,Gina Cartwright,Studious,5,7.0
Claudio Handrick,Gina Cartwright,Imaginative,5,7.0
Claudio Handrick,Gina Cartwright,Analytic,6,8.0
Claudio Handrick,Gina Cartwright,Independent,6,8.0
Claudio Handrick,Gina Cartwright,Determined,6,5.0
Claudio Handrick,Gina Cartwright,Professional,6,4.0
Claudio Handrick,Gina Cartwright,Studious,6,5.0
Claudio Handrick,Gina Cartwright,Imaginative,6,7.0
Claudio Handrick,Gina Cartwright,Analytic,7,8.0
Claudio Handrick,Gina Cartwright,Independent,7,8.0
Claudio Handrick,Gina Cartwright,Determined,7,8.0
Claudio Handrick,Gina Cartwright,Professional,7,4.0
Claudio Handrick,Gina Cartwright,Studious,7,8.0
Claudio Handrick,Gina Cartwright,Imaginative,7,7.0
Claudio Handrick,Gina Cartwright,Analytic,8,8.0
Claudio Handrick,Gina Cartwright,Independent,8,6.0
Claudio Handrick,Gina Cartwright,Determined,8,4.0
Claudio Handrick,Gina Cartwright,Professional,8,4.0
Claudio Handrick,Gina Cartwright,Studious,8,8.0
Claudio Handrick,Gina Cartwright,Imaginative,8,8.0
Kingston Comsty,Gina Cartwright,Analytic,1,2.0
Kingston Comsty,Gina Cartwright,Independent,1,3.0
Kingston Comsty,Gina Cartwright,Determined,1,5.0
Kingston Comsty,Gina Cartwright,Professional,1,4.0
Kingston Comsty,Gina Cartwright,Studious,1,5.0
Kingston Comsty,Gina Cartwright,Imaginative,1,3.0
Kingston Comsty,Gina Cartwright,Analytic,2,2.0
Kingston Comsty,Gina Cartwright,Independent,2,8.0
Kingston Comsty,Gina Cartwright,Determined,2,4.0
Kingston Comsty,Gina Cartwright,Professional,2,2.0
Kingston Comsty,Gina Cartwright,Studious,2,2.0
Kingston Comsty,Gina Cartwright,Imaginative,2,4.0
Kingston Comsty,Gina Cartwright,Analytic,3,3.0
Kingston Comsty,Gina Cartwright,Independent,3,4.0
Kingston Comsty,Gina Cartwright,Determined,3,3.0
Kingston Comsty,Gina Cartwright,Professional,3,3.0
Kingston Comsty,Gina Cartwright,Studious,3,7.0
Kingston Comsty,Gina Cartwright,Imaginative,3,1.0
Kingston Comsty,Gina Cartwright,Analytic,4,7.0
Kingston Comsty,Gina Cartwright,Independent,4,5.0
Kingston Comsty,Gina Cartwright,Determined,4,7.0
Kingston Comsty,Gina Cartwright,Professional,4,6.0
Kingston Comsty,Gina Cartwright,Studious,4,5.0
Kingston Comsty,Gina Cartwright,Imaginative,4,8.0
Kingston Comsty,Gina Cartwright,Analytic,5,4.0
Kingston Comsty,Gina Cartwright,Independent,5,8.0
Kingston Comsty,Gina Cartwright,Determined,5,8.0
Kingston Comsty,Gina Cartwright,Professional,5,8.0
Kingston Comsty,Gina Cartwright,Studious,5,3.0
Kingston Comsty,Gina Cartwright,Imaginative,5,5.0
Kingston Comsty,Gina Cartwright,Analytic,6,7.0
Kingston Comsty,Gina Cartwright,Independent,6,6.0
Kingston Comsty,Gina Cartwright,Determined,6,8.0
Kingston Comsty,Gina Cartwright,Professional,6,4.0
Kingston Comsty,Gina Cartwright,Studious,6,5.0
Kingston Comsty,Gina Cartwright,Imaginative,6,8.0
Kingston Comsty,Gina Cartwright,Analytic,7,8.0
Kingston Comsty,Gina Cartwright,Independent,7,8.0
Kingston Comsty,Gina Cartwright,Determined,7,8.0
Kingston Comsty,Gina Cartwright,Professional,7,8.0
Kingston Comsty,Gina Cartwright,Studious,7,8.0
Kingston Comsty,Gina Cartwright,Imaginative,7,7.0
Kingston Comsty,Gina Cartwright,Analytic,8,8.0
Kingston Comsty,Gina Cartwright,Independent,8,8.0
Kingston Comsty,Gina Cartwright,Determined,8,5.0
Kingston Comsty,Gina Cartwright,Professional,8,8.0
Kingston Comsty,Gina Cartwright,Studious,8,8.0
Kingston Comsty,Gina Cartwright,Imaginative,8,5.0
Benedikt Cohani,Gina Cartwright,Analytic,1,2.0
Benedikt Cohani,Gina Cartwright,Independent,1,1.0
Benedikt Cohani,Gina Cartwright,Determined,1,2.0
Benedikt Cohani,Gina Cartwright,Professional,1,4.0
Benedikt Cohani,Gina Cartwright,Studious,1,1.0
Benedikt Cohani,Gina Cartwright,Imaginative,1,8.0
Benedikt Cohani,Gina Cartwright,Analytic,2,6.0
Benedikt Cohani,Gina Cartwright,Independent,2,1.0
Benedikt Cohani,Gina Cartwright,Determined,2,4.0
Benedikt Cohani,Gina Cartwright,Professional,2,3.0
Benedikt Cohani,Gina Cartwright,Studious,2,1.0
Benedikt Cohani,Gina Cartwright,Imaginative,2,1.0
Benedikt Cohani,Gina Cartwright,Analytic,3,4.0
Benedikt Cohani,Gina Cartwright,Independent,3,6.0
Benedikt Cohani,Gina Cartwright,Determined,3,3.0
Benedikt Cohani,Gina Cartwright,Professional,3,6.0
Benedikt Cohani,Gina Cartwright,Studious,3,3.0
Benedikt Cohani,Gina Cartwright,Imaginative,3,1.0
Benedikt Cohani,Gina Cartwright,Analytic,4,5.0
Benedikt Cohani,Gina Cartwright,Independent,4,6.0
Benedikt Cohani,Gina Cartwright,Determined,4,7.0
Benedikt Cohani,Gina Cartwright,Professional,4,8.0
Benedikt Cohani,Gina Cartwright,Studious,4,8.0
Benedikt Cohani,Gina Cartwright,Imaginative,4,4.0
Benedikt Cohani,Gina Cartwright,Analytic,5,8.0
Benedikt Cohani,Gina Cartwright,Independent,5,8.0
Benedikt Cohani,Gina Cartwright,Determined,5,7.0
Benedikt Cohani,Gina Cartwright,Professional,5,6.0
Benedikt Cohani,Gina Cartwright,Studious,5,6.0
Benedikt Cohani,Gina Cartwright,Imaginative,5,7.0
Benedikt Cohani,Gina Cartwright,Analytic,6,5.0
Benedikt Cohani,Gina Cartwright,Independent,6,8.0
Benedikt Cohani,Gina Cartwright,Determined,6,6.0
Benedikt Cohani,Gina Cartwright,Professional,6,7.0
Benedikt Cohani,Gina Cartwright,Studious,6,3.0
Benedikt Cohani,Gina Cartwright,Imaginative,6,8.0
Benedikt Cohani,Gina Cartwright,Analytic,7,8.0
Benedikt Cohani,Gina Cartwright,Independent,7,8.0
Benedikt Cohani,Gina Cartwright,Determined,7,7.0
Benedikt Cohani,Gina Cartwright,Professional,7,8.0
Benedikt Cohani,Gina Cartwright,Studious,7,5.0
Benedikt Cohani,Gina Cartwright,Imaginative,7,8.0
Benedikt Cohani,Gina Cartwright,Analytic,8,8.0
Benedikt Cohani,Gina Cartwright,Independent,8,8.0
Benedikt Cohani,Gina Cartwright,Determined,8,8.0
Benedikt Cohani,Gina Cartwright,Professional,8,8.0
Benedikt Cohani,Gina Cartwright,Studious,8,8.0
Benedikt Cohani,Gina Cartwright,Imaginative,8,8.0
Morgen Lilywhite,Gina Cartwright,Analytic,1,3.0
Morgen Lilywhite,Gina Cartwright,Independent,1,2.0
Morgen Lilywhite,Gina Cartwright,Determined,1,4.0
Morgen Lilywhite,Gina Cartwright,Professional,1,4.0
Morgen Lilywhite,Gina Cartwright,Studious,1,4.0
Morgen Lilywhite,Gina Cartwright,Imaginative,1,4.0
Morgen Lilywhite,Gina Cartwright,Analytic,2,2.0
Morgen Lilywhite,Gina Cartwright,Independent,2,5.0
Morgen Lilywhite,Gina Cartwright,Determined,2,1.0
Morgen Lilywhite,Gina Cartwright,Professional,2,4.0
Morgen Lilywhite,Gina Cartwright,Studious,2,3.0
Morgen Lilywhite,Gina Cartwright,Imaginative,2,3.0
Morgen Lilywhite,Gina Cartwright,Analytic,3,3.0
Morgen Lilywhite,Gina Cartwright,Independent,3,4.0
Morgen Lilywhite,Gina Cartwright,Determined,3,2.0
Morgen Lilywhite,Gina Cartwright,Professional,3,1.0
Morgen Lilywhite,Gina Cartwright,Studious,3,3.0
Morgen Lilywhite,Gina Cartwright,Imaginative,3,4.0
Morgen Lilywhite,Gina Cartwright,Analytic,4,6.0
Morgen Lilywhite,Gina Cartwright,Independent,4,8.0
Morgen Lilywhite,Gina Cartwright,Determined,4,8.0
Morgen Lilywhite,Gina Cartwright,Professional,4,5.0
Morgen Lilywhite,Gina Cartwright,Studious,4,4.0
Morgen Lilywhite,Gina Cartwright,Imaginative,4,8.0
Morgen Lilywhite,Gina Cartwright,Analytic,5,6.0
Morgen Lilywhite,Gina Cartwright,Independent,5,7.0
Morgen Lilywhite,Gina Cartwright,Determined,5,8.0
Morgen Lilywhite,Gina Cartwright,Professional,5,5.0
Morgen Lilywhite,Gina Cartwright,Studious,5,6.0
Morgen Lilywhite,Gina Cartwright,Imaginative,5,2.0
Morgen Lilywhite,Gina Cartwright,Analytic,6,6.0
Morgen Lilywhite,Gina Cartwright,Independent,6,5.0
Morgen Lilywhite,Gina Cartwright,Determined,6,8.0
Morgen Lilywhite,Gina Cartwright,Professional,6,5.0
Morgen Lilywhite,Gina Cartwright,Studious,6,8.0
Morgen Lilywhite,Gina Cartwright,Imaginative,6,8.0
Morgen Lilywhite,Gina Cartwright,Analytic,7,5.0
Morgen Lilywhite,Gina Cartwright,Independent,7,8.0
Morgen Lilywhite,Gina Cartwright,Determined,7,8.0
Morgen Lilywhite,Gina Cartwright,Professional,7,8.0
Morgen Lilywhite,Gina Cartwright,Studious,7,7.0
Morgen Lilywhite,Gina Cartwright,Imaginative,7,8.0
Morgen Lilywhite,Gina Cartwright,Analytic,8,7.0
Morgen Lilywhite,Gina Cartwright,Independent,8,8.0
Morgen Lilywhite,Gina Cartwright,Determined,8,8.0
Morgen Lilywhite,Gina Cartwright,Professional,8,8.0
Morgen Lilywhite,Gina Cartwright,Studious,8,6.0
Morgen Lilywhite,Gina Cartwright,Imaginative,8,8.0
Job Restall,Gina Cartwright,Analytic,1,3.0
Job Restall,Gina Cartwright,Independent,1,3.0
Job Restall,Gina Cartwright,Determined,1,2.0
Job Restall,Gina Cartwright,Professional,1,2.0
Job Restall,Gina Cartwright,Studious,1,2.0
Job Restall,Gina Cartwright,Imaginative,1,4.0
Job Restall,Gina Cartwright,Analytic,2,2.0
Job Restall,Gina Cartwright,Independent,2,3.0
Job Restall,Gina Cartwright,Determined,2,1.0
Job Restall,Gina Cartwright,Professional,2,5.0
Job Restall,Gina Cartwright,Studious,2,3.0
Job Restall,Gina Cartwright,Imaginative,2,4.0
Job Restall,Gina Cartwright,Analytic,3,1.0
Job Restall,Gina Cartwright,Independent,3,4.0
Job Restall,Gina Cartwright,Determined,3,3.0
Job Restall,Gina Cartwright,Professional,3,2.0
Job Restall,Gina Cartwright,Studious,3,3.0
Job Restall,Gina Cartwright,Imaginative,3,6.0
Job Restall,Gina Cartwright,Analytic,4,6.0
Job Restall,Gina Cartwright,Independent,4,7.0
Job Restall,Gina Cartwright,Determined,4,6.0
Job Restall,Gina Cartwright,Professional,4,8.0
Job Restall,Gina Cartwright,Studious,4,2.0
Job Restall,Gina Cartwright,Imaginative,4,6.0
Job Restall,Gina Cartwright,Analytic,5,8.0
Job Restall,Gina Cartwright,Independent,5,8.0
Job Restall,Gina Cartwright,Determined,5,6.0
Job Restall,Gina Cartwright,Professional,5,6.0
Job Restall,Gina Cartwright,Studious,5,6.0
Job Restall,Gina Cartwright,Imaginative,5,7.0
Job Restall,Gina Cartwright,Analytic,6,8.0
Job Restall,Gina Cartwright,Independent,6,4.0
Job Restall,Gina Cartwright,Determined,6,4.0
Job Restall,Gina Cartwright,Professional,6,6.0
Job Restall,Gina Cartwright,Studious,6,5.0
Job Restall,Gina Cartwright,Imaginative,6,4.0
Job Restall,Gina Cartwright,Analytic,7,8.0
Job Restall,Gina Cartwright,Independent,7,8.0
Job Restall,Gina Cartwright,Determined,7,8.0
Job Restall,Gina Cartwright,Professional,7,6.0
Job Restall,Gina Cartwright,Studious,7,8.0
Job Restall,Gina Cartwright,Imaginative,7,4.0
Job Restall,Gina Cartwright,Analytic,8,8.0
Job Restall,Gina Cartwright,Independent,8,8.0
Job Restall,Gina Cartwright,Determined,8,8.0
Job Restall,Gina Cartwright,Professional,8,7.0
Job Restall,Gina Cartwright,Studious,8,8.0
Job Restall,Gina Cartwright,Imaginative,8,8.0
Wilhelm Jouanet,Gina Cartwright,Analytic,1,1.0
Wilhelm Jouanet,Gina Cartwright,Independent,1,2.0
Wilhelm Jouanet,Gina Cartwright,Determined,1,4.0
Wilhelm Jouanet,Gina Cartwright,Professional,1,3.0
Wilhelm Jouanet,Gina Cartwright,Studious,1,3.0
Wilhelm Jouanet,Gina Cartwright,Imaginative,1,2.0
Wilhelm Jouanet,Gina Cartwright,Analytic,2,5.0
Wilhelm Jouanet,Gina Cartwright,Independent,2,2.0
Wilhelm Jouanet,Gina Cartwright,Determined,2,5.0
Wilhelm Jouanet,Gina Cartwright,Professional,2,4.0
Wilhelm Jouanet,Gina Cartwright,Studious,2,2.0
Wilhelm Jouanet,Gina Cartwright,Imaginative,2,1.0
Wilhelm Jouanet,Gina Cartwright,Analytic,3,1.0
Wilhelm Jouanet,Gina Cartwright,Independent,3,5.0
Wilhelm Jouanet,Gina Cartwright,Determined,3,4.0
Wilhelm Jouanet,Gina Cartwright,Professional,3,3.0
Wilhelm Jouanet,Gina Cartwright,Studious,3,3.0
Wilhelm Jouanet,Gina Cartwright,Imaginative,3,6.0
Wilhelm Jouanet,Gina Cartwright,Analytic,4,7.0
Wilhelm Jouanet,Gina Cartwright,Independent,4,8.0
Wilhelm Jouanet,Gina Cartwright,Determined,4,6.0
Wilhelm Jouanet,Gina Cartwright,Professional,4,8.0
Wilhelm Jouanet,Gina Cartwright,Studious,4,4.0
Wilhelm Jouanet,Gina Cartwright,Imaginative,4,6.0
Wilhelm Jouanet,Gina Cartwright,Analytic,5,8.0
Wilhelm Jouanet,Gina Cartwright,Independent,5,8.0
Wilhelm Jouanet,Gina Cartwright,Determined,5,8.0
Wilhelm Jouanet,Gina Cartwright,Professional,5,6.0
Wilhelm Jouanet,Gina Cartwright,Studious,5,8.0
Wilhelm Jouanet,Gina Cartwright,Imaginative,5,6.0
Wilhelm Jouanet,Gina Cartwright,Analytic,6,8.0
Wilhelm Jouanet,Gina Cartwright,Independent,6,3.0
Wilhelm Jouanet,Gina Cartwright,Determined,6,7.0
Wilhelm Jouanet,Gina Cartwright,Professional,6,3.0
Wilhelm Jouanet,Gina Cartwright,Studious,6,4.0
Wilhelm Jouanet,Gina Cartwright,Imaginative,6,8.0
Wilhelm Jouanet,Gina Cartwright,Analytic,7,6.0
Wilhelm Jouanet,Gina Cartwright,Independent,7,6.0
Wilhelm Jouanet,Gina Cartwright,Determined,7,8.0
Wilhelm Jouanet,Gina Cartwright,Professional,7,7.0
Wilhelm Jouanet,Gina Cartwright,Studious,7,6.0
Wilhelm Jouanet,Gina Cartwright,Imaginative,7,6.0
Wilhelm Jouanet,Gina Cartwright,Analytic,8,8.0
Wilhelm Jouanet,Gina Cartwright,Independent,8,8.0
Wilhelm Jouanet,Gina Cartwright,Determined,8,8.0
Wilhelm Jouanet,Gina Cartwright,Professional,8,8.0
Wilhelm Jouanet,Gina Cartwright,Studious,8,8.0
Wilhelm Jouanet,Gina Cartwright,Imaginative,8,7.0
Malvina Whiteford,Lucy Foster,Analytic,1,3.0
Malvina Whiteford,Lucy Foster,Independent,1,2.0
Malvina Whiteford,Lucy Foster,Determined,1,2.0
Malvina Whiteford,Lucy Foster,Professional,1,6.0
Malvina Whiteford,Lucy Foster,Studious,1,3.0
Malvina Whiteford,Lucy Foster,Imaginative,1,1.0
Malvina Whiteford,Lucy Foster,Analytic,2,2.0
Malvina Whiteford,Lucy Foster,Independent,2,4.0
Malvina Whiteford,Lucy Foster,Determined,2,2.0
Malvina Whiteford,Lucy Foster,Professional,2,2.0
Malvina Whiteford,Lucy Foster,Studious,2,5.0
Malvina Whiteford,Lucy Foster,Imaginative,2,2.0
Malvina Whiteford,Lucy Foster,Analytic,3,1.0
Malvina Whiteford,Lucy Foster,Independent,3,2.0
Malvina Whiteford,Lucy Foster,Determined,3,7.0
Malvina Whiteford,Lucy Foster,Professional,3,2.0
Malvina Whiteford,Lucy Foster,Studious,3,2.0
Malvina Whiteford,Lucy Foster,Imaginative,3,2.0
Malvina Whiteford,Lucy Foster,Analytic,4,8.0
Malvina Whiteford,Lucy Foster,Independent,4,5.0
Malvina Whiteford,Lucy Foster,Determined,4,6.0
Malvina Whiteford,Lucy Foster,Professional,4,7.0
Malvina Whiteford,Lucy Foster,Studious,4,7.0
Malvina Whiteford,Lucy Foster,Imaginative,4,5.0
Malvina Whiteford,Lucy Foster,Analytic,5,6.0
Malvina Whiteford,Lucy Foster,Independent,5,5.0
Malvina Whiteford,Lucy Foster,Determined,5,6.0
Malvina Whiteford,Lucy Foster,Professional,5,3.0
Malvina Whiteford,Lucy Foster,Studious,5,4.0
Malvina Whiteford,Lucy Foster,Imaginative,5,5.0
Malvina Whiteford,Lucy Foster,Analytic,6,6.0
Malvina Whiteford,Lucy Foster,Independent,6,6.0
Malvina Whiteford,Lucy Foster,Determined,6,5.0
Malvina Whiteford,Lucy Foster,Professional,6,7.0
Malvina Whiteford,Lucy Foster,Studious,6,7.0
Malvina Whiteford,Lucy Foster,Imaginative,6,1.0
Malvina Whiteford,Lucy Foster,Analytic,7,7.0
Malvina Whiteford,Lucy Foster,Independent,7,8.0
Malvina Whiteford,Lucy Foster,Determined,7,8.0
Malvina Whiteford,Lucy Foster,Professional,7,4.0
Malvina Whiteford,Lucy Foster,Studious,7,5.0
Malvina Whiteford,Lucy Foster,Imaginative,7,8.0
Malvina Whiteford,Lucy Foster,Analytic,8,8.0
Malvina Whiteford,Lucy Foster,Independent,8,8.0
Malvina Whiteford,Lucy Foster,Determined,8,8.0
Malvina Whiteford,Lucy Foster,Professional,8,7.0
Malvina Whiteford,Lucy Foster,Studious,8,7.0
Malvina Whiteford,Lucy Foster,Imaginative,8,7.0
Malvina Whiteford,Lucy Foster,Analytic,9,8.0
Malvina Whiteford,Lucy Foster,Independent,9,8.0
Malvina Whiteford,Lucy Foster,Determined,9,8.0
Malvina Whiteford,Lucy Foster,Professional,9,6.0
Malvina Whiteford,Lucy Foster,Studious,9,8.0
Malvina Whiteford,Lucy Foster,Imaginative,9,8.0
Malvina Whiteford,Lucy Foster,Analytic,10,8.0
Malvina Whiteford,Lucy Foster,Independent,10,8.0
Malvina Whiteford,Lucy Foster,Determined,10,8.0
Malvina Whiteford,Lucy Foster,Professional,10,6.0
Malvina Whiteford,Lucy Foster,Studious,10,8.0
Malvina Whiteford,Lucy Foster,Imaginative,10,8.0
Belle Catherall,Lucy Foster,Analytic,1,3.0
Belle Catherall,Lucy Foster,Independent,1,5.0
Belle Catherall,Lucy Foster,Determined,1,4.0
Belle Catherall,Lucy Foster,Professional,1,4.0
Belle Catherall,Lucy Foster,Studious,1,1.0
Belle Catherall,Lucy Foster,Imaginative,1,1.0
Belle Catherall,Lucy Foster,Analytic,2,3.0
Belle Catherall,Lucy Foster,Independent,2,8.0
Belle Catherall,Lucy Foster,Determined,2,2.0
Belle Catherall,Lucy Foster,Professional,2,5.0
Belle Catherall,Lucy Foster,Studious,2,1.0
Belle Catherall,Lucy Foster,Imaginative,2,1.0
Belle Catherall,Lucy Foster,Analytic,3,3.0
Belle Catherall,Lucy Foster,Independent,3,1.0
Belle Catherall,Lucy Foster,Determined,3,2.0
Belle Catherall,Lucy Foster,Professional,3,5.0
Belle Catherall,Lucy Foster,Studious,3,1.0
Belle Catherall,Lucy Foster,Imaginative,3,4.0
Belle Catherall,Lucy Foster,Analytic,4,4.0
Belle Catherall,Lucy Foster,Independent,4,8.0
Belle Catherall,Lucy Foster,Determined,4,7.0
Belle Catherall,Lucy Foster,Professional,4,6.0
Belle Catherall,Lucy Foster,Studious,4,8.0
Belle Catherall,Lucy Foster,Imaginative,4,5.0
Belle Catherall,Lucy Foster,Analytic,5,8.0
Belle Catherall,Lucy Foster,Independent,5,5.0
Belle Catherall,Lucy Foster,Determined,5,4.0
Belle Catherall,Lucy Foster,Professional,5,4.0
Belle Catherall,Lucy Foster,Studious,5,1.0
Belle Catherall,Lucy Foster,Imaginative,5,7.0
Belle Catherall,Lucy Foster,Analytic,6,4.0
Belle Catherall,Lucy Foster,Independent,6,7.0
Belle Catherall,Lucy Foster,Determined,6,5.0
Belle Catherall,Lucy Foster,Professional,6,6.0
Belle Catherall,Lucy Foster,Studious,6,5.0
Belle Catherall,Lucy Foster,Imaginative,6,4.0
Belle Catherall,Lucy Foster,Analytic,7,8.0
Belle Catherall,Lucy Foster,Independent,7,8.0
Belle Catherall,Lucy Foster,Determined,7,8.0
Belle Catherall,Lucy Foster,Professional,7,8.0
Belle Catherall,Lucy Foster,Studious,7,8.0
Belle Catherall,Lucy Foster,Imaginative,7,6.0
Belle Catherall,Lucy Foster,Analytic,8,4.0
Belle Catherall,Lucy Foster,Independent,8,2.0
Belle Catherall,Lucy Foster,Determined,8,6.0
Belle Catherall,Lucy Foster,Professional,8,8.0
Belle Catherall,Lucy Foster,Studious,8,8.0
Belle Catherall,Lucy Foster,Imaginative,8,8.0
Belle Catherall,Lucy Foster,Analytic,9,8.0
Belle Catherall,Lucy Foster,Independent,9,8.0
Belle Catherall,Lucy Foster,Determined,9,8.0
Belle Catherall,Lucy Foster,Professional,9,8.0
Belle Catherall,Lucy Foster,Studious,9,4.0
Belle Catherall,Lucy Foster,Imaginative,9,7.0
Belle Catherall,Lucy Foster,Analytic,10,8.0
Belle Catherall,Lucy Foster,Independent,10,7.0
Belle Catherall,Lucy Foster,Determined,10,8.0
Belle Catherall,Lucy Foster,Professional,10,8.0
Belle Catherall,Lucy Foster,Studious,10,8.0
Belle Catherall,Lucy Foster,Imaginative,10,8.0
Ortensia Winscomb,Lucy Foster,Analytic,1,2.0
Ortensia Winscomb,Lucy Foster,Independent,1,2.0
Ortensia Winscomb,Lucy Foster,Determined,1,7.0
Ortensia Winscomb,Lucy Foster,Professional,1,1.0
Ortensia Winscomb,Lucy Foster,Studious,1,2.0
Ortensia Winscomb,Lucy Foster,Imaginative,1,2.0
Ortensia Winscomb,Lucy Foster,Analytic,2,1.0
Ortensia Winscomb,Lucy Foster,Independent,2,5.0
Ortensia Winscomb,Lucy Foster,Determined,2,5.0
Ortensia Winscomb,Lucy Foster,Professional,2,3.0
Ortensia Winscomb,Lucy Foster,Studious,2,4.0
Ortensia Winscomb,Lucy Foster,Imaginative,2,2.0
Ortensia Winscomb,Lucy Foster,Analytic,3,1.0
Ortensia Winscomb,Lucy Foster,Independent,3,3.0
Ortensia Winscomb,Lucy Foster,Determined,3,6.0
Ortensia Winscomb,Lucy Foster,Professional,3,1.0
Ortensia Winscomb,Lucy Foster,Studious,3,2.0
Ortensia Winscomb,Lucy Foster,Imaginative,3,4.0
Ortensia Winscomb,Lucy Foster,Analytic,4,3.0
Ortensia Winscomb,Lucy Foster,Independent,4,5.0
Ortensia Winscomb,Lucy Foster,Determined,4,3.0
Ortensia Winscomb,Lucy Foster,Professional,4,6.0
Ortensia Winscomb,Lucy Foster,Studious,4,6.0
Ortensia Winscomb,Lucy Foster,Imaginative,4,8.0
Ortensia Winscomb,Lucy Foster,Analytic,5,8.0
Ortensia Winscomb,Lucy Foster,Independent,5,5.0
Ortensia Winscomb,Lucy Foster,Determined,5,7.0
Ortensia Winscomb,Lucy Foster,Professional,5,2.0
Ortensia Winscomb,Lucy Foster,Studious,5,6.0
Ortensia Winscomb,Lucy Foster,Imaginative,5,8.0
Ortensia Winscomb,Lucy Foster,Analytic,6,2.0
Ortensia Winscomb,Lucy Foster,Independent,6,8.0
Ortensia Winscomb,Lucy Foster,Determined,6,6.0
Ortensia Winscomb,Lucy Foster,Professional,6,6.0
Ortensia Winscomb,Lucy Foster,Studious,6,7.0
Ortensia Winscomb,Lucy Foster,Imaginative,6,5.0
Ortensia Winscomb,Lucy Foster,Analytic,7,8.0
Ortensia Winscomb,Lucy Foster,Independent,7,7.0
Ortensia Winscomb,Lucy Foster,Determined,7,8.0
Ortensia Winscomb,Lucy Foster,Professional,7,8.0
Ortensia Winscomb,Lucy Foster,Studious,7,8.0
Ortensia Winscomb,Lucy Foster,Imaginative,7,6.0
Ortensia Winscomb,Lucy Foster,Analytic,8,6.0
Ortensia Winscomb,Lucy Foster,Independent,8,8.0
Ortensia Winscomb,Lucy Foster,Determined,8,8.0
Ortensia Winscomb,Lucy Foster,Professional,8,8.0
Ortensia Winscomb,Lucy Foster,Studious,8,4.0
Ortensia Winscomb,Lucy Foster,Imaginative,8,8.0
Ortensia Winscomb,Lucy Foster,Analytic,9,8.0
Ortensia Winscomb,Lucy Foster,Independent,9,8.0
Ortensia Winscomb,Lucy Foster,Determined,9,8.0
Ortensia Winscomb,Lucy Foster,Professional,9,8.0
Ortensia Winscomb,Lucy Foster,Studious,9,1.0
Ortensia Winscomb,Lucy Foster,Imaginative,9,8.0
Ortensia Winscomb,Lucy Foster,Analytic,10,8.0
Ortensia Winscomb,Lucy Foster,Independent,10,8.0
Ortensia Winscomb,Lucy Foster,Determined,10,8.0
Ortensia Winscomb,Lucy Foster,Professional,10,8.0
Ortensia Winscomb,Lucy Foster,Studious,10,8.0
Ortensia Winscomb,Lucy Foster,Imaginative,10,8.0
Staffard Load,Lucy Foster,Analytic,1,3.0
Staffard Load,Lucy Foster,Independent,1,4.0
Staffard Load,Lucy Foster,Determined,1,3.0
Staffard Load,Lucy Foster,Professional,1,2.0
Staffard Load,Lucy Foster,Studious,1,4.0
Staffard Load,Lucy Foster,Imaginative,1,2.0
Staffard Load,Lucy Foster,Analytic,2,1.0
Staffard Load,Lucy Foster,Independent,2,8.0
Staffard Load,Lucy Foster,Determined,2,3.0
Staffard Load,Lucy Foster,Professional,2,2.0
Staffard Load,Lucy Foster,Studious,2,2.0
Staffard Load,Lucy Foster,Imaginative,2,4.0
Staffard Load,Lucy Foster,Analytic,3,3.0
Staffard Load,Lucy Foster,Independent,3,7.0
Staffard Load,Lucy Foster,Determined,3,2.0
Staffard Load,Lucy Foster,Professional,3,2.0
Staffard Load,Lucy Foster,Studious,3,2.0
Staffard Load,Lucy Foster,Imaginative,3,5.0
Staffard Load,Lucy Foster,Analytic,4,8.0
Staffard Load,Lucy Foster,Independent,4,5.0
Staffard Load,Lucy Foster,Determined,4,4.0
Staffard Load,Lucy Foster,Professional,4,8.0
Staffard Load,Lucy Foster,Studious,4,8.0
Staffard Load,Lucy Foster,Imaginative,4,4.0
Staffard Load,Lucy Foster,Analytic,5,6.0
Staffard Load,Lucy Foster,Independent,5,6.0
Staffard Load,Lucy Foster,Determined,5,4.0
Staffard Load,Lucy Foster,Professional,5,4.0
Staffard Load,Lucy Foster,Studious,5,5.0
Staffard Load,Lucy Foster,Imaginative,5,5.0
Staffard Load,Lucy Foster,Analytic,6,6.0
Staffard Load,Lucy Foster,Independent,6,7.0
Staffard Load,Lucy Foster,Determined,6,7.0
Staffard Load,Lucy Foster,Professional,6,3.0
Staffard Load,Lucy Foster,Studious,6,8.0
Staffard Load,Lucy Foster,Imaginative,6,5.0
Staffard Load,Lucy Foster,Analytic,7,8.0
Staffard Load,Lucy Foster,Independent,7,8.0
Staffard Load,Lucy Foster,Determined,7,8.0
Staffard Load,Lucy Foster,Professional,7,3.0
Staffard Load,Lucy Foster,Studious,7,8.0
Staffard Load,Lucy Foster,Imaginative,7,8.0
Staffard Load,Lucy Foster,Analytic,8,8.0
Staffard Load,Lucy Foster,Independent,8,7.0
Staffard Load,Lucy Foster,Determined,8,8.0
Staffard Load,Lucy Foster,Professional,8,8.0
Staffard Load,Lucy Foster,Studious,8,8.0
Staffard Load,Lucy Foster,Imaginative,8,8.0
Staffard Load,Lucy Foster,Analytic,9,6.0
Staffard Load,Lucy Foster,Independent,9,8.0
Staffard Load,Lucy Foster,Determined,9,8.0
Staffard Load,Lucy Foster,Professional,9,8.0
Staffard Load,Lucy Foster,Studious,9,4.0
Staffard Load,Lucy Foster,Imaginative,9,7.0
Staffard Load,Lucy Foster,Analytic,10,8.0
Staffard Load,Lucy Foster,Independent,10,8.0
Staffard Load,Lucy Foster,Determined,10,8.0
Staffard Load,Lucy Foster,Professional,10,8.0
Staffard Load,Lucy Foster,Studious,10,8.0
Staffard Load,Lucy Foster,Imaginative,10,8.0
Bowie Endersby,Lucy Foster,Analytic,1,4.0
Bowie Endersby,Lucy Foster,Independent,1,5.0
Bowie Endersby,Lucy Foster,Determined,1,1.0
Bowie Endersby,Lucy Foster,Professional,1,2.0
Bowie Endersby,Lucy Foster,Studious,1,2.0
Bowie Endersby,Lucy Foster,Imaginative,1,3.0
Bowie Endersby,Lucy Foster,Analytic,2,3.0
Bowie Endersby,Lucy Foster,Independent,2,6.0
Bowie Endersby,Lucy Foster,Determined,2,1.0
Bowie Endersby,Lucy Foster,Professional,2,4.0
Bowie Endersby,Lucy Foster,Studious,2,2.0
Bowie Endersby,Lucy Foster,Imaginative,2,3.0
Bowie Endersby,Lucy Foster,Analytic,3,3.0
Bowie Endersby,Lucy Foster,Independent,3,6.0
Bowie Endersby,Lucy Foster,Determined,3,2.0
Bowie Endersby,Lucy Foster,Professional,3,4.0
Bowie Endersby,Lucy Foster,Studious,3,4.0
Bowie Endersby,Lucy Foster,Imaginative,3,1.0
Bowie Endersby,Lucy Foster,Analytic,4,6.0
Bowie Endersby,Lucy Foster,Independent,4,8.0
Bowie Endersby,Lucy Foster,Determined,4,8.0
Bowie Endersby,Lucy Foster,Professional,4,5.0
Bowie Endersby,Lucy Foster,Studious,4,5.0
Bowie Endersby,Lucy Foster,Imaginative,4,5.0
Bowie Endersby,Lucy Foster,Analytic,5,3.0
Bowie Endersby,Lucy Foster,Independent,5,8.0
Bowie Endersby,Lucy Foster,Determined,5,7.0
Bowie Endersby,Lucy Foster,Professional,5,2.0
Bowie Endersby,Lucy Foster,Studious,5,8.0
Bowie Endersby,Lucy Foster,Imaginative,5,8.0
Bowie Endersby,Lucy Foster,Analytic,6,7.0
Bowie Endersby,Lucy Foster,Independent,6,7.0
Bowie Endersby,Lucy Foster,Determined,6,6.0
Bowie Endersby,Lucy Foster,Professional,6,4.0
Bowie Endersby,Lucy Foster,Studious,6,4.0
Bowie Endersby,Lucy Foster,Imaginative,6,7.0
Bowie Endersby,Lucy Foster,Analytic,7,8.0
Bowie Endersby,Lucy Foster,Independent,7,3.0
Bowie Endersby,Lucy Foster,Determined,7,8.0
Bowie Endersby,Lucy Foster,Professional,7,7.0
Bowie Endersby,Lucy Foster,Studious,7,5.0
Bowie Endersby,Lucy Foster,Imaginative,7,8.0
Bowie Endersby,Lucy Foster,Analytic,8,8.0
Bowie Endersby,Lucy Foster,Independent,8,3.0
Bowie Endersby,Lucy Foster,Determined,8,7.0
Bowie Endersby,Lucy Foster,Professional,8,6.0
Bowie Endersby,Lucy Foster,Studious,8,8.0
Bowie Endersby,Lucy Foster,Imaginative,8,8.0
Bowie Endersby,Lucy Foster,Analytic,9,6.0
Bowie Endersby,Lucy Foster,Independent,9,8.0
Bowie Endersby,Lucy Foster,Determined,9,8.0
Bowie Endersby,Lucy Foster,Professional,9,5.0
Bowie Endersby,Lucy Foster,Studious,9,8.0
Bowie Endersby,Lucy Foster,Imaginative,9,8.0
Bowie Endersby,Lucy Foster,Analytic,10,8.0
Bowie Endersby,Lucy Foster,Independent,10,8.0
Bowie Endersby,Lucy Foster,Determined,10,8.0
Bowie Endersby,Lucy Foster,Professional,10,8.0
Bowie Endersby,Lucy Foster,Studious,10,8.0
Bowie Endersby,Lucy Foster,Imaginative,10,5.0
Tonye Ambrogio,Lucy Foster,Analytic,1,3.0
Tonye Ambrogio,Lucy Foster,Independent,1,5.0
Tonye Ambrogio,Lucy Foster,Determined,1,3.0
Tonye Ambrogio,Lucy Foster,Professional,1,4.0
Tonye Ambrogio,Lucy Foster,Studious,1,1.0
Tonye Ambrogio,Lucy Foster,Imaginative,1,2.0
Tonye Ambrogio,Lucy Foster,Analytic,2,2.0
Tonye Ambrogio,Lucy Foster,Independent,2,1.0
Tonye Ambrogio,Lucy Foster,Determined,2,3.0
Tonye Ambrogio,Lucy Foster,Professional,2,4.0
Tonye Ambrogio,Lucy Foster,Studious,2,2.0
Tonye Ambrogio,Lucy Foster,Imaginative,2,5.0
Tonye Ambrogio,Lucy Foster,Analytic,3,1.0
Tonye Ambrogio,Lucy Foster,Independent,3,1.0
Tonye Ambrogio,Lucy Foster,Determined,3,3.0
Tonye Ambrogio,Lucy Foster,Professional,3,5.0
Tonye Ambrogio,Lucy Foster,Studious,3,1.0
Tonye Ambrogio,Lucy Foster,Imaginative,3,2.0
Tonye Ambrogio,Lucy Foster,Analytic,4,4.0
Tonye Ambrogio,Lucy Foster,Independent,4,7.0
Tonye Ambrogio,Lucy Foster,Determined,4,8.0
Tonye Ambrogio,Lucy Foster,Professional,4,8.0
Tonye Ambrogio,Lucy Foster,Studious,4,2.0
Tonye Ambrogio,Lucy Foster,Imaginative,4,4.0
Tonye Ambrogio,Lucy Foster,Analytic,5,8.0
Tonye Ambrogio,Lucy Foster,Independent,5,6.0
Tonye Ambrogio,Lucy Foster,Determined,5,5.0
Tonye Ambrogio,Lucy Foster,Professional,5,8.0
Tonye Ambrogio,Lucy Foster,Studious,5,7.0
Tonye Ambrogio,Lucy Foster,Imaginative,5,8.0
Tonye Ambrogio,Lucy Foster,Analytic,6,8.0
Tonye Ambrogio,Lucy Foster,Independent,6,5.0
Tonye Ambrogio,Lucy Foster,Determined,6,5.0
Tonye Ambrogio,Lucy Foster,Professional,6,4.0
Tonye Ambrogio,Lucy Foster,Studious,6,6.0
Tonye Ambrogio,Lucy Foster,Imaginative,6,5.0
Tonye Ambrogio,Lucy Foster,Analytic,7,8.0
Tonye Ambrogio,Lucy Foster,Independent,7,8.0
Tonye Ambrogio,Lucy Foster,Determined,7,8.0
Tonye Ambrogio,Lucy Foster,Professional,7,8.0
Tonye Ambrogio,Lucy Foster,Studious,7,8.0
Tonye Ambrogio,Lucy Foster,Imaginative,7,8.0
Tonye Ambrogio,Lucy Foster,Analytic,8,8.0
Tonye Ambrogio,Lucy Foster,Independent,8,8.0
Tonye Ambrogio,Lucy Foster,Determined,8,7.0
Tonye Ambrogio,Lucy Foster,Professional,8,8.0
Tonye Ambrogio,Lucy Foster,Studious,8,8.0
Tonye Ambrogio,Lucy Foster,Imaginative,8,8.0
Tonye Ambrogio,Lucy Foster,Analytic,9,8.0
Tonye Ambrogio,Lucy Foster,Independent,9,8.0
Tonye Ambrogio,Lucy Foster,Determined,9,8.0
Tonye Ambrogio,Lucy Foster,Professional,9,8.0
Tonye Ambrogio,Lucy Foster,Studious,9,8.0
Tonye Ambrogio,Lucy Foster,Imaginative,9,8.0
Tonye Ambrogio,Lucy Foster,Analytic,10,8.0
Tonye Ambrogio,Lucy Foster,Independent,10,8.0
Tonye Ambrogio,Lucy Foster,Determined,10,8.0
Tonye Ambrogio,Lucy Foster,Professional,10,8.0
Tonye Ambrogio,Lucy Foster,Studious,10,8.0
Tonye Ambrogio,Lucy Foster,Imaginative,10,8.0
Celina Polley,Lucy Foster,Analytic,1,2.0
Celina Polley,Lucy Foster,Independent,1,3.0
Celina Polley,Lucy Foster,Determined,1,3.0
Celina Polley,Lucy Foster,Professional,1,6.0
Celina Polley,Lucy Foster,Studious,1,2.0
Celina Polley,Lucy Foster,Imaginative,1,2.0
Celina Polley,Lucy Foster,Analytic,2,2.0
Celina Polley,Lucy Foster,Independent,2,2.0
Celina Polley,Lucy Foster,Determined,2,7.0
Celina Polley,Lucy Foster,Professional,2,3.0
Celina Polley,Lucy Foster,Studious,2,1.0
Celina Polley,Lucy Foster,Imaginative,2,5.0
Celina Polley,Lucy Foster,Analytic,3,2.0
Celina Polley,Lucy Foster,Independent,3,3.0
Celina Polley,Lucy Foster,Determined,3,3.0
Celina Polley,Lucy Foster,Professional,3,8.0
Celina Polley,Lucy Foster,Studious,3,3.0
Celina Polley,Lucy Foster,Imaginative,3,2.0
Celina Polley,Lucy Foster,Analytic,4,6.0
Celina Polley,Lucy Foster,Independent,4,7.0
Celina Polley,Lucy Foster,Determined,4,7.0
Celina Polley,Lucy Foster,Professional,4,6.0
Celina Polley,Lucy Foster,Studious,4,8.0
Celina Polley,Lucy Foster,Imaginative,4,6.0
Celina Polley,Lucy Foster,Analytic,5,8.0
Celina Polley,Lucy Foster,Independent,5,8.0
Celina Polley,Lucy Foster,Determined,5,4.0
Celina Polley,Lucy Foster,Professional,5,6.0
Celina Polley,Lucy Foster,Studious,5,5.0
Celina Polley,Lucy Foster,Imaginative,5,8.0
Celina Polley,Lucy Foster,Analytic,6,5.0
Celina Polley,Lucy Foster,Independent,6,6.0
Celina Polley,Lucy Foster,Determined,6,4.0
Celina Polley,Lucy Foster,Professional,6,6.0
Celina Polley,Lucy Foster,Studious,6,8.0
Celina Polley,Lucy Foster,Imaginative,6,6.0
Celina Polley,Lucy Foster,Analytic,7,8.0
Celina Polley,Lucy Foster,Independent,7,2.0
Celina Polley,Lucy Foster,Determined,7,8.0
Celina Polley,Lucy Foster,Professional,7,8.0
Celina Polley,Lucy Foster,Studious,7,8.0
Celina Polley,Lucy Foster,Imaginative,7,8.0
Celina Polley,Lucy Foster,Analytic,8,8.0
Celina Polley,Lucy Foster,Independent,8,6.0
Celina Polley,Lucy Foster,Determined,8,8.0
Celina Polley,Lucy Foster,Professional,8,8.0
Celina Polley,Lucy Foster,Studious,8,8.0
Celina Polley,Lucy Foster,Imaginative,8,8.0
Celina Polley,Lucy Foster,Analytic,9,8.0
Celina Polley,Lucy Foster,Independent,9,6.0
Celina Polley,Lucy Foster,Determined,9,4.0
Celina Polley,Lucy Foster,Professional,9,5.0
Celina Polley,Lucy Foster,Studious,9,8.0
Celina Polley,Lucy Foster,Imaginative,9,6.0
Celina Polley,Lucy Foster,Analytic,10,8.0
Celina Polley,Lucy Foster,Independent,10,8.0
Celina Polley,Lucy Foster,Determined,10,8.0
Celina Polley,Lucy Foster,Professional,10,8.0
Celina Polley,Lucy Foster,Studious,10,8.0
Celina Polley,Lucy Foster,Imaginative,10,8.0
Muhammad Linn,Lucy Foster,Analytic,1,3.0
Muhammad Linn,Lucy Foster,Independent,1,3.0
Muhammad Linn,Lucy Foster,Determined,1,2.0
Muhammad Linn,Lucy Foster,Professional,1,3.0
Muhammad Linn,Lucy Foster,Studious,1,7.0
Muhammad Linn,Lucy Foster,Imaginative,1,1.0
Muhammad Linn,Lucy Foster,Analytic,2,3.0
Muhammad Linn,Lucy Foster,Independent,2,2.0
Muhammad Linn,Lucy Foster,Determined,2,4.0
Muhammad Linn,Lucy Foster,Professional,2,1.0
Muhammad Linn,Lucy Foster,Studious,2,3.0
Muhammad Linn,Lucy Foster,Imaginative,2,4.0
Muhammad Linn,Lucy Foster,Analytic,3,1.0
Muhammad Linn,Lucy Foster,Independent,3,3.0
Muhammad Linn,Lucy Foster,Determined,3,2.0
Muhammad Linn,Lucy Foster,Professional,3,3.0
Muhammad Linn,Lucy Foster,Studious,3,5.0
Muhammad Linn,Lucy Foster,Imaginative,3,1.0
Muhammad Linn,Lucy Foster,Analytic,4,8.0
Muhammad Linn,Lucy Foster,Independent,4,8.0
Muhammad Linn,Lucy Foster,Determined,4,4.0
Muhammad Linn,Lucy Foster,Professional,4,5.0
Muhammad Linn,Lucy Foster,Studious,4,3.0
Muhammad Linn,Lucy Foster,Imaginative,4,8.0
Muhammad Linn,Lucy Foster,Analytic,5,6.0
Muhammad Linn,Lucy Foster,Independent,5,7.0
Muhammad Linn,Lucy Foster,Determined,5,6.0
Muhammad Linn,Lucy Foster,Professional,5,3.0
Muhammad Linn,Lucy Foster,Studious,5,8.0
Muhammad Linn,Lucy Foster,Imaginative,5,1.0
Muhammad Linn,Lucy Foster,Analytic,6,2.0
Muhammad Linn,Lucy Foster,Independent,6,8.0
Muhammad Linn,Lucy Foster,Determined,6,8.0
Muhammad Linn,Lucy Foster,Professional,6,8.0
Muhammad Linn,Lucy Foster,Studious,6,7.0
Muhammad Linn,Lucy Foster,Imaginative,6,7.0
Muhammad Linn,Lucy Foster,Analytic,7,6.0
Muhammad Linn,Lucy Foster,Independent,7,8.0
Muhammad Linn,Lucy Foster,Determined,7,7.0
Muhammad Linn,Lucy Foster,Professional,7,5.0
Muhammad Linn,Lucy Foster,Studious,7,5.0
Muhammad Linn,Lucy Foster,Imaginative,7,8.0
Muhammad Linn,Lucy Foster,Analytic,8,8.0
Muhammad Linn,Lucy Foster,Independent,8,6.0
Muhammad Linn,Lucy Foster,Determined,8,8.0
Muhammad Linn,Lucy Foster,Professional,8,8.0
Muhammad Linn,Lucy Foster,Studious,8,7.0
Muhammad Linn,Lucy Foster,Imaginative,8,8.0
Muhammad Linn,Lucy Foster,Analytic,9,7.0
Muhammad Linn,Lucy Foster,Independent,9,8.0
Muhammad Linn,Lucy Foster,Determined,9,8.0
Muhammad Linn,Lucy Foster,Professional,9,1.0
Muhammad Linn,Lucy Foster,Studious,9,8.0
Muhammad Linn,Lucy Foster,Imaginative,9,4.0
Muhammad Linn,Lucy Foster,Analytic,10,8.0
Muhammad Linn,Lucy Foster,Independent,10,8.0
Muhammad Linn,Lucy Foster,Determined,10,8.0
Muhammad Linn,Lucy Foster,Professional,10,7.0
Muhammad Linn,Lucy Foster,Studious,10,8.0
Muhammad Linn,Lucy Foster,Imaginative,10,8.0
Farica Harding,Lucy Foster,Analytic,1,4.0
Farica Harding,Lucy Foster,Independent,1,4.0
Farica Harding,Lucy Foster,Determined,1,1.0
Farica Harding,Lucy Foster,Professional,1,3.0
Farica Harding,Lucy Foster,Studious,1,1.0
Farica Harding,Lucy Foster,Imaginative,1,4.0
Farica Harding,Lucy Foster,Analytic,2,5.0
Farica Harding,Lucy Foster,Independent,2,4.0
Farica Harding,Lucy Foster,Determined,2,6.0
Farica Harding,Lucy Foster,Professional,2,5.0
Farica Harding,Lucy Foster,Studious,2,3.0
Farica Harding,Lucy Foster,Imaginative,2,4.0
Farica Harding,Lucy Foster,Analytic,3,3.0
Farica Harding,Lucy Foster,Independent,3,3.0
Farica Harding,Lucy Foster,Determined,3,2.0
Farica Harding,Lucy Foster,Professional,3,3.0
Farica Harding,Lucy Foster,Studious,3,2.0
Farica Harding,Lucy Foster,Imaginative,3,4.0
Farica Harding,Lucy Foster,Analytic,4,8.0
Farica Harding,Lucy Foster,Independent,4,7.0
Farica Harding,Lucy Foster,Determined,4,6.0
Farica Harding,Lucy Foster,Professional,4,6.0
Farica Harding,Lucy Foster,Studious,4,5.0
Farica Harding,Lucy Foster,Imaginative,4,5.0
Farica Harding,Lucy Foster,Analytic,5,3.0
Farica Harding,Lucy Foster,Independent,5,8.0
Farica Harding,Lucy Foster,Determined,5,5.0
Farica Harding,Lucy Foster,Professional,5,8.0
Farica Harding,Lucy Foster,Studious,5,6.0
Farica Harding,Lucy Foster,Imaginative,5,7.0
Farica Harding,Lucy Foster,Analytic,6,5.0
Farica Harding,Lucy Foster,Independent,6,8.0
Farica Harding,Lucy Foster,Determined,6,8.0
Farica Harding,Lucy Foster,Professional,6,2.0
Farica Harding,Lucy Foster,Studious,6,5.0
Farica Harding,Lucy Foster,Imaginative,6,8.0
Farica Harding,Lucy Foster,Analytic,7,8.0
Farica Harding,Lucy Foster,Independent,7,8.0
Farica Harding,Lucy Foster,Determined,7,8.0
Farica Harding,Lucy Foster,Professional,7,8.0
Farica Harding,Lucy Foster,Studious,7,8.0
Farica Harding,Lucy Foster,Imaginative,7,8.0
Farica Harding,Lucy Foster,Analytic,8,8.0
Farica Harding,Lucy Foster,Independent,8,7.0
Farica Harding,Lucy Foster,Determined,8,5.0
Farica Harding,Lucy Foster,Professional,8,7.0
Farica Harding,Lucy Foster,Studious,8,8.0
Farica Harding,Lucy Foster,Imaginative,8,7.0
Farica Harding,Lucy Foster,Analytic,9,8.0
Farica Harding,Lucy Foster,Independent,9,8.0
Farica Harding,Lucy Foster,Determined,9,8.0
Farica Harding,Lucy Foster,Professional,9,4.0
Farica Harding,Lucy Foster,Studious,9,8.0
Farica Harding,Lucy Foster,Imaginative,9,7.0
Farica Harding,Lucy Foster,Analytic,10,8.0
Farica Harding,Lucy Foster,Independent,10,8.0
Farica Harding,Lucy Foster,Determined,10,8.0
Farica Harding,Lucy Foster,Professional,10,8.0
Farica Harding,Lucy Foster,Studious,10,8.0
Farica Harding,Lucy Foster,Imaginative,10,8.0
Marquita Forrington,Lucy Foster,Analytic,1,1.0
Marquita Forrington,Lucy Foster,Independent,1,1.0
Marquita Forrington,Lucy Foster,Determined,1,4.0
Marquita Forrington,Lucy Foster,Professional,1,1.0
Marquita Forrington,Lucy Foster,Studious,1,4.0
Marquita Forrington,Lucy Foster,Imaginative,1,1.0
Marquita Forrington,Lucy Foster,Analytic,2,5.0
Marquita Forrington,Lucy Foster,Independent,2,6.0
Marquita Forrington,Lucy Foster,Determined,2,1.0
Marquita Forrington,Lucy Foster,Professional,2,1.0
Marquita Forrington,Lucy Foster,Studious,2,1.0
Marquita Forrington,Lucy Foster,Imaginative,2,3.0
Marquita Forrington,Lucy Foster,Analytic,3,5.0
Marquita Forrington,Lucy Foster,Independent,3,7.0
Marquita Forrington,Lucy Foster,Determined,3,5.0
Marquita Forrington,Lucy Foster,Professional,3,3.0
Marquita Forrington,Lucy Foster,Studious,3,4.0
Marquita Forrington,Lucy Foster,Imaginative,3,5.0
Marquita Forrington,Lucy Foster,Analytic,4,8.0
Marquita Forrington,Lucy Foster,Independent,4,8.0
Marquita Forrington,Lucy Foster,Determined,4,3.0
Marquita Forrington,Lucy Foster,Professional,4,6.0
Marquita Forrington,Lucy Foster,Studious,4,6.0
Marquita Forrington,Lucy Foster,Imaginative,4,5.0
Marquita Forrington,Lucy Foster,Analytic,5,5.0
Marquita Forrington,Lucy Foster,Independent,5,3.0
Marquita Forrington,Lucy Foster,Determined,5,4.0
Marquita Forrington,Lucy Foster,Professional,5,8.0
Marquita Forrington,Lucy Foster,Studious,5,5.0
Marquita Forrington,Lucy Foster,Imaginative,5,6.0
Marquita Forrington,Lucy Foster,Analytic,6,5.0
Marquita Forrington,Lucy Foster,Independent,6,8.0
Marquita Forrington,Lucy Foster,Determined,6,6.0
Marquita Forrington,Lucy Foster,Professional,6,4.0
Marquita Forrington,Lucy Foster,Studious,6,2.0
Marquita Forrington,Lucy Foster,Imaginative,6,8.0
Marquita Forrington,Lucy Foster,Analytic,7,6.0
Marquita Forrington,Lucy Foster,Independent,7,8.0
Marquita Forrington,Lucy Foster,Determined,7,8.0
Marquita Forrington,Lucy Foster,Professional,7,8.0
Marquita Forrington,Lucy Foster,Studious,7,5.0
Marquita Forrington,Lucy Foster,Imaginative,7,8.0
Marquita Forrington,Lucy Foster,Analytic,8,8.0
Marquita Forrington,Lucy Foster,Independent,8,8.0
Marquita Forrington,Lucy Foster,Determined,8,6.0
Marquita Forrington,Lucy Foster,Professional,8,8.0
Marquita Forrington,Lucy Foster,Studious,8,8.0
Marquita Forrington,Lucy Foster,Imaginative,8,8.0
Marquita Forrington,Lucy Foster,Analytic,9,7.0
Marquita Forrington,Lucy Foster,Independent,9,4.0
Marquita Forrington,Lucy Foster,Determined,9,8.0
Marquita Forrington,Lucy Foster,Professional,9,8.0
Marquita Forrington,Lucy Foster,Studious,9,8.0
Marquita Forrington,Lucy Foster,Imaginative,9,8.0
Marquita Forrington,Lucy Foster,Analytic,10,8.0
Marquita Forrington,Lucy Foster,Independent,10,8.0
Marquita Forrington,Lucy Foster,Determined,10,8.0
Marquita Forrington,Lucy Foster,Professional,10,8.0
Marquita Forrington,Lucy Foster,Studious,10,8.0
Marquita Forrington,Lucy Foster,Imaginative,10,8.0
Muffin Jandel,Lucy Foster,Analytic,1,5.0
Muffin Jandel,Lucy Foster,Independent,1,4.0
Muffin Jandel,Lucy Foster,Determined,1,3.0
Muffin Jandel,Lucy Foster,Professional,1,5.0
Muffin Jandel,Lucy Foster,Studious,1,3.0
Muffin Jandel,Lucy Foster,Imaginative,1,1.0
Muffin Jandel,Lucy Foster,Analytic,2,3.0
Muffin Jandel,Lucy Foster,Independent,2,3.0
Muffin Jandel,Lucy Foster,Determined,2,5.0
Muffin Jandel,Lucy Foster,Professional,2,2.0
Muffin Jandel,Lucy Foster,Studious,2,1.0
Muffin Jandel,Lucy Foster,Imaginative,2,3.0
Muffin Jandel,Lucy Foster,Analytic,3,1.0
Muffin Jandel,Lucy Foster,Independent,3,1.0
Muffin Jandel,Lucy Foster,Determined,3,2.0
Muffin Jandel,Lucy Foster,Professional,3,2.0
Muffin Jandel,Lucy Foster,Studious,3,1.0
Muffin Jandel,Lucy Foster,Imaginative,3,3.0
Nadya Pineaux,Lucy Foster,Analytic,1,5.0
Nadya Pineaux,Lucy Foster,Independent,1,2.0
Nadya Pineaux,Lucy Foster,Determined,1,1.0
Nadya Pineaux,Lucy Foster,Professional,1,4.0
Nadya Pineaux,Lucy Foster,Studious,1,2.0
Nadya Pineaux,Lucy Foster,Imaginative,1,4.0
Nadya Pineaux,Lucy Foster,Analytic,2,3.0
Nadya Pineaux,Lucy Foster,Independent,2,4.0
Nadya Pineaux,Lucy Foster,Determined,2,5.0
Nadya Pineaux,Lucy Foster,Professional,2,1.0
Nadya Pineaux,Lucy Foster,Studious,2,1.0
Nadya Pineaux,Lucy Foster,Imaginative,2,3.0
Nadya Pineaux,Lucy Foster,Analytic,3,5.0
Nadya Pineaux,Lucy Foster,Independent,3,5.0
Nadya Pineaux,Lucy Foster,Determined,3,6.0
Nadya Pineaux,Lucy Foster,Professional,3,4.0
Nadya Pineaux,Lucy Foster,Studious,3,1.0
Nadya Pineaux,Lucy Foster,Imaginative,3,1.0
Nadya Pineaux,Lucy Foster,Analytic,4,6.0
Nadya Pineaux,Lucy Foster,Independent,4,6.0
Nadya Pineaux,Lucy Foster,Determined,4,2.0
Nadya Pineaux,Lucy Foster,Professional,4,8.0
Nadya Pineaux,Lucy Foster,Studious,4,3.0
Nadya Pineaux,Lucy Foster,Imaginative,4,8.0
Nadya Pineaux,Lucy Foster,Analytic,5,8.0
Nadya Pineaux,Lucy Foster,Independent,5,3.0
Nadya Pineaux,Lucy Foster,Determined,5,7.0
Nadya Pineaux,Lucy Foster,Professional,5,4.0
Nadya Pineaux,Lucy Foster,Studious,5,8.0
Nadya Pineaux,Lucy Foster,Imaginative,5,8.0
Nadya Pineaux,Lucy Foster,Analytic,6,8.0
Nadya Pineaux,Lucy Foster,Independent,6,8.0
Nadya Pineaux,Lucy Foster,Determined,6,8.0
Nadya Pineaux,Lucy Foster,Professional,6,8.0
Nadya Pineaux,Lucy Foster,Studious,6,5.0
Nadya Pineaux,Lucy Foster,Imaginative,6,4.0
Nadya Pineaux,Lucy Foster,Analytic,7,7.0
Nadya Pineaux,Lucy Foster,Independent,7,8.0
Nadya Pineaux,Lucy Foster,Determined,7,8.0
Nadya Pineaux,Lucy Foster,Professional,7,6.0
Nadya Pineaux,Lucy Foster,Studious,7,8.0
Nadya Pineaux,Lucy Foster,Imaginative,7,8.0
Nadya Pineaux,Lucy Foster,Analytic,8,8.0
Nadya Pineaux,Lucy Foster,Independent,8,4.0
Nadya Pineaux,Lucy Foster,Determined,8,8.0
Nadya Pineaux,Lucy Foster,Professional,8,8.0
Nadya Pineaux,Lucy Foster,Studious,8,8.0
Nadya Pineaux,Lucy Foster,Imaginative,8,8.0
Nadya Pineaux,Lucy Foster,Analytic,9,8.0
Nadya Pineaux,Lucy Foster,Independent,9,6.0
Nadya Pineaux,Lucy Foster,Determined,9,6.0
Nadya Pineaux,Lucy Foster,Professional,9,8.0
Nadya Pineaux,Lucy Foster,Studious,9,8.0
Nadya Pineaux,Lucy Foster,Imaginative,9,8.0
Nadya Pineaux,Lucy Foster,Analytic,10,8.0
Nadya Pineaux,Lucy Foster,Independent,10,8.0
Nadya Pineaux,Lucy Foster,Determined,10,8.0
Nadya Pineaux,Lucy Foster,Professional,10,8.0
Nadya Pineaux,Lucy Foster,Studious,10,8.0
Nadya Pineaux,Lucy Foster,Imaginative,10,8.0
Dewitt Milborn,Lucy Foster,Analytic,1,1.0
Dewitt Milborn,Lucy Foster,Independent,1,2.0
Dewitt Milborn,Lucy Foster,Determined,1,2.0
Dewitt Milborn,Lucy Foster,Professional,1,1.0
Dewitt Milborn,Lucy Foster,Studious,1,1.0
Dewitt Milborn,Lucy Foster,Imaginative,1,2.0
Levy Standage,Lucy Foster,Analytic,1,1.0
Levy Standage,Lucy Foster,Independent,1,3.0
Levy Standage,Lucy Foster,Determined,1,8.0
Levy Standage,Lucy Foster,Professional,1,2.0
Levy Standage,Lucy Foster,Studious,1,2.0
Levy Standage,Lucy Foster,Imaginative,1,5.0
Levy Standage,Lucy Foster,Analytic,2,2.0
Levy Standage,Lucy Foster,Independent,2,6.0
Levy Standage,Lucy Foster,Determined,2,4.0
Levy Standage,Lucy Foster,Professional,2,5.0
Levy Standage,Lucy Foster,Studious,2,2.0
Levy Standage,Lucy Foster,Imaginative,2,7.0
Levy Standage,Lucy Foster,Analytic,3,3.0
Levy Standage,Lucy Foster,Independent,3,2.0
Levy Standage,Lucy Foster,Determined,3,3.0
Levy Standage,Lucy Foster,Professional,3,2.0
Levy Standage,Lucy Foster,Studious,3,1.0
Levy Standage,Lucy Foster,Imaginative,3,3.0
Levy Standage,Lucy Foster,Analytic,4,8.0
Levy Standage,Lucy Foster,Independent,4,3.0
Levy Standage,Lucy Foster,Determined,4,8.0
Levy Standage,Lucy Foster,Professional,4,1.0
Levy Standage,Lucy Foster,Studious,4,6.0
Levy Standage,Lucy Foster,Imaginative,4,4.0
Levy Standage,Lucy Foster,Analytic,5,8.0
Levy Standage,Lucy Foster,Independent,5,8.0
Levy Standage,Lucy Foster,Determined,5,1.0
Levy Standage,Lucy Foster,Professional,5,8.0
Levy Standage,Lucy Foster,Studious,5,7.0
Levy Standage,Lucy Foster,Imaginative,5,6.0
Levy Standage,Lucy Foster,Analytic,6,8.0
Levy Standage,Lucy Foster,Independent,6,8.0
Levy Standage,Lucy Foster,Determined,6,8.0
Levy Standage,Lucy Foster,Professional,6,4.0
Levy Standage,Lucy Foster,Studious,6,5.0
Levy Standage,Lucy Foster,Imaginative,6,8.0
Levy Standage,Lucy Foster,Analytic,7,8.0
Levy Standage,Lucy Foster,Independent,7,8.0
Levy Standage,Lucy Foster,Determined,7,8.0
Levy Standage,Lucy Foster,Professional,7,8.0
Levy Standage,Lucy Foster,Studious,7,8.0
Levy Standage,Lucy Foster,Imaginative,7,5.0
Levy Standage,Lucy Foster,Analytic,8,8.0
Levy Standage,Lucy Foster,Independent,8,8.0
Levy Standage,Lucy Foster,Determined,8,8.0
Levy Standage,Lucy Foster,Professional,8,8.0
Levy Standage,Lucy Foster,Studious,8,8.0
Levy Standage,Lucy Foster,Imaginative,8,8.0
Levy Standage,Lucy Foster,Analytic,9,7.0
Levy Standage,Lucy Foster,Independent,9,3.0
Levy Standage,Lucy Foster,Determined,9,8.0
Levy Standage,Lucy Foster,Professional,9,8.0
Levy Standage,Lucy Foster,Studious,9,8.0
Levy Standage,Lucy Foster,Imaginative,9,8.0
Levy Standage,Lucy Foster,Analytic,10,8.0
Levy Standage,Lucy Foster,Independent,10,8.0
Levy Standage,Lucy Foster,Determined,10,8.0
Levy Standage,Lucy Foster,Professional,10,8.0
Levy Standage,Lucy Foster,Studious,10,7.0
Levy Standage,Lucy Foster,Imaginative,10,8.0
Silvain Kuhwald,Lucy Foster,Analytic,1,4.0
Silvain Kuhwald,Lucy Foster,Independent,1,4.0
Silvain Kuhwald,Lucy Foster,Determined,1,1.0
Silvain Kuhwald,Lucy Foster,Professional,1,4.0
Silvain Kuhwald,Lucy Foster,Studious,1,5.0
Silvain Kuhwald,Lucy Foster,Imaginative,1,4.0
Silvain Kuhwald,Lucy Foster,Analytic,2,3.0
Silvain Kuhwald,Lucy Foster,Independent,2,5.0
Silvain Kuhwald,Lucy Foster,Determined,2,1.0
Silvain Kuhwald,Lucy Foster,Professional,2,5.0
Silvain Kuhwald,Lucy Foster,Studious,2,3.0
Silvain Kuhwald,Lucy Foster,Imaginative,2,4.0
Silvain Kuhwald,Lucy Foster,Analytic,3,3.0
Silvain Kuhwald,Lucy Foster,Independent,3,3.0
Silvain Kuhwald,Lucy Foster,Determined,3,5.0
Silvain Kuhwald,Lucy Foster,Professional,3,1.0
Silvain Kuhwald,Lucy Foster,Studious,3,4.0
Silvain Kuhwald,Lucy Foster,Imaginative,3,2.0
Silvain Kuhwald,Lucy Foster,Analytic,4,8.0
Silvain Kuhwald,Lucy Foster,Independent,4,4.0
Silvain Kuhwald,Lucy Foster,Determined,4,3.0
Silvain Kuhwald,Lucy Foster,Professional,4,6.0
Silvain Kuhwald,Lucy Foster,Studious,4,4.0
Silvain Kuhwald,Lucy Foster,Imaginative,4,6.0
Silvain Kuhwald,Lucy Foster,Analytic,5,5.0
Silvain Kuhwald,Lucy Foster,Independent,5,6.0
Silvain Kuhwald,Lucy Foster,Determined,5,4.0
Silvain Kuhwald,Lucy Foster,Professional,5,6.0
Silvain Kuhwald,Lucy Foster,Studious,5,7.0
Silvain Kuhwald,Lucy Foster,Imaginative,5,6.0
Silvain Kuhwald,Lucy Foster,Analytic,6,6.0
Silvain Kuhwald,Lucy Foster,Independent,6,6.0
Silvain Kuhwald,Lucy Foster,Determined,6,6.0
Silvain Kuhwald,Lucy Foster,Professional,6,5.0
Silvain Kuhwald,Lucy Foster,Studious,6,7.0
Silvain Kuhwald,Lucy Foster,Imaginative,6,3.0
Silvain Kuhwald,Lucy Foster,Analytic,7,8.0
Silvain Kuhwald,Lucy Foster,Independent,7,8.0
Silvain Kuhwald,Lucy Foster,Determined,7,8.0
Silvain Kuhwald,Lucy Foster,Professional,7,8.0
Silvain Kuhwald,Lucy Foster,Studious,7,8.0
Silvain Kuhwald,Lucy Foster,Imaginative,7,8.0
Silvain Kuhwald,Lucy Foster,Analytic,8,8.0
Silvain Kuhwald,Lucy Foster,Independent,8,8.0
Silvain Kuhwald,Lucy Foster,Determined,8,8.0
Silvain Kuhwald,Lucy Foster,Professional,8,8.0
Silvain Kuhwald,Lucy Foster,Studious,8,8.0
Silvain Kuhwald,Lucy Foster,Imaginative,8,8.0
Silvain Kuhwald,Lucy Foster,Analytic,9,8.0
Silvain Kuhwald,Lucy Foster,Independent,9,8.0
Silvain Kuhwald,Lucy Foster,Determined,9,6.0
Silvain Kuhwald,Lucy Foster,Professional,9,8.0
Silvain Kuhwald,Lucy Foster,Studious,9,4.0
Silvain Kuhwald,Lucy Foster,Imaginative,9,8.0
Silvain Kuhwald,Lucy Foster,Analytic,10,8.0
Silvain Kuhwald,Lucy Foster,Independent,10,8.0
Silvain Kuhwald,Lucy Foster,Determined,10,8.0
Silvain Kuhwald,Lucy Foster,Professional,10,8.0
Silvain Kuhwald,Lucy Foster,Studious,10,8.0
Silvain Kuhwald,Lucy Foster,Imaginative,10,8.0
Aguie Morrad,Lucy Foster,Analytic,1,6.0
Aguie Morrad,Lucy Foster,Independent,1,2.0
Aguie Morrad,Lucy Foster,Determined,1,1.0
Aguie Morrad,Lucy Foster,Professional,1,5.0
Aguie Morrad,Lucy Foster,Studious,1,6.0
Aguie Morrad,Lucy Foster,Imaginative,1,5.0
Aguie Morrad,Lucy Foster,Analytic,2,4.0
Aguie Morrad,Lucy Foster,Independent,2,1.0
Aguie Morrad,Lucy Foster,Determined,2,5.0
Aguie Morrad,Lucy Foster,Professional,2,5.0
Aguie Morrad,Lucy Foster,Studious,2,4.0
Aguie Morrad,Lucy Foster,Imaginative,2,3.0
Aguie Morrad,Lucy Foster,Analytic,3,1.0
Aguie Morrad,Lucy Foster,Independent,3,2.0
Aguie Morrad,Lucy Foster,Determined,3,1.0
Aguie Morrad,Lucy Foster,Professional,3,3.0
Aguie Morrad,Lucy Foster,Studious,3,5.0
Aguie Morrad,Lucy Foster,Imaginative,3,1.0
Aguie Morrad,Lucy Foster,Analytic,4,7.0
Aguie Morrad,Lucy Foster,Independent,4,8.0
Aguie Morrad,Lucy Foster,Determined,4,8.0
Aguie Morrad,Lucy Foster,Professional,4,3.0
Aguie Morrad,Lucy Foster,Studious,4,4.0
Aguie Morrad,Lucy Foster,Imaginative,4,5.0
Aguie Morrad,Lucy Foster,Analytic,5,8.0
Aguie Morrad,Lucy Foster,Independent,5,5.0
Aguie Morrad,Lucy Foster,Determined,5,7.0
Aguie Morrad,Lucy Foster,Professional,5,4.0
Aguie Morrad,Lucy Foster,Studious,5,4.0
Aguie Morrad,Lucy Foster,Imaginative,5,8.0
Aguie Morrad,Lucy Foster,Analytic,6,1.0
Aguie Morrad,Lucy Foster,Independent,6,6.0
Aguie Morrad,Lucy Foster,Determined,6,7.0
Aguie Morrad,Lucy Foster,Professional,6,5.0
Aguie Morrad,Lucy Foster,Studious,6,8.0
Aguie Morrad,Lucy Foster,Imaginative,6,5.0
Aguie Morrad,Lucy Foster,Analytic,7,3.0
Aguie Morrad,Lucy Foster,Independent,7,6.0
Aguie Morrad,Lucy Foster,Determined,7,6.0
Aguie Morrad,Lucy Foster,Professional,7,8.0
Aguie Morrad,Lucy Foster,Studious,7,8.0
Aguie Morrad,Lucy Foster,Imaginative,7,8.0
Aguie Morrad,Lucy Foster,Analytic,8,8.0
Aguie Morrad,Lucy Foster,Independent,8,5.0
Aguie Morrad,Lucy Foster,Determined,8,8.0
Aguie Morrad,Lucy Foster,Professional,8,8.0
Aguie Morrad,Lucy Foster,Studious,8,8.0
Aguie Morrad,Lucy Foster,Imaginative,8,8.0
Aguie Morrad,Lucy Foster,Analytic,9,8.0
Aguie Morrad,Lucy Foster,Independent,9,7.0
Aguie Morrad,Lucy Foster,Determined,9,8.0
Aguie Morrad,Lucy Foster,Professional,9,8.0
Aguie Morrad,Lucy Foster,Studious,9,8.0
Aguie Morrad,Lucy Foster,Imaginative,9,8.0
Aguie Morrad,Lucy Foster,Analytic,10,8.0
Aguie Morrad,Lucy Foster,Independent,10,8.0
Aguie Morrad,Lucy Foster,Determined,10,8.0
Aguie Morrad,Lucy Foster,Professional,10,6.0
Aguie Morrad,Lucy Foster,Studious,10,8.0
Aguie Morrad,Lucy Foster,Imaginative,10,8.0
Bertram Esgate,Lucy Foster,Analytic,1,2.0
Bertram Esgate,Lucy Foster,Independent,1,4.0
Bertram Esgate,Lucy Foster,Determined,1,3.0
Bertram Esgate,Lucy Foster,Professional,1,1.0
Bertram Esgate,Lucy Foster,Studious,1,4.0
Bertram Esgate,Lucy Foster,Imaginative,1,3.0
Bertram Esgate,Lucy Foster,Analytic,2,3.0
Bertram Esgate,Lucy Foster,Independent,2,2.0
Bertram Esgate,Lucy Foster,Determined,2,3.0
Bertram Esgate,Lucy Foster,Professional,2,1.0
Bertram Esgate,Lucy Foster,Studious,2,4.0
Bertram Esgate,Lucy Foster,Imaginative,2,2.0
Bertram Esgate,Lucy Foster,Analytic,3,3.0
Bertram Esgate,Lucy Foster,Independent,3,8.0
Bertram Esgate,Lucy Foster,Determined,3,1.0
Bertram Esgate,Lucy Foster,Professional,3,2.0
Bertram Esgate,Lucy Foster,Studious,3,1.0
Bertram Esgate,Lucy Foster,Imaginative,3,1.0
Bertram Esgate,Lucy Foster,Analytic,4,8.0
Bertram Esgate,Lucy Foster,Independent,4,3.0
Bertram Esgate,Lucy Foster,Determined,4,7.0
Bertram Esgate,Lucy Foster,Professional,4,1.0
Bertram Esgate,Lucy Foster,Studious,4,8.0
Bertram Esgate,Lucy Foster,Imaginative,4,6.0
Bertram Esgate,Lucy Foster,Analytic,5,5.0
Bertram Esgate,Lucy Foster,Independent,5,8.0
Bertram Esgate,Lucy Foster,Determined,5,3.0
Bertram Esgate,Lucy Foster,Professional,5,6.0
Bertram Esgate,Lucy Foster,Studious,5,8.0
Bertram Esgate,Lucy Foster,Imaginative,5,5.0
Bertram Esgate,Lucy Foster,Analytic,6,3.0
Bertram Esgate,Lucy Foster,Independent,6,7.0
Bertram Esgate,Lucy Foster,Determined,6,3.0
Bertram Esgate,Lucy Foster,Professional,6,7.0
Bertram Esgate,Lucy Foster,Studious,6,7.0
Bertram Esgate,Lucy Foster,Imaginative,6,8.0
Bertram Esgate,Lucy Foster,Analytic,7,8.0
Bertram Esgate,Lucy Foster,Independent,7,5.0
Bertram Esgate,Lucy Foster,Determined,7,7.0
Bertram Esgate,Lucy Foster,Professional,7,8.0
Bertram Esgate,Lucy Foster,Studious,7,8.0
Bertram Esgate,Lucy Foster,Imaginative,7,8.0
Bertram Esgate,Lucy Foster,Analytic,8,8.0
Bertram Esgate,Lucy Foster,Independent,8,6.0
Bertram Esgate,Lucy Foster,Determined,8,5.0
Bertram Esgate,Lucy Foster,Professional,8,5.0
Bertram Esgate,Lucy Foster,Studious,8,4.0
Bertram Esgate,Lucy Foster,Imaginative,8,7.0
Bertram Esgate,Lucy Foster,Analytic,9,8.0
Bertram Esgate,Lucy Foster,Independent,9,8.0
Bertram Esgate,Lucy Foster,Determined,9,8.0
Bertram Esgate,Lucy Foster,Professional,9,4.0
Bertram Esgate,Lucy Foster,Studious,9,8.0
Bertram Esgate,Lucy Foster,Imaginative,9,8.0
Bertram Esgate,Lucy Foster,Analytic,10,8.0
Bertram Esgate,Lucy Foster,Independent,10,7.0
Bertram Esgate,Lucy Foster,Determined,10,8.0
Bertram Esgate,Lucy Foster,Professional,10,8.0
Bertram Esgate,Lucy Foster,Studious,10,8.0
Bertram Esgate,Lucy Foster,Imaginative,10,8.0
Marlon Reside,Lucy Foster,Analytic,1,5.0
Marlon Reside,Lucy Foster,Independent,1,2.0
Marlon Reside,Lucy Foster,Determined,1,1.0
Marlon Reside,Lucy Foster,Professional,1,3.0
Marlon Reside,Lucy Foster,Studious,1,1.0
Marlon Reside,Lucy Foster,Imaginative,1,6.0
Marlon Reside,Lucy Foster,Analytic,2,8.0
Marlon Reside,Lucy Foster,Independent,2,5.0
Marlon Reside,Lucy Foster,Determined,2,3.0
Marlon Reside,Lucy Foster,Professional,2,1.0
Marlon Reside,Lucy Foster,Studious,2,4.0
Marlon Reside,Lucy Foster,Imaginative,2,2.0
Marlon Reside,Lucy Foster,Analytic,3,1.0
Marlon Reside,Lucy Foster,Independent,3,3.0
Marlon Reside,Lucy Foster,Determined,3,5.0
Marlon Reside,Lucy Foster,Professional,3,3.0
Marlon Reside,Lucy Foster,Studious,3,1.0
Marlon Reside,Lucy Foster,Imaginative,3,4.0
Marlon Reside,Lucy Foster,Analytic,4,4.0
Marlon Reside,Lucy Foster,Independent,4,6.0
Marlon Reside,Lucy Foster,Determined,4,5.0
Marlon Reside,Lucy Foster,Professional,4,7.0
Marlon Reside,Lucy Foster,Studious,4,4.0
Marlon Reside,Lucy Foster,Imaginative,4,4.0
Marlon Reside,Lucy Foster,Analytic,5,7.0
Marlon Reside,Lucy Foster,Independent,5,6.0
Marlon Reside,Lucy Foster,Determined,5,7.0
Marlon Reside,Lucy Foster,Professional,5,4.0
Marlon Reside,Lucy Foster,Studious,5,4.0
Marlon Reside,Lucy Foster,Imaginative,5,7.0
Marlon Reside,Lucy Foster,Analytic,6,8.0
Marlon Reside,Lucy Foster,Independent,6,6.0
Marlon Reside,Lucy Foster,Determined,6,6.0
Marlon Reside,Lucy Foster,Professional,6,6.0
Marlon Reside,Lucy Foster,Studious,6,2.0
Marlon Reside,Lucy Foster,Imaginative,6,5.0
Marlon Reside,Lucy Foster,Analytic,7,6.0
Marlon Reside,Lucy Foster,Independent,7,6.0
Marlon Reside,Lucy Foster,Determined,7,8.0
Marlon Reside,Lucy Foster,Professional,7,8.0
Marlon Reside,Lucy Foster,Studious,7,6.0
Marlon Reside,Lucy Foster,Imaginative,7,8.0
Marlon Reside,Lucy Foster,Analytic,8,8.0
Marlon Reside,Lucy Foster,Independent,8,8.0
Marlon Reside,Lucy Foster,Determined,8,8.0
Marlon Reside,Lucy Foster,Professional,8,8.0
Marlon Reside,Lucy Foster,Studious,8,8.0
Marlon Reside,Lucy Foster,Imaginative,8,8.0
Marlon Reside,Lucy Foster,Analytic,9,8.0
Marlon Reside,Lucy Foster,Independent,9,5.0
Marlon Reside,Lucy Foster,Determined,9,4.0
Marlon Reside,Lucy Foster,Professional,9,8.0
Marlon Reside,Lucy Foster,Studious,9,8.0
Marlon Reside,Lucy Foster,Imaginative,9,8.0
Marlon Reside,Lucy Foster,Analytic,10,8.0
Marlon Reside,Lucy Foster,Independent,10,8.0
Marlon Reside,Lucy Foster,Determined,10,8.0
Marlon Reside,Lucy Foster,Professional,10,8.0
Marlon Reside,Lucy Foster,Studious,10,8.0
Marlon Reside,Lucy Foster,Imaginative,10,8.0
Micheal Di Matteo,Lucy Foster,Analytic,1,2.0
Micheal Di Matteo,Lucy Foster,Independent,1,3.0
Micheal Di Matteo,Lucy Foster,Determined,1,3.0
Micheal Di Matteo,Lucy Foster,Professional,1,1.0
Micheal Di Matteo,Lucy Foster,Studious,1,3.0
Micheal Di Matteo,Lucy Foster,Imaginative,1,5.0
Micheal Di Matteo,Lucy Foster,Analytic,2,2.0
Micheal Di Matteo,Lucy Foster,Independent,2,4.0
Micheal Di Matteo,Lucy Foster,Determined,2,1.0
Micheal Di Matteo,Lucy Foster,Professional,2,1.0
Micheal Di Matteo,Lucy Foster,Studious,2,5.0
Micheal Di Matteo,Lucy Foster,Imaginative,2,1.0
Micheal Di Matteo,Lucy Foster,Analytic,3,2.0
Micheal Di Matteo,Lucy Foster,Independent,3,4.0
Micheal Di Matteo,Lucy Foster,Determined,3,4.0
Micheal Di Matteo,Lucy Foster,Professional,3,3.0
Micheal Di Matteo,Lucy Foster,Studious,3,1.0
Micheal Di Matteo,Lucy Foster,Imaginative,3,3.0
Micheal Di Matteo,Lucy Foster,Analytic,4,3.0
Micheal Di Matteo,Lucy Foster,Independent,4,8.0
Micheal Di Matteo,Lucy Foster,Determined,4,7.0
Micheal Di Matteo,Lucy Foster,Professional,4,8.0
Micheal Di Matteo,Lucy Foster,Studious,4,8.0
Micheal Di Matteo,Lucy Foster,Imaginative,4,5.0
Micheal Di Matteo,Lucy Foster,Analytic,5,1.0
Micheal Di Matteo,Lucy Foster,Independent,5,6.0
Micheal Di Matteo,Lucy Foster,Determined,5,5.0
Micheal Di Matteo,Lucy Foster,Professional,5,3.0
Micheal Di Matteo,Lucy Foster,Studious,5,7.0
Micheal Di Matteo,Lucy Foster,Imaginative,5,8.0
Micheal Di Matteo,Lucy Foster,Analytic,6,8.0
Micheal Di Matteo,Lucy Foster,Independent,6,8.0
Micheal Di Matteo,Lucy Foster,Determined,6,5.0
Micheal Di Matteo,Lucy Foster,Professional,6,3.0
Micheal Di Matteo,Lucy Foster,Studious,6,7.0
Micheal Di Matteo,Lucy Foster,Imaginative,6,6.0
Micheal Di Matteo,Lucy Foster,Analytic,7,8.0
Micheal Di Matteo,Lucy Foster,Independent,7,8.0
Micheal Di Matteo,Lucy Foster,Determined,7,3.0
Micheal Di Matteo,Lucy Foster,Professional,7,7.0
Micheal Di Matteo,Lucy Foster,Studious,7,8.0
Micheal Di Matteo,Lucy Foster,Imaginative,7,8.0
Micheal Di Matteo,Lucy Foster,Analytic,8,4.0
Micheal Di Matteo,Lucy Foster,Independent,8,3.0
Micheal Di Matteo,Lucy Foster,Determined,8,8.0
Micheal Di Matteo,Lucy Foster,Professional,8,7.0
Micheal Di Matteo,Lucy Foster,Studious,8,6.0
Micheal Di Matteo,Lucy Foster,Imaginative,8,8.0
Micheal Di Matteo,Lucy Foster,Analytic,9,8.0
Micheal Di Matteo,Lucy Foster,Independent,9,5.0
Micheal Di Matteo,Lucy Foster,Determined,9,8.0
Micheal Di Matteo,Lucy Foster,Professional,9,8.0
Micheal Di Matteo,Lucy Foster,Studious,9,6.0
Micheal Di Matteo,Lucy Foster,Imaginative,9,8.0
Micheal Di Matteo,Lucy Foster,Analytic,10,8.0
Micheal Di Matteo,Lucy Foster,Independent,10,8.0
Micheal Di Matteo,Lucy Foster,Determined,10,6.0
Micheal Di Matteo,Lucy Foster,Professional,10,8.0
Micheal Di Matteo,Lucy Foster,Studious,10,8.0
Micheal Di Matteo,Lucy Foster,Imaginative,10,8.0
Regina Calver,Lucy Foster,Analytic,1,3.0
Regina Calver,Lucy Foster,Independent,1,4.0
Regina Calver,Lucy Foster,Determined,1,2.0
Regina Calver,Lucy Foster,Professional,1,7.0
Regina Calver,Lucy Foster,Studious,1,6.0
Regina Calver,Lucy Foster,Imaginative,1,1.0
Regina Calver,Lucy Foster,Analytic,2,2.0
Regina Calver,Lucy Foster,Independent,2,3.0
Regina Calver,Lucy Foster,Determined,2,6.0
Regina Calver,Lucy Foster,Professional,2,5.0
Regina Calver,Lucy Foster,Studious,2,2.0
Regina Calver,Lucy Foster,Imaginative,2,1.0
Regina Calver,Lucy Foster,Analytic,3,3.0
Regina Calver,Lucy Foster,Independent,3,2.0
Regina Calver,Lucy Foster,Determined,3,2.0
Regina Calver,Lucy Foster,Professional,3,5.0
Regina Calver,Lucy Foster,Studious,3,3.0
Regina Calver,Lucy Foster,Imaginative,3,7.0
Regina Calver,Lucy Foster,Analytic,4,4.0
Regina Calver,Lucy Foster,Independent,4,4.0
Regina Calver,Lucy Foster,Determined,4,8.0
Regina Calver,Lucy Foster,Professional,4,1.0
Regina Calver,Lucy Foster,Studious,4,7.0
Regina Calver,Lucy Foster,Imaginative,4,8.0
Regina Calver,Lucy Foster,Analytic,5,5.0
Regina Calver,Lucy Foster,Independent,5,6.0
Regina Calver,Lucy Foster,Determined,5,5.0
Regina Calver,Lucy Foster,Professional,5,4.0
Regina Calver,Lucy Foster,Studious,5,8.0
Regina Calver,Lucy Foster,Imaginative,5,3.0
Regina Calver,Lucy Foster,Analytic,6,8.0
Regina Calver,Lucy Foster,Independent,6,5.0
Regina Calver,Lucy Foster,Determined,6,7.0
Regina Calver,Lucy Foster,Professional,6,4.0
Regina Calver,Lucy Foster,Studious,6,8.0
Regina Calver,Lucy Foster,Imaginative,6,8.0
Regina Calver,Lucy Foster,Analytic,7,4.0
Regina Calver,Lucy Foster,Independent,7,8.0
Regina Calver,Lucy Foster,Determined,7,8.0
Regina Calver,Lucy Foster,Professional,7,3.0
Regina Calver,Lucy Foster,Studious,7,7.0
Regina Calver,Lucy Foster,Imaginative,7,8.0
Regina Calver,Lucy Foster,Analytic,8,7.0
Regina Calver,Lucy Foster,Independent,8,8.0
Regina Calver,Lucy Foster,Determined,8,8.0
Regina Calver,Lucy Foster,Professional,8,8.0
Regina Calver,Lucy Foster,Studious,8,8.0
Regina Calver,Lucy Foster,Imaginative,8,8.0
Regina Calver,Lucy Foster,Analytic,9,6.0
Regina Calver,Lucy Foster,Independent,9,8.0
Regina Calver,Lucy Foster,Determined,9,8.0
Regina Calver,Lucy Foster,Professional,9,7.0
Regina Calver,Lucy Foster,Studious,9,8.0
Regina Calver,Lucy Foster,Imaginative,9,8.0
Regina Calver,Lucy Foster,Analytic,10,8.0
Regina Calver,Lucy Foster,Independent,10,8.0
Regina Calver,Lucy Foster,Determined,10,8.0
Regina Calver,Lucy Foster,Professional,10,8.0
Regina Calver,Lucy Foster,Studious,10,8.0
Regina Calver,Lucy Foster,Imaginative,10,8.0
Jodie Kaygill,Lucy Foster,Analytic,1,3.0
Jodie Kaygill,Lucy Foster,Independent,1,2.0
Jodie Kaygill,Lucy Foster,Determined,1,1.0
Jodie Kaygill,Lucy Foster,Professional,1,2.0
Jodie Kaygill,Lucy Foster,Studious,1,4.0
Jodie Kaygill,Lucy Foster,Imaginative,1,1.0
Jodie Kaygill,Lucy Foster,Analytic,2,2.0
Jodie Kaygill,Lucy Foster,Independent,2,3.0
Jodie Kaygill,Lucy Foster,Determined,2,3.0
Jodie Kaygill,Lucy Foster,Professional,2,3.0
Jodie Kaygill,Lucy Foster,Studious,2,3.0
Jodie Kaygill,Lucy Foster,Imaginative,2,1.0
Jodie Kaygill,Lucy Foster,Analytic,3,2.0
Jodie Kaygill,Lucy Foster,Independent,3,1.0
Jodie Kaygill,Lucy Foster,Determined,3,2.0
Jodie Kaygill,Lucy Foster,Professional,3,7.0
Jodie Kaygill,Lucy Foster,Studious,3,3.0
Jodie Kaygill,Lucy Foster,Imaginative,3,2.0
Jodie Kaygill,Lucy Foster,Analytic,4,3.0
Jodie Kaygill,Lucy Foster,Independent,4,6.0
Jodie Kaygill,Lucy Foster,Determined,4,8.0
Jodie Kaygill,Lucy Foster,Professional,4,2.0
Jodie Kaygill,Lucy Foster,Studious,4,4.0
Jodie Kaygill,Lucy Foster,Imaginative,4,8.0
Jodie Kaygill,Lucy Foster,Analytic,5,7.0
Jodie Kaygill,Lucy Foster,Independent,5,5.0
Jodie Kaygill,Lucy Foster,Determined,5,5.0
Jodie Kaygill,Lucy Foster,Professional,5,3.0
Jodie Kaygill,Lucy Foster,Studious,5,8.0
Jodie Kaygill,Lucy Foster,Imaginative,5,4.0
Jodie Kaygill,Lucy Foster,Analytic,6,8.0
Jodie Kaygill,Lucy Foster,Independent,6,8.0
Jodie Kaygill,Lucy Foster,Determined,6,5.0
Jodie Kaygill,Lucy Foster,Professional,6,8.0
Jodie Kaygill,Lucy Foster,Studious,6,4.0
Jodie Kaygill,Lucy Foster,Imaginative,6,6.0
Jodie Kaygill,Lucy Foster,Analytic,7,8.0
Jodie Kaygill,Lucy Foster,Independent,7,4.0
Jodie Kaygill,Lucy Foster,Determined,7,8.0
Jodie Kaygill,Lucy Foster,Professional,7,8.0
Jodie Kaygill,Lucy Foster,Studious,7,4.0
Jodie Kaygill,Lucy Foster,Imaginative,7,7.0
Jodie Kaygill,Lucy Foster,Analytic,8,8.0
Jodie Kaygill,Lucy Foster,Independent,8,8.0
Jodie Kaygill,Lucy Foster,Determined,8,8.0
Jodie Kaygill,Lucy Foster,Professional,8,8.0
Jodie Kaygill,Lucy Foster,Studious,8,7.0
Jodie Kaygill,Lucy Foster,Imaginative,8,8.0
Jodie Kaygill,Lucy Foster,Analytic,9,7.0
Jodie Kaygill,Lucy Foster,Independent,9,8.0
Jodie Kaygill,Lucy Foster,Determined,9,8.0
Jodie Kaygill,Lucy Foster,Professional,9,8.0
Jodie Kaygill,Lucy Foster,Studious,9,8.0
Jodie Kaygill,Lucy Foster,Imaginative,9,8.0
Jodie Kaygill,Lucy Foster,Analytic,10,8.0
Jodie Kaygill,Lucy Foster,Independent,10,8.0
Jodie Kaygill,Lucy Foster,Determined,10,8.0
Jodie Kaygill,Lucy Foster,Professional,10,8.0
Jodie Kaygill,Lucy Foster,Studious,10,8.0
Jodie Kaygill,Lucy Foster,Imaginative,10,6.0
Ingunna Adin,Lucy Foster,Analytic,1,3.0
Ingunna Adin,Lucy Foster,Independent,1,1.0
Ingunna Adin,Lucy Foster,Determined,1,4.0
Ingunna Adin,Lucy Foster,Professional,1,4.0
Ingunna Adin,Lucy Foster,Studious,1,1.0
Ingunna Adin,Lucy Foster,Imaginative,1,3.0
Ingunna Adin,Lucy Foster,Analytic,2,1.0
Ingunna Adin,Lucy Foster,Independent,2,3.0
Ingunna Adin,Lucy Foster,Determined,2,3.0
Ingunna Adin,Lucy Foster,Professional,2,3.0
Ingunna Adin,Lucy Foster,Studious,2,2.0
Ingunna Adin,Lucy Foster,Imaginative,2,2.0
Ingunna Adin,Lucy Foster,Analytic,3,4.0
Ingunna Adin,Lucy Foster,Independent,3,4.0
Ingunna Adin,Lucy Foster,Determined,3,3.0
Ingunna Adin,Lucy Foster,Professional,3,1.0
Ingunna Adin,Lucy Foster,Studious,3,8.0
Ingunna Adin,Lucy Foster,Imaginative,3,1.0
Ingunna Adin,Lucy Foster,Analytic,4,4.0
Ingunna Adin,Lucy Foster,Independent,4,8.0
Ingunna Adin,Lucy Foster,Determined,4,7.0
Ingunna Adin,Lucy Foster,Professional,4,6.0
Ingunna Adin,Lucy Foster,Studious,4,8.0
Ingunna Adin,Lucy Foster,Imaginative,4,5.0
Ingunna Adin,Lucy Foster,Analytic,5,4.0
Ingunna Adin,Lucy Foster,Independent,5,8.0
Ingunna Adin,Lucy Foster,Determined,5,6.0
Ingunna Adin,Lucy Foster,Professional,5,8.0
Ingunna Adin,Lucy Foster,Studious,5,7.0
Ingunna Adin,Lucy Foster,Imaginative,5,4.0
Ingunna Adin,Lucy Foster,Analytic,6,8.0
Ingunna Adin,Lucy Foster,Independent,6,7.0
Ingunna Adin,Lucy Foster,Determined,6,8.0
Ingunna Adin,Lucy Foster,Professional,6,3.0
Ingunna Adin,Lucy Foster,Studious,6,4.0
Ingunna Adin,Lucy Foster,Imaginative,6,7.0
Ingunna Adin,Lucy Foster,Analytic,7,7.0
Ingunna Adin,Lucy Foster,Independent,7,3.0
Ingunna Adin,Lucy Foster,Determined,7,8.0
Ingunna Adin,Lucy Foster,Professional,7,8.0
Ingunna Adin,Lucy Foster,Studious,7,8.0
Ingunna Adin,Lucy Foster,Imaginative,7,6.0
Ingunna Adin,Lucy Foster,Analytic,8,7.0
Ingunna Adin,Lucy Foster,Independent,8,8.0
Ingunna Adin,Lucy Foster,Determined,8,8.0
Ingunna Adin,Lucy Foster,Professional,8,8.0
Ingunna Adin,Lucy Foster,Studious,8,5.0
Ingunna Adin,Lucy Foster,Imaginative,8,6.0
Ingunna Adin,Lucy Foster,Analytic,9,4.0
Ingunna Adin,Lucy Foster,Independent,9,8.0
Ingunna Adin,Lucy Foster,Determined,9,8.0
Ingunna Adin,Lucy Foster,Professional,9,8.0
Ingunna Adin,Lucy Foster,Studious,9,6.0
Ingunna Adin,Lucy Foster,Imaginative,9,8.0
Ingunna Adin,Lucy Foster,Analytic,10,8.0
Ingunna Adin,Lucy Foster,Independent,10,8.0
Ingunna Adin,Lucy Foster,Determined,10,8.0
Ingunna Adin,Lucy Foster,Professional,10,8.0
Ingunna Adin,Lucy Foster,Studious,10,8.0
Ingunna Adin,Lucy Foster,Imaginative,10,8.0
Carlos Gerckens,Lucy Foster,Analytic,1,1.0
Carlos Gerckens,Lucy Foster,Independent,1,3.0
Carlos Gerckens,Lucy Foster,Determined,1,4.0
Carlos Gerckens,Lucy Foster,Professional,1,4.0
Carlos Gerckens,Lucy Foster,Studious,1,3.0
Carlos Gerckens,Lucy Foster,Imaginative,1,2.0
Carlos Gerckens,Lucy Foster,Analytic,2,1.0
Carlos Gerckens,Lucy Foster,Independent,2,2.0
Carlos Gerckens,Lucy Foster,Determined,2,4.0
Carlos Gerckens,Lucy Foster,Professional,2,5.0
Carlos Gerckens,Lucy Foster,Studious,2,3.0
Carlos Gerckens,Lucy Foster,Imaginative,2,7.0
Carlos Gerckens,Lucy Foster,Analytic,3,4.0
Carlos Gerckens,Lucy Foster,Independent,3,2.0
Carlos Gerckens,Lucy Foster,Determined,3,2.0
Carlos Gerckens,Lucy Foster,Professional,3,1.0
Carlos Gerckens,Lucy Foster,Studious,3,3.0
Carlos Gerckens,Lucy Foster,Imaginative,3,1.0
Carlos Gerckens,Lucy Foster,Analytic,4,4.0
Carlos Gerckens,Lucy Foster,Independent,4,4.0
Carlos Gerckens,Lucy Foster,Determined,4,6.0
Carlos Gerckens,Lucy Foster,Professional,4,7.0
Carlos Gerckens,Lucy Foster,Studious,4,8.0
Carlos Gerckens,Lucy Foster,Imaginative,4,8.0
Carlos Gerckens,Lucy Foster,Analytic,5,4.0
Carlos Gerckens,Lucy Foster,Independent,5,5.0
Carlos Gerckens,Lucy Foster,Determined,5,7.0
Carlos Gerckens,Lucy Foster,Professional,5,8.0
Carlos Gerckens,Lucy Foster,Studious,5,4.0
Carlos Gerckens,Lucy Foster,Imaginative,5,6.0
Carlos Gerckens,Lucy Foster,Analytic,6,3.0
Carlos Gerckens,Lucy Foster,Independent,6,8.0
Carlos Gerckens,Lucy Foster,Determined,6,3.0
Carlos Gerckens,Lucy Foster,Professional,6,8.0
Carlos Gerckens,Lucy Foster,Studious,6,4.0
Carlos Gerckens,Lucy Foster,Imaginative,6,6.0
Carlos Gerckens,Lucy Foster,Analytic,7,6.0
Carlos Gerckens,Lucy Foster,Independent,7,8.0
Carlos Gerckens,Lucy Foster,Determined,7,5.0
Carlos Gerckens,Lucy Foster,Professional,7,6.0
Carlos Gerckens,Lucy Foster,Studious,7,6.0
Carlos Gerckens,Lucy Foster,Imaginative,7,7.0
Carlos Gerckens,Lucy Foster,Analytic,8,8.0
Carlos Gerckens,Lucy Foster,Independent,8,6.0
Carlos Gerckens,Lucy Foster,Determined,8,8.0
Carlos Gerckens,Lucy Foster,Professional,8,8.0
Carlos Gerckens,Lucy Foster,Studious,8,8.0
Carlos Gerckens,Lucy Foster,Imaginative,8,8.0
Carlos Gerckens,Lucy Foster,Analytic,9,8.0
Carlos Gerckens,Lucy Foster,Independent,9,8.0
Carlos Gerckens,Lucy Foster,Determined,9,7.0
Carlos Gerckens,Lucy Foster,Professional,9,8.0
Carlos Gerckens,Lucy Foster,Studious,9,8.0
Carlos Gerckens,Lucy Foster,Imaginative,9,8.0
Carlos Gerckens,Lucy Foster,Analytic,10,8.0
Carlos Gerckens,Lucy Foster,Independent,10,8.0
Carlos Gerckens,Lucy Foster,Determined,10,8.0
Carlos Gerckens,Lucy Foster,Professional,10,8.0
Carlos Gerckens,Lucy Foster,Studious,10,8.0
Carlos Gerckens,Lucy Foster,Imaginative,10,8.0
Sherline Cudihy,Lucy Foster,Analytic,1,3.0
Sherline Cudihy,Lucy Foster,Independent,1,4.0
Sherline Cudihy,Lucy Foster,Determined,1,4.0
Sherline Cudihy,Lucy Foster,Professional,1,8.0
Sherline Cudihy,Lucy Foster,Studious,1,1.0
Sherline Cudihy,Lucy Foster,Imaginative,1,4.0
Sherline Cudihy,Lucy Foster,Analytic,2,3.0
Sherline Cudihy,Lucy Foster,Independent,2,6.0
Sherline Cudihy,Lucy Foster,Determined,2,4.0
Sherline Cudihy,Lucy Foster,Professional,2,4.0
Sherline Cudihy,Lucy Foster,Studious,2,3.0
Sherline Cudihy,Lucy Foster,Imaginative,2,4.0
Sherline Cudihy,Lucy Foster,Analytic,3,1.0
Sherline Cudihy,Lucy Foster,Independent,3,2.0
Sherline Cudihy,Lucy Foster,Determined,3,2.0
Sherline Cudihy,Lucy Foster,Professional,3,3.0
Sherline Cudihy,Lucy Foster,Studious,3,1.0
Sherline Cudihy,Lucy Foster,Imaginative,3,4.0
Sherline Cudihy,Lucy Foster,Analytic,4,6.0
Sherline Cudihy,Lucy Foster,Independent,4,8.0
Sherline Cudihy,Lucy Foster,Determined,4,6.0
Sherline Cudihy,Lucy Foster,Professional,4,5.0
Sherline Cudihy,Lucy Foster,Studious,4,8.0
Sherline Cudihy,Lucy Foster,Imaginative,4,2.0
Sherline Cudihy,Lucy Foster,Analytic,5,5.0
Sherline Cudihy,Lucy Foster,Independent,5,4.0
Sherline Cudihy,Lucy Foster,Determined,5,8.0
Sherline Cudihy,Lucy Foster,Professional,5,3.0
Sherline Cudihy,Lucy Foster,Studious,5,8.0
Sherline Cudihy,Lucy Foster,Imaginative,5,5.0
Sherline Cudihy,Lucy Foster,Analytic,6,5.0
Sherline Cudihy,Lucy Foster,Independent,6,7.0
Sherline Cudihy,Lucy Foster,Determined,6,5.0
Sherline Cudihy,Lucy Foster,Professional,6,8.0
Sherline Cudihy,Lucy Foster,Studious,6,5.0
Sherline Cudihy,Lucy Foster,Imaginative,6,2.0
Sherline Cudihy,Lucy Foster,Analytic,7,8.0
Sherline Cudihy,Lucy Foster,Independent,7,5.0
Sherline Cudihy,Lucy Foster,Determined,7,8.0
Sherline Cudihy,Lucy Foster,Professional,7,7.0
Sherline Cudihy,Lucy Foster,Studious,7,7.0
Sherline Cudihy,Lucy Foster,Imaginative,7,8.0
Sherline Cudihy,Lucy Foster,Analytic,8,8.0
Sherline Cudihy,Lucy Foster,Independent,8,8.0
Sherline Cudihy,Lucy Foster,Determined,8,8.0
Sherline Cudihy,Lucy Foster,Professional,8,6.0
Sherline Cudihy,Lucy Foster,Studious,8,5.0
Sherline Cudihy,Lucy Foster,Imaginative,8,8.0
Sherline Cudihy,Lucy Foster,Analytic,9,8.0
Sherline Cudihy,Lucy Foster,Independent,9,8.0
Sherline Cudihy,Lucy Foster,Determined,9,8.0
Sherline Cudihy,Lucy Foster,Professional,9,8.0
Sherline Cudihy,Lucy Foster,Studious,9,5.0
Sherline Cudihy,Lucy Foster,Imaginative,9,8.0
Sherline Cudihy,Lucy Foster,Analytic,10,8.0
Sherline Cudihy,Lucy Foster,Independent,10,8.0
Sherline Cudihy,Lucy Foster,Determined,10,8.0
Sherline Cudihy,Lucy Foster,Professional,10,8.0
Sherline Cudihy,Lucy Foster,Studious,10,8.0
Sherline Cudihy,Lucy Foster,Imaginative,10,8.0
Trudie Kiellor,Lucy Foster,Analytic,1,5.0
Trudie Kiellor,Lucy Foster,Independent,1,3.0
Trudie Kiellor,Lucy Foster,Determined,1,5.0
Trudie Kiellor,Lucy Foster,Professional,1,7.0
Trudie Kiellor,Lucy Foster,Studious,1,2.0
Trudie Kiellor,Lucy Foster,Imaginative,1,4.0
Trudie Kiellor,Lucy Foster,Analytic,2,3.0
Trudie Kiellor,Lucy Foster,Independent,2,1.0
Trudie Kiellor,Lucy Foster,Determined,2,2.0
Trudie Kiellor,Lucy Foster,Professional,2,4.0
Trudie Kiellor,Lucy Foster,Studious,2,3.0
Trudie Kiellor,Lucy Foster,Imaginative,2,2.0
Trudie Kiellor,Lucy Foster,Analytic,3,2.0
Trudie Kiellor,Lucy Foster,Independent,3,4.0
Trudie Kiellor,Lucy Foster,Determined,3,1.0
Trudie Kiellor,Lucy Foster,Professional,3,3.0
Trudie Kiellor,Lucy Foster,Studious,3,2.0
Trudie Kiellor,Lucy Foster,Imaginative,3,3.0
Trudie Kiellor,Lucy Foster,Analytic,4,4.0
Trudie Kiellor,Lucy Foster,Independent,4,6.0
Trudie Kiellor,Lucy Foster,Determined,4,5.0
Trudie Kiellor,Lucy Foster,Professional,4,3.0
Trudie Kiellor,Lucy Foster,Studious,4,8.0
Trudie Kiellor,Lucy Foster,Imaginative,4,4.0
Trudie Kiellor,Lucy Foster,Analytic,5,3.0
Trudie Kiellor,Lucy Foster,Independent,5,5.0
Trudie Kiellor,Lucy Foster,Determined,5,6.0
Trudie Kiellor,Lucy Foster,Professional,5,5.0
Trudie Kiellor,Lucy Foster,Studious,5,8.0
Trudie Kiellor,Lucy Foster,Imaginative,5,4.0
Trudie Kiellor,Lucy Foster,Analytic,6,2.0
Trudie Kiellor,Lucy Foster,Independent,6,8.0
Trudie Kiellor,Lucy Foster,Determined,6,2.0
Trudie Kiellor,Lucy Foster,Professional,6,8.0
Trudie Kiellor,Lucy Foster,Studious,6,8.0
Trudie Kiellor,Lucy Foster,Imaginative,6,6.0
Trudie Kiellor,Lucy Foster,Analytic,7,3.0
Trudie Kiellor,Lucy Foster,Independent,7,6.0
Trudie Kiellor,Lucy Foster,Determined,7,8.0
Trudie Kiellor,Lucy Foster,Professional,7,7.0
Trudie Kiellor,Lucy Foster,Studious,7,8.0
Trudie Kiellor,Lucy Foster,Imaginative,7,8.0
Trudie Kiellor,Lucy Foster,Analytic,8,6.0
Trudie Kiellor,Lucy Foster,Independent,8,8.0
Trudie Kiellor,Lucy Foster,Determined,8,8.0
Trudie Kiellor,Lucy Foster,Professional,8,8.0
Trudie Kiellor,Lucy Foster,Studious,8,8.0
Trudie Kiellor,Lucy Foster,Imaginative,8,8.0
Trudie Kiellor,Lucy Foster,Analytic,9,6.0
Trudie Kiellor,Lucy Foster,Independent,9,8.0
Trudie Kiellor,Lucy Foster,Determined,9,8.0
Trudie Kiellor,Lucy Foster,Professional,9,8.0
Trudie Kiellor,Lucy Foster,Studious,9,7.0
Trudie Kiellor,Lucy Foster,Imaginative,9,8.0
Trudie Kiellor,Lucy Foster,Analytic,10,8.0
Trudie Kiellor,Lucy Foster,Independent,10,8.0
Trudie Kiellor,Lucy Foster,Determined,10,8.0
Trudie Kiellor,Lucy Foster,Professional,10,8.0
Trudie Kiellor,Lucy Foster,Studious,10,8.0
Trudie Kiellor,Lucy Foster,Imaginative,10,8.0
Edvard Northen,Lucy Foster,Analytic,1,3.0
Edvard Northen,Lucy Foster,Independent,1,5.0
Edvard Northen,Lucy Foster,Determined,1,4.0
Edvard Northen,Lucy Foster,Professional,1,3.0
Edvard Northen,Lucy Foster,Studious,1,2.0
Edvard Northen,Lucy Foster,Imaginative,1,7.0
Edvard Northen,Lucy Foster,Analytic,2,5.0
Edvard Northen,Lucy Foster,Independent,2,3.0
Edvard Northen,Lucy Foster,Determined,2,1.0
Edvard Northen,Lucy Foster,Professional,2,3.0
Edvard Northen,Lucy Foster,Studious,2,1.0
Edvard Northen,Lucy Foster,Imaginative,2,4.0
Edvard Northen,Lucy Foster,Analytic,3,2.0
Edvard Northen,Lucy Foster,Independent,3,2.0
Edvard Northen,Lucy Foster,Determined,3,3.0
Edvard Northen,Lucy Foster,Professional,3,5.0
Edvard Northen,Lucy Foster,Studious,3,1.0
Edvard Northen,Lucy Foster,Imaginative,3,2.0
Edvard Northen,Lucy Foster,Analytic,4,7.0
Edvard Northen,Lucy Foster,Independent,4,7.0
Edvard Northen,Lucy Foster,Determined,4,4.0
Edvard Northen,Lucy Foster,Professional,4,8.0
Edvard Northen,Lucy Foster,Studious,4,6.0
Edvard Northen,Lucy Foster,Imaginative,4,6.0
Edvard Northen,Lucy Foster,Analytic,5,6.0
Edvard Northen,Lucy Foster,Independent,5,7.0
Edvard Northen,Lucy Foster,Determined,5,4.0
Edvard Northen,Lucy Foster,Professional,5,2.0
Edvard Northen,Lucy Foster,Studious,5,8.0
Edvard Northen,Lucy Foster,Imaginative,5,4.0
Edvard Northen,Lucy Foster,Analytic,6,8.0
Edvard Northen,Lucy Foster,Independent,6,2.0
Edvard Northen,Lucy Foster,Determined,6,6.0
Edvard Northen,Lucy Foster,Professional,6,8.0
Edvard Northen,Lucy Foster,Studious,6,3.0
Edvard Northen,Lucy Foster,Imaginative,6,2.0
Edvard Northen,Lucy Foster,Analytic,7,8.0
Edvard Northen,Lucy Foster,Independent,7,8.0
Edvard Northen,Lucy Foster,Determined,7,7.0
Edvard Northen,Lucy Foster,Professional,7,8.0
Edvard Northen,Lucy Foster,Studious,7,6.0
Edvard Northen,Lucy Foster,Imaginative,7,8.0
Edvard Northen,Lucy Foster,Analytic,8,3.0
Edvard Northen,Lucy Foster,Independent,8,8.0
Edvard Northen,Lucy Foster,Determined,8,7.0
Edvard Northen,Lucy Foster,Professional,8,6.0
Edvard Northen,Lucy Foster,Studious,8,7.0
Edvard Northen,Lucy Foster,Imaginative,8,8.0
Edvard Northen,Lucy Foster,Analytic,9,8.0
Edvard Northen,Lucy Foster,Independent,9,6.0
Edvard Northen,Lucy Foster,Determined,9,6.0
Edvard Northen,Lucy Foster,Professional,9,8.0
Edvard Northen,Lucy Foster,Studious,9,7.0
Edvard Northen,Lucy Foster,Imaginative,9,8.0
Edvard Northen,Lucy Foster,Analytic,10,8.0
Edvard Northen,Lucy Foster,Independent,10,8.0
Edvard Northen,Lucy Foster,Determined,10,8.0
Edvard Northen,Lucy Foster,Professional,10,8.0
Edvard Northen,Lucy Foster,Studious,10,8.0
Edvard Northen,Lucy Foster,Imaginative,10,8.0
Alwin Bullman,Lucy Foster,Analytic,1,2.0
Alwin Bullman,Lucy Foster,Independent,1,2.0
Alwin Bullman,Lucy Foster,Determined,1,4.0
Alwin Bullman,Lucy Foster,Professional,1,2.0
Alwin Bullman,Lucy Foster,Studious,1,3.0
Alwin Bullman,Lucy Foster,Imaginative,1,3.0
Alwin Bullman,Lucy Foster,Analytic,2,5.0
Alwin Bullman,Lucy Foster,Independent,2,2.0
Alwin Bullman,Lucy Foster,Determined,2,1.0
Alwin Bullman,Lucy Foster,Professional,2,3.0
Alwin Bullman,Lucy Foster,Studious,2,1.0
Alwin Bullman,Lucy Foster,Imaginative,2,2.0
Alwin Bullman,Lucy Foster,Analytic,3,6.0
Alwin Bullman,Lucy Foster,Independent,3,4.0
Alwin Bullman,Lucy Foster,Determined,3,5.0
Alwin Bullman,Lucy Foster,Professional,3,1.0
Alwin Bullman,Lucy Foster,Studious,3,2.0
Alwin Bullman,Lucy Foster,Imaginative,3,3.0
Alwin Bullman,Lucy Foster,Analytic,4,5.0
Alwin Bullman,Lucy Foster,Independent,4,5.0
Alwin Bullman,Lucy Foster,Determined,4,3.0
Alwin Bullman,Lucy Foster,Professional,4,6.0
Alwin Bullman,Lucy Foster,Studious,4,5.0
Alwin Bullman,Lucy Foster,Imaginative,4,8.0
Alwin Bullman,Lucy Foster,Analytic,5,8.0
Alwin Bullman,Lucy Foster,Independent,5,3.0
Alwin Bullman,Lucy Foster,Determined,5,8.0
Alwin Bullman,Lucy Foster,Professional,5,8.0
Alwin Bullman,Lucy Foster,Studious,5,3.0
Alwin Bullman,Lucy Foster,Imaginative,5,6.0
Alwin Bullman,Lucy Foster,Analytic,6,5.0
Alwin Bullman,Lucy Foster,Independent,6,8.0
Alwin Bullman,Lucy Foster,Determined,6,6.0
Alwin Bullman,Lucy Foster,Professional,6,6.0
Alwin Bullman,Lucy Foster,Studious,6,8.0
Alwin Bullman,Lucy Foster,Imaginative,6,4.0
Alwin Bullman,Lucy Foster,Analytic,7,8.0
Alwin Bullman,Lucy Foster,Independent,7,3.0
Alwin Bullman,Lucy Foster,Determined,7,8.0
Alwin Bullman,Lucy Foster,Professional,7,5.0
Alwin Bullman,Lucy Foster,Studious,7,5.0
Alwin Bullman,Lucy Foster,Imaginative,7,8.0
Alwin Bullman,Lucy Foster,Analytic,8,8.0
Alwin Bullman,Lucy Foster,Independent,8,8.0
Alwin Bullman,Lucy Foster,Determined,8,5.0
Alwin Bullman,Lucy Foster,Professional,8,8.0
Alwin Bullman,Lucy Foster,Studious,8,4.0
Alwin Bullman,Lucy Foster,Imaginative,8,5.0
Alwin Bullman,Lucy Foster,Analytic,9,7.0
Alwin Bullman,Lucy Foster,Independent,9,8.0
Alwin Bullman,Lucy Foster,Determined,9,8.0
Alwin Bullman,Lucy Foster,Professional,9,8.0
Alwin Bullman,Lucy Foster,Studious,9,5.0
Alwin Bullman,Lucy Foster,Imaginative,9,8.0
Alwin Bullman,Lucy Foster,Analytic,10,8.0
Alwin Bullman,Lucy Foster,Independent,10,8.0
Alwin Bullman,Lucy Foster,Determined,10,8.0
Alwin Bullman,Lucy Foster,Professional,10,8.0
Alwin Bullman,Lucy Foster,Studious,10,8.0
Alwin Bullman,Lucy Foster,Imaginative,10,8.0
Bob Rogerson,Lucy Foster,Analytic,1,2.0
Bob Rogerson,Lucy Foster,Independent,1,4.0
Bob Rogerson,Lucy Foster,Determined,1,1.0
Bob Rogerson,Lucy Foster,Professional,1,3.0
Bob Rogerson,Lucy Foster,Studious,1,3.0
Bob Rogerson,Lucy Foster,Imaginative,1,5.0
Bob Rogerson,Lucy Foster,Analytic,2,2.0
Bob Rogerson,Lucy Foster,Independent,2,3.0
Bob Rogerson,Lucy Foster,Determined,2,2.0
Bob Rogerson,Lucy Foster,Professional,2,3.0
Bob Rogerson,Lucy Foster,Studious,2,8.0
Bob Rogerson,Lucy Foster,Imaginative,2,1.0
Bob Rogerson,Lucy Foster,Analytic,3,6.0
Bob Rogerson,Lucy Foster,Independent,3,3.0
Bob Rogerson,Lucy Foster,Determined,3,2.0
Bob Rogerson,Lucy Foster,Professional,3,5.0
Bob Rogerson,Lucy Foster,Studious,3,4.0
Bob Rogerson,Lucy Foster,Imaginative,3,1.0
Bob Rogerson,Lucy Foster,Analytic,4,6.0
Bob Rogerson,Lucy Foster,Independent,4,5.0
Bob Rogerson,Lucy Foster,Determined,4,5.0
Bob Rogerson,Lucy Foster,Professional,4,5.0
Bob Rogerson,Lucy Foster,Studious,4,5.0
Bob Rogerson,Lucy Foster,Imaginative,4,8.0
Bob Rogerson,Lucy Foster,Analytic,5,4.0
Bob Rogerson,Lucy Foster,Independent,5,3.0
Bob Rogerson,Lucy Foster,Determined,5,5.0
Bob Rogerson,Lucy Foster,Professional,5,4.0
Bob Rogerson,Lucy Foster,Studious,5,5.0
Bob Rogerson,Lucy Foster,Imaginative,5,2.0
Bob Rogerson,Lucy Foster,Analytic,6,7.0
Bob Rogerson,Lucy Foster,Independent,6,6.0
Bob Rogerson,Lucy Foster,Determined,6,2.0
Bob Rogerson,Lucy Foster,Professional,6,3.0
Bob Rogerson,Lucy Foster,Studious,6,8.0
Bob Rogerson,Lucy Foster,Imaginative,6,7.0
Bob Rogerson,Lucy Foster,Analytic,7,5.0
Bob Rogerson,Lucy Foster,Independent,7,8.0
Bob Rogerson,Lucy Foster,Determined,7,8.0
Bob Rogerson,Lucy Foster,Professional,7,6.0
Bob Rogerson,Lucy Foster,Studious,7,8.0
Bob Rogerson,Lucy Foster,Imaginative,7,8.0
Bob Rogerson,Lucy Foster,Analytic,8,8.0
Bob Rogerson,Lucy Foster,Independent,8,5.0
Bob Rogerson,Lucy Foster,Determined,8,8.0
Bob Rogerson,Lucy Foster,Professional,8,8.0
Bob Rogerson,Lucy Foster,Studious,8,3.0
Bob Rogerson,Lucy Foster,Imaginative,8,8.0
Bob Rogerson,Lucy Foster,Analytic,9,7.0
Bob Rogerson,Lucy Foster,Independent,9,8.0
Bob Rogerson,Lucy Foster,Determined,9,4.0
Bob Rogerson,Lucy Foster,Professional,9,8.0
Bob Rogerson,Lucy Foster,Studious,9,8.0
Bob Rogerson,Lucy Foster,Imaginative,9,8.0
Bob Rogerson,Lucy Foster,Analytic,10,8.0
Bob Rogerson,Lucy Foster,Independent,10,8.0
Bob Rogerson,Lucy Foster,Determined,10,8.0
Bob Rogerson,Lucy Foster,Professional,10,8.0
Bob Rogerson,Lucy Foster,Studious,10,8.0
Bob Rogerson,Lucy Foster,Imaginative,10,8.0
Kerr Coucha,Lucy Foster,Analytic,1,3.0
Kerr Coucha,Lucy Foster,Independent,1,5.0
Kerr Coucha,Lucy Foster,Determined,1,3.0
Kerr Coucha,Lucy Foster,Professional,1,2.0
Kerr Coucha,Lucy Foster,Studious,1,3.0
Kerr Coucha,Lucy Foster,Imaginative,1,5.0
Kerr Coucha,Lucy Foster,Analytic,2,2.0
Kerr Coucha,Lucy Foster,Independent,2,5.0
Kerr Coucha,Lucy Foster,Determined,2,4.0
Kerr Coucha,Lucy Foster,Professional,2,3.0
Kerr Coucha,Lucy Foster,Studious,2,3.0
Kerr Coucha,Lucy Foster,Imaginative,2,4.0
Kerr Coucha,Lucy Foster,Analytic,3,3.0
Kerr Coucha,Lucy Foster,Independent,3,3.0
Kerr Coucha,Lucy Foster,Determined,3,4.0
Kerr Coucha,Lucy Foster,Professional,3,4.0
Kerr Coucha,Lucy Foster,Studious,3,5.0
Kerr Coucha,Lucy Foster,Imaginative,3,5.0
Kerr Coucha,Lucy Foster,Analytic,4,6.0
Kerr Coucha,Lucy Foster,Independent,4,5.0
Kerr Coucha,Lucy Foster,Determined,4,8.0
Kerr Coucha,Lucy Foster,Professional,4,4.0
Kerr Coucha,Lucy Foster,Studious,4,2.0
Kerr Coucha,Lucy Foster,Imaginative,4,8.0
Kerr Coucha,Lucy Foster,Analytic,5,8.0
Kerr Coucha,Lucy Foster,Independent,5,3.0
Kerr Coucha,Lucy Foster,Determined,5,6.0
Kerr Coucha,Lucy Foster,Professional,5,5.0
Kerr Coucha,Lucy Foster,Studious,5,7.0
Kerr Coucha,Lucy Foster,Imaginative,5,5.0
Kerr Coucha,Lucy Foster,Analytic,6,8.0
Kerr Coucha,Lucy Foster,Independent,6,5.0
Kerr Coucha,Lucy Foster,Determined,6,8.0
Kerr Coucha,Lucy Foster,Professional,6,8.0
Kerr Coucha,Lucy Foster,Studious,6,6.0
Kerr Coucha,Lucy Foster,Imaginative,6,2.0
Kerr Coucha,Lucy Foster,Analytic,7,8.0
Kerr Coucha,Lucy Foster,Independent,7,6.0
Kerr Coucha,Lucy Foster,Determined,7,8.0
Kerr Coucha,Lucy Foster,Professional,7,5.0
Kerr Coucha,Lucy Foster,Studious,7,8.0
Kerr Coucha,Lucy Foster,Imaginative,7,6.0
Kerr Coucha,Lucy Foster,Analytic,8,8.0
Kerr Coucha,Lucy Foster,Independent,8,8.0
Kerr Coucha,Lucy Foster,Determined,8,8.0
Kerr Coucha,Lucy Foster,Professional,8,7.0
Kerr Coucha,Lucy Foster,Studious,8,8.0
Kerr Coucha,Lucy Foster,Imaginative,8,7.0
Kerr Coucha,Lucy Foster,Analytic,9,5.0
Kerr Coucha,Lucy Foster,Independent,9,8.0
Kerr Coucha,Lucy Foster,Determined,9,5.0
Kerr Coucha,Lucy Foster,Professional,9,8.0
Kerr Coucha,Lucy Foster,Studious,9,7.0
Kerr Coucha,Lucy Foster,Imaginative,9,8.0
Kerr Coucha,Lucy Foster,Analytic,10,8.0
Kerr Coucha,Lucy Foster,Independent,10,8.0
Kerr Coucha,Lucy Foster,Determined,10,8.0
Kerr Coucha,Lucy Foster,Professional,10,8.0
Kerr Coucha,Lucy Foster,Studious,10,8.0
Kerr Coucha,Lucy Foster,Imaginative,10,8.0
Nancie Mehaffey,Lucy Foster,Analytic,1,4.0
Nancie Mehaffey,Lucy Foster,Independent,1,4.0
Nancie Mehaffey,Lucy Foster,Determined,1,5.0
Nancie Mehaffey,Lucy Foster,Professional,1,3.0
Nancie Mehaffey,Lucy Foster,Studious,1,2.0
Nancie Mehaffey,Lucy Foster,Imaginative,1,1.0
Nancie Mehaffey,Lucy Foster,Analytic,2,1.0
Nancie Mehaffey,Lucy Foster,Independent,2,5.0
Nancie Mehaffey,Lucy Foster,Determined,2,6.0
Nancie Mehaffey,Lucy Foster,Professional,2,1.0
Nancie Mehaffey,Lucy Foster,Studious,2,1.0
Nancie Mehaffey,Lucy Foster,Imaginative,2,1.0
Nancie Mehaffey,Lucy Foster,Analytic,3,3.0
Nancie Mehaffey,Lucy Foster,Independent,3,5.0
Nancie Mehaffey,Lucy Foster,Determined,3,2.0
Nancie Mehaffey,Lucy Foster,Professional,3,2.0
Nancie Mehaffey,Lucy Foster,Studious,3,8.0
Nancie Mehaffey,Lucy Foster,Imaginative,3,2.0
Nancie Mehaffey,Lucy Foster,Analytic,4,8.0
Nancie Mehaffey,Lucy Foster,Independent,4,8.0
Nancie Mehaffey,Lucy Foster,Determined,4,6.0
Nancie Mehaffey,Lucy Foster,Professional,4,8.0
Nancie Mehaffey,Lucy Foster,Studious,4,8.0
Nancie Mehaffey,Lucy Foster,Imaginative,4,7.0
Nancie Mehaffey,Lucy Foster,Analytic,5,6.0
Nancie Mehaffey,Lucy Foster,Independent,5,5.0
Nancie Mehaffey,Lucy Foster,Determined,5,4.0
Nancie Mehaffey,Lucy Foster,Professional,5,6.0
Nancie Mehaffey,Lucy Foster,Studious,5,4.0
Nancie Mehaffey,Lucy Foster,Imaginative,5,7.0
Nancie Mehaffey,Lucy Foster,Analytic,6,4.0
Nancie Mehaffey,Lucy Foster,Independent,6,5.0
Nancie Mehaffey,Lucy Foster,Determined,6,8.0
Nancie Mehaffey,Lucy Foster,Professional,6,6.0
Nancie Mehaffey,Lucy Foster,Studious,6,5.0
Nancie Mehaffey,Lucy Foster,Imaginative,6,5.0
Nancie Mehaffey,Lucy Foster,Analytic,7,8.0
Nancie Mehaffey,Lucy Foster,Independent,7,8.0
Nancie Mehaffey,Lucy Foster,Determined,7,8.0
Nancie Mehaffey,Lucy Foster,Professional,7,8.0
Nancie Mehaffey,Lucy Foster,Studious,7,8.0
Nancie Mehaffey,Lucy Foster,Imaginative,7,8.0
Nancie Mehaffey,Lucy Foster,Analytic,8,8.0
Nancie Mehaffey,Lucy Foster,Independent,8,4.0
Nancie Mehaffey,Lucy Foster,Determined,8,8.0
Nancie Mehaffey,Lucy Foster,Professional,8,8.0
Nancie Mehaffey,Lucy Foster,Studious,8,8.0
Nancie Mehaffey,Lucy Foster,Imaginative,8,7.0
Nancie Mehaffey,Lucy Foster,Analytic,9,8.0
Nancie Mehaffey,Lucy Foster,Independent,9,8.0
Nancie Mehaffey,Lucy Foster,Determined,9,8.0
Nancie Mehaffey,Lucy Foster,Professional,9,5.0
Nancie Mehaffey,Lucy Foster,Studious,9,8.0
Nancie Mehaffey,Lucy Foster,Imaginative,9,8.0
Nancie Mehaffey,Lucy Foster,Analytic,10,8.0
Nancie Mehaffey,Lucy Foster,Independent,10,8.0
Nancie Mehaffey,Lucy Foster,Determined,10,8.0
Nancie Mehaffey,Lucy Foster,Professional,10,8.0
Nancie Mehaffey,Lucy Foster,Studious,10,8.0
Nancie Mehaffey,Lucy Foster,Imaginative,10,8.0
Violet Luscombe,Lucy Foster,Analytic,1,4.0
Violet Luscombe,Lucy Foster,Independent,1,7.0
Violet Luscombe,Lucy Foster,Determined,1,2.0
Violet Luscombe,Lucy Foster,Professional,1,1.0
Violet Luscombe,Lucy Foster,Studious,1,4.0
Violet Luscombe,Lucy Foster,Imaginative,1,2.0
Violet Luscombe,Lucy Foster,Analytic,2,4.0
Violet Luscombe,Lucy Foster,Independent,2,5.0
Violet Luscombe,Lucy Foster,Determined,2,6.0
Violet Luscombe,Lucy Foster,Professional,2,4.0
Violet Luscombe,Lucy Foster,Studious,2,3.0
Violet Luscombe,Lucy Foster,Imaginative,2,5.0
Violet Luscombe,Lucy Foster,Analytic,3,3.0
Violet Luscombe,Lucy Foster,Independent,3,8.0
Violet Luscombe,Lucy Foster,Determined,3,4.0
Violet Luscombe,Lucy Foster,Professional,3,3.0
Violet Luscombe,Lucy Foster,Studious,3,4.0
Violet Luscombe,Lucy Foster,Imaginative,3,5.0
Violet Luscombe,Lucy Foster,Analytic,4,7.0
Violet Luscombe,Lucy Foster,Independent,4,8.0
Violet Luscombe,Lucy Foster,Determined,4,8.0
Violet Luscombe,Lucy Foster,Professional,4,8.0
Violet Luscombe,Lucy Foster,Studious,4,5.0
Violet Luscombe,Lucy Foster,Imaginative,4,7.0
Violet Luscombe,Lucy Foster,Analytic,5,8.0
Violet Luscombe,Lucy Foster,Independent,5,8.0
Violet Luscombe,Lucy Foster,Determined,5,8.0
Violet Luscombe,Lucy Foster,Professional,5,5.0
Violet Luscombe,Lucy Foster,Studious,5,5.0
Violet Luscombe,Lucy Foster,Imaginative,5,8.0
Violet Luscombe,Lucy Foster,Analytic,6,8.0
Violet Luscombe,Lucy Foster,Independent,6,8.0
Violet Luscombe,Lucy Foster,Determined,6,8.0
Violet Luscombe,Lucy Foster,Professional,6,6.0
Violet Luscombe,Lucy Foster,Studious,6,7.0
Violet Luscombe,Lucy Foster,Imaginative,6,6.0
Violet Luscombe,Lucy Foster,Analytic,7,4.0
Violet Luscombe,Lucy Foster,Independent,7,8.0
Violet Luscombe,Lucy Foster,Determined,7,8.0
Violet Luscombe,Lucy Foster,Professional,7,7.0
Violet Luscombe,Lucy Foster,Studious,7,6.0
Violet Luscombe,Lucy Foster,Imaginative,7,5.0
Violet Luscombe,Lucy Foster,Analytic,8,7.0
Violet Luscombe,Lucy Foster,Independent,8,8.0
Violet Luscombe,Lucy Foster,Determined,8,8.0
Violet Luscombe,Lucy Foster,Professional,8,8.0
Violet Luscombe,Lucy Foster,Studious,8,8.0
Violet Luscombe,Lucy Foster,Imaginative,8,8.0
Violet Luscombe,Lucy Foster,Analytic,9,8.0
Violet Luscombe,Lucy Foster,Independent,9,8.0
Violet Luscombe,Lucy Foster,Determined,9,8.0
Violet Luscombe,Lucy Foster,Professional,9,8.0
Violet Luscombe,Lucy Foster,Studious,9,8.0
Violet Luscombe,Lucy Foster,Imaginative,9,8.0
Violet Luscombe,Lucy Foster,Analytic,10,8.0
Violet Luscombe,Lucy Foster,Independent,10,8.0
Violet Luscombe,Lucy Foster,Determined,10,8.0
Violet Luscombe,Lucy Foster,Professional,10,8.0
Violet Luscombe,Lucy Foster,Studious,10,8.0
Violet Luscombe,Lucy Foster,Imaginative,10,8.0
Cora Klausewitz,Lucy Foster,Analytic,1,3.0
Cora Klausewitz,Lucy Foster,Independent,1,1.0
Cora Klausewitz,Lucy Foster,Determined,1,2.0
Cora Klausewitz,Lucy Foster,Professional,1,2.0
Cora Klausewitz,Lucy Foster,Studious,1,3.0
Cora Klausewitz,Lucy Foster,Imaginative,1,2.0
Cora Klausewitz,Lucy Foster,Analytic,2,1.0
Cora Klausewitz,Lucy Foster,Independent,2,2.0
Cora Klausewitz,Lucy Foster,Determined,2,3.0
Cora Klausewitz,Lucy Foster,Professional,2,1.0
Cora Klausewitz,Lucy Foster,Studious,2,4.0
Cora Klausewitz,Lucy Foster,Imaginative,2,3.0
Cora Klausewitz,Lucy Foster,Analytic,3,2.0
Cora Klausewitz,Lucy Foster,Independent,3,5.0
Cora Klausewitz,Lucy Foster,Determined,3,2.0
Cora Klausewitz,Lucy Foster,Professional,3,1.0
Cora Klausewitz,Lucy Foster,Studious,3,4.0
Cora Klausewitz,Lucy Foster,Imaginative,3,3.0
Cora Klausewitz,Lucy Foster,Analytic,4,6.0
Cora Klausewitz,Lucy Foster,Independent,4,7.0
Cora Klausewitz,Lucy Foster,Determined,4,5.0
Cora Klausewitz,Lucy Foster,Professional,4,8.0
Cora Klausewitz,Lucy Foster,Studious,4,8.0
Cora Klausewitz,Lucy Foster,Imaginative,4,3.0
Cora Klausewitz,Lucy Foster,Analytic,5,7.0
Cora Klausewitz,Lucy Foster,Independent,5,6.0
Cora Klausewitz,Lucy Foster,Determined,5,6.0
Cora Klausewitz,Lucy Foster,Professional,5,8.0
Cora Klausewitz,Lucy Foster,Studious,5,4.0
Cora Klausewitz,Lucy Foster,Imaginative,5,6.0
Cora Klausewitz,Lucy Foster,Analytic,6,7.0
Cora Klausewitz,Lucy Foster,Independent,6,8.0
Cora Klausewitz,Lucy Foster,Determined,6,5.0
Cora Klausewitz,Lucy Foster,Professional,6,5.0
Cora Klausewitz,Lucy Foster,Studious,6,6.0
Cora Klausewitz,Lucy Foster,Imaginative,6,8.0
Cora Klausewitz,Lucy Foster,Analytic,7,6.0
Cora Klausewitz,Lucy Foster,Independent,7,8.0
Cora Klausewitz,Lucy Foster,Determined,7,2.0
Cora Klausewitz,Lucy Foster,Professional,7,8.0
Cora Klausewitz,Lucy Foster,Studious,7,6.0
Cora Klausewitz,Lucy Foster,Imaginative,7,8.0
Cora Klausewitz,Lucy Foster,Analytic,8,8.0
Cora Klausewitz,Lucy Foster,Independent,8,8.0
Cora Klausewitz,Lucy Foster,Determined,8,6.0
Cora Klausewitz,Lucy Foster,Professional,8,8.0
Cora Klausewitz,Lucy Foster,Studious,8,8.0
Cora Klausewitz,Lucy Foster,Imaginative,8,8.0
Cora Klausewitz,Lucy Foster,Analytic,9,8.0
Cora Klausewitz,Lucy Foster,Independent,9,8.0
Cora Klausewitz,Lucy Foster,Determined,9,8.0
Cora Klausewitz,Lucy Foster,Professional,9,7.0
Cora Klausewitz,Lucy Foster,Studious,9,8.0
Cora Klausewitz,Lucy Foster,Imaginative,9,7.0
Cora Klausewitz,Lucy Foster,Analytic,10,8.0
Cora Klausewitz,Lucy Foster,Independent,10,8.0
Cora Klausewitz,Lucy Foster,Determined,10,8.0
Cora Klausewitz,Lucy Foster,Professional,10,8.0
Cora Klausewitz,Lucy Foster,Studious,10,8.0
Cora Klausewitz,Lucy Foster,Imaginative,10,8.0
Scarface Gallihaulk,Lucy Foster,Analytic,1,8.0
Scarface Gallihaulk,Lucy Foster,Independent,1,2.0
Scarface Gallihaulk,Lucy Foster,Determined,1,2.0
Scarface Gallihaulk,Lucy Foster,Professional,1,1.0
Scarface Gallihaulk,Lucy Foster,Studious,1,2.0
Scarface Gallihaulk,Lucy Foster,Imaginative,1,1.0
Scarface Gallihaulk,Lucy Foster,Analytic,2,3.0
Scarface Gallihaulk,Lucy Foster,Independent,2,2.0
Scarface Gallihaulk,Lucy Foster,Determined,2,7.0
Scarface Gallihaulk,Lucy Foster,Professional,2,3.0
Scarface Gallihaulk,Lucy Foster,Studious,2,2.0
Scarface Gallihaulk,Lucy Foster,Imaginative,2,7.0
Scarface Gallihaulk,Lucy Foster,Analytic,3,1.0
Scarface Gallihaulk,Lucy Foster,Independent,3,5.0
Scarface Gallihaulk,Lucy Foster,Determined,3,2.0
Scarface Gallihaulk,Lucy Foster,Professional,3,3.0
Scarface Gallihaulk,Lucy Foster,Studious,3,4.0
Scarface Gallihaulk,Lucy Foster,Imaginative,3,2.0
Scarface Gallihaulk,Lucy Foster,Analytic,4,4.0
Scarface Gallihaulk,Lucy Foster,Independent,4,8.0
Scarface Gallihaulk,Lucy Foster,Determined,4,8.0
Scarface Gallihaulk,Lucy Foster,Professional,4,8.0
Scarface Gallihaulk,Lucy Foster,Studious,4,7.0
Scarface Gallihaulk,Lucy Foster,Imaginative,4,6.0
Scarface Gallihaulk,Lucy Foster,Analytic,5,8.0
Scarface Gallihaulk,Lucy Foster,Independent,5,6.0
Scarface Gallihaulk,Lucy Foster,Determined,5,8.0
Scarface Gallihaulk,Lucy Foster,Professional,5,3.0
Scarface Gallihaulk,Lucy Foster,Studious,5,7.0
Scarface Gallihaulk,Lucy Foster,Imaginative,5,8.0
Scarface Gallihaulk,Lucy Foster,Analytic,6,4.0
Scarface Gallihaulk,Lucy Foster,Independent,6,5.0
Scarface Gallihaulk,Lucy Foster,Determined,6,4.0
Scarface Gallihaulk,Lucy Foster,Professional,6,7.0
Scarface Gallihaulk,Lucy Foster,Studious,6,2.0
Scarface Gallihaulk,Lucy Foster,Imaginative,6,8.0
Scarface Gallihaulk,Lucy Foster,Analytic,7,8.0
Scarface Gallihaulk,Lucy Foster,Independent,7,8.0
Scarface Gallihaulk,Lucy Foster,Determined,7,5.0
Scarface Gallihaulk,Lucy Foster,Professional,7,8.0
Scarface Gallihaulk,Lucy Foster,Studious,7,5.0
Scarface Gallihaulk,Lucy Foster,Imaginative,7,8.0
Scarface Gallihaulk,Lucy Foster,Analytic,8,7.0
Scarface Gallihaulk,Lucy Foster,Independent,8,6.0
Scarface Gallihaulk,Lucy Foster,Determined,8,8.0
Scarface Gallihaulk,Lucy Foster,Professional,8,8.0
Scarface Gallihaulk,Lucy Foster,Studious,8,6.0
Scarface Gallihaulk,Lucy Foster,Imaginative,8,8.0
Scarface Gallihaulk,Lucy Foster,Analytic,9,8.0
Scarface Gallihaulk,Lucy Foster,Independent,9,8.0
Scarface Gallihaulk,Lucy Foster,Determined,9,8.0
Scarface Gallihaulk,Lucy Foster,Professional,9,8.0
Scarface Gallihaulk,Lucy Foster,Studious,9,4.0
Scarface Gallihaulk,Lucy Foster,Imaginative,9,8.0
Scarface Gallihaulk,Lucy Foster,Analytic,10,8.0
Scarface Gallihaulk,Lucy Foster,Independent,10,8.0
Scarface Gallihaulk,Lucy Foster,Determined,10,7.0
Scarface Gallihaulk,Lucy Foster,Professional,10,8.0
Scarface Gallihaulk,Lucy Foster,Studious,10,8.0
Scarface Gallihaulk,Lucy Foster,Imaginative,10,8.0
Anna Lamperti,Lucy Foster,Analytic,1,5.0
Anna Lamperti,Lucy Foster,Independent,1,3.0
Anna Lamperti,Lucy Foster,Determined,1,2.0
Anna Lamperti,Lucy Foster,Professional,1,2.0
Anna Lamperti,Lucy Foster,Studious,1,5.0
Anna Lamperti,Lucy Foster,Imaginative,1,4.0
Anna Lamperti,Lucy Foster,Analytic,2,3.0
Anna Lamperti,Lucy Foster,Independent,2,2.0
Anna Lamperti,Lucy Foster,Determined,2,1.0
Anna Lamperti,Lucy Foster,Professional,2,3.0
Anna Lamperti,Lucy Foster,Studious,2,2.0
Anna Lamperti,Lucy Foster,Imaginative,2,3.0
Anna Lamperti,Lucy Foster,Analytic,3,1.0
Anna Lamperti,Lucy Foster,Independent,3,1.0
Anna Lamperti,Lucy Foster,Determined,3,4.0
Anna Lamperti,Lucy Foster,Professional,3,5.0
Anna Lamperti,Lucy Foster,Studious,3,4.0
Anna Lamperti,Lucy Foster,Imaginative,3,5.0
Anna Lamperti,Lucy Foster,Analytic,4,8.0
Anna Lamperti,Lucy Foster,Independent,4,7.0
Anna Lamperti,Lucy Foster,Determined,4,8.0
Anna Lamperti,Lucy Foster,Professional,4,8.0
Anna Lamperti,Lucy Foster,Studious,4,8.0
Anna Lamperti,Lucy Foster,Imaginative,4,8.0
Anna Lamperti,Lucy Foster,Analytic,5,7.0
Anna Lamperti,Lucy Foster,Independent,5,8.0
Anna Lamperti,Lucy Foster,Determined,5,4.0
Anna Lamperti,Lucy Foster,Professional,5,8.0
Anna Lamperti,Lucy Foster,Studious,5,8.0
Anna Lamperti,Lucy Foster,Imaginative,5,8.0
Anna Lamperti,Lucy Foster,Analytic,6,6.0
Anna Lamperti,Lucy Foster,Independent,6,7.0
Anna Lamperti,Lucy Foster,Determined,6,7.0
Anna Lamperti,Lucy Foster,Professional,6,4.0
Anna Lamperti,Lucy Foster,Studious,6,4.0
Anna Lamperti,Lucy Foster,Imaginative,6,4.0
Anna Lamperti,Lucy Foster,Analytic,7,6.0
Anna Lamperti,Lucy Foster,Independent,7,8.0
Anna Lamperti,Lucy Foster,Determined,7,7.0
Anna Lamperti,Lucy Foster,Professional,7,6.0
Anna Lamperti,Lucy Foster,Studious,7,8.0
Anna Lamperti,Lucy Foster,Imaginative,7,4.0
Anna Lamperti,Lucy Foster,Analytic,8,8.0
Anna Lamperti,Lucy Foster,Independent,8,8.0
Anna Lamperti,Lucy Foster,Determined,8,8.0
Anna Lamperti,Lucy Foster,Professional,8,5.0
Anna Lamperti,Lucy Foster,Studious,8,6.0
Anna Lamperti,Lucy Foster,Imaginative,8,8.0
Anna Lamperti,Lucy Foster,Analytic,9,8.0
Anna Lamperti,Lucy Foster,Independent,9,8.0
Anna Lamperti,Lucy Foster,Determined,9,8.0
Anna Lamperti,Lucy Foster,Professional,9,8.0
Anna Lamperti,Lucy Foster,Studious,9,8.0
Anna Lamperti,Lucy Foster,Imaginative,9,7.0
Anna Lamperti,Lucy Foster,Analytic,10,8.0
Anna Lamperti,Lucy Foster,Independent,10,8.0
Anna Lamperti,Lucy Foster,Determined,10,8.0
Anna Lamperti,Lucy Foster,Professional,10,8.0
Anna Lamperti,Lucy Foster,Studious,10,8.0
Anna Lamperti,Lucy Foster,Imaginative,10,7.0
Collin Commins,Lucy Foster,Analytic,1,2.0
Collin Commins,Lucy Foster,Independent,1,4.0
Collin Commins,Lucy Foster,Determined,1,4.0
Collin Commins,Lucy Foster,Professional,1,4.0
Collin Commins,Lucy Foster,Studious,1,5.0
Collin Commins,Lucy Foster,Imaginative,1,1.0
Collin Commins,Lucy Foster,Analytic,2,2.0
Collin Commins,Lucy Foster,Independent,2,2.0
Collin Commins,Lucy Foster,Determined,2,3.0
Collin Commins,Lucy Foster,Professional,2,6.0
Collin Commins,Lucy Foster,Studious,2,3.0
Collin Commins,Lucy Foster,Imaginative,2,3.0
Collin Commins,Lucy Foster,Analytic,3,2.0
Collin Commins,Lucy Foster,Independent,3,2.0
Collin Commins,Lucy Foster,Determined,3,3.0
Collin Commins,Lucy Foster,Professional,3,2.0
Collin Commins,Lucy Foster,Studious,3,3.0
Collin Commins,Lucy Foster,Imaginative,3,4.0
Collin Commins,Lucy Foster,Analytic,4,4.0
Collin Commins,Lucy Foster,Independent,4,5.0
Collin Commins,Lucy Foster,Determined,4,8.0
Collin Commins,Lucy Foster,Professional,4,8.0
Collin Commins,Lucy Foster,Studious,4,6.0
Collin Commins,Lucy Foster,Imaginative,4,6.0
Collin Commins,Lucy Foster,Analytic,5,6.0
Collin Commins,Lucy Foster,Independent,5,6.0
Collin Commins,Lucy Foster,Determined,5,3.0
Collin Commins,Lucy Foster,Professional,5,8.0
Collin Commins,Lucy Foster,Studious,5,8.0
Collin Commins,Lucy Foster,Imaginative,5,2.0
Collin Commins,Lucy Foster,Analytic,6,7.0
Collin Commins,Lucy Foster,Independent,6,7.0
Collin Commins,Lucy Foster,Determined,6,7.0
Collin Commins,Lucy Foster,Professional,6,4.0
Collin Commins,Lucy Foster,Studious,6,8.0
Collin Commins,Lucy Foster,Imaginative,6,4.0
Collin Commins,Lucy Foster,Analytic,7,8.0
Collin Commins,Lucy Foster,Independent,7,8.0
Collin Commins,Lucy Foster,Determined,7,8.0
Collin Commins,Lucy Foster,Professional,7,8.0
Collin Commins,Lucy Foster,Studious,7,8.0
Collin Commins,Lucy Foster,Imaginative,7,8.0
Collin Commins,Lucy Foster,Analytic,8,8.0
Collin Commins,Lucy Foster,Independent,8,4.0
Collin Commins,Lucy Foster,Determined,8,8.0
Collin Commins,Lucy Foster,Professional,8,8.0
Collin Commins,Lucy Foster,Studious,8,8.0
Collin Commins,Lucy Foster,Imaginative,8,8.0
Collin Commins,Lucy Foster,Analytic,9,8.0
Collin Commins,Lucy Foster,Independent,9,8.0
Collin Commins,Lucy Foster,Determined,9,4.0
Collin Commins,Lucy Foster,Professional,9,8.0
Collin Commins,Lucy Foster,Studious,9,6.0
Collin Commins,Lucy Foster,Imaginative,9,8.0
Collin Commins,Lucy Foster,Analytic,10,8.0
Collin Commins,Lucy Foster,Independent,10,8.0
Collin Commins,Lucy Foster,Determined,10,8.0
Collin Commins,Lucy Foster,Professional,10,8.0
Collin Commins,Lucy Foster,Studious,10,5.0
Collin Commins,Lucy Foster,Imaginative,10,8.0
Chrissy Bartholin,Lucy Foster,Analytic,1,2.0
Chrissy Bartholin,Lucy Foster,Independent,1,4.0
Chrissy Bartholin,Lucy Foster,Determined,1,1.0
Chrissy Bartholin,Lucy Foster,Professional,1,3.0
Chrissy Bartholin,Lucy Foster,Studious,1,4.0
Chrissy Bartholin,Lucy Foster,Imaginative,1,3.0
Chrissy Bartholin,Lucy Foster,Analytic,2,2.0
Chrissy Bartholin,Lucy Foster,Independent,2,1.0
Chrissy Bartholin,Lucy Foster,Determined,2,1.0
Chrissy Bartholin,Lucy Foster,Professional,2,2.0
Chrissy Bartholin,Lucy Foster,Studious,2,1.0
Chrissy Bartholin,Lucy Foster,Imaginative,2,3.0
Baird Reynoollds,Lucy Foster,Analytic,1,4.0
Baird Reynoollds,Lucy Foster,Independent,1,3.0
Baird Reynoollds,Lucy Foster,Determined,1,1.0
Baird Reynoollds,Lucy Foster,Professional,1,1.0
Baird Reynoollds,Lucy Foster,Studious,1,1.0
Baird Reynoollds,Lucy Foster,Imaginative,1,5.0
Baird Reynoollds,Lucy Foster,Analytic,2,2.0
Baird Reynoollds,Lucy Foster,Independent,2,3.0
Baird Reynoollds,Lucy Foster,Determined,2,1.0
Baird Reynoollds,Lucy Foster,Professional,2,2.0
Baird Reynoollds,Lucy Foster,Studious,2,1.0
Baird Reynoollds,Lucy Foster,Imaginative,2,3.0
Baird Reynoollds,Lucy Foster,Analytic,3,5.0
Baird Reynoollds,Lucy Foster,Independent,3,3.0
Baird Reynoollds,Lucy Foster,Determined,3,1.0
Baird Reynoollds,Lucy Foster,Professional,3,3.0
Baird Reynoollds,Lucy Foster,Studious,3,3.0
Baird Reynoollds,Lucy Foster,Imaginative,3,1.0
Baird Reynoollds,Lucy Foster,Analytic,4,2.0
Baird Reynoollds,Lucy Foster,Independent,4,8.0
Baird Reynoollds,Lucy Foster,Determined,4,3.0
Baird Reynoollds,Lucy Foster,Professional,4,4.0
Baird Reynoollds,Lucy Foster,Studious,4,8.0
Baird Reynoollds,Lucy Foster,Imaginative,4,8.0
Baird Reynoollds,Lucy Foster,Analytic,5,8.0
Baird Reynoollds,Lucy Foster,Independent,5,8.0
Baird Reynoollds,Lucy Foster,Determined,5,6.0
Baird Reynoollds,Lucy Foster,Professional,5,3.0
Baird Reynoollds,Lucy Foster,Studious,5,3.0
Baird Reynoollds,Lucy Foster,Imaginative,5,6.0
Baird Reynoollds,Lucy Foster,Analytic,6,4.0
Baird Reynoollds,Lucy Foster,Independent,6,6.0
Baird Reynoollds,Lucy Foster,Determined,6,1.0
Baird Reynoollds,Lucy Foster,Professional,6,8.0
Baird Reynoollds,Lucy Foster,Studious,6,7.0
Baird Reynoollds,Lucy Foster,Imaginative,6,8.0
Baird Reynoollds,Lucy Foster,Analytic,7,5.0
Baird Reynoollds,Lucy Foster,Independent,7,8.0
Baird Reynoollds,Lucy Foster,Determined,7,8.0
Baird Reynoollds,Lucy Foster,Professional,7,7.0
Baird Reynoollds,Lucy Foster,Studious,7,8.0
Baird Reynoollds,Lucy Foster,Imaginative,7,8.0
Baird Reynoollds,Lucy Foster,Analytic,8,8.0
Baird Reynoollds,Lucy Foster,Independent,8,7.0
Baird Reynoollds,Lucy Foster,Determined,8,4.0
Baird Reynoollds,Lucy Foster,Professional,8,7.0
Baird Reynoollds,Lucy Foster,Studious,8,8.0
Baird Reynoollds,Lucy Foster,Imaginative,8,1.0
Baird Reynoollds,Lucy Foster,Analytic,9,8.0
Baird Reynoollds,Lucy Foster,Independent,9,8.0
Baird Reynoollds,Lucy Foster,Determined,9,8.0
Baird Reynoollds,Lucy Foster,Professional,9,7.0
Baird Reynoollds,Lucy Foster,Studious,9,8.0
Baird Reynoollds,Lucy Foster,Imaginative,9,5.0
Baird Reynoollds,Lucy Foster,Analytic,10,8.0
Baird Reynoollds,Lucy Foster,Independent,10,8.0
Baird Reynoollds,Lucy Foster,Determined,10,8.0
Baird Reynoollds,Lucy Foster,Professional,10,8.0
Baird Reynoollds,Lucy Foster,Studious,10,8.0
Baird Reynoollds,Lucy Foster,Imaginative,10,8.0
Vasili Cartledge,Lucy Foster,Analytic,1,3.0
Vasili Cartledge,Lucy Foster,Independent,1,2.0
Vasili Cartledge,Lucy Foster,Determined,1,3.0
Vasili Cartledge,Lucy Foster,Professional,1,2.0
Vasili Cartledge,Lucy Foster,Studious,1,2.0
Vasili Cartledge,Lucy Foster,Imaginative,1,5.0
Vasili Cartledge,Lucy Foster,Analytic,2,4.0
Vasili Cartledge,Lucy Foster,Independent,2,4.0
Vasili Cartledge,Lucy Foster,Determined,2,1.0
Vasili Cartledge,Lucy Foster,Professional,2,3.0
Vasili Cartledge,Lucy Foster,Studious,2,1.0
Vasili Cartledge,Lucy Foster,Imaginative,2,4.0
Vasili Cartledge,Lucy Foster,Analytic,3,1.0
Vasili Cartledge,Lucy Foster,Independent,3,4.0
Vasili Cartledge,Lucy Foster,Determined,3,6.0
Vasili Cartledge,Lucy Foster,Professional,3,2.0
Vasili Cartledge,Lucy Foster,Studious,3,1.0
Vasili Cartledge,Lucy Foster,Imaginative,3,2.0
Vasili Cartledge,Lucy Foster,Analytic,4,7.0
Vasili Cartledge,Lucy Foster,Independent,4,8.0
Vasili Cartledge,Lucy Foster,Determined,4,5.0
Vasili Cartledge,Lucy Foster,Professional,4,5.0
Vasili Cartledge,Lucy Foster,Studious,4,3.0
Vasili Cartledge,Lucy Foster,Imaginative,4,2.0
Vasili Cartledge,Lucy Foster,Analytic,5,6.0
Vasili Cartledge,Lucy Foster,Independent,5,4.0
Vasili Cartledge,Lucy Foster,Determined,5,4.0
Vasili Cartledge,Lucy Foster,Professional,5,3.0
Vasili Cartledge,Lucy Foster,Studious,5,5.0
Vasili Cartledge,Lucy Foster,Imaginative,5,4.0
Vasili Cartledge,Lucy Foster,Analytic,6,5.0
Vasili Cartledge,Lucy Foster,Independent,6,7.0
Vasili Cartledge,Lucy Foster,Determined,6,5.0
Vasili Cartledge,Lucy Foster,Professional,6,3.0
Vasili Cartledge,Lucy Foster,Studious,6,3.0
Vasili Cartledge,Lucy Foster,Imaginative,6,7.0
Vasili Cartledge,Lucy Foster,Analytic,7,8.0
Vasili Cartledge,Lucy Foster,Independent,7,8.0
Vasili Cartledge,Lucy Foster,Determined,7,8.0
Vasili Cartledge,Lucy Foster,Professional,7,8.0
Vasili Cartledge,Lucy Foster,Studious,7,8.0
Vasili Cartledge,Lucy Foster,Imaginative,7,3.0
Vasili Cartledge,Lucy Foster,Analytic,8,8.0
Vasili Cartledge,Lucy Foster,Independent,8,8.0
Vasili Cartledge,Lucy Foster,Determined,8,8.0
Vasili Cartledge,Lucy Foster,Professional,8,7.0
Vasili Cartledge,Lucy Foster,Studious,8,8.0
Vasili Cartledge,Lucy Foster,Imaginative,8,8.0
Vasili Cartledge,Lucy Foster,Analytic,9,8.0
Vasili Cartledge,Lucy Foster,Independent,9,8.0
Vasili Cartledge,Lucy Foster,Determined,9,8.0
Vasili Cartledge,Lucy Foster,Professional,9,8.0
Vasili Cartledge,Lucy Foster,Studious,9,4.0
Vasili Cartledge,Lucy Foster,Imaginative,9,8.0
Vasili Cartledge,Lucy Foster,Analytic,10,8.0
Vasili Cartledge,Lucy Foster,Independent,10,8.0
Vasili Cartledge,Lucy Foster,Determined,10,8.0
Vasili Cartledge,Lucy Foster,Professional,10,8.0
Vasili Cartledge,Lucy Foster,Studious,10,8.0
Vasili Cartledge,Lucy Foster,Imaginative,10,8.0
Otes Kemster,Gina Cartwright,Analytic,1,1.0
Otes Kemster,Gina Cartwright,Independent,1,3.0
Otes Kemster,Gina Cartwright,Determined,1,2.0
Otes Kemster,Gina Cartwright,Professional,1,4.0
Otes Kemster,Gina Cartwright,Studious,1,6.0
Otes Kemster,Gina Cartwright,Imaginative,1,2.0
Otes Kemster,Gina Cartwright,Analytic,2,1.0
Otes Kemster,Gina Cartwright,Independent,2,1.0
Otes Kemster,Gina Cartwright,Determined,2,6.0
Otes Kemster,Gina Cartwright,Professional,2,4.0
Otes Kemster,Gina Cartwright,Studious,2,3.0
Otes Kemster,Gina Cartwright,Imaginative,2,3.0
Otes Kemster,Gina Cartwright,Analytic,3,4.0
Otes Kemster,Gina Cartwright,Independent,3,8.0
Otes Kemster,Gina Cartwright,Determined,3,2.0
Otes Kemster,Gina Cartwright,Professional,3,4.0
Otes Kemster,Gina Cartwright,Studious,3,7.0
Otes Kemster,Gina Cartwright,Imaginative,3,1.0
Otes Kemster,Gina Cartwright,Analytic,4,6.0
Otes Kemster,Gina Cartwright,Independent,4,4.0
Otes Kemster,Gina Cartwright,Determined,4,8.0
Otes Kemster,Gina Cartwright,Professional,4,8.0
Otes Kemster,Gina Cartwright,Studious,4,6.0
Otes Kemster,Gina Cartwright,Imaginative,4,8.0
Otes Kemster,Gina Cartwright,Analytic,5,8.0
Otes Kemster,Gina Cartwright,Independent,5,5.0
Otes Kemster,Gina Cartwright,Determined,5,6.0
Otes Kemster,Gina Cartwright,Professional,5,8.0
Otes Kemster,Gina Cartwright,Studious,5,3.0
Otes Kemster,Gina Cartwright,Imaginative,5,8.0
Otes Kemster,Gina Cartwright,Analytic,6,6.0
Otes Kemster,Gina Cartwright,Independent,6,7.0
Otes Kemster,Gina Cartwright,Determined,6,3.0
Otes Kemster,Gina Cartwright,Professional,6,6.0
Otes Kemster,Gina Cartwright,Studious,6,8.0
Otes Kemster,Gina Cartwright,Imaginative,6,8.0
Otes Kemster,Gina Cartwright,Analytic,7,8.0
Otes Kemster,Gina Cartwright,Independent,7,8.0
Otes Kemster,Gina Cartwright,Determined,7,8.0
Otes Kemster,Gina Cartwright,Professional,7,6.0
Otes Kemster,Gina Cartwright,Studious,7,5.0
Otes Kemster,Gina Cartwright,Imaginative,7,8.0
Otes Kemster,Gina Cartwright,Analytic,8,8.0
Otes Kemster,Gina Cartwright,Independent,8,8.0
Otes Kemster,Gina Cartwright,Determined,8,8.0
Otes Kemster,Gina Cartwright,Professional,8,8.0
Otes Kemster,Gina Cartwright,Studious,8,8.0
Otes Kemster,Gina Cartwright,Imaginative,8,8.0
Otes Kemster,Gina Cartwright,Analytic,9,8.0
Otes Kemster,Gina Cartwright,Independent,9,8.0
Otes Kemster,Gina Cartwright,Determined,9,8.0
Otes Kemster,Gina Cartwright,Professional,9,8.0
Otes Kemster,Gina Cartwright,Studious,9,8.0
Otes Kemster,Gina Cartwright,Imaginative,9,7.0
Otes Kemster,Gina Cartwright,Analytic,10,6.0
Otes Kemster,Gina Cartwright,Independent,10,8.0
Otes Kemster,Gina Cartwright,Determined,10,8.0
Otes Kemster,Gina Cartwright,Professional,10,8.0
Otes Kemster,Gina Cartwright,Studious,10,8.0
Otes Kemster,Gina Cartwright,Imaginative,10,8.0
Kahaleel Tatem,Gina Cartwright,Analytic,1,5.0
Kahaleel Tatem,Gina Cartwright,Independent,1,3.0
Kahaleel Tatem,Gina Cartwright,Determined,1,4.0
Kahaleel Tatem,Gina Cartwright,Professional,1,3.0
Kahaleel Tatem,Gina Cartwright,Studious,1,4.0
Kahaleel Tatem,Gina Cartwright,Imaginative,1,3.0
Kahaleel Tatem,Gina Cartwright,Analytic,2,3.0
Kahaleel Tatem,Gina Cartwright,Independent,2,2.0
Kahaleel Tatem,Gina Cartwright,Determined,2,1.0
Kahaleel Tatem,Gina Cartwright,Professional,2,2.0
Kahaleel Tatem,Gina Cartwright,Studious,2,6.0
Kahaleel Tatem,Gina Cartwright,Imaginative,2,4.0
Kahaleel Tatem,Gina Cartwright,Analytic,3,1.0
Kahaleel Tatem,Gina Cartwright,Independent,3,2.0
Kahaleel Tatem,Gina Cartwright,Determined,3,4.0
Kahaleel Tatem,Gina Cartwright,Professional,3,5.0
Kahaleel Tatem,Gina Cartwright,Studious,3,3.0
Kahaleel Tatem,Gina Cartwright,Imaginative,3,5.0
Kahaleel Tatem,Gina Cartwright,Analytic,4,4.0
Kahaleel Tatem,Gina Cartwright,Independent,4,7.0
Kahaleel Tatem,Gina Cartwright,Determined,4,3.0
Kahaleel Tatem,Gina Cartwright,Professional,4,7.0
Kahaleel Tatem,Gina Cartwright,Studious,4,4.0
Kahaleel Tatem,Gina Cartwright,Imaginative,4,6.0
Kahaleel Tatem,Gina Cartwright,Analytic,5,8.0
Kahaleel Tatem,Gina Cartwright,Independent,5,7.0
Kahaleel Tatem,Gina Cartwright,Determined,5,8.0
Kahaleel Tatem,Gina Cartwright,Professional,5,7.0
Kahaleel Tatem,Gina Cartwright,Studious,5,6.0
Kahaleel Tatem,Gina Cartwright,Imaginative,5,7.0
Kahaleel Tatem,Gina Cartwright,Analytic,6,6.0
Kahaleel Tatem,Gina Cartwright,Independent,6,6.0
Kahaleel Tatem,Gina Cartwright,Determined,6,8.0
Kahaleel Tatem,Gina Cartwright,Professional,6,7.0
Kahaleel Tatem,Gina Cartwright,Studious,6,4.0
Kahaleel Tatem,Gina Cartwright,Imaginative,6,8.0
Kahaleel Tatem,Gina Cartwright,Analytic,7,8.0
Kahaleel Tatem,Gina Cartwright,Independent,7,8.0
Kahaleel Tatem,Gina Cartwright,Determined,7,8.0
Kahaleel Tatem,Gina Cartwright,Professional,7,8.0
Kahaleel Tatem,Gina Cartwright,Studious,7,8.0
Kahaleel Tatem,Gina Cartwright,Imaginative,7,8.0
Kahaleel Tatem,Gina Cartwright,Analytic,8,2.0
Kahaleel Tatem,Gina Cartwright,Independent,8,8.0
Kahaleel Tatem,Gina Cartwright,Determined,8,6.0
Kahaleel Tatem,Gina Cartwright,Professional,8,8.0
Kahaleel Tatem,Gina Cartwright,Studious,8,4.0
Kahaleel Tatem,Gina Cartwright,Imaginative,8,8.0
Kahaleel Tatem,Gina Cartwright,Analytic,9,4.0
Kahaleel Tatem,Gina Cartwright,Independent,9,8.0
Kahaleel Tatem,Gina Cartwright,Determined,9,8.0
Kahaleel Tatem,Gina Cartwright,Professional,9,8.0
Kahaleel Tatem,Gina Cartwright,Studious,9,8.0
Kahaleel Tatem,Gina Cartwright,Imaginative,9,8.0
Kahaleel Tatem,Gina Cartwright,Analytic,10,8.0
Kahaleel Tatem,Gina Cartwright,Independent,10,8.0
Kahaleel Tatem,Gina Cartwright,Determined,10,8.0
Kahaleel Tatem,Gina Cartwright,Professional,10,8.0
Kahaleel Tatem,Gina Cartwright,Studious,10,8.0
Kahaleel Tatem,Gina Cartwright,Imaginative,10,8.0
Antonetta Rustedge,Gina Cartwright,Analytic,1,3.0
Antonetta Rustedge,Gina Cartwright,Independent,1,3.0
Antonetta Rustedge,Gina Cartwright,Determined,1,5.0
Antonetta Rustedge,Gina Cartwright,Professional,1,4.0
Antonetta Rustedge,Gina Cartwright,Studious,1,2.0
Antonetta Rustedge,Gina Cartwright,Imaginative,1,4.0
Antonetta Rustedge,Gina Cartwright,Analytic,2,1.0
Antonetta Rustedge,Gina Cartwright,Independent,2,3.0
Antonetta Rustedge,Gina Cartwright,Determined,2,3.0
Antonetta Rustedge,Gina Cartwright,Professional,2,3.0
Antonetta Rustedge,Gina Cartwright,Studious,2,2.0
Antonetta Rustedge,Gina Cartwright,Imaginative,2,4.0
Antonetta Rustedge,Gina Cartwright,Analytic,3,7.0
Antonetta Rustedge,Gina Cartwright,Independent,3,1.0
Antonetta Rustedge,Gina Cartwright,Determined,3,1.0
Antonetta Rustedge,Gina Cartwright,Professional,3,3.0
Antonetta Rustedge,Gina Cartwright,Studious,3,4.0
Antonetta Rustedge,Gina Cartwright,Imaginative,3,4.0
Antonetta Rustedge,Gina Cartwright,Analytic,4,8.0
Antonetta Rustedge,Gina Cartwright,Independent,4,5.0
Antonetta Rustedge,Gina Cartwright,Determined,4,2.0
Antonetta Rustedge,Gina Cartwright,Professional,4,2.0
Antonetta Rustedge,Gina Cartwright,Studious,4,4.0
Antonetta Rustedge,Gina Cartwright,Imaginative,4,4.0
Antonetta Rustedge,Gina Cartwright,Analytic,5,8.0
Antonetta Rustedge,Gina Cartwright,Independent,5,7.0
Antonetta Rustedge,Gina Cartwright,Determined,5,6.0
Antonetta Rustedge,Gina Cartwright,Professional,5,6.0
Antonetta Rustedge,Gina Cartwright,Studious,5,8.0
Antonetta Rustedge,Gina Cartwright,Imaginative,5,8.0
Antonetta Rustedge,Gina Cartwright,Analytic,6,4.0
Antonetta Rustedge,Gina Cartwright,Independent,6,6.0
Antonetta Rustedge,Gina Cartwright,Determined,6,6.0
Antonetta Rustedge,Gina Cartwright,Professional,6,8.0
Antonetta Rustedge,Gina Cartwright,Studious,6,5.0
Antonetta Rustedge,Gina Cartwright,Imaginative,6,6.0
Antonetta Rustedge,Gina Cartwright,Analytic,7,8.0
Antonetta Rustedge,Gina Cartwright,Independent,7,5.0
Antonetta Rustedge,Gina Cartwright,Determined,7,8.0
Antonetta Rustedge,Gina Cartwright,Professional,7,7.0
Antonetta Rustedge,Gina Cartwright,Studious,7,8.0
Antonetta Rustedge,Gina Cartwright,Imaginative,7,7.0
Antonetta Rustedge,Gina Cartwright,Analytic,8,8.0
Antonetta Rustedge,Gina Cartwright,Independent,8,8.0
Antonetta Rustedge,Gina Cartwright,Determined,8,8.0
Antonetta Rustedge,Gina Cartwright,Professional,8,6.0
Antonetta Rustedge,Gina Cartwright,Studious,8,8.0
Antonetta Rustedge,Gina Cartwright,Imaginative,8,8.0
Antonetta Rustedge,Gina Cartwright,Analytic,9,8.0
Antonetta Rustedge,Gina Cartwright,Independent,9,8.0
Antonetta Rustedge,Gina Cartwright,Determined,9,8.0
Antonetta Rustedge,Gina Cartwright,Professional,9,8.0
Antonetta Rustedge,Gina Cartwright,Studious,9,5.0
Antonetta Rustedge,Gina Cartwright,Imaginative,9,8.0
Antonetta Rustedge,Gina Cartwright,Analytic,10,8.0
Antonetta Rustedge,Gina Cartwright,Independent,10,8.0
Antonetta Rustedge,Gina Cartwright,Determined,10,8.0
Antonetta Rustedge,Gina Cartwright,Professional,10,8.0
Antonetta Rustedge,Gina Cartwright,Studious,10,8.0
Antonetta Rustedge,Gina Cartwright,Imaginative,10,8.0
Anestassia Gadman,Gina Cartwright,Analytic,1,7.0
Anestassia Gadman,Gina Cartwright,Independent,1,2.0
Anestassia Gadman,Gina Cartwright,Determined,1,2.0
Anestassia Gadman,Gina Cartwright,Professional,1,1.0
Anestassia Gadman,Gina Cartwright,Studious,1,1.0
Anestassia Gadman,Gina Cartwright,Imaginative,1,4.0
Anestassia Gadman,Gina Cartwright,Analytic,2,5.0
Anestassia Gadman,Gina Cartwright,Independent,2,3.0
Anestassia Gadman,Gina Cartwright,Determined,2,2.0
Anestassia Gadman,Gina Cartwright,Professional,2,2.0
Anestassia Gadman,Gina Cartwright,Studious,2,5.0
Anestassia Gadman,Gina Cartwright,Imaginative,2,2.0
Anestassia Gadman,Gina Cartwright,Analytic,3,1.0
Anestassia Gadman,Gina Cartwright,Independent,3,5.0
Anestassia Gadman,Gina Cartwright,Determined,3,4.0
Anestassia Gadman,Gina Cartwright,Professional,3,3.0
Anestassia Gadman,Gina Cartwright,Studious,3,7.0
Anestassia Gadman,Gina Cartwright,Imaginative,3,7.0
Anestassia Gadman,Gina Cartwright,Analytic,4,6.0
Anestassia Gadman,Gina Cartwright,Independent,4,1.0
Anestassia Gadman,Gina Cartwright,Determined,4,5.0
Anestassia Gadman,Gina Cartwright,Professional,4,7.0
Anestassia Gadman,Gina Cartwright,Studious,4,8.0
Anestassia Gadman,Gina Cartwright,Imaginative,4,8.0
Anestassia Gadman,Gina Cartwright,Analytic,5,8.0
Anestassia Gadman,Gina Cartwright,Independent,5,3.0
Anestassia Gadman,Gina Cartwright,Determined,5,7.0
Anestassia Gadman,Gina Cartwright,Professional,5,4.0
Anestassia Gadman,Gina Cartwright,Studious,5,7.0
Anestassia Gadman,Gina Cartwright,Imaginative,5,2.0
Anestassia Gadman,Gina Cartwright,Analytic,6,7.0
Anestassia Gadman,Gina Cartwright,Independent,6,3.0
Anestassia Gadman,Gina Cartwright,Determined,6,3.0
Anestassia Gadman,Gina Cartwright,Professional,6,5.0
Anestassia Gadman,Gina Cartwright,Studious,6,8.0
Anestassia Gadman,Gina Cartwright,Imaginative,6,7.0
Anestassia Gadman,Gina Cartwright,Analytic,7,7.0
Anestassia Gadman,Gina Cartwright,Independent,7,8.0
Anestassia Gadman,Gina Cartwright,Determined,7,4.0
Anestassia Gadman,Gina Cartwright,Professional,7,8.0
Anestassia Gadman,Gina Cartwright,Studious,7,6.0
Anestassia Gadman,Gina Cartwright,Imaginative,7,8.0
Anestassia Gadman,Gina Cartwright,Analytic,8,8.0
Anestassia Gadman,Gina Cartwright,Independent,8,4.0
Anestassia Gadman,Gina Cartwright,Determined,8,8.0
Anestassia Gadman,Gina Cartwright,Professional,8,7.0
Anestassia Gadman,Gina Cartwright,Studious,8,8.0
Anestassia Gadman,Gina Cartwright,Imaginative,8,8.0
Anestassia Gadman,Gina Cartwright,Analytic,9,8.0
Anestassia Gadman,Gina Cartwright,Independent,9,8.0
Anestassia Gadman,Gina Cartwright,Determined,9,7.0
Anestassia Gadman,Gina Cartwright,Professional,9,8.0
Anestassia Gadman,Gina Cartwright,Studious,9,7.0
Anestassia Gadman,Gina Cartwright,Imaginative,9,5.0
Anestassia Gadman,Gina Cartwright,Analytic,10,8.0
Anestassia Gadman,Gina Cartwright,Independent,10,5.0
Anestassia Gadman,Gina Cartwright,Determined,10,8.0
Anestassia Gadman,Gina Cartwright,Professional,10,8.0
Anestassia Gadman,Gina Cartwright,Studious,10,8.0
Anestassia Gadman,Gina Cartwright,Imaginative,10,8.0
Babara Veazey,Gina Cartwright,Analytic,1,6.0
Babara Veazey,Gina Cartwright,Independent,1,4.0
Babara Veazey,Gina Cartwright,Determined,1,3.0
Babara Veazey,Gina Cartwright,Professional,1,4.0
Babara Veazey,Gina Cartwright,Studious,1,4.0
Babara Veazey,Gina Cartwright,Imaginative,1,3.0
Babara Veazey,Gina Cartwright,Analytic,2,2.0
Babara Veazey,Gina Cartwright,Independent,2,4.0
Babara Veazey,Gina Cartwright,Determined,2,1.0
Babara Veazey,Gina Cartwright,Professional,2,3.0
Babara Veazey,Gina Cartwright,Studious,2,3.0
Babara Veazey,Gina Cartwright,Imaginative,2,2.0
Babara Veazey,Gina Cartwright,Analytic,3,1.0
Babara Veazey,Gina Cartwright,Independent,3,1.0
Babara Veazey,Gina Cartwright,Determined,3,2.0
Babara Veazey,Gina Cartwright,Professional,3,3.0
Babara Veazey,Gina Cartwright,Studious,3,1.0
Babara Veazey,Gina Cartwright,Imaginative,3,3.0
Candie Senner,Gina Cartwright,Analytic,1,2.0
Candie Senner,Gina Cartwright,Independent,1,3.0
Candie Senner,Gina Cartwright,Determined,1,3.0
Candie Senner,Gina Cartwright,Professional,1,2.0
Candie Senner,Gina Cartwright,Studious,1,4.0
Candie Senner,Gina Cartwright,Imaginative,1,2.0
Candie Senner,Gina Cartwright,Analytic,2,3.0
Candie Senner,Gina Cartwright,Independent,2,3.0
Candie Senner,Gina Cartwright,Determined,2,2.0
Candie Senner,Gina Cartwright,Professional,2,3.0
Candie Senner,Gina Cartwright,Studious,2,4.0
Candie Senner,Gina Cartwright,Imaginative,2,1.0
Candie Senner,Gina Cartwright,Analytic,3,3.0
Candie Senner,Gina Cartwright,Independent,3,1.0
Candie Senner,Gina Cartwright,Determined,3,1.0
Candie Senner,Gina Cartwright,Professional,3,1.0
Candie Senner,Gina Cartwright,Studious,3,3.0
Candie Senner,Gina Cartwright,Imaginative,3,2.0
Sydelle Russo,Gina Cartwright,Analytic,1,1.0
Sydelle Russo,Gina Cartwright,Independent,1,4.0
Sydelle Russo,Gina Cartwright,Determined,1,5.0
Sydelle Russo,Gina Cartwright,Professional,1,5.0
Sydelle Russo,Gina Cartwright,Studious,1,1.0
Sydelle Russo,Gina Cartwright,Imaginative,1,6.0
Sydelle Russo,Gina Cartwright,Analytic,2,4.0
Sydelle Russo,Gina Cartwright,Independent,2,2.0
Sydelle Russo,Gina Cartwright,Determined,2,1.0
Sydelle Russo,Gina Cartwright,Professional,2,1.0
Sydelle Russo,Gina Cartwright,Studious,2,1.0
Sydelle Russo,Gina Cartwright,Imaginative,2,6.0
Sydelle Russo,Gina Cartwright,Analytic,3,6.0
Sydelle Russo,Gina Cartwright,Independent,3,3.0
Sydelle Russo,Gina Cartwright,Determined,3,2.0
Sydelle Russo,Gina Cartwright,Professional,3,2.0
Sydelle Russo,Gina Cartwright,Studious,3,3.0
Sydelle Russo,Gina Cartwright,Imaginative,3,2.0
Sydelle Russo,Gina Cartwright,Analytic,4,8.0
Sydelle Russo,Gina Cartwright,Independent,4,8.0
Sydelle Russo,Gina Cartwright,Determined,4,3.0
Sydelle Russo,Gina Cartwright,Professional,4,5.0
Sydelle Russo,Gina Cartwright,Studious,4,8.0
Sydelle Russo,Gina Cartwright,Imaginative,4,6.0
Sydelle Russo,Gina Cartwright,Analytic,5,5.0
Sydelle Russo,Gina Cartwright,Independent,5,5.0
Sydelle Russo,Gina Cartwright,Determined,5,6.0
Sydelle Russo,Gina Cartwright,Professional,5,4.0
Sydelle Russo,Gina Cartwright,Studious,5,4.0
Sydelle Russo,Gina Cartwright,Imaginative,5,6.0
Sydelle Russo,Gina Cartwright,Analytic,6,4.0
Sydelle Russo,Gina Cartwright,Independent,6,8.0
Sydelle Russo,Gina Cartwright,Determined,6,7.0
Sydelle Russo,Gina Cartwright,Professional,6,3.0
Sydelle Russo,Gina Cartwright,Studious,6,4.0
Sydelle Russo,Gina Cartwright,Imaginative,6,6.0
Sydelle Russo,Gina Cartwright,Analytic,7,8.0
Sydelle Russo,Gina Cartwright,Independent,7,8.0
Sydelle Russo,Gina Cartwright,Determined,7,8.0
Sydelle Russo,Gina Cartwright,Professional,7,6.0
Sydelle Russo,Gina Cartwright,Studious,7,4.0
Sydelle Russo,Gina Cartwright,Imaginative,7,8.0
Sydelle Russo,Gina Cartwright,Analytic,8,8.0
Sydelle Russo,Gina Cartwright,Independent,8,8.0
Sydelle Russo,Gina Cartwright,Determined,8,8.0
Sydelle Russo,Gina Cartwright,Professional,8,4.0
Sydelle Russo,Gina Cartwright,Studious,8,8.0
Sydelle Russo,Gina Cartwright,Imaginative,8,5.0
Sydelle Russo,Gina Cartwright,Analytic,9,8.0
Sydelle Russo,Gina Cartwright,Independent,9,8.0
Sydelle Russo,Gina Cartwright,Determined,9,8.0
Sydelle Russo,Gina Cartwright,Professional,9,8.0
Sydelle Russo,Gina Cartwright,Studious,9,4.0
Sydelle Russo,Gina Cartwright,Imaginative,9,7.0
Sydelle Russo,Gina Cartwright,Analytic,10,8.0
Sydelle Russo,Gina Cartwright,Independent,10,8.0
Sydelle Russo,Gina Cartwright,Determined,10,8.0
Sydelle Russo,Gina Cartwright,Professional,10,8.0
Sydelle Russo,Gina Cartwright,Studious,10,8.0
Sydelle Russo,Gina Cartwright,Imaginative,10,8.0
Warner Harse,Gina Cartwright,Analytic,1,3.0
Warner Harse,Gina Cartwright,Independent,1,4.0
Warner Harse,Gina Cartwright,Determined,1,3.0
Warner Harse,Gina Cartwright,Professional,1,1.0
Warner Harse,Gina Cartwright,Studious,1,6.0
Warner Harse,Gina Cartwright,Imaginative,1,6.0
Warner Harse,Gina Cartwright,Analytic,2,1.0
Warner Harse,Gina Cartwright,Independent,2,1.0
Warner Harse,Gina Cartwright,Determined,2,5.0
Warner Harse,Gina Cartwright,Professional,2,6.0
Warner Harse,Gina Cartwright,Studious,2,1.0
Warner Harse,Gina Cartwright,Imaginative,2,2.0
Warner Harse,Gina Cartwright,Analytic,3,2.0
Warner Harse,Gina Cartwright,Independent,3,3.0
Warner Harse,Gina Cartwright,Determined,3,1.0
Warner Harse,Gina Cartwright,Professional,3,2.0
Warner Harse,Gina Cartwright,Studious,3,1.0
Warner Harse,Gina Cartwright,Imaginative,3,3.0
Warner Harse,Gina Cartwright,Analytic,4,6.0
Warner Harse,Gina Cartwright,Independent,4,1.0
Warner Harse,Gina Cartwright,Determined,4,1.0
Warner Harse,Gina Cartwright,Professional,4,3.0
Warner Harse,Gina Cartwright,Studious,4,8.0
Warner Harse,Gina Cartwright,Imaginative,4,5.0
Warner Harse,Gina Cartwright,Analytic,5,5.0
Warner Harse,Gina Cartwright,Independent,5,5.0
Warner Harse,Gina Cartwright,Determined,5,3.0
Warner Harse,Gina Cartwright,Professional,5,5.0
Warner Harse,Gina Cartwright,Studious,5,5.0
Warner Harse,Gina Cartwright,Imaginative,5,8.0
Warner Harse,Gina Cartwright,Analytic,6,5.0
Warner Harse,Gina Cartwright,Independent,6,5.0
Warner Harse,Gina Cartwright,Determined,6,7.0
Warner Harse,Gina Cartwright,Professional,6,5.0
Warner Harse,Gina Cartwright,Studious,6,5.0
Warner Harse,Gina Cartwright,Imaginative,6,7.0
Warner Harse,Gina Cartwright,Analytic,7,8.0
Warner Harse,Gina Cartwright,Independent,7,8.0
Warner Harse,Gina Cartwright,Determined,7,8.0
Warner Harse,Gina Cartwright,Professional,7,8.0
Warner Harse,Gina Cartwright,Studious,7,8.0
Warner Harse,Gina Cartwright,Imaginative,7,8.0
Warner Harse,Gina Cartwright,Analytic,8,8.0
Warner Harse,Gina Cartwright,Independent,8,8.0
Warner Harse,Gina Cartwright,Determined,8,7.0
Warner Harse,Gina Cartwright,Professional,8,8.0
Warner Harse,Gina Cartwright,Studious,8,6.0
Warner Harse,Gina Cartwright,Imaginative,8,7.0
Warner Harse,Gina Cartwright,Analytic,9,6.0
Warner Harse,Gina Cartwright,Independent,9,8.0
Warner Harse,Gina Cartwright,Determined,9,8.0
Warner Harse,Gina Cartwright,Professional,9,7.0
Warner Harse,Gina Cartwright,Studious,9,6.0
Warner Harse,Gina Cartwright,Imaginative,9,8.0
Warner Harse,Gina Cartwright,Analytic,10,8.0
Warner Harse,Gina Cartwright,Independent,10,8.0
Warner Harse,Gina Cartwright,Determined,10,8.0
Warner Harse,Gina Cartwright,Professional,10,8.0
Warner Harse,Gina Cartwright,Studious,10,8.0
Warner Harse,Gina Cartwright,Imaginative,10,8.0
Tabbatha Kullmann,Gina Cartwright,Analytic,1,1.0
Tabbatha Kullmann,Gina Cartwright,Independent,1,7.0
Tabbatha Kullmann,Gina Cartwright,Determined,1,4.0
Tabbatha Kullmann,Gina Cartwright,Professional,1,5.0
Tabbatha Kullmann,Gina Cartwright,Studious,1,2.0
Tabbatha Kullmann,Gina Cartwright,Imaginative,1,4.0
Tabbatha Kullmann,Gina Cartwright,Analytic,2,4.0
Tabbatha Kullmann,Gina Cartwright,Independent,2,6.0
Tabbatha Kullmann,Gina Cartwright,Determined,2,5.0
Tabbatha Kullmann,Gina Cartwright,Professional,2,5.0
Tabbatha Kullmann,Gina Cartwright,Studious,2,4.0
Tabbatha Kullmann,Gina Cartwright,Imaginative,2,2.0
Tabbatha Kullmann,Gina Cartwright,Analytic,3,2.0
Tabbatha Kullmann,Gina Cartwright,Independent,3,3.0
Tabbatha Kullmann,Gina Cartwright,Determined,3,4.0
Tabbatha Kullmann,Gina Cartwright,Professional,3,3.0
Tabbatha Kullmann,Gina Cartwright,Studious,3,1.0
Tabbatha Kullmann,Gina Cartwright,Imaginative,3,3.0
Tabbatha Kullmann,Gina Cartwright,Analytic,4,8.0
Tabbatha Kullmann,Gina Cartwright,Independent,4,5.0
Tabbatha Kullmann,Gina Cartwright,Determined,4,6.0
Tabbatha Kullmann,Gina Cartwright,Professional,4,8.0
Tabbatha Kullmann,Gina Cartwright,Studious,4,6.0
Tabbatha Kullmann,Gina Cartwright,Imaginative,4,6.0
Tabbatha Kullmann,Gina Cartwright,Analytic,5,8.0
Tabbatha Kullmann,Gina Cartwright,Independent,5,2.0
Tabbatha Kullmann,Gina Cartwright,Determined,5,3.0
Tabbatha Kullmann,Gina Cartwright,Professional,5,3.0
Tabbatha Kullmann,Gina Cartwright,Studious,5,7.0
Tabbatha Kullmann,Gina Cartwright,Imaginative,5,3.0
Tabbatha Kullmann,Gina Cartwright,Analytic,6,8.0
Tabbatha Kullmann,Gina Cartwright,Independent,6,8.0
Tabbatha Kullmann,Gina Cartwright,Determined,6,8.0
Tabbatha Kullmann,Gina Cartwright,Professional,6,6.0
Tabbatha Kullmann,Gina Cartwright,Studious,6,8.0
Tabbatha Kullmann,Gina Cartwright,Imaginative,6,5.0
Tabbatha Kullmann,Gina Cartwright,Analytic,7,6.0
Tabbatha Kullmann,Gina Cartwright,Independent,7,8.0
Tabbatha Kullmann,Gina Cartwright,Determined,7,7.0
Tabbatha Kullmann,Gina Cartwright,Professional,7,8.0
Tabbatha Kullmann,Gina Cartwright,Studious,7,8.0
Tabbatha Kullmann,Gina Cartwright,Imaginative,7,7.0
Tabbatha Kullmann,Gina Cartwright,Analytic,8,7.0
Tabbatha Kullmann,Gina Cartwright,Independent,8,6.0
Tabbatha Kullmann,Gina Cartwright,Determined,8,4.0
Tabbatha Kullmann,Gina Cartwright,Professional,8,8.0
Tabbatha Kullmann,Gina Cartwright,Studious,8,8.0
Tabbatha Kullmann,Gina Cartwright,Imaginative,8,8.0
Tabbatha Kullmann,Gina Cartwright,Analytic,9,8.0
Tabbatha Kullmann,Gina Cartwright,Independent,9,8.0
Tabbatha Kullmann,Gina Cartwright,Determined,9,7.0
Tabbatha Kullmann,Gina Cartwright,Professional,9,4.0
Tabbatha Kullmann,Gina Cartwright,Studious,9,8.0
Tabbatha Kullmann,Gina Cartwright,Imaginative,9,8.0
Tabbatha Kullmann,Gina Cartwright,Analytic,10,6.0
Tabbatha Kullmann,Gina Cartwright,Independent,10,8.0
Tabbatha Kullmann,Gina Cartwright,Determined,10,8.0
Tabbatha Kullmann,Gina Cartwright,Professional,10,8.0
Tabbatha Kullmann,Gina Cartwright,Studious,10,8.0
Tabbatha Kullmann,Gina Cartwright,Imaginative,10,8.0
Drucie Bianco,Gina Cartwright,Analytic,1,6.0
Drucie Bianco,Gina Cartwright,Independent,1,4.0
Drucie Bianco,Gina Cartwright,Determined,1,3.0
Drucie Bianco,Gina Cartwright,Professional,1,3.0
Drucie Bianco,Gina Cartwright,Studious,1,1.0
Drucie Bianco,Gina Cartwright,Imaginative,1,4.0
Drucie Bianco,Gina Cartwright,Analytic,2,4.0
Drucie Bianco,Gina Cartwright,Independent,2,3.0
Drucie Bianco,Gina Cartwright,Determined,2,3.0
Drucie Bianco,Gina Cartwright,Professional,2,2.0
Drucie Bianco,Gina Cartwright,Studious,2,4.0
Drucie Bianco,Gina Cartwright,Imaginative,2,1.0
Drucie Bianco,Gina Cartwright,Analytic,3,4.0
Drucie Bianco,Gina Cartwright,Independent,3,2.0
Drucie Bianco,Gina Cartwright,Determined,3,4.0
Drucie Bianco,Gina Cartwright,Professional,3,3.0
Drucie Bianco,Gina Cartwright,Studious,3,4.0
Drucie Bianco,Gina Cartwright,Imaginative,3,2.0
Drucie Bianco,Gina Cartwright,Analytic,4,6.0
Drucie Bianco,Gina Cartwright,Independent,4,8.0
Drucie Bianco,Gina Cartwright,Determined,4,2.0
Drucie Bianco,Gina Cartwright,Professional,4,8.0
Drucie Bianco,Gina Cartwright,Studious,4,3.0
Drucie Bianco,Gina Cartwright,Imaginative,4,5.0
Drucie Bianco,Gina Cartwright,Analytic,5,5.0
Drucie Bianco,Gina Cartwright,Independent,5,3.0
Drucie Bianco,Gina Cartwright,Determined,5,5.0
Drucie Bianco,Gina Cartwright,Professional,5,5.0
Drucie Bianco,Gina Cartwright,Studious,5,8.0
Drucie Bianco,Gina Cartwright,Imaginative,5,5.0
Drucie Bianco,Gina Cartwright,Analytic,6,7.0
Drucie Bianco,Gina Cartwright,Independent,6,7.0
Drucie Bianco,Gina Cartwright,Determined,6,2.0
Drucie Bianco,Gina Cartwright,Professional,6,5.0
Drucie Bianco,Gina Cartwright,Studious,6,4.0
Drucie Bianco,Gina Cartwright,Imaginative,6,3.0
Drucie Bianco,Gina Cartwright,Analytic,7,8.0
Drucie Bianco,Gina Cartwright,Independent,7,5.0
Drucie Bianco,Gina Cartwright,Determined,7,6.0
Drucie Bianco,Gina Cartwright,Professional,7,8.0
Drucie Bianco,Gina Cartwright,Studious,7,6.0
Drucie Bianco,Gina Cartwright,Imaginative,7,4.0
Drucie Bianco,Gina Cartwright,Analytic,8,8.0
Drucie Bianco,Gina Cartwright,Independent,8,8.0
Drucie Bianco,Gina Cartwright,Determined,8,8.0
Drucie Bianco,Gina Cartwright,Professional,8,5.0
Drucie Bianco,Gina Cartwright,Studious,8,8.0
Drucie Bianco,Gina Cartwright,Imaginative,8,6.0
Drucie Bianco,Gina Cartwright,Analytic,9,6.0
Drucie Bianco,Gina Cartwright,Independent,9,8.0
Drucie Bianco,Gina Cartwright,Determined,9,5.0
Drucie Bianco,Gina Cartwright,Professional,9,8.0
Drucie Bianco,Gina Cartwright,Studious,9,7.0
Drucie Bianco,Gina Cartwright,Imaginative,9,7.0
Drucie Bianco,Gina Cartwright,Analytic,10,8.0
Drucie Bianco,Gina Cartwright,Independent,10,8.0
Drucie Bianco,Gina Cartwright,Determined,10,8.0
Drucie Bianco,Gina Cartwright,Professional,10,8.0
Drucie Bianco,Gina Cartwright,Studious,10,8.0
Drucie Bianco,Gina Cartwright,Imaginative,10,8.0
Malvin Penrith,Gina Cartwright,Analytic,1,1.0
Malvin Penrith,Gina Cartwright,Independent,1,4.0
Malvin Penrith,Gina Cartwright,Determined,1,1.0
Malvin Penrith,Gina Cartwright,Professional,1,2.0
Malvin Penrith,Gina Cartwright,Studious,1,2.0
Malvin Penrith,Gina Cartwright,Imaginative,1,1.0
Clay Perillo,Gina Cartwright,Analytic,1,1.0
Clay Perillo,Gina Cartwright,Independent,1,3.0
Clay Perillo,Gina Cartwright,Determined,1,6.0
Clay Perillo,Gina Cartwright,Professional,1,1.0
Clay Perillo,Gina Cartwright,Studious,1,4.0
Clay Perillo,Gina Cartwright,Imaginative,1,3.0
Clay Perillo,Gina Cartwright,Analytic,2,5.0
Clay Perillo,Gina Cartwright,Independent,2,8.0
Clay Perillo,Gina Cartwright,Determined,2,3.0
Clay Perillo,Gina Cartwright,Professional,2,4.0
Clay Perillo,Gina Cartwright,Studious,2,2.0
Clay Perillo,Gina Cartwright,Imaginative,2,5.0
Clay Perillo,Gina Cartwright,Analytic,3,4.0
Clay Perillo,Gina Cartwright,Independent,3,5.0
Clay Perillo,Gina Cartwright,Determined,3,3.0
Clay Perillo,Gina Cartwright,Professional,3,3.0
Clay Perillo,Gina Cartwright,Studious,3,1.0
Clay Perillo,Gina Cartwright,Imaginative,3,5.0
Clay Perillo,Gina Cartwright,Analytic,4,1.0
Clay Perillo,Gina Cartwright,Independent,4,3.0
Clay Perillo,Gina Cartwright,Determined,4,7.0
Clay Perillo,Gina Cartwright,Professional,4,6.0
Clay Perillo,Gina Cartwright,Studious,4,7.0
Clay Perillo,Gina Cartwright,Imaginative,4,7.0
Clay Perillo,Gina Cartwright,Analytic,5,5.0
Clay Perillo,Gina Cartwright,Independent,5,7.0
Clay Perillo,Gina Cartwright,Determined,5,7.0
Clay Perillo,Gina Cartwright,Professional,5,6.0
Clay Perillo,Gina Cartwright,Studious,5,1.0
Clay Perillo,Gina Cartwright,Imaginative,5,5.0
Clay Perillo,Gina Cartwright,Analytic,6,4.0
Clay Perillo,Gina Cartwright,Independent,6,8.0
Clay Perillo,Gina Cartwright,Determined,6,5.0
Clay Perillo,Gina Cartwright,Professional,6,2.0
Clay Perillo,Gina Cartwright,Studious,6,7.0
Clay Perillo,Gina Cartwright,Imaginative,6,5.0
Clay Perillo,Gina Cartwright,Analytic,7,8.0
Clay Perillo,Gina Cartwright,Independent,7,8.0
Clay Perillo,Gina Cartwright,Determined,7,8.0
Clay Perillo,Gina Cartwright,Professional,7,8.0
Clay Perillo,Gina Cartwright,Studious,7,6.0
Clay Perillo,Gina Cartwright,Imaginative,7,5.0
Clay Perillo,Gina Cartwright,Analytic,8,8.0
Clay Perillo,Gina Cartwright,Independent,8,8.0
Clay Perillo,Gina Cartwright,Determined,8,8.0
Clay Perillo,Gina Cartwright,Professional,8,8.0
Clay Perillo,Gina Cartwright,Studious,8,5.0
Clay Perillo,Gina Cartwright,Imaginative,8,8.0
Clay Perillo,Gina Cartwright,Analytic,9,2.0
Clay Perillo,Gina Cartwright,Independent,9,8.0
Clay Perillo,Gina Cartwright,Determined,9,8.0
Clay Perillo,Gina Cartwright,Professional,9,6.0
Clay Perillo,Gina Cartwright,Studious,9,8.0
Clay Perillo,Gina Cartwright,Imaginative,9,8.0
Clay Perillo,Gina Cartwright,Analytic,10,8.0
Clay Perillo,Gina Cartwright,Independent,10,8.0
Clay Perillo,Gina Cartwright,Determined,10,8.0
Clay Perillo,Gina Cartwright,Professional,10,8.0
Clay Perillo,Gina Cartwright,Studious,10,8.0
Clay Perillo,Gina Cartwright,Imaginative,10,6.0
Sandy Droogan,Edward Reinhart,Analytic,1,3.0
Sandy Droogan,Edward Reinhart,Independent,1,2.0
Sandy Droogan,Edward Reinhart,Determined,1,3.0
Sandy Droogan,Edward Reinhart,Professional,1,4.0
Sandy Droogan,Edward Reinhart,Studious,1,6.0
Sandy Droogan,Edward Reinhart,Imaginative,1,1.0
Sandy Droogan,Edward Reinhart,Analytic,2,2.0
Sandy Droogan,Edward Reinhart,Independent,2,1.0
Sandy Droogan,Edward Reinhart,Determined,2,2.0
Sandy Droogan,Edward Reinhart,Professional,2,1.0
Sandy Droogan,Edward Reinhart,Studious,2,1.0
Sandy Droogan,Edward Reinhart,Imaginative,2,3.0
Othilia Hutton,Edward Reinhart,Analytic,1,1.0
Othilia Hutton,Edward Reinhart,Independent,1,4.0
Othilia Hutton,Edward Reinhart,Determined,1,1.0
Othilia Hutton,Edward Reinhart,Professional,1,4.0
Othilia Hutton,Edward Reinhart,Studious,1,4.0
Othilia Hutton,Edward Reinhart,Imaginative,1,2.0
Othilia Hutton,Edward Reinhart,Analytic,2,1.0
Othilia Hutton,Edward Reinhart,Independent,2,3.0
Othilia Hutton,Edward Reinhart,Determined,2,6.0
Othilia Hutton,Edward Reinhart,Professional,2,3.0
Othilia Hutton,Edward Reinhart,Studious,2,2.0
Othilia Hutton,Edward Reinhart,Imaginative,2,6.0
Othilia Hutton,Edward Reinhart,Analytic,3,2.0
Othilia Hutton,Edward Reinhart,Independent,3,1.0
Othilia Hutton,Edward Reinhart,Determined,3,4.0
Othilia Hutton,Edward Reinhart,Professional,3,2.0
Othilia Hutton,Edward Reinhart,Studious,3,1.0
Othilia Hutton,Edward Reinhart,Imaginative,3,2.0
Othilia Hutton,Edward Reinhart,Analytic,4,5.0
Othilia Hutton,Edward Reinhart,Independent,4,6.0
Othilia Hutton,Edward Reinhart,Determined,4,6.0
Othilia Hutton,Edward Reinhart,Professional,4,6.0
Othilia Hutton,Edward Reinhart,Studious,4,8.0
Othilia Hutton,Edward Reinhart,Imaginative,4,7.0
Othilia Hutton,Edward Reinhart,Analytic,5,3.0
Othilia Hutton,Edward Reinhart,Independent,5,8.0
Othilia Hutton,Edward Reinhart,Determined,5,4.0
Othilia Hutton,Edward Reinhart,Professional,5,8.0
Othilia Hutton,Edward Reinhart,Studious,5,4.0
Othilia Hutton,Edward Reinhart,Imaginative,5,5.0
Othilia Hutton,Edward Reinhart,Analytic,6,8.0
Othilia Hutton,Edward Reinhart,Independent,6,6.0
Othilia Hutton,Edward Reinhart,Determined,6,6.0
Othilia Hutton,Edward Reinhart,Professional,6,4.0
Othilia Hutton,Edward Reinhart,Studious,6,3.0
Othilia Hutton,Edward Reinhart,Imaginative,6,4.0
Othilia Hutton,Edward Reinhart,Analytic,7,6.0
Othilia Hutton,Edward Reinhart,Independent,7,8.0
Othilia Hutton,Edward Reinhart,Determined,7,5.0
Othilia Hutton,Edward Reinhart,Professional,7,8.0
Othilia Hutton,Edward Reinhart,Studious,7,7.0
Othilia Hutton,Edward Reinhart,Imaginative,7,7.0
Othilia Hutton,Edward Reinhart,Analytic,8,8.0
Othilia Hutton,Edward Reinhart,Independent,8,8.0
Othilia Hutton,Edward Reinhart,Determined,8,8.0
Othilia Hutton,Edward Reinhart,Professional,8,8.0
Othilia Hutton,Edward Reinhart,Studious,8,8.0
Othilia Hutton,Edward Reinhart,Imaginative,8,7.0
Othilia Hutton,Edward Reinhart,Analytic,9,7.0
Othilia Hutton,Edward Reinhart,Independent,9,3.0
Othilia Hutton,Edward Reinhart,Determined,9,7.0
Othilia Hutton,Edward Reinhart,Professional,9,8.0
Othilia Hutton,Edward Reinhart,Studious,9,8.0
Othilia Hutton,Edward Reinhart,Imaginative,9,8.0
Othilia Hutton,Edward Reinhart,Analytic,10,8.0
Othilia Hutton,Edward Reinhart,Independent,10,8.0
Othilia Hutton,Edward Reinhart,Determined,10,8.0
Othilia Hutton,Edward Reinhart,Professional,10,8.0
Othilia Hutton,Edward Reinhart,Studious,10,8.0
Othilia Hutton,Edward Reinhart,Imaginative,10,8.0
Lindon Mee,Edward Reinhart,Analytic,1,1.0
Lindon Mee,Edward Reinhart,Independent,1,1.0
Lindon Mee,Edward Reinhart,Determined,1,1.0
Lindon Mee,Edward Reinhart,Professional,1,5.0
Lindon Mee,Edward Reinhart,Studious,1,4.0
Lindon Mee,Edward Reinhart,Imaginative,1,2.0
Lindon Mee,Edward Reinhart,Analytic,2,2.0
Lindon Mee,Edward Reinhart,Independent,2,5.0
Lindon Mee,Edward Reinhart,Determined,2,1.0
Lindon Mee,Edward Reinhart,Professional,2,5.0
Lindon Mee,Edward Reinhart,Studious,2,2.0
Lindon Mee,Edward Reinhart,Imaginative,2,3.0
Lindon Mee,Edward Reinhart,Analytic,3,5.0
Lindon Mee,Edward Reinhart,Independent,3,6.0
Lindon Mee,Edward Reinhart,Determined,3,5.0
Lindon Mee,Edward Reinhart,Professional,3,2.0
Lindon Mee,Edward Reinhart,Studious,3,2.0
Lindon Mee,Edward Reinhart,Imaginative,3,3.0
Lindon Mee,Edward Reinhart,Analytic,4,3.0
Lindon Mee,Edward Reinhart,Independent,4,4.0
Lindon Mee,Edward Reinhart,Determined,4,5.0
Lindon Mee,Edward Reinhart,Professional,4,5.0
Lindon Mee,Edward Reinhart,Studious,4,8.0
Lindon Mee,Edward Reinhart,Imaginative,4,6.0
Lindon Mee,Edward Reinhart,Analytic,5,6.0
Lindon Mee,Edward Reinhart,Independent,5,5.0
Lindon Mee,Edward Reinhart,Determined,5,7.0
Lindon Mee,Edward Reinhart,Professional,5,8.0
Lindon Mee,Edward Reinhart,Studious,5,8.0
Lindon Mee,Edward Reinhart,Imaginative,5,7.0
Lindon Mee,Edward Reinhart,Analytic,6,5.0
Lindon Mee,Edward Reinhart,Independent,6,3.0
Lindon Mee,Edward Reinhart,Determined,6,8.0
Lindon Mee,Edward Reinhart,Professional,6,7.0
Lindon Mee,Edward Reinhart,Studious,6,8.0
Lindon Mee,Edward Reinhart,Imaginative,6,7.0
Lindon Mee,Edward Reinhart,Analytic,7,8.0
Lindon Mee,Edward Reinhart,Independent,7,8.0
Lindon Mee,Edward Reinhart,Determined,7,8.0
Lindon Mee,Edward Reinhart,Professional,7,8.0
Lindon Mee,Edward Reinhart,Studious,7,8.0
Lindon Mee,Edward Reinhart,Imaginative,7,7.0
Lindon Mee,Edward Reinhart,Analytic,8,8.0
Lindon Mee,Edward Reinhart,Independent,8,7.0
Lindon Mee,Edward Reinhart,Determined,8,8.0
Lindon Mee,Edward Reinhart,Professional,8,8.0
Lindon Mee,Edward Reinhart,Studious,8,7.0
Lindon Mee,Edward Reinhart,Imaginative,8,8.0
Lindon Mee,Edward Reinhart,Analytic,9,8.0
Lindon Mee,Edward Reinhart,Independent,9,8.0
Lindon Mee,Edward Reinhart,Determined,9,4.0
Lindon Mee,Edward Reinhart,Professional,9,8.0
Lindon Mee,Edward Reinhart,Studious,9,8.0
Lindon Mee,Edward Reinhart,Imaginative,9,7.0
Lindon Mee,Edward Reinhart,Analytic,10,8.0
Lindon Mee,Edward Reinhart,Independent,10,8.0
Lindon Mee,Edward Reinhart,Determined,10,8.0
Lindon Mee,Edward Reinhart,Professional,10,8.0
Lindon Mee,Edward Reinhart,Studious,10,8.0
Lindon Mee,Edward Reinhart,Imaginative,10,8.0
Danella Leisk,Edward Reinhart,Analytic,1,3.0
Danella Leisk,Edward Reinhart,Independent,1,4.0
Danella Leisk,Edward Reinhart,Determined,1,2.0
Danella Leisk,Edward Reinhart,Professional,1,4.0
Danella Leisk,Edward Reinhart,Studious,1,3.0
Danella Leisk,Edward Reinhart,Imaginative,1,2.0
Danella Leisk,Edward Reinhart,Analytic,2,5.0
Danella Leisk,Edward Reinhart,Independent,2,5.0
Danella Leisk,Edward Reinhart,Determined,2,4.0
Danella Leisk,Edward Reinhart,Professional,2,3.0
Danella Leisk,Edward Reinhart,Studious,2,1.0
Danella Leisk,Edward Reinhart,Imaginative,2,2.0
Danella Leisk,Edward Reinhart,Analytic,3,5.0
Danella Leisk,Edward Reinhart,Independent,3,4.0
Danella Leisk,Edward Reinhart,Determined,3,2.0
Danella Leisk,Edward Reinhart,Professional,3,3.0
Danella Leisk,Edward Reinhart,Studious,3,4.0
Danella Leisk,Edward Reinhart,Imaginative,3,5.0
Danella Leisk,Edward Reinhart,Analytic,4,8.0
Danella Leisk,Edward Reinhart,Independent,4,5.0
Danella Leisk,Edward Reinhart,Determined,4,5.0
Danella Leisk,Edward Reinhart,Professional,4,8.0
Danella Leisk,Edward Reinhart,Studious,4,7.0
Danella Leisk,Edward Reinhart,Imaginative,4,3.0
Danella Leisk,Edward Reinhart,Analytic,5,5.0
Danella Leisk,Edward Reinhart,Independent,5,3.0
Danella Leisk,Edward Reinhart,Determined,5,6.0
Danella Leisk,Edward Reinhart,Professional,5,8.0
Danella Leisk,Edward Reinhart,Studious,5,4.0
Danella Leisk,Edward Reinhart,Imaginative,5,4.0
Danella Leisk,Edward Reinhart,Analytic,6,4.0
Danella Leisk,Edward Reinhart,Independent,6,7.0
Danella Leisk,Edward Reinhart,Determined,6,5.0
Danella Leisk,Edward Reinhart,Professional,6,6.0
Danella Leisk,Edward Reinhart,Studious,6,7.0
Danella Leisk,Edward Reinhart,Imaginative,6,8.0
Danella Leisk,Edward Reinhart,Analytic,7,8.0
Danella Leisk,Edward Reinhart,Independent,7,7.0
Danella Leisk,Edward Reinhart,Determined,7,5.0
Danella Leisk,Edward Reinhart,Professional,7,5.0
Danella Leisk,Edward Reinhart,Studious,7,8.0
Danella Leisk,Edward Reinhart,Imaginative,7,5.0
Danella Leisk,Edward Reinhart,Analytic,8,6.0
Danella Leisk,Edward Reinhart,Independent,8,7.0
Danella Leisk,Edward Reinhart,Determined,8,8.0
Danella Leisk,Edward Reinhart,Professional,8,5.0
Danella Leisk,Edward Reinhart,Studious,8,8.0
Danella Leisk,Edward Reinhart,Imaginative,8,7.0
Danella Leisk,Edward Reinhart,Analytic,9,3.0
Danella Leisk,Edward Reinhart,Independent,9,8.0
Danella Leisk,Edward Reinhart,Determined,9,8.0
Danella Leisk,Edward Reinhart,Professional,9,8.0
Danella Leisk,Edward Reinhart,Studious,9,8.0
Danella Leisk,Edward Reinhart,Imaginative,9,8.0
Danella Leisk,Edward Reinhart,Analytic,10,8.0
Danella Leisk,Edward Reinhart,Independent,10,8.0
Danella Leisk,Edward Reinhart,Determined,10,8.0
Danella Leisk,Edward Reinhart,Professional,10,8.0
Danella Leisk,Edward Reinhart,Studious,10,8.0
Danella Leisk,Edward Reinhart,Imaginative,10,6.0
Waylan Gors,Edward Reinhart,Analytic,1,5.0
Waylan Gors,Edward Reinhart,Independent,1,4.0
Waylan Gors,Edward Reinhart,Determined,1,1.0
Waylan Gors,Edward Reinhart,Professional,1,7.0
Waylan Gors,Edward Reinhart,Studious,1,2.0
Waylan Gors,Edward Reinhart,Imaginative,1,1.0
Waylan Gors,Edward Reinhart,Analytic,2,1.0
Waylan Gors,Edward Reinhart,Independent,2,3.0
Waylan Gors,Edward Reinhart,Determined,2,2.0
Waylan Gors,Edward Reinhart,Professional,2,4.0
Waylan Gors,Edward Reinhart,Studious,2,4.0
Waylan Gors,Edward Reinhart,Imaginative,2,1.0
Waylan Gors,Edward Reinhart,Analytic,3,3.0
Waylan Gors,Edward Reinhart,Independent,3,1.0
Waylan Gors,Edward Reinhart,Determined,3,5.0
Waylan Gors,Edward Reinhart,Professional,3,5.0
Waylan Gors,Edward Reinhart,Studious,3,1.0
Waylan Gors,Edward Reinhart,Imaginative,3,1.0
Waylan Gors,Edward Reinhart,Analytic,4,7.0
Waylan Gors,Edward Reinhart,Independent,4,6.0
Waylan Gors,Edward Reinhart,Determined,4,8.0
Waylan Gors,Edward Reinhart,Professional,4,4.0
Waylan Gors,Edward Reinhart,Studious,4,4.0
Waylan Gors,Edward Reinhart,Imaginative,4,5.0
Waylan Gors,Edward Reinhart,Analytic,5,5.0
Waylan Gors,Edward Reinhart,Independent,5,8.0
Waylan Gors,Edward Reinhart,Determined,5,8.0
Waylan Gors,Edward Reinhart,Professional,5,4.0
Waylan Gors,Edward Reinhart,Studious,5,6.0
Waylan Gors,Edward Reinhart,Imaginative,5,6.0
Waylan Gors,Edward Reinhart,Analytic,6,3.0
Waylan Gors,Edward Reinhart,Independent,6,8.0
Waylan Gors,Edward Reinhart,Determined,6,7.0
Waylan Gors,Edward Reinhart,Professional,6,8.0
Waylan Gors,Edward Reinhart,Studious,6,5.0
Waylan Gors,Edward Reinhart,Imaginative,6,7.0
Waylan Gors,Edward Reinhart,Analytic,7,8.0
Waylan Gors,Edward Reinhart,Independent,7,6.0
Waylan Gors,Edward Reinhart,Determined,7,8.0
Waylan Gors,Edward Reinhart,Professional,7,8.0
Waylan Gors,Edward Reinhart,Studious,7,8.0
Waylan Gors,Edward Reinhart,Imaginative,7,8.0
Waylan Gors,Edward Reinhart,Analytic,8,8.0
Waylan Gors,Edward Reinhart,Independent,8,8.0
Waylan Gors,Edward Reinhart,Determined,8,8.0
Waylan Gors,Edward Reinhart,Professional,8,8.0
Waylan Gors,Edward Reinhart,Studious,8,8.0
Waylan Gors,Edward Reinhart,Imaginative,8,8.0
Waylan Gors,Edward Reinhart,Analytic,9,8.0
Waylan Gors,Edward Reinhart,Independent,9,6.0
Waylan Gors,Edward Reinhart,Determined,9,8.0
Waylan Gors,Edward Reinhart,Professional,9,8.0
Waylan Gors,Edward Reinhart,Studious,9,6.0
Waylan Gors,Edward Reinhart,Imaginative,9,8.0
Waylan Gors,Edward Reinhart,Analytic,10,8.0
Waylan Gors,Edward Reinhart,Independent,10,8.0
Waylan Gors,Edward Reinhart,Determined,10,8.0
Waylan Gors,Edward Reinhart,Professional,10,7.0
Waylan Gors,Edward Reinhart,Studious,10,8.0
Waylan Gors,Edward Reinhart,Imaginative,10,7.0
Gisela Andrea,Edward Reinhart,Analytic,1,2.0
Gisela Andrea,Edward Reinhart,Independent,1,3.0
Gisela Andrea,Edward Reinhart,Determined,1,3.0
Gisela Andrea,Edward Reinhart,Professional,1,3.0
Gisela Andrea,Edward Reinhart,Studious,1,1.0
Gisela Andrea,Edward Reinhart,Imaginative,1,5.0
Gisela Andrea,Edward Reinhart,Analytic,2,2.0
Gisela Andrea,Edward Reinhart,Independent,2,5.0
Gisela Andrea,Edward Reinhart,Determined,2,2.0
Gisela Andrea,Edward Reinhart,Professional,2,5.0
Gisela Andrea,Edward Reinhart,Studious,2,2.0
Gisela Andrea,Edward Reinhart,Imaginative,2,4.0
Gisela Andrea,Edward Reinhart,Analytic,3,5.0
Gisela Andrea,Edward Reinhart,Independent,3,2.0
Gisela Andrea,Edward Reinhart,Determined,3,4.0
Gisela Andrea,Edward Reinhart,Professional,3,3.0
Gisela Andrea,Edward Reinhart,Studious,3,3.0
Gisela Andrea,Edward Reinhart,Imaginative,3,2.0
Gisela Andrea,Edward Reinhart,Analytic,4,3.0
Gisela Andrea,Edward Reinhart,Independent,4,5.0
Gisela Andrea,Edward Reinhart,Determined,4,5.0
Gisela Andrea,Edward Reinhart,Professional,4,5.0
Gisela Andrea,Edward Reinhart,Studious,4,6.0
Gisela Andrea,Edward Reinhart,Imaginative,4,6.0
Gisela Andrea,Edward Reinhart,Analytic,5,5.0
Gisela Andrea,Edward Reinhart,Independent,5,7.0
Gisela Andrea,Edward Reinhart,Determined,5,2.0
Gisela Andrea,Edward Reinhart,Professional,5,5.0
Gisela Andrea,Edward Reinhart,Studious,5,5.0
Gisela Andrea,Edward Reinhart,Imaginative,5,7.0
Gisela Andrea,Edward Reinhart,Analytic,6,5.0
Gisela Andrea,Edward Reinhart,Independent,6,8.0
Gisela Andrea,Edward Reinhart,Determined,6,8.0
Gisela Andrea,Edward Reinhart,Professional,6,8.0
Gisela Andrea,Edward Reinhart,Studious,6,4.0
Gisela Andrea,Edward Reinhart,Imaginative,6,5.0
Gisela Andrea,Edward Reinhart,Analytic,7,8.0
Gisela Andrea,Edward Reinhart,Independent,7,4.0
Gisela Andrea,Edward Reinhart,Determined,7,8.0
Gisela Andrea,Edward Reinhart,Professional,7,8.0
Gisela Andrea,Edward Reinhart,Studious,7,8.0
Gisela Andrea,Edward Reinhart,Imaginative,7,8.0
Gisela Andrea,Edward Reinhart,Analytic,8,6.0
Gisela Andrea,Edward Reinhart,Independent,8,8.0
Gisela Andrea,Edward Reinhart,Determined,8,8.0
Gisela Andrea,Edward Reinhart,Professional,8,8.0
Gisela Andrea,Edward Reinhart,Studious,8,3.0
Gisela Andrea,Edward Reinhart,Imaginative,8,8.0
Gisela Andrea,Edward Reinhart,Analytic,9,6.0
Gisela Andrea,Edward Reinhart,Independent,9,8.0
Gisela Andrea,Edward Reinhart,Determined,9,6.0
Gisela Andrea,Edward Reinhart,Professional,9,8.0
Gisela Andrea,Edward Reinhart,Studious,9,7.0
Gisela Andrea,Edward Reinhart,Imaginative,9,5.0
Gisela Andrea,Edward Reinhart,Analytic,10,8.0
Gisela Andrea,Edward Reinhart,Independent,10,8.0
Gisela Andrea,Edward Reinhart,Determined,10,8.0
Gisela Andrea,Edward Reinhart,Professional,10,8.0
Gisela Andrea,Edward Reinhart,Studious,10,8.0
Gisela Andrea,Edward Reinhart,Imaginative,10,8.0
Augusta Gilfoy,Edward Reinhart,Analytic,1,4.0
Augusta Gilfoy,Edward Reinhart,Independent,1,6.0
Augusta Gilfoy,Edward Reinhart,Determined,1,3.0
Augusta Gilfoy,Edward Reinhart,Professional,1,3.0
Augusta Gilfoy,Edward Reinhart,Studious,1,2.0
Augusta Gilfoy,Edward Reinhart,Imaginative,1,1.0
Augusta Gilfoy,Edward Reinhart,Analytic,2,2.0
Augusta Gilfoy,Edward Reinhart,Independent,2,3.0
Augusta Gilfoy,Edward Reinhart,Determined,2,2.0
Augusta Gilfoy,Edward Reinhart,Professional,2,6.0
Augusta Gilfoy,Edward Reinhart,Studious,2,4.0
Augusta Gilfoy,Edward Reinhart,Imaginative,2,3.0
Augusta Gilfoy,Edward Reinhart,Analytic,3,4.0
Augusta Gilfoy,Edward Reinhart,Independent,3,2.0
Augusta Gilfoy,Edward Reinhart,Determined,3,1.0
Augusta Gilfoy,Edward Reinhart,Professional,3,1.0
Augusta Gilfoy,Edward Reinhart,Studious,3,7.0
Augusta Gilfoy,Edward Reinhart,Imaginative,3,2.0
Augusta Gilfoy,Edward Reinhart,Analytic,4,8.0
Augusta Gilfoy,Edward Reinhart,Independent,4,8.0
Augusta Gilfoy,Edward Reinhart,Determined,4,8.0
Augusta Gilfoy,Edward Reinhart,Professional,4,5.0
Augusta Gilfoy,Edward Reinhart,Studious,4,4.0
Augusta Gilfoy,Edward Reinhart,Imaginative,4,6.0
Augusta Gilfoy,Edward Reinhart,Analytic,5,5.0
Augusta Gilfoy,Edward Reinhart,Independent,5,8.0
Augusta Gilfoy,Edward Reinhart,Determined,5,2.0
Augusta Gilfoy,Edward Reinhart,Professional,5,1.0
Augusta Gilfoy,Edward Reinhart,Studious,5,7.0
Augusta Gilfoy,Edward Reinhart,Imaginative,5,8.0
Augusta Gilfoy,Edward Reinhart,Analytic,6,6.0
Augusta Gilfoy,Edward Reinhart,Independent,6,6.0
Augusta Gilfoy,Edward Reinhart,Determined,6,5.0
Augusta Gilfoy,Edward Reinhart,Professional,6,7.0
Augusta Gilfoy,Edward Reinhart,Studious,6,8.0
Augusta Gilfoy,Edward Reinhart,Imaginative,6,6.0
Augusta Gilfoy,Edward Reinhart,Analytic,7,8.0
Augusta Gilfoy,Edward Reinhart,Independent,7,8.0
Augusta Gilfoy,Edward Reinhart,Determined,7,7.0
Augusta Gilfoy,Edward Reinhart,Professional,7,8.0
Augusta Gilfoy,Edward Reinhart,Studious,7,8.0
Augusta Gilfoy,Edward Reinhart,Imaginative,7,6.0
Augusta Gilfoy,Edward Reinhart,Analytic,8,8.0
Augusta Gilfoy,Edward Reinhart,Independent,8,8.0
Augusta Gilfoy,Edward Reinhart,Determined,8,8.0
Augusta Gilfoy,Edward Reinhart,Professional,8,8.0
Augusta Gilfoy,Edward Reinhart,Studious,8,8.0
Augusta Gilfoy,Edward Reinhart,Imaginative,8,6.0
Augusta Gilfoy,Edward Reinhart,Analytic,9,8.0
Augusta Gilfoy,Edward Reinhart,Independent,9,6.0
Augusta Gilfoy,Edward Reinhart,Determined,9,8.0
Augusta Gilfoy,Edward Reinhart,Professional,9,8.0
Augusta Gilfoy,Edward Reinhart,Studious,9,4.0
Augusta Gilfoy,Edward Reinhart,Imaginative,9,8.0
Augusta Gilfoy,Edward Reinhart,Analytic,10,8.0
Augusta Gilfoy,Edward Reinhart,Independent,10,4.0
Augusta Gilfoy,Edward Reinhart,Determined,10,8.0
Augusta Gilfoy,Edward Reinhart,Professional,10,8.0
Augusta Gilfoy,Edward Reinhart,Studious,10,8.0
Augusta Gilfoy,Edward Reinhart,Imaginative,10,8.0
Pier Spatig,Edward Reinhart,Analytic,1,1.0
Pier Spatig,Edward Reinhart,Independent,1,5.0
Pier Spatig,Edward Reinhart,Determined,1,4.0
Pier Spatig,Edward Reinhart,Professional,1,3.0
Pier Spatig,Edward Reinhart,Studious,1,1.0
Pier Spatig,Edward Reinhart,Imaginative,1,1.0
Pier Spatig,Edward Reinhart,Analytic,2,1.0
Pier Spatig,Edward Reinhart,Independent,2,3.0
Pier Spatig,Edward Reinhart,Determined,2,2.0
Pier Spatig,Edward Reinhart,Professional,2,1.0
Pier Spatig,Edward Reinhart,Studious,2,2.0
Pier Spatig,Edward Reinhart,Imaginative,2,2.0
Brenna Mcgroarty,Edward Reinhart,Analytic,1,2.0
Brenna Mcgroarty,Edward Reinhart,Independent,1,6.0
Brenna Mcgroarty,Edward Reinhart,Determined,1,2.0
Brenna Mcgroarty,Edward Reinhart,Professional,1,1.0
Brenna Mcgroarty,Edward Reinhart,Studious,1,1.0
Brenna Mcgroarty,Edward Reinhart,Imaginative,1,1.0
Brenna Mcgroarty,Edward Reinhart,Analytic,2,3.0
Brenna Mcgroarty,Edward Reinhart,Independent,2,2.0
Brenna Mcgroarty,Edward Reinhart,Determined,2,5.0
Brenna Mcgroarty,Edward Reinhart,Professional,2,4.0
Brenna Mcgroarty,Edward Reinhart,Studious,2,3.0
Brenna Mcgroarty,Edward Reinhart,Imaginative,2,1.0
Brenna Mcgroarty,Edward Reinhart,Analytic,3,2.0
Brenna Mcgroarty,Edward Reinhart,Independent,3,3.0
Brenna Mcgroarty,Edward Reinhart,Determined,3,1.0
Brenna Mcgroarty,Edward Reinhart,Professional,3,3.0
Brenna Mcgroarty,Edward Reinhart,Studious,3,3.0
Brenna Mcgroarty,Edward Reinhart,Imaginative,3,4.0
Brenna Mcgroarty,Edward Reinhart,Analytic,4,6.0
Brenna Mcgroarty,Edward Reinhart,Independent,4,6.0
Brenna Mcgroarty,Edward Reinhart,Determined,4,7.0
Brenna Mcgroarty,Edward Reinhart,Professional,4,5.0
Brenna Mcgroarty,Edward Reinhart,Studious,4,8.0
Brenna Mcgroarty,Edward Reinhart,Imaginative,4,8.0
Brenna Mcgroarty,Edward Reinhart,Analytic,5,2.0
Brenna Mcgroarty,Edward Reinhart,Independent,5,7.0
Brenna Mcgroarty,Edward Reinhart,Determined,5,3.0
Brenna Mcgroarty,Edward Reinhart,Professional,5,5.0
Brenna Mcgroarty,Edward Reinhart,Studious,5,8.0
Brenna Mcgroarty,Edward Reinhart,Imaginative,5,8.0
Brenna Mcgroarty,Edward Reinhart,Analytic,6,8.0
Brenna Mcgroarty,Edward Reinhart,Independent,6,5.0
Brenna Mcgroarty,Edward Reinhart,Determined,6,7.0
Brenna Mcgroarty,Edward Reinhart,Professional,6,8.0
Brenna Mcgroarty,Edward Reinhart,Studious,6,7.0
Brenna Mcgroarty,Edward Reinhart,Imaginative,6,2.0
Brenna Mcgroarty,Edward Reinhart,Analytic,7,8.0
Brenna Mcgroarty,Edward Reinhart,Independent,7,7.0
Brenna Mcgroarty,Edward Reinhart,Determined,7,8.0
Brenna Mcgroarty,Edward Reinhart,Professional,7,8.0
Brenna Mcgroarty,Edward Reinhart,Studious,7,8.0
Brenna Mcgroarty,Edward Reinhart,Imaginative,7,8.0
Brenna Mcgroarty,Edward Reinhart,Analytic,8,8.0
Brenna Mcgroarty,Edward Reinhart,Independent,8,4.0
Brenna Mcgroarty,Edward Reinhart,Determined,8,8.0
Brenna Mcgroarty,Edward Reinhart,Professional,8,8.0
Brenna Mcgroarty,Edward Reinhart,Studious,8,8.0
Brenna Mcgroarty,Edward Reinhart,Imaginative,8,8.0
Brenna Mcgroarty,Edward Reinhart,Analytic,9,8.0
Brenna Mcgroarty,Edward Reinhart,Independent,9,7.0
Brenna Mcgroarty,Edward Reinhart,Determined,9,8.0
Brenna Mcgroarty,Edward Reinhart,Professional,9,8.0
Brenna Mcgroarty,Edward Reinhart,Studious,9,7.0
Brenna Mcgroarty,Edward Reinhart,Imaginative,9,6.0
Brenna Mcgroarty,Edward Reinhart,Analytic,10,6.0
Brenna Mcgroarty,Edward Reinhart,Independent,10,8.0
Brenna Mcgroarty,Edward Reinhart,Determined,10,8.0
Brenna Mcgroarty,Edward Reinhart,Professional,10,8.0
Brenna Mcgroarty,Edward Reinhart,Studious,10,8.0
Brenna Mcgroarty,Edward Reinhart,Imaginative,10,8.0
Susannah Bengough,John Sandbox,Analytic,1,2.0
Susannah Bengough,John Sandbox,Independent,1,4.0
Susannah Bengough,John Sandbox,Determined,1,5.0
Susannah Bengough,John Sandbox,Professional,1,3.0
Susannah Bengough,John Sandbox,Studious,1,6.0
Susannah Bengough,John Sandbox,Imaginative,1,1.0
Susannah Bengough,John Sandbox,Analytic,2,1.0
Susannah Bengough,John Sandbox,Independent,2,1.0
Susannah Bengough,John Sandbox,Determined,2,1.0
Susannah Bengough,John Sandbox,Professional,2,5.0
Susannah Bengough,John Sandbox,Studious,2,6.0
Susannah Bengough,John Sandbox,Imaginative,2,2.0
Susannah Bengough,John Sandbox,Analytic,3,2.0
Susannah Bengough,John Sandbox,Independent,3,2.0
Susannah Bengough,John Sandbox,Determined,3,4.0
Susannah Bengough,John Sandbox,Professional,3,3.0
Susannah Bengough,John Sandbox,Studious,3,6.0
Susannah Bengough,John Sandbox,Imaginative,3,8.0
Susannah Bengough,John Sandbox,Analytic,4,5.0
Susannah Bengough,John Sandbox,Independent,4,2.0
Susannah Bengough,John Sandbox,Determined,4,3.0
Susannah Bengough,John Sandbox,Professional,4,5.0
Susannah Bengough,John Sandbox,Studious,4,5.0
Susannah Bengough,John Sandbox,Imaginative,4,8.0
Susannah Bengough,John Sandbox,Analytic,5,5.0
Susannah Bengough,John Sandbox,Independent,5,3.0
Susannah Bengough,John Sandbox,Determined,5,1.0
Susannah Bengough,John Sandbox,Professional,5,6.0
Susannah Bengough,John Sandbox,Studious,5,6.0
Susannah Bengough,John Sandbox,Imaginative,5,3.0
Susannah Bengough,John Sandbox,Analytic,6,7.0
Susannah Bengough,John Sandbox,Independent,6,8.0
Susannah Bengough,John Sandbox,Determined,6,4.0
Susannah Bengough,John Sandbox,Professional,6,7.0
Susannah Bengough,John Sandbox,Studious,6,8.0
Susannah Bengough,John Sandbox,Imaginative,6,8.0
Susannah Bengough,John Sandbox,Analytic,7,8.0
Susannah Bengough,John Sandbox,Independent,7,6.0
Susannah Bengough,John Sandbox,Determined,7,8.0
Susannah Bengough,John Sandbox,Professional,7,8.0
Susannah Bengough,John Sandbox,Studious,7,8.0
Susannah Bengough,John Sandbox,Imaginative,7,5.0
Susannah Bengough,John Sandbox,Analytic,8,6.0
Susannah Bengough,John Sandbox,Independent,8,8.0
Susannah Bengough,John Sandbox,Determined,8,8.0
Susannah Bengough,John Sandbox,Professional,8,8.0
Susannah Bengough,John Sandbox,Studious,8,8.0
Susannah Bengough,John Sandbox,Imaginative,8,8.0
Madison Getch,John Sandbox,Analytic,1,4.0
Madison Getch,John Sandbox,Independent,1,4.0
Madison Getch,John Sandbox,Determined,1,1.0
Madison Getch,John Sandbox,Professional,1,1.0
Madison Getch,John Sandbox,Studious,1,2.0
Madison Getch,John Sandbox,Imaginative,1,4.0
Madison Getch,John Sandbox,Analytic,2,1.0
Madison Getch,John Sandbox,Independent,2,5.0
Madison Getch,John Sandbox,Determined,2,4.0
Madison Getch,John Sandbox,Professional,2,3.0
Madison Getch,John Sandbox,Studious,2,3.0
Madison Getch,John Sandbox,Imaginative,2,2.0
Madison Getch,John Sandbox,Analytic,3,1.0
Madison Getch,John Sandbox,Independent,3,2.0
Madison Getch,John Sandbox,Determined,3,6.0
Madison Getch,John Sandbox,Professional,3,2.0
Madison Getch,John Sandbox,Studious,3,6.0
Madison Getch,John Sandbox,Imaginative,3,4.0
Madison Getch,John Sandbox,Analytic,4,7.0
Madison Getch,John Sandbox,Independent,4,6.0
Madison Getch,John Sandbox,Determined,4,5.0
Madison Getch,John Sandbox,Professional,4,6.0
Madison Getch,John Sandbox,Studious,4,6.0
Madison Getch,John Sandbox,Imaginative,4,5.0
Madison Getch,John Sandbox,Analytic,5,5.0
Madison Getch,John Sandbox,Independent,5,8.0
Madison Getch,John Sandbox,Determined,5,6.0
Madison Getch,John Sandbox,Professional,5,7.0
Madison Getch,John Sandbox,Studious,5,7.0
Madison Getch,John Sandbox,Imaginative,5,4.0
Madison Getch,John Sandbox,Analytic,6,7.0
Madison Getch,John Sandbox,Independent,6,2.0
Madison Getch,John Sandbox,Determined,6,6.0
Madison Getch,John Sandbox,Professional,6,7.0
Madison Getch,John Sandbox,Studious,6,5.0
Madison Getch,John Sandbox,Imaginative,6,8.0
Madison Getch,John Sandbox,Analytic,7,8.0
Madison Getch,John Sandbox,Independent,7,8.0
Madison Getch,John Sandbox,Determined,7,8.0
Madison Getch,John Sandbox,Professional,7,8.0
Madison Getch,John Sandbox,Studious,7,8.0
Madison Getch,John Sandbox,Imaginative,7,8.0
Madison Getch,John Sandbox,Analytic,8,7.0
Madison Getch,John Sandbox,Independent,8,8.0
Madison Getch,John Sandbox,Determined,8,7.0
Madison Getch,John Sandbox,Professional,8,8.0
Madison Getch,John Sandbox,Studious,8,5.0
Madison Getch,John Sandbox,Imaginative,8,8.0
Leicester Banker,John Sandbox,Analytic,1,3.0
Leicester Banker,John Sandbox,Independent,1,6.0
Leicester Banker,John Sandbox,Determined,1,4.0
Leicester Banker,John Sandbox,Professional,1,2.0
Leicester Banker,John Sandbox,Studious,1,4.0
Leicester Banker,John Sandbox,Imaginative,1,5.0
Leicester Banker,John Sandbox,Analytic,2,3.0
Leicester Banker,John Sandbox,Independent,2,7.0
Leicester Banker,John Sandbox,Determined,2,4.0
Leicester Banker,John Sandbox,Professional,2,1.0
Leicester Banker,John Sandbox,Studious,2,1.0
Leicester Banker,John Sandbox,Imaginative,2,5.0
Leicester Banker,John Sandbox,Analytic,3,5.0
Leicester Banker,John Sandbox,Independent,3,3.0
Leicester Banker,John Sandbox,Determined,3,5.0
Leicester Banker,John Sandbox,Professional,3,1.0
Leicester Banker,John Sandbox,Studious,3,7.0
Leicester Banker,John Sandbox,Imaginative,3,3.0
Leicester Banker,John Sandbox,Analytic,4,1.0
Leicester Banker,John Sandbox,Independent,4,4.0
Leicester Banker,John Sandbox,Determined,4,7.0
Leicester Banker,John Sandbox,Professional,4,4.0
Leicester Banker,John Sandbox,Studious,4,6.0
Leicester Banker,John Sandbox,Imaginative,4,8.0
Leicester Banker,John Sandbox,Analytic,5,8.0
Leicester Banker,John Sandbox,Independent,5,3.0
Leicester Banker,John Sandbox,Determined,5,4.0
Leicester Banker,John Sandbox,Professional,5,8.0
Leicester Banker,John Sandbox,Studious,5,8.0
Leicester Banker,John Sandbox,Imaginative,5,5.0
Leicester Banker,John Sandbox,Analytic,6,7.0
Leicester Banker,John Sandbox,Independent,6,7.0
Leicester Banker,John Sandbox,Determined,6,2.0
Leicester Banker,John Sandbox,Professional,6,6.0
Leicester Banker,John Sandbox,Studious,6,6.0
Leicester Banker,John Sandbox,Imaginative,6,8.0
Leicester Banker,John Sandbox,Analytic,7,6.0
Leicester Banker,John Sandbox,Independent,7,8.0
Leicester Banker,John Sandbox,Determined,7,4.0
Leicester Banker,John Sandbox,Professional,7,8.0
Leicester Banker,John Sandbox,Studious,7,6.0
Leicester Banker,John Sandbox,Imaginative,7,8.0
Leicester Banker,John Sandbox,Analytic,8,8.0
Leicester Banker,John Sandbox,Independent,8,8.0
Leicester Banker,John Sandbox,Determined,8,8.0
Leicester Banker,John Sandbox,Professional,8,8.0
Leicester Banker,John Sandbox,Studious,8,7.0
Leicester Banker,John Sandbox,Imaginative,8,3.0
Murvyn Aers,John Sandbox,Analytic,1,4.0
Murvyn Aers,John Sandbox,Independent,1,4.0
Murvyn Aers,John Sandbox,Determined,1,4.0
Murvyn Aers,John Sandbox,Professional,1,3.0
Murvyn Aers,John Sandbox,Studious,1,5.0
Murvyn Aers,John Sandbox,Imaginative,1,2.0
Murvyn Aers,John Sandbox,Analytic,2,1.0
Murvyn Aers,John Sandbox,Independent,2,1.0
Murvyn Aers,John Sandbox,Determined,2,4.0
Murvyn Aers,John Sandbox,Professional,2,7.0
Murvyn Aers,John Sandbox,Studious,2,2.0
Murvyn Aers,John Sandbox,Imaginative,2,3.0
Murvyn Aers,John Sandbox,Analytic,3,5.0
Murvyn Aers,John Sandbox,Independent,3,4.0
Murvyn Aers,John Sandbox,Determined,3,3.0
Murvyn Aers,John Sandbox,Professional,3,3.0
Murvyn Aers,John Sandbox,Studious,3,3.0
Murvyn Aers,John Sandbox,Imaginative,3,2.0
Murvyn Aers,John Sandbox,Analytic,4,6.0
Murvyn Aers,John Sandbox,Independent,4,7.0
Murvyn Aers,John Sandbox,Determined,4,4.0
Murvyn Aers,John Sandbox,Professional,4,7.0
Murvyn Aers,John Sandbox,Studious,4,8.0
Murvyn Aers,John Sandbox,Imaginative,4,4.0
Murvyn Aers,John Sandbox,Analytic,5,6.0
Murvyn Aers,John Sandbox,Independent,5,5.0
Murvyn Aers,John Sandbox,Determined,5,6.0
Murvyn Aers,John Sandbox,Professional,5,8.0
Murvyn Aers,John Sandbox,Studious,5,6.0
Murvyn Aers,John Sandbox,Imaginative,5,8.0
Murvyn Aers,John Sandbox,Analytic,6,5.0
Murvyn Aers,John Sandbox,Independent,6,4.0
Murvyn Aers,John Sandbox,Determined,6,6.0
Murvyn Aers,John Sandbox,Professional,6,6.0
Murvyn Aers,John Sandbox,Studious,6,6.0
Murvyn Aers,John Sandbox,Imaginative,6,8.0
Murvyn Aers,John Sandbox,Analytic,7,7.0
Murvyn Aers,John Sandbox,Independent,7,7.0
Murvyn Aers,John Sandbox,Determined,7,8.0
Murvyn Aers,John Sandbox,Professional,7,6.0
Murvyn Aers,John Sandbox,Studious,7,7.0
Murvyn Aers,John Sandbox,Imaginative,7,8.0
Murvyn Aers,John Sandbox,Analytic,8,8.0
Murvyn Aers,John Sandbox,Independent,8,6.0
Murvyn Aers,John Sandbox,Determined,8,6.0
Murvyn Aers,John Sandbox,Professional,8,5.0
Murvyn Aers,John Sandbox,Studious,8,8.0
Murvyn Aers,John Sandbox,Imaginative,8,8.0
Morley Battell,John Sandbox,Analytic,1,5.0
Morley Battell,John Sandbox,Independent,1,1.0
Morley Battell,John Sandbox,Determined,1,3.0
Morley Battell,John Sandbox,Professional,1,2.0
Morley Battell,John Sandbox,Studious,1,4.0
Morley Battell,John Sandbox,Imaginative,1,3.0
Morley Battell,John Sandbox,Analytic,2,5.0
Morley Battell,John Sandbox,Independent,2,1.0
Morley Battell,John Sandbox,Determined,2,5.0
Morley Battell,John Sandbox,Professional,2,2.0
Morley Battell,John Sandbox,Studious,2,3.0
Morley Battell,John Sandbox,Imaginative,2,3.0
Morley Battell,John Sandbox,Analytic,3,1.0
Morley Battell,John Sandbox,Independent,3,6.0
Morley Battell,John Sandbox,Determined,3,2.0
Morley Battell,John Sandbox,Professional,3,3.0
Morley Battell,John Sandbox,Studious,3,2.0
Morley Battell,John Sandbox,Imaginative,3,1.0
Morley Battell,John Sandbox,Analytic,4,8.0
Morley Battell,John Sandbox,Independent,4,8.0
Morley Battell,John Sandbox,Determined,4,6.0
Morley Battell,John Sandbox,Professional,4,4.0
Morley Battell,John Sandbox,Studious,4,4.0
Morley Battell,John Sandbox,Imaginative,4,7.0
Morley Battell,John Sandbox,Analytic,5,8.0
Morley Battell,John Sandbox,Independent,5,5.0
Morley Battell,John Sandbox,Determined,5,6.0
Morley Battell,John Sandbox,Professional,5,7.0
Morley Battell,John Sandbox,Studious,5,1.0
Morley Battell,John Sandbox,Imaginative,5,7.0
Morley Battell,John Sandbox,Analytic,6,8.0
Morley Battell,John Sandbox,Independent,6,5.0
Morley Battell,John Sandbox,Determined,6,8.0
Morley Battell,John Sandbox,Professional,6,5.0
Morley Battell,John Sandbox,Studious,6,5.0
Morley Battell,John Sandbox,Imaginative,6,4.0
Morley Battell,John Sandbox,Analytic,7,8.0
Morley Battell,John Sandbox,Independent,7,5.0
Morley Battell,John Sandbox,Determined,7,8.0
Morley Battell,John Sandbox,Professional,7,8.0
Morley Battell,John Sandbox,Studious,7,8.0
Morley Battell,John Sandbox,Imaginative,7,8.0
Morley Battell,John Sandbox,Analytic,8,7.0
Morley Battell,John Sandbox,Independent,8,8.0
Morley Battell,John Sandbox,Determined,8,6.0
Morley Battell,John Sandbox,Professional,8,3.0
Morley Battell,John Sandbox,Studious,8,8.0
Morley Battell,John Sandbox,Imaginative,8,6.0
Juliane Jacobssen,John Sandbox,Analytic,1,5.0
Juliane Jacobssen,John Sandbox,Independent,1,6.0
Juliane Jacobssen,John Sandbox,Determined,1,1.0
Juliane Jacobssen,John Sandbox,Professional,1,5.0
Juliane Jacobssen,John Sandbox,Studious,1,2.0
Juliane Jacobssen,John Sandbox,Imaginative,1,4.0
Juliane Jacobssen,John Sandbox,Analytic,2,5.0
Juliane Jacobssen,John Sandbox,Independent,2,3.0
Juliane Jacobssen,John Sandbox,Determined,2,5.0
Juliane Jacobssen,John Sandbox,Professional,2,8.0
Juliane Jacobssen,John Sandbox,Studious,2,1.0
Juliane Jacobssen,John Sandbox,Imaginative,2,3.0
Juliane Jacobssen,John Sandbox,Analytic,3,4.0
Juliane Jacobssen,John Sandbox,Independent,3,1.0
Juliane Jacobssen,John Sandbox,Determined,3,1.0
Juliane Jacobssen,John Sandbox,Professional,3,1.0
Juliane Jacobssen,John Sandbox,Studious,3,2.0
Juliane Jacobssen,John Sandbox,Imaginative,3,4.0
Juliane Jacobssen,John Sandbox,Analytic,4,3.0
Juliane Jacobssen,John Sandbox,Independent,4,7.0
Juliane Jacobssen,John Sandbox,Determined,4,6.0
Juliane Jacobssen,John Sandbox,Professional,4,6.0
Juliane Jacobssen,John Sandbox,Studious,4,8.0
Juliane Jacobssen,John Sandbox,Imaginative,4,2.0
Juliane Jacobssen,John Sandbox,Analytic,5,3.0
Juliane Jacobssen,John Sandbox,Independent,5,4.0
Juliane Jacobssen,John Sandbox,Determined,5,1.0
Juliane Jacobssen,John Sandbox,Professional,5,3.0
Juliane Jacobssen,John Sandbox,Studious,5,6.0
Juliane Jacobssen,John Sandbox,Imaginative,5,5.0
Juliane Jacobssen,John Sandbox,Analytic,6,6.0
Juliane Jacobssen,John Sandbox,Independent,6,6.0
Juliane Jacobssen,John Sandbox,Determined,6,6.0
Juliane Jacobssen,John Sandbox,Professional,6,6.0
Juliane Jacobssen,John Sandbox,Studious,6,6.0
Juliane Jacobssen,John Sandbox,Imaginative,6,5.0
Juliane Jacobssen,John Sandbox,Analytic,7,6.0
Juliane Jacobssen,John Sandbox,Independent,7,8.0
Juliane Jacobssen,John Sandbox,Determined,7,4.0
Juliane Jacobssen,John Sandbox,Professional,7,4.0
Juliane Jacobssen,John Sandbox,Studious,7,8.0
Juliane Jacobssen,John Sandbox,Imaginative,7,8.0
Juliane Jacobssen,John Sandbox,Analytic,8,6.0
Juliane Jacobssen,John Sandbox,Independent,8,8.0
Juliane Jacobssen,John Sandbox,Determined,8,8.0
Juliane Jacobssen,John Sandbox,Professional,8,6.0
Juliane Jacobssen,John Sandbox,Studious,8,8.0
Juliane Jacobssen,John Sandbox,Imaginative,8,2.0
Teirtza Docharty,John Sandbox,Analytic,1,3.0
Teirtza Docharty,John Sandbox,Independent,1,1.0
Teirtza Docharty,John Sandbox,Determined,1,1.0
Teirtza Docharty,John Sandbox,Professional,1,1.0
Teirtza Docharty,John Sandbox,Studious,1,2.0
Teirtza Docharty,John Sandbox,Imaginative,1,2.0
Arny Dobrowolny,John Sandbox,Analytic,1,6.0
Arny Dobrowolny,John Sandbox,Independent,1,1.0
Arny Dobrowolny,John Sandbox,Determined,1,1.0
Arny Dobrowolny,John Sandbox,Professional,1,3.0
Arny Dobrowolny,John Sandbox,Studious,1,1.0
Arny Dobrowolny,John Sandbox,Imaginative,1,2.0
Arny Dobrowolny,John Sandbox,Analytic,2,2.0
Arny Dobrowolny,John Sandbox,Independent,2,3.0
Arny Dobrowolny,John Sandbox,Determined,2,1.0
Arny Dobrowolny,John Sandbox,Professional,2,3.0
Arny Dobrowolny,John Sandbox,Studious,2,2.0
Arny Dobrowolny,John Sandbox,Imaginative,2,3.0
Arny Dobrowolny,John Sandbox,Analytic,3,8.0
Arny Dobrowolny,John Sandbox,Independent,3,4.0
Arny Dobrowolny,John Sandbox,Determined,3,4.0
Arny Dobrowolny,John Sandbox,Professional,3,3.0
Arny Dobrowolny,John Sandbox,Studious,3,4.0
Arny Dobrowolny,John Sandbox,Imaginative,3,2.0
Arny Dobrowolny,John Sandbox,Analytic,4,7.0
Arny Dobrowolny,John Sandbox,Independent,4,4.0
Arny Dobrowolny,John Sandbox,Determined,4,6.0
Arny Dobrowolny,John Sandbox,Professional,4,8.0
Arny Dobrowolny,John Sandbox,Studious,4,7.0
Arny Dobrowolny,John Sandbox,Imaginative,4,4.0
Arny Dobrowolny,John Sandbox,Analytic,5,4.0
Arny Dobrowolny,John Sandbox,Independent,5,5.0
Arny Dobrowolny,John Sandbox,Determined,5,8.0
Arny Dobrowolny,John Sandbox,Professional,5,8.0
Arny Dobrowolny,John Sandbox,Studious,5,4.0
Arny Dobrowolny,John Sandbox,Imaginative,5,6.0
Arny Dobrowolny,John Sandbox,Analytic,6,6.0
Arny Dobrowolny,John Sandbox,Independent,6,5.0
Arny Dobrowolny,John Sandbox,Determined,6,4.0
Arny Dobrowolny,John Sandbox,Professional,6,6.0
Arny Dobrowolny,John Sandbox,Studious,6,6.0
Arny Dobrowolny,John Sandbox,Imaginative,6,6.0
Arny Dobrowolny,John Sandbox,Analytic,7,4.0
Arny Dobrowolny,John Sandbox,Independent,7,8.0
Arny Dobrowolny,John Sandbox,Determined,7,8.0
Arny Dobrowolny,John Sandbox,Professional,7,8.0
Arny Dobrowolny,John Sandbox,Studious,7,8.0
Arny Dobrowolny,John Sandbox,Imaginative,7,8.0
Arny Dobrowolny,John Sandbox,Analytic,8,8.0
Arny Dobrowolny,John Sandbox,Independent,8,8.0
Arny Dobrowolny,John Sandbox,Determined,8,8.0
Arny Dobrowolny,John Sandbox,Professional,8,8.0
Arny Dobrowolny,John Sandbox,Studious,8,8.0
Arny Dobrowolny,John Sandbox,Imaginative,8,8.0
Derby Mcglashan,John Sandbox,Analytic,1,5.0
Derby Mcglashan,John Sandbox,Independent,1,1.0
Derby Mcglashan,John Sandbox,Determined,1,3.0
Derby Mcglashan,John Sandbox,Professional,1,4.0
Derby Mcglashan,John Sandbox,Studious,1,1.0
Derby Mcglashan,John Sandbox,Imaginative,1,2.0
Derby Mcglashan,John Sandbox,Analytic,2,2.0
Derby Mcglashan,John Sandbox,Independent,2,7.0
Derby Mcglashan,John Sandbox,Determined,2,2.0
Derby Mcglashan,John Sandbox,Professional,2,2.0
Derby Mcglashan,John Sandbox,Studious,2,3.0
Derby Mcglashan,John Sandbox,Imaginative,2,2.0
Derby Mcglashan,John Sandbox,Analytic,3,2.0
Derby Mcglashan,John Sandbox,Independent,3,6.0
Derby Mcglashan,John Sandbox,Determined,3,4.0
Derby Mcglashan,John Sandbox,Professional,3,1.0
Derby Mcglashan,John Sandbox,Studious,3,4.0
Derby Mcglashan,John Sandbox,Imaginative,3,5.0
Derby Mcglashan,John Sandbox,Analytic,4,5.0
Derby Mcglashan,John Sandbox,Independent,4,6.0
Derby Mcglashan,John Sandbox,Determined,4,8.0
Derby Mcglashan,John Sandbox,Professional,4,4.0
Derby Mcglashan,John Sandbox,Studious,4,7.0
Derby Mcglashan,John Sandbox,Imaginative,4,4.0
Derby Mcglashan,John Sandbox,Analytic,5,8.0
Derby Mcglashan,John Sandbox,Independent,5,8.0
Derby Mcglashan,John Sandbox,Determined,5,8.0
Derby Mcglashan,John Sandbox,Professional,5,3.0
Derby Mcglashan,John Sandbox,Studious,5,3.0
Derby Mcglashan,John Sandbox,Imaginative,5,6.0
Derby Mcglashan,John Sandbox,Analytic,6,2.0
Derby Mcglashan,John Sandbox,Independent,6,5.0
Derby Mcglashan,John Sandbox,Determined,6,8.0
Derby Mcglashan,John Sandbox,Professional,6,6.0
Derby Mcglashan,John Sandbox,Studious,6,8.0
Derby Mcglashan,John Sandbox,Imaginative,6,8.0
Derby Mcglashan,John Sandbox,Analytic,7,8.0
Derby Mcglashan,John Sandbox,Independent,7,8.0
Derby Mcglashan,John Sandbox,Determined,7,6.0
Derby Mcglashan,John Sandbox,Professional,7,8.0
Derby Mcglashan,John Sandbox,Studious,7,8.0
Derby Mcglashan,John Sandbox,Imaginative,7,8.0
Derby Mcglashan,John Sandbox,Analytic,8,8.0
Derby Mcglashan,John Sandbox,Independent,8,4.0
Derby Mcglashan,John Sandbox,Determined,8,8.0
Derby Mcglashan,John Sandbox,Professional,8,8.0
Derby Mcglashan,John Sandbox,Studious,8,8.0
Derby Mcglashan,John Sandbox,Imaginative,8,8.0
Sharron Starling,John Sandbox,Analytic,1,3.0
Sharron Starling,John Sandbox,Independent,1,5.0
Sharron Starling,John Sandbox,Determined,1,4.0
Sharron Starling,John Sandbox,Professional,1,1.0
Sharron Starling,John Sandbox,Studious,1,2.0
Sharron Starling,John Sandbox,Imaginative,1,1.0
Sharron Starling,John Sandbox,Analytic,2,1.0
Sharron Starling,John Sandbox,Independent,2,3.0
Sharron Starling,John Sandbox,Determined,2,1.0
Sharron Starling,John Sandbox,Professional,2,6.0
Sharron Starling,John Sandbox,Studious,2,1.0
Sharron Starling,John Sandbox,Imaginative,2,4.0
Sharron Starling,John Sandbox,Analytic,3,1.0
Sharron Starling,John Sandbox,Independent,3,1.0
Sharron Starling,John Sandbox,Determined,3,2.0
Sharron Starling,John Sandbox,Professional,3,2.0
Sharron Starling,John Sandbox,Studious,3,3.0
Sharron Starling,John Sandbox,Imaginative,3,1.0
Amalea Harrell,John Sandbox,Analytic,1,2.0
Amalea Harrell,John Sandbox,Independent,1,3.0
Amalea Harrell,John Sandbox,Determined,1,1.0
Amalea Harrell,John Sandbox,Professional,1,6.0
Amalea Harrell,John Sandbox,Studious,1,5.0
Amalea Harrell,John Sandbox,Imaginative,1,1.0
Amalea Harrell,John Sandbox,Analytic,2,3.0
Amalea Harrell,John Sandbox,Independent,2,2.0
Amalea Harrell,John Sandbox,Determined,2,2.0
Amalea Harrell,John Sandbox,Professional,2,2.0
Amalea Harrell,John Sandbox,Studious,2,1.0
Amalea Harrell,John Sandbox,Imaginative,2,1.0
Finn Maasze,John Sandbox,Analytic,1,5.0
Finn Maasze,John Sandbox,Independent,1,3.0
Finn Maasze,John Sandbox,Determined,1,5.0
Finn Maasze,John Sandbox,Professional,1,3.0
Finn Maasze,John Sandbox,Studious,1,2.0
Finn Maasze,John Sandbox,Imaginative,1,2.0
Finn Maasze,John Sandbox,Analytic,2,1.0
Finn Maasze,John Sandbox,Independent,2,1.0
Finn Maasze,John Sandbox,Determined,2,3.0
Finn Maasze,John Sandbox,Professional,2,1.0
Finn Maasze,John Sandbox,Studious,2,1.0
Finn Maasze,John Sandbox,Imaginative,2,5.0
Finn Maasze,John Sandbox,Analytic,3,7.0
Finn Maasze,John Sandbox,Independent,3,3.0
Finn Maasze,John Sandbox,Determined,3,3.0
Finn Maasze,John Sandbox,Professional,3,1.0
Finn Maasze,John Sandbox,Studious,3,2.0
Finn Maasze,John Sandbox,Imaginative,3,2.0
Finn Maasze,John Sandbox,Analytic,4,8.0
Finn Maasze,John Sandbox,Independent,4,7.0
Finn Maasze,John Sandbox,Determined,4,5.0
Finn Maasze,John Sandbox,Professional,4,6.0
Finn Maasze,John Sandbox,Studious,4,4.0
Finn Maasze,John Sandbox,Imaginative,4,7.0
Finn Maasze,John Sandbox,Analytic,5,4.0
Finn Maasze,John Sandbox,Independent,5,6.0
Finn Maasze,John Sandbox,Determined,5,6.0
Finn Maasze,John Sandbox,Professional,5,5.0
Finn Maasze,John Sandbox,Studious,5,6.0
Finn Maasze,John Sandbox,Imaginative,5,7.0
Finn Maasze,John Sandbox,Analytic,6,3.0
Finn Maasze,John Sandbox,Independent,6,3.0
Finn Maasze,John Sandbox,Determined,6,7.0
Finn Maasze,John Sandbox,Professional,6,4.0
Finn Maasze,John Sandbox,Studious,6,3.0
Finn Maasze,John Sandbox,Imaginative,6,8.0
Finn Maasze,John Sandbox,Analytic,7,8.0
Finn Maasze,John Sandbox,Independent,7,8.0
Finn Maasze,John Sandbox,Determined,7,7.0
Finn Maasze,John Sandbox,Professional,7,8.0
Finn Maasze,John Sandbox,Studious,7,4.0
Finn Maasze,John Sandbox,Imaginative,7,8.0
Finn Maasze,John Sandbox,Analytic,8,8.0
Finn Maasze,John Sandbox,Independent,8,7.0
Finn Maasze,John Sandbox,Determined,8,3.0
Finn Maasze,John Sandbox,Professional,8,8.0
Finn Maasze,John Sandbox,Studious,8,8.0
Finn Maasze,John Sandbox,Imaginative,8,7.0
Gianina Wandless,Trixie Orange,Analytic,1,3.0
Gianina Wandless,Trixie Orange,Independent,1,1.0
Gianina Wandless,Trixie Orange,Determined,1,8.0
Gianina Wandless,Trixie Orange,Professional,1,4.0
Gianina Wandless,Trixie Orange,Studious,1,4.0
Gianina Wandless,Trixie Orange,Imaginative,1,1.0
Gianina Wandless,Trixie Orange,Analytic,2,4.0
Gianina Wandless,Trixie Orange,Independent,2,1.0
Gianina Wandless,Trixie Orange,Determined,2,5.0
Gianina Wandless,Trixie Orange,Professional,2,3.0
Gianina Wandless,Trixie Orange,Studious,2,1.0
Gianina Wandless,Trixie Orange,Imaginative,2,3.0
Gianina Wandless,Trixie Orange,Analytic,3,5.0
Gianina Wandless,Trixie Orange,Independent,3,5.0
Gianina Wandless,Trixie Orange,Determined,3,3.0
Gianina Wandless,Trixie Orange,Professional,3,2.0
Gianina Wandless,Trixie Orange,Studious,3,2.0
Gianina Wandless,Trixie Orange,Imaginative,3,3.0
Gianina Wandless,Trixie Orange,Analytic,4,5.0
Gianina Wandless,Trixie Orange,Independent,4,6.0
Gianina Wandless,Trixie Orange,Determined,4,6.0
Gianina Wandless,Trixie Orange,Professional,4,6.0
Gianina Wandless,Trixie Orange,Studious,4,2.0
Gianina Wandless,Trixie Orange,Imaginative,4,8.0
Gianina Wandless,Trixie Orange,Analytic,5,3.0
Gianina Wandless,Trixie Orange,Independent,5,3.0
Gianina Wandless,Trixie Orange,Determined,5,4.0
Gianina Wandless,Trixie Orange,Professional,5,8.0
Gianina Wandless,Trixie Orange,Studious,5,5.0
Gianina Wandless,Trixie Orange,Imaginative,5,6.0
Gianina Wandless,Trixie Orange,Analytic,6,8.0
Gianina Wandless,Trixie Orange,Independent,6,6.0
Gianina Wandless,Trixie Orange,Determined,6,4.0
Gianina Wandless,Trixie Orange,Professional,6,6.0
Gianina Wandless,Trixie Orange,Studious,6,8.0
Gianina Wandless,Trixie Orange,Imaginative,6,7.0
Gianina Wandless,Trixie Orange,Analytic,7,8.0
Gianina Wandless,Trixie Orange,Independent,7,8.0
Gianina Wandless,Trixie Orange,Determined,7,8.0
Gianina Wandless,Trixie Orange,Professional,7,8.0
Gianina Wandless,Trixie Orange,Studious,7,8.0
Gianina Wandless,Trixie Orange,Imaginative,7,8.0
Gianina Wandless,Trixie Orange,Analytic,8,8.0
Gianina Wandless,Trixie Orange,Independent,8,8.0
Gianina Wandless,Trixie Orange,Determined,8,6.0
Gianina Wandless,Trixie Orange,Professional,8,8.0
Gianina Wandless,Trixie Orange,Studious,8,7.0
Gianina Wandless,Trixie Orange,Imaginative,8,8.0
Kaitlyn Chagg,Trixie Orange,Analytic,1,1.0
Kaitlyn Chagg,Trixie Orange,Independent,1,4.0
Kaitlyn Chagg,Trixie Orange,Determined,1,2.0
Kaitlyn Chagg,Trixie Orange,Professional,1,1.0
Kaitlyn Chagg,Trixie Orange,Studious,1,3.0
Kaitlyn Chagg,Trixie Orange,Imaginative,1,3.0
Kaitlyn Chagg,Trixie Orange,Analytic,2,2.0
Kaitlyn Chagg,Trixie Orange,Independent,2,4.0
Kaitlyn Chagg,Trixie Orange,Determined,2,4.0
Kaitlyn Chagg,Trixie Orange,Professional,2,2.0
Kaitlyn Chagg,Trixie Orange,Studious,2,3.0
Kaitlyn Chagg,Trixie Orange,Imaginative,2,5.0
Kaitlyn Chagg,Trixie Orange,Analytic,3,2.0
Kaitlyn Chagg,Trixie Orange,Independent,3,7.0
Kaitlyn Chagg,Trixie Orange,Determined,3,2.0
Kaitlyn Chagg,Trixie Orange,Professional,3,3.0
Kaitlyn Chagg,Trixie Orange,Studious,3,2.0
Kaitlyn Chagg,Trixie Orange,Imaginative,3,2.0
Kaitlyn Chagg,Trixie Orange,Analytic,4,4.0
Kaitlyn Chagg,Trixie Orange,Independent,4,6.0
Kaitlyn Chagg,Trixie Orange,Determined,4,6.0
Kaitlyn Chagg,Trixie Orange,Professional,4,6.0
Kaitlyn Chagg,Trixie Orange,Studious,4,1.0
Kaitlyn Chagg,Trixie Orange,Imaginative,4,5.0
Kaitlyn Chagg,Trixie Orange,Analytic,5,3.0
Kaitlyn Chagg,Trixie Orange,Independent,5,8.0
Kaitlyn Chagg,Trixie Orange,Determined,5,5.0
Kaitlyn Chagg,Trixie Orange,Professional,5,4.0
Kaitlyn Chagg,Trixie Orange,Studious,5,8.0
Kaitlyn Chagg,Trixie Orange,Imaginative,5,6.0
Kaitlyn Chagg,Trixie Orange,Analytic,6,5.0
Kaitlyn Chagg,Trixie Orange,Independent,6,6.0
Kaitlyn Chagg,Trixie Orange,Determined,6,1.0
Kaitlyn Chagg,Trixie Orange,Professional,6,7.0
Kaitlyn Chagg,Trixie Orange,Studious,6,8.0
Kaitlyn Chagg,Trixie Orange,Imaginative,6,8.0
Kaitlyn Chagg,Trixie Orange,Analytic,7,8.0
Kaitlyn Chagg,Trixie Orange,Independent,7,8.0
Kaitlyn Chagg,Trixie Orange,Determined,7,8.0
Kaitlyn Chagg,Trixie Orange,Professional,7,8.0
Kaitlyn Chagg,Trixie Orange,Studious,7,8.0
Kaitlyn Chagg,Trixie Orange,Imaginative,7,7.0
Kaitlyn Chagg,Trixie Orange,Analytic,8,8.0
Kaitlyn Chagg,Trixie Orange,Independent,8,8.0
Kaitlyn Chagg,Trixie Orange,Determined,8,6.0
Kaitlyn Chagg,Trixie Orange,Professional,8,5.0
Kaitlyn Chagg,Trixie Orange,Studious,8,8.0
Kaitlyn Chagg,Trixie Orange,Imaginative,8,8.0
Scotti Bromfield,Trixie Orange,Analytic,1,1.0
Scotti Bromfield,Trixie Orange,Independent,1,1.0
Scotti Bromfield,Trixie Orange,Determined,1,2.0
Scotti Bromfield,Trixie Orange,Professional,1,6.0
Scotti Bromfield,Trixie Orange,Studious,1,2.0
Scotti Bromfield,Trixie Orange,Imaginative,1,6.0
Scotti Bromfield,Trixie Orange,Analytic,2,3.0
Scotti Bromfield,Trixie Orange,Independent,2,7.0
Scotti Bromfield,Trixie Orange,Determined,2,1.0
Scotti Bromfield,Trixie Orange,Professional,2,3.0
Scotti Bromfield,Trixie Orange,Studious,2,2.0
Scotti Bromfield,Trixie Orange,Imaginative,2,3.0
Scotti Bromfield,Trixie Orange,Analytic,3,3.0
Scotti Bromfield,Trixie Orange,Independent,3,1.0
Scotti Bromfield,Trixie Orange,Determined,3,3.0
Scotti Bromfield,Trixie Orange,Professional,3,4.0
Scotti Bromfield,Trixie Orange,Studious,3,3.0
Scotti Bromfield,Trixie Orange,Imaginative,3,5.0
Scotti Bromfield,Trixie Orange,Analytic,4,6.0
Scotti Bromfield,Trixie Orange,Independent,4,4.0
Scotti Bromfield,Trixie Orange,Determined,4,5.0
Scotti Bromfield,Trixie Orange,Professional,4,8.0
Scotti Bromfield,Trixie Orange,Studious,4,3.0
Scotti Bromfield,Trixie Orange,Imaginative,4,5.0
Scotti Bromfield,Trixie Orange,Analytic,5,8.0
Scotti Bromfield,Trixie Orange,Independent,5,3.0
Scotti Bromfield,Trixie Orange,Determined,5,7.0
Scotti Bromfield,Trixie Orange,Professional,5,4.0
Scotti Bromfield,Trixie Orange,Studious,5,5.0
Scotti Bromfield,Trixie Orange,Imaginative,5,4.0
Scotti Bromfield,Trixie Orange,Analytic,6,3.0
Scotti Bromfield,Trixie Orange,Independent,6,7.0
Scotti Bromfield,Trixie Orange,Determined,6,7.0
Scotti Bromfield,Trixie Orange,Professional,6,2.0
Scotti Bromfield,Trixie Orange,Studious,6,8.0
Scotti Bromfield,Trixie Orange,Imaginative,6,8.0
Scotti Bromfield,Trixie Orange,Analytic,7,1.0
Scotti Bromfield,Trixie Orange,Independent,7,8.0
Scotti Bromfield,Trixie Orange,Determined,7,8.0
Scotti Bromfield,Trixie Orange,Professional,7,7.0
Scotti Bromfield,Trixie Orange,Studious,7,8.0
Scotti Bromfield,Trixie Orange,Imaginative,7,6.0
Scotti Bromfield,Trixie Orange,Analytic,8,8.0
Scotti Bromfield,Trixie Orange,Independent,8,7.0
Scotti Bromfield,Trixie Orange,Determined,8,8.0
Scotti Bromfield,Trixie Orange,Professional,8,8.0
Scotti Bromfield,Trixie Orange,Studious,8,4.0
Scotti Bromfield,Trixie Orange,Imaginative,8,8.0
Genovera Mattek,Trixie Orange,Analytic,1,3.0
Genovera Mattek,Trixie Orange,Independent,1,3.0
Genovera Mattek,Trixie Orange,Determined,1,3.0
Genovera Mattek,Trixie Orange,Professional,1,1.0
Genovera Mattek,Trixie Orange,Studious,1,5.0
Genovera Mattek,Trixie Orange,Imaginative,1,2.0
Genovera Mattek,Trixie Orange,Analytic,2,2.0
Genovera Mattek,Trixie Orange,Independent,2,7.0
Genovera Mattek,Trixie Orange,Determined,2,1.0
Genovera Mattek,Trixie Orange,Professional,2,2.0
Genovera Mattek,Trixie Orange,Studious,2,8.0
Genovera Mattek,Trixie Orange,Imaginative,2,1.0
Genovera Mattek,Trixie Orange,Analytic,3,3.0
Genovera Mattek,Trixie Orange,Independent,3,2.0
Genovera Mattek,Trixie Orange,Determined,3,2.0
Genovera Mattek,Trixie Orange,Professional,3,3.0
Genovera Mattek,Trixie Orange,Studious,3,1.0
Genovera Mattek,Trixie Orange,Imaginative,3,4.0
Genovera Mattek,Trixie Orange,Analytic,4,7.0
Genovera Mattek,Trixie Orange,Independent,4,6.0
Genovera Mattek,Trixie Orange,Determined,4,5.0
Genovera Mattek,Trixie Orange,Professional,4,3.0
Genovera Mattek,Trixie Orange,Studious,4,5.0
Genovera Mattek,Trixie Orange,Imaginative,4,6.0
Genovera Mattek,Trixie Orange,Analytic,5,4.0
Genovera Mattek,Trixie Orange,Independent,5,8.0
Genovera Mattek,Trixie Orange,Determined,5,2.0
Genovera Mattek,Trixie Orange,Professional,5,4.0
Genovera Mattek,Trixie Orange,Studious,5,5.0
Genovera Mattek,Trixie Orange,Imaginative,5,8.0
Genovera Mattek,Trixie Orange,Analytic,6,8.0
Genovera Mattek,Trixie Orange,Independent,6,7.0
Genovera Mattek,Trixie Orange,Determined,6,4.0
Genovera Mattek,Trixie Orange,Professional,6,6.0
Genovera Mattek,Trixie Orange,Studious,6,1.0
Genovera Mattek,Trixie Orange,Imaginative,6,5.0
Genovera Mattek,Trixie Orange,Analytic,7,8.0
Genovera Mattek,Trixie Orange,Independent,7,5.0
Genovera Mattek,Trixie Orange,Determined,7,8.0
Genovera Mattek,Trixie Orange,Professional,7,8.0
Genovera Mattek,Trixie Orange,Studious,7,8.0
Genovera Mattek,Trixie Orange,Imaginative,7,8.0
Genovera Mattek,Trixie Orange,Analytic,8,6.0
Genovera Mattek,Trixie Orange,Independent,8,6.0
Genovera Mattek,Trixie Orange,Determined,8,4.0
Genovera Mattek,Trixie Orange,Professional,8,6.0
Genovera Mattek,Trixie Orange,Studious,8,8.0
Genovera Mattek,Trixie Orange,Imaginative,8,8.0
Yorgos O'Rourke,Trixie Orange,Analytic,1,1.0
Yorgos O'Rourke,Trixie Orange,Independent,1,6.0
Yorgos O'Rourke,Trixie Orange,Determined,1,3.0
Yorgos O'Rourke,Trixie Orange,Professional,1,5.0
Yorgos O'Rourke,Trixie Orange,Studious,1,2.0
Yorgos O'Rourke,Trixie Orange,Imaginative,1,5.0
Yorgos O'Rourke,Trixie Orange,Analytic,2,1.0
Yorgos O'Rourke,Trixie Orange,Independent,2,3.0
Yorgos O'Rourke,Trixie Orange,Determined,2,4.0
Yorgos O'Rourke,Trixie Orange,Professional,2,3.0
Yorgos O'Rourke,Trixie Orange,Studious,2,3.0
Yorgos O'Rourke,Trixie Orange,Imaginative,2,5.0
Yorgos O'Rourke,Trixie Orange,Analytic,3,1.0
Yorgos O'Rourke,Trixie Orange,Independent,3,4.0
Yorgos O'Rourke,Trixie Orange,Determined,3,5.0
Yorgos O'Rourke,Trixie Orange,Professional,3,4.0
Yorgos O'Rourke,Trixie Orange,Studious,3,4.0
Yorgos O'Rourke,Trixie Orange,Imaginative,3,1.0
Yorgos O'Rourke,Trixie Orange,Analytic,4,8.0
Yorgos O'Rourke,Trixie Orange,Independent,4,6.0
Yorgos O'Rourke,Trixie Orange,Determined,4,7.0
Yorgos O'Rourke,Trixie Orange,Professional,4,8.0
Yorgos O'Rourke,Trixie Orange,Studious,4,6.0
Yorgos O'Rourke,Trixie Orange,Imaginative,4,4.0
Yorgos O'Rourke,Trixie Orange,Analytic,5,8.0
Yorgos O'Rourke,Trixie Orange,Independent,5,7.0
Yorgos O'Rourke,Trixie Orange,Determined,5,6.0
Yorgos O'Rourke,Trixie Orange,Professional,5,8.0
Yorgos O'Rourke,Trixie Orange,Studious,5,6.0
Yorgos O'Rourke,Trixie Orange,Imaginative,5,7.0
Yorgos O'Rourke,Trixie Orange,Analytic,6,6.0
Yorgos O'Rourke,Trixie Orange,Independent,6,5.0
Yorgos O'Rourke,Trixie Orange,Determined,6,1.0
Yorgos O'Rourke,Trixie Orange,Professional,6,2.0
Yorgos O'Rourke,Trixie Orange,Studious,6,5.0
Yorgos O'Rourke,Trixie Orange,Imaginative,6,5.0
Yorgos O'Rourke,Trixie Orange,Analytic,7,8.0
Yorgos O'Rourke,Trixie Orange,Independent,7,8.0
Yorgos O'Rourke,Trixie Orange,Determined,7,8.0
Yorgos O'Rourke,Trixie Orange,Professional,7,8.0
Yorgos O'Rourke,Trixie Orange,Studious,7,8.0
Yorgos O'Rourke,Trixie Orange,Imaginative,7,8.0
Yorgos O'Rourke,Trixie Orange,Analytic,8,6.0
Yorgos O'Rourke,Trixie Orange,Independent,8,8.0
Yorgos O'Rourke,Trixie Orange,Determined,8,8.0
Yorgos O'Rourke,Trixie Orange,Professional,8,8.0
Yorgos O'Rourke,Trixie Orange,Studious,8,8.0
Yorgos O'Rourke,Trixie Orange,Imaginative,8,8.0
Sigrid Veitch,Eshal Brandt,Analytic,1,4.0
Sigrid Veitch,Eshal Brandt,Independent,1,4.0
Sigrid Veitch,Eshal Brandt,Determined,1,3.0
Sigrid Veitch,Eshal Brandt,Professional,1,6.0
Sigrid Veitch,Eshal Brandt,Studious,1,2.0
Sigrid Veitch,Eshal Brandt,Imaginative,1,2.0
Sigrid Veitch,Eshal Brandt,Analytic,2,4.0
Sigrid Veitch,Eshal Brandt,Independent,2,1.0
Sigrid Veitch,Eshal Brandt,Determined,2,3.0
Sigrid Veitch,Eshal Brandt,Professional,2,4.0
Sigrid Veitch,Eshal Brandt,Studious,2,1.0
Sigrid Veitch,Eshal Brandt,Imaginative,2,1.0
Sigrid Veitch,Eshal Brandt,Analytic,3,2.0
Sigrid Veitch,Eshal Brandt,Independent,3,1.0
Sigrid Veitch,Eshal Brandt,Determined,3,1.0
Sigrid Veitch,Eshal Brandt,Professional,3,4.0
Sigrid Veitch,Eshal Brandt,Studious,3,3.0
Sigrid Veitch,Eshal Brandt,Imaginative,3,1.0
Sigrid Veitch,Eshal Brandt,Analytic,4,6.0
Sigrid Veitch,Eshal Brandt,Independent,4,3.0
Sigrid Veitch,Eshal Brandt,Determined,4,7.0
Sigrid Veitch,Eshal Brandt,Professional,4,7.0
Sigrid Veitch,Eshal Brandt,Studious,4,4.0
Sigrid Veitch,Eshal Brandt,Imaginative,4,2.0
Sigrid Veitch,Eshal Brandt,Analytic,5,2.0
Sigrid Veitch,Eshal Brandt,Independent,5,5.0
Sigrid Veitch,Eshal Brandt,Determined,5,8.0
Sigrid Veitch,Eshal Brandt,Professional,5,4.0
Sigrid Veitch,Eshal Brandt,Studious,5,6.0
Sigrid Veitch,Eshal Brandt,Imaginative,5,5.0
Sigrid Veitch,Eshal Brandt,Analytic,6,4.0
Sigrid Veitch,Eshal Brandt,Independent,6,5.0
Sigrid Veitch,Eshal Brandt,Determined,6,7.0
Sigrid Veitch,Eshal Brandt,Professional,6,8.0
Sigrid Veitch,Eshal Brandt,Studious,6,8.0
Sigrid Veitch,Eshal Brandt,Imaginative,6,4.0
Sigrid Veitch,Eshal Brandt,Analytic,7,8.0
Sigrid Veitch,Eshal Brandt,Independent,7,3.0
Sigrid Veitch,Eshal Brandt,Determined,7,8.0
Sigrid Veitch,Eshal Brandt,Professional,7,7.0
Sigrid Veitch,Eshal Brandt,Studious,7,8.0
Sigrid Veitch,Eshal Brandt,Imaginative,7,7.0
Sigrid Veitch,Eshal Brandt,Analytic,8,8.0
Sigrid Veitch,Eshal Brandt,Independent,8,7.0
Sigrid Veitch,Eshal Brandt,Determined,8,8.0
Sigrid Veitch,Eshal Brandt,Professional,8,6.0
Sigrid Veitch,Eshal Brandt,Studious,8,8.0
Sigrid Veitch,Eshal Brandt,Imaginative,8,8.0
Sigrid Veitch,Eshal Brandt,Analytic,9,6.0
Sigrid Veitch,Eshal Brandt,Independent,9,8.0
Sigrid Veitch,Eshal Brandt,Determined,9,6.0
Sigrid Veitch,Eshal Brandt,Professional,9,8.0
Sigrid Veitch,Eshal Brandt,Studious,9,7.0
Sigrid Veitch,Eshal Brandt,Imaginative,9,8.0
Sigrid Veitch,Eshal Brandt,Analytic,10,8.0
Sigrid Veitch,Eshal Brandt,Independent,10,8.0
Sigrid Veitch,Eshal Brandt,Determined,10,8.0
Sigrid Veitch,Eshal Brandt,Professional,10,8.0
Sigrid Veitch,Eshal Brandt,Studious,10,7.0
Sigrid Veitch,Eshal Brandt,Imaginative,10,8.0
Rodrick Henworth,Eshal Brandt,Analytic,1,4.0
Rodrick Henworth,Eshal Brandt,Independent,1,4.0
Rodrick Henworth,Eshal Brandt,Determined,1,3.0
Rodrick Henworth,Eshal Brandt,Professional,1,3.0
Rodrick Henworth,Eshal Brandt,Studious,1,1.0
Rodrick Henworth,Eshal Brandt,Imaginative,1,4.0
Rodrick Henworth,Eshal Brandt,Analytic,2,1.0
Rodrick Henworth,Eshal Brandt,Independent,2,1.0
Rodrick Henworth,Eshal Brandt,Determined,2,4.0
Rodrick Henworth,Eshal Brandt,Professional,2,5.0
Rodrick Henworth,Eshal Brandt,Studious,2,4.0
Rodrick Henworth,Eshal Brandt,Imaginative,2,4.0
Rodrick Henworth,Eshal Brandt,Analytic,3,1.0
Rodrick Henworth,Eshal Brandt,Independent,3,3.0
Rodrick Henworth,Eshal Brandt,Determined,3,3.0
Rodrick Henworth,Eshal Brandt,Professional,3,5.0
Rodrick Henworth,Eshal Brandt,Studious,3,2.0
Rodrick Henworth,Eshal Brandt,Imaginative,3,3.0
Rodrick Henworth,Eshal Brandt,Analytic,4,5.0
Rodrick Henworth,Eshal Brandt,Independent,4,8.0
Rodrick Henworth,Eshal Brandt,Determined,4,4.0
Rodrick Henworth,Eshal Brandt,Professional,4,2.0
Rodrick Henworth,Eshal Brandt,Studious,4,5.0
Rodrick Henworth,Eshal Brandt,Imaginative,4,6.0
Rodrick Henworth,Eshal Brandt,Analytic,5,6.0
Rodrick Henworth,Eshal Brandt,Independent,5,5.0
Rodrick Henworth,Eshal Brandt,Determined,5,5.0
Rodrick Henworth,Eshal Brandt,Professional,5,8.0
Rodrick Henworth,Eshal Brandt,Studious,5,5.0
Rodrick Henworth,Eshal Brandt,Imaginative,5,5.0
Rodrick Henworth,Eshal Brandt,Analytic,6,8.0
Rodrick Henworth,Eshal Brandt,Independent,6,8.0
Rodrick Henworth,Eshal Brandt,Determined,6,5.0
Rodrick Henworth,Eshal Brandt,Professional,6,7.0
Rodrick Henworth,Eshal Brandt,Studious,6,3.0
Rodrick Henworth,Eshal Brandt,Imaginative,6,6.0
Rodrick Henworth,Eshal Brandt,Analytic,7,8.0
Rodrick Henworth,Eshal Brandt,Independent,7,8.0
Rodrick Henworth,Eshal Brandt,Determined,7,8.0
Rodrick Henworth,Eshal Brandt,Professional,7,8.0
Rodrick Henworth,Eshal Brandt,Studious,7,8.0
Rodrick Henworth,Eshal Brandt,Imaginative,7,8.0
Rodrick Henworth,Eshal Brandt,Analytic,8,8.0
Rodrick Henworth,Eshal Brandt,Independent,8,8.0
Rodrick Henworth,Eshal Brandt,Determined,8,8.0
Rodrick Henworth,Eshal Brandt,Professional,8,8.0
Rodrick Henworth,Eshal Brandt,Studious,8,5.0
Rodrick Henworth,Eshal Brandt,Imaginative,8,7.0
Rodrick Henworth,Eshal Brandt,Analytic,9,8.0
Rodrick Henworth,Eshal Brandt,Independent,9,8.0
Rodrick Henworth,Eshal Brandt,Determined,9,8.0
Rodrick Henworth,Eshal Brandt,Professional,9,7.0
Rodrick Henworth,Eshal Brandt,Studious,9,8.0
Rodrick Henworth,Eshal Brandt,Imaginative,9,5.0
Rodrick Henworth,Eshal Brandt,Analytic,10,8.0
Rodrick Henworth,Eshal Brandt,Independent,10,8.0
Rodrick Henworth,Eshal Brandt,Determined,10,8.0
Rodrick Henworth,Eshal Brandt,Professional,10,8.0
Rodrick Henworth,Eshal Brandt,Studious,10,8.0
Rodrick Henworth,Eshal Brandt,Imaginative,10,8.0
Reggie Lawlor,Eshal Brandt,Analytic,1,5.0
Reggie Lawlor,Eshal Brandt,Independent,1,2.0
Reggie Lawlor,Eshal Brandt,Determined,1,5.0
Reggie Lawlor,Eshal Brandt,Professional,1,3.0
Reggie Lawlor,Eshal Brandt,Studious,1,3.0
Reggie Lawlor,Eshal Brandt,Imaginative,1,6.0
Reggie Lawlor,Eshal Brandt,Analytic,2,4.0
Reggie Lawlor,Eshal Brandt,Independent,2,2.0
Reggie Lawlor,Eshal Brandt,Determined,2,1.0
Reggie Lawlor,Eshal Brandt,Professional,2,5.0
Reggie Lawlor,Eshal Brandt,Studious,2,2.0
Reggie Lawlor,Eshal Brandt,Imaginative,2,1.0
Reggie Lawlor,Eshal Brandt,Analytic,3,5.0
Reggie Lawlor,Eshal Brandt,Independent,3,1.0
Reggie Lawlor,Eshal Brandt,Determined,3,3.0
Reggie Lawlor,Eshal Brandt,Professional,3,5.0
Reggie Lawlor,Eshal Brandt,Studious,3,5.0
Reggie Lawlor,Eshal Brandt,Imaginative,3,5.0
Reggie Lawlor,Eshal Brandt,Analytic,4,6.0
Reggie Lawlor,Eshal Brandt,Independent,4,8.0
Reggie Lawlor,Eshal Brandt,Determined,4,8.0
Reggie Lawlor,Eshal Brandt,Professional,4,7.0
Reggie Lawlor,Eshal Brandt,Studious,4,6.0
Reggie Lawlor,Eshal Brandt,Imaginative,4,7.0
Reggie Lawlor,Eshal Brandt,Analytic,5,8.0
Reggie Lawlor,Eshal Brandt,Independent,5,2.0
Reggie Lawlor,Eshal Brandt,Determined,5,8.0
Reggie Lawlor,Eshal Brandt,Professional,5,6.0
Reggie Lawlor,Eshal Brandt,Studious,5,7.0
Reggie Lawlor,Eshal Brandt,Imaginative,5,5.0
Reggie Lawlor,Eshal Brandt,Analytic,6,6.0
Reggie Lawlor,Eshal Brandt,Independent,6,5.0
Reggie Lawlor,Eshal Brandt,Determined,6,6.0
Reggie Lawlor,Eshal Brandt,Professional,6,3.0
Reggie Lawlor,Eshal Brandt,Studious,6,8.0
Reggie Lawlor,Eshal Brandt,Imaginative,6,6.0
Reggie Lawlor,Eshal Brandt,Analytic,7,8.0
Reggie Lawlor,Eshal Brandt,Independent,7,6.0
Reggie Lawlor,Eshal Brandt,Determined,7,8.0
Reggie Lawlor,Eshal Brandt,Professional,7,8.0
Reggie Lawlor,Eshal Brandt,Studious,7,8.0
Reggie Lawlor,Eshal Brandt,Imaginative,7,8.0
Reggie Lawlor,Eshal Brandt,Analytic,8,7.0
Reggie Lawlor,Eshal Brandt,Independent,8,8.0
Reggie Lawlor,Eshal Brandt,Determined,8,6.0
Reggie Lawlor,Eshal Brandt,Professional,8,8.0
Reggie Lawlor,Eshal Brandt,Studious,8,8.0
Reggie Lawlor,Eshal Brandt,Imaginative,8,8.0
Reggie Lawlor,Eshal Brandt,Analytic,9,8.0
Reggie Lawlor,Eshal Brandt,Independent,9,8.0
Reggie Lawlor,Eshal Brandt,Determined,9,8.0
Reggie Lawlor,Eshal Brandt,Professional,9,8.0
Reggie Lawlor,Eshal Brandt,Studious,9,8.0
Reggie Lawlor,Eshal Brandt,Imaginative,9,8.0
Reggie Lawlor,Eshal Brandt,Analytic,10,8.0
Reggie Lawlor,Eshal Brandt,Independent,10,8.0
Reggie Lawlor,Eshal Brandt,Determined,10,8.0
Reggie Lawlor,Eshal Brandt,Professional,10,8.0
Reggie Lawlor,Eshal Brandt,Studious,10,8.0
Reggie Lawlor,Eshal Brandt,Imaginative,10,8.0
Thornton Thuillier,Eshal Brandt,Analytic,1,3.0
Thornton Thuillier,Eshal Brandt,Independent,1,5.0
Thornton Thuillier,Eshal Brandt,Determined,1,4.0
Thornton Thuillier,Eshal Brandt,Professional,1,5.0
Thornton Thuillier,Eshal Brandt,Studious,1,2.0
Thornton Thuillier,Eshal Brandt,Imaginative,1,1.0
Thornton Thuillier,Eshal Brandt,Analytic,2,1.0
Thornton Thuillier,Eshal Brandt,Independent,2,2.0
Thornton Thuillier,Eshal Brandt,Determined,2,1.0
Thornton Thuillier,Eshal Brandt,Professional,2,3.0
Thornton Thuillier,Eshal Brandt,Studious,2,1.0
Thornton Thuillier,Eshal Brandt,Imaginative,2,5.0
Thornton Thuillier,Eshal Brandt,Analytic,3,4.0
Thornton Thuillier,Eshal Brandt,Independent,3,4.0
Thornton Thuillier,Eshal Brandt,Determined,3,2.0
Thornton Thuillier,Eshal Brandt,Professional,3,2.0
Thornton Thuillier,Eshal Brandt,Studious,3,2.0
Thornton Thuillier,Eshal Brandt,Imaginative,3,2.0
Thornton Thuillier,Eshal Brandt,Analytic,4,4.0
Thornton Thuillier,Eshal Brandt,Independent,4,4.0
Thornton Thuillier,Eshal Brandt,Determined,4,4.0
Thornton Thuillier,Eshal Brandt,Professional,4,7.0
Thornton Thuillier,Eshal Brandt,Studious,4,4.0
Thornton Thuillier,Eshal Brandt,Imaginative,4,4.0
Thornton Thuillier,Eshal Brandt,Analytic,5,8.0
Thornton Thuillier,Eshal Brandt,Independent,5,5.0
Thornton Thuillier,Eshal Brandt,Determined,5,4.0
Thornton Thuillier,Eshal Brandt,Professional,5,8.0
Thornton Thuillier,Eshal Brandt,Studious,5,8.0
Thornton Thuillier,Eshal Brandt,Imaginative,5,1.0
Thornton Thuillier,Eshal Brandt,Analytic,6,6.0
Thornton Thuillier,Eshal Brandt,Independent,6,5.0
Thornton Thuillier,Eshal Brandt,Determined,6,4.0
Thornton Thuillier,Eshal Brandt,Professional,6,5.0
Thornton Thuillier,Eshal Brandt,Studious,6,7.0
Thornton Thuillier,Eshal Brandt,Imaginative,6,6.0
Thornton Thuillier,Eshal Brandt,Analytic,7,8.0
Thornton Thuillier,Eshal Brandt,Independent,7,8.0
Thornton Thuillier,Eshal Brandt,Determined,7,5.0
Thornton Thuillier,Eshal Brandt,Professional,7,7.0
Thornton Thuillier,Eshal Brandt,Studious,7,8.0
Thornton Thuillier,Eshal Brandt,Imaginative,7,8.0
Thornton Thuillier,Eshal Brandt,Analytic,8,6.0
Thornton Thuillier,Eshal Brandt,Independent,8,2.0
Thornton Thuillier,Eshal Brandt,Determined,8,6.0
Thornton Thuillier,Eshal Brandt,Professional,8,8.0
Thornton Thuillier,Eshal Brandt,Studious,8,8.0
Thornton Thuillier,Eshal Brandt,Imaginative,8,8.0
Thornton Thuillier,Eshal Brandt,Analytic,9,8.0
Thornton Thuillier,Eshal Brandt,Independent,9,7.0
Thornton Thuillier,Eshal Brandt,Determined,9,7.0
Thornton Thuillier,Eshal Brandt,Professional,9,7.0
Thornton Thuillier,Eshal Brandt,Studious,9,8.0
Thornton Thuillier,Eshal Brandt,Imaginative,9,8.0
Thornton Thuillier,Eshal Brandt,Analytic,10,8.0
Thornton Thuillier,Eshal Brandt,Independent,10,8.0
Thornton Thuillier,Eshal Brandt,Determined,10,8.0
Thornton Thuillier,Eshal Brandt,Professional,10,8.0
Thornton Thuillier,Eshal Brandt,Studious,10,7.0
Thornton Thuillier,Eshal Brandt,Imaginative,10,8.0
Thomasine Poundford,Eshal Brandt,Analytic,1,3.0
Thomasine Poundford,Eshal Brandt,Independent,1,2.0
Thomasine Poundford,Eshal Brandt,Determined,1,4.0
Thomasine Poundford,Eshal Brandt,Professional,1,1.0
Thomasine Poundford,Eshal Brandt,Studious,1,2.0
Thomasine Poundford,Eshal Brandt,Imaginative,1,5.0
Thomasine Poundford,Eshal Brandt,Analytic,2,2.0
Thomasine Poundford,Eshal Brandt,Independent,2,2.0
Thomasine Poundford,Eshal Brandt,Determined,2,6.0
Thomasine Poundford,Eshal Brandt,Professional,2,1.0
Thomasine Poundford,Eshal Brandt,Studious,2,1.0
Thomasine Poundford,Eshal Brandt,Imaginative,2,4.0
Thomasine Poundford,Eshal Brandt,Analytic,3,2.0
Thomasine Poundford,Eshal Brandt,Independent,3,3.0
Thomasine Poundford,Eshal Brandt,Determined,3,6.0
Thomasine Poundford,Eshal Brandt,Professional,3,7.0
Thomasine Poundford,Eshal Brandt,Studious,3,5.0
Thomasine Poundford,Eshal Brandt,Imaginative,3,1.0
Thomasine Poundford,Eshal Brandt,Analytic,4,5.0
Thomasine Poundford,Eshal Brandt,Independent,4,5.0
Thomasine Poundford,Eshal Brandt,Determined,4,6.0
Thomasine Poundford,Eshal Brandt,Professional,4,8.0
Thomasine Poundford,Eshal Brandt,Studious,4,4.0
Thomasine Poundford,Eshal Brandt,Imaginative,4,8.0
Thomasine Poundford,Eshal Brandt,Analytic,5,3.0
Thomasine Poundford,Eshal Brandt,Independent,5,8.0
Thomasine Poundford,Eshal Brandt,Determined,5,8.0
Thomasine Poundford,Eshal Brandt,Professional,5,8.0
Thomasine Poundford,Eshal Brandt,Studious,5,8.0
Thomasine Poundford,Eshal Brandt,Imaginative,5,2.0
Thomasine Poundford,Eshal Brandt,Analytic,6,8.0
Thomasine Poundford,Eshal Brandt,Independent,6,3.0
Thomasine Poundford,Eshal Brandt,Determined,6,6.0
Thomasine Poundford,Eshal Brandt,Professional,6,8.0
Thomasine Poundford,Eshal Brandt,Studious,6,8.0
Thomasine Poundford,Eshal Brandt,Imaginative,6,6.0
Thomasine Poundford,Eshal Brandt,Analytic,7,8.0
Thomasine Poundford,Eshal Brandt,Independent,7,8.0
Thomasine Poundford,Eshal Brandt,Determined,7,8.0
Thomasine Poundford,Eshal Brandt,Professional,7,8.0
Thomasine Poundford,Eshal Brandt,Studious,7,8.0
Thomasine Poundford,Eshal Brandt,Imaginative,7,3.0
Thomasine Poundford,Eshal Brandt,Analytic,8,8.0
Thomasine Poundford,Eshal Brandt,Independent,8,8.0
Thomasine Poundford,Eshal Brandt,Determined,8,8.0
Thomasine Poundford,Eshal Brandt,Professional,8,8.0
Thomasine Poundford,Eshal Brandt,Studious,8,8.0
Thomasine Poundford,Eshal Brandt,Imaginative,8,7.0
Thomasine Poundford,Eshal Brandt,Analytic,9,8.0
Thomasine Poundford,Eshal Brandt,Independent,9,8.0
Thomasine Poundford,Eshal Brandt,Determined,9,8.0
Thomasine Poundford,Eshal Brandt,Professional,9,5.0
Thomasine Poundford,Eshal Brandt,Studious,9,8.0
Thomasine Poundford,Eshal Brandt,Imaginative,9,8.0
Thomasine Poundford,Eshal Brandt,Analytic,10,8.0
Thomasine Poundford,Eshal Brandt,Independent,10,8.0
Thomasine Poundford,Eshal Brandt,Determined,10,8.0
Thomasine Poundford,Eshal Brandt,Professional,10,8.0
Thomasine Poundford,Eshal Brandt,Studious,10,8.0
Thomasine Poundford,Eshal Brandt,Imaginative,10,8.0
Wakefield Jeves,Eshal Brandt,Analytic,1,1.0
Wakefield Jeves,Eshal Brandt,Independent,1,5.0
Wakefield Jeves,Eshal Brandt,Determined,1,5.0
Wakefield Jeves,Eshal Brandt,Professional,1,4.0
Wakefield Jeves,Eshal Brandt,Studious,1,1.0
Wakefield Jeves,Eshal Brandt,Imaginative,1,3.0
Wakefield Jeves,Eshal Brandt,Analytic,2,4.0
Wakefield Jeves,Eshal Brandt,Independent,2,4.0
Wakefield Jeves,Eshal Brandt,Determined,2,3.0
Wakefield Jeves,Eshal Brandt,Professional,2,2.0
Wakefield Jeves,Eshal Brandt,Studious,2,3.0
Wakefield Jeves,Eshal Brandt,Imaginative,2,6.0
Wakefield Jeves,Eshal Brandt,Analytic,3,2.0
Wakefield Jeves,Eshal Brandt,Independent,3,4.0
Wakefield Jeves,Eshal Brandt,Determined,3,1.0
Wakefield Jeves,Eshal Brandt,Professional,3,4.0
Wakefield Jeves,Eshal Brandt,Studious,3,6.0
Wakefield Jeves,Eshal Brandt,Imaginative,3,4.0
Wakefield Jeves,Eshal Brandt,Analytic,4,8.0
Wakefield Jeves,Eshal Brandt,Independent,4,8.0
Wakefield Jeves,Eshal Brandt,Determined,4,6.0
Wakefield Jeves,Eshal Brandt,Professional,4,4.0
Wakefield Jeves,Eshal Brandt,Studious,4,8.0
Wakefield Jeves,Eshal Brandt,Imaginative,4,7.0
Wakefield Jeves,Eshal Brandt,Analytic,5,7.0
Wakefield Jeves,Eshal Brandt,Independent,5,4.0
Wakefield Jeves,Eshal Brandt,Determined,5,8.0
Wakefield Jeves,Eshal Brandt,Professional,5,4.0
Wakefield Jeves,Eshal Brandt,Studious,5,8.0
Wakefield Jeves,Eshal Brandt,Imaginative,5,7.0
Wakefield Jeves,Eshal Brandt,Analytic,6,8.0
Wakefield Jeves,Eshal Brandt,Independent,6,8.0
Wakefield Jeves,Eshal Brandt,Determined,6,3.0
Wakefield Jeves,Eshal Brandt,Professional,6,2.0
Wakefield Jeves,Eshal Brandt,Studious,6,6.0
Wakefield Jeves,Eshal Brandt,Imaginative,6,7.0
Wakefield Jeves,Eshal Brandt,Analytic,7,8.0
Wakefield Jeves,Eshal Brandt,Independent,7,5.0
Wakefield Jeves,Eshal Brandt,Determined,7,8.0
Wakefield Jeves,Eshal Brandt,Professional,7,3.0
Wakefield Jeves,Eshal Brandt,Studious,7,5.0
Wakefield Jeves,Eshal Brandt,Imaginative,7,7.0
Wakefield Jeves,Eshal Brandt,Analytic,8,8.0
Wakefield Jeves,Eshal Brandt,Independent,8,8.0
Wakefield Jeves,Eshal Brandt,Determined,8,8.0
Wakefield Jeves,Eshal Brandt,Professional,8,6.0
Wakefield Jeves,Eshal Brandt,Studious,8,8.0
Wakefield Jeves,Eshal Brandt,Imaginative,8,6.0
Wakefield Jeves,Eshal Brandt,Analytic,9,8.0
Wakefield Jeves,Eshal Brandt,Independent,9,8.0
Wakefield Jeves,Eshal Brandt,Determined,9,8.0
Wakefield Jeves,Eshal Brandt,Professional,9,3.0
Wakefield Jeves,Eshal Brandt,Studious,9,4.0
Wakefield Jeves,Eshal Brandt,Imaginative,9,7.0
Wakefield Jeves,Eshal Brandt,Analytic,10,8.0
Wakefield Jeves,Eshal Brandt,Independent,10,8.0
Wakefield Jeves,Eshal Brandt,Determined,10,8.0
Wakefield Jeves,Eshal Brandt,Professional,10,8.0
Wakefield Jeves,Eshal Brandt,Studious,10,8.0
Wakefield Jeves,Eshal Brandt,Imaginative,10,8.0
Ced Danielut,Eshal Brandt,Analytic,1,5.0
Ced Danielut,Eshal Brandt,Independent,1,2.0
Ced Danielut,Eshal Brandt,Determined,1,3.0
Ced Danielut,Eshal Brandt,Professional,1,3.0
Ced Danielut,Eshal Brandt,Studious,1,2.0
Ced Danielut,Eshal Brandt,Imaginative,1,5.0
Ced Danielut,Eshal Brandt,Analytic,2,3.0
Ced Danielut,Eshal Brandt,Independent,2,3.0
Ced Danielut,Eshal Brandt,Determined,2,1.0
Ced Danielut,Eshal Brandt,Professional,2,2.0
Ced Danielut,Eshal Brandt,Studious,2,3.0
Ced Danielut,Eshal Brandt,Imaginative,2,4.0
Ced Danielut,Eshal Brandt,Analytic,3,1.0
Ced Danielut,Eshal Brandt,Independent,3,5.0
Ced Danielut,Eshal Brandt,Determined,3,1.0
Ced Danielut,Eshal Brandt,Professional,3,2.0
Ced Danielut,Eshal Brandt,Studious,3,4.0
Ced Danielut,Eshal Brandt,Imaginative,3,6.0
Ced Danielut,Eshal Brandt,Analytic,4,5.0
Ced Danielut,Eshal Brandt,Independent,4,8.0
Ced Danielut,Eshal Brandt,Determined,4,7.0
Ced Danielut,Eshal Brandt,Professional,4,7.0
Ced Danielut,Eshal Brandt,Studious,4,7.0
Ced Danielut,Eshal Brandt,Imaginative,4,1.0
Ced Danielut,Eshal Brandt,Analytic,5,8.0
Ced Danielut,Eshal Brandt,Independent,5,2.0
Ced Danielut,Eshal Brandt,Determined,5,8.0
Ced Danielut,Eshal Brandt,Professional,5,6.0
Ced Danielut,Eshal Brandt,Studious,5,7.0
Ced Danielut,Eshal Brandt,Imaginative,5,8.0
Ced Danielut,Eshal Brandt,Analytic,6,5.0
Ced Danielut,Eshal Brandt,Independent,6,5.0
Ced Danielut,Eshal Brandt,Determined,6,4.0
Ced Danielut,Eshal Brandt,Professional,6,6.0
Ced Danielut,Eshal Brandt,Studious,6,4.0
Ced Danielut,Eshal Brandt,Imaginative,6,5.0
Ced Danielut,Eshal Brandt,Analytic,7,8.0
Ced Danielut,Eshal Brandt,Independent,7,8.0
Ced Danielut,Eshal Brandt,Determined,7,7.0
Ced Danielut,Eshal Brandt,Professional,7,8.0
Ced Danielut,Eshal Brandt,Studious,7,5.0
Ced Danielut,Eshal Brandt,Imaginative,7,8.0
Ced Danielut,Eshal Brandt,Analytic,8,8.0
Ced Danielut,Eshal Brandt,Independent,8,8.0
Ced Danielut,Eshal Brandt,Determined,8,5.0
Ced Danielut,Eshal Brandt,Professional,8,6.0
Ced Danielut,Eshal Brandt,Studious,8,6.0
Ced Danielut,Eshal Brandt,Imaginative,8,8.0
Ced Danielut,Eshal Brandt,Analytic,9,5.0
Ced Danielut,Eshal Brandt,Independent,9,8.0
Ced Danielut,Eshal Brandt,Determined,9,5.0
Ced Danielut,Eshal Brandt,Professional,9,7.0
Ced Danielut,Eshal Brandt,Studious,9,8.0
Ced Danielut,Eshal Brandt,Imaginative,9,8.0
Ced Danielut,Eshal Brandt,Analytic,10,8.0
Ced Danielut,Eshal Brandt,Independent,10,8.0
Ced Danielut,Eshal Brandt,Determined,10,8.0
Ced Danielut,Eshal Brandt,Professional,10,8.0
Ced Danielut,Eshal Brandt,Studious,10,8.0
Ced Danielut,Eshal Brandt,Imaginative,10,8.0
Austin Brister,Eshal Brandt,Analytic,1,2.0
Austin Brister,Eshal Brandt,Independent,1,1.0
Austin Brister,Eshal Brandt,Determined,1,3.0
Austin Brister,Eshal Brandt,Professional,1,2.0
Austin Brister,Eshal Brandt,Studious,1,4.0
Austin Brister,Eshal Brandt,Imaginative,1,3.0
Austin Brister,Eshal Brandt,Analytic,2,3.0
Austin Brister,Eshal Brandt,Independent,2,1.0
Austin Brister,Eshal Brandt,Determined,2,2.0
Austin Brister,Eshal Brandt,Professional,2,5.0
Austin Brister,Eshal Brandt,Studious,2,2.0
Austin Brister,Eshal Brandt,Imaginative,2,4.0
Austin Brister,Eshal Brandt,Analytic,3,4.0
Austin Brister,Eshal Brandt,Independent,3,1.0
Austin Brister,Eshal Brandt,Determined,3,2.0
Austin Brister,Eshal Brandt,Professional,3,4.0
Austin Brister,Eshal Brandt,Studious,3,4.0
Austin Brister,Eshal Brandt,Imaginative,3,7.0
Austin Brister,Eshal Brandt,Analytic,4,3.0
Austin Brister,Eshal Brandt,Independent,4,8.0
Austin Brister,Eshal Brandt,Determined,4,2.0
Austin Brister,Eshal Brandt,Professional,4,6.0
Austin Brister,Eshal Brandt,Studious,4,8.0
Austin Brister,Eshal Brandt,Imaginative,4,4.0
Austin Brister,Eshal Brandt,Analytic,5,8.0
Austin Brister,Eshal Brandt,Independent,5,7.0
Austin Brister,Eshal Brandt,Determined,5,8.0
Austin Brister,Eshal Brandt,Professional,5,5.0
Austin Brister,Eshal Brandt,Studious,5,6.0
Austin Brister,Eshal Brandt,Imaginative,5,7.0
Austin Brister,Eshal Brandt,Analytic,6,5.0
Austin Brister,Eshal Brandt,Independent,6,2.0
Austin Brister,Eshal Brandt,Determined,6,8.0
Austin Brister,Eshal Brandt,Professional,6,8.0
Austin Brister,Eshal Brandt,Studious,6,5.0
Austin Brister,Eshal Brandt,Imaginative,6,8.0
Austin Brister,Eshal Brandt,Analytic,7,8.0
Austin Brister,Eshal Brandt,Independent,7,8.0
Austin Brister,Eshal Brandt,Determined,7,8.0
Austin Brister,Eshal Brandt,Professional,7,8.0
Austin Brister,Eshal Brandt,Studious,7,4.0
Austin Brister,Eshal Brandt,Imaginative,7,8.0
Austin Brister,Eshal Brandt,Analytic,8,8.0
Austin Brister,Eshal Brandt,Independent,8,6.0
Austin Brister,Eshal Brandt,Determined,8,6.0
Austin Brister,Eshal Brandt,Professional,8,2.0
Austin Brister,Eshal Brandt,Studious,8,8.0
Austin Brister,Eshal Brandt,Imaginative,8,8.0
Austin Brister,Eshal Brandt,Analytic,9,8.0
Austin Brister,Eshal Brandt,Independent,9,8.0
Austin Brister,Eshal Brandt,Determined,9,8.0
Austin Brister,Eshal Brandt,Professional,9,8.0
Austin Brister,Eshal Brandt,Studious,9,8.0
Austin Brister,Eshal Brandt,Imaginative,9,7.0
Austin Brister,Eshal Brandt,Analytic,10,8.0
Austin Brister,Eshal Brandt,Independent,10,8.0
Austin Brister,Eshal Brandt,Determined,10,8.0
Austin Brister,Eshal Brandt,Professional,10,8.0
Austin Brister,Eshal Brandt,Studious,10,8.0
Austin Brister,Eshal Brandt,Imaginative,10,8.0
Windham Biagi,Eshal Brandt,Analytic,1,6.0
Windham Biagi,Eshal Brandt,Independent,1,3.0
Windham Biagi,Eshal Brandt,Determined,1,4.0
Windham Biagi,Eshal Brandt,Professional,1,7.0
Windham Biagi,Eshal Brandt,Studious,1,3.0
Windham Biagi,Eshal Brandt,Imaginative,1,3.0
Windham Biagi,Eshal Brandt,Analytic,2,2.0
Windham Biagi,Eshal Brandt,Independent,2,2.0
Windham Biagi,Eshal Brandt,Determined,2,1.0
Windham Biagi,Eshal Brandt,Professional,2,2.0
Windham Biagi,Eshal Brandt,Studious,2,3.0
Windham Biagi,Eshal Brandt,Imaginative,2,1.0
Wendy Ducastel,Eshal Brandt,Analytic,1,1.0
Wendy Ducastel,Eshal Brandt,Independent,1,1.0
Wendy Ducastel,Eshal Brandt,Determined,1,1.0
Wendy Ducastel,Eshal Brandt,Professional,1,1.0
Wendy Ducastel,Eshal Brandt,Studious,1,5.0
Wendy Ducastel,Eshal Brandt,Imaginative,1,6.0
Wendy Ducastel,Eshal Brandt,Analytic,2,3.0
Wendy Ducastel,Eshal Brandt,Independent,2,2.0
Wendy Ducastel,Eshal Brandt,Determined,2,5.0
Wendy Ducastel,Eshal Brandt,Professional,2,2.0
Wendy Ducastel,Eshal Brandt,Studious,2,2.0
Wendy Ducastel,Eshal Brandt,Imaginative,2,1.0
Wendy Ducastel,Eshal Brandt,Analytic,3,4.0
Wendy Ducastel,Eshal Brandt,Independent,3,3.0
Wendy Ducastel,Eshal Brandt,Determined,3,3.0
Wendy Ducastel,Eshal Brandt,Professional,3,2.0
Wendy Ducastel,Eshal Brandt,Studious,3,4.0
Wendy Ducastel,Eshal Brandt,Imaginative,3,7.0
Wendy Ducastel,Eshal Brandt,Analytic,4,8.0
Wendy Ducastel,Eshal Brandt,Independent,4,3.0
Wendy Ducastel,Eshal Brandt,Determined,4,8.0
Wendy Ducastel,Eshal Brandt,Professional,4,7.0
Wendy Ducastel,Eshal Brandt,Studious,4,8.0
Wendy Ducastel,Eshal Brandt,Imaginative,4,8.0
Wendy Ducastel,Eshal Brandt,Analytic,5,7.0
Wendy Ducastel,Eshal Brandt,Independent,5,1.0
Wendy Ducastel,Eshal Brandt,Determined,5,7.0
Wendy Ducastel,Eshal Brandt,Professional,5,6.0
Wendy Ducastel,Eshal Brandt,Studious,5,7.0
Wendy Ducastel,Eshal Brandt,Imaginative,5,5.0
Wendy Ducastel,Eshal Brandt,Analytic,6,7.0
Wendy Ducastel,Eshal Brandt,Independent,6,7.0
Wendy Ducastel,Eshal Brandt,Determined,6,7.0
Wendy Ducastel,Eshal Brandt,Professional,6,6.0
Wendy Ducastel,Eshal Brandt,Studious,6,7.0
Wendy Ducastel,Eshal Brandt,Imaginative,6,5.0
Wendy Ducastel,Eshal Brandt,Analytic,7,8.0
Wendy Ducastel,Eshal Brandt,Independent,7,8.0
Wendy Ducastel,Eshal Brandt,Determined,7,8.0
Wendy Ducastel,Eshal Brandt,Professional,7,8.0
Wendy Ducastel,Eshal Brandt,Studious,7,8.0
Wendy Ducastel,Eshal Brandt,Imaginative,7,4.0
Wendy Ducastel,Eshal Brandt,Analytic,8,8.0
Wendy Ducastel,Eshal Brandt,Independent,8,8.0
Wendy Ducastel,Eshal Brandt,Determined,8,8.0
Wendy Ducastel,Eshal Brandt,Professional,8,8.0
Wendy Ducastel,Eshal Brandt,Studious,8,8.0
Wendy Ducastel,Eshal Brandt,Imaginative,8,8.0
Wendy Ducastel,Eshal Brandt,Analytic,9,8.0
Wendy Ducastel,Eshal Brandt,Independent,9,8.0
Wendy Ducastel,Eshal Brandt,Determined,9,8.0
Wendy Ducastel,Eshal Brandt,Professional,9,3.0
Wendy Ducastel,Eshal Brandt,Studious,9,6.0
Wendy Ducastel,Eshal Brandt,Imaginative,9,8.0
Wendy Ducastel,Eshal Brandt,Analytic,10,8.0
Wendy Ducastel,Eshal Brandt,Independent,10,8.0
Wendy Ducastel,Eshal Brandt,Determined,10,8.0
Wendy Ducastel,Eshal Brandt,Professional,10,8.0
Wendy Ducastel,Eshal Brandt,Studious,10,8.0
Wendy Ducastel,Eshal Brandt,Imaginative,10,8.0
Daryle Janoch,Eshal Brandt,Analytic,1,6.0
Daryle Janoch,Eshal Brandt,Independent,1,1.0
Daryle Janoch,Eshal Brandt,Determined,1,3.0
Daryle Janoch,Eshal Brandt,Professional,1,3.0
Daryle Janoch,Eshal Brandt,Studious,1,5.0
Daryle Janoch,Eshal Brandt,Imaginative,1,1.0
Daryle Janoch,Eshal Brandt,Analytic,2,4.0
Daryle Janoch,Eshal Brandt,Independent,2,2.0
Daryle Janoch,Eshal Brandt,Determined,2,4.0
Daryle Janoch,Eshal Brandt,Professional,2,1.0
Daryle Janoch,Eshal Brandt,Studious,2,8.0
Daryle Janoch,Eshal Brandt,Imaginative,2,1.0
Daryle Janoch,Eshal Brandt,Analytic,3,1.0
Daryle Janoch,Eshal Brandt,Independent,3,6.0
Daryle Janoch,Eshal Brandt,Determined,3,1.0
Daryle Janoch,Eshal Brandt,Professional,3,4.0
Daryle Janoch,Eshal Brandt,Studious,3,1.0
Daryle Janoch,Eshal Brandt,Imaginative,3,1.0
Daryle Janoch,Eshal Brandt,Analytic,4,6.0
Daryle Janoch,Eshal Brandt,Independent,4,7.0
Daryle Janoch,Eshal Brandt,Determined,4,1.0
Daryle Janoch,Eshal Brandt,Professional,4,3.0
Daryle Janoch,Eshal Brandt,Studious,4,5.0
Daryle Janoch,Eshal Brandt,Imaginative,4,5.0
Daryle Janoch,Eshal Brandt,Analytic,5,5.0
Daryle Janoch,Eshal Brandt,Independent,5,5.0
Daryle Janoch,Eshal Brandt,Determined,5,8.0
Daryle Janoch,Eshal Brandt,Professional,5,6.0
Daryle Janoch,Eshal Brandt,Studious,5,4.0
Daryle Janoch,Eshal Brandt,Imaginative,5,8.0
Daryle Janoch,Eshal Brandt,Analytic,6,8.0
Daryle Janoch,Eshal Brandt,Independent,6,6.0
Daryle Janoch,Eshal Brandt,Determined,6,4.0
Daryle Janoch,Eshal Brandt,Professional,6,6.0
Daryle Janoch,Eshal Brandt,Studious,6,7.0
Daryle Janoch,Eshal Brandt,Imaginative,6,8.0
Daryle Janoch,Eshal Brandt,Analytic,7,7.0
Daryle Janoch,Eshal Brandt,Independent,7,8.0
Daryle Janoch,Eshal Brandt,Determined,7,8.0
Daryle Janoch,Eshal Brandt,Professional,7,8.0
Daryle Janoch,Eshal Brandt,Studious,7,8.0
Daryle Janoch,Eshal Brandt,Imaginative,7,5.0
Daryle Janoch,Eshal Brandt,Analytic,8,8.0
Daryle Janoch,Eshal Brandt,Independent,8,8.0
Daryle Janoch,Eshal Brandt,Determined,8,8.0
Daryle Janoch,Eshal Brandt,Professional,8,8.0
Daryle Janoch,Eshal Brandt,Studious,8,8.0
Daryle Janoch,Eshal Brandt,Imaginative,8,5.0
Daryle Janoch,Eshal Brandt,Analytic,9,8.0
Daryle Janoch,Eshal Brandt,Independent,9,8.0
Daryle Janoch,Eshal Brandt,Determined,9,8.0
Daryle Janoch,Eshal Brandt,Professional,9,8.0
Daryle Janoch,Eshal Brandt,Studious,9,5.0
Daryle Janoch,Eshal Brandt,Imaginative,9,8.0
Daryle Janoch,Eshal Brandt,Analytic,10,8.0
Daryle Janoch,Eshal Brandt,Independent,10,8.0
Daryle Janoch,Eshal Brandt,Determined,10,8.0
Daryle Janoch,Eshal Brandt,Professional,10,8.0
Daryle Janoch,Eshal Brandt,Studious,10,8.0
Daryle Janoch,Eshal Brandt,Imaginative,10,8.0
Aluino Sainter,Eshal Brandt,Analytic,1,3.0
Aluino Sainter,Eshal Brandt,Independent,1,3.0
Aluino Sainter,Eshal Brandt,Determined,1,5.0
Aluino Sainter,Eshal Brandt,Professional,1,4.0
Aluino Sainter,Eshal Brandt,Studious,1,1.0
Aluino Sainter,Eshal Brandt,Imaginative,1,2.0
Aluino Sainter,Eshal Brandt,Analytic,2,3.0
Aluino Sainter,Eshal Brandt,Independent,2,5.0
Aluino Sainter,Eshal Brandt,Determined,2,5.0
Aluino Sainter,Eshal Brandt,Professional,2,3.0
Aluino Sainter,Eshal Brandt,Studious,2,1.0
Aluino Sainter,Eshal Brandt,Imaginative,2,3.0
Aluino Sainter,Eshal Brandt,Analytic,3,1.0
Aluino Sainter,Eshal Brandt,Independent,3,2.0
Aluino Sainter,Eshal Brandt,Determined,3,4.0
Aluino Sainter,Eshal Brandt,Professional,3,1.0
Aluino Sainter,Eshal Brandt,Studious,3,8.0
Aluino Sainter,Eshal Brandt,Imaginative,3,3.0
Aluino Sainter,Eshal Brandt,Analytic,4,5.0
Aluino Sainter,Eshal Brandt,Independent,4,6.0
Aluino Sainter,Eshal Brandt,Determined,4,4.0
Aluino Sainter,Eshal Brandt,Professional,4,5.0
Aluino Sainter,Eshal Brandt,Studious,4,6.0
Aluino Sainter,Eshal Brandt,Imaginative,4,1.0
Aluino Sainter,Eshal Brandt,Analytic,5,7.0
Aluino Sainter,Eshal Brandt,Independent,5,3.0
Aluino Sainter,Eshal Brandt,Determined,5,4.0
Aluino Sainter,Eshal Brandt,Professional,5,5.0
Aluino Sainter,Eshal Brandt,Studious,5,6.0
Aluino Sainter,Eshal Brandt,Imaginative,5,7.0
Aluino Sainter,Eshal Brandt,Analytic,6,6.0
Aluino Sainter,Eshal Brandt,Independent,6,4.0
Aluino Sainter,Eshal Brandt,Determined,6,4.0
Aluino Sainter,Eshal Brandt,Professional,6,3.0
Aluino Sainter,Eshal Brandt,Studious,6,4.0
Aluino Sainter,Eshal Brandt,Imaginative,6,4.0
Aluino Sainter,Eshal Brandt,Analytic,7,8.0
Aluino Sainter,Eshal Brandt,Independent,7,8.0
Aluino Sainter,Eshal Brandt,Determined,7,4.0
Aluino Sainter,Eshal Brandt,Professional,7,8.0
Aluino Sainter,Eshal Brandt,Studious,7,7.0
Aluino Sainter,Eshal Brandt,Imaginative,7,8.0
Aluino Sainter,Eshal Brandt,Analytic,8,5.0
Aluino Sainter,Eshal Brandt,Independent,8,7.0
Aluino Sainter,Eshal Brandt,Determined,8,7.0
Aluino Sainter,Eshal Brandt,Professional,8,4.0
Aluino Sainter,Eshal Brandt,Studious,8,8.0
Aluino Sainter,Eshal Brandt,Imaginative,8,3.0
Aluino Sainter,Eshal Brandt,Analytic,9,8.0
Aluino Sainter,Eshal Brandt,Independent,9,8.0
Aluino Sainter,Eshal Brandt,Determined,9,7.0
Aluino Sainter,Eshal Brandt,Professional,9,8.0
Aluino Sainter,Eshal Brandt,Studious,9,7.0
Aluino Sainter,Eshal Brandt,Imaginative,9,3.0
Aluino Sainter,Eshal Brandt,Analytic,10,8.0
Aluino Sainter,Eshal Brandt,Independent,10,8.0
Aluino Sainter,Eshal Brandt,Determined,10,8.0
Aluino Sainter,Eshal Brandt,Professional,10,8.0
Aluino Sainter,Eshal Brandt,Studious,10,8.0
Aluino Sainter,Eshal Brandt,Imaginative,10,7.0
Magda Mckirton,Eshal Brandt,Analytic,1,4.0
Magda Mckirton,Eshal Brandt,Independent,1,4.0
Magda Mckirton,Eshal Brandt,Determined,1,3.0
Magda Mckirton,Eshal Brandt,Professional,1,2.0
Magda Mckirton,Eshal Brandt,Studious,1,2.0
Magda Mckirton,Eshal Brandt,Imaginative,1,2.0
Magda Mckirton,Eshal Brandt,Analytic,2,2.0
Magda Mckirton,Eshal Brandt,Independent,2,2.0
Magda Mckirton,Eshal Brandt,Determined,2,1.0
Magda Mckirton,Eshal Brandt,Professional,2,5.0
Magda Mckirton,Eshal Brandt,Studious,2,5.0
Magda Mckirton,Eshal Brandt,Imaginative,2,1.0
Magda Mckirton,Eshal Brandt,Analytic,3,4.0
Magda Mckirton,Eshal Brandt,Independent,3,2.0
Magda Mckirton,Eshal Brandt,Determined,3,2.0
Magda Mckirton,Eshal Brandt,Professional,3,4.0
Magda Mckirton,Eshal Brandt,Studious,3,3.0
Magda Mckirton,Eshal Brandt,Imaginative,3,4.0
Magda Mckirton,Eshal Brandt,Analytic,4,7.0
Magda Mckirton,Eshal Brandt,Independent,4,6.0
Magda Mckirton,Eshal Brandt,Determined,4,5.0
Magda Mckirton,Eshal Brandt,Professional,4,3.0
Magda Mckirton,Eshal Brandt,Studious,4,3.0
Magda Mckirton,Eshal Brandt,Imaginative,4,8.0
Magda Mckirton,Eshal Brandt,Analytic,5,5.0
Magda Mckirton,Eshal Brandt,Independent,5,3.0
Magda Mckirton,Eshal Brandt,Determined,5,8.0
Magda Mckirton,Eshal Brandt,Professional,5,3.0
Magda Mckirton,Eshal Brandt,Studious,5,6.0
Magda Mckirton,Eshal Brandt,Imaginative,5,6.0
Magda Mckirton,Eshal Brandt,Analytic,6,8.0
Magda Mckirton,Eshal Brandt,Independent,6,7.0
Magda Mckirton,Eshal Brandt,Determined,6,4.0
Magda Mckirton,Eshal Brandt,Professional,6,6.0
Magda Mckirton,Eshal Brandt,Studious,6,6.0
Magda Mckirton,Eshal Brandt,Imaginative,6,6.0
Magda Mckirton,Eshal Brandt,Analytic,7,7.0
Magda Mckirton,Eshal Brandt,Independent,7,8.0
Magda Mckirton,Eshal Brandt,Determined,7,6.0
Magda Mckirton,Eshal Brandt,Professional,7,8.0
Magda Mckirton,Eshal Brandt,Studious,7,8.0
Magda Mckirton,Eshal Brandt,Imaginative,7,8.0
Magda Mckirton,Eshal Brandt,Analytic,8,8.0
Magda Mckirton,Eshal Brandt,Independent,8,8.0
Magda Mckirton,Eshal Brandt,Determined,8,6.0
Magda Mckirton,Eshal Brandt,Professional,8,8.0
Magda Mckirton,Eshal Brandt,Studious,8,8.0
Magda Mckirton,Eshal Brandt,Imaginative,8,8.0
Magda Mckirton,Eshal Brandt,Analytic,9,5.0
Magda Mckirton,Eshal Brandt,Independent,9,7.0
Magda Mckirton,Eshal Brandt,Determined,9,7.0
Magda Mckirton,Eshal Brandt,Professional,9,8.0
Magda Mckirton,Eshal Brandt,Studious,9,8.0
Magda Mckirton,Eshal Brandt,Imaginative,9,8.0
Magda Mckirton,Eshal Brandt,Analytic,10,8.0
Magda Mckirton,Eshal Brandt,Independent,10,8.0
Magda Mckirton,Eshal Brandt,Determined,10,8.0
Magda Mckirton,Eshal Brandt,Professional,10,8.0
Magda Mckirton,Eshal Brandt,Studious,10,8.0
Magda Mckirton,Eshal Brandt,Imaginative,10,8.0
Caryn Adriaan,Eshal Brandt,Analytic,1,3.0
Caryn Adriaan,Eshal Brandt,Independent,1,1.0
Caryn Adriaan,Eshal Brandt,Determined,1,1.0
Caryn Adriaan,Eshal Brandt,Professional,1,3.0
Caryn Adriaan,Eshal Brandt,Studious,1,4.0
Caryn Adriaan,Eshal Brandt,Imaginative,1,5.0
Caryn Adriaan,Eshal Brandt,Analytic,2,2.0
Caryn Adriaan,Eshal Brandt,Independent,2,4.0
Caryn Adriaan,Eshal Brandt,Determined,2,6.0
Caryn Adriaan,Eshal Brandt,Professional,2,1.0
Caryn Adriaan,Eshal Brandt,Studious,2,2.0
Caryn Adriaan,Eshal Brandt,Imaginative,2,2.0
Caryn Adriaan,Eshal Brandt,Analytic,3,4.0
Caryn Adriaan,Eshal Brandt,Independent,3,5.0
Caryn Adriaan,Eshal Brandt,Determined,3,3.0
Caryn Adriaan,Eshal Brandt,Professional,3,6.0
Caryn Adriaan,Eshal Brandt,Studious,3,3.0
Caryn Adriaan,Eshal Brandt,Imaginative,3,3.0
Caryn Adriaan,Eshal Brandt,Analytic,4,2.0
Caryn Adriaan,Eshal Brandt,Independent,4,5.0
Caryn Adriaan,Eshal Brandt,Determined,4,4.0
Caryn Adriaan,Eshal Brandt,Professional,4,7.0
Caryn Adriaan,Eshal Brandt,Studious,4,7.0
Caryn Adriaan,Eshal Brandt,Imaginative,4,4.0
Caryn Adriaan,Eshal Brandt,Analytic,5,5.0
Caryn Adriaan,Eshal Brandt,Independent,5,8.0
Caryn Adriaan,Eshal Brandt,Determined,5,8.0
Caryn Adriaan,Eshal Brandt,Professional,5,8.0
Caryn Adriaan,Eshal Brandt,Studious,5,7.0
Caryn Adriaan,Eshal Brandt,Imaginative,5,4.0
Caryn Adriaan,Eshal Brandt,Analytic,6,8.0
Caryn Adriaan,Eshal Brandt,Independent,6,5.0
Caryn Adriaan,Eshal Brandt,Determined,6,7.0
Caryn Adriaan,Eshal Brandt,Professional,6,8.0
Caryn Adriaan,Eshal Brandt,Studious,6,5.0
Caryn Adriaan,Eshal Brandt,Imaginative,6,6.0
Caryn Adriaan,Eshal Brandt,Analytic,7,7.0
Caryn Adriaan,Eshal Brandt,Independent,7,8.0
Caryn Adriaan,Eshal Brandt,Determined,7,8.0
Caryn Adriaan,Eshal Brandt,Professional,7,8.0
Caryn Adriaan,Eshal Brandt,Studious,7,8.0
Caryn Adriaan,Eshal Brandt,Imaginative,7,8.0
Caryn Adriaan,Eshal Brandt,Analytic,8,4.0
Caryn Adriaan,Eshal Brandt,Independent,8,8.0
Caryn Adriaan,Eshal Brandt,Determined,8,8.0
Caryn Adriaan,Eshal Brandt,Professional,8,8.0
Caryn Adriaan,Eshal Brandt,Studious,8,8.0
Caryn Adriaan,Eshal Brandt,Imaginative,8,8.0
Caryn Adriaan,Eshal Brandt,Analytic,9,8.0
Caryn Adriaan,Eshal Brandt,Independent,9,8.0
Caryn Adriaan,Eshal Brandt,Determined,9,8.0
Caryn Adriaan,Eshal Brandt,Professional,9,5.0
Caryn Adriaan,Eshal Brandt,Studious,9,8.0
Caryn Adriaan,Eshal Brandt,Imaginative,9,8.0
Caryn Adriaan,Eshal Brandt,Analytic,10,8.0
Caryn Adriaan,Eshal Brandt,Independent,10,7.0
Caryn Adriaan,Eshal Brandt,Determined,10,8.0
Caryn Adriaan,Eshal Brandt,Professional,10,8.0
Caryn Adriaan,Eshal Brandt,Studious,10,8.0
Caryn Adriaan,Eshal Brandt,Imaginative,10,8.0
Redd Jurges,Macey Broughton,Analytic,1,1.0
Redd Jurges,Macey Broughton,Independent,1,8.0
Redd Jurges,Macey Broughton,Determined,1,2.0
Redd Jurges,Macey Broughton,Professional,1,2.0
Redd Jurges,Macey Broughton,Studious,1,2.0
Redd Jurges,Macey Broughton,Imaginative,1,4.0
Redd Jurges,Macey Broughton,Analytic,2,2.0
Redd Jurges,Macey Broughton,Independent,2,1.0
Redd Jurges,Macey Broughton,Determined,2,3.0
Redd Jurges,Macey Broughton,Professional,2,4.0
Redd Jurges,Macey Broughton,Studious,2,3.0
Redd Jurges,Macey Broughton,Imaginative,2,4.0
Redd Jurges,Macey Broughton,Analytic,3,4.0
Redd Jurges,Macey Broughton,Independent,3,5.0
Redd Jurges,Macey Broughton,Determined,3,5.0
Redd Jurges,Macey Broughton,Professional,3,4.0
Redd Jurges,Macey Broughton,Studious,3,1.0
Redd Jurges,Macey Broughton,Imaginative,3,3.0
Redd Jurges,Macey Broughton,Analytic,4,8.0
Redd Jurges,Macey Broughton,Independent,4,4.0
Redd Jurges,Macey Broughton,Determined,4,6.0
Redd Jurges,Macey Broughton,Professional,4,8.0
Redd Jurges,Macey Broughton,Studious,4,7.0
Redd Jurges,Macey Broughton,Imaginative,4,7.0
Redd Jurges,Macey Broughton,Analytic,5,7.0
Redd Jurges,Macey Broughton,Independent,5,3.0
Redd Jurges,Macey Broughton,Determined,5,3.0
Redd Jurges,Macey Broughton,Professional,5,8.0
Redd Jurges,Macey Broughton,Studious,5,8.0
Redd Jurges,Macey Broughton,Imaginative,5,5.0
Redd Jurges,Macey Broughton,Analytic,6,1.0
Redd Jurges,Macey Broughton,Independent,6,5.0
Redd Jurges,Macey Broughton,Determined,6,3.0
Redd Jurges,Macey Broughton,Professional,6,8.0
Redd Jurges,Macey Broughton,Studious,6,6.0
Redd Jurges,Macey Broughton,Imaginative,6,7.0
Redd Jurges,Macey Broughton,Analytic,7,8.0
Redd Jurges,Macey Broughton,Independent,7,6.0
Redd Jurges,Macey Broughton,Determined,7,8.0
Redd Jurges,Macey Broughton,Professional,7,8.0
Redd Jurges,Macey Broughton,Studious,7,8.0
Redd Jurges,Macey Broughton,Imaginative,7,5.0
Redd Jurges,Macey Broughton,Analytic,8,7.0
Redd Jurges,Macey Broughton,Independent,8,3.0
Redd Jurges,Macey Broughton,Determined,8,7.0
Redd Jurges,Macey Broughton,Professional,8,8.0
Redd Jurges,Macey Broughton,Studious,8,6.0
Redd Jurges,Macey Broughton,Imaginative,8,8.0
Fabian Exell,Macey Broughton,Analytic,1,2.0
Fabian Exell,Macey Broughton,Independent,1,6.0
Fabian Exell,Macey Broughton,Determined,1,3.0
Fabian Exell,Macey Broughton,Professional,1,6.0
Fabian Exell,Macey Broughton,Studious,1,3.0
Fabian Exell,Macey Broughton,Imaginative,1,1.0
Fabian Exell,Macey Broughton,Analytic,2,3.0
Fabian Exell,Macey Broughton,Independent,2,3.0
Fabian Exell,Macey Broughton,Determined,2,3.0
Fabian Exell,Macey Broughton,Professional,2,1.0
Fabian Exell,Macey Broughton,Studious,2,6.0
Fabian Exell,Macey Broughton,Imaginative,2,6.0
Fabian Exell,Macey Broughton,Analytic,3,5.0
Fabian Exell,Macey Broughton,Independent,3,4.0
Fabian Exell,Macey Broughton,Determined,3,4.0
Fabian Exell,Macey Broughton,Professional,3,6.0
Fabian Exell,Macey Broughton,Studious,3,1.0
Fabian Exell,Macey Broughton,Imaginative,3,1.0
Fabian Exell,Macey Broughton,Analytic,4,6.0
Fabian Exell,Macey Broughton,Independent,4,8.0
Fabian Exell,Macey Broughton,Determined,4,5.0
Fabian Exell,Macey Broughton,Professional,4,8.0
Fabian Exell,Macey Broughton,Studious,4,5.0
Fabian Exell,Macey Broughton,Imaginative,4,7.0
Fabian Exell,Macey Broughton,Analytic,5,2.0
Fabian Exell,Macey Broughton,Independent,5,8.0
Fabian Exell,Macey Broughton,Determined,5,8.0
Fabian Exell,Macey Broughton,Professional,5,7.0
Fabian Exell,Macey Broughton,Studious,5,3.0
Fabian Exell,Macey Broughton,Imaginative,5,1.0
Fabian Exell,Macey Broughton,Analytic,6,7.0
Fabian Exell,Macey Broughton,Independent,6,4.0
Fabian Exell,Macey Broughton,Determined,6,8.0
Fabian Exell,Macey Broughton,Professional,6,3.0
Fabian Exell,Macey Broughton,Studious,6,4.0
Fabian Exell,Macey Broughton,Imaginative,6,8.0
Fabian Exell,Macey Broughton,Analytic,7,8.0
Fabian Exell,Macey Broughton,Independent,7,8.0
Fabian Exell,Macey Broughton,Determined,7,8.0
Fabian Exell,Macey Broughton,Professional,7,8.0
Fabian Exell,Macey Broughton,Studious,7,8.0
Fabian Exell,Macey Broughton,Imaginative,7,7.0
Fabian Exell,Macey Broughton,Analytic,8,8.0
Fabian Exell,Macey Broughton,Independent,8,8.0
Fabian Exell,Macey Broughton,Determined,8,6.0
Fabian Exell,Macey Broughton,Professional,8,8.0
Fabian Exell,Macey Broughton,Studious,8,6.0
Fabian Exell,Macey Broughton,Imaginative,8,8.0
Solly Kollas,Macey Broughton,Analytic,1,4.0
Solly Kollas,Macey Broughton,Independent,1,4.0
Solly Kollas,Macey Broughton,Determined,1,6.0
Solly Kollas,Macey Broughton,Professional,1,1.0
Solly Kollas,Macey Broughton,Studious,1,3.0
Solly Kollas,Macey Broughton,Imaginative,1,3.0
Solly Kollas,Macey Broughton,Analytic,2,3.0
Solly Kollas,Macey Broughton,Independent,2,4.0
Solly Kollas,Macey Broughton,Determined,2,3.0
Solly Kollas,Macey Broughton,Professional,2,3.0
Solly Kollas,Macey Broughton,Studious,2,4.0
Solly Kollas,Macey Broughton,Imaginative,2,1.0
Solly Kollas,Macey Broughton,Analytic,3,5.0
Solly Kollas,Macey Broughton,Independent,3,4.0
Solly Kollas,Macey Broughton,Determined,3,2.0
Solly Kollas,Macey Broughton,Professional,3,3.0
Solly Kollas,Macey Broughton,Studious,3,7.0
Solly Kollas,Macey Broughton,Imaginative,3,5.0
Solly Kollas,Macey Broughton,Analytic,4,6.0
Solly Kollas,Macey Broughton,Independent,4,7.0
Solly Kollas,Macey Broughton,Determined,4,4.0
Solly Kollas,Macey Broughton,Professional,4,3.0
Solly Kollas,Macey Broughton,Studious,4,8.0
Solly Kollas,Macey Broughton,Imaginative,4,5.0
Solly Kollas,Macey Broughton,Analytic,5,5.0
Solly Kollas,Macey Broughton,Independent,5,6.0
Solly Kollas,Macey Broughton,Determined,5,5.0
Solly Kollas,Macey Broughton,Professional,5,3.0
Solly Kollas,Macey Broughton,Studious,5,5.0
Solly Kollas,Macey Broughton,Imaginative,5,6.0
Solly Kollas,Macey Broughton,Analytic,6,3.0
Solly Kollas,Macey Broughton,Independent,6,5.0
Solly Kollas,Macey Broughton,Determined,6,8.0
Solly Kollas,Macey Broughton,Professional,6,2.0
Solly Kollas,Macey Broughton,Studious,6,4.0
Solly Kollas,Macey Broughton,Imaginative,6,6.0
Solly Kollas,Macey Broughton,Analytic,7,8.0
Solly Kollas,Macey Broughton,Independent,7,8.0
Solly Kollas,Macey Broughton,Determined,7,8.0
Solly Kollas,Macey Broughton,Professional,7,7.0
Solly Kollas,Macey Broughton,Studious,7,8.0
Solly Kollas,Macey Broughton,Imaginative,7,3.0
Solly Kollas,Macey Broughton,Analytic,8,8.0
Solly Kollas,Macey Broughton,Independent,8,8.0
Solly Kollas,Macey Broughton,Determined,8,8.0
Solly Kollas,Macey Broughton,Professional,8,4.0
Solly Kollas,Macey Broughton,Studious,8,7.0
Solly Kollas,Macey Broughton,Imaginative,8,8.0
Barbabas Huygens,Macey Broughton,Analytic,1,2.0
Barbabas Huygens,Macey Broughton,Independent,1,5.0
Barbabas Huygens,Macey Broughton,Determined,1,5.0
Barbabas Huygens,Macey Broughton,Professional,1,3.0
Barbabas Huygens,Macey Broughton,Studious,1,3.0
Barbabas Huygens,Macey Broughton,Imaginative,1,7.0
Barbabas Huygens,Macey Broughton,Analytic,2,4.0
Barbabas Huygens,Macey Broughton,Independent,2,2.0
Barbabas Huygens,Macey Broughton,Determined,2,2.0
Barbabas Huygens,Macey Broughton,Professional,2,1.0
Barbabas Huygens,Macey Broughton,Studious,2,6.0
Barbabas Huygens,Macey Broughton,Imaginative,2,5.0
Barbabas Huygens,Macey Broughton,Analytic,3,4.0
Barbabas Huygens,Macey Broughton,Independent,3,3.0
Barbabas Huygens,Macey Broughton,Determined,3,4.0
Barbabas Huygens,Macey Broughton,Professional,3,3.0
Barbabas Huygens,Macey Broughton,Studious,3,1.0
Barbabas Huygens,Macey Broughton,Imaginative,3,1.0
Barbabas Huygens,Macey Broughton,Analytic,4,5.0
Barbabas Huygens,Macey Broughton,Independent,4,8.0
Barbabas Huygens,Macey Broughton,Determined,4,6.0
Barbabas Huygens,Macey Broughton,Professional,4,7.0
Barbabas Huygens,Macey Broughton,Studious,4,3.0
Barbabas Huygens,Macey Broughton,Imaginative,4,7.0
Barbabas Huygens,Macey Broughton,Analytic,5,6.0
Barbabas Huygens,Macey Broughton,Independent,5,5.0
Barbabas Huygens,Macey Broughton,Determined,5,7.0
Barbabas Huygens,Macey Broughton,Professional,5,5.0
Barbabas Huygens,Macey Broughton,Studious,5,4.0
Barbabas Huygens,Macey Broughton,Imaginative,5,6.0
Barbabas Huygens,Macey Broughton,Analytic,6,3.0
Barbabas Huygens,Macey Broughton,Independent,6,7.0
Barbabas Huygens,Macey Broughton,Determined,6,2.0
Barbabas Huygens,Macey Broughton,Professional,6,7.0
Barbabas Huygens,Macey Broughton,Studious,6,6.0
Barbabas Huygens,Macey Broughton,Imaginative,6,3.0
Barbabas Huygens,Macey Broughton,Analytic,7,7.0
Barbabas Huygens,Macey Broughton,Independent,7,8.0
Barbabas Huygens,Macey Broughton,Determined,7,8.0
Barbabas Huygens,Macey Broughton,Professional,7,7.0
Barbabas Huygens,Macey Broughton,Studious,7,8.0
Barbabas Huygens,Macey Broughton,Imaginative,7,8.0
Barbabas Huygens,Macey Broughton,Analytic,8,8.0
Barbabas Huygens,Macey Broughton,Independent,8,7.0
Barbabas Huygens,Macey Broughton,Determined,8,8.0
Barbabas Huygens,Macey Broughton,Professional,8,8.0
Barbabas Huygens,Macey Broughton,Studious,8,7.0
Barbabas Huygens,Macey Broughton,Imaginative,8,8.0
Liuka Drissell,Macey Broughton,Analytic,1,3.0
Liuka Drissell,Macey Broughton,Independent,1,3.0
Liuka Drissell,Macey Broughton,Determined,1,4.0
Liuka Drissell,Macey Broughton,Professional,1,1.0
Liuka Drissell,Macey Broughton,Studious,1,3.0
Liuka Drissell,Macey Broughton,Imaginative,1,1.0
Liuka Drissell,Macey Broughton,Analytic,2,8.0
Liuka Drissell,Macey Broughton,Independent,2,3.0
Liuka Drissell,Macey Broughton,Determined,2,5.0
Liuka Drissell,Macey Broughton,Professional,2,2.0
Liuka Drissell,Macey Broughton,Studious,2,4.0
Liuka Drissell,Macey Broughton,Imaginative,2,3.0
Liuka Drissell,Macey Broughton,Analytic,3,5.0
Liuka Drissell,Macey Broughton,Independent,3,2.0
Liuka Drissell,Macey Broughton,Determined,3,1.0
Liuka Drissell,Macey Broughton,Professional,3,3.0
Liuka Drissell,Macey Broughton,Studious,3,7.0
Liuka Drissell,Macey Broughton,Imaginative,3,4.0
Liuka Drissell,Macey Broughton,Analytic,4,3.0
Liuka Drissell,Macey Broughton,Independent,4,3.0
Liuka Drissell,Macey Broughton,Determined,4,7.0
Liuka Drissell,Macey Broughton,Professional,4,8.0
Liuka Drissell,Macey Broughton,Studious,4,8.0
Liuka Drissell,Macey Broughton,Imaginative,4,2.0
Liuka Drissell,Macey Broughton,Analytic,5,4.0
Liuka Drissell,Macey Broughton,Independent,5,5.0
Liuka Drissell,Macey Broughton,Determined,5,5.0
Liuka Drissell,Macey Broughton,Professional,5,8.0
Liuka Drissell,Macey Broughton,Studious,5,4.0
Liuka Drissell,Macey Broughton,Imaginative,5,7.0
Liuka Drissell,Macey Broughton,Analytic,6,7.0
Liuka Drissell,Macey Broughton,Independent,6,7.0
Liuka Drissell,Macey Broughton,Determined,6,7.0
Liuka Drissell,Macey Broughton,Professional,6,8.0
Liuka Drissell,Macey Broughton,Studious,6,5.0
Liuka Drissell,Macey Broughton,Imaginative,6,8.0
Liuka Drissell,Macey Broughton,Analytic,7,8.0
Liuka Drissell,Macey Broughton,Independent,7,8.0
Liuka Drissell,Macey Broughton,Determined,7,8.0
Liuka Drissell,Macey Broughton,Professional,7,8.0
Liuka Drissell,Macey Broughton,Studious,7,8.0
Liuka Drissell,Macey Broughton,Imaginative,7,7.0
Liuka Drissell,Macey Broughton,Analytic,8,7.0
Liuka Drissell,Macey Broughton,Independent,8,5.0
Liuka Drissell,Macey Broughton,Determined,8,8.0
Liuka Drissell,Macey Broughton,Professional,8,8.0
Liuka Drissell,Macey Broughton,Studious,8,7.0
Liuka Drissell,Macey Broughton,Imaginative,8,6.0
Vikki Godsal,Macey Broughton,Analytic,1,3.0
Vikki Godsal,Macey Broughton,Independent,1,4.0
Vikki Godsal,Macey Broughton,Determined,1,2.0
Vikki Godsal,Macey Broughton,Professional,1,1.0
Vikki Godsal,Macey Broughton,Studious,1,2.0
Vikki Godsal,Macey Broughton,Imaginative,1,3.0
Vikki Godsal,Macey Broughton,Analytic,2,4.0
Vikki Godsal,Macey Broughton,Independent,2,5.0
Vikki Godsal,Macey Broughton,Determined,2,5.0
Vikki Godsal,Macey Broughton,Professional,2,2.0
Vikki Godsal,Macey Broughton,Studious,2,4.0
Vikki Godsal,Macey Broughton,Imaginative,2,2.0
Vikki Godsal,Macey Broughton,Analytic,3,3.0
Vikki Godsal,Macey Broughton,Independent,3,2.0
Vikki Godsal,Macey Broughton,Determined,3,3.0
Vikki Godsal,Macey Broughton,Professional,3,2.0
Vikki Godsal,Macey Broughton,Studious,3,4.0
Vikki Godsal,Macey Broughton,Imaginative,3,7.0
Vikki Godsal,Macey Broughton,Analytic,4,5.0
Vikki Godsal,Macey Broughton,Independent,4,8.0
Vikki Godsal,Macey Broughton,Determined,4,8.0
Vikki Godsal,Macey Broughton,Professional,4,3.0
Vikki Godsal,Macey Broughton,Studious,4,5.0
Vikki Godsal,Macey Broughton,Imaginative,4,5.0
Vikki Godsal,Macey Broughton,Analytic,5,5.0
Vikki Godsal,Macey Broughton,Independent,5,4.0
Vikki Godsal,Macey Broughton,Determined,5,3.0
Vikki Godsal,Macey Broughton,Professional,5,4.0
Vikki Godsal,Macey Broughton,Studious,5,8.0
Vikki Godsal,Macey Broughton,Imaginative,5,4.0
Vikki Godsal,Macey Broughton,Analytic,6,4.0
Vikki Godsal,Macey Broughton,Independent,6,4.0
Vikki Godsal,Macey Broughton,Determined,6,8.0
Vikki Godsal,Macey Broughton,Professional,6,5.0
Vikki Godsal,Macey Broughton,Studious,6,6.0
Vikki Godsal,Macey Broughton,Imaginative,6,5.0
Vikki Godsal,Macey Broughton,Analytic,7,6.0
Vikki Godsal,Macey Broughton,Independent,7,8.0
Vikki Godsal,Macey Broughton,Determined,7,8.0
Vikki Godsal,Macey Broughton,Professional,7,8.0
Vikki Godsal,Macey Broughton,Studious,7,8.0
Vikki Godsal,Macey Broughton,Imaginative,7,6.0
Vikki Godsal,Macey Broughton,Analytic,8,7.0
Vikki Godsal,Macey Broughton,Independent,8,8.0
Vikki Godsal,Macey Broughton,Determined,8,6.0
Vikki Godsal,Macey Broughton,Professional,8,8.0
Vikki Godsal,Macey Broughton,Studious,8,8.0
Vikki Godsal,Macey Broughton,Imaginative,8,6.0
Ealasaid Badcock,Macey Broughton,Analytic,1,5.0
Ealasaid Badcock,Macey Broughton,Independent,1,4.0
Ealasaid Badcock,Macey Broughton,Determined,1,4.0
Ealasaid Badcock,Macey Broughton,Professional,1,3.0
Ealasaid Badcock,Macey Broughton,Studious,1,1.0
Ealasaid Badcock,Macey Broughton,Imaginative,1,3.0
Ealasaid Badcock,Macey Broughton,Analytic,2,2.0
Ealasaid Badcock,Macey Broughton,Independent,2,6.0
Ealasaid Badcock,Macey Broughton,Determined,2,1.0
Ealasaid Badcock,Macey Broughton,Professional,2,5.0
Ealasaid Badcock,Macey Broughton,Studious,2,3.0
Ealasaid Badcock,Macey Broughton,Imaginative,2,3.0
Ealasaid Badcock,Macey Broughton,Analytic,3,6.0
Ealasaid Badcock,Macey Broughton,Independent,3,3.0
Ealasaid Badcock,Macey Broughton,Determined,3,6.0
Ealasaid Badcock,Macey Broughton,Professional,3,2.0
Ealasaid Badcock,Macey Broughton,Studious,3,3.0
Ealasaid Badcock,Macey Broughton,Imaginative,3,4.0
Ealasaid Badcock,Macey Broughton,Analytic,4,5.0
Ealasaid Badcock,Macey Broughton,Independent,4,6.0
Ealasaid Badcock,Macey Broughton,Determined,4,5.0
Ealasaid Badcock,Macey Broughton,Professional,4,4.0
Ealasaid Badcock,Macey Broughton,Studious,4,8.0
Ealasaid Badcock,Macey Broughton,Imaginative,4,5.0
Ealasaid Badcock,Macey Broughton,Analytic,5,5.0
Ealasaid Badcock,Macey Broughton,Independent,5,8.0
Ealasaid Badcock,Macey Broughton,Determined,5,6.0
Ealasaid Badcock,Macey Broughton,Professional,5,8.0
Ealasaid Badcock,Macey Broughton,Studious,5,3.0
Ealasaid Badcock,Macey Broughton,Imaginative,5,7.0
Ealasaid Badcock,Macey Broughton,Analytic,6,8.0
Ealasaid Badcock,Macey Broughton,Independent,6,5.0
Ealasaid Badcock,Macey Broughton,Determined,6,3.0
Ealasaid Badcock,Macey Broughton,Professional,6,2.0
Ealasaid Badcock,Macey Broughton,Studious,6,6.0
Ealasaid Badcock,Macey Broughton,Imaginative,6,7.0
Ealasaid Badcock,Macey Broughton,Analytic,7,6.0
Ealasaid Badcock,Macey Broughton,Independent,7,8.0
Ealasaid Badcock,Macey Broughton,Determined,7,8.0
Ealasaid Badcock,Macey Broughton,Professional,7,8.0
Ealasaid Badcock,Macey Broughton,Studious,7,7.0
Ealasaid Badcock,Macey Broughton,Imaginative,7,5.0
Ealasaid Badcock,Macey Broughton,Analytic,8,8.0
Ealasaid Badcock,Macey Broughton,Independent,8,8.0
Ealasaid Badcock,Macey Broughton,Determined,8,7.0
Ealasaid Badcock,Macey Broughton,Professional,8,8.0
Ealasaid Badcock,Macey Broughton,Studious,8,8.0
Ealasaid Badcock,Macey Broughton,Imaginative,8,6.0
Gal Wallwood,Macey Broughton,Analytic,1,4.0
Gal Wallwood,Macey Broughton,Independent,1,4.0
Gal Wallwood,Macey Broughton,Determined,1,2.0
Gal Wallwood,Macey Broughton,Professional,1,4.0
Gal Wallwood,Macey Broughton,Studious,1,6.0
Gal Wallwood,Macey Broughton,Imaginative,1,3.0
Gal Wallwood,Macey Broughton,Analytic,2,2.0
Gal Wallwood,Macey Broughton,Independent,2,3.0
Gal Wallwood,Macey Broughton,Determined,2,2.0
Gal Wallwood,Macey Broughton,Professional,2,4.0
Gal Wallwood,Macey Broughton,Studious,2,3.0
Gal Wallwood,Macey Broughton,Imaginative,2,8.0
Gal Wallwood,Macey Broughton,Analytic,3,1.0
Gal Wallwood,Macey Broughton,Independent,3,5.0
Gal Wallwood,Macey Broughton,Determined,3,3.0
Gal Wallwood,Macey Broughton,Professional,3,4.0
Gal Wallwood,Macey Broughton,Studious,3,2.0
Gal Wallwood,Macey Broughton,Imaginative,3,4.0
Gal Wallwood,Macey Broughton,Analytic,4,3.0
Gal Wallwood,Macey Broughton,Independent,4,8.0
Gal Wallwood,Macey Broughton,Determined,4,2.0
Gal Wallwood,Macey Broughton,Professional,4,7.0
Gal Wallwood,Macey Broughton,Studious,4,5.0
Gal Wallwood,Macey Broughton,Imaginative,4,6.0
Gal Wallwood,Macey Broughton,Analytic,5,2.0
Gal Wallwood,Macey Broughton,Independent,5,3.0
Gal Wallwood,Macey Broughton,Determined,5,7.0
Gal Wallwood,Macey Broughton,Professional,5,6.0
Gal Wallwood,Macey Broughton,Studious,5,4.0
Gal Wallwood,Macey Broughton,Imaginative,5,6.0
Gal Wallwood,Macey Broughton,Analytic,6,6.0
Gal Wallwood,Macey Broughton,Independent,6,7.0
Gal Wallwood,Macey Broughton,Determined,6,3.0
Gal Wallwood,Macey Broughton,Professional,6,4.0
Gal Wallwood,Macey Broughton,Studious,6,2.0
Gal Wallwood,Macey Broughton,Imaginative,6,8.0
Gal Wallwood,Macey Broughton,Analytic,7,7.0
Gal Wallwood,Macey Broughton,Independent,7,8.0
Gal Wallwood,Macey Broughton,Determined,7,7.0
Gal Wallwood,Macey Broughton,Professional,7,5.0
Gal Wallwood,Macey Broughton,Studious,7,6.0
Gal Wallwood,Macey Broughton,Imaginative,7,7.0
Gal Wallwood,Macey Broughton,Analytic,8,8.0
Gal Wallwood,Macey Broughton,Independent,8,8.0
Gal Wallwood,Macey Broughton,Determined,8,8.0
Gal Wallwood,Macey Broughton,Professional,8,8.0
Gal Wallwood,Macey Broughton,Studious,8,6.0
Gal Wallwood,Macey Broughton,Imaginative,8,8.0
Lotte Witherop,Macey Broughton,Analytic,1,3.0
Lotte Witherop,Macey Broughton,Independent,1,3.0
Lotte Witherop,Macey Broughton,Determined,1,6.0
Lotte Witherop,Macey Broughton,Professional,1,2.0
Lotte Witherop,Macey Broughton,Studious,1,4.0
Lotte Witherop,Macey Broughton,Imaginative,1,2.0
Lotte Witherop,Macey Broughton,Analytic,2,2.0
Lotte Witherop,Macey Broughton,Independent,2,1.0
Lotte Witherop,Macey Broughton,Determined,2,2.0
Lotte Witherop,Macey Broughton,Professional,2,3.0
Lotte Witherop,Macey Broughton,Studious,2,2.0
Lotte Witherop,Macey Broughton,Imaginative,2,5.0
Lotte Witherop,Macey Broughton,Analytic,3,1.0
Lotte Witherop,Macey Broughton,Independent,3,2.0
Lotte Witherop,Macey Broughton,Determined,3,2.0
Lotte Witherop,Macey Broughton,Professional,3,3.0
Lotte Witherop,Macey Broughton,Studious,3,3.0
Lotte Witherop,Macey Broughton,Imaginative,3,1.0
Lotte Witherop,Macey Broughton,Analytic,4,6.0
Lotte Witherop,Macey Broughton,Independent,4,7.0
Lotte Witherop,Macey Broughton,Determined,4,6.0
Lotte Witherop,Macey Broughton,Professional,4,3.0
Lotte Witherop,Macey Broughton,Studious,4,5.0
Lotte Witherop,Macey Broughton,Imaginative,4,4.0
Lotte Witherop,Macey Broughton,Analytic,5,7.0
Lotte Witherop,Macey Broughton,Independent,5,6.0
Lotte Witherop,Macey Broughton,Determined,5,7.0
Lotte Witherop,Macey Broughton,Professional,5,5.0
Lotte Witherop,Macey Broughton,Studious,5,8.0
Lotte Witherop,Macey Broughton,Imaginative,5,3.0
Lotte Witherop,Macey Broughton,Analytic,6,6.0
Lotte Witherop,Macey Broughton,Independent,6,8.0
Lotte Witherop,Macey Broughton,Determined,6,6.0
Lotte Witherop,Macey Broughton,Professional,6,8.0
Lotte Witherop,Macey Broughton,Studious,6,4.0
Lotte Witherop,Macey Broughton,Imaginative,6,6.0
Lotte Witherop,Macey Broughton,Analytic,7,8.0
Lotte Witherop,Macey Broughton,Independent,7,8.0
Lotte Witherop,Macey Broughton,Determined,7,7.0
Lotte Witherop,Macey Broughton,Professional,7,8.0
Lotte Witherop,Macey Broughton,Studious,7,8.0
Lotte Witherop,Macey Broughton,Imaginative,7,8.0
Lotte Witherop,Macey Broughton,Analytic,8,8.0
Lotte Witherop,Macey Broughton,Independent,8,8.0
Lotte Witherop,Macey Broughton,Determined,8,8.0
Lotte Witherop,Macey Broughton,Professional,8,8.0
Lotte Witherop,Macey Broughton,Studious,8,8.0
Lotte Witherop,Macey Broughton,Imaginative,8,8.0
Bella Tarbox,Macey Broughton,Analytic,1,2.0
Bella Tarbox,Macey Broughton,Independent,1,2.0
Bella Tarbox,Macey Broughton,Determined,1,2.0
Bella Tarbox,Macey Broughton,Professional,1,1.0
Bella Tarbox,Macey Broughton,Studious,1,3.0
Bella Tarbox,Macey Broughton,Imaginative,1,4.0
Bella Tarbox,Macey Broughton,Analytic,2,1.0
Bella Tarbox,Macey Broughton,Independent,2,3.0
Bella Tarbox,Macey Broughton,Determined,2,2.0
Bella Tarbox,Macey Broughton,Professional,2,1.0
Bella Tarbox,Macey Broughton,Studious,2,3.0
Bella Tarbox,Macey Broughton,Imaginative,2,3.0
Bella Tarbox,Macey Broughton,Analytic,3,3.0
Bella Tarbox,Macey Broughton,Independent,3,6.0
Bella Tarbox,Macey Broughton,Determined,3,1.0
Bella Tarbox,Macey Broughton,Professional,3,2.0
Bella Tarbox,Macey Broughton,Studious,3,3.0
Bella Tarbox,Macey Broughton,Imaginative,3,1.0
Bella Tarbox,Macey Broughton,Analytic,4,5.0
Bella Tarbox,Macey Broughton,Independent,4,3.0
Bella Tarbox,Macey Broughton,Determined,4,8.0
Bella Tarbox,Macey Broughton,Professional,4,7.0
Bella Tarbox,Macey Broughton,Studious,4,5.0
Bella Tarbox,Macey Broughton,Imaginative,4,2.0
Bella Tarbox,Macey Broughton,Analytic,5,6.0
Bella Tarbox,Macey Broughton,Independent,5,4.0
Bella Tarbox,Macey Broughton,Determined,5,7.0
Bella Tarbox,Macey Broughton,Professional,5,7.0
Bella Tarbox,Macey Broughton,Studious,5,7.0
Bella Tarbox,Macey Broughton,Imaginative,5,3.0
Bella Tarbox,Macey Broughton,Analytic,6,5.0
Bella Tarbox,Macey Broughton,Independent,6,2.0
Bella Tarbox,Macey Broughton,Determined,6,6.0
Bella Tarbox,Macey Broughton,Professional,6,4.0
Bella Tarbox,Macey Broughton,Studious,6,6.0
Bella Tarbox,Macey Broughton,Imaginative,6,2.0
Bella Tarbox,Macey Broughton,Analytic,7,6.0
Bella Tarbox,Macey Broughton,Independent,7,8.0
Bella Tarbox,Macey Broughton,Determined,7,8.0
Bella Tarbox,Macey Broughton,Professional,7,8.0
Bella Tarbox,Macey Broughton,Studious,7,8.0
Bella Tarbox,Macey Broughton,Imaginative,7,7.0
Bella Tarbox,Macey Broughton,Analytic,8,3.0
Bella Tarbox,Macey Broughton,Independent,8,8.0
Bella Tarbox,Macey Broughton,Determined,8,8.0
Bella Tarbox,Macey Broughton,Professional,8,8.0
Bella Tarbox,Macey Broughton,Studious,8,6.0
Bella Tarbox,Macey Broughton,Imaginative,8,8.0
Gabby Neilson,Macey Broughton,Analytic,1,3.0
Gabby Neilson,Macey Broughton,Independent,1,2.0
Gabby Neilson,Macey Broughton,Determined,1,1.0
Gabby Neilson,Macey Broughton,Professional,1,5.0
Gabby Neilson,Macey Broughton,Studious,1,2.0
Gabby Neilson,Macey Broughton,Imaginative,1,1.0
Gabby Neilson,Macey Broughton,Analytic,2,5.0
Gabby Neilson,Macey Broughton,Independent,2,1.0
Gabby Neilson,Macey Broughton,Determined,2,1.0
Gabby Neilson,Macey Broughton,Professional,2,2.0
Gabby Neilson,Macey Broughton,Studious,2,6.0
Gabby Neilson,Macey Broughton,Imaginative,2,3.0
Gabby Neilson,Macey Broughton,Analytic,3,2.0
Gabby Neilson,Macey Broughton,Independent,3,5.0
Gabby Neilson,Macey Broughton,Determined,3,3.0
Gabby Neilson,Macey Broughton,Professional,3,2.0
Gabby Neilson,Macey Broughton,Studious,3,2.0
Gabby Neilson,Macey Broughton,Imaginative,3,5.0
Gabby Neilson,Macey Broughton,Analytic,4,8.0
Gabby Neilson,Macey Broughton,Independent,4,5.0
Gabby Neilson,Macey Broughton,Determined,4,8.0
Gabby Neilson,Macey Broughton,Professional,4,6.0
Gabby Neilson,Macey Broughton,Studious,4,8.0
Gabby Neilson,Macey Broughton,Imaginative,4,4.0
Gabby Neilson,Macey Broughton,Analytic,5,8.0
Gabby Neilson,Macey Broughton,Independent,5,6.0
Gabby Neilson,Macey Broughton,Determined,5,4.0
Gabby Neilson,Macey Broughton,Professional,5,4.0
Gabby Neilson,Macey Broughton,Studious,5,6.0
Gabby Neilson,Macey Broughton,Imaginative,5,3.0
Gabby Neilson,Macey Broughton,Analytic,6,3.0
Gabby Neilson,Macey Broughton,Independent,6,7.0
Gabby Neilson,Macey Broughton,Determined,6,6.0
Gabby Neilson,Macey Broughton,Professional,6,5.0
Gabby Neilson,Macey Broughton,Studious,6,2.0
Gabby Neilson,Macey Broughton,Imaginative,6,5.0
Gabby Neilson,Macey Broughton,Analytic,7,7.0
Gabby Neilson,Macey Broughton,Independent,7,8.0
Gabby Neilson,Macey Broughton,Determined,7,8.0
Gabby Neilson,Macey Broughton,Professional,7,8.0
Gabby Neilson,Macey Broughton,Studious,7,5.0
Gabby Neilson,Macey Broughton,Imaginative,7,5.0
Gabby Neilson,Macey Broughton,Analytic,8,7.0
Gabby Neilson,Macey Broughton,Independent,8,8.0
Gabby Neilson,Macey Broughton,Determined,8,8.0
Gabby Neilson,Macey Broughton,Professional,8,8.0
Gabby Neilson,Macey Broughton,Studious,8,8.0
Gabby Neilson,Macey Broughton,Imaginative,8,8.0
Zitella Hembery,Macey Broughton,Analytic,1,2.0
Zitella Hembery,Macey Broughton,Independent,1,3.0
Zitella Hembery,Macey Broughton,Determined,1,3.0
Zitella Hembery,Macey Broughton,Professional,1,4.0
Zitella Hembery,Macey Broughton,Studious,1,4.0
Zitella Hembery,Macey Broughton,Imaginative,1,4.0
Zitella Hembery,Macey Broughton,Analytic,2,4.0
Zitella Hembery,Macey Broughton,Independent,2,1.0
Zitella Hembery,Macey Broughton,Determined,2,5.0
Zitella Hembery,Macey Broughton,Professional,2,4.0
Zitella Hembery,Macey Broughton,Studious,2,4.0
Zitella Hembery,Macey Broughton,Imaginative,2,3.0
Zitella Hembery,Macey Broughton,Analytic,3,2.0
Zitella Hembery,Macey Broughton,Independent,3,1.0
Zitella Hembery,Macey Broughton,Determined,3,1.0
Zitella Hembery,Macey Broughton,Professional,3,1.0
Zitella Hembery,Macey Broughton,Studious,3,1.0
Zitella Hembery,Macey Broughton,Imaginative,3,4.0
Danielle Absolom,Igor Coates,Analytic,1,3.0
Danielle Absolom,Igor Coates,Independent,1,3.0
Danielle Absolom,Igor Coates,Determined,1,2.0
Danielle Absolom,Igor Coates,Professional,1,1.0
Danielle Absolom,Igor Coates,Studious,1,3.0
Danielle Absolom,Igor Coates,Imaginative,1,2.0
Danielle Absolom,Igor Coates,Analytic,2,2.0
Danielle Absolom,Igor Coates,Independent,2,2.0
Danielle Absolom,Igor Coates,Determined,2,5.0
Danielle Absolom,Igor Coates,Professional,2,2.0
Danielle Absolom,Igor Coates,Studious,2,5.0
Danielle Absolom,Igor Coates,Imaginative,2,1.0
Danielle Absolom,Igor Coates,Analytic,3,4.0
Danielle Absolom,Igor Coates,Independent,3,4.0
Danielle Absolom,Igor Coates,Determined,3,4.0
Danielle Absolom,Igor Coates,Professional,3,2.0
Danielle Absolom,Igor Coates,Studious,3,1.0
Danielle Absolom,Igor Coates,Imaginative,3,3.0
Danielle Absolom,Igor Coates,Analytic,4,4.0
Danielle Absolom,Igor Coates,Independent,4,7.0
Danielle Absolom,Igor Coates,Determined,4,6.0
Danielle Absolom,Igor Coates,Professional,4,4.0
Danielle Absolom,Igor Coates,Studious,4,8.0
Danielle Absolom,Igor Coates,Imaginative,4,5.0
Danielle Absolom,Igor Coates,Analytic,5,4.0
Danielle Absolom,Igor Coates,Independent,5,6.0
Danielle Absolom,Igor Coates,Determined,5,8.0
Danielle Absolom,Igor Coates,Professional,5,5.0
Danielle Absolom,Igor Coates,Studious,5,8.0
Danielle Absolom,Igor Coates,Imaginative,5,4.0
Danielle Absolom,Igor Coates,Analytic,6,6.0
Danielle Absolom,Igor Coates,Independent,6,3.0
Danielle Absolom,Igor Coates,Determined,6,5.0
Danielle Absolom,Igor Coates,Professional,6,6.0
Danielle Absolom,Igor Coates,Studious,6,8.0
Danielle Absolom,Igor Coates,Imaginative,6,4.0
Danielle Absolom,Igor Coates,Analytic,7,6.0
Danielle Absolom,Igor Coates,Independent,7,8.0
Danielle Absolom,Igor Coates,Determined,7,8.0
Danielle Absolom,Igor Coates,Professional,7,8.0
Danielle Absolom,Igor Coates,Studious,7,8.0
Danielle Absolom,Igor Coates,Imaginative,7,8.0
Danielle Absolom,Igor Coates,Analytic,8,8.0
Danielle Absolom,Igor Coates,Independent,8,8.0
Danielle Absolom,Igor Coates,Determined,8,8.0
Danielle Absolom,Igor Coates,Professional,8,4.0
Danielle Absolom,Igor Coates,Studious,8,8.0
Danielle Absolom,Igor Coates,Imaginative,8,8.0
Danielle Absolom,Igor Coates,Analytic,9,8.0
Danielle Absolom,Igor Coates,Independent,9,5.0
Danielle Absolom,Igor Coates,Determined,9,8.0
Danielle Absolom,Igor Coates,Professional,9,8.0
Danielle Absolom,Igor Coates,Studious,9,4.0
Danielle Absolom,Igor Coates,Imaginative,9,6.0
Danielle Absolom,Igor Coates,Analytic,10,8.0
Danielle Absolom,Igor Coates,Independent,10,8.0
Danielle Absolom,Igor Coates,Determined,10,7.0
Danielle Absolom,Igor Coates,Professional,10,6.0
Danielle Absolom,Igor Coates,Studious,10,8.0
Danielle Absolom,Igor Coates,Imaginative,10,8.0
Hughie Yeliashev,Igor Coates,Analytic,1,4.0
Hughie Yeliashev,Igor Coates,Independent,1,4.0
Hughie Yeliashev,Igor Coates,Determined,1,1.0
Hughie Yeliashev,Igor Coates,Professional,1,2.0
Hughie Yeliashev,Igor Coates,Studious,1,1.0
Hughie Yeliashev,Igor Coates,Imaginative,1,4.0
Hughie Yeliashev,Igor Coates,Analytic,2,3.0
Hughie Yeliashev,Igor Coates,Independent,2,2.0
Hughie Yeliashev,Igor Coates,Determined,2,3.0
Hughie Yeliashev,Igor Coates,Professional,2,3.0
Hughie Yeliashev,Igor Coates,Studious,2,1.0
Hughie Yeliashev,Igor Coates,Imaginative,2,1.0
Hughie Yeliashev,Igor Coates,Analytic,3,2.0
Hughie Yeliashev,Igor Coates,Independent,3,2.0
Hughie Yeliashev,Igor Coates,Determined,3,3.0
Hughie Yeliashev,Igor Coates,Professional,3,3.0
Hughie Yeliashev,Igor Coates,Studious,3,5.0
Hughie Yeliashev,Igor Coates,Imaginative,3,2.0
Hughie Yeliashev,Igor Coates,Analytic,4,6.0
Hughie Yeliashev,Igor Coates,Independent,4,8.0
Hughie Yeliashev,Igor Coates,Determined,4,6.0
Hughie Yeliashev,Igor Coates,Professional,4,2.0
Hughie Yeliashev,Igor Coates,Studious,4,3.0
Hughie Yeliashev,Igor Coates,Imaginative,4,6.0
Hughie Yeliashev,Igor Coates,Analytic,5,4.0
Hughie Yeliashev,Igor Coates,Independent,5,6.0
Hughie Yeliashev,Igor Coates,Determined,5,7.0
Hughie Yeliashev,Igor Coates,Professional,5,6.0
Hughie Yeliashev,Igor Coates,Studious,5,4.0
Hughie Yeliashev,Igor Coates,Imaginative,5,5.0
Hughie Yeliashev,Igor Coates,Analytic,6,5.0
Hughie Yeliashev,Igor Coates,Independent,6,7.0
Hughie Yeliashev,Igor Coates,Determined,6,5.0
Hughie Yeliashev,Igor Coates,Professional,6,7.0
Hughie Yeliashev,Igor Coates,Studious,6,4.0
Hughie Yeliashev,Igor Coates,Imaginative,6,5.0
Hughie Yeliashev,Igor Coates,Analytic,7,6.0
Hughie Yeliashev,Igor Coates,Independent,7,8.0
Hughie Yeliashev,Igor Coates,Determined,7,7.0
Hughie Yeliashev,Igor Coates,Professional,7,8.0
Hughie Yeliashev,Igor Coates,Studious,7,8.0
Hughie Yeliashev,Igor Coates,Imaginative,7,8.0
Hughie Yeliashev,Igor Coates,Analytic,8,8.0
Hughie Yeliashev,Igor Coates,Independent,8,8.0
Hughie Yeliashev,Igor Coates,Determined,8,8.0
Hughie Yeliashev,Igor Coates,Professional,8,8.0
Hughie Yeliashev,Igor Coates,Studious,8,8.0
Hughie Yeliashev,Igor Coates,Imaginative,8,5.0
Hughie Yeliashev,Igor Coates,Analytic,9,3.0
Hughie Yeliashev,Igor Coates,Independent,9,5.0
Hughie Yeliashev,Igor Coates,Determined,9,6.0
Hughie Yeliashev,Igor Coates,Professional,9,8.0
Hughie Yeliashev,Igor Coates,Studious,9,6.0
Hughie Yeliashev,Igor Coates,Imaginative,9,7.0
Hughie Yeliashev,Igor Coates,Analytic,10,8.0
Hughie Yeliashev,Igor Coates,Independent,10,8.0
Hughie Yeliashev,Igor Coates,Determined,10,4.0
Hughie Yeliashev,Igor Coates,Professional,10,8.0
Hughie Yeliashev,Igor Coates,Studious,10,8.0
Hughie Yeliashev,Igor Coates,Imaginative,10,8.0
Sher Biesinger,Igor Coates,Analytic,1,3.0
Sher Biesinger,Igor Coates,Independent,1,1.0
Sher Biesinger,Igor Coates,Determined,1,5.0
Sher Biesinger,Igor Coates,Professional,1,4.0
Sher Biesinger,Igor Coates,Studious,1,3.0
Sher Biesinger,Igor Coates,Imaginative,1,1.0
Sher Biesinger,Igor Coates,Analytic,2,3.0
Sher Biesinger,Igor Coates,Independent,2,1.0
Sher Biesinger,Igor Coates,Determined,2,3.0
Sher Biesinger,Igor Coates,Professional,2,2.0
Sher Biesinger,Igor Coates,Studious,2,2.0
Sher Biesinger,Igor Coates,Imaginative,2,3.0
Sher Biesinger,Igor Coates,Analytic,3,5.0
Sher Biesinger,Igor Coates,Independent,3,2.0
Sher Biesinger,Igor Coates,Determined,3,4.0
Sher Biesinger,Igor Coates,Professional,3,6.0
Sher Biesinger,Igor Coates,Studious,3,1.0
Sher Biesinger,Igor Coates,Imaginative,3,1.0
Sher Biesinger,Igor Coates,Analytic,4,8.0
Sher Biesinger,Igor Coates,Independent,4,8.0
Sher Biesinger,Igor Coates,Determined,4,2.0
Sher Biesinger,Igor Coates,Professional,4,8.0
Sher Biesinger,Igor Coates,Studious,4,5.0
Sher Biesinger,Igor Coates,Imaginative,4,8.0
Sher Biesinger,Igor Coates,Analytic,5,4.0
Sher Biesinger,Igor Coates,Independent,5,2.0
Sher Biesinger,Igor Coates,Determined,5,4.0
Sher Biesinger,Igor Coates,Professional,5,3.0
Sher Biesinger,Igor Coates,Studious,5,8.0
Sher Biesinger,Igor Coates,Imaginative,5,5.0
Sher Biesinger,Igor Coates,Analytic,6,8.0
Sher Biesinger,Igor Coates,Independent,6,6.0
Sher Biesinger,Igor Coates,Determined,6,3.0
Sher Biesinger,Igor Coates,Professional,6,4.0
Sher Biesinger,Igor Coates,Studious,6,5.0
Sher Biesinger,Igor Coates,Imaginative,6,6.0
Sher Biesinger,Igor Coates,Analytic,7,7.0
Sher Biesinger,Igor Coates,Independent,7,8.0
Sher Biesinger,Igor Coates,Determined,7,8.0
Sher Biesinger,Igor Coates,Professional,7,8.0
Sher Biesinger,Igor Coates,Studious,7,8.0
Sher Biesinger,Igor Coates,Imaginative,7,8.0
Sher Biesinger,Igor Coates,Analytic,8,7.0
Sher Biesinger,Igor Coates,Independent,8,8.0
Sher Biesinger,Igor Coates,Determined,8,8.0
Sher Biesinger,Igor Coates,Professional,8,8.0
Sher Biesinger,Igor Coates,Studious,8,3.0
Sher Biesinger,Igor Coates,Imaginative,8,8.0
Sher Biesinger,Igor Coates,Analytic,9,8.0
Sher Biesinger,Igor Coates,Independent,9,8.0
Sher Biesinger,Igor Coates,Determined,9,7.0
Sher Biesinger,Igor Coates,Professional,9,8.0
Sher Biesinger,Igor Coates,Studious,9,7.0
Sher Biesinger,Igor Coates,Imaginative,9,8.0
Sher Biesinger,Igor Coates,Analytic,10,8.0
Sher Biesinger,Igor Coates,Independent,10,6.0
Sher Biesinger,Igor Coates,Determined,10,8.0
Sher Biesinger,Igor Coates,Professional,10,6.0
Sher Biesinger,Igor Coates,Studious,10,8.0
Sher Biesinger,Igor Coates,Imaginative,10,8.0
Pepe Bendig,Igor Coates,Analytic,1,4.0
Pepe Bendig,Igor Coates,Independent,1,4.0
Pepe Bendig,Igor Coates,Determined,1,2.0
Pepe Bendig,Igor Coates,Professional,1,3.0
Pepe Bendig,Igor Coates,Studious,1,3.0
Pepe Bendig,Igor Coates,Imaginative,1,3.0
Pepe Bendig,Igor Coates,Analytic,2,4.0
Pepe Bendig,Igor Coates,Independent,2,1.0
Pepe Bendig,Igor Coates,Determined,2,4.0
Pepe Bendig,Igor Coates,Professional,2,2.0
Pepe Bendig,Igor Coates,Studious,2,3.0
Pepe Bendig,Igor Coates,Imaginative,2,2.0
Pepe Bendig,Igor Coates,Analytic,3,3.0
Pepe Bendig,Igor Coates,Independent,3,1.0
Pepe Bendig,Igor Coates,Determined,3,5.0
Pepe Bendig,Igor Coates,Professional,3,1.0
Pepe Bendig,Igor Coates,Studious,3,2.0
Pepe Bendig,Igor Coates,Imaginative,3,6.0
Pepe Bendig,Igor Coates,Analytic,4,7.0
Pepe Bendig,Igor Coates,Independent,4,5.0
Pepe Bendig,Igor Coates,Determined,4,3.0
Pepe Bendig,Igor Coates,Professional,4,5.0
Pepe Bendig,Igor Coates,Studious,4,8.0
Pepe Bendig,Igor Coates,Imaginative,4,4.0
Pepe Bendig,Igor Coates,Analytic,5,8.0
Pepe Bendig,Igor Coates,Independent,5,8.0
Pepe Bendig,Igor Coates,Determined,5,7.0
Pepe Bendig,Igor Coates,Professional,5,4.0
Pepe Bendig,Igor Coates,Studious,5,2.0
Pepe Bendig,Igor Coates,Imaginative,5,7.0
Pepe Bendig,Igor Coates,Analytic,6,6.0
Pepe Bendig,Igor Coates,Independent,6,5.0
Pepe Bendig,Igor Coates,Determined,6,6.0
Pepe Bendig,Igor Coates,Professional,6,7.0
Pepe Bendig,Igor Coates,Studious,6,5.0
Pepe Bendig,Igor Coates,Imaginative,6,4.0
Pepe Bendig,Igor Coates,Analytic,7,8.0
Pepe Bendig,Igor Coates,Independent,7,4.0
Pepe Bendig,Igor Coates,Determined,7,8.0
Pepe Bendig,Igor Coates,Professional,7,8.0
Pepe Bendig,Igor Coates,Studious,7,8.0
Pepe Bendig,Igor Coates,Imaginative,7,6.0
Pepe Bendig,Igor Coates,Analytic,8,8.0
Pepe Bendig,Igor Coates,Independent,8,8.0
Pepe Bendig,Igor Coates,Determined,8,8.0
Pepe Bendig,Igor Coates,Professional,8,7.0
Pepe Bendig,Igor Coates,Studious,8,7.0
Pepe Bendig,Igor Coates,Imaginative,8,7.0
Pepe Bendig,Igor Coates,Analytic,9,8.0
Pepe Bendig,Igor Coates,Independent,9,8.0
Pepe Bendig,Igor Coates,Determined,9,8.0
Pepe Bendig,Igor Coates,Professional,9,8.0
Pepe Bendig,Igor Coates,Studious,9,8.0
Pepe Bendig,Igor Coates,Imaginative,9,6.0
Pepe Bendig,Igor Coates,Analytic,10,8.0
Pepe Bendig,Igor Coates,Independent,10,8.0
Pepe Bendig,Igor Coates,Determined,10,8.0
Pepe Bendig,Igor Coates,Professional,10,8.0
Pepe Bendig,Igor Coates,Studious,10,8.0
Pepe Bendig,Igor Coates,Imaginative,10,8.0
Neal Ginglell,Igor Coates,Analytic,1,3.0
Neal Ginglell,Igor Coates,Independent,1,4.0
Neal Ginglell,Igor Coates,Determined,1,2.0
Neal Ginglell,Igor Coates,Professional,1,2.0
Neal Ginglell,Igor Coates,Studious,1,7.0
Neal Ginglell,Igor Coates,Imaginative,1,4.0
Neal Ginglell,Igor Coates,Analytic,2,1.0
Neal Ginglell,Igor Coates,Independent,2,2.0
Neal Ginglell,Igor Coates,Determined,2,5.0
Neal Ginglell,Igor Coates,Professional,2,3.0
Neal Ginglell,Igor Coates,Studious,2,5.0
Neal Ginglell,Igor Coates,Imaginative,2,2.0
Neal Ginglell,Igor Coates,Analytic,3,5.0
Neal Ginglell,Igor Coates,Independent,3,4.0
Neal Ginglell,Igor Coates,Determined,3,8.0
Neal Ginglell,Igor Coates,Professional,3,6.0
Neal Ginglell,Igor Coates,Studious,3,2.0
Neal Ginglell,Igor Coates,Imaginative,3,3.0
Neal Ginglell,Igor Coates,Analytic,4,2.0
Neal Ginglell,Igor Coates,Independent,4,7.0
Neal Ginglell,Igor Coates,Determined,4,8.0
Neal Ginglell,Igor Coates,Professional,4,8.0
Neal Ginglell,Igor Coates,Studious,4,7.0
Neal Ginglell,Igor Coates,Imaginative,4,7.0
Neal Ginglell,Igor Coates,Analytic,5,3.0
Neal Ginglell,Igor Coates,Independent,5,4.0
Neal Ginglell,Igor Coates,Determined,5,2.0
Neal Ginglell,Igor Coates,Professional,5,8.0
Neal Ginglell,Igor Coates,Studious,5,4.0
Neal Ginglell,Igor Coates,Imaginative,5,8.0
Neal Ginglell,Igor Coates,Analytic,6,3.0
Neal Ginglell,Igor Coates,Independent,6,5.0
Neal Ginglell,Igor Coates,Determined,6,6.0
Neal Ginglell,Igor Coates,Professional,6,8.0
Neal Ginglell,Igor Coates,Studious,6,3.0
Neal Ginglell,Igor Coates,Imaginative,6,5.0
Neal Ginglell,Igor Coates,Analytic,7,8.0
Neal Ginglell,Igor Coates,Independent,7,5.0
Neal Ginglell,Igor Coates,Determined,7,6.0
Neal Ginglell,Igor Coates,Professional,7,6.0
Neal Ginglell,Igor Coates,Studious,7,7.0
Neal Ginglell,Igor Coates,Imaginative,7,7.0
Neal Ginglell,Igor Coates,Analytic,8,7.0
Neal Ginglell,Igor Coates,Independent,8,8.0
Neal Ginglell,Igor Coates,Determined,8,4.0
Neal Ginglell,Igor Coates,Professional,8,8.0
Neal Ginglell,Igor Coates,Studious,8,7.0
Neal Ginglell,Igor Coates,Imaginative,8,8.0
Neal Ginglell,Igor Coates,Analytic,9,8.0
Neal Ginglell,Igor Coates,Independent,9,8.0
Neal Ginglell,Igor Coates,Determined,9,5.0
Neal Ginglell,Igor Coates,Professional,9,8.0
Neal Ginglell,Igor Coates,Studious,9,8.0
Neal Ginglell,Igor Coates,Imaginative,9,7.0
Neal Ginglell,Igor Coates,Analytic,10,8.0
Neal Ginglell,Igor Coates,Independent,10,8.0
Neal Ginglell,Igor Coates,Determined,10,8.0
Neal Ginglell,Igor Coates,Professional,10,8.0
Neal Ginglell,Igor Coates,Studious,10,7.0
Neal Ginglell,Igor Coates,Imaginative,10,8.0
Rozamond Wilton,Igor Coates,Analytic,1,3.0
Rozamond Wilton,Igor Coates,Independent,1,2.0
Rozamond Wilton,Igor Coates,Determined,1,2.0
Rozamond Wilton,Igor Coates,Professional,1,1.0
Rozamond Wilton,Igor Coates,Studious,1,2.0
Rozamond Wilton,Igor Coates,Imaginative,1,5.0
Rozamond Wilton,Igor Coates,Analytic,2,1.0
Rozamond Wilton,Igor Coates,Independent,2,2.0
Rozamond Wilton,Igor Coates,Determined,2,2.0
Rozamond Wilton,Igor Coates,Professional,2,2.0
Rozamond Wilton,Igor Coates,Studious,2,2.0
Rozamond Wilton,Igor Coates,Imaginative,2,5.0
Rozamond Wilton,Igor Coates,Analytic,3,2.0
Rozamond Wilton,Igor Coates,Independent,3,1.0
Rozamond Wilton,Igor Coates,Determined,3,6.0
Rozamond Wilton,Igor Coates,Professional,3,1.0
Rozamond Wilton,Igor Coates,Studious,3,5.0
Rozamond Wilton,Igor Coates,Imaginative,3,3.0
Rozamond Wilton,Igor Coates,Analytic,4,2.0
Rozamond Wilton,Igor Coates,Independent,4,1.0
Rozamond Wilton,Igor Coates,Determined,4,8.0
Rozamond Wilton,Igor Coates,Professional,4,8.0
Rozamond Wilton,Igor Coates,Studious,4,3.0
Rozamond Wilton,Igor Coates,Imaginative,4,5.0
Rozamond Wilton,Igor Coates,Analytic,5,1.0
Rozamond Wilton,Igor Coates,Independent,5,8.0
Rozamond Wilton,Igor Coates,Determined,5,6.0
Rozamond Wilton,Igor Coates,Professional,5,8.0
Rozamond Wilton,Igor Coates,Studious,5,6.0
Rozamond Wilton,Igor Coates,Imaginative,5,4.0
Rozamond Wilton,Igor Coates,Analytic,6,3.0
Rozamond Wilton,Igor Coates,Independent,6,4.0
Rozamond Wilton,Igor Coates,Determined,6,6.0
Rozamond Wilton,Igor Coates,Professional,6,7.0
Rozamond Wilton,Igor Coates,Studious,6,8.0
Rozamond Wilton,Igor Coates,Imaginative,6,8.0
Rozamond Wilton,Igor Coates,Analytic,7,8.0
Rozamond Wilton,Igor Coates,Independent,7,8.0
Rozamond Wilton,Igor Coates,Determined,7,8.0
Rozamond Wilton,Igor Coates,Professional,7,8.0
Rozamond Wilton,Igor Coates,Studious,7,8.0
Rozamond Wilton,Igor Coates,Imaginative,7,8.0
Rozamond Wilton,Igor Coates,Analytic,8,8.0
Rozamond Wilton,Igor Coates,Independent,8,8.0
Rozamond Wilton,Igor Coates,Determined,8,6.0
Rozamond Wilton,Igor Coates,Professional,8,8.0
Rozamond Wilton,Igor Coates,Studious,8,8.0
Rozamond Wilton,Igor Coates,Imaginative,8,4.0
Rozamond Wilton,Igor Coates,Analytic,9,7.0
Rozamond Wilton,Igor Coates,Independent,9,8.0
Rozamond Wilton,Igor Coates,Determined,9,6.0
Rozamond Wilton,Igor Coates,Professional,9,8.0
Rozamond Wilton,Igor Coates,Studious,9,7.0
Rozamond Wilton,Igor Coates,Imaginative,9,6.0
Rozamond Wilton,Igor Coates,Analytic,10,7.0
Rozamond Wilton,Igor Coates,Independent,10,8.0
Rozamond Wilton,Igor Coates,Determined,10,8.0
Rozamond Wilton,Igor Coates,Professional,10,8.0
Rozamond Wilton,Igor Coates,Studious,10,8.0
Rozamond Wilton,Igor Coates,Imaginative,10,8.0
Glenn Coaker,Igor Coates,Analytic,1,6.0
Glenn Coaker,Igor Coates,Independent,1,4.0
Glenn Coaker,Igor Coates,Determined,1,1.0
Glenn Coaker,Igor Coates,Professional,1,2.0
Glenn Coaker,Igor Coates,Studious,1,4.0
Glenn Coaker,Igor Coates,Imaginative,1,2.0
Glenn Coaker,Igor Coates,Analytic,2,2.0
Glenn Coaker,Igor Coates,Independent,2,4.0
Glenn Coaker,Igor Coates,Determined,2,3.0
Glenn Coaker,Igor Coates,Professional,2,3.0
Glenn Coaker,Igor Coates,Studious,2,7.0
Glenn Coaker,Igor Coates,Imaginative,2,3.0
Glenn Coaker,Igor Coates,Analytic,3,3.0
Glenn Coaker,Igor Coates,Independent,3,4.0
Glenn Coaker,Igor Coates,Determined,3,4.0
Glenn Coaker,Igor Coates,Professional,3,2.0
Glenn Coaker,Igor Coates,Studious,3,5.0
Glenn Coaker,Igor Coates,Imaginative,3,4.0
Glenn Coaker,Igor Coates,Analytic,4,7.0
Glenn Coaker,Igor Coates,Independent,4,7.0
Glenn Coaker,Igor Coates,Determined,4,2.0
Glenn Coaker,Igor Coates,Professional,4,5.0
Glenn Coaker,Igor Coates,Studious,4,5.0
Glenn Coaker,Igor Coates,Imaginative,4,7.0
Glenn Coaker,Igor Coates,Analytic,5,6.0
Glenn Coaker,Igor Coates,Independent,5,8.0
Glenn Coaker,Igor Coates,Determined,5,8.0
Glenn Coaker,Igor Coates,Professional,5,8.0
Glenn Coaker,Igor Coates,Studious,5,6.0
Glenn Coaker,Igor Coates,Imaginative,5,2.0
Glenn Coaker,Igor Coates,Analytic,6,6.0
Glenn Coaker,Igor Coates,Independent,6,5.0
Glenn Coaker,Igor Coates,Determined,6,6.0
Glenn Coaker,Igor Coates,Professional,6,7.0
Glenn Coaker,Igor Coates,Studious,6,5.0
Glenn Coaker,Igor Coates,Imaginative,6,8.0
Glenn Coaker,Igor Coates,Analytic,7,8.0
Glenn Coaker,Igor Coates,Independent,7,8.0
Glenn Coaker,Igor Coates,Determined,7,8.0
Glenn Coaker,Igor Coates,Professional,7,7.0
Glenn Coaker,Igor Coates,Studious,7,8.0
Glenn Coaker,Igor Coates,Imaginative,7,8.0
Glenn Coaker,Igor Coates,Analytic,8,8.0
Glenn Coaker,Igor Coates,Independent,8,6.0
Glenn Coaker,Igor Coates,Determined,8,8.0
Glenn Coaker,Igor Coates,Professional,8,5.0
Glenn Coaker,Igor Coates,Studious,8,8.0
Glenn Coaker,Igor Coates,Imaginative,8,6.0
Glenn Coaker,Igor Coates,Analytic,9,8.0
Glenn Coaker,Igor Coates,Independent,9,7.0
Glenn Coaker,Igor Coates,Determined,9,7.0
Glenn Coaker,Igor Coates,Professional,9,6.0
Glenn Coaker,Igor Coates,Studious,9,8.0
Glenn Coaker,Igor Coates,Imaginative,9,5.0
Glenn Coaker,Igor Coates,Analytic,10,8.0
Glenn Coaker,Igor Coates,Independent,10,8.0
Glenn Coaker,Igor Coates,Determined,10,8.0
Glenn Coaker,Igor Coates,Professional,10,8.0
Glenn Coaker,Igor Coates,Studious,10,8.0
Glenn Coaker,Igor Coates,Imaginative,10,7.0
Daisy Brims,Igor Coates,Analytic,1,1.0
Daisy Brims,Igor Coates,Independent,1,4.0
Daisy Brims,Igor Coates,Determined,1,3.0
Daisy Brims,Igor Coates,Professional,1,2.0
Daisy Brims,Igor Coates,Studious,1,3.0
Daisy Brims,Igor Coates,Imaginative,1,2.0
Daisy Brims,Igor Coates,Analytic,2,4.0
Daisy Brims,Igor Coates,Independent,2,5.0
Daisy Brims,Igor Coates,Determined,2,2.0
Daisy Brims,Igor Coates,Professional,2,3.0
Daisy Brims,Igor Coates,Studious,2,3.0
Daisy Brims,Igor Coates,Imaginative,2,6.0
Daisy Brims,Igor Coates,Analytic,3,2.0
Daisy Brims,Igor Coates,Independent,3,4.0
Daisy Brims,Igor Coates,Determined,3,1.0
Daisy Brims,Igor Coates,Professional,3,4.0
Daisy Brims,Igor Coates,Studious,3,4.0
Daisy Brims,Igor Coates,Imaginative,3,2.0
Daisy Brims,Igor Coates,Analytic,4,7.0
Daisy Brims,Igor Coates,Independent,4,8.0
Daisy Brims,Igor Coates,Determined,4,8.0
Daisy Brims,Igor Coates,Professional,4,6.0
Daisy Brims,Igor Coates,Studious,4,5.0
Daisy Brims,Igor Coates,Imaginative,4,5.0
Daisy Brims,Igor Coates,Analytic,5,7.0
Daisy Brims,Igor Coates,Independent,5,4.0
Daisy Brims,Igor Coates,Determined,5,5.0
Daisy Brims,Igor Coates,Professional,5,8.0
Daisy Brims,Igor Coates,Studious,5,3.0
Daisy Brims,Igor Coates,Imaginative,5,8.0
Daisy Brims,Igor Coates,Analytic,6,4.0
Daisy Brims,Igor Coates,Independent,6,6.0
Daisy Brims,Igor Coates,Determined,6,3.0
Daisy Brims,Igor Coates,Professional,6,6.0
Daisy Brims,Igor Coates,Studious,6,8.0
Daisy Brims,Igor Coates,Imaginative,6,3.0
Daisy Brims,Igor Coates,Analytic,7,8.0
Daisy Brims,Igor Coates,Independent,7,6.0
Daisy Brims,Igor Coates,Determined,7,8.0
Daisy Brims,Igor Coates,Professional,7,8.0
Daisy Brims,Igor Coates,Studious,7,8.0
Daisy Brims,Igor Coates,Imaginative,7,7.0
Daisy Brims,Igor Coates,Analytic,8,8.0
Daisy Brims,Igor Coates,Independent,8,8.0
Daisy Brims,Igor Coates,Determined,8,7.0
Daisy Brims,Igor Coates,Professional,8,7.0
Daisy Brims,Igor Coates,Studious,8,8.0
Daisy Brims,Igor Coates,Imaginative,8,3.0
Daisy Brims,Igor Coates,Analytic,9,8.0
Daisy Brims,Igor Coates,Independent,9,8.0
Daisy Brims,Igor Coates,Determined,9,3.0
Daisy Brims,Igor Coates,Professional,9,8.0
Daisy Brims,Igor Coates,Studious,9,8.0
Daisy Brims,Igor Coates,Imaginative,9,8.0
Daisy Brims,Igor Coates,Analytic,10,8.0
Daisy Brims,Igor Coates,Independent,10,8.0
Daisy Brims,Igor Coates,Determined,10,8.0
Daisy Brims,Igor Coates,Professional,10,7.0
Daisy Brims,Igor Coates,Studious,10,8.0
Daisy Brims,Igor Coates,Imaginative,10,8.0
Lalo Halton,Igor Coates,Analytic,1,4.0
Lalo Halton,Igor Coates,Independent,1,1.0
Lalo Halton,Igor Coates,Determined,1,3.0
Lalo Halton,Igor Coates,Professional,1,2.0
Lalo Halton,Igor Coates,Studious,1,2.0
Lalo Halton,Igor Coates,Imaginative,1,4.0
Lalo Halton,Igor Coates,Analytic,2,3.0
Lalo Halton,Igor Coates,Independent,2,2.0
Lalo Halton,Igor Coates,Determined,2,2.0
Lalo Halton,Igor Coates,Professional,2,4.0
Lalo Halton,Igor Coates,Studious,2,5.0
Lalo Halton,Igor Coates,Imaginative,2,1.0
Lalo Halton,Igor Coates,Analytic,3,2.0
Lalo Halton,Igor Coates,Independent,3,3.0
Lalo Halton,Igor Coates,Determined,3,1.0
Lalo Halton,Igor Coates,Professional,3,1.0
Lalo Halton,Igor Coates,Studious,3,2.0
Lalo Halton,Igor Coates,Imaginative,3,5.0
Lalo Halton,Igor Coates,Analytic,4,5.0
Lalo Halton,Igor Coates,Independent,4,4.0
Lalo Halton,Igor Coates,Determined,4,4.0
Lalo Halton,Igor Coates,Professional,4,7.0
Lalo Halton,Igor Coates,Studious,4,4.0
Lalo Halton,Igor Coates,Imaginative,4,8.0
Lalo Halton,Igor Coates,Analytic,5,3.0
Lalo Halton,Igor Coates,Independent,5,5.0
Lalo Halton,Igor Coates,Determined,5,5.0
Lalo Halton,Igor Coates,Professional,5,6.0
Lalo Halton,Igor Coates,Studious,5,4.0
Lalo Halton,Igor Coates,Imaginative,5,8.0
Lalo Halton,Igor Coates,Analytic,6,8.0
Lalo Halton,Igor Coates,Independent,6,7.0
Lalo Halton,Igor Coates,Determined,6,8.0
Lalo Halton,Igor Coates,Professional,6,3.0
Lalo Halton,Igor Coates,Studious,6,6.0
Lalo Halton,Igor Coates,Imaginative,6,8.0
Lalo Halton,Igor Coates,Analytic,7,4.0
Lalo Halton,Igor Coates,Independent,7,8.0
Lalo Halton,Igor Coates,Determined,7,8.0
Lalo Halton,Igor Coates,Professional,7,8.0
Lalo Halton,Igor Coates,Studious,7,7.0
Lalo Halton,Igor Coates,Imaginative,7,6.0
Lalo Halton,Igor Coates,Analytic,8,8.0
Lalo Halton,Igor Coates,Independent,8,8.0
Lalo Halton,Igor Coates,Determined,8,8.0
Lalo Halton,Igor Coates,Professional,8,5.0
Lalo Halton,Igor Coates,Studious,8,4.0
Lalo Halton,Igor Coates,Imaginative,8,8.0
Lalo Halton,Igor Coates,Analytic,9,8.0
Lalo Halton,Igor Coates,Independent,9,3.0
Lalo Halton,Igor Coates,Determined,9,7.0
Lalo Halton,Igor Coates,Professional,9,8.0
Lalo Halton,Igor Coates,Studious,9,6.0
Lalo Halton,Igor Coates,Imaginative,9,8.0
Lalo Halton,Igor Coates,Analytic,10,7.0
Lalo Halton,Igor Coates,Independent,10,8.0
Lalo Halton,Igor Coates,Determined,10,8.0
Lalo Halton,Igor Coates,Professional,10,6.0
Lalo Halton,Igor Coates,Studious,10,8.0
Lalo Halton,Igor Coates,Imaginative,10,8.0
Palm Jakovijevic,Igor Coates,Analytic,1,2.0
Palm Jakovijevic,Igor Coates,Independent,1,1.0
Palm Jakovijevic,Igor Coates,Determined,1,1.0
Palm Jakovijevic,Igor Coates,Professional,1,5.0
Palm Jakovijevic,Igor Coates,Studious,1,3.0
Palm Jakovijevic,Igor Coates,Imaginative,1,6.0
Palm Jakovijevic,Igor Coates,Analytic,2,2.0
Palm Jakovijevic,Igor Coates,Independent,2,4.0
Palm Jakovijevic,Igor Coates,Determined,2,3.0
Palm Jakovijevic,Igor Coates,Professional,2,2.0
Palm Jakovijevic,Igor Coates,Studious,2,2.0
Palm Jakovijevic,Igor Coates,Imaginative,2,2.0
Palm Jakovijevic,Igor Coates,Analytic,3,3.0
Palm Jakovijevic,Igor Coates,Independent,3,4.0
Palm Jakovijevic,Igor Coates,Determined,3,1.0
Palm Jakovijevic,Igor Coates,Professional,3,4.0
Palm Jakovijevic,Igor Coates,Studious,3,6.0
Palm Jakovijevic,Igor Coates,Imaginative,3,4.0
Palm Jakovijevic,Igor Coates,Analytic,4,1.0
Palm Jakovijevic,Igor Coates,Independent,4,3.0
Palm Jakovijevic,Igor Coates,Determined,4,8.0
Palm Jakovijevic,Igor Coates,Professional,4,3.0
Palm Jakovijevic,Igor Coates,Studious,4,8.0
Palm Jakovijevic,Igor Coates,Imaginative,4,3.0
Palm Jakovijevic,Igor Coates,Analytic,5,4.0
Palm Jakovijevic,Igor Coates,Independent,5,5.0
Palm Jakovijevic,Igor Coates,Determined,5,5.0
Palm Jakovijevic,Igor Coates,Professional,5,4.0
Palm Jakovijevic,Igor Coates,Studious,5,1.0
Palm Jakovijevic,Igor Coates,Imaginative,5,6.0
Palm Jakovijevic,Igor Coates,Analytic,6,8.0
Palm Jakovijevic,Igor Coates,Independent,6,7.0
Palm Jakovijevic,Igor Coates,Determined,6,5.0
Palm Jakovijevic,Igor Coates,Professional,6,7.0
Palm Jakovijevic,Igor Coates,Studious,6,5.0
Palm Jakovijevic,Igor Coates,Imaginative,6,5.0
Palm Jakovijevic,Igor Coates,Analytic,7,7.0
Palm Jakovijevic,Igor Coates,Independent,7,6.0
Palm Jakovijevic,Igor Coates,Determined,7,8.0
Palm Jakovijevic,Igor Coates,Professional,7,8.0
Palm Jakovijevic,Igor Coates,Studious,7,8.0
Palm Jakovijevic,Igor Coates,Imaginative,7,8.0
Palm Jakovijevic,Igor Coates,Analytic,8,7.0
Palm Jakovijevic,Igor Coates,Independent,8,8.0
Palm Jakovijevic,Igor Coates,Determined,8,4.0
Palm Jakovijevic,Igor Coates,Professional,8,8.0
Palm Jakovijevic,Igor Coates,Studious,8,2.0
Palm Jakovijevic,Igor Coates,Imaginative,8,8.0
Palm Jakovijevic,Igor Coates,Analytic,9,8.0
Palm Jakovijevic,Igor Coates,Independent,9,8.0
Palm Jakovijevic,Igor Coates,Determined,9,8.0
Palm Jakovijevic,Igor Coates,Professional,9,8.0
Palm Jakovijevic,Igor Coates,Studious,9,8.0
Palm Jakovijevic,Igor Coates,Imaginative,9,8.0
Palm Jakovijevic,Igor Coates,Analytic,10,8.0
Palm Jakovijevic,Igor Coates,Independent,10,8.0
Palm Jakovijevic,Igor Coates,Determined,10,8.0
Palm Jakovijevic,Igor Coates,Professional,10,8.0
Palm Jakovijevic,Igor Coates,Studious,10,8.0
Palm Jakovijevic,Igor Coates,Imaginative,10,8.0
Yelena Kelleway,Igor Coates,Analytic,1,3.0
Yelena Kelleway,Igor Coates,Independent,1,5.0
Yelena Kelleway,Igor Coates,Determined,1,1.0
Yelena Kelleway,Igor Coates,Professional,1,3.0
Yelena Kelleway,Igor Coates,Studious,1,1.0
Yelena Kelleway,Igor Coates,Imaginative,1,5.0
Yelena Kelleway,Igor Coates,Analytic,2,3.0
Yelena Kelleway,Igor Coates,Independent,2,3.0
Yelena Kelleway,Igor Coates,Determined,2,4.0
Yelena Kelleway,Igor Coates,Professional,2,5.0
Yelena Kelleway,Igor Coates,Studious,2,1.0
Yelena Kelleway,Igor Coates,Imaginative,2,1.0
Yelena Kelleway,Igor Coates,Analytic,3,5.0
Yelena Kelleway,Igor Coates,Independent,3,1.0
Yelena Kelleway,Igor Coates,Determined,3,2.0
Yelena Kelleway,Igor Coates,Professional,3,4.0
Yelena Kelleway,Igor Coates,Studious,3,1.0
Yelena Kelleway,Igor Coates,Imaginative,3,2.0
Yelena Kelleway,Igor Coates,Analytic,4,6.0
Yelena Kelleway,Igor Coates,Independent,4,4.0
Yelena Kelleway,Igor Coates,Determined,4,4.0
Yelena Kelleway,Igor Coates,Professional,4,6.0
Yelena Kelleway,Igor Coates,Studious,4,5.0
Yelena Kelleway,Igor Coates,Imaginative,4,6.0
Yelena Kelleway,Igor Coates,Analytic,5,8.0
Yelena Kelleway,Igor Coates,Independent,5,6.0
Yelena Kelleway,Igor Coates,Determined,5,5.0
Yelena Kelleway,Igor Coates,Professional,5,8.0
Yelena Kelleway,Igor Coates,Studious,5,6.0
Yelena Kelleway,Igor Coates,Imaginative,5,8.0
Yelena Kelleway,Igor Coates,Analytic,6,5.0
Yelena Kelleway,Igor Coates,Independent,6,5.0
Yelena Kelleway,Igor Coates,Determined,6,5.0
Yelena Kelleway,Igor Coates,Professional,6,8.0
Yelena Kelleway,Igor Coates,Studious,6,6.0
Yelena Kelleway,Igor Coates,Imaginative,6,6.0
Yelena Kelleway,Igor Coates,Analytic,7,4.0
Yelena Kelleway,Igor Coates,Independent,7,8.0
Yelena Kelleway,Igor Coates,Determined,7,8.0
Yelena Kelleway,Igor Coates,Professional,7,8.0
Yelena Kelleway,Igor Coates,Studious,7,4.0
Yelena Kelleway,Igor Coates,Imaginative,7,8.0
Yelena Kelleway,Igor Coates,Analytic,8,4.0
Yelena Kelleway,Igor Coates,Independent,8,8.0
Yelena Kelleway,Igor Coates,Determined,8,8.0
Yelena Kelleway,Igor Coates,Professional,8,8.0
Yelena Kelleway,Igor Coates,Studious,8,8.0
Yelena Kelleway,Igor Coates,Imaginative,8,8.0
Yelena Kelleway,Igor Coates,Analytic,9,8.0
Yelena Kelleway,Igor Coates,Independent,9,8.0
Yelena Kelleway,Igor Coates,Determined,9,6.0
Yelena Kelleway,Igor Coates,Professional,9,1.0
Yelena Kelleway,Igor Coates,Studious,9,8.0
Yelena Kelleway,Igor Coates,Imaginative,9,8.0
Yelena Kelleway,Igor Coates,Analytic,10,8.0
Yelena Kelleway,Igor Coates,Independent,10,8.0
Yelena Kelleway,Igor Coates,Determined,10,8.0
Yelena Kelleway,Igor Coates,Professional,10,8.0
Yelena Kelleway,Igor Coates,Studious,10,8.0
Yelena Kelleway,Igor Coates,Imaginative,10,8.0
Lay Trosdall,Igor Coates,Analytic,1,2.0
Lay Trosdall,Igor Coates,Independent,1,5.0
Lay Trosdall,Igor Coates,Determined,1,2.0
Lay Trosdall,Igor Coates,Professional,1,5.0
Lay Trosdall,Igor Coates,Studious,1,4.0
Lay Trosdall,Igor Coates,Imaginative,1,5.0
Lay Trosdall,Igor Coates,Analytic,2,4.0
Lay Trosdall,Igor Coates,Independent,2,5.0
Lay Trosdall,Igor Coates,Determined,2,1.0
Lay Trosdall,Igor Coates,Professional,2,1.0
Lay Trosdall,Igor Coates,Studious,2,3.0
Lay Trosdall,Igor Coates,Imaginative,2,4.0
Lay Trosdall,Igor Coates,Analytic,3,2.0
Lay Trosdall,Igor Coates,Independent,3,5.0
Lay Trosdall,Igor Coates,Determined,3,1.0
Lay Trosdall,Igor Coates,Professional,3,3.0
Lay Trosdall,Igor Coates,Studious,3,3.0
Lay Trosdall,Igor Coates,Imaginative,3,2.0
Lay Trosdall,Igor Coates,Analytic,4,7.0
Lay Trosdall,Igor Coates,Independent,4,6.0
Lay Trosdall,Igor Coates,Determined,4,5.0
Lay Trosdall,Igor Coates,Professional,4,8.0
Lay Trosdall,Igor Coates,Studious,4,8.0
Lay Trosdall,Igor Coates,Imaginative,4,3.0
Lay Trosdall,Igor Coates,Analytic,5,8.0
Lay Trosdall,Igor Coates,Independent,5,8.0
Lay Trosdall,Igor Coates,Determined,5,1.0
Lay Trosdall,Igor Coates,Professional,5,6.0
Lay Trosdall,Igor Coates,Studious,5,8.0
Lay Trosdall,Igor Coates,Imaginative,5,8.0
Lay Trosdall,Igor Coates,Analytic,6,1.0
Lay Trosdall,Igor Coates,Independent,6,6.0
Lay Trosdall,Igor Coates,Determined,6,3.0
Lay Trosdall,Igor Coates,Professional,6,8.0
Lay Trosdall,Igor Coates,Studious,6,8.0
Lay Trosdall,Igor Coates,Imaginative,6,4.0
Lay Trosdall,Igor Coates,Analytic,7,8.0
Lay Trosdall,Igor Coates,Independent,7,7.0
Lay Trosdall,Igor Coates,Determined,7,6.0
Lay Trosdall,Igor Coates,Professional,7,4.0
Lay Trosdall,Igor Coates,Studious,7,8.0
Lay Trosdall,Igor Coates,Imaginative,7,4.0
Lay Trosdall,Igor Coates,Analytic,8,4.0
Lay Trosdall,Igor Coates,Independent,8,8.0
Lay Trosdall,Igor Coates,Determined,8,8.0
Lay Trosdall,Igor Coates,Professional,8,8.0
Lay Trosdall,Igor Coates,Studious,8,6.0
Lay Trosdall,Igor Coates,Imaginative,8,7.0
Lay Trosdall,Igor Coates,Analytic,9,8.0
Lay Trosdall,Igor Coates,Independent,9,8.0
Lay Trosdall,Igor Coates,Determined,9,8.0
Lay Trosdall,Igor Coates,Professional,9,6.0
Lay Trosdall,Igor Coates,Studious,9,8.0
Lay Trosdall,Igor Coates,Imaginative,9,8.0
Lay Trosdall,Igor Coates,Analytic,10,7.0
Lay Trosdall,Igor Coates,Independent,10,8.0
Lay Trosdall,Igor Coates,Determined,10,8.0
Lay Trosdall,Igor Coates,Professional,10,8.0
Lay Trosdall,Igor Coates,Studious,10,8.0
Lay Trosdall,Igor Coates,Imaginative,10,8.0
Kayle Ferenc,Igor Coates,Analytic,1,2.0
Kayle Ferenc,Igor Coates,Independent,1,6.0
Kayle Ferenc,Igor Coates,Determined,1,4.0
Kayle Ferenc,Igor Coates,Professional,1,1.0
Kayle Ferenc,Igor Coates,Studious,1,3.0
Kayle Ferenc,Igor Coates,Imaginative,1,4.0
Kayle Ferenc,Igor Coates,Analytic,2,1.0
Kayle Ferenc,Igor Coates,Independent,2,3.0
Kayle Ferenc,Igor Coates,Determined,2,4.0
Kayle Ferenc,Igor Coates,Professional,2,1.0
Kayle Ferenc,Igor Coates,Studious,2,5.0
Kayle Ferenc,Igor Coates,Imaginative,2,1.0
Kayle Ferenc,Igor Coates,Analytic,3,1.0
Kayle Ferenc,Igor Coates,Independent,3,6.0
Kayle Ferenc,Igor Coates,Determined,3,2.0
Kayle Ferenc,Igor Coates,Professional,3,3.0
Kayle Ferenc,Igor Coates,Studious,3,1.0
Kayle Ferenc,Igor Coates,Imaginative,3,3.0
Kayle Ferenc,Igor Coates,Analytic,4,8.0
Kayle Ferenc,Igor Coates,Independent,4,6.0
Kayle Ferenc,Igor Coates,Determined,4,8.0
Kayle Ferenc,Igor Coates,Professional,4,3.0
Kayle Ferenc,Igor Coates,Studious,4,6.0
Kayle Ferenc,Igor Coates,Imaginative,4,6.0
Kayle Ferenc,Igor Coates,Analytic,5,7.0
Kayle Ferenc,Igor Coates,Independent,5,8.0
Kayle Ferenc,Igor Coates,Determined,5,8.0
Kayle Ferenc,Igor Coates,Professional,5,2.0
Kayle Ferenc,Igor Coates,Studious,5,8.0
Kayle Ferenc,Igor Coates,Imaginative,5,2.0
Kayle Ferenc,Igor Coates,Analytic,6,8.0
Kayle Ferenc,Igor Coates,Independent,6,8.0
Kayle Ferenc,Igor Coates,Determined,6,5.0
Kayle Ferenc,Igor Coates,Professional,6,6.0
Kayle Ferenc,Igor Coates,Studious,6,5.0
Kayle Ferenc,Igor Coates,Imaginative,6,5.0
Kayle Ferenc,Igor Coates,Analytic,7,8.0
Kayle Ferenc,Igor Coates,Independent,7,8.0
Kayle Ferenc,Igor Coates,Determined,7,8.0
Kayle Ferenc,Igor Coates,Professional,7,8.0
Kayle Ferenc,Igor Coates,Studious,7,6.0
Kayle Ferenc,Igor Coates,Imaginative,7,8.0
Kayle Ferenc,Igor Coates,Analytic,8,8.0
Kayle Ferenc,Igor Coates,Independent,8,8.0
Kayle Ferenc,Igor Coates,Determined,8,8.0
Kayle Ferenc,Igor Coates,Professional,8,7.0
Kayle Ferenc,Igor Coates,Studious,8,7.0
Kayle Ferenc,Igor Coates,Imaginative,8,7.0
Kayle Ferenc,Igor Coates,Analytic,9,6.0
Kayle Ferenc,Igor Coates,Independent,9,7.0
Kayle Ferenc,Igor Coates,Determined,9,8.0
Kayle Ferenc,Igor Coates,Professional,9,8.0
Kayle Ferenc,Igor Coates,Studious,9,8.0
Kayle Ferenc,Igor Coates,Imaginative,9,7.0
Kayle Ferenc,Igor Coates,Analytic,10,8.0
Kayle Ferenc,Igor Coates,Independent,10,8.0
Kayle Ferenc,Igor Coates,Determined,10,8.0
Kayle Ferenc,Igor Coates,Professional,10,8.0
Kayle Ferenc,Igor Coates,Studious,10,8.0
Kayle Ferenc,Igor Coates,Imaginative,10,8.0
Law Massen,Mohammad Velazquez,Analytic,1,4.0
Law Massen,Mohammad Velazquez,Independent,1,4.0
Law Massen,Mohammad Velazquez,Determined,1,6.0
Law Massen,Mohammad Velazquez,Professional,1,1.0
Law Massen,Mohammad Velazquez,Studious,1,3.0
Law Massen,Mohammad Velazquez,Imaginative,1,6.0
Law Massen,Mohammad Velazquez,Analytic,2,3.0
Law Massen,Mohammad Velazquez,Independent,2,1.0
Law Massen,Mohammad Velazquez,Determined,2,1.0
Law Massen,Mohammad Velazquez,Professional,2,3.0
Law Massen,Mohammad Velazquez,Studious,2,7.0
Law Massen,Mohammad Velazquez,Imaginative,2,2.0
Law Massen,Mohammad Velazquez,Analytic,3,4.0
Law Massen,Mohammad Velazquez,Independent,3,3.0
Law Massen,Mohammad Velazquez,Determined,3,4.0
Law Massen,Mohammad Velazquez,Professional,3,2.0
Law Massen,Mohammad Velazquez,Studious,3,2.0
Law Massen,Mohammad Velazquez,Imaginative,3,2.0
Law Massen,Mohammad Velazquez,Analytic,4,8.0
Law Massen,Mohammad Velazquez,Independent,4,8.0
Law Massen,Mohammad Velazquez,Determined,4,8.0
Law Massen,Mohammad Velazquez,Professional,4,6.0
Law Massen,Mohammad Velazquez,Studious,4,6.0
Law Massen,Mohammad Velazquez,Imaginative,4,5.0
Law Massen,Mohammad Velazquez,Analytic,5,7.0
Law Massen,Mohammad Velazquez,Independent,5,7.0
Law Massen,Mohammad Velazquez,Determined,5,6.0
Law Massen,Mohammad Velazquez,Professional,5,3.0
Law Massen,Mohammad Velazquez,Studious,5,6.0
Law Massen,Mohammad Velazquez,Imaginative,5,6.0
Law Massen,Mohammad Velazquez,Analytic,6,7.0
Law Massen,Mohammad Velazquez,Independent,6,8.0
Law Massen,Mohammad Velazquez,Determined,6,6.0
Law Massen,Mohammad Velazquez,Professional,6,8.0
Law Massen,Mohammad Velazquez,Studious,6,1.0
Law Massen,Mohammad Velazquez,Imaginative,6,8.0
Law Massen,Mohammad Velazquez,Analytic,7,8.0
Law Massen,Mohammad Velazquez,Independent,7,8.0
Law Massen,Mohammad Velazquez,Determined,7,8.0
Law Massen,Mohammad Velazquez,Professional,7,4.0
Law Massen,Mohammad Velazquez,Studious,7,8.0
Law Massen,Mohammad Velazquez,Imaginative,7,8.0
Law Massen,Mohammad Velazquez,Analytic,8,7.0
Law Massen,Mohammad Velazquez,Independent,8,6.0
Law Massen,Mohammad Velazquez,Determined,8,8.0
Law Massen,Mohammad Velazquez,Professional,8,8.0
Law Massen,Mohammad Velazquez,Studious,8,8.0
Law Massen,Mohammad Velazquez,Imaginative,8,8.0
Law Massen,Mohammad Velazquez,Analytic,9,5.0
Law Massen,Mohammad Velazquez,Independent,9,8.0
Law Massen,Mohammad Velazquez,Determined,9,8.0
Law Massen,Mohammad Velazquez,Professional,9,8.0
Law Massen,Mohammad Velazquez,Studious,9,8.0
Law Massen,Mohammad Velazquez,Imaginative,9,8.0
Law Massen,Mohammad Velazquez,Analytic,10,8.0
Law Massen,Mohammad Velazquez,Independent,10,8.0
Law Massen,Mohammad Velazquez,Determined,10,7.0
Law Massen,Mohammad Velazquez,Professional,10,8.0
Law Massen,Mohammad Velazquez,Studious,10,8.0
Law Massen,Mohammad Velazquez,Imaginative,10,8.0
Aldridge Du Fray,Mohammad Velazquez,Analytic,1,4.0
Aldridge Du Fray,Mohammad Velazquez,Independent,1,5.0
Aldridge Du Fray,Mohammad Velazquez,Determined,1,5.0
Aldridge Du Fray,Mohammad Velazquez,Professional,1,2.0
Aldridge Du Fray,Mohammad Velazquez,Studious,1,4.0
Aldridge Du Fray,Mohammad Velazquez,Imaginative,1,3.0
Aldridge Du Fray,Mohammad Velazquez,Analytic,2,3.0
Aldridge Du Fray,Mohammad Velazquez,Independent,2,4.0
Aldridge Du Fray,Mohammad Velazquez,Determined,2,1.0
Aldridge Du Fray,Mohammad Velazquez,Professional,2,2.0
Aldridge Du Fray,Mohammad Velazquez,Studious,2,1.0
Aldridge Du Fray,Mohammad Velazquez,Imaginative,2,8.0
Aldridge Du Fray,Mohammad Velazquez,Analytic,3,1.0
Aldridge Du Fray,Mohammad Velazquez,Independent,3,1.0
Aldridge Du Fray,Mohammad Velazquez,Determined,3,3.0
Aldridge Du Fray,Mohammad Velazquez,Professional,3,4.0
Aldridge Du Fray,Mohammad Velazquez,Studious,3,3.0
Aldridge Du Fray,Mohammad Velazquez,Imaginative,3,3.0
Aldridge Du Fray,Mohammad Velazquez,Analytic,4,3.0
Aldridge Du Fray,Mohammad Velazquez,Independent,4,8.0
Aldridge Du Fray,Mohammad Velazquez,Determined,4,1.0
Aldridge Du Fray,Mohammad Velazquez,Professional,4,5.0
Aldridge Du Fray,Mohammad Velazquez,Studious,4,4.0
Aldridge Du Fray,Mohammad Velazquez,Imaginative,4,7.0
Aldridge Du Fray,Mohammad Velazquez,Analytic,5,2.0
Aldridge Du Fray,Mohammad Velazquez,Independent,5,5.0
Aldridge Du Fray,Mohammad Velazquez,Determined,5,4.0
Aldridge Du Fray,Mohammad Velazquez,Professional,5,4.0
Aldridge Du Fray,Mohammad Velazquez,Studious,5,6.0
Aldridge Du Fray,Mohammad Velazquez,Imaginative,5,8.0
Aldridge Du Fray,Mohammad Velazquez,Analytic,6,6.0
Aldridge Du Fray,Mohammad Velazquez,Independent,6,7.0
Aldridge Du Fray,Mohammad Velazquez,Determined,6,3.0
Aldridge Du Fray,Mohammad Velazquez,Professional,6,5.0
Aldridge Du Fray,Mohammad Velazquez,Studious,6,6.0
Aldridge Du Fray,Mohammad Velazquez,Imaginative,6,8.0
Aldridge Du Fray,Mohammad Velazquez,Analytic,7,8.0
Aldridge Du Fray,Mohammad Velazquez,Independent,7,8.0
Aldridge Du Fray,Mohammad Velazquez,Determined,7,6.0
Aldridge Du Fray,Mohammad Velazquez,Professional,7,5.0
Aldridge Du Fray,Mohammad Velazquez,Studious,7,8.0
Aldridge Du Fray,Mohammad Velazquez,Imaginative,7,8.0
Aldridge Du Fray,Mohammad Velazquez,Analytic,8,8.0
Aldridge Du Fray,Mohammad Velazquez,Independent,8,8.0
Aldridge Du Fray,Mohammad Velazquez,Determined,8,8.0
Aldridge Du Fray,Mohammad Velazquez,Professional,8,6.0
Aldridge Du Fray,Mohammad Velazquez,Studious,8,8.0
Aldridge Du Fray,Mohammad Velazquez,Imaginative,8,8.0
Aldridge Du Fray,Mohammad Velazquez,Analytic,9,8.0
Aldridge Du Fray,Mohammad Velazquez,Independent,9,7.0
Aldridge Du Fray,Mohammad Velazquez,Determined,9,6.0
Aldridge Du Fray,Mohammad Velazquez,Professional,9,8.0
Aldridge Du Fray,Mohammad Velazquez,Studious,9,8.0
Aldridge Du Fray,Mohammad Velazquez,Imaginative,9,5.0
Aldridge Du Fray,Mohammad Velazquez,Analytic,10,8.0
Aldridge Du Fray,Mohammad Velazquez,Independent,10,8.0
Aldridge Du Fray,Mohammad Velazquez,Determined,10,8.0
Aldridge Du Fray,Mohammad Velazquez,Professional,10,8.0
Aldridge Du Fray,Mohammad Velazquez,Studious,10,8.0
Aldridge Du Fray,Mohammad Velazquez,Imaginative,10,8.0
Horatio Christley,Mohammad Velazquez,Analytic,1,3.0
Horatio Christley,Mohammad Velazquez,Independent,1,5.0
Horatio Christley,Mohammad Velazquez,Determined,1,4.0
Horatio Christley,Mohammad Velazquez,Professional,1,2.0
Horatio Christley,Mohammad Velazquez,Studious,1,2.0
Horatio Christley,Mohammad Velazquez,Imaginative,1,2.0
Horatio Christley,Mohammad Velazquez,Analytic,2,2.0
Horatio Christley,Mohammad Velazquez,Independent,2,2.0
Horatio Christley,Mohammad Velazquez,Determined,2,3.0
Horatio Christley,Mohammad Velazquez,Professional,2,3.0
Horatio Christley,Mohammad Velazquez,Studious,2,2.0
Horatio Christley,Mohammad Velazquez,Imaginative,2,2.0
Horatio Christley,Mohammad Velazquez,Analytic,3,1.0
Horatio Christley,Mohammad Velazquez,Independent,3,1.0
Horatio Christley,Mohammad Velazquez,Determined,3,1.0
Horatio Christley,Mohammad Velazquez,Professional,3,1.0
Horatio Christley,Mohammad Velazquez,Studious,3,1.0
Horatio Christley,Mohammad Velazquez,Imaginative,3,1.0
Mellicent Desaur,Mohammad Velazquez,Analytic,1,4.0
Mellicent Desaur,Mohammad Velazquez,Independent,1,4.0
Mellicent Desaur,Mohammad Velazquez,Determined,1,3.0
Mellicent Desaur,Mohammad Velazquez,Professional,1,4.0
Mellicent Desaur,Mohammad Velazquez,Studious,1,3.0
Mellicent Desaur,Mohammad Velazquez,Imaginative,1,1.0
Mellicent Desaur,Mohammad Velazquez,Analytic,2,5.0
Mellicent Desaur,Mohammad Velazquez,Independent,2,1.0
Mellicent Desaur,Mohammad Velazquez,Determined,2,2.0
Mellicent Desaur,Mohammad Velazquez,Professional,2,4.0
Mellicent Desaur,Mohammad Velazquez,Studious,2,1.0
Mellicent Desaur,Mohammad Velazquez,Imaginative,2,2.0
Mellicent Desaur,Mohammad Velazquez,Analytic,3,2.0
Mellicent Desaur,Mohammad Velazquez,Independent,3,3.0
Mellicent Desaur,Mohammad Velazquez,Determined,3,1.0
Mellicent Desaur,Mohammad Velazquez,Professional,3,3.0
Mellicent Desaur,Mohammad Velazquez,Studious,3,5.0
Mellicent Desaur,Mohammad Velazquez,Imaginative,3,2.0
Mellicent Desaur,Mohammad Velazquez,Analytic,4,8.0
Mellicent Desaur,Mohammad Velazquez,Independent,4,5.0
Mellicent Desaur,Mohammad Velazquez,Determined,4,6.0
Mellicent Desaur,Mohammad Velazquez,Professional,4,4.0
Mellicent Desaur,Mohammad Velazquez,Studious,4,2.0
Mellicent Desaur,Mohammad Velazquez,Imaginative,4,5.0
Mellicent Desaur,Mohammad Velazquez,Analytic,5,7.0
Mellicent Desaur,Mohammad Velazquez,Independent,5,7.0
Mellicent Desaur,Mohammad Velazquez,Determined,5,8.0
Mellicent Desaur,Mohammad Velazquez,Professional,5,5.0
Mellicent Desaur,Mohammad Velazquez,Studious,5,8.0
Mellicent Desaur,Mohammad Velazquez,Imaginative,5,6.0
Mellicent Desaur,Mohammad Velazquez,Analytic,6,5.0
Mellicent Desaur,Mohammad Velazquez,Independent,6,7.0
Mellicent Desaur,Mohammad Velazquez,Determined,6,8.0
Mellicent Desaur,Mohammad Velazquez,Professional,6,6.0
Mellicent Desaur,Mohammad Velazquez,Studious,6,2.0
Mellicent Desaur,Mohammad Velazquez,Imaginative,6,8.0
Mellicent Desaur,Mohammad Velazquez,Analytic,7,7.0
Mellicent Desaur,Mohammad Velazquez,Independent,7,8.0
Mellicent Desaur,Mohammad Velazquez,Determined,7,8.0
Mellicent Desaur,Mohammad Velazquez,Professional,7,5.0
Mellicent Desaur,Mohammad Velazquez,Studious,7,4.0
Mellicent Desaur,Mohammad Velazquez,Imaginative,7,8.0
Mellicent Desaur,Mohammad Velazquez,Analytic,8,8.0
Mellicent Desaur,Mohammad Velazquez,Independent,8,8.0
Mellicent Desaur,Mohammad Velazquez,Determined,8,8.0
Mellicent Desaur,Mohammad Velazquez,Professional,8,8.0
Mellicent Desaur,Mohammad Velazquez,Studious,8,6.0
Mellicent Desaur,Mohammad Velazquez,Imaginative,8,8.0
Mellicent Desaur,Mohammad Velazquez,Analytic,9,8.0
Mellicent Desaur,Mohammad Velazquez,Independent,9,8.0
Mellicent Desaur,Mohammad Velazquez,Determined,9,8.0
Mellicent Desaur,Mohammad Velazquez,Professional,9,8.0
Mellicent Desaur,Mohammad Velazquez,Studious,9,7.0
Mellicent Desaur,Mohammad Velazquez,Imaginative,9,8.0
Mellicent Desaur,Mohammad Velazquez,Analytic,10,8.0
Mellicent Desaur,Mohammad Velazquez,Independent,10,8.0
Mellicent Desaur,Mohammad Velazquez,Determined,10,8.0
Mellicent Desaur,Mohammad Velazquez,Professional,10,8.0
Mellicent Desaur,Mohammad Velazquez,Studious,10,8.0
Mellicent Desaur,Mohammad Velazquez,Imaginative,10,8.0
Ludovico Orridge,Mohammad Velazquez,Analytic,1,2.0
Ludovico Orridge,Mohammad Velazquez,Independent,1,2.0
Ludovico Orridge,Mohammad Velazquez,Determined,1,4.0
Ludovico Orridge,Mohammad Velazquez,Professional,1,2.0
Ludovico Orridge,Mohammad Velazquez,Studious,1,1.0
Ludovico Orridge,Mohammad Velazquez,Imaginative,1,2.0
Ludovico Orridge,Mohammad Velazquez,Analytic,2,4.0
Ludovico Orridge,Mohammad Velazquez,Independent,2,4.0
Ludovico Orridge,Mohammad Velazquez,Determined,2,1.0
Ludovico Orridge,Mohammad Velazquez,Professional,2,5.0
Ludovico Orridge,Mohammad Velazquez,Studious,2,6.0
Ludovico Orridge,Mohammad Velazquez,Imaginative,2,2.0
Ludovico Orridge,Mohammad Velazquez,Analytic,3,4.0
Ludovico Orridge,Mohammad Velazquez,Independent,3,3.0
Ludovico Orridge,Mohammad Velazquez,Determined,3,3.0
Ludovico Orridge,Mohammad Velazquez,Professional,3,1.0
Ludovico Orridge,Mohammad Velazquez,Studious,3,1.0
Ludovico Orridge,Mohammad Velazquez,Imaginative,3,1.0
Ludovico Orridge,Mohammad Velazquez,Analytic,4,6.0
Ludovico Orridge,Mohammad Velazquez,Independent,4,6.0
Ludovico Orridge,Mohammad Velazquez,Determined,4,8.0
Ludovico Orridge,Mohammad Velazquez,Professional,4,4.0
Ludovico Orridge,Mohammad Velazquez,Studious,4,3.0
Ludovico Orridge,Mohammad Velazquez,Imaginative,4,7.0
Ludovico Orridge,Mohammad Velazquez,Analytic,5,3.0
Ludovico Orridge,Mohammad Velazquez,Independent,5,3.0
Ludovico Orridge,Mohammad Velazquez,Determined,5,7.0
Ludovico Orridge,Mohammad Velazquez,Professional,5,3.0
Ludovico Orridge,Mohammad Velazquez,Studious,5,4.0
Ludovico Orridge,Mohammad Velazquez,Imaginative,5,5.0
Ludovico Orridge,Mohammad Velazquez,Analytic,6,4.0
Ludovico Orridge,Mohammad Velazquez,Independent,6,8.0
Ludovico Orridge,Mohammad Velazquez,Determined,6,6.0
Ludovico Orridge,Mohammad Velazquez,Professional,6,6.0
Ludovico Orridge,Mohammad Velazquez,Studious,6,7.0
Ludovico Orridge,Mohammad Velazquez,Imaginative,6,3.0
Ludovico Orridge,Mohammad Velazquez,Analytic,7,7.0
Ludovico Orridge,Mohammad Velazquez,Independent,7,8.0
Ludovico Orridge,Mohammad Velazquez,Determined,7,8.0
Ludovico Orridge,Mohammad Velazquez,Professional,7,8.0
Ludovico Orridge,Mohammad Velazquez,Studious,7,8.0
Ludovico Orridge,Mohammad Velazquez,Imaginative,7,8.0
Ludovico Orridge,Mohammad Velazquez,Analytic,8,4.0
Ludovico Orridge,Mohammad Velazquez,Independent,8,4.0
Ludovico Orridge,Mohammad Velazquez,Determined,8,8.0
Ludovico Orridge,Mohammad Velazquez,Professional,8,8.0
Ludovico Orridge,Mohammad Velazquez,Studious,8,8.0
Ludovico Orridge,Mohammad Velazquez,Imaginative,8,8.0
Ludovico Orridge,Mohammad Velazquez,Analytic,9,8.0
Ludovico Orridge,Mohammad Velazquez,Independent,9,8.0
Ludovico Orridge,Mohammad Velazquez,Determined,9,8.0
Ludovico Orridge,Mohammad Velazquez,Professional,9,8.0
Ludovico Orridge,Mohammad Velazquez,Studious,9,7.0
Ludovico Orridge,Mohammad Velazquez,Imaginative,9,4.0
Ludovico Orridge,Mohammad Velazquez,Analytic,10,8.0
Ludovico Orridge,Mohammad Velazquez,Independent,10,8.0
Ludovico Orridge,Mohammad Velazquez,Determined,10,8.0
Ludovico Orridge,Mohammad Velazquez,Professional,10,8.0
Ludovico Orridge,Mohammad Velazquez,Studious,10,8.0
Ludovico Orridge,Mohammad Velazquez,Imaginative,10,8.0
Chantal Mailes,Mohammad Velazquez,Analytic,1,5.0
Chantal Mailes,Mohammad Velazquez,Independent,1,6.0
Chantal Mailes,Mohammad Velazquez,Determined,1,3.0
Chantal Mailes,Mohammad Velazquez,Professional,1,1.0
Chantal Mailes,Mohammad Velazquez,Studious,1,2.0
Chantal Mailes,Mohammad Velazquez,Imaginative,1,2.0
Chantal Mailes,Mohammad Velazquez,Analytic,2,2.0
Chantal Mailes,Mohammad Velazquez,Independent,2,3.0
Chantal Mailes,Mohammad Velazquez,Determined,2,2.0
Chantal Mailes,Mohammad Velazquez,Professional,2,1.0
Chantal Mailes,Mohammad Velazquez,Studious,2,8.0
Chantal Mailes,Mohammad Velazquez,Imaginative,2,3.0
Chantal Mailes,Mohammad Velazquez,Analytic,3,4.0
Chantal Mailes,Mohammad Velazquez,Independent,3,3.0
Chantal Mailes,Mohammad Velazquez,Determined,3,3.0
Chantal Mailes,Mohammad Velazquez,Professional,3,2.0
Chantal Mailes,Mohammad Velazquez,Studious,3,4.0
Chantal Mailes,Mohammad Velazquez,Imaginative,3,5.0
Chantal Mailes,Mohammad Velazquez,Analytic,4,8.0
Chantal Mailes,Mohammad Velazquez,Independent,4,7.0
Chantal Mailes,Mohammad Velazquez,Determined,4,2.0
Chantal Mailes,Mohammad Velazquez,Professional,4,8.0
Chantal Mailes,Mohammad Velazquez,Studious,4,6.0
Chantal Mailes,Mohammad Velazquez,Imaginative,4,1.0
Chantal Mailes,Mohammad Velazquez,Analytic,5,8.0
Chantal Mailes,Mohammad Velazquez,Independent,5,8.0
Chantal Mailes,Mohammad Velazquez,Determined,5,8.0
Chantal Mailes,Mohammad Velazquez,Professional,5,3.0
Chantal Mailes,Mohammad Velazquez,Studious,5,5.0
Chantal Mailes,Mohammad Velazquez,Imaginative,5,4.0
Chantal Mailes,Mohammad Velazquez,Analytic,6,3.0
Chantal Mailes,Mohammad Velazquez,Independent,6,6.0
Chantal Mailes,Mohammad Velazquez,Determined,6,5.0
Chantal Mailes,Mohammad Velazquez,Professional,6,8.0
Chantal Mailes,Mohammad Velazquez,Studious,6,5.0
Chantal Mailes,Mohammad Velazquez,Imaginative,6,6.0
Chantal Mailes,Mohammad Velazquez,Analytic,7,8.0
Chantal Mailes,Mohammad Velazquez,Independent,7,8.0
Chantal Mailes,Mohammad Velazquez,Determined,7,8.0
Chantal Mailes,Mohammad Velazquez,Professional,7,6.0
Chantal Mailes,Mohammad Velazquez,Studious,7,6.0
Chantal Mailes,Mohammad Velazquez,Imaginative,7,8.0
Chantal Mailes,Mohammad Velazquez,Analytic,8,8.0
Chantal Mailes,Mohammad Velazquez,Independent,8,6.0
Chantal Mailes,Mohammad Velazquez,Determined,8,7.0
Chantal Mailes,Mohammad Velazquez,Professional,8,8.0
Chantal Mailes,Mohammad Velazquez,Studious,8,7.0
Chantal Mailes,Mohammad Velazquez,Imaginative,8,8.0
Chantal Mailes,Mohammad Velazquez,Analytic,9,8.0
Chantal Mailes,Mohammad Velazquez,Independent,9,6.0
Chantal Mailes,Mohammad Velazquez,Determined,9,8.0
Chantal Mailes,Mohammad Velazquez,Professional,9,8.0
Chantal Mailes,Mohammad Velazquez,Studious,9,6.0
Chantal Mailes,Mohammad Velazquez,Imaginative,9,8.0
Chantal Mailes,Mohammad Velazquez,Analytic,10,8.0
Chantal Mailes,Mohammad Velazquez,Independent,10,8.0
Chantal Mailes,Mohammad Velazquez,Determined,10,7.0
Chantal Mailes,Mohammad Velazquez,Professional,10,8.0
Chantal Mailes,Mohammad Velazquez,Studious,10,8.0
Chantal Mailes,Mohammad Velazquez,Imaginative,10,8.0
Fax Schankelborg,Mohammad Velazquez,Analytic,1,7.0
Fax Schankelborg,Mohammad Velazquez,Independent,1,6.0
Fax Schankelborg,Mohammad Velazquez,Determined,1,5.0
Fax Schankelborg,Mohammad Velazquez,Professional,1,2.0
Fax Schankelborg,Mohammad Velazquez,Studious,1,2.0
Fax Schankelborg,Mohammad Velazquez,Imaginative,1,2.0
Fax Schankelborg,Mohammad Velazquez,Analytic,2,4.0
Fax Schankelborg,Mohammad Velazquez,Independent,2,1.0
Fax Schankelborg,Mohammad Velazquez,Determined,2,3.0
Fax Schankelborg,Mohammad Velazquez,Professional,2,1.0
Fax Schankelborg,Mohammad Velazquez,Studious,2,4.0
Fax Schankelborg,Mohammad Velazquez,Imaginative,2,4.0
Fax Schankelborg,Mohammad Velazquez,Analytic,3,2.0
Fax Schankelborg,Mohammad Velazquez,Independent,3,6.0
Fax Schankelborg,Mohammad Velazquez,Determined,3,2.0
Fax Schankelborg,Mohammad Velazquez,Professional,3,1.0
Fax Schankelborg,Mohammad Velazquez,Studious,3,4.0
Fax Schankelborg,Mohammad Velazquez,Imaginative,3,4.0
Fax Schankelborg,Mohammad Velazquez,Analytic,4,8.0
Fax Schankelborg,Mohammad Velazquez,Independent,4,8.0
Fax Schankelborg,Mohammad Velazquez,Determined,4,8.0
Fax Schankelborg,Mohammad Velazquez,Professional,4,8.0
Fax Schankelborg,Mohammad Velazquez,Studious,4,4.0
Fax Schankelborg,Mohammad Velazquez,Imaginative,4,5.0
Fax Schankelborg,Mohammad Velazquez,Analytic,5,1.0
Fax Schankelborg,Mohammad Velazquez,Independent,5,5.0
Fax Schankelborg,Mohammad Velazquez,Determined,5,3.0
Fax Schankelborg,Mohammad Velazquez,Professional,5,8.0
Fax Schankelborg,Mohammad Velazquez,Studious,5,8.0
Fax Schankelborg,Mohammad Velazquez,Imaginative,5,7.0
Fax Schankelborg,Mohammad Velazquez,Analytic,6,8.0
Fax Schankelborg,Mohammad Velazquez,Independent,6,6.0
Fax Schankelborg,Mohammad Velazquez,Determined,6,5.0
Fax Schankelborg,Mohammad Velazquez,Professional,6,3.0
Fax Schankelborg,Mohammad Velazquez,Studious,6,5.0
Fax Schankelborg,Mohammad Velazquez,Imaginative,6,8.0
Fax Schankelborg,Mohammad Velazquez,Analytic,7,5.0
Fax Schankelborg,Mohammad Velazquez,Independent,7,8.0
Fax Schankelborg,Mohammad Velazquez,Determined,7,8.0
Fax Schankelborg,Mohammad Velazquez,Professional,7,8.0
Fax Schankelborg,Mohammad Velazquez,Studious,7,8.0
Fax Schankelborg,Mohammad Velazquez,Imaginative,7,8.0
Fax Schankelborg,Mohammad Velazquez,Analytic,8,8.0
Fax Schankelborg,Mohammad Velazquez,Independent,8,7.0
Fax Schankelborg,Mohammad Velazquez,Determined,8,8.0
Fax Schankelborg,Mohammad Velazquez,Professional,8,7.0
Fax Schankelborg,Mohammad Velazquez,Studious,8,6.0
Fax Schankelborg,Mohammad Velazquez,Imaginative,8,8.0
Fax Schankelborg,Mohammad Velazquez,Analytic,9,8.0
Fax Schankelborg,Mohammad Velazquez,Independent,9,8.0
Fax Schankelborg,Mohammad Velazquez,Determined,9,8.0
Fax Schankelborg,Mohammad Velazquez,Professional,9,2.0
Fax Schankelborg,Mohammad Velazquez,Studious,9,8.0
Fax Schankelborg,Mohammad Velazquez,Imaginative,9,8.0
Fax Schankelborg,Mohammad Velazquez,Analytic,10,8.0
Fax Schankelborg,Mohammad Velazquez,Independent,10,8.0
Fax Schankelborg,Mohammad Velazquez,Determined,10,8.0
Fax Schankelborg,Mohammad Velazquez,Professional,10,8.0
Fax Schankelborg,Mohammad Velazquez,Studious,10,8.0
Fax Schankelborg,Mohammad Velazquez,Imaginative,10,8.0
Kellie Tanguy,Mohammad Velazquez,Analytic,1,2.0
Kellie Tanguy,Mohammad Velazquez,Independent,1,4.0
Kellie Tanguy,Mohammad Velazquez,Determined,1,1.0
Kellie Tanguy,Mohammad Velazquez,Professional,1,4.0
Kellie Tanguy,Mohammad Velazquez,Studious,1,3.0
Kellie Tanguy,Mohammad Velazquez,Imaginative,1,2.0
Kellie Tanguy,Mohammad Velazquez,Analytic,2,4.0
Kellie Tanguy,Mohammad Velazquez,Independent,2,3.0
Kellie Tanguy,Mohammad Velazquez,Determined,2,2.0
Kellie Tanguy,Mohammad Velazquez,Professional,2,4.0
Kellie Tanguy,Mohammad Velazquez,Studious,2,4.0
Kellie Tanguy,Mohammad Velazquez,Imaginative,2,2.0
Kellie Tanguy,Mohammad Velazquez,Analytic,3,1.0
Kellie Tanguy,Mohammad Velazquez,Independent,3,1.0
Kellie Tanguy,Mohammad Velazquez,Determined,3,4.0
Kellie Tanguy,Mohammad Velazquez,Professional,3,7.0
Kellie Tanguy,Mohammad Velazquez,Studious,3,5.0
Kellie Tanguy,Mohammad Velazquez,Imaginative,3,3.0
Kellie Tanguy,Mohammad Velazquez,Analytic,4,4.0
Kellie Tanguy,Mohammad Velazquez,Independent,4,3.0
Kellie Tanguy,Mohammad Velazquez,Determined,4,4.0
Kellie Tanguy,Mohammad Velazquez,Professional,4,6.0
Kellie Tanguy,Mohammad Velazquez,Studious,4,7.0
Kellie Tanguy,Mohammad Velazquez,Imaginative,4,4.0
Kellie Tanguy,Mohammad Velazquez,Analytic,5,6.0
Kellie Tanguy,Mohammad Velazquez,Independent,5,7.0
Kellie Tanguy,Mohammad Velazquez,Determined,5,8.0
Kellie Tanguy,Mohammad Velazquez,Professional,5,4.0
Kellie Tanguy,Mohammad Velazquez,Studious,5,8.0
Kellie Tanguy,Mohammad Velazquez,Imaginative,5,5.0
Kellie Tanguy,Mohammad Velazquez,Analytic,6,4.0
Kellie Tanguy,Mohammad Velazquez,Independent,6,5.0
Kellie Tanguy,Mohammad Velazquez,Determined,6,5.0
Kellie Tanguy,Mohammad Velazquez,Professional,6,6.0
Kellie Tanguy,Mohammad Velazquez,Studious,6,7.0
Kellie Tanguy,Mohammad Velazquez,Imaginative,6,8.0
Kellie Tanguy,Mohammad Velazquez,Analytic,7,8.0
Kellie Tanguy,Mohammad Velazquez,Independent,7,8.0
Kellie Tanguy,Mohammad Velazquez,Determined,7,4.0
Kellie Tanguy,Mohammad Velazquez,Professional,7,7.0
Kellie Tanguy,Mohammad Velazquez,Studious,7,8.0
Kellie Tanguy,Mohammad Velazquez,Imaginative,7,8.0
Kellie Tanguy,Mohammad Velazquez,Analytic,8,8.0
Kellie Tanguy,Mohammad Velazquez,Independent,8,8.0
Kellie Tanguy,Mohammad Velazquez,Determined,8,8.0
Kellie Tanguy,Mohammad Velazquez,Professional,8,8.0
Kellie Tanguy,Mohammad Velazquez,Studious,8,8.0
Kellie Tanguy,Mohammad Velazquez,Imaginative,8,4.0
Kellie Tanguy,Mohammad Velazquez,Analytic,9,8.0
Kellie Tanguy,Mohammad Velazquez,Independent,9,8.0
Kellie Tanguy,Mohammad Velazquez,Determined,9,7.0
Kellie Tanguy,Mohammad Velazquez,Professional,9,6.0
Kellie Tanguy,Mohammad Velazquez,Studious,9,7.0
Kellie Tanguy,Mohammad Velazquez,Imaginative,9,8.0
Kellie Tanguy,Mohammad Velazquez,Analytic,10,6.0
Kellie Tanguy,Mohammad Velazquez,Independent,10,8.0
Kellie Tanguy,Mohammad Velazquez,Determined,10,8.0
Kellie Tanguy,Mohammad Velazquez,Professional,10,8.0
Kellie Tanguy,Mohammad Velazquez,Studious,10,8.0
Kellie Tanguy,Mohammad Velazquez,Imaginative,10,8.0
Yalonda Beacom,Mohammad Velazquez,Analytic,1,5.0
Yalonda Beacom,Mohammad Velazquez,Independent,1,4.0
Yalonda Beacom,Mohammad Velazquez,Determined,1,3.0
Yalonda Beacom,Mohammad Velazquez,Professional,1,8.0
Yalonda Beacom,Mohammad Velazquez,Studious,1,3.0
Yalonda Beacom,Mohammad Velazquez,Imaginative,1,1.0
Yalonda Beacom,Mohammad Velazquez,Analytic,2,1.0
Yalonda Beacom,Mohammad Velazquez,Independent,2,4.0
Yalonda Beacom,Mohammad Velazquez,Determined,2,2.0
Yalonda Beacom,Mohammad Velazquez,Professional,2,3.0
Yalonda Beacom,Mohammad Velazquez,Studious,2,1.0
Yalonda Beacom,Mohammad Velazquez,Imaginative,2,3.0
Yalonda Beacom,Mohammad Velazquez,Analytic,3,3.0
Yalonda Beacom,Mohammad Velazquez,Independent,3,6.0
Yalonda Beacom,Mohammad Velazquez,Determined,3,3.0
Yalonda Beacom,Mohammad Velazquez,Professional,3,2.0
Yalonda Beacom,Mohammad Velazquez,Studious,3,4.0
Yalonda Beacom,Mohammad Velazquez,Imaginative,3,4.0
Yalonda Beacom,Mohammad Velazquez,Analytic,4,5.0
Yalonda Beacom,Mohammad Velazquez,Independent,4,5.0
Yalonda Beacom,Mohammad Velazquez,Determined,4,8.0
Yalonda Beacom,Mohammad Velazquez,Professional,4,4.0
Yalonda Beacom,Mohammad Velazquez,Studious,4,8.0
Yalonda Beacom,Mohammad Velazquez,Imaginative,4,5.0
Yalonda Beacom,Mohammad Velazquez,Analytic,5,8.0
Yalonda Beacom,Mohammad Velazquez,Independent,5,5.0
Yalonda Beacom,Mohammad Velazquez,Determined,5,8.0
Yalonda Beacom,Mohammad Velazquez,Professional,5,8.0
Yalonda Beacom,Mohammad Velazquez,Studious,5,8.0
Yalonda Beacom,Mohammad Velazquez,Imaginative,5,5.0
Yalonda Beacom,Mohammad Velazquez,Analytic,6,8.0
Yalonda Beacom,Mohammad Velazquez,Independent,6,5.0
Yalonda Beacom,Mohammad Velazquez,Determined,6,7.0
Yalonda Beacom,Mohammad Velazquez,Professional,6,8.0
Yalonda Beacom,Mohammad Velazquez,Studious,6,7.0
Yalonda Beacom,Mohammad Velazquez,Imaginative,6,8.0
Yalonda Beacom,Mohammad Velazquez,Analytic,7,7.0
Yalonda Beacom,Mohammad Velazquez,Independent,7,8.0
Yalonda Beacom,Mohammad Velazquez,Determined,7,8.0
Yalonda Beacom,Mohammad Velazquez,Professional,7,8.0
Yalonda Beacom,Mohammad Velazquez,Studious,7,8.0
Yalonda Beacom,Mohammad Velazquez,Imaginative,7,8.0
Yalonda Beacom,Mohammad Velazquez,Analytic,8,8.0
Yalonda Beacom,Mohammad Velazquez,Independent,8,8.0
Yalonda Beacom,Mohammad Velazquez,Determined,8,5.0
Yalonda Beacom,Mohammad Velazquez,Professional,8,8.0
Yalonda Beacom,Mohammad Velazquez,Studious,8,8.0
Yalonda Beacom,Mohammad Velazquez,Imaginative,8,7.0
Yalonda Beacom,Mohammad Velazquez,Analytic,9,8.0
Yalonda Beacom,Mohammad Velazquez,Independent,9,8.0
Yalonda Beacom,Mohammad Velazquez,Determined,9,8.0
Yalonda Beacom,Mohammad Velazquez,Professional,9,8.0
Yalonda Beacom,Mohammad Velazquez,Studious,9,8.0
Yalonda Beacom,Mohammad Velazquez,Imaginative,9,6.0
Yalonda Beacom,Mohammad Velazquez,Analytic,10,8.0
Yalonda Beacom,Mohammad Velazquez,Independent,10,8.0
Yalonda Beacom,Mohammad Velazquez,Determined,10,8.0
Yalonda Beacom,Mohammad Velazquez,Professional,10,8.0
Yalonda Beacom,Mohammad Velazquez,Studious,10,8.0
Yalonda Beacom,Mohammad Velazquez,Imaginative,10,8.0
Tab Shitliff,Mohammad Velazquez,Analytic,1,3.0
Tab Shitliff,Mohammad Velazquez,Independent,1,1.0
Tab Shitliff,Mohammad Velazquez,Determined,1,4.0
Tab Shitliff,Mohammad Velazquez,Professional,1,3.0
Tab Shitliff,Mohammad Velazquez,Studious,1,1.0
Tab Shitliff,Mohammad Velazquez,Imaginative,1,5.0
Tab Shitliff,Mohammad Velazquez,Analytic,2,1.0
Tab Shitliff,Mohammad Velazquez,Independent,2,1.0
Tab Shitliff,Mohammad Velazquez,Determined,2,4.0
Tab Shitliff,Mohammad Velazquez,Professional,2,3.0
Tab Shitliff,Mohammad Velazquez,Studious,2,5.0
Tab Shitliff,Mohammad Velazquez,Imaginative,2,2.0
Tab Shitliff,Mohammad Velazquez,Analytic,3,2.0
Tab Shitliff,Mohammad Velazquez,Independent,3,3.0
Tab Shitliff,Mohammad Velazquez,Determined,3,3.0
Tab Shitliff,Mohammad Velazquez,Professional,3,3.0
Tab Shitliff,Mohammad Velazquez,Studious,3,1.0
Tab Shitliff,Mohammad Velazquez,Imaginative,3,2.0
Tab Shitliff,Mohammad Velazquez,Analytic,4,4.0
Tab Shitliff,Mohammad Velazquez,Independent,4,6.0
Tab Shitliff,Mohammad Velazquez,Determined,4,8.0
Tab Shitliff,Mohammad Velazquez,Professional,4,8.0
Tab Shitliff,Mohammad Velazquez,Studious,4,5.0
Tab Shitliff,Mohammad Velazquez,Imaginative,4,6.0
Tab Shitliff,Mohammad Velazquez,Analytic,5,7.0
Tab Shitliff,Mohammad Velazquez,Independent,5,7.0
Tab Shitliff,Mohammad Velazquez,Determined,5,6.0
Tab Shitliff,Mohammad Velazquez,Professional,5,2.0
Tab Shitliff,Mohammad Velazquez,Studious,5,3.0
Tab Shitliff,Mohammad Velazquez,Imaginative,5,5.0
Tab Shitliff,Mohammad Velazquez,Analytic,6,4.0
Tab Shitliff,Mohammad Velazquez,Independent,6,4.0
Tab Shitliff,Mohammad Velazquez,Determined,6,4.0
Tab Shitliff,Mohammad Velazquez,Professional,6,4.0
Tab Shitliff,Mohammad Velazquez,Studious,6,4.0
Tab Shitliff,Mohammad Velazquez,Imaginative,6,5.0
Tab Shitliff,Mohammad Velazquez,Analytic,7,8.0
Tab Shitliff,Mohammad Velazquez,Independent,7,7.0
Tab Shitliff,Mohammad Velazquez,Determined,7,7.0
Tab Shitliff,Mohammad Velazquez,Professional,7,7.0
Tab Shitliff,Mohammad Velazquez,Studious,7,8.0
Tab Shitliff,Mohammad Velazquez,Imaginative,7,8.0
Tab Shitliff,Mohammad Velazquez,Analytic,8,7.0
Tab Shitliff,Mohammad Velazquez,Independent,8,8.0
Tab Shitliff,Mohammad Velazquez,Determined,8,6.0
Tab Shitliff,Mohammad Velazquez,Professional,8,5.0
Tab Shitliff,Mohammad Velazquez,Studious,8,8.0
Tab Shitliff,Mohammad Velazquez,Imaginative,8,8.0
Tab Shitliff,Mohammad Velazquez,Analytic,9,8.0
Tab Shitliff,Mohammad Velazquez,Independent,9,8.0
Tab Shitliff,Mohammad Velazquez,Determined,9,6.0
Tab Shitliff,Mohammad Velazquez,Professional,9,8.0
Tab Shitliff,Mohammad Velazquez,Studious,9,6.0
Tab Shitliff,Mohammad Velazquez,Imaginative,9,8.0
Tab Shitliff,Mohammad Velazquez,Analytic,10,8.0
Tab Shitliff,Mohammad Velazquez,Independent,10,8.0
Tab Shitliff,Mohammad Velazquez,Determined,10,8.0
Tab Shitliff,Mohammad Velazquez,Professional,10,8.0
Tab Shitliff,Mohammad Velazquez,Studious,10,8.0
Tab Shitliff,Mohammad Velazquez,Imaginative,10,8.0
Tobie Culcheth,Mohammad Velazquez,Analytic,1,1.0
Tobie Culcheth,Mohammad Velazquez,Independent,1,2.0
Tobie Culcheth,Mohammad Velazquez,Determined,1,4.0
Tobie Culcheth,Mohammad Velazquez,Professional,1,4.0
Tobie Culcheth,Mohammad Velazquez,Studious,1,5.0
Tobie Culcheth,Mohammad Velazquez,Imaginative,1,4.0
Tobie Culcheth,Mohammad Velazquez,Analytic,2,3.0
Tobie Culcheth,Mohammad Velazquez,Independent,2,2.0
Tobie Culcheth,Mohammad Velazquez,Determined,2,3.0
Tobie Culcheth,Mohammad Velazquez,Professional,2,1.0
Tobie Culcheth,Mohammad Velazquez,Studious,2,4.0
Tobie Culcheth,Mohammad Velazquez,Imaginative,2,2.0
Tobie Culcheth,Mohammad Velazquez,Analytic,3,4.0
Tobie Culcheth,Mohammad Velazquez,Independent,3,2.0
Tobie Culcheth,Mohammad Velazquez,Determined,3,3.0
Tobie Culcheth,Mohammad Velazquez,Professional,3,3.0
Tobie Culcheth,Mohammad Velazquez,Studious,3,2.0
Tobie Culcheth,Mohammad Velazquez,Imaginative,3,2.0
Tobie Culcheth,Mohammad Velazquez,Analytic,4,5.0
Tobie Culcheth,Mohammad Velazquez,Independent,4,5.0
Tobie Culcheth,Mohammad Velazquez,Determined,4,7.0
Tobie Culcheth,Mohammad Velazquez,Professional,4,8.0
Tobie Culcheth,Mohammad Velazquez,Studious,4,8.0
Tobie Culcheth,Mohammad Velazquez,Imaginative,4,6.0
Tobie Culcheth,Mohammad Velazquez,Analytic,5,8.0
Tobie Culcheth,Mohammad Velazquez,Independent,5,4.0
Tobie Culcheth,Mohammad Velazquez,Determined,5,7.0
Tobie Culcheth,Mohammad Velazquez,Professional,5,6.0
Tobie Culcheth,Mohammad Velazquez,Studious,5,6.0
Tobie Culcheth,Mohammad Velazquez,Imaginative,5,3.0
Tobie Culcheth,Mohammad Velazquez,Analytic,6,4.0
Tobie Culcheth,Mohammad Velazquez,Independent,6,1.0
Tobie Culcheth,Mohammad Velazquez,Determined,6,2.0
Tobie Culcheth,Mohammad Velazquez,Professional,6,2.0
Tobie Culcheth,Mohammad Velazquez,Studious,6,7.0
Tobie Culcheth,Mohammad Velazquez,Imaginative,6,5.0
Tobie Culcheth,Mohammad Velazquez,Analytic,7,8.0
Tobie Culcheth,Mohammad Velazquez,Independent,7,6.0
Tobie Culcheth,Mohammad Velazquez,Determined,7,8.0
Tobie Culcheth,Mohammad Velazquez,Professional,7,8.0
Tobie Culcheth,Mohammad Velazquez,Studious,7,7.0
Tobie Culcheth,Mohammad Velazquez,Imaginative,7,8.0
Tobie Culcheth,Mohammad Velazquez,Analytic,8,8.0
Tobie Culcheth,Mohammad Velazquez,Independent,8,8.0
Tobie Culcheth,Mohammad Velazquez,Determined,8,8.0
Tobie Culcheth,Mohammad Velazquez,Professional,8,6.0
Tobie Culcheth,Mohammad Velazquez,Studious,8,8.0
Tobie Culcheth,Mohammad Velazquez,Imaginative,8,8.0
Tobie Culcheth,Mohammad Velazquez,Analytic,9,8.0
Tobie Culcheth,Mohammad Velazquez,Independent,9,8.0
Tobie Culcheth,Mohammad Velazquez,Determined,9,8.0
Tobie Culcheth,Mohammad Velazquez,Professional,9,8.0
Tobie Culcheth,Mohammad Velazquez,Studious,9,8.0
Tobie Culcheth,Mohammad Velazquez,Imaginative,9,8.0
Tobie Culcheth,Mohammad Velazquez,Analytic,10,8.0
Tobie Culcheth,Mohammad Velazquez,Independent,10,8.0
Tobie Culcheth,Mohammad Velazquez,Determined,10,8.0
Tobie Culcheth,Mohammad Velazquez,Professional,10,8.0
Tobie Culcheth,Mohammad Velazquez,Studious,10,8.0
Tobie Culcheth,Mohammad Velazquez,Imaginative,10,8.0
Gerianne Bagge,Macey Broughton,Analytic,1,2.0
Gerianne Bagge,Macey Broughton,Independent,1,2.0
Gerianne Bagge,Macey Broughton,Determined,1,4.0
Gerianne Bagge,Macey Broughton,Professional,1,4.0
Gerianne Bagge,Macey Broughton,Studious,1,2.0
Gerianne Bagge,Macey Broughton,Imaginative,1,3.0
Gerianne Bagge,Macey Broughton,Analytic,2,4.0
Gerianne Bagge,Macey Broughton,Independent,2,1.0
Gerianne Bagge,Macey Broughton,Determined,2,6.0
Gerianne Bagge,Macey Broughton,Professional,2,2.0
Gerianne Bagge,Macey Broughton,Studious,2,5.0
Gerianne Bagge,Macey Broughton,Imaginative,2,2.0
Gerianne Bagge,Macey Broughton,Analytic,3,3.0
Gerianne Bagge,Macey Broughton,Independent,3,7.0
Gerianne Bagge,Macey Broughton,Determined,3,2.0
Gerianne Bagge,Macey Broughton,Professional,3,1.0
Gerianne Bagge,Macey Broughton,Studious,3,2.0
Gerianne Bagge,Macey Broughton,Imaginative,3,1.0
Gerianne Bagge,Macey Broughton,Analytic,4,8.0
Gerianne Bagge,Macey Broughton,Independent,4,6.0
Gerianne Bagge,Macey Broughton,Determined,4,7.0
Gerianne Bagge,Macey Broughton,Professional,4,4.0
Gerianne Bagge,Macey Broughton,Studious,4,8.0
Gerianne Bagge,Macey Broughton,Imaginative,4,4.0
Gerianne Bagge,Macey Broughton,Analytic,5,4.0
Gerianne Bagge,Macey Broughton,Independent,5,3.0
Gerianne Bagge,Macey Broughton,Determined,5,6.0
Gerianne Bagge,Macey Broughton,Professional,5,7.0
Gerianne Bagge,Macey Broughton,Studious,5,6.0
Gerianne Bagge,Macey Broughton,Imaginative,5,8.0
Gerianne Bagge,Macey Broughton,Analytic,6,8.0
Gerianne Bagge,Macey Broughton,Independent,6,6.0
Gerianne Bagge,Macey Broughton,Determined,6,8.0
Gerianne Bagge,Macey Broughton,Professional,6,5.0
Gerianne Bagge,Macey Broughton,Studious,6,8.0
Gerianne Bagge,Macey Broughton,Imaginative,6,8.0
Gerianne Bagge,Macey Broughton,Analytic,7,8.0
Gerianne Bagge,Macey Broughton,Independent,7,8.0
Gerianne Bagge,Macey Broughton,Determined,7,8.0
Gerianne Bagge,Macey Broughton,Professional,7,3.0
Gerianne Bagge,Macey Broughton,Studious,7,8.0
Gerianne Bagge,Macey Broughton,Imaginative,7,8.0
Gerianne Bagge,Macey Broughton,Analytic,8,8.0
Gerianne Bagge,Macey Broughton,Independent,8,8.0
Gerianne Bagge,Macey Broughton,Determined,8,8.0
Gerianne Bagge,Macey Broughton,Professional,8,8.0
Gerianne Bagge,Macey Broughton,Studious,8,8.0
Gerianne Bagge,Macey Broughton,Imaginative,8,8.0
William Tomlett,Macey Broughton,Analytic,1,6.0
William Tomlett,Macey Broughton,Independent,1,3.0
William Tomlett,Macey Broughton,Determined,1,6.0
William Tomlett,Macey Broughton,Professional,1,2.0
William Tomlett,Macey Broughton,Studious,1,3.0
William Tomlett,Macey Broughton,Imaginative,1,7.0
William Tomlett,Macey Broughton,Analytic,2,1.0
William Tomlett,Macey Broughton,Independent,2,1.0
William Tomlett,Macey Broughton,Determined,2,5.0
William Tomlett,Macey Broughton,Professional,2,2.0
William Tomlett,Macey Broughton,Studious,2,4.0
William Tomlett,Macey Broughton,Imaginative,2,4.0
William Tomlett,Macey Broughton,Analytic,3,3.0
William Tomlett,Macey Broughton,Independent,3,2.0
William Tomlett,Macey Broughton,Determined,3,4.0
William Tomlett,Macey Broughton,Professional,3,2.0
William Tomlett,Macey Broughton,Studious,3,1.0
William Tomlett,Macey Broughton,Imaginative,3,2.0
William Tomlett,Macey Broughton,Analytic,4,4.0
William Tomlett,Macey Broughton,Independent,4,8.0
William Tomlett,Macey Broughton,Determined,4,4.0
William Tomlett,Macey Broughton,Professional,4,2.0
William Tomlett,Macey Broughton,Studious,4,7.0
William Tomlett,Macey Broughton,Imaginative,4,5.0
William Tomlett,Macey Broughton,Analytic,5,3.0
William Tomlett,Macey Broughton,Independent,5,4.0
William Tomlett,Macey Broughton,Determined,5,7.0
William Tomlett,Macey Broughton,Professional,5,4.0
William Tomlett,Macey Broughton,Studious,5,8.0
William Tomlett,Macey Broughton,Imaginative,5,6.0
William Tomlett,Macey Broughton,Analytic,6,7.0
William Tomlett,Macey Broughton,Independent,6,1.0
William Tomlett,Macey Broughton,Determined,6,5.0
William Tomlett,Macey Broughton,Professional,6,8.0
William Tomlett,Macey Broughton,Studious,6,3.0
William Tomlett,Macey Broughton,Imaginative,6,8.0
William Tomlett,Macey Broughton,Analytic,7,8.0
William Tomlett,Macey Broughton,Independent,7,8.0
William Tomlett,Macey Broughton,Determined,7,8.0
William Tomlett,Macey Broughton,Professional,7,8.0
William Tomlett,Macey Broughton,Studious,7,8.0
William Tomlett,Macey Broughton,Imaginative,7,8.0
William Tomlett,Macey Broughton,Analytic,8,8.0
William Tomlett,Macey Broughton,Independent,8,8.0
William Tomlett,Macey Broughton,Determined,8,8.0
William Tomlett,Macey Broughton,Professional,8,8.0
William Tomlett,Macey Broughton,Studious,8,8.0
William Tomlett,Macey Broughton,Imaginative,8,6.0
Teddie Kemet,Macey Broughton,Analytic,1,2.0
Teddie Kemet,Macey Broughton,Independent,1,5.0
Teddie Kemet,Macey Broughton,Determined,1,3.0
Teddie Kemet,Macey Broughton,Professional,1,2.0
Teddie Kemet,Macey Broughton,Studious,1,5.0
Teddie Kemet,Macey Broughton,Imaginative,1,1.0
Teddie Kemet,Macey Broughton,Analytic,2,2.0
Teddie Kemet,Macey Broughton,Independent,2,1.0
Teddie Kemet,Macey Broughton,Determined,2,2.0
Teddie Kemet,Macey Broughton,Professional,2,3.0
Teddie Kemet,Macey Broughton,Studious,2,7.0
Teddie Kemet,Macey Broughton,Imaginative,2,3.0
Teddie Kemet,Macey Broughton,Analytic,3,3.0
Teddie Kemet,Macey Broughton,Independent,3,5.0
Teddie Kemet,Macey Broughton,Determined,3,3.0
Teddie Kemet,Macey Broughton,Professional,3,5.0
Teddie Kemet,Macey Broughton,Studious,3,2.0
Teddie Kemet,Macey Broughton,Imaginative,3,1.0
Teddie Kemet,Macey Broughton,Analytic,4,8.0
Teddie Kemet,Macey Broughton,Independent,4,8.0
Teddie Kemet,Macey Broughton,Determined,4,6.0
Teddie Kemet,Macey Broughton,Professional,4,7.0
Teddie Kemet,Macey Broughton,Studious,4,1.0
Teddie Kemet,Macey Broughton,Imaginative,4,8.0
Teddie Kemet,Macey Broughton,Analytic,5,3.0
Teddie Kemet,Macey Broughton,Independent,5,3.0
Teddie Kemet,Macey Broughton,Determined,5,7.0
Teddie Kemet,Macey Broughton,Professional,5,6.0
Teddie Kemet,Macey Broughton,Studious,5,6.0
Teddie Kemet,Macey Broughton,Imaginative,5,7.0
Teddie Kemet,Macey Broughton,Analytic,6,6.0
Teddie Kemet,Macey Broughton,Independent,6,5.0
Teddie Kemet,Macey Broughton,Determined,6,7.0
Teddie Kemet,Macey Broughton,Professional,6,5.0
Teddie Kemet,Macey Broughton,Studious,6,3.0
Teddie Kemet,Macey Broughton,Imaginative,6,5.0
Teddie Kemet,Macey Broughton,Analytic,7,8.0
Teddie Kemet,Macey Broughton,Independent,7,5.0
Teddie Kemet,Macey Broughton,Determined,7,8.0
Teddie Kemet,Macey Broughton,Professional,7,8.0
Teddie Kemet,Macey Broughton,Studious,7,8.0
Teddie Kemet,Macey Broughton,Imaginative,7,8.0
Teddie Kemet,Macey Broughton,Analytic,8,8.0
Teddie Kemet,Macey Broughton,Independent,8,8.0
Teddie Kemet,Macey Broughton,Determined,8,8.0
Teddie Kemet,Macey Broughton,Professional,8,5.0
Teddie Kemet,Macey Broughton,Studious,8,8.0
Teddie Kemet,Macey Broughton,Imaginative,8,8.0
Artur Domaschke,Macey Broughton,Analytic,1,3.0
Artur Domaschke,Macey Broughton,Independent,1,3.0
Artur Domaschke,Macey Broughton,Determined,1,1.0
Artur Domaschke,Macey Broughton,Professional,1,1.0
Artur Domaschke,Macey Broughton,Studious,1,2.0
Artur Domaschke,Macey Broughton,Imaginative,1,5.0
Artur Domaschke,Macey Broughton,Analytic,2,1.0
Artur Domaschke,Macey Broughton,Independent,2,4.0
Artur Domaschke,Macey Broughton,Determined,2,2.0
Artur Domaschke,Macey Broughton,Professional,2,1.0
Artur Domaschke,Macey Broughton,Studious,2,1.0
Artur Domaschke,Macey Broughton,Imaginative,2,3.0
Artur Domaschke,Macey Broughton,Analytic,3,1.0
Artur Domaschke,Macey Broughton,Independent,3,4.0
Artur Domaschke,Macey Broughton,Determined,3,3.0
Artur Domaschke,Macey Broughton,Professional,3,4.0
Artur Domaschke,Macey Broughton,Studious,3,3.0
Artur Domaschke,Macey Broughton,Imaginative,3,2.0
Artur Domaschke,Macey Broughton,Analytic,4,6.0
Artur Domaschke,Macey Broughton,Independent,4,5.0
Artur Domaschke,Macey Broughton,Determined,4,8.0
Artur Domaschke,Macey Broughton,Professional,4,6.0
Artur Domaschke,Macey Broughton,Studious,4,8.0
Artur Domaschke,Macey Broughton,Imaginative,4,5.0
Artur Domaschke,Macey Broughton,Analytic,5,5.0
Artur Domaschke,Macey Broughton,Independent,5,5.0
Artur Domaschke,Macey Broughton,Determined,5,8.0
Artur Domaschke,Macey Broughton,Professional,5,5.0
Artur Domaschke,Macey Broughton,Studious,5,2.0
Artur Domaschke,Macey Broughton,Imaginative,5,8.0
Artur Domaschke,Macey Broughton,Analytic,6,5.0
Artur Domaschke,Macey Broughton,Independent,6,6.0
Artur Domaschke,Macey Broughton,Determined,6,5.0
Artur Domaschke,Macey Broughton,Professional,6,7.0
Artur Domaschke,Macey Broughton,Studious,6,5.0
Artur Domaschke,Macey Broughton,Imaginative,6,2.0
Artur Domaschke,Macey Broughton,Analytic,7,8.0
Artur Domaschke,Macey Broughton,Independent,7,8.0
Artur Domaschke,Macey Broughton,Determined,7,8.0
Artur Domaschke,Macey Broughton,Professional,7,8.0
Artur Domaschke,Macey Broughton,Studious,7,7.0
Artur Domaschke,Macey Broughton,Imaginative,7,7.0
Artur Domaschke,Macey Broughton,Analytic,8,7.0
Artur Domaschke,Macey Broughton,Independent,8,8.0
Artur Domaschke,Macey Broughton,Determined,8,7.0
Artur Domaschke,Macey Broughton,Professional,8,8.0
Artur Domaschke,Macey Broughton,Studious,8,8.0
Artur Domaschke,Macey Broughton,Imaginative,8,5.0
Terrie Mackibbon,Macey Broughton,Analytic,1,4.0
Terrie Mackibbon,Macey Broughton,Independent,1,2.0
Terrie Mackibbon,Macey Broughton,Determined,1,6.0
Terrie Mackibbon,Macey Broughton,Professional,1,2.0
Terrie Mackibbon,Macey Broughton,Studious,1,3.0
Terrie Mackibbon,Macey Broughton,Imaginative,1,5.0
Terrie Mackibbon,Macey Broughton,Analytic,2,1.0
Terrie Mackibbon,Macey Broughton,Independent,2,3.0
Terrie Mackibbon,Macey Broughton,Determined,2,5.0
Terrie Mackibbon,Macey Broughton,Professional,2,6.0
Terrie Mackibbon,Macey Broughton,Studious,2,1.0
Terrie Mackibbon,Macey Broughton,Imaginative,2,2.0
Terrie Mackibbon,Macey Broughton,Analytic,3,5.0
Terrie Mackibbon,Macey Broughton,Independent,3,5.0
Terrie Mackibbon,Macey Broughton,Determined,3,2.0
Terrie Mackibbon,Macey Broughton,Professional,3,1.0
Terrie Mackibbon,Macey Broughton,Studious,3,6.0
Terrie Mackibbon,Macey Broughton,Imaginative,3,2.0
Terrie Mackibbon,Macey Broughton,Analytic,4,6.0
Terrie Mackibbon,Macey Broughton,Independent,4,8.0
Terrie Mackibbon,Macey Broughton,Determined,4,6.0
Terrie Mackibbon,Macey Broughton,Professional,4,6.0
Terrie Mackibbon,Macey Broughton,Studious,4,6.0
Terrie Mackibbon,Macey Broughton,Imaginative,4,8.0
Terrie Mackibbon,Macey Broughton,Analytic,5,6.0
Terrie Mackibbon,Macey Broughton,Independent,5,8.0
Terrie Mackibbon,Macey Broughton,Determined,5,4.0
Terrie Mackibbon,Macey Broughton,Professional,5,8.0
Terrie Mackibbon,Macey Broughton,Studious,5,3.0
Terrie Mackibbon,Macey Broughton,Imaginative,5,6.0
Terrie Mackibbon,Macey Broughton,Analytic,6,6.0
Terrie Mackibbon,Macey Broughton,Independent,6,8.0
Terrie Mackibbon,Macey Broughton,Determined,6,8.0
Terrie Mackibbon,Macey Broughton,Professional,6,3.0
Terrie Mackibbon,Macey Broughton,Studious,6,5.0
Terrie Mackibbon,Macey Broughton,Imaginative,6,4.0
Terrie Mackibbon,Macey Broughton,Analytic,7,8.0
Terrie Mackibbon,Macey Broughton,Independent,7,8.0
Terrie Mackibbon,Macey Broughton,Determined,7,8.0
Terrie Mackibbon,Macey Broughton,Professional,7,8.0
Terrie Mackibbon,Macey Broughton,Studious,7,6.0
Terrie Mackibbon,Macey Broughton,Imaginative,7,7.0
Terrie Mackibbon,Macey Broughton,Analytic,8,7.0
Terrie Mackibbon,Macey Broughton,Independent,8,8.0
Terrie Mackibbon,Macey Broughton,Determined,8,8.0
Terrie Mackibbon,Macey Broughton,Professional,8,5.0
Terrie Mackibbon,Macey Broughton,Studious,8,3.0
Terrie Mackibbon,Macey Broughton,Imaginative,8,8.0
Ignacius Pleasaunce,Macey Broughton,Analytic,1,2.0
Ignacius Pleasaunce,Macey Broughton,Independent,1,3.0
Ignacius Pleasaunce,Macey Broughton,Determined,1,5.0
Ignacius Pleasaunce,Macey Broughton,Professional,1,1.0
Ignacius Pleasaunce,Macey Broughton,Studious,1,1.0
Ignacius Pleasaunce,Macey Broughton,Imaginative,1,3.0
Ignacius Pleasaunce,Macey Broughton,Analytic,2,5.0
Ignacius Pleasaunce,Macey Broughton,Independent,2,4.0
Ignacius Pleasaunce,Macey Broughton,Determined,2,2.0
Ignacius Pleasaunce,Macey Broughton,Professional,2,2.0
Ignacius Pleasaunce,Macey Broughton,Studious,2,2.0
Ignacius Pleasaunce,Macey Broughton,Imaginative,2,2.0
Ignacius Pleasaunce,Macey Broughton,Analytic,3,2.0
Ignacius Pleasaunce,Macey Broughton,Independent,3,2.0
Ignacius Pleasaunce,Macey Broughton,Determined,3,2.0
Ignacius Pleasaunce,Macey Broughton,Professional,3,3.0
Ignacius Pleasaunce,Macey Broughton,Studious,3,5.0
Ignacius Pleasaunce,Macey Broughton,Imaginative,3,3.0
Ignacius Pleasaunce,Macey Broughton,Analytic,4,4.0
Ignacius Pleasaunce,Macey Broughton,Independent,4,8.0
Ignacius Pleasaunce,Macey Broughton,Determined,4,6.0
Ignacius Pleasaunce,Macey Broughton,Professional,4,7.0
Ignacius Pleasaunce,Macey Broughton,Studious,4,6.0
Ignacius Pleasaunce,Macey Broughton,Imaginative,4,5.0
Ignacius Pleasaunce,Macey Broughton,Analytic,5,8.0
Ignacius Pleasaunce,Macey Broughton,Independent,5,7.0
Ignacius Pleasaunce,Macey Broughton,Determined,5,8.0
Ignacius Pleasaunce,Macey Broughton,Professional,5,8.0
Ignacius Pleasaunce,Macey Broughton,Studious,5,5.0
Ignacius Pleasaunce,Macey Broughton,Imaginative,5,4.0
Ignacius Pleasaunce,Macey Broughton,Analytic,6,8.0
Ignacius Pleasaunce,Macey Broughton,Independent,6,6.0
Ignacius Pleasaunce,Macey Broughton,Determined,6,8.0
Ignacius Pleasaunce,Macey Broughton,Professional,6,6.0
Ignacius Pleasaunce,Macey Broughton,Studious,6,6.0
Ignacius Pleasaunce,Macey Broughton,Imaginative,6,2.0
Ignacius Pleasaunce,Macey Broughton,Analytic,7,8.0
Ignacius Pleasaunce,Macey Broughton,Independent,7,8.0
Ignacius Pleasaunce,Macey Broughton,Determined,7,6.0
Ignacius Pleasaunce,Macey Broughton,Professional,7,8.0
Ignacius Pleasaunce,Macey Broughton,Studious,7,8.0
Ignacius Pleasaunce,Macey Broughton,Imaginative,7,4.0
Ignacius Pleasaunce,Macey Broughton,Analytic,8,4.0
Ignacius Pleasaunce,Macey Broughton,Independent,8,8.0
Ignacius Pleasaunce,Macey Broughton,Determined,8,8.0
Ignacius Pleasaunce,Macey Broughton,Professional,8,4.0
Ignacius Pleasaunce,Macey Broughton,Studious,8,8.0
Ignacius Pleasaunce,Macey Broughton,Imaginative,8,7.0
Liane Lorente,Macey Broughton,Analytic,1,6.0
Liane Lorente,Macey Broughton,Independent,1,3.0
Liane Lorente,Macey Broughton,Determined,1,4.0
Liane Lorente,Macey Broughton,Professional,1,1.0
Liane Lorente,Macey Broughton,Studious,1,2.0
Liane Lorente,Macey Broughton,Imaginative,1,4.0
Liane Lorente,Macey Broughton,Analytic,2,4.0
Liane Lorente,Macey Broughton,Independent,2,1.0
Liane Lorente,Macey Broughton,Determined,2,1.0
Liane Lorente,Macey Broughton,Professional,2,3.0
Liane Lorente,Macey Broughton,Studious,2,2.0
Liane Lorente,Macey Broughton,Imaginative,2,2.0
Liane Lorente,Macey Broughton,Analytic,3,2.0
Liane Lorente,Macey Broughton,Independent,3,1.0
Liane Lorente,Macey Broughton,Determined,3,6.0
Liane Lorente,Macey Broughton,Professional,3,3.0
Liane Lorente,Macey Broughton,Studious,3,3.0
Liane Lorente,Macey Broughton,Imaginative,3,1.0
Liane Lorente,Macey Broughton,Analytic,4,8.0
Liane Lorente,Macey Broughton,Independent,4,2.0
Liane Lorente,Macey Broughton,Determined,4,6.0
Liane Lorente,Macey Broughton,Professional,4,5.0
Liane Lorente,Macey Broughton,Studious,4,8.0
Liane Lorente,Macey Broughton,Imaginative,4,8.0
Liane Lorente,Macey Broughton,Analytic,5,6.0
Liane Lorente,Macey Broughton,Independent,5,6.0
Liane Lorente,Macey Broughton,Determined,5,6.0
Liane Lorente,Macey Broughton,Professional,5,8.0
Liane Lorente,Macey Broughton,Studious,5,3.0
Liane Lorente,Macey Broughton,Imaginative,5,5.0
Liane Lorente,Macey Broughton,Analytic,6,8.0
Liane Lorente,Macey Broughton,Independent,6,7.0
Liane Lorente,Macey Broughton,Determined,6,3.0
Liane Lorente,Macey Broughton,Professional,6,3.0
Liane Lorente,Macey Broughton,Studious,6,8.0
Liane Lorente,Macey Broughton,Imaginative,6,6.0
Liane Lorente,Macey Broughton,Analytic,7,8.0
Liane Lorente,Macey Broughton,Independent,7,8.0
Liane Lorente,Macey Broughton,Determined,7,8.0
Liane Lorente,Macey Broughton,Professional,7,8.0
Liane Lorente,Macey Broughton,Studious,7,8.0
Liane Lorente,Macey Broughton,Imaginative,7,8.0
Liane Lorente,Macey Broughton,Analytic,8,6.0
Liane Lorente,Macey Broughton,Independent,8,3.0
Liane Lorente,Macey Broughton,Determined,8,4.0
Liane Lorente,Macey Broughton,Professional,8,8.0
Liane Lorente,Macey Broughton,Studious,8,8.0
Liane Lorente,Macey Broughton,Imaginative,8,8.0
Sosanna Rawlings,Macey Broughton,Analytic,1,1.0
Sosanna Rawlings,Macey Broughton,Independent,1,6.0
Sosanna Rawlings,Macey Broughton,Determined,1,3.0
Sosanna Rawlings,Macey Broughton,Professional,1,3.0
Sosanna Rawlings,Macey Broughton,Studious,1,4.0
Sosanna Rawlings,Macey Broughton,Imaginative,1,4.0
Sosanna Rawlings,Macey Broughton,Analytic,2,4.0
Sosanna Rawlings,Macey Broughton,Independent,2,4.0
Sosanna Rawlings,Macey Broughton,Determined,2,6.0
Sosanna Rawlings,Macey Broughton,Professional,2,2.0
Sosanna Rawlings,Macey Broughton,Studious,2,6.0
Sosanna Rawlings,Macey Broughton,Imaginative,2,3.0
Sosanna Rawlings,Macey Broughton,Analytic,3,1.0
Sosanna Rawlings,Macey Broughton,Independent,3,3.0
Sosanna Rawlings,Macey Broughton,Determined,3,1.0
Sosanna Rawlings,Macey Broughton,Professional,3,3.0
Sosanna Rawlings,Macey Broughton,Studious,3,3.0
Sosanna Rawlings,Macey Broughton,Imaginative,3,4.0
Sosanna Rawlings,Macey Broughton,Analytic,4,3.0
Sosanna Rawlings,Macey Broughton,Independent,4,2.0
Sosanna Rawlings,Macey Broughton,Determined,4,8.0
Sosanna Rawlings,Macey Broughton,Professional,4,7.0
Sosanna Rawlings,Macey Broughton,Studious,4,5.0
Sosanna Rawlings,Macey Broughton,Imaginative,4,4.0
Sosanna Rawlings,Macey Broughton,Analytic,5,8.0
Sosanna Rawlings,Macey Broughton,Independent,5,6.0
Sosanna Rawlings,Macey Broughton,Determined,5,7.0
Sosanna Rawlings,Macey Broughton,Professional,5,8.0
Sosanna Rawlings,Macey Broughton,Studious,5,8.0
Sosanna Rawlings,Macey Broughton,Imaginative,5,6.0
Sosanna Rawlings,Macey Broughton,Analytic,6,8.0
Sosanna Rawlings,Macey Broughton,Independent,6,8.0
Sosanna Rawlings,Macey Broughton,Determined,6,8.0
Sosanna Rawlings,Macey Broughton,Professional,6,3.0
Sosanna Rawlings,Macey Broughton,Studious,6,1.0
Sosanna Rawlings,Macey Broughton,Imaginative,6,8.0
Sosanna Rawlings,Macey Broughton,Analytic,7,8.0
Sosanna Rawlings,Macey Broughton,Independent,7,7.0
Sosanna Rawlings,Macey Broughton,Determined,7,8.0
Sosanna Rawlings,Macey Broughton,Professional,7,8.0
Sosanna Rawlings,Macey Broughton,Studious,7,6.0
Sosanna Rawlings,Macey Broughton,Imaginative,7,6.0
Sosanna Rawlings,Macey Broughton,Analytic,8,6.0
Sosanna Rawlings,Macey Broughton,Independent,8,8.0
Sosanna Rawlings,Macey Broughton,Determined,8,8.0
Sosanna Rawlings,Macey Broughton,Professional,8,7.0
Sosanna Rawlings,Macey Broughton,Studious,8,8.0
Sosanna Rawlings,Macey Broughton,Imaginative,8,8.0
Allistir Langrick,Macey Broughton,Analytic,1,6.0
Allistir Langrick,Macey Broughton,Independent,1,2.0
Allistir Langrick,Macey Broughton,Determined,1,6.0
Allistir Langrick,Macey Broughton,Professional,1,1.0
Allistir Langrick,Macey Broughton,Studious,1,4.0
Allistir Langrick,Macey Broughton,Imaginative,1,2.0
Allistir Langrick,Macey Broughton,Analytic,2,3.0
Allistir Langrick,Macey Broughton,Independent,2,2.0
Allistir Langrick,Macey Broughton,Determined,2,2.0
Allistir Langrick,Macey Broughton,Professional,2,1.0
Allistir Langrick,Macey Broughton,Studious,2,4.0
Allistir Langrick,Macey Broughton,Imaginative,2,2.0
Allistir Langrick,Macey Broughton,Analytic,3,4.0
Allistir Langrick,Macey Broughton,Independent,3,2.0
Allistir Langrick,Macey Broughton,Determined,3,1.0
Allistir Langrick,Macey Broughton,Professional,3,3.0
Allistir Langrick,Macey Broughton,Studious,3,5.0
Allistir Langrick,Macey Broughton,Imaginative,3,4.0
Allistir Langrick,Macey Broughton,Analytic,4,5.0
Allistir Langrick,Macey Broughton,Independent,4,2.0
Allistir Langrick,Macey Broughton,Determined,4,4.0
Allistir Langrick,Macey Broughton,Professional,4,2.0
Allistir Langrick,Macey Broughton,Studious,4,4.0
Allistir Langrick,Macey Broughton,Imaginative,4,7.0
Allistir Langrick,Macey Broughton,Analytic,5,3.0
Allistir Langrick,Macey Broughton,Independent,5,2.0
Allistir Langrick,Macey Broughton,Determined,5,4.0
Allistir Langrick,Macey Broughton,Professional,5,7.0
Allistir Langrick,Macey Broughton,Studious,5,3.0
Allistir Langrick,Macey Broughton,Imaginative,5,6.0
Allistir Langrick,Macey Broughton,Analytic,6,7.0
Allistir Langrick,Macey Broughton,Independent,6,4.0
Allistir Langrick,Macey Broughton,Determined,6,4.0
Allistir Langrick,Macey Broughton,Professional,6,2.0
Allistir Langrick,Macey Broughton,Studious,6,1.0
Allistir Langrick,Macey Broughton,Imaginative,6,6.0
Allistir Langrick,Macey Broughton,Analytic,7,8.0
Allistir Langrick,Macey Broughton,Independent,7,8.0
Allistir Langrick,Macey Broughton,Determined,7,8.0
Allistir Langrick,Macey Broughton,Professional,7,8.0
Allistir Langrick,Macey Broughton,Studious,7,8.0
Allistir Langrick,Macey Broughton,Imaginative,7,8.0
Allistir Langrick,Macey Broughton,Analytic,8,8.0
Allistir Langrick,Macey Broughton,Independent,8,8.0
Allistir Langrick,Macey Broughton,Determined,8,8.0
Allistir Langrick,Macey Broughton,Professional,8,8.0
Allistir Langrick,Macey Broughton,Studious,8,8.0
Allistir Langrick,Macey Broughton,Imaginative,8,6.0
Honor Huntall,Macey Broughton,Analytic,1,3.0
Honor Huntall,Macey Broughton,Independent,1,5.0
Honor Huntall,Macey Broughton,Determined,1,1.0
Honor Huntall,Macey Broughton,Professional,1,5.0
Honor Huntall,Macey Broughton,Studious,1,1.0
Honor Huntall,Macey Broughton,Imaginative,1,2.0
Honor Huntall,Macey Broughton,Analytic,2,5.0
Honor Huntall,Macey Broughton,Independent,2,1.0
Honor Huntall,Macey Broughton,Determined,2,3.0
Honor Huntall,Macey Broughton,Professional,2,3.0
Honor Huntall,Macey Broughton,Studious,2,3.0
Honor Huntall,Macey Broughton,Imaginative,2,5.0
Honor Huntall,Macey Broughton,Analytic,3,1.0
Honor Huntall,Macey Broughton,Independent,3,4.0
Honor Huntall,Macey Broughton,Determined,3,3.0
Honor Huntall,Macey Broughton,Professional,3,2.0
Honor Huntall,Macey Broughton,Studious,3,2.0
Honor Huntall,Macey Broughton,Imaginative,3,1.0
Honor Huntall,Macey Broughton,Analytic,4,4.0
Honor Huntall,Macey Broughton,Independent,4,8.0
Honor Huntall,Macey Broughton,Determined,4,5.0
Honor Huntall,Macey Broughton,Professional,4,7.0
Honor Huntall,Macey Broughton,Studious,4,5.0
Honor Huntall,Macey Broughton,Imaginative,4,8.0
Honor Huntall,Macey Broughton,Analytic,5,3.0
Honor Huntall,Macey Broughton,Independent,5,8.0
Honor Huntall,Macey Broughton,Determined,5,4.0
Honor Huntall,Macey Broughton,Professional,5,2.0
Honor Huntall,Macey Broughton,Studious,5,8.0
Honor Huntall,Macey Broughton,Imaginative,5,8.0
Honor Huntall,Macey Broughton,Analytic,6,4.0
Honor Huntall,Macey Broughton,Independent,6,5.0
Honor Huntall,Macey Broughton,Determined,6,8.0
Honor Huntall,Macey Broughton,Professional,6,4.0
Honor Huntall,Macey Broughton,Studious,6,5.0
Honor Huntall,Macey Broughton,Imaginative,6,6.0
Honor Huntall,Macey Broughton,Analytic,7,5.0
Honor Huntall,Macey Broughton,Independent,7,8.0
Honor Huntall,Macey Broughton,Determined,7,5.0
Honor Huntall,Macey Broughton,Professional,7,8.0
Honor Huntall,Macey Broughton,Studious,7,7.0
Honor Huntall,Macey Broughton,Imaginative,7,8.0
Honor Huntall,Macey Broughton,Analytic,8,8.0
Honor Huntall,Macey Broughton,Independent,8,7.0
Honor Huntall,Macey Broughton,Determined,8,8.0
Honor Huntall,Macey Broughton,Professional,8,8.0
Honor Huntall,Macey Broughton,Studious,8,8.0
Honor Huntall,Macey Broughton,Imaginative,8,5.0
Natassia Pawle,Macey Broughton,Analytic,1,2.0
Natassia Pawle,Macey Broughton,Independent,1,3.0
Natassia Pawle,Macey Broughton,Determined,1,4.0
Natassia Pawle,Macey Broughton,Professional,1,1.0
Natassia Pawle,Macey Broughton,Studious,1,1.0
Natassia Pawle,Macey Broughton,Imaginative,1,3.0
Natassia Pawle,Macey Broughton,Analytic,2,4.0
Natassia Pawle,Macey Broughton,Independent,2,3.0
Natassia Pawle,Macey Broughton,Determined,2,3.0
Natassia Pawle,Macey Broughton,Professional,2,2.0
Natassia Pawle,Macey Broughton,Studious,2,1.0
Natassia Pawle,Macey Broughton,Imaginative,2,4.0
Natassia Pawle,Macey Broughton,Analytic,3,3.0
Natassia Pawle,Macey Broughton,Independent,3,4.0
Natassia Pawle,Macey Broughton,Determined,3,2.0
Natassia Pawle,Macey Broughton,Professional,3,3.0
Natassia Pawle,Macey Broughton,Studious,3,4.0
Natassia Pawle,Macey Broughton,Imaginative,3,1.0
Natassia Pawle,Macey Broughton,Analytic,4,8.0
Natassia Pawle,Macey Broughton,Independent,4,7.0
Natassia Pawle,Macey Broughton,Determined,4,6.0
Natassia Pawle,Macey Broughton,Professional,4,7.0
Natassia Pawle,Macey Broughton,Studious,4,6.0
Natassia Pawle,Macey Broughton,Imaginative,4,8.0
Natassia Pawle,Macey Broughton,Analytic,5,7.0
Natassia Pawle,Macey Broughton,Independent,5,8.0
Natassia Pawle,Macey Broughton,Determined,5,7.0
Natassia Pawle,Macey Broughton,Professional,5,6.0
Natassia Pawle,Macey Broughton,Studious,5,4.0
Natassia Pawle,Macey Broughton,Imaginative,5,8.0
Natassia Pawle,Macey Broughton,Analytic,6,4.0
Natassia Pawle,Macey Broughton,Independent,6,7.0
Natassia Pawle,Macey Broughton,Determined,6,4.0
Natassia Pawle,Macey Broughton,Professional,6,8.0
Natassia Pawle,Macey Broughton,Studious,6,3.0
Natassia Pawle,Macey Broughton,Imaginative,6,7.0
Natassia Pawle,Macey Broughton,Analytic,7,8.0
Natassia Pawle,Macey Broughton,Independent,7,4.0
Natassia Pawle,Macey Broughton,Determined,7,5.0
Natassia Pawle,Macey Broughton,Professional,7,5.0
Natassia Pawle,Macey Broughton,Studious,7,6.0
Natassia Pawle,Macey Broughton,Imaginative,7,8.0
Natassia Pawle,Macey Broughton,Analytic,8,8.0
Natassia Pawle,Macey Broughton,Independent,8,7.0
Natassia Pawle,Macey Broughton,Determined,8,7.0
Natassia Pawle,Macey Broughton,Professional,8,8.0
Natassia Pawle,Macey Broughton,Studious,8,8.0
Natassia Pawle,Macey Broughton,Imaginative,8,8.0
Haywood Teager,Macey Broughton,Analytic,1,3.0
Haywood Teager,Macey Broughton,Independent,1,5.0
Haywood Teager,Macey Broughton,Determined,1,3.0
Haywood Teager,Macey Broughton,Professional,1,3.0
Haywood Teager,Macey Broughton,Studious,1,1.0
Haywood Teager,Macey Broughton,Imaginative,1,8.0
Haywood Teager,Macey Broughton,Analytic,2,4.0
Haywood Teager,Macey Broughton,Independent,2,2.0
Haywood Teager,Macey Broughton,Determined,2,3.0
Haywood Teager,Macey Broughton,Professional,2,1.0
Haywood Teager,Macey Broughton,Studious,2,6.0
Haywood Teager,Macey Broughton,Imaginative,2,2.0
Haywood Teager,Macey Broughton,Analytic,3,6.0
Haywood Teager,Macey Broughton,Independent,3,4.0
Haywood Teager,Macey Broughton,Determined,3,2.0
Haywood Teager,Macey Broughton,Professional,3,3.0
Haywood Teager,Macey Broughton,Studious,3,5.0
Haywood Teager,Macey Broughton,Imaginative,3,3.0
Haywood Teager,Macey Broughton,Analytic,4,7.0
Haywood Teager,Macey Broughton,Independent,4,3.0
Haywood Teager,Macey Broughton,Determined,4,6.0
Haywood Teager,Macey Broughton,Professional,4,6.0
Haywood Teager,Macey Broughton,Studious,4,7.0
Haywood Teager,Macey Broughton,Imaginative,4,3.0
Haywood Teager,Macey Broughton,Analytic,5,1.0
Haywood Teager,Macey Broughton,Independent,5,2.0
Haywood Teager,Macey Broughton,Determined,5,3.0
Haywood Teager,Macey Broughton,Professional,5,7.0
Haywood Teager,Macey Broughton,Studious,5,4.0
Haywood Teager,Macey Broughton,Imaginative,5,8.0
Haywood Teager,Macey Broughton,Analytic,6,7.0
Haywood Teager,Macey Broughton,Independent,6,5.0
Haywood Teager,Macey Broughton,Determined,6,6.0
Haywood Teager,Macey Broughton,Professional,6,7.0
Haywood Teager,Macey Broughton,Studious,6,8.0
Haywood Teager,Macey Broughton,Imaginative,6,8.0
Haywood Teager,Macey Broughton,Analytic,7,8.0
Haywood Teager,Macey Broughton,Independent,7,8.0
Haywood Teager,Macey Broughton,Determined,7,7.0
Haywood Teager,Macey Broughton,Professional,7,5.0
Haywood Teager,Macey Broughton,Studious,7,7.0
Haywood Teager,Macey Broughton,Imaginative,7,8.0
Haywood Teager,Macey Broughton,Analytic,8,8.0
Haywood Teager,Macey Broughton,Independent,8,8.0
Haywood Teager,Macey Broughton,Determined,8,8.0
Haywood Teager,Macey Broughton,Professional,8,8.0
Haywood Teager,Macey Broughton,Studious,8,8.0
Haywood Teager,Macey Broughton,Imaginative,8,8.0
Marillin Rosendall,Macey Broughton,Analytic,1,4.0
Marillin Rosendall,Macey Broughton,Independent,1,2.0
Marillin Rosendall,Macey Broughton,Determined,1,3.0
Marillin Rosendall,Macey Broughton,Professional,1,1.0
Marillin Rosendall,Macey Broughton,Studious,1,3.0
Marillin Rosendall,Macey Broughton,Imaginative,1,3.0
Marillin Rosendall,Macey Broughton,Analytic,2,5.0
Marillin Rosendall,Macey Broughton,Independent,2,2.0
Marillin Rosendall,Macey Broughton,Determined,2,2.0
Marillin Rosendall,Macey Broughton,Professional,2,2.0
Marillin Rosendall,Macey Broughton,Studious,2,2.0
Marillin Rosendall,Macey Broughton,Imaginative,2,1.0
Marillin Rosendall,Macey Broughton,Analytic,3,2.0
Marillin Rosendall,Macey Broughton,Independent,3,5.0
Marillin Rosendall,Macey Broughton,Determined,3,2.0
Marillin Rosendall,Macey Broughton,Professional,3,1.0
Marillin Rosendall,Macey Broughton,Studious,3,8.0
Marillin Rosendall,Macey Broughton,Imaginative,3,3.0
Marillin Rosendall,Macey Broughton,Analytic,4,6.0
Marillin Rosendall,Macey Broughton,Independent,4,7.0
Marillin Rosendall,Macey Broughton,Determined,4,7.0
Marillin Rosendall,Macey Broughton,Professional,4,5.0
Marillin Rosendall,Macey Broughton,Studious,4,7.0
Marillin Rosendall,Macey Broughton,Imaginative,4,6.0
Marillin Rosendall,Macey Broughton,Analytic,5,8.0
Marillin Rosendall,Macey Broughton,Independent,5,5.0
Marillin Rosendall,Macey Broughton,Determined,5,5.0
Marillin Rosendall,Macey Broughton,Professional,5,2.0
Marillin Rosendall,Macey Broughton,Studious,5,6.0
Marillin Rosendall,Macey Broughton,Imaginative,5,8.0
Marillin Rosendall,Macey Broughton,Analytic,6,2.0
Marillin Rosendall,Macey Broughton,Independent,6,7.0
Marillin Rosendall,Macey Broughton,Determined,6,6.0
Marillin Rosendall,Macey Broughton,Professional,6,6.0
Marillin Rosendall,Macey Broughton,Studious,6,7.0
Marillin Rosendall,Macey Broughton,Imaginative,6,4.0
Marillin Rosendall,Macey Broughton,Analytic,7,6.0
Marillin Rosendall,Macey Broughton,Independent,7,8.0
Marillin Rosendall,Macey Broughton,Determined,7,8.0
Marillin Rosendall,Macey Broughton,Professional,7,7.0
Marillin Rosendall,Macey Broughton,Studious,7,8.0
Marillin Rosendall,Macey Broughton,Imaginative,7,8.0
Marillin Rosendall,Macey Broughton,Analytic,8,8.0
Marillin Rosendall,Macey Broughton,Independent,8,8.0
Marillin Rosendall,Macey Broughton,Determined,8,6.0
Marillin Rosendall,Macey Broughton,Professional,8,8.0
Marillin Rosendall,Macey Broughton,Studious,8,5.0
Marillin Rosendall,Macey Broughton,Imaginative,8,8.0
Giustina Catford,Martina Meadows,Analytic,1,1.0
Giustina Catford,Martina Meadows,Independent,1,1.0
Giustina Catford,Martina Meadows,Determined,1,4.0
Giustina Catford,Martina Meadows,Professional,1,4.0
Giustina Catford,Martina Meadows,Studious,1,2.0
Giustina Catford,Martina Meadows,Imaginative,1,4.0
Giustina Catford,Martina Meadows,Analytic,2,1.0
Giustina Catford,Martina Meadows,Independent,2,7.0
Giustina Catford,Martina Meadows,Determined,2,1.0
Giustina Catford,Martina Meadows,Professional,2,1.0
Giustina Catford,Martina Meadows,Studious,2,1.0
Giustina Catford,Martina Meadows,Imaginative,2,3.0
Giustina Catford,Martina Meadows,Analytic,3,2.0
Giustina Catford,Martina Meadows,Independent,3,5.0
Giustina Catford,Martina Meadows,Determined,3,6.0
Giustina Catford,Martina Meadows,Professional,3,3.0
Giustina Catford,Martina Meadows,Studious,3,4.0
Giustina Catford,Martina Meadows,Imaginative,3,2.0
Giustina Catford,Martina Meadows,Analytic,4,6.0
Giustina Catford,Martina Meadows,Independent,4,6.0
Giustina Catford,Martina Meadows,Determined,4,3.0
Giustina Catford,Martina Meadows,Professional,4,8.0
Giustina Catford,Martina Meadows,Studious,4,6.0
Giustina Catford,Martina Meadows,Imaginative,4,6.0
Giustina Catford,Martina Meadows,Analytic,5,8.0
Giustina Catford,Martina Meadows,Independent,5,8.0
Giustina Catford,Martina Meadows,Determined,5,8.0
Giustina Catford,Martina Meadows,Professional,5,5.0
Giustina Catford,Martina Meadows,Studious,5,5.0
Giustina Catford,Martina Meadows,Imaginative,5,4.0
Giustina Catford,Martina Meadows,Analytic,6,5.0
Giustina Catford,Martina Meadows,Independent,6,6.0
Giustina Catford,Martina Meadows,Determined,6,7.0
Giustina Catford,Martina Meadows,Professional,6,3.0
Giustina Catford,Martina Meadows,Studious,6,7.0
Giustina Catford,Martina Meadows,Imaginative,6,4.0
Giustina Catford,Martina Meadows,Analytic,7,8.0
Giustina Catford,Martina Meadows,Independent,7,8.0
Giustina Catford,Martina Meadows,Determined,7,8.0
Giustina Catford,Martina Meadows,Professional,7,8.0
Giustina Catford,Martina Meadows,Studious,7,8.0
Giustina Catford,Martina Meadows,Imaginative,7,8.0
Giustina Catford,Martina Meadows,Analytic,8,8.0
Giustina Catford,Martina Meadows,Independent,8,6.0
Giustina Catford,Martina Meadows,Determined,8,8.0
Giustina Catford,Martina Meadows,Professional,8,6.0
Giustina Catford,Martina Meadows,Studious,8,4.0
Giustina Catford,Martina Meadows,Imaginative,8,8.0
Kore Amburgy,Martina Meadows,Analytic,1,4.0
Kore Amburgy,Martina Meadows,Independent,1,1.0
Kore Amburgy,Martina Meadows,Determined,1,1.0
Kore Amburgy,Martina Meadows,Professional,1,3.0
Kore Amburgy,Martina Meadows,Studious,1,3.0
Kore Amburgy,Martina Meadows,Imaginative,1,4.0
Kore Amburgy,Martina Meadows,Analytic,2,5.0
Kore Amburgy,Martina Meadows,Independent,2,1.0
Kore Amburgy,Martina Meadows,Determined,2,3.0
Kore Amburgy,Martina Meadows,Professional,2,1.0
Kore Amburgy,Martina Meadows,Studious,2,4.0
Kore Amburgy,Martina Meadows,Imaginative,2,4.0
Kore Amburgy,Martina Meadows,Analytic,3,2.0
Kore Amburgy,Martina Meadows,Independent,3,3.0
Kore Amburgy,Martina Meadows,Determined,3,1.0
Kore Amburgy,Martina Meadows,Professional,3,5.0
Kore Amburgy,Martina Meadows,Studious,3,1.0
Kore Amburgy,Martina Meadows,Imaginative,3,4.0
Kore Amburgy,Martina Meadows,Analytic,4,1.0
Kore Amburgy,Martina Meadows,Independent,4,7.0
Kore Amburgy,Martina Meadows,Determined,4,7.0
Kore Amburgy,Martina Meadows,Professional,4,7.0
Kore Amburgy,Martina Meadows,Studious,4,1.0
Kore Amburgy,Martina Meadows,Imaginative,4,4.0
Kore Amburgy,Martina Meadows,Analytic,5,6.0
Kore Amburgy,Martina Meadows,Independent,5,6.0
Kore Amburgy,Martina Meadows,Determined,5,6.0
Kore Amburgy,Martina Meadows,Professional,5,6.0
Kore Amburgy,Martina Meadows,Studious,5,5.0
Kore Amburgy,Martina Meadows,Imaginative,5,5.0
Kore Amburgy,Martina Meadows,Analytic,6,6.0
Kore Amburgy,Martina Meadows,Independent,6,4.0
Kore Amburgy,Martina Meadows,Determined,6,6.0
Kore Amburgy,Martina Meadows,Professional,6,5.0
Kore Amburgy,Martina Meadows,Studious,6,8.0
Kore Amburgy,Martina Meadows,Imaginative,6,4.0
Kore Amburgy,Martina Meadows,Analytic,7,8.0
Kore Amburgy,Martina Meadows,Independent,7,8.0
Kore Amburgy,Martina Meadows,Determined,7,8.0
Kore Amburgy,Martina Meadows,Professional,7,8.0
Kore Amburgy,Martina Meadows,Studious,7,8.0
Kore Amburgy,Martina Meadows,Imaginative,7,8.0
Kore Amburgy,Martina Meadows,Analytic,8,7.0
Kore Amburgy,Martina Meadows,Independent,8,1.0
Kore Amburgy,Martina Meadows,Determined,8,8.0
Kore Amburgy,Martina Meadows,Professional,8,8.0
Kore Amburgy,Martina Meadows,Studious,8,8.0
Kore Amburgy,Martina Meadows,Imaginative,8,4.0
Constance Fellibrand,Martina Meadows,Analytic,1,3.0
Constance Fellibrand,Martina Meadows,Independent,1,4.0
Constance Fellibrand,Martina Meadows,Determined,1,3.0
Constance Fellibrand,Martina Meadows,Professional,1,5.0
Constance Fellibrand,Martina Meadows,Studious,1,4.0
Constance Fellibrand,Martina Meadows,Imaginative,1,1.0
Constance Fellibrand,Martina Meadows,Analytic,2,2.0
Constance Fellibrand,Martina Meadows,Independent,2,2.0
Constance Fellibrand,Martina Meadows,Determined,2,2.0
Constance Fellibrand,Martina Meadows,Professional,2,5.0
Constance Fellibrand,Martina Meadows,Studious,2,6.0
Constance Fellibrand,Martina Meadows,Imaginative,2,2.0
Constance Fellibrand,Martina Meadows,Analytic,3,1.0
Constance Fellibrand,Martina Meadows,Independent,3,2.0
Constance Fellibrand,Martina Meadows,Determined,3,3.0
Constance Fellibrand,Martina Meadows,Professional,3,4.0
Constance Fellibrand,Martina Meadows,Studious,3,4.0
Constance Fellibrand,Martina Meadows,Imaginative,3,3.0
Constance Fellibrand,Martina Meadows,Analytic,4,7.0
Constance Fellibrand,Martina Meadows,Independent,4,2.0
Constance Fellibrand,Martina Meadows,Determined,4,4.0
Constance Fellibrand,Martina Meadows,Professional,4,8.0
Constance Fellibrand,Martina Meadows,Studious,4,2.0
Constance Fellibrand,Martina Meadows,Imaginative,4,2.0
Constance Fellibrand,Martina Meadows,Analytic,5,6.0
Constance Fellibrand,Martina Meadows,Independent,5,4.0
Constance Fellibrand,Martina Meadows,Determined,5,5.0
Constance Fellibrand,Martina Meadows,Professional,5,5.0
Constance Fellibrand,Martina Meadows,Studious,5,3.0
Constance Fellibrand,Martina Meadows,Imaginative,5,8.0
Constance Fellibrand,Martina Meadows,Analytic,6,8.0
Constance Fellibrand,Martina Meadows,Independent,6,8.0
Constance Fellibrand,Martina Meadows,Determined,6,8.0
Constance Fellibrand,Martina Meadows,Professional,6,4.0
Constance Fellibrand,Martina Meadows,Studious,6,8.0
Constance Fellibrand,Martina Meadows,Imaginative,6,5.0
Constance Fellibrand,Martina Meadows,Analytic,7,8.0
Constance Fellibrand,Martina Meadows,Independent,7,8.0
Constance Fellibrand,Martina Meadows,Determined,7,8.0
Constance Fellibrand,Martina Meadows,Professional,7,7.0
Constance Fellibrand,Martina Meadows,Studious,7,7.0
Constance Fellibrand,Martina Meadows,Imaginative,7,8.0
Constance Fellibrand,Martina Meadows,Analytic,8,5.0
Constance Fellibrand,Martina Meadows,Independent,8,8.0
Constance Fellibrand,Martina Meadows,Determined,8,8.0
Constance Fellibrand,Martina Meadows,Professional,8,8.0
Constance Fellibrand,Martina Meadows,Studious,8,8.0
Constance Fellibrand,Martina Meadows,Imaginative,8,8.0
Rickard Blakes,Martina Meadows,Analytic,1,5.0
Rickard Blakes,Martina Meadows,Independent,1,1.0
Rickard Blakes,Martina Meadows,Determined,1,5.0
Rickard Blakes,Martina Meadows,Professional,1,3.0
Rickard Blakes,Martina Meadows,Studious,1,4.0
Rickard Blakes,Martina Meadows,Imaginative,1,2.0
Rickard Blakes,Martina Meadows,Analytic,2,1.0
Rickard Blakes,Martina Meadows,Independent,2,4.0
Rickard Blakes,Martina Meadows,Determined,2,8.0
Rickard Blakes,Martina Meadows,Professional,2,2.0
Rickard Blakes,Martina Meadows,Studious,2,3.0
Rickard Blakes,Martina Meadows,Imaginative,2,4.0
Rickard Blakes,Martina Meadows,Analytic,3,4.0
Rickard Blakes,Martina Meadows,Independent,3,2.0
Rickard Blakes,Martina Meadows,Determined,3,5.0
Rickard Blakes,Martina Meadows,Professional,3,1.0
Rickard Blakes,Martina Meadows,Studious,3,7.0
Rickard Blakes,Martina Meadows,Imaginative,3,3.0
Rickard Blakes,Martina Meadows,Analytic,4,5.0
Rickard Blakes,Martina Meadows,Independent,4,6.0
Rickard Blakes,Martina Meadows,Determined,4,3.0
Rickard Blakes,Martina Meadows,Professional,4,5.0
Rickard Blakes,Martina Meadows,Studious,4,7.0
Rickard Blakes,Martina Meadows,Imaginative,4,8.0
Rickard Blakes,Martina Meadows,Analytic,5,6.0
Rickard Blakes,Martina Meadows,Independent,5,8.0
Rickard Blakes,Martina Meadows,Determined,5,8.0
Rickard Blakes,Martina Meadows,Professional,5,8.0
Rickard Blakes,Martina Meadows,Studious,5,7.0
Rickard Blakes,Martina Meadows,Imaginative,5,8.0
Rickard Blakes,Martina Meadows,Analytic,6,5.0
Rickard Blakes,Martina Meadows,Independent,6,4.0
Rickard Blakes,Martina Meadows,Determined,6,6.0
Rickard Blakes,Martina Meadows,Professional,6,8.0
Rickard Blakes,Martina Meadows,Studious,6,8.0
Rickard Blakes,Martina Meadows,Imaginative,6,8.0
Rickard Blakes,Martina Meadows,Analytic,7,8.0
Rickard Blakes,Martina Meadows,Independent,7,6.0
Rickard Blakes,Martina Meadows,Determined,7,8.0
Rickard Blakes,Martina Meadows,Professional,7,5.0
Rickard Blakes,Martina Meadows,Studious,7,8.0
Rickard Blakes,Martina Meadows,Imaginative,7,3.0
Rickard Blakes,Martina Meadows,Analytic,8,8.0
Rickard Blakes,Martina Meadows,Independent,8,8.0
Rickard Blakes,Martina Meadows,Determined,8,8.0
Rickard Blakes,Martina Meadows,Professional,8,7.0
Rickard Blakes,Martina Meadows,Studious,8,8.0
Rickard Blakes,Martina Meadows,Imaginative,8,8.0
Noe Fortnam,Martina Meadows,Analytic,1,1.0
Noe Fortnam,Martina Meadows,Independent,1,6.0
Noe Fortnam,Martina Meadows,Determined,1,1.0
Noe Fortnam,Martina Meadows,Professional,1,3.0
Noe Fortnam,Martina Meadows,Studious,1,2.0
Noe Fortnam,Martina Meadows,Imaginative,1,3.0
Noe Fortnam,Martina Meadows,Analytic,2,3.0
Noe Fortnam,Martina Meadows,Independent,2,3.0
Noe Fortnam,Martina Meadows,Determined,2,3.0
Noe Fortnam,Martina Meadows,Professional,2,8.0
Noe Fortnam,Martina Meadows,Studious,2,5.0
Noe Fortnam,Martina Meadows,Imaginative,2,3.0
Noe Fortnam,Martina Meadows,Analytic,3,3.0
Noe Fortnam,Martina Meadows,Independent,3,3.0
Noe Fortnam,Martina Meadows,Determined,3,3.0
Noe Fortnam,Martina Meadows,Professional,3,1.0
Noe Fortnam,Martina Meadows,Studious,3,2.0
Noe Fortnam,Martina Meadows,Imaginative,3,3.0
Noe Fortnam,Martina Meadows,Analytic,4,7.0
Noe Fortnam,Martina Meadows,Independent,4,5.0
Noe Fortnam,Martina Meadows,Determined,4,6.0
Noe Fortnam,Martina Meadows,Professional,4,8.0
Noe Fortnam,Martina Meadows,Studious,4,3.0
Noe Fortnam,Martina Meadows,Imaginative,4,7.0
Noe Fortnam,Martina Meadows,Analytic,5,7.0
Noe Fortnam,Martina Meadows,Independent,5,4.0
Noe Fortnam,Martina Meadows,Determined,5,5.0
Noe Fortnam,Martina Meadows,Professional,5,8.0
Noe Fortnam,Martina Meadows,Studious,5,4.0
Noe Fortnam,Martina Meadows,Imaginative,5,4.0
Noe Fortnam,Martina Meadows,Analytic,6,8.0
Noe Fortnam,Martina Meadows,Independent,6,8.0
Noe Fortnam,Martina Meadows,Determined,6,8.0
Noe Fortnam,Martina Meadows,Professional,6,2.0
Noe Fortnam,Martina Meadows,Studious,6,8.0
Noe Fortnam,Martina Meadows,Imaginative,6,5.0
Noe Fortnam,Martina Meadows,Analytic,7,8.0
Noe Fortnam,Martina Meadows,Independent,7,8.0
Noe Fortnam,Martina Meadows,Determined,7,8.0
Noe Fortnam,Martina Meadows,Professional,7,8.0
Noe Fortnam,Martina Meadows,Studious,7,8.0
Noe Fortnam,Martina Meadows,Imaginative,7,7.0
Noe Fortnam,Martina Meadows,Analytic,8,8.0
Noe Fortnam,Martina Meadows,Independent,8,7.0
Noe Fortnam,Martina Meadows,Determined,8,8.0
Noe Fortnam,Martina Meadows,Professional,8,8.0
Noe Fortnam,Martina Meadows,Studious,8,8.0
Noe Fortnam,Martina Meadows,Imaginative,8,8.0
Cherrita Mcgilleghole,Martina Meadows,Analytic,1,6.0
Cherrita Mcgilleghole,Martina Meadows,Independent,1,1.0
Cherrita Mcgilleghole,Martina Meadows,Determined,1,4.0
Cherrita Mcgilleghole,Martina Meadows,Professional,1,3.0
Cherrita Mcgilleghole,Martina Meadows,Studious,1,3.0
Cherrita Mcgilleghole,Martina Meadows,Imaginative,1,2.0
Cherrita Mcgilleghole,Martina Meadows,Analytic,2,2.0
Cherrita Mcgilleghole,Martina Meadows,Independent,2,3.0
Cherrita Mcgilleghole,Martina Meadows,Determined,2,1.0
Cherrita Mcgilleghole,Martina Meadows,Professional,2,2.0
Cherrita Mcgilleghole,Martina Meadows,Studious,2,2.0
Cherrita Mcgilleghole,Martina Meadows,Imaginative,2,3.0
Cherrita Mcgilleghole,Martina Meadows,Analytic,3,2.0
Cherrita Mcgilleghole,Martina Meadows,Independent,3,4.0
Cherrita Mcgilleghole,Martina Meadows,Determined,3,6.0
Cherrita Mcgilleghole,Martina Meadows,Professional,3,4.0
Cherrita Mcgilleghole,Martina Meadows,Studious,3,1.0
Cherrita Mcgilleghole,Martina Meadows,Imaginative,3,5.0
Cherrita Mcgilleghole,Martina Meadows,Analytic,4,7.0
Cherrita Mcgilleghole,Martina Meadows,Independent,4,5.0
Cherrita Mcgilleghole,Martina Meadows,Determined,4,6.0
Cherrita Mcgilleghole,Martina Meadows,Professional,4,2.0
Cherrita Mcgilleghole,Martina Meadows,Studious,4,8.0
Cherrita Mcgilleghole,Martina Meadows,Imaginative,4,6.0
Cherrita Mcgilleghole,Martina Meadows,Analytic,5,3.0
Cherrita Mcgilleghole,Martina Meadows,Independent,5,4.0
Cherrita Mcgilleghole,Martina Meadows,Determined,5,7.0
Cherrita Mcgilleghole,Martina Meadows,Professional,5,3.0
Cherrita Mcgilleghole,Martina Meadows,Studious,5,4.0
Cherrita Mcgilleghole,Martina Meadows,Imaginative,5,7.0
Cherrita Mcgilleghole,Martina Meadows,Analytic,6,1.0
Cherrita Mcgilleghole,Martina Meadows,Independent,6,3.0
Cherrita Mcgilleghole,Martina Meadows,Determined,6,4.0
Cherrita Mcgilleghole,Martina Meadows,Professional,6,5.0
Cherrita Mcgilleghole,Martina Meadows,Studious,6,4.0
Cherrita Mcgilleghole,Martina Meadows,Imaginative,6,5.0
Cherrita Mcgilleghole,Martina Meadows,Analytic,7,8.0
Cherrita Mcgilleghole,Martina Meadows,Independent,7,8.0
Cherrita Mcgilleghole,Martina Meadows,Determined,7,5.0
Cherrita Mcgilleghole,Martina Meadows,Professional,7,8.0
Cherrita Mcgilleghole,Martina Meadows,Studious,7,8.0
Cherrita Mcgilleghole,Martina Meadows,Imaginative,7,4.0
Cherrita Mcgilleghole,Martina Meadows,Analytic,8,8.0
Cherrita Mcgilleghole,Martina Meadows,Independent,8,5.0
Cherrita Mcgilleghole,Martina Meadows,Determined,8,8.0
Cherrita Mcgilleghole,Martina Meadows,Professional,8,5.0
Cherrita Mcgilleghole,Martina Meadows,Studious,8,5.0
Cherrita Mcgilleghole,Martina Meadows,Imaginative,8,8.0
Charmain Diben,Martina Meadows,Analytic,1,1.0
Charmain Diben,Martina Meadows,Independent,1,4.0
Charmain Diben,Martina Meadows,Determined,1,4.0
Charmain Diben,Martina Meadows,Professional,1,3.0
Charmain Diben,Martina Meadows,Studious,1,2.0
Charmain Diben,Martina Meadows,Imaginative,1,3.0
Charmain Diben,Martina Meadows,Analytic,2,1.0
Charmain Diben,Martina Meadows,Independent,2,1.0
Charmain Diben,Martina Meadows,Determined,2,1.0
Charmain Diben,Martina Meadows,Professional,2,1.0
Charmain Diben,Martina Meadows,Studious,2,4.0
Charmain Diben,Martina Meadows,Imaginative,2,1.0
Bunny Barns,Martina Meadows,Analytic,1,6.0
Bunny Barns,Martina Meadows,Independent,1,1.0
Bunny Barns,Martina Meadows,Determined,1,3.0
Bunny Barns,Martina Meadows,Professional,1,2.0
Bunny Barns,Martina Meadows,Studious,1,3.0
Bunny Barns,Martina Meadows,Imaginative,1,1.0
Bunny Barns,Martina Meadows,Analytic,2,1.0
Bunny Barns,Martina Meadows,Independent,2,4.0
Bunny Barns,Martina Meadows,Determined,2,3.0
Bunny Barns,Martina Meadows,Professional,2,4.0
Bunny Barns,Martina Meadows,Studious,2,2.0
Bunny Barns,Martina Meadows,Imaginative,2,1.0
Bunny Barns,Martina Meadows,Analytic,3,5.0
Bunny Barns,Martina Meadows,Independent,3,5.0
Bunny Barns,Martina Meadows,Determined,3,3.0
Bunny Barns,Martina Meadows,Professional,3,2.0
Bunny Barns,Martina Meadows,Studious,3,4.0
Bunny Barns,Martina Meadows,Imaginative,3,3.0
Bunny Barns,Martina Meadows,Analytic,4,8.0
Bunny Barns,Martina Meadows,Independent,4,7.0
Bunny Barns,Martina Meadows,Determined,4,7.0
Bunny Barns,Martina Meadows,Professional,4,3.0
Bunny Barns,Martina Meadows,Studious,4,8.0
Bunny Barns,Martina Meadows,Imaginative,4,8.0
Bunny Barns,Martina Meadows,Analytic,5,5.0
Bunny Barns,Martina Meadows,Independent,5,2.0
Bunny Barns,Martina Meadows,Determined,5,6.0
Bunny Barns,Martina Meadows,Professional,5,4.0
Bunny Barns,Martina Meadows,Studious,5,8.0
Bunny Barns,Martina Meadows,Imaginative,5,6.0
Bunny Barns,Martina Meadows,Analytic,6,4.0
Bunny Barns,Martina Meadows,Independent,6,3.0
Bunny Barns,Martina Meadows,Determined,6,3.0
Bunny Barns,Martina Meadows,Professional,6,5.0
Bunny Barns,Martina Meadows,Studious,6,6.0
Bunny Barns,Martina Meadows,Imaginative,6,1.0
Bunny Barns,Martina Meadows,Analytic,7,8.0
Bunny Barns,Martina Meadows,Independent,7,6.0
Bunny Barns,Martina Meadows,Determined,7,8.0
Bunny Barns,Martina Meadows,Professional,7,8.0
Bunny Barns,Martina Meadows,Studious,7,8.0
Bunny Barns,Martina Meadows,Imaginative,7,8.0
Bunny Barns,Martina Meadows,Analytic,8,8.0
Bunny Barns,Martina Meadows,Independent,8,8.0
Bunny Barns,Martina Meadows,Determined,8,8.0
Bunny Barns,Martina Meadows,Professional,8,8.0
Bunny Barns,Martina Meadows,Studious,8,8.0
Bunny Barns,Martina Meadows,Imaginative,8,8.0
Brewer Calderbank,Eshal Brandt,Analytic,1,1.0
Brewer Calderbank,Eshal Brandt,Independent,1,3.0
Brewer Calderbank,Eshal Brandt,Determined,1,2.0
Brewer Calderbank,Eshal Brandt,Professional,1,2.0
Brewer Calderbank,Eshal Brandt,Studious,1,4.0
Brewer Calderbank,Eshal Brandt,Imaginative,1,3.0
Brewer Calderbank,Eshal Brandt,Analytic,2,1.0
Brewer Calderbank,Eshal Brandt,Independent,2,1.0
Brewer Calderbank,Eshal Brandt,Determined,2,3.0
Brewer Calderbank,Eshal Brandt,Professional,2,3.0
Brewer Calderbank,Eshal Brandt,Studious,2,1.0
Brewer Calderbank,Eshal Brandt,Imaginative,2,1.0
Fons Ghiotto,Eshal Brandt,Analytic,1,3.0
Fons Ghiotto,Eshal Brandt,Independent,1,2.0
Fons Ghiotto,Eshal Brandt,Determined,1,1.0
Fons Ghiotto,Eshal Brandt,Professional,1,2.0
Fons Ghiotto,Eshal Brandt,Studious,1,2.0
Fons Ghiotto,Eshal Brandt,Imaginative,1,4.0
Fons Ghiotto,Eshal Brandt,Analytic,2,5.0
Fons Ghiotto,Eshal Brandt,Independent,2,3.0
Fons Ghiotto,Eshal Brandt,Determined,2,3.0
Fons Ghiotto,Eshal Brandt,Professional,2,2.0
Fons Ghiotto,Eshal Brandt,Studious,2,5.0
Fons Ghiotto,Eshal Brandt,Imaginative,2,2.0
Fons Ghiotto,Eshal Brandt,Analytic,3,6.0
Fons Ghiotto,Eshal Brandt,Independent,3,1.0
Fons Ghiotto,Eshal Brandt,Determined,3,1.0
Fons Ghiotto,Eshal Brandt,Professional,3,3.0
Fons Ghiotto,Eshal Brandt,Studious,3,2.0
Fons Ghiotto,Eshal Brandt,Imaginative,3,4.0
Fons Ghiotto,Eshal Brandt,Analytic,4,5.0
Fons Ghiotto,Eshal Brandt,Independent,4,2.0
Fons Ghiotto,Eshal Brandt,Determined,4,6.0
Fons Ghiotto,Eshal Brandt,Professional,4,7.0
Fons Ghiotto,Eshal Brandt,Studious,4,8.0
Fons Ghiotto,Eshal Brandt,Imaginative,4,3.0
Fons Ghiotto,Eshal Brandt,Analytic,5,6.0
Fons Ghiotto,Eshal Brandt,Independent,5,8.0
Fons Ghiotto,Eshal Brandt,Determined,5,5.0
Fons Ghiotto,Eshal Brandt,Professional,5,7.0
Fons Ghiotto,Eshal Brandt,Studious,5,4.0
Fons Ghiotto,Eshal Brandt,Imaginative,5,5.0
Fons Ghiotto,Eshal Brandt,Analytic,6,4.0
Fons Ghiotto,Eshal Brandt,Independent,6,3.0
Fons Ghiotto,Eshal Brandt,Determined,6,8.0
Fons Ghiotto,Eshal Brandt,Professional,6,5.0
Fons Ghiotto,Eshal Brandt,Studious,6,5.0
Fons Ghiotto,Eshal Brandt,Imaginative,6,5.0
Fons Ghiotto,Eshal Brandt,Analytic,7,8.0
Fons Ghiotto,Eshal Brandt,Independent,7,6.0
Fons Ghiotto,Eshal Brandt,Determined,7,8.0
Fons Ghiotto,Eshal Brandt,Professional,7,8.0
Fons Ghiotto,Eshal Brandt,Studious,7,5.0
Fons Ghiotto,Eshal Brandt,Imaginative,7,8.0
Fons Ghiotto,Eshal Brandt,Analytic,8,8.0
Fons Ghiotto,Eshal Brandt,Independent,8,7.0
Fons Ghiotto,Eshal Brandt,Determined,8,4.0
Fons Ghiotto,Eshal Brandt,Professional,8,8.0
Fons Ghiotto,Eshal Brandt,Studious,8,7.0
Fons Ghiotto,Eshal Brandt,Imaginative,8,8.0
Fons Ghiotto,Eshal Brandt,Analytic,9,6.0
Fons Ghiotto,Eshal Brandt,Independent,9,8.0
Fons Ghiotto,Eshal Brandt,Determined,9,8.0
Fons Ghiotto,Eshal Brandt,Professional,9,8.0
Fons Ghiotto,Eshal Brandt,Studious,9,8.0
Fons Ghiotto,Eshal Brandt,Imaginative,9,4.0
Fons Ghiotto,Eshal Brandt,Analytic,10,8.0
Fons Ghiotto,Eshal Brandt,Independent,10,8.0
Fons Ghiotto,Eshal Brandt,Determined,10,8.0
Fons Ghiotto,Eshal Brandt,Professional,10,8.0
Fons Ghiotto,Eshal Brandt,Studious,10,8.0
Fons Ghiotto,Eshal Brandt,Imaginative,10,8.0
Evin De Roeck,Eshal Brandt,Analytic,1,5.0
Evin De Roeck,Eshal Brandt,Independent,1,4.0
Evin De Roeck,Eshal Brandt,Determined,1,2.0
Evin De Roeck,Eshal Brandt,Professional,1,2.0
Evin De Roeck,Eshal Brandt,Studious,1,3.0
Evin De Roeck,Eshal Brandt,Imaginative,1,4.0
Evin De Roeck,Eshal Brandt,Analytic,2,2.0
Evin De Roeck,Eshal Brandt,Independent,2,2.0
Evin De Roeck,Eshal Brandt,Determined,2,3.0
Evin De Roeck,Eshal Brandt,Professional,2,1.0
Evin De Roeck,Eshal Brandt,Studious,2,4.0
Evin De Roeck,Eshal Brandt,Imaginative,2,3.0
Evin De Roeck,Eshal Brandt,Analytic,3,3.0
Evin De Roeck,Eshal Brandt,Independent,3,5.0
Evin De Roeck,Eshal Brandt,Determined,3,3.0
Evin De Roeck,Eshal Brandt,Professional,3,2.0
Evin De Roeck,Eshal Brandt,Studious,3,1.0
Evin De Roeck,Eshal Brandt,Imaginative,3,2.0
Evin De Roeck,Eshal Brandt,Analytic,4,4.0
Evin De Roeck,Eshal Brandt,Independent,4,6.0
Evin De Roeck,Eshal Brandt,Determined,4,7.0
Evin De Roeck,Eshal Brandt,Professional,4,6.0
Evin De Roeck,Eshal Brandt,Studious,4,3.0
Evin De Roeck,Eshal Brandt,Imaginative,4,7.0
Evin De Roeck,Eshal Brandt,Analytic,5,5.0
Evin De Roeck,Eshal Brandt,Independent,5,8.0
Evin De Roeck,Eshal Brandt,Determined,5,4.0
Evin De Roeck,Eshal Brandt,Professional,5,8.0
Evin De Roeck,Eshal Brandt,Studious,5,6.0
Evin De Roeck,Eshal Brandt,Imaginative,5,4.0
Evin De Roeck,Eshal Brandt,Analytic,6,8.0
Evin De Roeck,Eshal Brandt,Independent,6,5.0
Evin De Roeck,Eshal Brandt,Determined,6,7.0
Evin De Roeck,Eshal Brandt,Professional,6,8.0
Evin De Roeck,Eshal Brandt,Studious,6,8.0
Evin De Roeck,Eshal Brandt,Imaginative,6,8.0
Evin De Roeck,Eshal Brandt,Analytic,7,7.0
Evin De Roeck,Eshal Brandt,Independent,7,8.0
Evin De Roeck,Eshal Brandt,Determined,7,8.0
Evin De Roeck,Eshal Brandt,Professional,7,8.0
Evin De Roeck,Eshal Brandt,Studious,7,8.0
Evin De Roeck,Eshal Brandt,Imaginative,7,8.0
Evin De Roeck,Eshal Brandt,Analytic,8,8.0
Evin De Roeck,Eshal Brandt,Independent,8,5.0
Evin De Roeck,Eshal Brandt,Determined,8,8.0
Evin De Roeck,Eshal Brandt,Professional,8,8.0
Evin De Roeck,Eshal Brandt,Studious,8,8.0
Evin De Roeck,Eshal Brandt,Imaginative,8,8.0
Evin De Roeck,Eshal Brandt,Analytic,9,8.0
Evin De Roeck,Eshal Brandt,Independent,9,8.0
Evin De Roeck,Eshal Brandt,Determined,9,8.0
Evin De Roeck,Eshal Brandt,Professional,9,8.0
Evin De Roeck,Eshal Brandt,Studious,9,3.0
Evin De Roeck,Eshal Brandt,Imaginative,9,8.0
Evin De Roeck,Eshal Brandt,Analytic,10,8.0
Evin De Roeck,Eshal Brandt,Independent,10,8.0
Evin De Roeck,Eshal Brandt,Determined,10,8.0
Evin De Roeck,Eshal Brandt,Professional,10,8.0
Evin De Roeck,Eshal Brandt,Studious,10,8.0
Evin De Roeck,Eshal Brandt,Imaginative,10,8.0
Maxy Bensen,Eshal Brandt,Analytic,1,2.0
Maxy Bensen,Eshal Brandt,Independent,1,4.0
Maxy Bensen,Eshal Brandt,Determined,1,2.0
Maxy Bensen,Eshal Brandt,Professional,1,4.0
Maxy Bensen,Eshal Brandt,Studious,1,1.0
Maxy Bensen,Eshal Brandt,Imaginative,1,2.0
Maxy Bensen,Eshal Brandt,Analytic,2,5.0
Maxy Bensen,Eshal Brandt,Independent,2,3.0
Maxy Bensen,Eshal Brandt,Determined,2,1.0
Maxy Bensen,Eshal Brandt,Professional,2,3.0
Maxy Bensen,Eshal Brandt,Studious,2,4.0
Maxy Bensen,Eshal Brandt,Imaginative,2,3.0
Maxy Bensen,Eshal Brandt,Analytic,3,1.0
Maxy Bensen,Eshal Brandt,Independent,3,4.0
Maxy Bensen,Eshal Brandt,Determined,3,4.0
Maxy Bensen,Eshal Brandt,Professional,3,3.0
Maxy Bensen,Eshal Brandt,Studious,3,2.0
Maxy Bensen,Eshal Brandt,Imaginative,3,4.0
Maxy Bensen,Eshal Brandt,Analytic,4,6.0
Maxy Bensen,Eshal Brandt,Independent,4,2.0
Maxy Bensen,Eshal Brandt,Determined,4,7.0
Maxy Bensen,Eshal Brandt,Professional,4,8.0
Maxy Bensen,Eshal Brandt,Studious,4,8.0
Maxy Bensen,Eshal Brandt,Imaginative,4,8.0
Maxy Bensen,Eshal Brandt,Analytic,5,6.0
Maxy Bensen,Eshal Brandt,Independent,5,6.0
Maxy Bensen,Eshal Brandt,Determined,5,7.0
Maxy Bensen,Eshal Brandt,Professional,5,5.0
Maxy Bensen,Eshal Brandt,Studious,5,7.0
Maxy Bensen,Eshal Brandt,Imaginative,5,5.0
Maxy Bensen,Eshal Brandt,Analytic,6,5.0
Maxy Bensen,Eshal Brandt,Independent,6,8.0
Maxy Bensen,Eshal Brandt,Determined,6,4.0
Maxy Bensen,Eshal Brandt,Professional,6,7.0
Maxy Bensen,Eshal Brandt,Studious,6,5.0
Maxy Bensen,Eshal Brandt,Imaginative,6,4.0
Maxy Bensen,Eshal Brandt,Analytic,7,8.0
Maxy Bensen,Eshal Brandt,Independent,7,7.0
Maxy Bensen,Eshal Brandt,Determined,7,6.0
Maxy Bensen,Eshal Brandt,Professional,7,5.0
Maxy Bensen,Eshal Brandt,Studious,7,6.0
Maxy Bensen,Eshal Brandt,Imaginative,7,5.0
Maxy Bensen,Eshal Brandt,Analytic,8,8.0
Maxy Bensen,Eshal Brandt,Independent,8,8.0
Maxy Bensen,Eshal Brandt,Determined,8,8.0
Maxy Bensen,Eshal Brandt,Professional,8,8.0
Maxy Bensen,Eshal Brandt,Studious,8,8.0
Maxy Bensen,Eshal Brandt,Imaginative,8,8.0
Maxy Bensen,Eshal Brandt,Analytic,9,8.0
Maxy Bensen,Eshal Brandt,Independent,9,8.0
Maxy Bensen,Eshal Brandt,Determined,9,7.0
Maxy Bensen,Eshal Brandt,Professional,9,8.0
Maxy Bensen,Eshal Brandt,Studious,9,4.0
Maxy Bensen,Eshal Brandt,Imaginative,9,8.0
Maxy Bensen,Eshal Brandt,Analytic,10,8.0
Maxy Bensen,Eshal Brandt,Independent,10,8.0
Maxy Bensen,Eshal Brandt,Determined,10,8.0
Maxy Bensen,Eshal Brandt,Professional,10,8.0
Maxy Bensen,Eshal Brandt,Studious,10,8.0
Maxy Bensen,Eshal Brandt,Imaginative,10,8.0
Calida Behr,Eshal Brandt,Analytic,1,2.0
Calida Behr,Eshal Brandt,Independent,1,2.0
Calida Behr,Eshal Brandt,Determined,1,3.0
Calida Behr,Eshal Brandt,Professional,1,5.0
Calida Behr,Eshal Brandt,Studious,1,2.0
Calida Behr,Eshal Brandt,Imaginative,1,1.0
Calida Behr,Eshal Brandt,Analytic,2,3.0
Calida Behr,Eshal Brandt,Independent,2,1.0
Calida Behr,Eshal Brandt,Determined,2,1.0
Calida Behr,Eshal Brandt,Professional,2,3.0
Calida Behr,Eshal Brandt,Studious,2,1.0
Calida Behr,Eshal Brandt,Imaginative,2,4.0
Calida Behr,Eshal Brandt,Analytic,3,5.0
Calida Behr,Eshal Brandt,Independent,3,1.0
Calida Behr,Eshal Brandt,Determined,3,4.0
Calida Behr,Eshal Brandt,Professional,3,3.0
Calida Behr,Eshal Brandt,Studious,3,6.0
Calida Behr,Eshal Brandt,Imaginative,3,4.0
Calida Behr,Eshal Brandt,Analytic,4,5.0
Calida Behr,Eshal Brandt,Independent,4,5.0
Calida Behr,Eshal Brandt,Determined,4,7.0
Calida Behr,Eshal Brandt,Professional,4,3.0
Calida Behr,Eshal Brandt,Studious,4,8.0
Calida Behr,Eshal Brandt,Imaginative,4,7.0
Calida Behr,Eshal Brandt,Analytic,5,8.0
Calida Behr,Eshal Brandt,Independent,5,8.0
Calida Behr,Eshal Brandt,Determined,5,5.0
Calida Behr,Eshal Brandt,Professional,5,5.0
Calida Behr,Eshal Brandt,Studious,5,3.0
Calida Behr,Eshal Brandt,Imaginative,5,4.0
Calida Behr,Eshal Brandt,Analytic,6,5.0
Calida Behr,Eshal Brandt,Independent,6,8.0
Calida Behr,Eshal Brandt,Determined,6,5.0
Calida Behr,Eshal Brandt,Professional,6,6.0
Calida Behr,Eshal Brandt,Studious,6,6.0
Calida Behr,Eshal Brandt,Imaginative,6,4.0
Calida Behr,Eshal Brandt,Analytic,7,8.0
Calida Behr,Eshal Brandt,Independent,7,6.0
Calida Behr,Eshal Brandt,Determined,7,6.0
Calida Behr,Eshal Brandt,Professional,7,8.0
Calida Behr,Eshal Brandt,Studious,7,8.0
Calida Behr,Eshal Brandt,Imaginative,7,7.0
Calida Behr,Eshal Brandt,Analytic,8,8.0
Calida Behr,Eshal Brandt,Independent,8,8.0
Calida Behr,Eshal Brandt,Determined,8,8.0
Calida Behr,Eshal Brandt,Professional,8,8.0
Calida Behr,Eshal Brandt,Studious,8,8.0
Calida Behr,Eshal Brandt,Imaginative,8,8.0
Calida Behr,Eshal Brandt,Analytic,9,8.0
Calida Behr,Eshal Brandt,Independent,9,8.0
Calida Behr,Eshal Brandt,Determined,9,5.0
Calida Behr,Eshal Brandt,Professional,9,8.0
Calida Behr,Eshal Brandt,Studious,9,8.0
Calida Behr,Eshal Brandt,Imaginative,9,8.0
Calida Behr,Eshal Brandt,Analytic,10,8.0
Calida Behr,Eshal Brandt,Independent,10,8.0
Calida Behr,Eshal Brandt,Determined,10,8.0
Calida Behr,Eshal Brandt,Professional,10,8.0
Calida Behr,Eshal Brandt,Studious,10,8.0
Calida Behr,Eshal Brandt,Imaginative,10,8.0
Dannel Longmaid,Eshal Brandt,Analytic,1,2.0
Dannel Longmaid,Eshal Brandt,Independent,1,8.0
Dannel Longmaid,Eshal Brandt,Determined,1,5.0
Dannel Longmaid,Eshal Brandt,Professional,1,3.0
Dannel Longmaid,Eshal Brandt,Studious,1,7.0
Dannel Longmaid,Eshal Brandt,Imaginative,1,5.0
Dannel Longmaid,Eshal Brandt,Analytic,2,3.0
Dannel Longmaid,Eshal Brandt,Independent,2,1.0
Dannel Longmaid,Eshal Brandt,Determined,2,1.0
Dannel Longmaid,Eshal Brandt,Professional,2,5.0
Dannel Longmaid,Eshal Brandt,Studious,2,7.0
Dannel Longmaid,Eshal Brandt,Imaginative,2,3.0
Dannel Longmaid,Eshal Brandt,Analytic,3,4.0
Dannel Longmaid,Eshal Brandt,Independent,3,3.0
Dannel Longmaid,Eshal Brandt,Determined,3,2.0
Dannel Longmaid,Eshal Brandt,Professional,3,2.0
Dannel Longmaid,Eshal Brandt,Studious,3,3.0
Dannel Longmaid,Eshal Brandt,Imaginative,3,2.0
Dannel Longmaid,Eshal Brandt,Analytic,4,4.0
Dannel Longmaid,Eshal Brandt,Independent,4,8.0
Dannel Longmaid,Eshal Brandt,Determined,4,8.0
Dannel Longmaid,Eshal Brandt,Professional,4,5.0
Dannel Longmaid,Eshal Brandt,Studious,4,8.0
Dannel Longmaid,Eshal Brandt,Imaginative,4,5.0
Dannel Longmaid,Eshal Brandt,Analytic,5,7.0
Dannel Longmaid,Eshal Brandt,Independent,5,3.0
Dannel Longmaid,Eshal Brandt,Determined,5,7.0
Dannel Longmaid,Eshal Brandt,Professional,5,2.0
Dannel Longmaid,Eshal Brandt,Studious,5,8.0
Dannel Longmaid,Eshal Brandt,Imaginative,5,7.0
Dannel Longmaid,Eshal Brandt,Analytic,6,3.0
Dannel Longmaid,Eshal Brandt,Independent,6,4.0
Dannel Longmaid,Eshal Brandt,Determined,6,5.0
Dannel Longmaid,Eshal Brandt,Professional,6,8.0
Dannel Longmaid,Eshal Brandt,Studious,6,5.0
Dannel Longmaid,Eshal Brandt,Imaginative,6,7.0
Dannel Longmaid,Eshal Brandt,Analytic,7,7.0
Dannel Longmaid,Eshal Brandt,Independent,7,8.0
Dannel Longmaid,Eshal Brandt,Determined,7,7.0
Dannel Longmaid,Eshal Brandt,Professional,7,8.0
Dannel Longmaid,Eshal Brandt,Studious,7,8.0
Dannel Longmaid,Eshal Brandt,Imaginative,7,6.0
Dannel Longmaid,Eshal Brandt,Analytic,8,8.0
Dannel Longmaid,Eshal Brandt,Independent,8,8.0
Dannel Longmaid,Eshal Brandt,Determined,8,8.0
Dannel Longmaid,Eshal Brandt,Professional,8,8.0
Dannel Longmaid,Eshal Brandt,Studious,8,8.0
Dannel Longmaid,Eshal Brandt,Imaginative,8,8.0
Dannel Longmaid,Eshal Brandt,Analytic,9,8.0
Dannel Longmaid,Eshal Brandt,Independent,9,8.0
Dannel Longmaid,Eshal Brandt,Determined,9,8.0
Dannel Longmaid,Eshal Brandt,Professional,9,8.0
Dannel Longmaid,Eshal Brandt,Studious,9,5.0
Dannel Longmaid,Eshal Brandt,Imaginative,9,8.0
Dannel Longmaid,Eshal Brandt,Analytic,10,8.0
Dannel Longmaid,Eshal Brandt,Independent,10,8.0
Dannel Longmaid,Eshal Brandt,Determined,10,8.0
Dannel Longmaid,Eshal Brandt,Professional,10,8.0
Dannel Longmaid,Eshal Brandt,Studious,10,8.0
Dannel Longmaid,Eshal Brandt,Imaginative,10,8.0
Sarah Magor,Eshal Brandt,Analytic,1,2.0
Sarah Magor,Eshal Brandt,Independent,1,4.0
Sarah Magor,Eshal Brandt,Determined,1,1.0
Sarah Magor,Eshal Brandt,Professional,1,2.0
Sarah Magor,Eshal Brandt,Studious,1,6.0
Sarah Magor,Eshal Brandt,Imaginative,1,2.0
Sarah Magor,Eshal Brandt,Analytic,2,3.0
Sarah Magor,Eshal Brandt,Independent,2,2.0
Sarah Magor,Eshal Brandt,Determined,2,4.0
Sarah Magor,Eshal Brandt,Professional,2,5.0
Sarah Magor,Eshal Brandt,Studious,2,1.0
Sarah Magor,Eshal Brandt,Imaginative,2,3.0
Sarah Magor,Eshal Brandt,Analytic,3,3.0
Sarah Magor,Eshal Brandt,Independent,3,5.0
Sarah Magor,Eshal Brandt,Determined,3,4.0
Sarah Magor,Eshal Brandt,Professional,3,4.0
Sarah Magor,Eshal Brandt,Studious,3,7.0
Sarah Magor,Eshal Brandt,Imaginative,3,1.0
Sarah Magor,Eshal Brandt,Analytic,4,4.0
Sarah Magor,Eshal Brandt,Independent,4,5.0
Sarah Magor,Eshal Brandt,Determined,4,6.0
Sarah Magor,Eshal Brandt,Professional,4,8.0
Sarah Magor,Eshal Brandt,Studious,4,3.0
Sarah Magor,Eshal Brandt,Imaginative,4,3.0
Sarah Magor,Eshal Brandt,Analytic,5,5.0
Sarah Magor,Eshal Brandt,Independent,5,2.0
Sarah Magor,Eshal Brandt,Determined,5,5.0
Sarah Magor,Eshal Brandt,Professional,5,6.0
Sarah Magor,Eshal Brandt,Studious,5,4.0
Sarah Magor,Eshal Brandt,Imaginative,5,3.0
Sarah Magor,Eshal Brandt,Analytic,6,7.0
Sarah Magor,Eshal Brandt,Independent,6,7.0
Sarah Magor,Eshal Brandt,Determined,6,8.0
Sarah Magor,Eshal Brandt,Professional,6,8.0
Sarah Magor,Eshal Brandt,Studious,6,8.0
Sarah Magor,Eshal Brandt,Imaginative,6,7.0
Sarah Magor,Eshal Brandt,Analytic,7,6.0
Sarah Magor,Eshal Brandt,Independent,7,8.0
Sarah Magor,Eshal Brandt,Determined,7,2.0
Sarah Magor,Eshal Brandt,Professional,7,6.0
Sarah Magor,Eshal Brandt,Studious,7,8.0
Sarah Magor,Eshal Brandt,Imaginative,7,6.0
Sarah Magor,Eshal Brandt,Analytic,8,6.0
Sarah Magor,Eshal Brandt,Independent,8,8.0
Sarah Magor,Eshal Brandt,Determined,8,7.0
Sarah Magor,Eshal Brandt,Professional,8,8.0
Sarah Magor,Eshal Brandt,Studious,8,7.0
Sarah Magor,Eshal Brandt,Imaginative,8,7.0
Sarah Magor,Eshal Brandt,Analytic,9,8.0
Sarah Magor,Eshal Brandt,Independent,9,7.0
Sarah Magor,Eshal Brandt,Determined,9,8.0
Sarah Magor,Eshal Brandt,Professional,9,2.0
Sarah Magor,Eshal Brandt,Studious,9,8.0
Sarah Magor,Eshal Brandt,Imaginative,9,8.0
Sarah Magor,Eshal Brandt,Analytic,10,8.0
Sarah Magor,Eshal Brandt,Independent,10,8.0
Sarah Magor,Eshal Brandt,Determined,10,8.0
Sarah Magor,Eshal Brandt,Professional,10,8.0
Sarah Magor,Eshal Brandt,Studious,10,8.0
Sarah Magor,Eshal Brandt,Imaginative,10,8.0
Alistair Scanes,Eshal Brandt,Analytic,1,4.0
Alistair Scanes,Eshal Brandt,Independent,1,2.0
Alistair Scanes,Eshal Brandt,Determined,1,4.0
Alistair Scanes,Eshal Brandt,Professional,1,1.0
Alistair Scanes,Eshal Brandt,Studious,1,2.0
Alistair Scanes,Eshal Brandt,Imaginative,1,3.0
Alistair Scanes,Eshal Brandt,Analytic,2,3.0
Alistair Scanes,Eshal Brandt,Independent,2,4.0
Alistair Scanes,Eshal Brandt,Determined,2,2.0
Alistair Scanes,Eshal Brandt,Professional,2,5.0
Alistair Scanes,Eshal Brandt,Studious,2,3.0
Alistair Scanes,Eshal Brandt,Imaginative,2,2.0
Alistair Scanes,Eshal Brandt,Analytic,3,3.0
Alistair Scanes,Eshal Brandt,Independent,3,2.0
Alistair Scanes,Eshal Brandt,Determined,3,3.0
Alistair Scanes,Eshal Brandt,Professional,3,3.0
Alistair Scanes,Eshal Brandt,Studious,3,3.0
Alistair Scanes,Eshal Brandt,Imaginative,3,3.0
Alistair Scanes,Eshal Brandt,Analytic,4,6.0
Alistair Scanes,Eshal Brandt,Independent,4,8.0
Alistair Scanes,Eshal Brandt,Determined,4,2.0
Alistair Scanes,Eshal Brandt,Professional,4,4.0
Alistair Scanes,Eshal Brandt,Studious,4,8.0
Alistair Scanes,Eshal Brandt,Imaginative,4,3.0
Alistair Scanes,Eshal Brandt,Analytic,5,4.0
Alistair Scanes,Eshal Brandt,Independent,5,4.0
Alistair Scanes,Eshal Brandt,Determined,5,5.0
Alistair Scanes,Eshal Brandt,Professional,5,7.0
Alistair Scanes,Eshal Brandt,Studious,5,6.0
Alistair Scanes,Eshal Brandt,Imaginative,5,6.0
Alistair Scanes,Eshal Brandt,Analytic,6,3.0
Alistair Scanes,Eshal Brandt,Independent,6,4.0
Alistair Scanes,Eshal Brandt,Determined,6,8.0
Alistair Scanes,Eshal Brandt,Professional,6,8.0
Alistair Scanes,Eshal Brandt,Studious,6,5.0
Alistair Scanes,Eshal Brandt,Imaginative,6,7.0
Alistair Scanes,Eshal Brandt,Analytic,7,8.0
Alistair Scanes,Eshal Brandt,Independent,7,6.0
Alistair Scanes,Eshal Brandt,Determined,7,8.0
Alistair Scanes,Eshal Brandt,Professional,7,8.0
Alistair Scanes,Eshal Brandt,Studious,7,7.0
Alistair Scanes,Eshal Brandt,Imaginative,7,8.0
Alistair Scanes,Eshal Brandt,Analytic,8,8.0
Alistair Scanes,Eshal Brandt,Independent,8,5.0
Alistair Scanes,Eshal Brandt,Determined,8,8.0
Alistair Scanes,Eshal Brandt,Professional,8,8.0
Alistair Scanes,Eshal Brandt,Studious,8,7.0
Alistair Scanes,Eshal Brandt,Imaginative,8,5.0
Alistair Scanes,Eshal Brandt,Analytic,9,8.0
Alistair Scanes,Eshal Brandt,Independent,9,8.0
Alistair Scanes,Eshal Brandt,Determined,9,8.0
Alistair Scanes,Eshal Brandt,Professional,9,4.0
Alistair Scanes,Eshal Brandt,Studious,9,7.0
Alistair Scanes,Eshal Brandt,Imaginative,9,8.0
Alistair Scanes,Eshal Brandt,Analytic,10,8.0
Alistair Scanes,Eshal Brandt,Independent,10,8.0
Alistair Scanes,Eshal Brandt,Determined,10,8.0
Alistair Scanes,Eshal Brandt,Professional,10,8.0
Alistair Scanes,Eshal Brandt,Studious,10,8.0
Alistair Scanes,Eshal Brandt,Imaginative,10,8.0
Homere Stentiford,Eshal Brandt,Analytic,1,2.0
Homere Stentiford,Eshal Brandt,Independent,1,2.0
Homere Stentiford,Eshal Brandt,Determined,1,4.0
Homere Stentiford,Eshal Brandt,Professional,1,2.0
Homere Stentiford,Eshal Brandt,Studious,1,5.0
Homere Stentiford,Eshal Brandt,Imaginative,1,3.0
Homere Stentiford,Eshal Brandt,Analytic,2,1.0
Homere Stentiford,Eshal Brandt,Independent,2,3.0
Homere Stentiford,Eshal Brandt,Determined,2,2.0
Homere Stentiford,Eshal Brandt,Professional,2,1.0
Homere Stentiford,Eshal Brandt,Studious,2,6.0
Homere Stentiford,Eshal Brandt,Imaginative,2,2.0
Homere Stentiford,Eshal Brandt,Analytic,3,3.0
Homere Stentiford,Eshal Brandt,Independent,3,3.0
Homere Stentiford,Eshal Brandt,Determined,3,2.0
Homere Stentiford,Eshal Brandt,Professional,3,3.0
Homere Stentiford,Eshal Brandt,Studious,3,7.0
Homere Stentiford,Eshal Brandt,Imaginative,3,3.0
Homere Stentiford,Eshal Brandt,Analytic,4,5.0
Homere Stentiford,Eshal Brandt,Independent,4,4.0
Homere Stentiford,Eshal Brandt,Determined,4,7.0
Homere Stentiford,Eshal Brandt,Professional,4,5.0
Homere Stentiford,Eshal Brandt,Studious,4,4.0
Homere Stentiford,Eshal Brandt,Imaginative,4,4.0
Homere Stentiford,Eshal Brandt,Analytic,5,8.0
Homere Stentiford,Eshal Brandt,Independent,5,8.0
Homere Stentiford,Eshal Brandt,Determined,5,8.0
Homere Stentiford,Eshal Brandt,Professional,5,5.0
Homere Stentiford,Eshal Brandt,Studious,5,3.0
Homere Stentiford,Eshal Brandt,Imaginative,5,3.0
Homere Stentiford,Eshal Brandt,Analytic,6,7.0
Homere Stentiford,Eshal Brandt,Independent,6,2.0
Homere Stentiford,Eshal Brandt,Determined,6,5.0
Homere Stentiford,Eshal Brandt,Professional,6,7.0
Homere Stentiford,Eshal Brandt,Studious,6,5.0
Homere Stentiford,Eshal Brandt,Imaginative,6,8.0
Homere Stentiford,Eshal Brandt,Analytic,7,7.0
Homere Stentiford,Eshal Brandt,Independent,7,8.0
Homere Stentiford,Eshal Brandt,Determined,7,8.0
Homere Stentiford,Eshal Brandt,Professional,7,2.0
Homere Stentiford,Eshal Brandt,Studious,7,6.0
Homere Stentiford,Eshal Brandt,Imaginative,7,8.0
Homere Stentiford,Eshal Brandt,Analytic,8,8.0
Homere Stentiford,Eshal Brandt,Independent,8,8.0
Homere Stentiford,Eshal Brandt,Determined,8,4.0
Homere Stentiford,Eshal Brandt,Professional,8,8.0
Homere Stentiford,Eshal Brandt,Studious,8,8.0
Homere Stentiford,Eshal Brandt,Imaginative,8,4.0
Homere Stentiford,Eshal Brandt,Analytic,9,8.0
Homere Stentiford,Eshal Brandt,Independent,9,7.0
Homere Stentiford,Eshal Brandt,Determined,9,8.0
Homere Stentiford,Eshal Brandt,Professional,9,8.0
Homere Stentiford,Eshal Brandt,Studious,9,5.0
Homere Stentiford,Eshal Brandt,Imaginative,9,6.0
Homere Stentiford,Eshal Brandt,Analytic,10,8.0
Homere Stentiford,Eshal Brandt,Independent,10,8.0
Homere Stentiford,Eshal Brandt,Determined,10,8.0
Homere Stentiford,Eshal Brandt,Professional,10,8.0
Homere Stentiford,Eshal Brandt,Studious,10,8.0
Homere Stentiford,Eshal Brandt,Imaginative,10,8.0
Alvie Bleackly,Eshal Brandt,Analytic,1,4.0
Alvie Bleackly,Eshal Brandt,Independent,1,3.0
Alvie Bleackly,Eshal Brandt,Determined,1,2.0
Alvie Bleackly,Eshal Brandt,Professional,1,3.0
Alvie Bleackly,Eshal Brandt,Studious,1,5.0
Alvie Bleackly,Eshal Brandt,Imaginative,1,2.0
Alvie Bleackly,Eshal Brandt,Analytic,2,4.0
Alvie Bleackly,Eshal Brandt,Independent,2,1.0
Alvie Bleackly,Eshal Brandt,Determined,2,4.0
Alvie Bleackly,Eshal Brandt,Professional,2,1.0
Alvie Bleackly,Eshal Brandt,Studious,2,3.0
Alvie Bleackly,Eshal Brandt,Imaginative,2,1.0
Alvie Bleackly,Eshal Brandt,Analytic,3,6.0
Alvie Bleackly,Eshal Brandt,Independent,3,3.0
Alvie Bleackly,Eshal Brandt,Determined,3,1.0
Alvie Bleackly,Eshal Brandt,Professional,3,2.0
Alvie Bleackly,Eshal Brandt,Studious,3,1.0
Alvie Bleackly,Eshal Brandt,Imaginative,3,6.0
Alvie Bleackly,Eshal Brandt,Analytic,4,7.0
Alvie Bleackly,Eshal Brandt,Independent,4,8.0
Alvie Bleackly,Eshal Brandt,Determined,4,8.0
Alvie Bleackly,Eshal Brandt,Professional,4,8.0
Alvie Bleackly,Eshal Brandt,Studious,4,5.0
Alvie Bleackly,Eshal Brandt,Imaginative,4,4.0
Alvie Bleackly,Eshal Brandt,Analytic,5,6.0
Alvie Bleackly,Eshal Brandt,Independent,5,7.0
Alvie Bleackly,Eshal Brandt,Determined,5,8.0
Alvie Bleackly,Eshal Brandt,Professional,5,5.0
Alvie Bleackly,Eshal Brandt,Studious,5,7.0
Alvie Bleackly,Eshal Brandt,Imaginative,5,2.0
Alvie Bleackly,Eshal Brandt,Analytic,6,6.0
Alvie Bleackly,Eshal Brandt,Independent,6,4.0
Alvie Bleackly,Eshal Brandt,Determined,6,4.0
Alvie Bleackly,Eshal Brandt,Professional,6,6.0
Alvie Bleackly,Eshal Brandt,Studious,6,8.0
Alvie Bleackly,Eshal Brandt,Imaginative,6,5.0
Alvie Bleackly,Eshal Brandt,Analytic,7,7.0
Alvie Bleackly,Eshal Brandt,Independent,7,8.0
Alvie Bleackly,Eshal Brandt,Determined,7,8.0
Alvie Bleackly,Eshal Brandt,Professional,7,8.0
Alvie Bleackly,Eshal Brandt,Studious,7,6.0
Alvie Bleackly,Eshal Brandt,Imaginative,7,8.0
Alvie Bleackly,Eshal Brandt,Analytic,8,8.0
Alvie Bleackly,Eshal Brandt,Independent,8,8.0
Alvie Bleackly,Eshal Brandt,Determined,8,8.0
Alvie Bleackly,Eshal Brandt,Professional,8,8.0
Alvie Bleackly,Eshal Brandt,Studious,8,8.0
Alvie Bleackly,Eshal Brandt,Imaginative,8,8.0
Alvie Bleackly,Eshal Brandt,Analytic,9,8.0
Alvie Bleackly,Eshal Brandt,Independent,9,8.0
Alvie Bleackly,Eshal Brandt,Determined,9,8.0
Alvie Bleackly,Eshal Brandt,Professional,9,8.0
Alvie Bleackly,Eshal Brandt,Studious,9,5.0
Alvie Bleackly,Eshal Brandt,Imaginative,9,8.0
Alvie Bleackly,Eshal Brandt,Analytic,10,6.0
Alvie Bleackly,Eshal Brandt,Independent,10,8.0
Alvie Bleackly,Eshal Brandt,Determined,10,8.0
Alvie Bleackly,Eshal Brandt,Professional,10,8.0
Alvie Bleackly,Eshal Brandt,Studious,10,8.0
Alvie Bleackly,Eshal Brandt,Imaginative,10,8.0
Brnaby Bownes,Eshal Brandt,Analytic,1,2.0
Brnaby Bownes,Eshal Brandt,Independent,1,1.0
Brnaby Bownes,Eshal Brandt,Determined,1,4.0
Brnaby Bownes,Eshal Brandt,Professional,1,2.0
Brnaby Bownes,Eshal Brandt,Studious,1,1.0
Brnaby Bownes,Eshal Brandt,Imaginative,1,1.0
Blake Nunson,Eshal Brandt,Analytic,1,4.0
Blake Nunson,Eshal Brandt,Independent,1,2.0
Blake Nunson,Eshal Brandt,Determined,1,2.0
Blake Nunson,Eshal Brandt,Professional,1,3.0
Blake Nunson,Eshal Brandt,Studious,1,2.0
Blake Nunson,Eshal Brandt,Imaginative,1,2.0
Blake Nunson,Eshal Brandt,Analytic,2,2.0
Blake Nunson,Eshal Brandt,Independent,2,5.0
Blake Nunson,Eshal Brandt,Determined,2,2.0
Blake Nunson,Eshal Brandt,Professional,2,2.0
Blake Nunson,Eshal Brandt,Studious,2,4.0
Blake Nunson,Eshal Brandt,Imaginative,2,3.0
Blake Nunson,Eshal Brandt,Analytic,3,7.0
Blake Nunson,Eshal Brandt,Independent,3,3.0
Blake Nunson,Eshal Brandt,Determined,3,3.0
Blake Nunson,Eshal Brandt,Professional,3,2.0
Blake Nunson,Eshal Brandt,Studious,3,2.0
Blake Nunson,Eshal Brandt,Imaginative,3,2.0
Blake Nunson,Eshal Brandt,Analytic,4,3.0
Blake Nunson,Eshal Brandt,Independent,4,5.0
Blake Nunson,Eshal Brandt,Determined,4,7.0
Blake Nunson,Eshal Brandt,Professional,4,4.0
Blake Nunson,Eshal Brandt,Studious,4,5.0
Blake Nunson,Eshal Brandt,Imaginative,4,6.0
Blake Nunson,Eshal Brandt,Analytic,5,8.0
Blake Nunson,Eshal Brandt,Independent,5,2.0
Blake Nunson,Eshal Brandt,Determined,5,4.0
Blake Nunson,Eshal Brandt,Professional,5,5.0
Blake Nunson,Eshal Brandt,Studious,5,7.0
Blake Nunson,Eshal Brandt,Imaginative,5,8.0
Blake Nunson,Eshal Brandt,Analytic,6,6.0
Blake Nunson,Eshal Brandt,Independent,6,2.0
Blake Nunson,Eshal Brandt,Determined,6,3.0
Blake Nunson,Eshal Brandt,Professional,6,6.0
Blake Nunson,Eshal Brandt,Studious,6,7.0
Blake Nunson,Eshal Brandt,Imaginative,6,8.0
Blake Nunson,Eshal Brandt,Analytic,7,8.0
Blake Nunson,Eshal Brandt,Independent,7,8.0
Blake Nunson,Eshal Brandt,Determined,7,8.0
Blake Nunson,Eshal Brandt,Professional,7,3.0
Blake Nunson,Eshal Brandt,Studious,7,5.0
Blake Nunson,Eshal Brandt,Imaginative,7,8.0
Blake Nunson,Eshal Brandt,Analytic,8,8.0
Blake Nunson,Eshal Brandt,Independent,8,6.0
Blake Nunson,Eshal Brandt,Determined,8,8.0
Blake Nunson,Eshal Brandt,Professional,8,8.0
Blake Nunson,Eshal Brandt,Studious,8,8.0
Blake Nunson,Eshal Brandt,Imaginative,8,8.0
Deirdre Van Den Velde,Eshal Brandt,Analytic,1,4.0
Deirdre Van Den Velde,Eshal Brandt,Independent,1,1.0
Deirdre Van Den Velde,Eshal Brandt,Determined,1,4.0
Deirdre Van Den Velde,Eshal Brandt,Professional,1,1.0
Deirdre Van Den Velde,Eshal Brandt,Studious,1,4.0
Deirdre Van Den Velde,Eshal Brandt,Imaginative,1,2.0
Deirdre Van Den Velde,Eshal Brandt,Analytic,2,1.0
Deirdre Van Den Velde,Eshal Brandt,Independent,2,5.0
Deirdre Van Den Velde,Eshal Brandt,Determined,2,3.0
Deirdre Van Den Velde,Eshal Brandt,Professional,2,4.0
Deirdre Van Den Velde,Eshal Brandt,Studious,2,4.0
Deirdre Van Den Velde,Eshal Brandt,Imaginative,2,1.0
Deirdre Van Den Velde,Eshal Brandt,Analytic,3,3.0
Deirdre Van Den Velde,Eshal Brandt,Independent,3,4.0
Deirdre Van Den Velde,Eshal Brandt,Determined,3,5.0
Deirdre Van Den Velde,Eshal Brandt,Professional,3,4.0
Deirdre Van Den Velde,Eshal Brandt,Studious,3,2.0
Deirdre Van Den Velde,Eshal Brandt,Imaginative,3,3.0
Deirdre Van Den Velde,Eshal Brandt,Analytic,4,8.0
Deirdre Van Den Velde,Eshal Brandt,Independent,4,6.0
Deirdre Van Den Velde,Eshal Brandt,Determined,4,6.0
Deirdre Van Den Velde,Eshal Brandt,Professional,4,5.0
Deirdre Van Den Velde,Eshal Brandt,Studious,4,7.0
Deirdre Van Den Velde,Eshal Brandt,Imaginative,4,6.0
Deirdre Van Den Velde,Eshal Brandt,Analytic,5,8.0
Deirdre Van Den Velde,Eshal Brandt,Independent,5,2.0
Deirdre Van Den Velde,Eshal Brandt,Determined,5,5.0
Deirdre Van Den Velde,Eshal Brandt,Professional,5,8.0
Deirdre Van Den Velde,Eshal Brandt,Studious,5,8.0
Deirdre Van Den Velde,Eshal Brandt,Imaginative,5,6.0
Deirdre Van Den Velde,Eshal Brandt,Analytic,6,2.0
Deirdre Van Den Velde,Eshal Brandt,Independent,6,8.0
Deirdre Van Den Velde,Eshal Brandt,Determined,6,5.0
Deirdre Van Den Velde,Eshal Brandt,Professional,6,4.0
Deirdre Van Den Velde,Eshal Brandt,Studious,6,3.0
Deirdre Van Den Velde,Eshal Brandt,Imaginative,6,8.0
Deirdre Van Den Velde,Eshal Brandt,Analytic,7,8.0
Deirdre Van Den Velde,Eshal Brandt,Independent,7,7.0
Deirdre Van Den Velde,Eshal Brandt,Determined,7,8.0
Deirdre Van Den Velde,Eshal Brandt,Professional,7,5.0
Deirdre Van Den Velde,Eshal Brandt,Studious,7,8.0
Deirdre Van Den Velde,Eshal Brandt,Imaginative,7,8.0
Deirdre Van Den Velde,Eshal Brandt,Analytic,8,8.0
Deirdre Van Den Velde,Eshal Brandt,Independent,8,5.0
Deirdre Van Den Velde,Eshal Brandt,Determined,8,8.0
Deirdre Van Den Velde,Eshal Brandt,Professional,8,8.0
Deirdre Van Den Velde,Eshal Brandt,Studious,8,8.0
Deirdre Van Den Velde,Eshal Brandt,Imaginative,8,8.0
Brose Menghi,Eshal Brandt,Analytic,1,1.0
Brose Menghi,Eshal Brandt,Independent,1,5.0
Brose Menghi,Eshal Brandt,Determined,1,3.0
Brose Menghi,Eshal Brandt,Professional,1,1.0
Brose Menghi,Eshal Brandt,Studious,1,3.0
Brose Menghi,Eshal Brandt,Imaginative,1,3.0
Brose Menghi,Eshal Brandt,Analytic,2,3.0
Brose Menghi,Eshal Brandt,Independent,2,3.0
Brose Menghi,Eshal Brandt,Determined,2,2.0
Brose Menghi,Eshal Brandt,Professional,2,1.0
Brose Menghi,Eshal Brandt,Studious,2,4.0
Brose Menghi,Eshal Brandt,Imaginative,2,3.0
Brose Menghi,Eshal Brandt,Analytic,3,3.0
Brose Menghi,Eshal Brandt,Independent,3,2.0
Brose Menghi,Eshal Brandt,Determined,3,3.0
Brose Menghi,Eshal Brandt,Professional,3,3.0
Brose Menghi,Eshal Brandt,Studious,3,1.0
Brose Menghi,Eshal Brandt,Imaginative,3,3.0
Brose Menghi,Eshal Brandt,Analytic,4,3.0
Brose Menghi,Eshal Brandt,Independent,4,8.0
Brose Menghi,Eshal Brandt,Determined,4,2.0
Brose Menghi,Eshal Brandt,Professional,4,8.0
Brose Menghi,Eshal Brandt,Studious,4,7.0
Brose Menghi,Eshal Brandt,Imaginative,4,7.0
Brose Menghi,Eshal Brandt,Analytic,5,8.0
Brose Menghi,Eshal Brandt,Independent,5,4.0
Brose Menghi,Eshal Brandt,Determined,5,2.0
Brose Menghi,Eshal Brandt,Professional,5,5.0
Brose Menghi,Eshal Brandt,Studious,5,7.0
Brose Menghi,Eshal Brandt,Imaginative,5,4.0
Brose Menghi,Eshal Brandt,Analytic,6,7.0
Brose Menghi,Eshal Brandt,Independent,6,8.0
Brose Menghi,Eshal Brandt,Determined,6,6.0
Brose Menghi,Eshal Brandt,Professional,6,6.0
Brose Menghi,Eshal Brandt,Studious,6,4.0
Brose Menghi,Eshal Brandt,Imaginative,6,8.0
Brose Menghi,Eshal Brandt,Analytic,7,6.0
Brose Menghi,Eshal Brandt,Independent,7,8.0
Brose Menghi,Eshal Brandt,Determined,7,8.0
Brose Menghi,Eshal Brandt,Professional,7,8.0
Brose Menghi,Eshal Brandt,Studious,7,8.0
Brose Menghi,Eshal Brandt,Imaginative,7,8.0
Brose Menghi,Eshal Brandt,Analytic,8,7.0
Brose Menghi,Eshal Brandt,Independent,8,8.0
Brose Menghi,Eshal Brandt,Determined,8,4.0
Brose Menghi,Eshal Brandt,Professional,8,8.0
Brose Menghi,Eshal Brandt,Studious,8,8.0
Brose Menghi,Eshal Brandt,Imaginative,8,4.0
Edithe Dimitrov,Eshal Brandt,Analytic,1,1.0
Edithe Dimitrov,Eshal Brandt,Independent,1,3.0
Edithe Dimitrov,Eshal Brandt,Determined,1,3.0
Edithe Dimitrov,Eshal Brandt,Professional,1,2.0
Edithe Dimitrov,Eshal Brandt,Studious,1,3.0
Edithe Dimitrov,Eshal Brandt,Imaginative,1,6.0
Edithe Dimitrov,Eshal Brandt,Analytic,2,3.0
Edithe Dimitrov,Eshal Brandt,Independent,2,5.0
Edithe Dimitrov,Eshal Brandt,Determined,2,2.0
Edithe Dimitrov,Eshal Brandt,Professional,2,2.0
Edithe Dimitrov,Eshal Brandt,Studious,2,3.0
Edithe Dimitrov,Eshal Brandt,Imaginative,2,2.0
Edithe Dimitrov,Eshal Brandt,Analytic,3,3.0
Edithe Dimitrov,Eshal Brandt,Independent,3,1.0
Edithe Dimitrov,Eshal Brandt,Determined,3,3.0
Edithe Dimitrov,Eshal Brandt,Professional,3,3.0
Edithe Dimitrov,Eshal Brandt,Studious,3,1.0
Edithe Dimitrov,Eshal Brandt,Imaginative,3,4.0
Edithe Dimitrov,Eshal Brandt,Analytic,4,5.0
Edithe Dimitrov,Eshal Brandt,Independent,4,6.0
Edithe Dimitrov,Eshal Brandt,Determined,4,7.0
Edithe Dimitrov,Eshal Brandt,Professional,4,7.0
Edithe Dimitrov,Eshal Brandt,Studious,4,8.0
Edithe Dimitrov,Eshal Brandt,Imaginative,4,8.0
Edithe Dimitrov,Eshal Brandt,Analytic,5,6.0
Edithe Dimitrov,Eshal Brandt,Independent,5,6.0
Edithe Dimitrov,Eshal Brandt,Determined,5,4.0
Edithe Dimitrov,Eshal Brandt,Professional,5,6.0
Edithe Dimitrov,Eshal Brandt,Studious,5,5.0
Edithe Dimitrov,Eshal Brandt,Imaginative,5,3.0
Edithe Dimitrov,Eshal Brandt,Analytic,6,8.0
Edithe Dimitrov,Eshal Brandt,Independent,6,6.0
Edithe Dimitrov,Eshal Brandt,Determined,6,8.0
Edithe Dimitrov,Eshal Brandt,Professional,6,4.0
Edithe Dimitrov,Eshal Brandt,Studious,6,2.0
Edithe Dimitrov,Eshal Brandt,Imaginative,6,1.0
Edithe Dimitrov,Eshal Brandt,Analytic,7,8.0
Edithe Dimitrov,Eshal Brandt,Independent,7,7.0
Edithe Dimitrov,Eshal Brandt,Determined,7,7.0
Edithe Dimitrov,Eshal Brandt,Professional,7,8.0
Edithe Dimitrov,Eshal Brandt,Studious,7,8.0
Edithe Dimitrov,Eshal Brandt,Imaginative,7,8.0
Edithe Dimitrov,Eshal Brandt,Analytic,8,8.0
Edithe Dimitrov,Eshal Brandt,Independent,8,8.0
Edithe Dimitrov,Eshal Brandt,Determined,8,8.0
Edithe Dimitrov,Eshal Brandt,Professional,8,8.0
Edithe Dimitrov,Eshal Brandt,Studious,8,8.0
Edithe Dimitrov,Eshal Brandt,Imaginative,8,8.0
Demetrius Tunstall,Eshal Brandt,Analytic,1,5.0
Demetrius Tunstall,Eshal Brandt,Independent,1,2.0
Demetrius Tunstall,Eshal Brandt,Determined,1,2.0
Demetrius Tunstall,Eshal Brandt,Professional,1,4.0
Demetrius Tunstall,Eshal Brandt,Studious,1,1.0
Demetrius Tunstall,Eshal Brandt,Imaginative,1,3.0
Demetrius Tunstall,Eshal Brandt,Analytic,2,8.0
Demetrius Tunstall,Eshal Brandt,Independent,2,3.0
Demetrius Tunstall,Eshal Brandt,Determined,2,4.0
Demetrius Tunstall,Eshal Brandt,Professional,2,6.0
Demetrius Tunstall,Eshal Brandt,Studious,2,4.0
Demetrius Tunstall,Eshal Brandt,Imaginative,2,1.0
Demetrius Tunstall,Eshal Brandt,Analytic,3,2.0
Demetrius Tunstall,Eshal Brandt,Independent,3,2.0
Demetrius Tunstall,Eshal Brandt,Determined,3,1.0
Demetrius Tunstall,Eshal Brandt,Professional,3,2.0
Demetrius Tunstall,Eshal Brandt,Studious,3,1.0
Demetrius Tunstall,Eshal Brandt,Imaginative,3,2.0
Chucho Galfour,Eshal Brandt,Analytic,1,6.0
Chucho Galfour,Eshal Brandt,Independent,1,2.0
Chucho Galfour,Eshal Brandt,Determined,1,6.0
Chucho Galfour,Eshal Brandt,Professional,1,1.0
Chucho Galfour,Eshal Brandt,Studious,1,3.0
Chucho Galfour,Eshal Brandt,Imaginative,1,5.0
Chucho Galfour,Eshal Brandt,Analytic,2,3.0
Chucho Galfour,Eshal Brandt,Independent,2,3.0
Chucho Galfour,Eshal Brandt,Determined,2,3.0
Chucho Galfour,Eshal Brandt,Professional,2,3.0
Chucho Galfour,Eshal Brandt,Studious,2,2.0
Chucho Galfour,Eshal Brandt,Imaginative,2,5.0
Chucho Galfour,Eshal Brandt,Analytic,3,2.0
Chucho Galfour,Eshal Brandt,Independent,3,4.0
Chucho Galfour,Eshal Brandt,Determined,3,4.0
Chucho Galfour,Eshal Brandt,Professional,3,3.0
Chucho Galfour,Eshal Brandt,Studious,3,1.0
Chucho Galfour,Eshal Brandt,Imaginative,3,3.0
Chucho Galfour,Eshal Brandt,Analytic,4,8.0
Chucho Galfour,Eshal Brandt,Independent,4,3.0
Chucho Galfour,Eshal Brandt,Determined,4,8.0
Chucho Galfour,Eshal Brandt,Professional,4,6.0
Chucho Galfour,Eshal Brandt,Studious,4,8.0
Chucho Galfour,Eshal Brandt,Imaginative,4,1.0
Chucho Galfour,Eshal Brandt,Analytic,5,8.0
Chucho Galfour,Eshal Brandt,Independent,5,7.0
Chucho Galfour,Eshal Brandt,Determined,5,8.0
Chucho Galfour,Eshal Brandt,Professional,5,8.0
Chucho Galfour,Eshal Brandt,Studious,5,5.0
Chucho Galfour,Eshal Brandt,Imaginative,5,6.0
Chucho Galfour,Eshal Brandt,Analytic,6,6.0
Chucho Galfour,Eshal Brandt,Independent,6,8.0
Chucho Galfour,Eshal Brandt,Determined,6,5.0
Chucho Galfour,Eshal Brandt,Professional,6,6.0
Chucho Galfour,Eshal Brandt,Studious,6,3.0
Chucho Galfour,Eshal Brandt,Imaginative,6,8.0
Chucho Galfour,Eshal Brandt,Analytic,7,8.0
Chucho Galfour,Eshal Brandt,Independent,7,8.0
Chucho Galfour,Eshal Brandt,Determined,7,8.0
Chucho Galfour,Eshal Brandt,Professional,7,8.0
Chucho Galfour,Eshal Brandt,Studious,7,5.0
Chucho Galfour,Eshal Brandt,Imaginative,7,8.0
Chucho Galfour,Eshal Brandt,Analytic,8,8.0
Chucho Galfour,Eshal Brandt,Independent,8,6.0
Chucho Galfour,Eshal Brandt,Determined,8,5.0
Chucho Galfour,Eshal Brandt,Professional,8,8.0
Chucho Galfour,Eshal Brandt,Studious,8,4.0
Chucho Galfour,Eshal Brandt,Imaginative,8,8.0
Mozelle Grinnov,Eshal Brandt,Analytic,1,2.0
Mozelle Grinnov,Eshal Brandt,Independent,1,5.0
Mozelle Grinnov,Eshal Brandt,Determined,1,1.0
Mozelle Grinnov,Eshal Brandt,Professional,1,1.0
Mozelle Grinnov,Eshal Brandt,Studious,1,3.0
Mozelle Grinnov,Eshal Brandt,Imaginative,1,3.0
Mozelle Grinnov,Eshal Brandt,Analytic,2,2.0
Mozelle Grinnov,Eshal Brandt,Independent,2,2.0
Mozelle Grinnov,Eshal Brandt,Determined,2,5.0
Mozelle Grinnov,Eshal Brandt,Professional,2,7.0
Mozelle Grinnov,Eshal Brandt,Studious,2,2.0
Mozelle Grinnov,Eshal Brandt,Imaginative,2,1.0
Mozelle Grinnov,Eshal Brandt,Analytic,3,4.0
Mozelle Grinnov,Eshal Brandt,Independent,3,2.0
Mozelle Grinnov,Eshal Brandt,Determined,3,2.0
Mozelle Grinnov,Eshal Brandt,Professional,3,2.0
Mozelle Grinnov,Eshal Brandt,Studious,3,5.0
Mozelle Grinnov,Eshal Brandt,Imaginative,3,2.0
Mozelle Grinnov,Eshal Brandt,Analytic,4,7.0
Mozelle Grinnov,Eshal Brandt,Independent,4,4.0
Mozelle Grinnov,Eshal Brandt,Determined,4,7.0
Mozelle Grinnov,Eshal Brandt,Professional,4,6.0
Mozelle Grinnov,Eshal Brandt,Studious,4,8.0
Mozelle Grinnov,Eshal Brandt,Imaginative,4,5.0
Mozelle Grinnov,Eshal Brandt,Analytic,5,8.0
Mozelle Grinnov,Eshal Brandt,Independent,5,8.0
Mozelle Grinnov,Eshal Brandt,Determined,5,6.0
Mozelle Grinnov,Eshal Brandt,Professional,5,8.0
Mozelle Grinnov,Eshal Brandt,Studious,5,3.0
Mozelle Grinnov,Eshal Brandt,Imaginative,5,6.0
Mozelle Grinnov,Eshal Brandt,Analytic,6,5.0
Mozelle Grinnov,Eshal Brandt,Independent,6,7.0
Mozelle Grinnov,Eshal Brandt,Determined,6,2.0
Mozelle Grinnov,Eshal Brandt,Professional,6,6.0
Mozelle Grinnov,Eshal Brandt,Studious,6,4.0
Mozelle Grinnov,Eshal Brandt,Imaginative,6,3.0
Mozelle Grinnov,Eshal Brandt,Analytic,7,8.0
Mozelle Grinnov,Eshal Brandt,Independent,7,8.0
Mozelle Grinnov,Eshal Brandt,Determined,7,8.0
Mozelle Grinnov,Eshal Brandt,Professional,7,8.0
Mozelle Grinnov,Eshal Brandt,Studious,7,8.0
Mozelle Grinnov,Eshal Brandt,Imaginative,7,8.0
Mozelle Grinnov,Eshal Brandt,Analytic,8,7.0
Mozelle Grinnov,Eshal Brandt,Independent,8,8.0
Mozelle Grinnov,Eshal Brandt,Determined,8,8.0
Mozelle Grinnov,Eshal Brandt,Professional,8,7.0
Mozelle Grinnov,Eshal Brandt,Studious,8,8.0
Mozelle Grinnov,Eshal Brandt,Imaginative,8,8.0
Roze Yepiskopov,Eshal Brandt,Analytic,1,3.0
Roze Yepiskopov,Eshal Brandt,Independent,1,4.0
Roze Yepiskopov,Eshal Brandt,Determined,1,4.0
Roze Yepiskopov,Eshal Brandt,Professional,1,1.0
Roze Yepiskopov,Eshal Brandt,Studious,1,1.0
Roze Yepiskopov,Eshal Brandt,Imaginative,1,1.0
Roze Yepiskopov,Eshal Brandt,Analytic,2,4.0
Roze Yepiskopov,Eshal Brandt,Independent,2,1.0
Roze Yepiskopov,Eshal Brandt,Determined,2,5.0
Roze Yepiskopov,Eshal Brandt,Professional,2,6.0
Roze Yepiskopov,Eshal Brandt,Studious,2,4.0
Roze Yepiskopov,Eshal Brandt,Imaginative,2,4.0
Roze Yepiskopov,Eshal Brandt,Analytic,3,4.0
Roze Yepiskopov,Eshal Brandt,Independent,3,2.0
Roze Yepiskopov,Eshal Brandt,Determined,3,4.0
Roze Yepiskopov,Eshal Brandt,Professional,3,1.0
Roze Yepiskopov,Eshal Brandt,Studious,3,4.0
Roze Yepiskopov,Eshal Brandt,Imaginative,3,3.0
Roze Yepiskopov,Eshal Brandt,Analytic,4,8.0
Roze Yepiskopov,Eshal Brandt,Independent,4,2.0
Roze Yepiskopov,Eshal Brandt,Determined,4,4.0
Roze Yepiskopov,Eshal Brandt,Professional,4,2.0
Roze Yepiskopov,Eshal Brandt,Studious,4,8.0
Roze Yepiskopov,Eshal Brandt,Imaginative,4,6.0
Roze Yepiskopov,Eshal Brandt,Analytic,5,8.0
Roze Yepiskopov,Eshal Brandt,Independent,5,6.0
Roze Yepiskopov,Eshal Brandt,Determined,5,8.0
Roze Yepiskopov,Eshal Brandt,Professional,5,5.0
Roze Yepiskopov,Eshal Brandt,Studious,5,6.0
Roze Yepiskopov,Eshal Brandt,Imaginative,5,7.0
Roze Yepiskopov,Eshal Brandt,Analytic,6,2.0
Roze Yepiskopov,Eshal Brandt,Independent,6,6.0
Roze Yepiskopov,Eshal Brandt,Determined,6,6.0
Roze Yepiskopov,Eshal Brandt,Professional,6,6.0
Roze Yepiskopov,Eshal Brandt,Studious,6,4.0
Roze Yepiskopov,Eshal Brandt,Imaginative,6,4.0
Roze Yepiskopov,Eshal Brandt,Analytic,7,4.0
Roze Yepiskopov,Eshal Brandt,Independent,7,8.0
Roze Yepiskopov,Eshal Brandt,Determined,7,8.0
Roze Yepiskopov,Eshal Brandt,Professional,7,6.0
Roze Yepiskopov,Eshal Brandt,Studious,7,8.0
Roze Yepiskopov,Eshal Brandt,Imaginative,7,8.0
Roze Yepiskopov,Eshal Brandt,Analytic,8,8.0
Roze Yepiskopov,Eshal Brandt,Independent,8,8.0
Roze Yepiskopov,Eshal Brandt,Determined,8,6.0
Roze Yepiskopov,Eshal Brandt,Professional,8,8.0
Roze Yepiskopov,Eshal Brandt,Studious,8,8.0
Roze Yepiskopov,Eshal Brandt,Imaginative,8,7.0
Denise Oppy,Eshal Brandt,Analytic,1,1.0
Denise Oppy,Eshal Brandt,Independent,1,7.0
Denise Oppy,Eshal Brandt,Determined,1,4.0
Denise Oppy,Eshal Brandt,Professional,1,4.0
Denise Oppy,Eshal Brandt,Studious,1,2.0
Denise Oppy,Eshal Brandt,Imaginative,1,5.0
Denise Oppy,Eshal Brandt,Analytic,2,2.0
Denise Oppy,Eshal Brandt,Independent,2,1.0
Denise Oppy,Eshal Brandt,Determined,2,4.0
Denise Oppy,Eshal Brandt,Professional,2,2.0
Denise Oppy,Eshal Brandt,Studious,2,2.0
Denise Oppy,Eshal Brandt,Imaginative,2,2.0
Denise Oppy,Eshal Brandt,Analytic,3,6.0
Denise Oppy,Eshal Brandt,Independent,3,4.0
Denise Oppy,Eshal Brandt,Determined,3,3.0
Denise Oppy,Eshal Brandt,Professional,3,2.0
Denise Oppy,Eshal Brandt,Studious,3,3.0
Denise Oppy,Eshal Brandt,Imaginative,3,3.0
Denise Oppy,Eshal Brandt,Analytic,4,6.0
Denise Oppy,Eshal Brandt,Independent,4,8.0
Denise Oppy,Eshal Brandt,Determined,4,7.0
Denise Oppy,Eshal Brandt,Professional,4,8.0
Denise Oppy,Eshal Brandt,Studious,4,4.0
Denise Oppy,Eshal Brandt,Imaginative,4,7.0
Denise Oppy,Eshal Brandt,Analytic,5,8.0
Denise Oppy,Eshal Brandt,Independent,5,7.0
Denise Oppy,Eshal Brandt,Determined,5,6.0
Denise Oppy,Eshal Brandt,Professional,5,4.0
Denise Oppy,Eshal Brandt,Studious,5,3.0
Denise Oppy,Eshal Brandt,Imaginative,5,2.0
Denise Oppy,Eshal Brandt,Analytic,6,5.0
Denise Oppy,Eshal Brandt,Independent,6,5.0
Denise Oppy,Eshal Brandt,Determined,6,6.0
Denise Oppy,Eshal Brandt,Professional,6,4.0
Denise Oppy,Eshal Brandt,Studious,6,5.0
Denise Oppy,Eshal Brandt,Imaginative,6,4.0
Denise Oppy,Eshal Brandt,Analytic,7,8.0
Denise Oppy,Eshal Brandt,Independent,7,8.0
Denise Oppy,Eshal Brandt,Determined,7,8.0
Denise Oppy,Eshal Brandt,Professional,7,8.0
Denise Oppy,Eshal Brandt,Studious,7,4.0
Denise Oppy,Eshal Brandt,Imaginative,7,7.0
Denise Oppy,Eshal Brandt,Analytic,8,5.0
Denise Oppy,Eshal Brandt,Independent,8,7.0
Denise Oppy,Eshal Brandt,Determined,8,8.0
Denise Oppy,Eshal Brandt,Professional,8,6.0
Denise Oppy,Eshal Brandt,Studious,8,8.0
Denise Oppy,Eshal Brandt,Imaginative,8,8.0
Rafi Downse,Eshal Brandt,Analytic,1,2.0
Rafi Downse,Eshal Brandt,Independent,1,1.0
Rafi Downse,Eshal Brandt,Determined,1,2.0
Rafi Downse,Eshal Brandt,Professional,1,2.0
Rafi Downse,Eshal Brandt,Studious,1,5.0
Rafi Downse,Eshal Brandt,Imaginative,1,1.0
Rafi Downse,Eshal Brandt,Analytic,2,6.0
Rafi Downse,Eshal Brandt,Independent,2,2.0
Rafi Downse,Eshal Brandt,Determined,2,1.0
Rafi Downse,Eshal Brandt,Professional,2,3.0
Rafi Downse,Eshal Brandt,Studious,2,3.0
Rafi Downse,Eshal Brandt,Imaginative,2,3.0
Rafi Downse,Eshal Brandt,Analytic,3,6.0
Rafi Downse,Eshal Brandt,Independent,3,4.0
Rafi Downse,Eshal Brandt,Determined,3,3.0
Rafi Downse,Eshal Brandt,Professional,3,2.0
Rafi Downse,Eshal Brandt,Studious,3,2.0
Rafi Downse,Eshal Brandt,Imaginative,3,1.0
Rafi Downse,Eshal Brandt,Analytic,4,7.0
Rafi Downse,Eshal Brandt,Independent,4,8.0
Rafi Downse,Eshal Brandt,Determined,4,2.0
Rafi Downse,Eshal Brandt,Professional,4,7.0
Rafi Downse,Eshal Brandt,Studious,4,8.0
Rafi Downse,Eshal Brandt,Imaginative,4,5.0
Rafi Downse,Eshal Brandt,Analytic,5,3.0
Rafi Downse,Eshal Brandt,Independent,5,7.0
Rafi Downse,Eshal Brandt,Determined,5,3.0
Rafi Downse,Eshal Brandt,Professional,5,8.0
Rafi Downse,Eshal Brandt,Studious,5,7.0
Rafi Downse,Eshal Brandt,Imaginative,5,8.0
Rafi Downse,Eshal Brandt,Analytic,6,6.0
Rafi Downse,Eshal Brandt,Independent,6,5.0
Rafi Downse,Eshal Brandt,Determined,6,8.0
Rafi Downse,Eshal Brandt,Professional,6,8.0
Rafi Downse,Eshal Brandt,Studious,6,6.0
Rafi Downse,Eshal Brandt,Imaginative,6,8.0
Rafi Downse,Eshal Brandt,Analytic,7,7.0
Rafi Downse,Eshal Brandt,Independent,7,6.0
Rafi Downse,Eshal Brandt,Determined,7,8.0
Rafi Downse,Eshal Brandt,Professional,7,8.0
Rafi Downse,Eshal Brandt,Studious,7,8.0
Rafi Downse,Eshal Brandt,Imaginative,7,8.0
Rafi Downse,Eshal Brandt,Analytic,8,8.0
Rafi Downse,Eshal Brandt,Independent,8,8.0
Rafi Downse,Eshal Brandt,Determined,8,8.0
Rafi Downse,Eshal Brandt,Professional,8,8.0
Rafi Downse,Eshal Brandt,Studious,8,8.0
Rafi Downse,Eshal Brandt,Imaginative,8,8.0
Camellia Bette,Eshal Brandt,Analytic,1,2.0
Camellia Bette,Eshal Brandt,Independent,1,4.0
Camellia Bette,Eshal Brandt,Determined,1,4.0
Camellia Bette,Eshal Brandt,Professional,1,1.0
Camellia Bette,Eshal Brandt,Studious,1,2.0
Camellia Bette,Eshal Brandt,Imaginative,1,2.0
Camellia Bette,Eshal Brandt,Analytic,2,1.0
Camellia Bette,Eshal Brandt,Independent,2,3.0
Camellia Bette,Eshal Brandt,Determined,2,3.0
Camellia Bette,Eshal Brandt,Professional,2,1.0
Camellia Bette,Eshal Brandt,Studious,2,3.0
Camellia Bette,Eshal Brandt,Imaginative,2,2.0
Camellia Bette,Eshal Brandt,Analytic,3,6.0
Camellia Bette,Eshal Brandt,Independent,3,3.0
Camellia Bette,Eshal Brandt,Determined,3,2.0
Camellia Bette,Eshal Brandt,Professional,3,2.0
Camellia Bette,Eshal Brandt,Studious,3,8.0
Camellia Bette,Eshal Brandt,Imaginative,3,1.0
Camellia Bette,Eshal Brandt,Analytic,4,7.0
Camellia Bette,Eshal Brandt,Independent,4,3.0
Camellia Bette,Eshal Brandt,Determined,4,1.0
Camellia Bette,Eshal Brandt,Professional,4,6.0
Camellia Bette,Eshal Brandt,Studious,4,4.0
Camellia Bette,Eshal Brandt,Imaginative,4,3.0
Camellia Bette,Eshal Brandt,Analytic,5,5.0
Camellia Bette,Eshal Brandt,Independent,5,4.0
Camellia Bette,Eshal Brandt,Determined,5,4.0
Camellia Bette,Eshal Brandt,Professional,5,3.0
Camellia Bette,Eshal Brandt,Studious,5,3.0
Camellia Bette,Eshal Brandt,Imaginative,5,6.0
Camellia Bette,Eshal Brandt,Analytic,6,8.0
Camellia Bette,Eshal Brandt,Independent,6,7.0
Camellia Bette,Eshal Brandt,Determined,6,3.0
Camellia Bette,Eshal Brandt,Professional,6,5.0
Camellia Bette,Eshal Brandt,Studious,6,3.0
Camellia Bette,Eshal Brandt,Imaginative,6,3.0
Camellia Bette,Eshal Brandt,Analytic,7,7.0
Camellia Bette,Eshal Brandt,Independent,7,8.0
Camellia Bette,Eshal Brandt,Determined,7,4.0
Camellia Bette,Eshal Brandt,Professional,7,5.0
Camellia Bette,Eshal Brandt,Studious,7,8.0
Camellia Bette,Eshal Brandt,Imaginative,7,8.0
Camellia Bette,Eshal Brandt,Analytic,8,8.0
Camellia Bette,Eshal Brandt,Independent,8,8.0
Camellia Bette,Eshal Brandt,Determined,8,8.0
Camellia Bette,Eshal Brandt,Professional,8,8.0
Camellia Bette,Eshal Brandt,Studious,8,8.0
Camellia Bette,Eshal Brandt,Imaginative,8,4.0
Care Ife,Eshal Brandt,Analytic,1,4.0
Care Ife,Eshal Brandt,Independent,1,1.0
Care Ife,Eshal Brandt,Determined,1,2.0
Care Ife,Eshal Brandt,Professional,1,1.0
Care Ife,Eshal Brandt,Studious,1,2.0
Care Ife,Eshal Brandt,Imaginative,1,4.0
Care Ife,Eshal Brandt,Analytic,2,3.0
Care Ife,Eshal Brandt,Independent,2,5.0
Care Ife,Eshal Brandt,Determined,2,4.0
Care Ife,Eshal Brandt,Professional,2,2.0
Care Ife,Eshal Brandt,Studious,2,3.0
Care Ife,Eshal Brandt,Imaginative,2,4.0
Care Ife,Eshal Brandt,Analytic,3,4.0
Care Ife,Eshal Brandt,Independent,3,4.0
Care Ife,Eshal Brandt,Determined,3,1.0
Care Ife,Eshal Brandt,Professional,3,2.0
Care Ife,Eshal Brandt,Studious,3,5.0
Care Ife,Eshal Brandt,Imaginative,3,2.0
Care Ife,Eshal Brandt,Analytic,4,8.0
Care Ife,Eshal Brandt,Independent,4,7.0
Care Ife,Eshal Brandt,Determined,4,4.0
Care Ife,Eshal Brandt,Professional,4,8.0
Care Ife,Eshal Brandt,Studious,4,8.0
Care Ife,Eshal Brandt,Imaginative,4,5.0
Care Ife,Eshal Brandt,Analytic,5,8.0
Care Ife,Eshal Brandt,Independent,5,5.0
Care Ife,Eshal Brandt,Determined,5,8.0
Care Ife,Eshal Brandt,Professional,5,6.0
Care Ife,Eshal Brandt,Studious,5,8.0
Care Ife,Eshal Brandt,Imaginative,5,4.0
Care Ife,Eshal Brandt,Analytic,6,6.0
Care Ife,Eshal Brandt,Independent,6,8.0
Care Ife,Eshal Brandt,Determined,6,8.0
Care Ife,Eshal Brandt,Professional,6,6.0
Care Ife,Eshal Brandt,Studious,6,4.0
Care Ife,Eshal Brandt,Imaginative,6,2.0
Care Ife,Eshal Brandt,Analytic,7,8.0
Care Ife,Eshal Brandt,Independent,7,6.0
Care Ife,Eshal Brandt,Determined,7,5.0
Care Ife,Eshal Brandt,Professional,7,8.0
Care Ife,Eshal Brandt,Studious,7,8.0
Care Ife,Eshal Brandt,Imaginative,7,8.0
Care Ife,Eshal Brandt,Analytic,8,6.0
Care Ife,Eshal Brandt,Independent,8,8.0
Care Ife,Eshal Brandt,Determined,8,8.0
Care Ife,Eshal Brandt,Professional,8,4.0
Care Ife,Eshal Brandt,Studious,8,8.0
Care Ife,Eshal Brandt,Imaginative,8,6.0
Vance Fey,Macey Broughton,Analytic,1,6.0
Vance Fey,Macey Broughton,Independent,1,1.0
Vance Fey,Macey Broughton,Determined,1,6.0
Vance Fey,Macey Broughton,Professional,1,4.0
Vance Fey,Macey Broughton,Studious,1,8.0
Vance Fey,Macey Broughton,Imaginative,1,5.0
Vance Fey,Macey Broughton,Analytic,2,1.0
Vance Fey,Macey Broughton,Independent,2,1.0
Vance Fey,Macey Broughton,Determined,2,1.0
Vance Fey,Macey Broughton,Professional,2,3.0
Vance Fey,Macey Broughton,Studious,2,3.0
Vance Fey,Macey Broughton,Imaginative,2,2.0
Dulcine Duffil,Macey Broughton,Analytic,1,3.0
Dulcine Duffil,Macey Broughton,Independent,1,1.0
Dulcine Duffil,Macey Broughton,Determined,1,4.0
Dulcine Duffil,Macey Broughton,Professional,1,5.0
Dulcine Duffil,Macey Broughton,Studious,1,2.0
Dulcine Duffil,Macey Broughton,Imaginative,1,3.0
Dulcine Duffil,Macey Broughton,Analytic,2,3.0
Dulcine Duffil,Macey Broughton,Independent,2,2.0
Dulcine Duffil,Macey Broughton,Determined,2,2.0
Dulcine Duffil,Macey Broughton,Professional,2,2.0
Dulcine Duffil,Macey Broughton,Studious,2,2.0
Dulcine Duffil,Macey Broughton,Imaginative,2,5.0
Dulcine Duffil,Macey Broughton,Analytic,3,4.0
Dulcine Duffil,Macey Broughton,Independent,3,1.0
Dulcine Duffil,Macey Broughton,Determined,3,1.0
Dulcine Duffil,Macey Broughton,Professional,3,4.0
Dulcine Duffil,Macey Broughton,Studious,3,3.0
Dulcine Duffil,Macey Broughton,Imaginative,3,7.0
Dulcine Duffil,Macey Broughton,Analytic,4,8.0
Dulcine Duffil,Macey Broughton,Independent,4,4.0
Dulcine Duffil,Macey Broughton,Determined,4,2.0
Dulcine Duffil,Macey Broughton,Professional,4,8.0
Dulcine Duffil,Macey Broughton,Studious,4,7.0
Dulcine Duffil,Macey Broughton,Imaginative,4,3.0
Dulcine Duffil,Macey Broughton,Analytic,5,6.0
Dulcine Duffil,Macey Broughton,Independent,5,5.0
Dulcine Duffil,Macey Broughton,Determined,5,4.0
Dulcine Duffil,Macey Broughton,Professional,5,8.0
Dulcine Duffil,Macey Broughton,Studious,5,7.0
Dulcine Duffil,Macey Broughton,Imaginative,5,5.0
Dulcine Duffil,Macey Broughton,Analytic,6,7.0
Dulcine Duffil,Macey Broughton,Independent,6,5.0
Dulcine Duffil,Macey Broughton,Determined,6,8.0
Dulcine Duffil,Macey Broughton,Professional,6,8.0
Dulcine Duffil,Macey Broughton,Studious,6,5.0
Dulcine Duffil,Macey Broughton,Imaginative,6,7.0
Dulcine Duffil,Macey Broughton,Analytic,7,6.0
Dulcine Duffil,Macey Broughton,Independent,7,8.0
Dulcine Duffil,Macey Broughton,Determined,7,6.0
Dulcine Duffil,Macey Broughton,Professional,7,6.0
Dulcine Duffil,Macey Broughton,Studious,7,8.0
Dulcine Duffil,Macey Broughton,Imaginative,7,8.0
Dulcine Duffil,Macey Broughton,Analytic,8,8.0
Dulcine Duffil,Macey Broughton,Independent,8,4.0
Dulcine Duffil,Macey Broughton,Determined,8,8.0
Dulcine Duffil,Macey Broughton,Professional,8,8.0
Dulcine Duffil,Macey Broughton,Studious,8,5.0
Dulcine Duffil,Macey Broughton,Imaginative,8,8.0
Dulcine Duffil,Macey Broughton,Analytic,9,6.0
Dulcine Duffil,Macey Broughton,Independent,9,8.0
Dulcine Duffil,Macey Broughton,Determined,9,8.0
Dulcine Duffil,Macey Broughton,Professional,9,6.0
Dulcine Duffil,Macey Broughton,Studious,9,8.0
Dulcine Duffil,Macey Broughton,Imaginative,9,8.0
Dulcine Duffil,Macey Broughton,Analytic,10,8.0
Dulcine Duffil,Macey Broughton,Independent,10,8.0
Dulcine Duffil,Macey Broughton,Determined,10,8.0
Dulcine Duffil,Macey Broughton,Professional,10,8.0
Dulcine Duffil,Macey Broughton,Studious,10,6.0
Dulcine Duffil,Macey Broughton,Imaginative,10,8.0
Nona Coghlan,Macey Broughton,Analytic,1,7.0
Nona Coghlan,Macey Broughton,Independent,1,2.0
Nona Coghlan,Macey Broughton,Determined,1,4.0
Nona Coghlan,Macey Broughton,Professional,1,4.0
Nona Coghlan,Macey Broughton,Studious,1,1.0
Nona Coghlan,Macey Broughton,Imaginative,1,3.0
Nona Coghlan,Macey Broughton,Analytic,2,4.0
Nona Coghlan,Macey Broughton,Independent,2,3.0
Nona Coghlan,Macey Broughton,Determined,2,3.0
Nona Coghlan,Macey Broughton,Professional,2,5.0
Nona Coghlan,Macey Broughton,Studious,2,4.0
Nona Coghlan,Macey Broughton,Imaginative,2,1.0
Nona Coghlan,Macey Broughton,Analytic,3,2.0
Nona Coghlan,Macey Broughton,Independent,3,4.0
Nona Coghlan,Macey Broughton,Determined,3,4.0
Nona Coghlan,Macey Broughton,Professional,3,3.0
Nona Coghlan,Macey Broughton,Studious,3,4.0
Nona Coghlan,Macey Broughton,Imaginative,3,1.0
Nona Coghlan,Macey Broughton,Analytic,4,8.0
Nona Coghlan,Macey Broughton,Independent,4,8.0
Nona Coghlan,Macey Broughton,Determined,4,8.0
Nona Coghlan,Macey Broughton,Professional,4,4.0
Nona Coghlan,Macey Broughton,Studious,4,8.0
Nona Coghlan,Macey Broughton,Imaginative,4,7.0
Nona Coghlan,Macey Broughton,Analytic,5,5.0
Nona Coghlan,Macey Broughton,Independent,5,4.0
Nona Coghlan,Macey Broughton,Determined,5,6.0
Nona Coghlan,Macey Broughton,Professional,5,5.0
Nona Coghlan,Macey Broughton,Studious,5,8.0
Nona Coghlan,Macey Broughton,Imaginative,5,2.0
Nona Coghlan,Macey Broughton,Analytic,6,8.0
Nona Coghlan,Macey Broughton,Independent,6,7.0
Nona Coghlan,Macey Broughton,Determined,6,7.0
Nona Coghlan,Macey Broughton,Professional,6,6.0
Nona Coghlan,Macey Broughton,Studious,6,7.0
Nona Coghlan,Macey Broughton,Imaginative,6,5.0
Nona Coghlan,Macey Broughton,Analytic,7,7.0
Nona Coghlan,Macey Broughton,Independent,7,8.0
Nona Coghlan,Macey Broughton,Determined,7,8.0
Nona Coghlan,Macey Broughton,Professional,7,8.0
Nona Coghlan,Macey Broughton,Studious,7,5.0
Nona Coghlan,Macey Broughton,Imaginative,7,8.0
Nona Coghlan,Macey Broughton,Analytic,8,8.0
Nona Coghlan,Macey Broughton,Independent,8,8.0
Nona Coghlan,Macey Broughton,Determined,8,7.0
Nona Coghlan,Macey Broughton,Professional,8,8.0
Nona Coghlan,Macey Broughton,Studious,8,5.0
Nona Coghlan,Macey Broughton,Imaginative,8,8.0
Nona Coghlan,Macey Broughton,Analytic,9,8.0
Nona Coghlan,Macey Broughton,Independent,9,6.0
Nona Coghlan,Macey Broughton,Determined,9,4.0
Nona Coghlan,Macey Broughton,Professional,9,8.0
Nona Coghlan,Macey Broughton,Studious,9,8.0
Nona Coghlan,Macey Broughton,Imaginative,9,8.0
Nona Coghlan,Macey Broughton,Analytic,10,8.0
Nona Coghlan,Macey Broughton,Independent,10,8.0
Nona Coghlan,Macey Broughton,Determined,10,8.0
Nona Coghlan,Macey Broughton,Professional,10,8.0
Nona Coghlan,Macey Broughton,Studious,10,8.0
Nona Coghlan,Macey Broughton,Imaginative,10,8.0
Dorette Landall,Macey Broughton,Analytic,1,4.0
Dorette Landall,Macey Broughton,Independent,1,6.0
Dorette Landall,Macey Broughton,Determined,1,2.0
Dorette Landall,Macey Broughton,Professional,1,3.0
Dorette Landall,Macey Broughton,Studious,1,3.0
Dorette Landall,Macey Broughton,Imaginative,1,5.0
Dorette Landall,Macey Broughton,Analytic,2,4.0
Dorette Landall,Macey Broughton,Independent,2,2.0
Dorette Landall,Macey Broughton,Determined,2,7.0
Dorette Landall,Macey Broughton,Professional,2,3.0
Dorette Landall,Macey Broughton,Studious,2,2.0
Dorette Landall,Macey Broughton,Imaginative,2,6.0
Dorette Landall,Macey Broughton,Analytic,3,1.0
Dorette Landall,Macey Broughton,Independent,3,1.0
Dorette Landall,Macey Broughton,Determined,3,1.0
Dorette Landall,Macey Broughton,Professional,3,1.0
Dorette Landall,Macey Broughton,Studious,3,1.0
Dorette Landall,Macey Broughton,Imaginative,3,3.0
Valdemar Smithen,Macey Broughton,Analytic,1,2.0
Valdemar Smithen,Macey Broughton,Independent,1,2.0
Valdemar Smithen,Macey Broughton,Determined,1,2.0
Valdemar Smithen,Macey Broughton,Professional,1,3.0
Valdemar Smithen,Macey Broughton,Studious,1,4.0
Valdemar Smithen,Macey Broughton,Imaginative,1,2.0
Valdemar Smithen,Macey Broughton,Analytic,2,1.0
Valdemar Smithen,Macey Broughton,Independent,2,5.0
Valdemar Smithen,Macey Broughton,Determined,2,2.0
Valdemar Smithen,Macey Broughton,Professional,2,3.0
Valdemar Smithen,Macey Broughton,Studious,2,2.0
Valdemar Smithen,Macey Broughton,Imaginative,2,3.0
Valdemar Smithen,Macey Broughton,Analytic,3,1.0
Valdemar Smithen,Macey Broughton,Independent,3,5.0
Valdemar Smithen,Macey Broughton,Determined,3,4.0
Valdemar Smithen,Macey Broughton,Professional,3,2.0
Valdemar Smithen,Macey Broughton,Studious,3,5.0
Valdemar Smithen,Macey Broughton,Imaginative,3,4.0
Valdemar Smithen,Macey Broughton,Analytic,4,8.0
Valdemar Smithen,Macey Broughton,Independent,4,8.0
Valdemar Smithen,Macey Broughton,Determined,4,3.0
Valdemar Smithen,Macey Broughton,Professional,4,4.0
Valdemar Smithen,Macey Broughton,Studious,4,5.0
Valdemar Smithen,Macey Broughton,Imaginative,4,8.0
Valdemar Smithen,Macey Broughton,Analytic,5,6.0
Valdemar Smithen,Macey Broughton,Independent,5,7.0
Valdemar Smithen,Macey Broughton,Determined,5,7.0
Valdemar Smithen,Macey Broughton,Professional,5,7.0
Valdemar Smithen,Macey Broughton,Studious,5,8.0
Valdemar Smithen,Macey Broughton,Imaginative,5,5.0
Valdemar Smithen,Macey Broughton,Analytic,6,5.0
Valdemar Smithen,Macey Broughton,Independent,6,3.0
Valdemar Smithen,Macey Broughton,Determined,6,3.0
Valdemar Smithen,Macey Broughton,Professional,6,8.0
Valdemar Smithen,Macey Broughton,Studious,6,7.0
Valdemar Smithen,Macey Broughton,Imaginative,6,5.0
Valdemar Smithen,Macey Broughton,Analytic,7,8.0
Valdemar Smithen,Macey Broughton,Independent,7,8.0
Valdemar Smithen,Macey Broughton,Determined,7,8.0
Valdemar Smithen,Macey Broughton,Professional,7,6.0
Valdemar Smithen,Macey Broughton,Studious,7,8.0
Valdemar Smithen,Macey Broughton,Imaginative,7,8.0
Valdemar Smithen,Macey Broughton,Analytic,8,4.0
Valdemar Smithen,Macey Broughton,Independent,8,8.0
Valdemar Smithen,Macey Broughton,Determined,8,7.0
Valdemar Smithen,Macey Broughton,Professional,8,8.0
Valdemar Smithen,Macey Broughton,Studious,8,5.0
Valdemar Smithen,Macey Broughton,Imaginative,8,8.0
Valdemar Smithen,Macey Broughton,Analytic,9,6.0
Valdemar Smithen,Macey Broughton,Independent,9,7.0
Valdemar Smithen,Macey Broughton,Determined,9,6.0
Valdemar Smithen,Macey Broughton,Professional,9,7.0
Valdemar Smithen,Macey Broughton,Studious,9,8.0
Valdemar Smithen,Macey Broughton,Imaginative,9,7.0
Valdemar Smithen,Macey Broughton,Analytic,10,8.0
Valdemar Smithen,Macey Broughton,Independent,10,8.0
Valdemar Smithen,Macey Broughton,Determined,10,8.0
Valdemar Smithen,Macey Broughton,Professional,10,8.0
Valdemar Smithen,Macey Broughton,Studious,10,8.0
Valdemar Smithen,Macey Broughton,Imaginative,10,7.0
Norene Dericut,Macey Broughton,Analytic,1,4.0
Norene Dericut,Macey Broughton,Independent,1,2.0
Norene Dericut,Macey Broughton,Determined,1,2.0
Norene Dericut,Macey Broughton,Professional,1,3.0
Norene Dericut,Macey Broughton,Studious,1,3.0
Norene Dericut,Macey Broughton,Imaginative,1,4.0
Norene Dericut,Macey Broughton,Analytic,2,1.0
Norene Dericut,Macey Broughton,Independent,2,7.0
Norene Dericut,Macey Broughton,Determined,2,3.0
Norene Dericut,Macey Broughton,Professional,2,2.0
Norene Dericut,Macey Broughton,Studious,2,4.0
Norene Dericut,Macey Broughton,Imaginative,2,2.0
Norene Dericut,Macey Broughton,Analytic,3,1.0
Norene Dericut,Macey Broughton,Independent,3,3.0
Norene Dericut,Macey Broughton,Determined,3,2.0
Norene Dericut,Macey Broughton,Professional,3,2.0
Norene Dericut,Macey Broughton,Studious,3,2.0
Norene Dericut,Macey Broughton,Imaginative,3,4.0
Norene Dericut,Macey Broughton,Analytic,4,3.0
Norene Dericut,Macey Broughton,Independent,4,4.0
Norene Dericut,Macey Broughton,Determined,4,8.0
Norene Dericut,Macey Broughton,Professional,4,8.0
Norene Dericut,Macey Broughton,Studious,4,4.0
Norene Dericut,Macey Broughton,Imaginative,4,8.0
Norene Dericut,Macey Broughton,Analytic,5,6.0
Norene Dericut,Macey Broughton,Independent,5,5.0
Norene Dericut,Macey Broughton,Determined,5,2.0
Norene Dericut,Macey Broughton,Professional,5,4.0
Norene Dericut,Macey Broughton,Studious,5,5.0
Norene Dericut,Macey Broughton,Imaginative,5,8.0
Norene Dericut,Macey Broughton,Analytic,6,7.0
Norene Dericut,Macey Broughton,Independent,6,7.0
Norene Dericut,Macey Broughton,Determined,6,3.0
Norene Dericut,Macey Broughton,Professional,6,6.0
Norene Dericut,Macey Broughton,Studious,6,3.0
Norene Dericut,Macey Broughton,Imaginative,6,3.0
Norene Dericut,Macey Broughton,Analytic,7,5.0
Norene Dericut,Macey Broughton,Independent,7,8.0
Norene Dericut,Macey Broughton,Determined,7,6.0
Norene Dericut,Macey Broughton,Professional,7,8.0
Norene Dericut,Macey Broughton,Studious,7,8.0
Norene Dericut,Macey Broughton,Imaginative,7,8.0
Norene Dericut,Macey Broughton,Analytic,8,8.0
Norene Dericut,Macey Broughton,Independent,8,7.0
Norene Dericut,Macey Broughton,Determined,8,8.0
Norene Dericut,Macey Broughton,Professional,8,8.0
Norene Dericut,Macey Broughton,Studious,8,8.0
Norene Dericut,Macey Broughton,Imaginative,8,7.0
Norene Dericut,Macey Broughton,Analytic,9,8.0
Norene Dericut,Macey Broughton,Independent,9,8.0
Norene Dericut,Macey Broughton,Determined,9,8.0
Norene Dericut,Macey Broughton,Professional,9,8.0
Norene Dericut,Macey Broughton,Studious,9,8.0
Norene Dericut,Macey Broughton,Imaginative,9,7.0
Norene Dericut,Macey Broughton,Analytic,10,8.0
Norene Dericut,Macey Broughton,Independent,10,7.0
Norene Dericut,Macey Broughton,Determined,10,8.0
Norene Dericut,Macey Broughton,Professional,10,8.0
Norene Dericut,Macey Broughton,Studious,10,8.0
Norene Dericut,Macey Broughton,Imaginative,10,8.0
Jillian Wenn,Macey Broughton,Analytic,1,4.0
Jillian Wenn,Macey Broughton,Independent,1,4.0
Jillian Wenn,Macey Broughton,Determined,1,3.0
Jillian Wenn,Macey Broughton,Professional,1,2.0
Jillian Wenn,Macey Broughton,Studious,1,2.0
Jillian Wenn,Macey Broughton,Imaginative,1,2.0
Jillian Wenn,Macey Broughton,Analytic,2,3.0
Jillian Wenn,Macey Broughton,Independent,2,4.0
Jillian Wenn,Macey Broughton,Determined,2,2.0
Jillian Wenn,Macey Broughton,Professional,2,3.0
Jillian Wenn,Macey Broughton,Studious,2,5.0
Jillian Wenn,Macey Broughton,Imaginative,2,6.0
Jillian Wenn,Macey Broughton,Analytic,3,3.0
Jillian Wenn,Macey Broughton,Independent,3,5.0
Jillian Wenn,Macey Broughton,Determined,3,3.0
Jillian Wenn,Macey Broughton,Professional,3,3.0
Jillian Wenn,Macey Broughton,Studious,3,6.0
Jillian Wenn,Macey Broughton,Imaginative,3,5.0
Jillian Wenn,Macey Broughton,Analytic,4,8.0
Jillian Wenn,Macey Broughton,Independent,4,4.0
Jillian Wenn,Macey Broughton,Determined,4,6.0
Jillian Wenn,Macey Broughton,Professional,4,8.0
Jillian Wenn,Macey Broughton,Studious,4,8.0
Jillian Wenn,Macey Broughton,Imaginative,4,4.0
Jillian Wenn,Macey Broughton,Analytic,5,4.0
Jillian Wenn,Macey Broughton,Independent,5,8.0
Jillian Wenn,Macey Broughton,Determined,5,8.0
Jillian Wenn,Macey Broughton,Professional,5,6.0
Jillian Wenn,Macey Broughton,Studious,5,8.0
Jillian Wenn,Macey Broughton,Imaginative,5,8.0
Jillian Wenn,Macey Broughton,Analytic,6,7.0
Jillian Wenn,Macey Broughton,Independent,6,5.0
Jillian Wenn,Macey Broughton,Determined,6,8.0
Jillian Wenn,Macey Broughton,Professional,6,4.0
Jillian Wenn,Macey Broughton,Studious,6,2.0
Jillian Wenn,Macey Broughton,Imaginative,6,8.0
Jillian Wenn,Macey Broughton,Analytic,7,5.0
Jillian Wenn,Macey Broughton,Independent,7,8.0
Jillian Wenn,Macey Broughton,Determined,7,8.0
Jillian Wenn,Macey Broughton,Professional,7,8.0
Jillian Wenn,Macey Broughton,Studious,7,8.0
Jillian Wenn,Macey Broughton,Imaginative,7,7.0
Jillian Wenn,Macey Broughton,Analytic,8,8.0
Jillian Wenn,Macey Broughton,Independent,8,8.0
Jillian Wenn,Macey Broughton,Determined,8,8.0
Jillian Wenn,Macey Broughton,Professional,8,8.0
Jillian Wenn,Macey Broughton,Studious,8,8.0
Jillian Wenn,Macey Broughton,Imaginative,8,8.0
Jillian Wenn,Macey Broughton,Analytic,9,7.0
Jillian Wenn,Macey Broughton,Independent,9,8.0
Jillian Wenn,Macey Broughton,Determined,9,8.0
Jillian Wenn,Macey Broughton,Professional,9,8.0
Jillian Wenn,Macey Broughton,Studious,9,5.0
Jillian Wenn,Macey Broughton,Imaginative,9,6.0
Jillian Wenn,Macey Broughton,Analytic,10,8.0
Jillian Wenn,Macey Broughton,Independent,10,8.0
Jillian Wenn,Macey Broughton,Determined,10,8.0
Jillian Wenn,Macey Broughton,Professional,10,8.0
Jillian Wenn,Macey Broughton,Studious,10,8.0
Jillian Wenn,Macey Broughton,Imaginative,10,8.0
Saraann Elcombe,Macey Broughton,Analytic,1,1.0
Saraann Elcombe,Macey Broughton,Independent,1,3.0
Saraann Elcombe,Macey Broughton,Determined,1,3.0
Saraann Elcombe,Macey Broughton,Professional,1,3.0
Saraann Elcombe,Macey Broughton,Studious,1,4.0
Saraann Elcombe,Macey Broughton,Imaginative,1,5.0
Saraann Elcombe,Macey Broughton,Analytic,2,3.0
Saraann Elcombe,Macey Broughton,Independent,2,2.0
Saraann Elcombe,Macey Broughton,Determined,2,1.0
Saraann Elcombe,Macey Broughton,Professional,2,1.0
Saraann Elcombe,Macey Broughton,Studious,2,3.0
Saraann Elcombe,Macey Broughton,Imaginative,2,1.0
Jenn Blitz,Mohammad Velazquez,Analytic,1,5.0
Jenn Blitz,Mohammad Velazquez,Independent,1,2.0
Jenn Blitz,Mohammad Velazquez,Determined,1,2.0
Jenn Blitz,Mohammad Velazquez,Professional,1,1.0
Jenn Blitz,Mohammad Velazquez,Studious,1,7.0
Jenn Blitz,Mohammad Velazquez,Imaginative,1,3.0
Jenn Blitz,Mohammad Velazquez,Analytic,2,3.0
Jenn Blitz,Mohammad Velazquez,Independent,2,5.0
Jenn Blitz,Mohammad Velazquez,Determined,2,2.0
Jenn Blitz,Mohammad Velazquez,Professional,2,5.0
Jenn Blitz,Mohammad Velazquez,Studious,2,4.0
Jenn Blitz,Mohammad Velazquez,Imaginative,2,4.0
Jenn Blitz,Mohammad Velazquez,Analytic,3,4.0
Jenn Blitz,Mohammad Velazquez,Independent,3,3.0
Jenn Blitz,Mohammad Velazquez,Determined,3,4.0
Jenn Blitz,Mohammad Velazquez,Professional,3,3.0
Jenn Blitz,Mohammad Velazquez,Studious,3,3.0
Jenn Blitz,Mohammad Velazquez,Imaginative,3,1.0
Jenn Blitz,Mohammad Velazquez,Analytic,4,4.0
Jenn Blitz,Mohammad Velazquez,Independent,4,3.0
Jenn Blitz,Mohammad Velazquez,Determined,4,2.0
Jenn Blitz,Mohammad Velazquez,Professional,4,5.0
Jenn Blitz,Mohammad Velazquez,Studious,4,5.0
Jenn Blitz,Mohammad Velazquez,Imaginative,4,7.0
Jenn Blitz,Mohammad Velazquez,Analytic,5,2.0
Jenn Blitz,Mohammad Velazquez,Independent,5,6.0
Jenn Blitz,Mohammad Velazquez,Determined,5,8.0
Jenn Blitz,Mohammad Velazquez,Professional,5,5.0
Jenn Blitz,Mohammad Velazquez,Studious,5,5.0
Jenn Blitz,Mohammad Velazquez,Imaginative,5,8.0
Jenn Blitz,Mohammad Velazquez,Analytic,6,3.0
Jenn Blitz,Mohammad Velazquez,Independent,6,8.0
Jenn Blitz,Mohammad Velazquez,Determined,6,6.0
Jenn Blitz,Mohammad Velazquez,Professional,6,8.0
Jenn Blitz,Mohammad Velazquez,Studious,6,8.0
Jenn Blitz,Mohammad Velazquez,Imaginative,6,6.0
Jenn Blitz,Mohammad Velazquez,Analytic,7,7.0
Jenn Blitz,Mohammad Velazquez,Independent,7,8.0
Jenn Blitz,Mohammad Velazquez,Determined,7,8.0
Jenn Blitz,Mohammad Velazquez,Professional,7,8.0
Jenn Blitz,Mohammad Velazquez,Studious,7,8.0
Jenn Blitz,Mohammad Velazquez,Imaginative,7,6.0
Jenn Blitz,Mohammad Velazquez,Analytic,8,8.0
Jenn Blitz,Mohammad Velazquez,Independent,8,8.0
Jenn Blitz,Mohammad Velazquez,Determined,8,8.0
Jenn Blitz,Mohammad Velazquez,Professional,8,8.0
Jenn Blitz,Mohammad Velazquez,Studious,8,7.0
Jenn Blitz,Mohammad Velazquez,Imaginative,8,8.0
Chandra Best,Mohammad Velazquez,Analytic,1,4.0
Chandra Best,Mohammad Velazquez,Independent,1,6.0
Chandra Best,Mohammad Velazquez,Determined,1,6.0
Chandra Best,Mohammad Velazquez,Professional,1,6.0
Chandra Best,Mohammad Velazquez,Studious,1,2.0
Chandra Best,Mohammad Velazquez,Imaginative,1,3.0
Chandra Best,Mohammad Velazquez,Analytic,2,2.0
Chandra Best,Mohammad Velazquez,Independent,2,1.0
Chandra Best,Mohammad Velazquez,Determined,2,2.0
Chandra Best,Mohammad Velazquez,Professional,2,4.0
Chandra Best,Mohammad Velazquez,Studious,2,1.0
Chandra Best,Mohammad Velazquez,Imaginative,2,3.0
Chandra Best,Mohammad Velazquez,Analytic,3,1.0
Chandra Best,Mohammad Velazquez,Independent,3,6.0
Chandra Best,Mohammad Velazquez,Determined,3,2.0
Chandra Best,Mohammad Velazquez,Professional,3,5.0
Chandra Best,Mohammad Velazquez,Studious,3,2.0
Chandra Best,Mohammad Velazquez,Imaginative,3,2.0
Chandra Best,Mohammad Velazquez,Analytic,4,8.0
Chandra Best,Mohammad Velazquez,Independent,4,4.0
Chandra Best,Mohammad Velazquez,Determined,4,5.0
Chandra Best,Mohammad Velazquez,Professional,4,7.0
Chandra Best,Mohammad Velazquez,Studious,4,6.0
Chandra Best,Mohammad Velazquez,Imaginative,4,7.0
Chandra Best,Mohammad Velazquez,Analytic,5,8.0
Chandra Best,Mohammad Velazquez,Independent,5,7.0
Chandra Best,Mohammad Velazquez,Determined,5,6.0
Chandra Best,Mohammad Velazquez,Professional,5,5.0
Chandra Best,Mohammad Velazquez,Studious,5,6.0
Chandra Best,Mohammad Velazquez,Imaginative,5,4.0
Chandra Best,Mohammad Velazquez,Analytic,6,4.0
Chandra Best,Mohammad Velazquez,Independent,6,5.0
Chandra Best,Mohammad Velazquez,Determined,6,4.0
Chandra Best,Mohammad Velazquez,Professional,6,8.0
Chandra Best,Mohammad Velazquez,Studious,6,6.0
Chandra Best,Mohammad Velazquez,Imaginative,6,5.0
Chandra Best,Mohammad Velazquez,Analytic,7,8.0
Chandra Best,Mohammad Velazquez,Independent,7,7.0
Chandra Best,Mohammad Velazquez,Determined,7,7.0
Chandra Best,Mohammad Velazquez,Professional,7,8.0
Chandra Best,Mohammad Velazquez,Studious,7,8.0
Chandra Best,Mohammad Velazquez,Imaginative,7,6.0
Chandra Best,Mohammad Velazquez,Analytic,8,8.0
Chandra Best,Mohammad Velazquez,Independent,8,8.0
Chandra Best,Mohammad Velazquez,Determined,8,8.0
Chandra Best,Mohammad Velazquez,Professional,8,6.0
Chandra Best,Mohammad Velazquez,Studious,8,7.0
Chandra Best,Mohammad Velazquez,Imaginative,8,8.0
Boniface Tansley,Mohammad Velazquez,Analytic,1,1.0
Boniface Tansley,Mohammad Velazquez,Independent,1,4.0
Boniface Tansley,Mohammad Velazquez,Determined,1,3.0
Boniface Tansley,Mohammad Velazquez,Professional,1,1.0
Boniface Tansley,Mohammad Velazquez,Studious,1,2.0
Boniface Tansley,Mohammad Velazquez,Imaginative,1,5.0
Boniface Tansley,Mohammad Velazquez,Analytic,2,4.0
Boniface Tansley,Mohammad Velazquez,Independent,2,4.0
Boniface Tansley,Mohammad Velazquez,Determined,2,3.0
Boniface Tansley,Mohammad Velazquez,Professional,2,4.0
Boniface Tansley,Mohammad Velazquez,Studious,2,1.0
Boniface Tansley,Mohammad Velazquez,Imaginative,2,2.0
Boniface Tansley,Mohammad Velazquez,Analytic,3,3.0
Boniface Tansley,Mohammad Velazquez,Independent,3,7.0
Boniface Tansley,Mohammad Velazquez,Determined,3,3.0
Boniface Tansley,Mohammad Velazquez,Professional,3,2.0
Boniface Tansley,Mohammad Velazquez,Studious,3,4.0
Boniface Tansley,Mohammad Velazquez,Imaginative,3,1.0
Boniface Tansley,Mohammad Velazquez,Analytic,4,8.0
Boniface Tansley,Mohammad Velazquez,Independent,4,4.0
Boniface Tansley,Mohammad Velazquez,Determined,4,2.0
Boniface Tansley,Mohammad Velazquez,Professional,4,5.0
Boniface Tansley,Mohammad Velazquez,Studious,4,2.0
Boniface Tansley,Mohammad Velazquez,Imaginative,4,8.0
Boniface Tansley,Mohammad Velazquez,Analytic,5,5.0
Boniface Tansley,Mohammad Velazquez,Independent,5,6.0
Boniface Tansley,Mohammad Velazquez,Determined,5,5.0
Boniface Tansley,Mohammad Velazquez,Professional,5,7.0
Boniface Tansley,Mohammad Velazquez,Studious,5,4.0
Boniface Tansley,Mohammad Velazquez,Imaginative,5,1.0
Boniface Tansley,Mohammad Velazquez,Analytic,6,6.0
Boniface Tansley,Mohammad Velazquez,Independent,6,4.0
Boniface Tansley,Mohammad Velazquez,Determined,6,8.0
Boniface Tansley,Mohammad Velazquez,Professional,6,5.0
Boniface Tansley,Mohammad Velazquez,Studious,6,5.0
Boniface Tansley,Mohammad Velazquez,Imaginative,6,5.0
Boniface Tansley,Mohammad Velazquez,Analytic,7,8.0
Boniface Tansley,Mohammad Velazquez,Independent,7,5.0
Boniface Tansley,Mohammad Velazquez,Determined,7,8.0
Boniface Tansley,Mohammad Velazquez,Professional,7,8.0
Boniface Tansley,Mohammad Velazquez,Studious,7,8.0
Boniface Tansley,Mohammad Velazquez,Imaginative,7,8.0
Boniface Tansley,Mohammad Velazquez,Analytic,8,8.0
Boniface Tansley,Mohammad Velazquez,Independent,8,8.0
Boniface Tansley,Mohammad Velazquez,Determined,8,8.0
Boniface Tansley,Mohammad Velazquez,Professional,8,8.0
Boniface Tansley,Mohammad Velazquez,Studious,8,8.0
Boniface Tansley,Mohammad Velazquez,Imaginative,8,8.0
Cristal Jeans,Mohammad Velazquez,Analytic,1,8.0
Cristal Jeans,Mohammad Velazquez,Independent,1,4.0
Cristal Jeans,Mohammad Velazquez,Determined,1,1.0
Cristal Jeans,Mohammad Velazquez,Professional,1,3.0
Cristal Jeans,Mohammad Velazquez,Studious,1,1.0
Cristal Jeans,Mohammad Velazquez,Imaginative,1,5.0
Cristal Jeans,Mohammad Velazquez,Analytic,2,2.0
Cristal Jeans,Mohammad Velazquez,Independent,2,4.0
Cristal Jeans,Mohammad Velazquez,Determined,2,3.0
Cristal Jeans,Mohammad Velazquez,Professional,2,2.0
Cristal Jeans,Mohammad Velazquez,Studious,2,2.0
Cristal Jeans,Mohammad Velazquez,Imaginative,2,4.0
Cristal Jeans,Mohammad Velazquez,Analytic,3,5.0
Cristal Jeans,Mohammad Velazquez,Independent,3,6.0
Cristal Jeans,Mohammad Velazquez,Determined,3,1.0
Cristal Jeans,Mohammad Velazquez,Professional,3,2.0
Cristal Jeans,Mohammad Velazquez,Studious,3,4.0
Cristal Jeans,Mohammad Velazquez,Imaginative,3,2.0
Cristal Jeans,Mohammad Velazquez,Analytic,4,8.0
Cristal Jeans,Mohammad Velazquez,Independent,4,4.0
Cristal Jeans,Mohammad Velazquez,Determined,4,7.0
Cristal Jeans,Mohammad Velazquez,Professional,4,8.0
Cristal Jeans,Mohammad Velazquez,Studious,4,5.0
Cristal Jeans,Mohammad Velazquez,Imaginative,4,6.0
Cristal Jeans,Mohammad Velazquez,Analytic,5,4.0
Cristal Jeans,Mohammad Velazquez,Independent,5,8.0
Cristal Jeans,Mohammad Velazquez,Determined,5,8.0
Cristal Jeans,Mohammad Velazquez,Professional,5,7.0
Cristal Jeans,Mohammad Velazquez,Studious,5,6.0
Cristal Jeans,Mohammad Velazquez,Imaginative,5,6.0
Cristal Jeans,Mohammad Velazquez,Analytic,6,8.0
Cristal Jeans,Mohammad Velazquez,Independent,6,7.0
Cristal Jeans,Mohammad Velazquez,Determined,6,5.0
Cristal Jeans,Mohammad Velazquez,Professional,6,7.0
Cristal Jeans,Mohammad Velazquez,Studious,6,8.0
Cristal Jeans,Mohammad Velazquez,Imaginative,6,8.0
Cristal Jeans,Mohammad Velazquez,Analytic,7,7.0
Cristal Jeans,Mohammad Velazquez,Independent,7,8.0
Cristal Jeans,Mohammad Velazquez,Determined,7,7.0
Cristal Jeans,Mohammad Velazquez,Professional,7,8.0
Cristal Jeans,Mohammad Velazquez,Studious,7,8.0
Cristal Jeans,Mohammad Velazquez,Imaginative,7,8.0
Cristal Jeans,Mohammad Velazquez,Analytic,8,8.0
Cristal Jeans,Mohammad Velazquez,Independent,8,8.0
Cristal Jeans,Mohammad Velazquez,Determined,8,6.0
Cristal Jeans,Mohammad Velazquez,Professional,8,6.0
Cristal Jeans,Mohammad Velazquez,Studious,8,8.0
Cristal Jeans,Mohammad Velazquez,Imaginative,8,8.0
Urson Sibthorp,Mohammad Velazquez,Analytic,1,4.0
Urson Sibthorp,Mohammad Velazquez,Independent,1,3.0
Urson Sibthorp,Mohammad Velazquez,Determined,1,1.0
Urson Sibthorp,Mohammad Velazquez,Professional,1,1.0
Urson Sibthorp,Mohammad Velazquez,Studious,1,3.0
Urson Sibthorp,Mohammad Velazquez,Imaginative,1,3.0
Urson Sibthorp,Mohammad Velazquez,Analytic,2,4.0
Urson Sibthorp,Mohammad Velazquez,Independent,2,2.0
Urson Sibthorp,Mohammad Velazquez,Determined,2,1.0
Urson Sibthorp,Mohammad Velazquez,Professional,2,1.0
Urson Sibthorp,Mohammad Velazquez,Studious,2,1.0
Urson Sibthorp,Mohammad Velazquez,Imaginative,2,2.0
Vernon Bennough,Mohammad Velazquez,Analytic,1,4.0
Vernon Bennough,Mohammad Velazquez,Independent,1,3.0
Vernon Bennough,Mohammad Velazquez,Determined,1,2.0
Vernon Bennough,Mohammad Velazquez,Professional,1,1.0
Vernon Bennough,Mohammad Velazquez,Studious,1,4.0
Vernon Bennough,Mohammad Velazquez,Imaginative,1,3.0
Vernon Bennough,Mohammad Velazquez,Analytic,2,2.0
Vernon Bennough,Mohammad Velazquez,Independent,2,4.0
Vernon Bennough,Mohammad Velazquez,Determined,2,5.0
Vernon Bennough,Mohammad Velazquez,Professional,2,1.0
Vernon Bennough,Mohammad Velazquez,Studious,2,1.0
Vernon Bennough,Mohammad Velazquez,Imaginative,2,1.0
Vernon Bennough,Mohammad Velazquez,Analytic,3,2.0
Vernon Bennough,Mohammad Velazquez,Independent,3,2.0
Vernon Bennough,Mohammad Velazquez,Determined,3,2.0
Vernon Bennough,Mohammad Velazquez,Professional,3,2.0
Vernon Bennough,Mohammad Velazquez,Studious,3,4.0
Vernon Bennough,Mohammad Velazquez,Imaginative,3,3.0
Vernon Bennough,Mohammad Velazquez,Analytic,4,8.0
Vernon Bennough,Mohammad Velazquez,Independent,4,4.0
Vernon Bennough,Mohammad Velazquez,Determined,4,4.0
Vernon Bennough,Mohammad Velazquez,Professional,4,6.0
Vernon Bennough,Mohammad Velazquez,Studious,4,7.0
Vernon Bennough,Mohammad Velazquez,Imaginative,4,8.0
Vernon Bennough,Mohammad Velazquez,Analytic,5,8.0
Vernon Bennough,Mohammad Velazquez,Independent,5,7.0
Vernon Bennough,Mohammad Velazquez,Determined,5,3.0
Vernon Bennough,Mohammad Velazquez,Professional,5,7.0
Vernon Bennough,Mohammad Velazquez,Studious,5,4.0
Vernon Bennough,Mohammad Velazquez,Imaginative,5,2.0
Vernon Bennough,Mohammad Velazquez,Analytic,6,5.0
Vernon Bennough,Mohammad Velazquez,Independent,6,6.0
Vernon Bennough,Mohammad Velazquez,Determined,6,6.0
Vernon Bennough,Mohammad Velazquez,Professional,6,2.0
Vernon Bennough,Mohammad Velazquez,Studious,6,8.0
Vernon Bennough,Mohammad Velazquez,Imaginative,6,3.0
Vernon Bennough,Mohammad Velazquez,Analytic,7,6.0
Vernon Bennough,Mohammad Velazquez,Independent,7,5.0
Vernon Bennough,Mohammad Velazquez,Determined,7,8.0
Vernon Bennough,Mohammad Velazquez,Professional,7,8.0
Vernon Bennough,Mohammad Velazquez,Studious,7,8.0
Vernon Bennough,Mohammad Velazquez,Imaginative,7,6.0
Vernon Bennough,Mohammad Velazquez,Analytic,8,8.0
Vernon Bennough,Mohammad Velazquez,Independent,8,8.0
Vernon Bennough,Mohammad Velazquez,Determined,8,8.0
Vernon Bennough,Mohammad Velazquez,Professional,8,8.0
Vernon Bennough,Mohammad Velazquez,Studious,8,5.0
Vernon Bennough,Mohammad Velazquez,Imaginative,8,6.0
Payton Turbard,Mohammad Velazquez,Analytic,1,4.0
Payton Turbard,Mohammad Velazquez,Independent,1,2.0
Payton Turbard,Mohammad Velazquez,Determined,1,5.0
Payton Turbard,Mohammad Velazquez,Professional,1,2.0
Payton Turbard,Mohammad Velazquez,Studious,1,4.0
Payton Turbard,Mohammad Velazquez,Imaginative,1,2.0
Payton Turbard,Mohammad Velazquez,Analytic,2,4.0
Payton Turbard,Mohammad Velazquez,Independent,2,5.0
Payton Turbard,Mohammad Velazquez,Determined,2,4.0
Payton Turbard,Mohammad Velazquez,Professional,2,3.0
Payton Turbard,Mohammad Velazquez,Studious,2,4.0
Payton Turbard,Mohammad Velazquez,Imaginative,2,3.0
Payton Turbard,Mohammad Velazquez,Analytic,3,1.0
Payton Turbard,Mohammad Velazquez,Independent,3,6.0
Payton Turbard,Mohammad Velazquez,Determined,3,1.0
Payton Turbard,Mohammad Velazquez,Professional,3,3.0
Payton Turbard,Mohammad Velazquez,Studious,3,3.0
Payton Turbard,Mohammad Velazquez,Imaginative,3,1.0
Payton Turbard,Mohammad Velazquez,Analytic,4,2.0
Payton Turbard,Mohammad Velazquez,Independent,4,6.0
Payton Turbard,Mohammad Velazquez,Determined,4,4.0
Payton Turbard,Mohammad Velazquez,Professional,4,4.0
Payton Turbard,Mohammad Velazquez,Studious,4,6.0
Payton Turbard,Mohammad Velazquez,Imaginative,4,8.0
Payton Turbard,Mohammad Velazquez,Analytic,5,7.0
Payton Turbard,Mohammad Velazquez,Independent,5,7.0
Payton Turbard,Mohammad Velazquez,Determined,5,5.0
Payton Turbard,Mohammad Velazquez,Professional,5,6.0
Payton Turbard,Mohammad Velazquez,Studious,5,7.0
Payton Turbard,Mohammad Velazquez,Imaginative,5,3.0
Payton Turbard,Mohammad Velazquez,Analytic,6,6.0
Payton Turbard,Mohammad Velazquez,Independent,6,3.0
Payton Turbard,Mohammad Velazquez,Determined,6,8.0
Payton Turbard,Mohammad Velazquez,Professional,6,6.0
Payton Turbard,Mohammad Velazquez,Studious,6,7.0
Payton Turbard,Mohammad Velazquez,Imaginative,6,8.0
Payton Turbard,Mohammad Velazquez,Analytic,7,8.0
Payton Turbard,Mohammad Velazquez,Independent,7,8.0
Payton Turbard,Mohammad Velazquez,Determined,7,8.0
Payton Turbard,Mohammad Velazquez,Professional,7,8.0
Payton Turbard,Mohammad Velazquez,Studious,7,8.0
Payton Turbard,Mohammad Velazquez,Imaginative,7,8.0
Payton Turbard,Mohammad Velazquez,Analytic,8,6.0
Payton Turbard,Mohammad Velazquez,Independent,8,8.0
Payton Turbard,Mohammad Velazquez,Determined,8,8.0
Payton Turbard,Mohammad Velazquez,Professional,8,8.0
Payton Turbard,Mohammad Velazquez,Studious,8,8.0
Payton Turbard,Mohammad Velazquez,Imaginative,8,8.0
Lilly Andreasen,Mohammad Velazquez,Analytic,1,2.0
Lilly Andreasen,Mohammad Velazquez,Independent,1,4.0
Lilly Andreasen,Mohammad Velazquez,Determined,1,2.0
Lilly Andreasen,Mohammad Velazquez,Professional,1,2.0
Lilly Andreasen,Mohammad Velazquez,Studious,1,1.0
Lilly Andreasen,Mohammad Velazquez,Imaginative,1,7.0
Lilly Andreasen,Mohammad Velazquez,Analytic,2,2.0
Lilly Andreasen,Mohammad Velazquez,Independent,2,3.0
Lilly Andreasen,Mohammad Velazquez,Determined,2,4.0
Lilly Andreasen,Mohammad Velazquez,Professional,2,1.0
Lilly Andreasen,Mohammad Velazquez,Studious,2,3.0
Lilly Andreasen,Mohammad Velazquez,Imaginative,2,5.0
Lilly Andreasen,Mohammad Velazquez,Analytic,3,1.0
Lilly Andreasen,Mohammad Velazquez,Independent,3,3.0
Lilly Andreasen,Mohammad Velazquez,Determined,3,3.0
Lilly Andreasen,Mohammad Velazquez,Professional,3,2.0
Lilly Andreasen,Mohammad Velazquez,Studious,3,4.0
Lilly Andreasen,Mohammad Velazquez,Imaginative,3,3.0
Lilly Andreasen,Mohammad Velazquez,Analytic,4,8.0
Lilly Andreasen,Mohammad Velazquez,Independent,4,5.0
Lilly Andreasen,Mohammad Velazquez,Determined,4,7.0
Lilly Andreasen,Mohammad Velazquez,Professional,4,8.0
Lilly Andreasen,Mohammad Velazquez,Studious,4,8.0
Lilly Andreasen,Mohammad Velazquez,Imaginative,4,7.0
Lilly Andreasen,Mohammad Velazquez,Analytic,5,6.0
Lilly Andreasen,Mohammad Velazquez,Independent,5,5.0
Lilly Andreasen,Mohammad Velazquez,Determined,5,5.0
Lilly Andreasen,Mohammad Velazquez,Professional,5,5.0
Lilly Andreasen,Mohammad Velazquez,Studious,5,8.0
Lilly Andreasen,Mohammad Velazquez,Imaginative,5,4.0
Lilly Andreasen,Mohammad Velazquez,Analytic,6,3.0
Lilly Andreasen,Mohammad Velazquez,Independent,6,8.0
Lilly Andreasen,Mohammad Velazquez,Determined,6,3.0
Lilly Andreasen,Mohammad Velazquez,Professional,6,7.0
Lilly Andreasen,Mohammad Velazquez,Studious,6,3.0
Lilly Andreasen,Mohammad Velazquez,Imaginative,6,4.0
Lilly Andreasen,Mohammad Velazquez,Analytic,7,8.0
Lilly Andreasen,Mohammad Velazquez,Independent,7,8.0
Lilly Andreasen,Mohammad Velazquez,Determined,7,8.0
Lilly Andreasen,Mohammad Velazquez,Professional,7,8.0
Lilly Andreasen,Mohammad Velazquez,Studious,7,8.0
Lilly Andreasen,Mohammad Velazquez,Imaginative,7,8.0
Lilly Andreasen,Mohammad Velazquez,Analytic,8,8.0
Lilly Andreasen,Mohammad Velazquez,Independent,8,8.0
Lilly Andreasen,Mohammad Velazquez,Determined,8,8.0
Lilly Andreasen,Mohammad Velazquez,Professional,8,8.0
Lilly Andreasen,Mohammad Velazquez,Studious,8,8.0
Lilly Andreasen,Mohammad Velazquez,Imaginative,8,8.0
Dixie O' Flaherty,Mohammad Velazquez,Analytic,1,3.0
Dixie O' Flaherty,Mohammad Velazquez,Independent,1,1.0
Dixie O' Flaherty,Mohammad Velazquez,Determined,1,2.0
Dixie O' Flaherty,Mohammad Velazquez,Professional,1,4.0
Dixie O' Flaherty,Mohammad Velazquez,Studious,1,2.0
Dixie O' Flaherty,Mohammad Velazquez,Imaginative,1,1.0
Dixie O' Flaherty,Mohammad Velazquez,Analytic,2,2.0
Dixie O' Flaherty,Mohammad Velazquez,Independent,2,2.0
Dixie O' Flaherty,Mohammad Velazquez,Determined,2,7.0
Dixie O' Flaherty,Mohammad Velazquez,Professional,2,2.0
Dixie O' Flaherty,Mohammad Velazquez,Studious,2,3.0
Dixie O' Flaherty,Mohammad Velazquez,Imaginative,2,4.0
Dixie O' Flaherty,Mohammad Velazquez,Analytic,3,1.0
Dixie O' Flaherty,Mohammad Velazquez,Independent,3,3.0
Dixie O' Flaherty,Mohammad Velazquez,Determined,3,4.0
Dixie O' Flaherty,Mohammad Velazquez,Professional,3,2.0
Dixie O' Flaherty,Mohammad Velazquez,Studious,3,6.0
Dixie O' Flaherty,Mohammad Velazquez,Imaginative,3,2.0
Dixie O' Flaherty,Mohammad Velazquez,Analytic,4,8.0
Dixie O' Flaherty,Mohammad Velazquez,Independent,4,3.0
Dixie O' Flaherty,Mohammad Velazquez,Determined,4,4.0
Dixie O' Flaherty,Mohammad Velazquez,Professional,4,8.0
Dixie O' Flaherty,Mohammad Velazquez,Studious,4,7.0
Dixie O' Flaherty,Mohammad Velazquez,Imaginative,4,7.0
Dixie O' Flaherty,Mohammad Velazquez,Analytic,5,6.0
Dixie O' Flaherty,Mohammad Velazquez,Independent,5,6.0
Dixie O' Flaherty,Mohammad Velazquez,Determined,5,3.0
Dixie O' Flaherty,Mohammad Velazquez,Professional,5,3.0
Dixie O' Flaherty,Mohammad Velazquez,Studious,5,7.0
Dixie O' Flaherty,Mohammad Velazquez,Imaginative,5,5.0
Dixie O' Flaherty,Mohammad Velazquez,Analytic,6,4.0
Dixie O' Flaherty,Mohammad Velazquez,Independent,6,4.0
Dixie O' Flaherty,Mohammad Velazquez,Determined,6,3.0
Dixie O' Flaherty,Mohammad Velazquez,Professional,6,2.0
Dixie O' Flaherty,Mohammad Velazquez,Studious,6,7.0
Dixie O' Flaherty,Mohammad Velazquez,Imaginative,6,5.0
Dixie O' Flaherty,Mohammad Velazquez,Analytic,7,8.0
Dixie O' Flaherty,Mohammad Velazquez,Independent,7,8.0
Dixie O' Flaherty,Mohammad Velazquez,Determined,7,8.0
Dixie O' Flaherty,Mohammad Velazquez,Professional,7,5.0
Dixie O' Flaherty,Mohammad Velazquez,Studious,7,8.0
Dixie O' Flaherty,Mohammad Velazquez,Imaginative,7,8.0
Dixie O' Flaherty,Mohammad Velazquez,Analytic,8,8.0
Dixie O' Flaherty,Mohammad Velazquez,Independent,8,8.0
Dixie O' Flaherty,Mohammad Velazquez,Determined,8,8.0
Dixie O' Flaherty,Mohammad Velazquez,Professional,8,6.0
Dixie O' Flaherty,Mohammad Velazquez,Studious,8,8.0
Dixie O' Flaherty,Mohammad Velazquez,Imaginative,8,8.0
Engelbert Palatino,Mohammad Velazquez,Analytic,1,3.0
Engelbert Palatino,Mohammad Velazquez,Independent,1,4.0
Engelbert Palatino,Mohammad Velazquez,Determined,1,3.0
Engelbert Palatino,Mohammad Velazquez,Professional,1,1.0
Engelbert Palatino,Mohammad Velazquez,Studious,1,2.0
Engelbert Palatino,Mohammad Velazquez,Imaginative,1,5.0
Engelbert Palatino,Mohammad Velazquez,Analytic,2,6.0
Engelbert Palatino,Mohammad Velazquez,Independent,2,3.0
Engelbert Palatino,Mohammad Velazquez,Determined,2,1.0
Engelbert Palatino,Mohammad Velazquez,Professional,2,1.0
Engelbert Palatino,Mohammad Velazquez,Studious,2,3.0
Engelbert Palatino,Mohammad Velazquez,Imaginative,2,1.0
Engelbert Palatino,Mohammad Velazquez,Analytic,3,5.0
Engelbert Palatino,Mohammad Velazquez,Independent,3,3.0
Engelbert Palatino,Mohammad Velazquez,Determined,3,2.0
Engelbert Palatino,Mohammad Velazquez,Professional,3,2.0
Engelbert Palatino,Mohammad Velazquez,Studious,3,8.0
Engelbert Palatino,Mohammad Velazquez,Imaginative,3,2.0
Engelbert Palatino,Mohammad Velazquez,Analytic,4,6.0
Engelbert Palatino,Mohammad Velazquez,Independent,4,8.0
Engelbert Palatino,Mohammad Velazquez,Determined,4,5.0
Engelbert Palatino,Mohammad Velazquez,Professional,4,8.0
Engelbert Palatino,Mohammad Velazquez,Studious,4,8.0
Engelbert Palatino,Mohammad Velazquez,Imaginative,4,7.0
Engelbert Palatino,Mohammad Velazquez,Analytic,5,5.0
Engelbert Palatino,Mohammad Velazquez,Independent,5,7.0
Engelbert Palatino,Mohammad Velazquez,Determined,5,7.0
Engelbert Palatino,Mohammad Velazquez,Professional,5,5.0
Engelbert Palatino,Mohammad Velazquez,Studious,5,6.0
Engelbert Palatino,Mohammad Velazquez,Imaginative,5,5.0
Engelbert Palatino,Mohammad Velazquez,Analytic,6,8.0
Engelbert Palatino,Mohammad Velazquez,Independent,6,6.0
Engelbert Palatino,Mohammad Velazquez,Determined,6,8.0
Engelbert Palatino,Mohammad Velazquez,Professional,6,1.0
Engelbert Palatino,Mohammad Velazquez,Studious,6,3.0
Engelbert Palatino,Mohammad Velazquez,Imaginative,6,6.0
Engelbert Palatino,Mohammad Velazquez,Analytic,7,8.0
Engelbert Palatino,Mohammad Velazquez,Independent,7,7.0
Engelbert Palatino,Mohammad Velazquez,Determined,7,6.0
Engelbert Palatino,Mohammad Velazquez,Professional,7,8.0
Engelbert Palatino,Mohammad Velazquez,Studious,7,8.0
Engelbert Palatino,Mohammad Velazquez,Imaginative,7,7.0
Engelbert Palatino,Mohammad Velazquez,Analytic,8,8.0
Engelbert Palatino,Mohammad Velazquez,Independent,8,8.0
Engelbert Palatino,Mohammad Velazquez,Determined,8,8.0
Engelbert Palatino,Mohammad Velazquez,Professional,8,8.0
Engelbert Palatino,Mohammad Velazquez,Studious,8,8.0
Engelbert Palatino,Mohammad Velazquez,Imaginative,8,8.0
Dudley Whiles,Mohammad Velazquez,Analytic,1,3.0
Dudley Whiles,Mohammad Velazquez,Independent,1,2.0
Dudley Whiles,Mohammad Velazquez,Determined,1,2.0
Dudley Whiles,Mohammad Velazquez,Professional,1,3.0
Dudley Whiles,Mohammad Velazquez,Studious,1,2.0
Dudley Whiles,Mohammad Velazquez,Imaginative,1,1.0
Dudley Whiles,Mohammad Velazquez,Analytic,2,3.0
Dudley Whiles,Mohammad Velazquez,Independent,2,1.0
Dudley Whiles,Mohammad Velazquez,Determined,2,3.0
Dudley Whiles,Mohammad Velazquez,Professional,2,2.0
Dudley Whiles,Mohammad Velazquez,Studious,2,1.0
Dudley Whiles,Mohammad Velazquez,Imaginative,2,3.0
Dudley Whiles,Mohammad Velazquez,Analytic,3,6.0
Dudley Whiles,Mohammad Velazquez,Independent,3,2.0
Dudley Whiles,Mohammad Velazquez,Determined,3,2.0
Dudley Whiles,Mohammad Velazquez,Professional,3,4.0
Dudley Whiles,Mohammad Velazquez,Studious,3,4.0
Dudley Whiles,Mohammad Velazquez,Imaginative,3,3.0
Dudley Whiles,Mohammad Velazquez,Analytic,4,8.0
Dudley Whiles,Mohammad Velazquez,Independent,4,6.0
Dudley Whiles,Mohammad Velazquez,Determined,4,7.0
Dudley Whiles,Mohammad Velazquez,Professional,4,8.0
Dudley Whiles,Mohammad Velazquez,Studious,4,6.0
Dudley Whiles,Mohammad Velazquez,Imaginative,4,4.0
Dudley Whiles,Mohammad Velazquez,Analytic,5,8.0
Dudley Whiles,Mohammad Velazquez,Independent,5,7.0
Dudley Whiles,Mohammad Velazquez,Determined,5,6.0
Dudley Whiles,Mohammad Velazquez,Professional,5,3.0
Dudley Whiles,Mohammad Velazquez,Studious,5,2.0
Dudley Whiles,Mohammad Velazquez,Imaginative,5,4.0
Dudley Whiles,Mohammad Velazquez,Analytic,6,6.0
Dudley Whiles,Mohammad Velazquez,Independent,6,6.0
Dudley Whiles,Mohammad Velazquez,Determined,6,8.0
Dudley Whiles,Mohammad Velazquez,Professional,6,3.0
Dudley Whiles,Mohammad Velazquez,Studious,6,8.0
Dudley Whiles,Mohammad Velazquez,Imaginative,6,4.0
Dudley Whiles,Mohammad Velazquez,Analytic,7,8.0
Dudley Whiles,Mohammad Velazquez,Independent,7,8.0
Dudley Whiles,Mohammad Velazquez,Determined,7,7.0
Dudley Whiles,Mohammad Velazquez,Professional,7,8.0
Dudley Whiles,Mohammad Velazquez,Studious,7,8.0
Dudley Whiles,Mohammad Velazquez,Imaginative,7,8.0
Dudley Whiles,Mohammad Velazquez,Analytic,8,8.0
Dudley Whiles,Mohammad Velazquez,Independent,8,8.0
Dudley Whiles,Mohammad Velazquez,Determined,8,8.0
Dudley Whiles,Mohammad Velazquez,Professional,8,8.0
Dudley Whiles,Mohammad Velazquez,Studious,8,8.0
Dudley Whiles,Mohammad Velazquez,Imaginative,8,8.0
Tory Aireton,Macey Broughton,Analytic,1,3.0
Tory Aireton,Macey Broughton,Independent,1,4.0
Tory Aireton,Macey Broughton,Determined,1,2.0
Tory Aireton,Macey Broughton,Professional,1,4.0
Tory Aireton,Macey Broughton,Studious,1,1.0
Tory Aireton,Macey Broughton,Imaginative,1,2.0
Tory Aireton,Macey Broughton,Analytic,2,3.0
Tory Aireton,Macey Broughton,Independent,2,1.0
Tory Aireton,Macey Broughton,Determined,2,2.0
Tory Aireton,Macey Broughton,Professional,2,4.0
Tory Aireton,Macey Broughton,Studious,2,3.0
Tory Aireton,Macey Broughton,Imaginative,2,4.0
Tory Aireton,Macey Broughton,Analytic,3,7.0
Tory Aireton,Macey Broughton,Independent,3,2.0
Tory Aireton,Macey Broughton,Determined,3,3.0
Tory Aireton,Macey Broughton,Professional,3,3.0
Tory Aireton,Macey Broughton,Studious,3,4.0
Tory Aireton,Macey Broughton,Imaginative,3,2.0
Tory Aireton,Macey Broughton,Analytic,4,5.0
Tory Aireton,Macey Broughton,Independent,4,7.0
Tory Aireton,Macey Broughton,Determined,4,7.0
Tory Aireton,Macey Broughton,Professional,4,8.0
Tory Aireton,Macey Broughton,Studious,4,6.0
Tory Aireton,Macey Broughton,Imaginative,4,6.0
Tory Aireton,Macey Broughton,Analytic,5,8.0
Tory Aireton,Macey Broughton,Independent,5,5.0
Tory Aireton,Macey Broughton,Determined,5,5.0
Tory Aireton,Macey Broughton,Professional,5,7.0
Tory Aireton,Macey Broughton,Studious,5,6.0
Tory Aireton,Macey Broughton,Imaginative,5,4.0
Tory Aireton,Macey Broughton,Analytic,6,6.0
Tory Aireton,Macey Broughton,Independent,6,4.0
Tory Aireton,Macey Broughton,Determined,6,6.0
Tory Aireton,Macey Broughton,Professional,6,8.0
Tory Aireton,Macey Broughton,Studious,6,6.0
Tory Aireton,Macey Broughton,Imaginative,6,3.0
Tory Aireton,Macey Broughton,Analytic,7,7.0
Tory Aireton,Macey Broughton,Independent,7,7.0
Tory Aireton,Macey Broughton,Determined,7,7.0
Tory Aireton,Macey Broughton,Professional,7,8.0
Tory Aireton,Macey Broughton,Studious,7,7.0
Tory Aireton,Macey Broughton,Imaginative,7,8.0
Tory Aireton,Macey Broughton,Analytic,8,8.0
Tory Aireton,Macey Broughton,Independent,8,8.0
Tory Aireton,Macey Broughton,Determined,8,8.0
Tory Aireton,Macey Broughton,Professional,8,8.0
Tory Aireton,Macey Broughton,Studious,8,8.0
Tory Aireton,Macey Broughton,Imaginative,8,7.0
Tory Aireton,Macey Broughton,Analytic,9,8.0
Tory Aireton,Macey Broughton,Independent,9,8.0
Tory Aireton,Macey Broughton,Determined,9,8.0
Tory Aireton,Macey Broughton,Professional,9,7.0
Tory Aireton,Macey Broughton,Studious,9,3.0
Tory Aireton,Macey Broughton,Imaginative,9,8.0
Tory Aireton,Macey Broughton,Analytic,10,8.0
Tory Aireton,Macey Broughton,Independent,10,8.0
Tory Aireton,Macey Broughton,Determined,10,8.0
Tory Aireton,Macey Broughton,Professional,10,8.0
Tory Aireton,Macey Broughton,Studious,10,8.0
Tory Aireton,Macey Broughton,Imaginative,10,8.0
Kelly Coneybeer,Macey Broughton,Analytic,1,2.0
Kelly Coneybeer,Macey Broughton,Independent,1,2.0
Kelly Coneybeer,Macey Broughton,Determined,1,5.0
Kelly Coneybeer,Macey Broughton,Professional,1,3.0
Kelly Coneybeer,Macey Broughton,Studious,1,1.0
Kelly Coneybeer,Macey Broughton,Imaginative,1,5.0
Kelly Coneybeer,Macey Broughton,Analytic,2,2.0
Kelly Coneybeer,Macey Broughton,Independent,2,2.0
Kelly Coneybeer,Macey Broughton,Determined,2,3.0
Kelly Coneybeer,Macey Broughton,Professional,2,1.0
Kelly Coneybeer,Macey Broughton,Studious,2,2.0
Kelly Coneybeer,Macey Broughton,Imaginative,2,4.0
Kelly Coneybeer,Macey Broughton,Analytic,3,3.0
Kelly Coneybeer,Macey Broughton,Independent,3,4.0
Kelly Coneybeer,Macey Broughton,Determined,3,5.0
Kelly Coneybeer,Macey Broughton,Professional,3,4.0
Kelly Coneybeer,Macey Broughton,Studious,3,6.0
Kelly Coneybeer,Macey Broughton,Imaginative,3,1.0
Kelly Coneybeer,Macey Broughton,Analytic,4,6.0
Kelly Coneybeer,Macey Broughton,Independent,4,6.0
Kelly Coneybeer,Macey Broughton,Determined,4,6.0
Kelly Coneybeer,Macey Broughton,Professional,4,2.0
Kelly Coneybeer,Macey Broughton,Studious,4,4.0
Kelly Coneybeer,Macey Broughton,Imaginative,4,4.0
Kelly Coneybeer,Macey Broughton,Analytic,5,6.0
Kelly Coneybeer,Macey Broughton,Independent,5,5.0
Kelly Coneybeer,Macey Broughton,Determined,5,8.0
Kelly Coneybeer,Macey Broughton,Professional,5,8.0
Kelly Coneybeer,Macey Broughton,Studious,5,4.0
Kelly Coneybeer,Macey Broughton,Imaginative,5,6.0
Kelly Coneybeer,Macey Broughton,Analytic,6,8.0
Kelly Coneybeer,Macey Broughton,Independent,6,8.0
Kelly Coneybeer,Macey Broughton,Determined,6,5.0
Kelly Coneybeer,Macey Broughton,Professional,6,5.0
Kelly Coneybeer,Macey Broughton,Studious,6,5.0
Kelly Coneybeer,Macey Broughton,Imaginative,6,8.0
Kelly Coneybeer,Macey Broughton,Analytic,7,8.0
Kelly Coneybeer,Macey Broughton,Independent,7,5.0
Kelly Coneybeer,Macey Broughton,Determined,7,8.0
Kelly Coneybeer,Macey Broughton,Professional,7,8.0
Kelly Coneybeer,Macey Broughton,Studious,7,8.0
Kelly Coneybeer,Macey Broughton,Imaginative,7,8.0
Kelly Coneybeer,Macey Broughton,Analytic,8,8.0
Kelly Coneybeer,Macey Broughton,Independent,8,8.0
Kelly Coneybeer,Macey Broughton,Determined,8,5.0
Kelly Coneybeer,Macey Broughton,Professional,8,8.0
Kelly Coneybeer,Macey Broughton,Studious,8,8.0
Kelly Coneybeer,Macey Broughton,Imaginative,8,8.0
Kelly Coneybeer,Macey Broughton,Analytic,9,3.0
Kelly Coneybeer,Macey Broughton,Independent,9,5.0
Kelly Coneybeer,Macey Broughton,Determined,9,7.0
Kelly Coneybeer,Macey Broughton,Professional,9,8.0
Kelly Coneybeer,Macey Broughton,Studious,9,3.0
Kelly Coneybeer,Macey Broughton,Imaginative,9,8.0
Kelly Coneybeer,Macey Broughton,Analytic,10,8.0
Kelly Coneybeer,Macey Broughton,Independent,10,8.0
Kelly Coneybeer,Macey Broughton,Determined,10,7.0
Kelly Coneybeer,Macey Broughton,Professional,10,8.0
Kelly Coneybeer,Macey Broughton,Studious,10,8.0
Kelly Coneybeer,Macey Broughton,Imaginative,10,8.0
Mic Wilshire,Macey Broughton,Analytic,1,4.0
Mic Wilshire,Macey Broughton,Independent,1,4.0
Mic Wilshire,Macey Broughton,Determined,1,5.0
Mic Wilshire,Macey Broughton,Professional,1,7.0
Mic Wilshire,Macey Broughton,Studious,1,3.0
Mic Wilshire,Macey Broughton,Imaginative,1,4.0
Mic Wilshire,Macey Broughton,Analytic,2,1.0
Mic Wilshire,Macey Broughton,Independent,2,3.0
Mic Wilshire,Macey Broughton,Determined,2,4.0
Mic Wilshire,Macey Broughton,Professional,2,1.0
Mic Wilshire,Macey Broughton,Studious,2,2.0
Mic Wilshire,Macey Broughton,Imaginative,2,3.0
Mic Wilshire,Macey Broughton,Analytic,3,3.0
Mic Wilshire,Macey Broughton,Independent,3,1.0
Mic Wilshire,Macey Broughton,Determined,3,4.0
Mic Wilshire,Macey Broughton,Professional,3,1.0
Mic Wilshire,Macey Broughton,Studious,3,3.0
Mic Wilshire,Macey Broughton,Imaginative,3,2.0
Mic Wilshire,Macey Broughton,Analytic,4,7.0
Mic Wilshire,Macey Broughton,Independent,4,6.0
Mic Wilshire,Macey Broughton,Determined,4,8.0
Mic Wilshire,Macey Broughton,Professional,4,3.0
Mic Wilshire,Macey Broughton,Studious,4,4.0
Mic Wilshire,Macey Broughton,Imaginative,4,1.0
Mic Wilshire,Macey Broughton,Analytic,5,5.0
Mic Wilshire,Macey Broughton,Independent,5,2.0
Mic Wilshire,Macey Broughton,Determined,5,3.0
Mic Wilshire,Macey Broughton,Professional,5,4.0
Mic Wilshire,Macey Broughton,Studious,5,5.0
Mic Wilshire,Macey Broughton,Imaginative,5,1.0
Mic Wilshire,Macey Broughton,Analytic,6,8.0
Mic Wilshire,Macey Broughton,Independent,6,8.0
Mic Wilshire,Macey Broughton,Determined,6,4.0
Mic Wilshire,Macey Broughton,Professional,6,3.0
Mic Wilshire,Macey Broughton,Studious,6,7.0
Mic Wilshire,Macey Broughton,Imaginative,6,8.0
Mic Wilshire,Macey Broughton,Analytic,7,8.0
Mic Wilshire,Macey Broughton,Independent,7,8.0
Mic Wilshire,Macey Broughton,Determined,7,8.0
Mic Wilshire,Macey Broughton,Professional,7,6.0
Mic Wilshire,Macey Broughton,Studious,7,8.0
Mic Wilshire,Macey Broughton,Imaginative,7,8.0
Mic Wilshire,Macey Broughton,Analytic,8,8.0
Mic Wilshire,Macey Broughton,Independent,8,4.0
Mic Wilshire,Macey Broughton,Determined,8,8.0
Mic Wilshire,Macey Broughton,Professional,8,8.0
Mic Wilshire,Macey Broughton,Studious,8,8.0
Mic Wilshire,Macey Broughton,Imaginative,8,8.0
Mic Wilshire,Macey Broughton,Analytic,9,7.0
Mic Wilshire,Macey Broughton,Independent,9,8.0
Mic Wilshire,Macey Broughton,Determined,9,8.0
Mic Wilshire,Macey Broughton,Professional,9,8.0
Mic Wilshire,Macey Broughton,Studious,9,8.0
Mic Wilshire,Macey Broughton,Imaginative,9,8.0
Mic Wilshire,Macey Broughton,Analytic,10,8.0
Mic Wilshire,Macey Broughton,Independent,10,8.0
Mic Wilshire,Macey Broughton,Determined,10,8.0
Mic Wilshire,Macey Broughton,Professional,10,8.0
Mic Wilshire,Macey Broughton,Studious,10,6.0
Mic Wilshire,Macey Broughton,Imaginative,10,8.0
Florella Boays,Macey Broughton,Analytic,1,1.0
Florella Boays,Macey Broughton,Independent,1,6.0
Florella Boays,Macey Broughton,Determined,1,1.0
Florella Boays,Macey Broughton,Professional,1,2.0
Florella Boays,Macey Broughton,Studious,1,4.0
Florella Boays,Macey Broughton,Imaginative,1,1.0
Florella Boays,Macey Broughton,Analytic,2,3.0
Florella Boays,Macey Broughton,Independent,2,4.0
Florella Boays,Macey Broughton,Determined,2,1.0
Florella Boays,Macey Broughton,Professional,2,2.0
Florella Boays,Macey Broughton,Studious,2,7.0
Florella Boays,Macey Broughton,Imaginative,2,1.0
Florella Boays,Macey Broughton,Analytic,3,5.0
Florella Boays,Macey Broughton,Independent,3,2.0
Florella Boays,Macey Broughton,Determined,3,1.0
Florella Boays,Macey Broughton,Professional,3,2.0
Florella Boays,Macey Broughton,Studious,3,2.0
Florella Boays,Macey Broughton,Imaginative,3,2.0
Florella Boays,Macey Broughton,Analytic,4,5.0
Florella Boays,Macey Broughton,Independent,4,8.0
Florella Boays,Macey Broughton,Determined,4,6.0
Florella Boays,Macey Broughton,Professional,4,8.0
Florella Boays,Macey Broughton,Studious,4,5.0
Florella Boays,Macey Broughton,Imaginative,4,6.0
Florella Boays,Macey Broughton,Analytic,5,8.0
Florella Boays,Macey Broughton,Independent,5,6.0
Florella Boays,Macey Broughton,Determined,5,8.0
Florella Boays,Macey Broughton,Professional,5,7.0
Florella Boays,Macey Broughton,Studious,5,4.0
Florella Boays,Macey Broughton,Imaginative,5,3.0
Florella Boays,Macey Broughton,Analytic,6,8.0
Florella Boays,Macey Broughton,Independent,6,7.0
Florella Boays,Macey Broughton,Determined,6,6.0
Florella Boays,Macey Broughton,Professional,6,2.0
Florella Boays,Macey Broughton,Studious,6,5.0
Florella Boays,Macey Broughton,Imaginative,6,6.0
Florella Boays,Macey Broughton,Analytic,7,5.0
Florella Boays,Macey Broughton,Independent,7,8.0
Florella Boays,Macey Broughton,Determined,7,8.0
Florella Boays,Macey Broughton,Professional,7,4.0
Florella Boays,Macey Broughton,Studious,7,8.0
Florella Boays,Macey Broughton,Imaginative,7,8.0
Florella Boays,Macey Broughton,Analytic,8,8.0
Florella Boays,Macey Broughton,Independent,8,8.0
Florella Boays,Macey Broughton,Determined,8,5.0
Florella Boays,Macey Broughton,Professional,8,8.0
Florella Boays,Macey Broughton,Studious,8,8.0
Florella Boays,Macey Broughton,Imaginative,8,8.0
Florella Boays,Macey Broughton,Analytic,9,8.0
Florella Boays,Macey Broughton,Independent,9,3.0
Florella Boays,Macey Broughton,Determined,9,8.0
Florella Boays,Macey Broughton,Professional,9,8.0
Florella Boays,Macey Broughton,Studious,9,8.0
Florella Boays,Macey Broughton,Imaginative,9,8.0
Florella Boays,Macey Broughton,Analytic,10,8.0
Florella Boays,Macey Broughton,Independent,10,8.0
Florella Boays,Macey Broughton,Determined,10,8.0
Florella Boays,Macey Broughton,Professional,10,8.0
Florella Boays,Macey Broughton,Studious,10,8.0
Florella Boays,Macey Broughton,Imaginative,10,8.0
Marshal Darycott,Macey Broughton,Analytic,1,5.0
Marshal Darycott,Macey Broughton,Independent,1,2.0
Marshal Darycott,Macey Broughton,Determined,1,2.0
Marshal Darycott,Macey Broughton,Professional,1,1.0
Marshal Darycott,Macey Broughton,Studious,1,1.0
Marshal Darycott,Macey Broughton,Imaginative,1,6.0
Marshal Darycott,Macey Broughton,Analytic,2,2.0
Marshal Darycott,Macey Broughton,Independent,2,5.0
Marshal Darycott,Macey Broughton,Determined,2,1.0
Marshal Darycott,Macey Broughton,Professional,2,2.0
Marshal Darycott,Macey Broughton,Studious,2,1.0
Marshal Darycott,Macey Broughton,Imaginative,2,7.0
Marshal Darycott,Macey Broughton,Analytic,3,2.0
Marshal Darycott,Macey Broughton,Independent,3,2.0
Marshal Darycott,Macey Broughton,Determined,3,4.0
Marshal Darycott,Macey Broughton,Professional,3,3.0
Marshal Darycott,Macey Broughton,Studious,3,2.0
Marshal Darycott,Macey Broughton,Imaginative,3,3.0
Marshal Darycott,Macey Broughton,Analytic,4,6.0
Marshal Darycott,Macey Broughton,Independent,4,8.0
Marshal Darycott,Macey Broughton,Determined,4,8.0
Marshal Darycott,Macey Broughton,Professional,4,6.0
Marshal Darycott,Macey Broughton,Studious,4,8.0
Marshal Darycott,Macey Broughton,Imaginative,4,4.0
Marshal Darycott,Macey Broughton,Analytic,5,8.0
Marshal Darycott,Macey Broughton,Independent,5,3.0
Marshal Darycott,Macey Broughton,Determined,5,6.0
Marshal Darycott,Macey Broughton,Professional,5,5.0
Marshal Darycott,Macey Broughton,Studious,5,8.0
Marshal Darycott,Macey Broughton,Imaginative,5,7.0
Marshal Darycott,Macey Broughton,Analytic,6,4.0
Marshal Darycott,Macey Broughton,Independent,6,6.0
Marshal Darycott,Macey Broughton,Determined,6,6.0
Marshal Darycott,Macey Broughton,Professional,6,6.0
Marshal Darycott,Macey Broughton,Studious,6,2.0
Marshal Darycott,Macey Broughton,Imaginative,6,5.0
Marshal Darycott,Macey Broughton,Analytic,7,5.0
Marshal Darycott,Macey Broughton,Independent,7,7.0
Marshal Darycott,Macey Broughton,Determined,7,7.0
Marshal Darycott,Macey Broughton,Professional,7,8.0
Marshal Darycott,Macey Broughton,Studious,7,4.0
Marshal Darycott,Macey Broughton,Imaginative,7,6.0
Marshal Darycott,Macey Broughton,Analytic,8,8.0
Marshal Darycott,Macey Broughton,Independent,8,8.0
Marshal Darycott,Macey Broughton,Determined,8,8.0
Marshal Darycott,Macey Broughton,Professional,8,8.0
Marshal Darycott,Macey Broughton,Studious,8,6.0
Marshal Darycott,Macey Broughton,Imaginative,8,4.0
Marshal Darycott,Macey Broughton,Analytic,9,4.0
Marshal Darycott,Macey Broughton,Independent,9,8.0
Marshal Darycott,Macey Broughton,Determined,9,8.0
Marshal Darycott,Macey Broughton,Professional,9,6.0
Marshal Darycott,Macey Broughton,Studious,9,8.0
Marshal Darycott,Macey Broughton,Imaginative,9,8.0
Marshal Darycott,Macey Broughton,Analytic,10,8.0
Marshal Darycott,Macey Broughton,Independent,10,8.0
Marshal Darycott,Macey Broughton,Determined,10,8.0
Marshal Darycott,Macey Broughton,Professional,10,8.0
Marshal Darycott,Macey Broughton,Studious,10,8.0
Marshal Darycott,Macey Broughton,Imaginative,10,8.0
Elva Boldero,Macey Broughton,Analytic,1,7.0
Elva Boldero,Macey Broughton,Independent,1,2.0
Elva Boldero,Macey Broughton,Determined,1,4.0
Elva Boldero,Macey Broughton,Professional,1,1.0
Elva Boldero,Macey Broughton,Studious,1,3.0
Elva Boldero,Macey Broughton,Imaginative,1,5.0
Elva Boldero,Macey Broughton,Analytic,2,8.0
Elva Boldero,Macey Broughton,Independent,2,4.0
Elva Boldero,Macey Broughton,Determined,2,2.0
Elva Boldero,Macey Broughton,Professional,2,4.0
Elva Boldero,Macey Broughton,Studious,2,6.0
Elva Boldero,Macey Broughton,Imaginative,2,5.0
Elva Boldero,Macey Broughton,Analytic,3,3.0
Elva Boldero,Macey Broughton,Independent,3,1.0
Elva Boldero,Macey Broughton,Determined,3,1.0
Elva Boldero,Macey Broughton,Professional,3,2.0
Elva Boldero,Macey Broughton,Studious,3,3.0
Elva Boldero,Macey Broughton,Imaginative,3,5.0
Elva Boldero,Macey Broughton,Analytic,4,6.0
Elva Boldero,Macey Broughton,Independent,4,2.0
Elva Boldero,Macey Broughton,Determined,4,8.0
Elva Boldero,Macey Broughton,Professional,4,7.0
Elva Boldero,Macey Broughton,Studious,4,8.0
Elva Boldero,Macey Broughton,Imaginative,4,8.0
Elva Boldero,Macey Broughton,Analytic,5,8.0
Elva Boldero,Macey Broughton,Independent,5,5.0
Elva Boldero,Macey Broughton,Determined,5,6.0
Elva Boldero,Macey Broughton,Professional,5,3.0
Elva Boldero,Macey Broughton,Studious,5,8.0
Elva Boldero,Macey Broughton,Imaginative,5,4.0
Elva Boldero,Macey Broughton,Analytic,6,7.0
Elva Boldero,Macey Broughton,Independent,6,5.0
Elva Boldero,Macey Broughton,Determined,6,4.0
Elva Boldero,Macey Broughton,Professional,6,5.0
Elva Boldero,Macey Broughton,Studious,6,6.0
Elva Boldero,Macey Broughton,Imaginative,6,5.0
Elva Boldero,Macey Broughton,Analytic,7,6.0
Elva Boldero,Macey Broughton,Independent,7,8.0
Elva Boldero,Macey Broughton,Determined,7,8.0
Elva Boldero,Macey Broughton,Professional,7,8.0
Elva Boldero,Macey Broughton,Studious,7,8.0
Elva Boldero,Macey Broughton,Imaginative,7,8.0
Elva Boldero,Macey Broughton,Analytic,8,8.0
Elva Boldero,Macey Broughton,Independent,8,7.0
Elva Boldero,Macey Broughton,Determined,8,8.0
Elva Boldero,Macey Broughton,Professional,8,8.0
Elva Boldero,Macey Broughton,Studious,8,8.0
Elva Boldero,Macey Broughton,Imaginative,8,8.0
Elva Boldero,Macey Broughton,Analytic,9,8.0
Elva Boldero,Macey Broughton,Independent,9,8.0
Elva Boldero,Macey Broughton,Determined,9,8.0
Elva Boldero,Macey Broughton,Professional,9,8.0
Elva Boldero,Macey Broughton,Studious,9,6.0
Elva Boldero,Macey Broughton,Imaginative,9,8.0
Elva Boldero,Macey Broughton,Analytic,10,8.0
Elva Boldero,Macey Broughton,Independent,10,8.0
Elva Boldero,Macey Broughton,Determined,10,8.0
Elva Boldero,Macey Broughton,Professional,10,8.0
Elva Boldero,Macey Broughton,Studious,10,8.0
Elva Boldero,Macey Broughton,Imaginative,10,8.0
Archibold Spikeings,Macey Broughton,Analytic,1,4.0
Archibold Spikeings,Macey Broughton,Independent,1,1.0
Archibold Spikeings,Macey Broughton,Determined,1,4.0
Archibold Spikeings,Macey Broughton,Professional,1,1.0
Archibold Spikeings,Macey Broughton,Studious,1,4.0
Archibold Spikeings,Macey Broughton,Imaginative,1,3.0
Archibold Spikeings,Macey Broughton,Analytic,2,5.0
Archibold Spikeings,Macey Broughton,Independent,2,6.0
Archibold Spikeings,Macey Broughton,Determined,2,4.0
Archibold Spikeings,Macey Broughton,Professional,2,7.0
Archibold Spikeings,Macey Broughton,Studious,2,2.0
Archibold Spikeings,Macey Broughton,Imaginative,2,5.0
Archibold Spikeings,Macey Broughton,Analytic,3,3.0
Archibold Spikeings,Macey Broughton,Independent,3,1.0
Archibold Spikeings,Macey Broughton,Determined,3,3.0
Archibold Spikeings,Macey Broughton,Professional,3,1.0
Archibold Spikeings,Macey Broughton,Studious,3,2.0
Archibold Spikeings,Macey Broughton,Imaginative,3,4.0
Archibold Spikeings,Macey Broughton,Analytic,4,8.0
Archibold Spikeings,Macey Broughton,Independent,4,7.0
Archibold Spikeings,Macey Broughton,Determined,4,5.0
Archibold Spikeings,Macey Broughton,Professional,4,4.0
Archibold Spikeings,Macey Broughton,Studious,4,5.0
Archibold Spikeings,Macey Broughton,Imaginative,4,2.0
Archibold Spikeings,Macey Broughton,Analytic,5,8.0
Archibold Spikeings,Macey Broughton,Independent,5,6.0
Archibold Spikeings,Macey Broughton,Determined,5,8.0
Archibold Spikeings,Macey Broughton,Professional,5,6.0
Archibold Spikeings,Macey Broughton,Studious,5,8.0
Archibold Spikeings,Macey Broughton,Imaginative,5,8.0
Archibold Spikeings,Macey Broughton,Analytic,6,8.0
Archibold Spikeings,Macey Broughton,Independent,6,8.0
Archibold Spikeings,Macey Broughton,Determined,6,8.0
Archibold Spikeings,Macey Broughton,Professional,6,8.0
Archibold Spikeings,Macey Broughton,Studious,6,6.0
Archibold Spikeings,Macey Broughton,Imaginative,6,2.0
Archibold Spikeings,Macey Broughton,Analytic,7,4.0
Archibold Spikeings,Macey Broughton,Independent,7,8.0
Archibold Spikeings,Macey Broughton,Determined,7,6.0
Archibold Spikeings,Macey Broughton,Professional,7,5.0
Archibold Spikeings,Macey Broughton,Studious,7,8.0
Archibold Spikeings,Macey Broughton,Imaginative,7,8.0
Archibold Spikeings,Macey Broughton,Analytic,8,7.0
Archibold Spikeings,Macey Broughton,Independent,8,8.0
Archibold Spikeings,Macey Broughton,Determined,8,8.0
Archibold Spikeings,Macey Broughton,Professional,8,8.0
Archibold Spikeings,Macey Broughton,Studious,8,8.0
Archibold Spikeings,Macey Broughton,Imaginative,8,6.0
Archibold Spikeings,Macey Broughton,Analytic,9,7.0
Archibold Spikeings,Macey Broughton,Independent,9,5.0
Archibold Spikeings,Macey Broughton,Determined,9,7.0
Archibold Spikeings,Macey Broughton,Professional,9,8.0
Archibold Spikeings,Macey Broughton,Studious,9,8.0
Archibold Spikeings,Macey Broughton,Imaginative,9,8.0
Archibold Spikeings,Macey Broughton,Analytic,10,8.0
Archibold Spikeings,Macey Broughton,Independent,10,8.0
Archibold Spikeings,Macey Broughton,Determined,10,8.0
Archibold Spikeings,Macey Broughton,Professional,10,8.0
Archibold Spikeings,Macey Broughton,Studious,10,8.0
Archibold Spikeings,Macey Broughton,Imaginative,10,8.0
Anatole Burston,Macey Broughton,Analytic,1,2.0
Anatole Burston,Macey Broughton,Independent,1,4.0
Anatole Burston,Macey Broughton,Determined,1,1.0
Anatole Burston,Macey Broughton,Professional,1,2.0
Anatole Burston,Macey Broughton,Studious,1,2.0
Anatole Burston,Macey Broughton,Imaginative,1,5.0
Anatole Burston,Macey Broughton,Analytic,2,1.0
Anatole Burston,Macey Broughton,Independent,2,6.0
Anatole Burston,Macey Broughton,Determined,2,3.0
Anatole Burston,Macey Broughton,Professional,2,1.0
Anatole Burston,Macey Broughton,Studious,2,4.0
Anatole Burston,Macey Broughton,Imaginative,2,3.0
Anatole Burston,Macey Broughton,Analytic,3,5.0
Anatole Burston,Macey Broughton,Independent,3,2.0
Anatole Burston,Macey Broughton,Determined,3,3.0
Anatole Burston,Macey Broughton,Professional,3,3.0
Anatole Burston,Macey Broughton,Studious,3,3.0
Anatole Burston,Macey Broughton,Imaginative,3,1.0
Anatole Burston,Macey Broughton,Analytic,4,7.0
Anatole Burston,Macey Broughton,Independent,4,8.0
Anatole Burston,Macey Broughton,Determined,4,8.0
Anatole Burston,Macey Broughton,Professional,4,5.0
Anatole Burston,Macey Broughton,Studious,4,3.0
Anatole Burston,Macey Broughton,Imaginative,4,8.0
Anatole Burston,Macey Broughton,Analytic,5,8.0
Anatole Burston,Macey Broughton,Independent,5,8.0
Anatole Burston,Macey Broughton,Determined,5,7.0
Anatole Burston,Macey Broughton,Professional,5,8.0
Anatole Burston,Macey Broughton,Studious,5,8.0
Anatole Burston,Macey Broughton,Imaginative,5,7.0
Anatole Burston,Macey Broughton,Analytic,6,4.0
Anatole Burston,Macey Broughton,Independent,6,2.0
Anatole Burston,Macey Broughton,Determined,6,8.0
Anatole Burston,Macey Broughton,Professional,6,8.0
Anatole Burston,Macey Broughton,Studious,6,5.0
Anatole Burston,Macey Broughton,Imaginative,6,7.0
Anatole Burston,Macey Broughton,Analytic,7,8.0
Anatole Burston,Macey Broughton,Independent,7,8.0
Anatole Burston,Macey Broughton,Determined,7,6.0
Anatole Burston,Macey Broughton,Professional,7,8.0
Anatole Burston,Macey Broughton,Studious,7,8.0
Anatole Burston,Macey Broughton,Imaginative,7,8.0
Anatole Burston,Macey Broughton,Analytic,8,7.0
Anatole Burston,Macey Broughton,Independent,8,8.0
Anatole Burston,Macey Broughton,Determined,8,8.0
Anatole Burston,Macey Broughton,Professional,8,8.0
Anatole Burston,Macey Broughton,Studious,8,8.0
Anatole Burston,Macey Broughton,Imaginative,8,8.0
Anatole Burston,Macey Broughton,Analytic,9,8.0
Anatole Burston,Macey Broughton,Independent,9,8.0
Anatole Burston,Macey Broughton,Determined,9,8.0
Anatole Burston,Macey Broughton,Professional,9,8.0
Anatole Burston,Macey Broughton,Studious,9,8.0
Anatole Burston,Macey Broughton,Imaginative,9,8.0
Anatole Burston,Macey Broughton,Analytic,10,8.0
Anatole Burston,Macey Broughton,Independent,10,8.0
Anatole Burston,Macey Broughton,Determined,10,8.0
Anatole Burston,Macey Broughton,Professional,10,8.0
Anatole Burston,Macey Broughton,Studious,10,8.0
Anatole Burston,Macey Broughton,Imaginative,10,8.0
Gabbey Caesman,Macey Broughton,Analytic,1,3.0
Gabbey Caesman,Macey Broughton,Independent,1,4.0
Gabbey Caesman,Macey Broughton,Determined,1,1.0
Gabbey Caesman,Macey Broughton,Professional,1,8.0
Gabbey Caesman,Macey Broughton,Studious,1,2.0
Gabbey Caesman,Macey Broughton,Imaginative,1,4.0
Gabbey Caesman,Macey Broughton,Analytic,2,3.0
Gabbey Caesman,Macey Broughton,Independent,2,4.0
Gabbey Caesman,Macey Broughton,Determined,2,4.0
Gabbey Caesman,Macey Broughton,Professional,2,4.0
Gabbey Caesman,Macey Broughton,Studious,2,7.0
Gabbey Caesman,Macey Broughton,Imaginative,2,8.0
Gabbey Caesman,Macey Broughton,Analytic,3,1.0
Gabbey Caesman,Macey Broughton,Independent,3,4.0
Gabbey Caesman,Macey Broughton,Determined,3,3.0
Gabbey Caesman,Macey Broughton,Professional,3,7.0
Gabbey Caesman,Macey Broughton,Studious,3,4.0
Gabbey Caesman,Macey Broughton,Imaginative,3,3.0
Gabbey Caesman,Macey Broughton,Analytic,4,3.0
Gabbey Caesman,Macey Broughton,Independent,4,7.0
Gabbey Caesman,Macey Broughton,Determined,4,8.0
Gabbey Caesman,Macey Broughton,Professional,4,8.0
Gabbey Caesman,Macey Broughton,Studious,4,7.0
Gabbey Caesman,Macey Broughton,Imaginative,4,8.0
Gabbey Caesman,Macey Broughton,Analytic,5,7.0
Gabbey Caesman,Macey Broughton,Independent,5,8.0
Gabbey Caesman,Macey Broughton,Determined,5,3.0
Gabbey Caesman,Macey Broughton,Professional,5,5.0
Gabbey Caesman,Macey Broughton,Studious,5,3.0
Gabbey Caesman,Macey Broughton,Imaginative,5,8.0
Gabbey Caesman,Macey Broughton,Analytic,6,6.0
Gabbey Caesman,Macey Broughton,Independent,6,8.0
Gabbey Caesman,Macey Broughton,Determined,6,4.0
Gabbey Caesman,Macey Broughton,Professional,6,5.0
Gabbey Caesman,Macey Broughton,Studious,6,5.0
Gabbey Caesman,Macey Broughton,Imaginative,6,4.0
Gabbey Caesman,Macey Broughton,Analytic,7,8.0
Gabbey Caesman,Macey Broughton,Independent,7,8.0
Gabbey Caesman,Macey Broughton,Determined,7,8.0
Gabbey Caesman,Macey Broughton,Professional,7,8.0
Gabbey Caesman,Macey Broughton,Studious,7,7.0
Gabbey Caesman,Macey Broughton,Imaginative,7,8.0
Gabbey Caesman,Macey Broughton,Analytic,8,8.0
Gabbey Caesman,Macey Broughton,Independent,8,8.0
Gabbey Caesman,Macey Broughton,Determined,8,8.0
Gabbey Caesman,Macey Broughton,Professional,8,7.0
Gabbey Caesman,Macey Broughton,Studious,8,8.0
Gabbey Caesman,Macey Broughton,Imaginative,8,8.0
Gabbey Caesman,Macey Broughton,Analytic,9,7.0
Gabbey Caesman,Macey Broughton,Independent,9,8.0
Gabbey Caesman,Macey Broughton,Determined,9,8.0
Gabbey Caesman,Macey Broughton,Professional,9,8.0
Gabbey Caesman,Macey Broughton,Studious,9,8.0
Gabbey Caesman,Macey Broughton,Imaginative,9,6.0
Gabbey Caesman,Macey Broughton,Analytic,10,8.0
Gabbey Caesman,Macey Broughton,Independent,10,8.0
Gabbey Caesman,Macey Broughton,Determined,10,8.0
Gabbey Caesman,Macey Broughton,Professional,10,8.0
Gabbey Caesman,Macey Broughton,Studious,10,7.0
Gabbey Caesman,Macey Broughton,Imaginative,10,8.0
Conny Samms,Mohammad Velazquez,Analytic,1,1.0
Conny Samms,Mohammad Velazquez,Independent,1,4.0
Conny Samms,Mohammad Velazquez,Determined,1,1.0
Conny Samms,Mohammad Velazquez,Professional,1,4.0
Conny Samms,Mohammad Velazquez,Studious,1,3.0
Conny Samms,Mohammad Velazquez,Imaginative,1,5.0
Conny Samms,Mohammad Velazquez,Analytic,2,1.0
Conny Samms,Mohammad Velazquez,Independent,2,4.0
Conny Samms,Mohammad Velazquez,Determined,2,2.0
Conny Samms,Mohammad Velazquez,Professional,2,1.0
Conny Samms,Mohammad Velazquez,Studious,2,2.0
Conny Samms,Mohammad Velazquez,Imaginative,2,4.0
Conny Samms,Mohammad Velazquez,Analytic,3,2.0
Conny Samms,Mohammad Velazquez,Independent,3,1.0
Conny Samms,Mohammad Velazquez,Determined,3,1.0
Conny Samms,Mohammad Velazquez,Professional,3,3.0
Conny Samms,Mohammad Velazquez,Studious,3,2.0
Conny Samms,Mohammad Velazquez,Imaginative,3,1.0
Karyn Huortic,Mohammad Velazquez,Analytic,1,4.0
Karyn Huortic,Mohammad Velazquez,Independent,1,4.0
Karyn Huortic,Mohammad Velazquez,Determined,1,1.0
Karyn Huortic,Mohammad Velazquez,Professional,1,3.0
Karyn Huortic,Mohammad Velazquez,Studious,1,4.0
Karyn Huortic,Mohammad Velazquez,Imaginative,1,2.0
Karyn Huortic,Mohammad Velazquez,Analytic,2,3.0
Karyn Huortic,Mohammad Velazquez,Independent,2,2.0
Karyn Huortic,Mohammad Velazquez,Determined,2,4.0
Karyn Huortic,Mohammad Velazquez,Professional,2,8.0
Karyn Huortic,Mohammad Velazquez,Studious,2,2.0
Karyn Huortic,Mohammad Velazquez,Imaginative,2,5.0
Karyn Huortic,Mohammad Velazquez,Analytic,3,4.0
Karyn Huortic,Mohammad Velazquez,Independent,3,5.0
Karyn Huortic,Mohammad Velazquez,Determined,3,4.0
Karyn Huortic,Mohammad Velazquez,Professional,3,1.0
Karyn Huortic,Mohammad Velazquez,Studious,3,2.0
Karyn Huortic,Mohammad Velazquez,Imaginative,3,2.0
Karyn Huortic,Mohammad Velazquez,Analytic,4,6.0
Karyn Huortic,Mohammad Velazquez,Independent,4,5.0
Karyn Huortic,Mohammad Velazquez,Determined,4,8.0
Karyn Huortic,Mohammad Velazquez,Professional,4,3.0
Karyn Huortic,Mohammad Velazquez,Studious,4,2.0
Karyn Huortic,Mohammad Velazquez,Imaginative,4,4.0
Karyn Huortic,Mohammad Velazquez,Analytic,5,8.0
Karyn Huortic,Mohammad Velazquez,Independent,5,4.0
Karyn Huortic,Mohammad Velazquez,Determined,5,2.0
Karyn Huortic,Mohammad Velazquez,Professional,5,8.0
Karyn Huortic,Mohammad Velazquez,Studious,5,8.0
Karyn Huortic,Mohammad Velazquez,Imaginative,5,8.0
Karyn Huortic,Mohammad Velazquez,Analytic,6,7.0
Karyn Huortic,Mohammad Velazquez,Independent,6,3.0
Karyn Huortic,Mohammad Velazquez,Determined,6,3.0
Karyn Huortic,Mohammad Velazquez,Professional,6,7.0
Karyn Huortic,Mohammad Velazquez,Studious,6,3.0
Karyn Huortic,Mohammad Velazquez,Imaginative,6,1.0
Karyn Huortic,Mohammad Velazquez,Analytic,7,8.0
Karyn Huortic,Mohammad Velazquez,Independent,7,8.0
Karyn Huortic,Mohammad Velazquez,Determined,7,8.0
Karyn Huortic,Mohammad Velazquez,Professional,7,8.0
Karyn Huortic,Mohammad Velazquez,Studious,7,6.0
Karyn Huortic,Mohammad Velazquez,Imaginative,7,7.0
Karyn Huortic,Mohammad Velazquez,Analytic,8,5.0
Karyn Huortic,Mohammad Velazquez,Independent,8,8.0
Karyn Huortic,Mohammad Velazquez,Determined,8,6.0
Karyn Huortic,Mohammad Velazquez,Professional,8,8.0
Karyn Huortic,Mohammad Velazquez,Studious,8,8.0
Karyn Huortic,Mohammad Velazquez,Imaginative,8,8.0
Giacopo Kyndred,Mohammad Velazquez,Analytic,1,1.0
Giacopo Kyndred,Mohammad Velazquez,Independent,1,1.0
Giacopo Kyndred,Mohammad Velazquez,Determined,1,2.0
Giacopo Kyndred,Mohammad Velazquez,Professional,1,3.0
Giacopo Kyndred,Mohammad Velazquez,Studious,1,2.0
Giacopo Kyndred,Mohammad Velazquez,Imaginative,1,2.0
Fin Lung,Mohammad Velazquez,Analytic,1,1.0
Fin Lung,Mohammad Velazquez,Independent,1,2.0
Fin Lung,Mohammad Velazquez,Determined,1,5.0
Fin Lung,Mohammad Velazquez,Professional,1,2.0
Fin Lung,Mohammad Velazquez,Studious,1,4.0
Fin Lung,Mohammad Velazquez,Imaginative,1,2.0
Fin Lung,Mohammad Velazquez,Analytic,2,2.0
Fin Lung,Mohammad Velazquez,Independent,2,1.0
Fin Lung,Mohammad Velazquez,Determined,2,5.0
Fin Lung,Mohammad Velazquez,Professional,2,1.0
Fin Lung,Mohammad Velazquez,Studious,2,1.0
Fin Lung,Mohammad Velazquez,Imaginative,2,1.0
Marja Morfield,Mohammad Velazquez,Analytic,1,3.0
Marja Morfield,Mohammad Velazquez,Independent,1,5.0
Marja Morfield,Mohammad Velazquez,Determined,1,2.0
Marja Morfield,Mohammad Velazquez,Professional,1,5.0
Marja Morfield,Mohammad Velazquez,Studious,1,1.0
Marja Morfield,Mohammad Velazquez,Imaginative,1,3.0
Marja Morfield,Mohammad Velazquez,Analytic,2,2.0
Marja Morfield,Mohammad Velazquez,Independent,2,1.0
Marja Morfield,Mohammad Velazquez,Determined,2,3.0
Marja Morfield,Mohammad Velazquez,Professional,2,1.0
Marja Morfield,Mohammad Velazquez,Studious,2,2.0
Marja Morfield,Mohammad Velazquez,Imaginative,2,8.0
Marja Morfield,Mohammad Velazquez,Analytic,3,3.0
Marja Morfield,Mohammad Velazquez,Independent,3,4.0
Marja Morfield,Mohammad Velazquez,Determined,3,3.0
Marja Morfield,Mohammad Velazquez,Professional,3,4.0
Marja Morfield,Mohammad Velazquez,Studious,3,2.0
Marja Morfield,Mohammad Velazquez,Imaginative,3,1.0
Marja Morfield,Mohammad Velazquez,Analytic,4,8.0
Marja Morfield,Mohammad Velazquez,Independent,4,6.0
Marja Morfield,Mohammad Velazquez,Determined,4,3.0
Marja Morfield,Mohammad Velazquez,Professional,4,8.0
Marja Morfield,Mohammad Velazquez,Studious,4,5.0
Marja Morfield,Mohammad Velazquez,Imaginative,4,8.0
Marja Morfield,Mohammad Velazquez,Analytic,5,8.0
Marja Morfield,Mohammad Velazquez,Independent,5,8.0
Marja Morfield,Mohammad Velazquez,Determined,5,8.0
Marja Morfield,Mohammad Velazquez,Professional,5,6.0
Marja Morfield,Mohammad Velazquez,Studious,5,4.0
Marja Morfield,Mohammad Velazquez,Imaginative,5,4.0
Marja Morfield,Mohammad Velazquez,Analytic,6,8.0
Marja Morfield,Mohammad Velazquez,Independent,6,6.0
Marja Morfield,Mohammad Velazquez,Determined,6,8.0
Marja Morfield,Mohammad Velazquez,Professional,6,8.0
Marja Morfield,Mohammad Velazquez,Studious,6,6.0
Marja Morfield,Mohammad Velazquez,Imaginative,6,7.0
Marja Morfield,Mohammad Velazquez,Analytic,7,8.0
Marja Morfield,Mohammad Velazquez,Independent,7,6.0
Marja Morfield,Mohammad Velazquez,Determined,7,8.0
Marja Morfield,Mohammad Velazquez,Professional,7,8.0
Marja Morfield,Mohammad Velazquez,Studious,7,8.0
Marja Morfield,Mohammad Velazquez,Imaginative,7,6.0
Marja Morfield,Mohammad Velazquez,Analytic,8,8.0
Marja Morfield,Mohammad Velazquez,Independent,8,7.0
Marja Morfield,Mohammad Velazquez,Determined,8,6.0
Marja Morfield,Mohammad Velazquez,Professional,8,8.0
Marja Morfield,Mohammad Velazquez,Studious,8,4.0
Marja Morfield,Mohammad Velazquez,Imaginative,8,8.0
Gussy Stoving,Mohammad Velazquez,Analytic,1,1.0
Gussy Stoving,Mohammad Velazquez,Independent,1,3.0
Gussy Stoving,Mohammad Velazquez,Determined,1,1.0
Gussy Stoving,Mohammad Velazquez,Professional,1,4.0
Gussy Stoving,Mohammad Velazquez,Studious,1,3.0
Gussy Stoving,Mohammad Velazquez,Imaginative,1,1.0
Gussy Stoving,Mohammad Velazquez,Analytic,2,5.0
Gussy Stoving,Mohammad Velazquez,Independent,2,5.0
Gussy Stoving,Mohammad Velazquez,Determined,2,4.0
Gussy Stoving,Mohammad Velazquez,Professional,2,3.0
Gussy Stoving,Mohammad Velazquez,Studious,2,1.0
Gussy Stoving,Mohammad Velazquez,Imaginative,2,5.0
Gussy Stoving,Mohammad Velazquez,Analytic,3,1.0
Gussy Stoving,Mohammad Velazquez,Independent,3,4.0
Gussy Stoving,Mohammad Velazquez,Determined,3,5.0
Gussy Stoving,Mohammad Velazquez,Professional,3,2.0
Gussy Stoving,Mohammad Velazquez,Studious,3,3.0
Gussy Stoving,Mohammad Velazquez,Imaginative,3,1.0
Gussy Stoving,Mohammad Velazquez,Analytic,4,4.0
Gussy Stoving,Mohammad Velazquez,Independent,4,8.0
Gussy Stoving,Mohammad Velazquez,Determined,4,4.0
Gussy Stoving,Mohammad Velazquez,Professional,4,6.0
Gussy Stoving,Mohammad Velazquez,Studious,4,5.0
Gussy Stoving,Mohammad Velazquez,Imaginative,4,6.0
Gussy Stoving,Mohammad Velazquez,Analytic,5,5.0
Gussy Stoving,Mohammad Velazquez,Independent,5,4.0
Gussy Stoving,Mohammad Velazquez,Determined,5,3.0
Gussy Stoving,Mohammad Velazquez,Professional,5,5.0
Gussy Stoving,Mohammad Velazquez,Studious,5,5.0
Gussy Stoving,Mohammad Velazquez,Imaginative,5,8.0
Gussy Stoving,Mohammad Velazquez,Analytic,6,4.0
Gussy Stoving,Mohammad Velazquez,Independent,6,8.0
Gussy Stoving,Mohammad Velazquez,Determined,6,7.0
Gussy Stoving,Mohammad Velazquez,Professional,6,6.0
Gussy Stoving,Mohammad Velazquez,Studious,6,6.0
Gussy Stoving,Mohammad Velazquez,Imaginative,6,8.0
Gussy Stoving,Mohammad Velazquez,Analytic,7,8.0
Gussy Stoving,Mohammad Velazquez,Independent,7,8.0
Gussy Stoving,Mohammad Velazquez,Determined,7,8.0
Gussy Stoving,Mohammad Velazquez,Professional,7,8.0
Gussy Stoving,Mohammad Velazquez,Studious,7,8.0
Gussy Stoving,Mohammad Velazquez,Imaginative,7,8.0
Gussy Stoving,Mohammad Velazquez,Analytic,8,8.0
Gussy Stoving,Mohammad Velazquez,Independent,8,8.0
Gussy Stoving,Mohammad Velazquez,Determined,8,8.0
Gussy Stoving,Mohammad Velazquez,Professional,8,8.0
Gussy Stoving,Mohammad Velazquez,Studious,8,8.0
Gussy Stoving,Mohammad Velazquez,Imaginative,8,6.0
Leena Joselevitch,Mohammad Velazquez,Analytic,1,3.0
Leena Joselevitch,Mohammad Velazquez,Independent,1,3.0
Leena Joselevitch,Mohammad Velazquez,Determined,1,5.0
Leena Joselevitch,Mohammad Velazquez,Professional,1,7.0
Leena Joselevitch,Mohammad Velazquez,Studious,1,4.0
Leena Joselevitch,Mohammad Velazquez,Imaginative,1,1.0
Leena Joselevitch,Mohammad Velazquez,Analytic,2,1.0
Leena Joselevitch,Mohammad Velazquez,Independent,2,3.0
Leena Joselevitch,Mohammad Velazquez,Determined,2,2.0
Leena Joselevitch,Mohammad Velazquez,Professional,2,5.0
Leena Joselevitch,Mohammad Velazquez,Studious,2,1.0
Leena Joselevitch,Mohammad Velazquez,Imaginative,2,2.0
Leena Joselevitch,Mohammad Velazquez,Analytic,3,6.0
Leena Joselevitch,Mohammad Velazquez,Independent,3,7.0
Leena Joselevitch,Mohammad Velazquez,Determined,3,1.0
Leena Joselevitch,Mohammad Velazquez,Professional,3,4.0
Leena Joselevitch,Mohammad Velazquez,Studious,3,5.0
Leena Joselevitch,Mohammad Velazquez,Imaginative,3,1.0
Leena Joselevitch,Mohammad Velazquez,Analytic,4,7.0
Leena Joselevitch,Mohammad Velazquez,Independent,4,8.0
Leena Joselevitch,Mohammad Velazquez,Determined,4,6.0
Leena Joselevitch,Mohammad Velazquez,Professional,4,8.0
Leena Joselevitch,Mohammad Velazquez,Studious,4,7.0
Leena Joselevitch,Mohammad Velazquez,Imaginative,4,4.0
Leena Joselevitch,Mohammad Velazquez,Analytic,5,8.0
Leena Joselevitch,Mohammad Velazquez,Independent,5,8.0
Leena Joselevitch,Mohammad Velazquez,Determined,5,4.0
Leena Joselevitch,Mohammad Velazquez,Professional,5,6.0
Leena Joselevitch,Mohammad Velazquez,Studious,5,5.0
Leena Joselevitch,Mohammad Velazquez,Imaginative,5,7.0
Leena Joselevitch,Mohammad Velazquez,Analytic,6,8.0
Leena Joselevitch,Mohammad Velazquez,Independent,6,5.0
Leena Joselevitch,Mohammad Velazquez,Determined,6,4.0
Leena Joselevitch,Mohammad Velazquez,Professional,6,2.0
Leena Joselevitch,Mohammad Velazquez,Studious,6,7.0
Leena Joselevitch,Mohammad Velazquez,Imaginative,6,5.0
Leena Joselevitch,Mohammad Velazquez,Analytic,7,7.0
Leena Joselevitch,Mohammad Velazquez,Independent,7,5.0
Leena Joselevitch,Mohammad Velazquez,Determined,7,8.0
Leena Joselevitch,Mohammad Velazquez,Professional,7,8.0
Leena Joselevitch,Mohammad Velazquez,Studious,7,8.0
Leena Joselevitch,Mohammad Velazquez,Imaginative,7,3.0
Leena Joselevitch,Mohammad Velazquez,Analytic,8,8.0
Leena Joselevitch,Mohammad Velazquez,Independent,8,8.0
Leena Joselevitch,Mohammad Velazquez,Determined,8,8.0
Leena Joselevitch,Mohammad Velazquez,Professional,8,8.0
Leena Joselevitch,Mohammad Velazquez,Studious,8,8.0
Leena Joselevitch,Mohammad Velazquez,Imaginative,8,8.0
Lazare Nellies,Mohammad Velazquez,Analytic,1,2.0
Lazare Nellies,Mohammad Velazquez,Independent,1,2.0
Lazare Nellies,Mohammad Velazquez,Determined,1,4.0
Lazare Nellies,Mohammad Velazquez,Professional,1,2.0
Lazare Nellies,Mohammad Velazquez,Studious,1,5.0
Lazare Nellies,Mohammad Velazquez,Imaginative,1,1.0
Lazare Nellies,Mohammad Velazquez,Analytic,2,4.0
Lazare Nellies,Mohammad Velazquez,Independent,2,6.0
Lazare Nellies,Mohammad Velazquez,Determined,2,1.0
Lazare Nellies,Mohammad Velazquez,Professional,2,2.0
Lazare Nellies,Mohammad Velazquez,Studious,2,5.0
Lazare Nellies,Mohammad Velazquez,Imaginative,2,3.0
Lazare Nellies,Mohammad Velazquez,Analytic,3,2.0
Lazare Nellies,Mohammad Velazquez,Independent,3,2.0
Lazare Nellies,Mohammad Velazquez,Determined,3,3.0
Lazare Nellies,Mohammad Velazquez,Professional,3,3.0
Lazare Nellies,Mohammad Velazquez,Studious,3,3.0
Lazare Nellies,Mohammad Velazquez,Imaginative,3,3.0
Lazare Nellies,Mohammad Velazquez,Analytic,4,7.0
Lazare Nellies,Mohammad Velazquez,Independent,4,6.0
Lazare Nellies,Mohammad Velazquez,Determined,4,8.0
Lazare Nellies,Mohammad Velazquez,Professional,4,8.0
Lazare Nellies,Mohammad Velazquez,Studious,4,2.0
Lazare Nellies,Mohammad Velazquez,Imaginative,4,8.0
Lazare Nellies,Mohammad Velazquez,Analytic,5,7.0
Lazare Nellies,Mohammad Velazquez,Independent,5,8.0
Lazare Nellies,Mohammad Velazquez,Determined,5,8.0
Lazare Nellies,Mohammad Velazquez,Professional,5,8.0
Lazare Nellies,Mohammad Velazquez,Studious,5,5.0
Lazare Nellies,Mohammad Velazquez,Imaginative,5,8.0
Lazare Nellies,Mohammad Velazquez,Analytic,6,8.0
Lazare Nellies,Mohammad Velazquez,Independent,6,7.0
Lazare Nellies,Mohammad Velazquez,Determined,6,8.0
Lazare Nellies,Mohammad Velazquez,Professional,6,8.0
Lazare Nellies,Mohammad Velazquez,Studious,6,3.0
Lazare Nellies,Mohammad Velazquez,Imaginative,6,8.0
Lazare Nellies,Mohammad Velazquez,Analytic,7,8.0
Lazare Nellies,Mohammad Velazquez,Independent,7,6.0
Lazare Nellies,Mohammad Velazquez,Determined,7,5.0
Lazare Nellies,Mohammad Velazquez,Professional,7,8.0
Lazare Nellies,Mohammad Velazquez,Studious,7,8.0
Lazare Nellies,Mohammad Velazquez,Imaginative,7,8.0
Lazare Nellies,Mohammad Velazquez,Analytic,8,8.0
Lazare Nellies,Mohammad Velazquez,Independent,8,7.0
Lazare Nellies,Mohammad Velazquez,Determined,8,6.0
Lazare Nellies,Mohammad Velazquez,Professional,8,7.0
Lazare Nellies,Mohammad Velazquez,Studious,8,7.0
Lazare Nellies,Mohammad Velazquez,Imaginative,8,8.0
Flore Masden,Mohammad Velazquez,Analytic,1,2.0
Flore Masden,Mohammad Velazquez,Independent,1,4.0
Flore Masden,Mohammad Velazquez,Determined,1,3.0
Flore Masden,Mohammad Velazquez,Professional,1,1.0
Flore Masden,Mohammad Velazquez,Studious,1,3.0
Flore Masden,Mohammad Velazquez,Imaginative,1,4.0
Flore Masden,Mohammad Velazquez,Analytic,2,5.0
Flore Masden,Mohammad Velazquez,Independent,2,2.0
Flore Masden,Mohammad Velazquez,Determined,2,3.0
Flore Masden,Mohammad Velazquez,Professional,2,2.0
Flore Masden,Mohammad Velazquez,Studious,2,3.0
Flore Masden,Mohammad Velazquez,Imaginative,2,1.0
Flore Masden,Mohammad Velazquez,Analytic,3,2.0
Flore Masden,Mohammad Velazquez,Independent,3,3.0
Flore Masden,Mohammad Velazquez,Determined,3,1.0
Flore Masden,Mohammad Velazquez,Professional,3,2.0
Flore Masden,Mohammad Velazquez,Studious,3,1.0
Flore Masden,Mohammad Velazquez,Imaginative,3,2.0
Benita Downgate,Mohammad Velazquez,Analytic,1,1.0
Benita Downgate,Mohammad Velazquez,Independent,1,1.0
Benita Downgate,Mohammad Velazquez,Determined,1,3.0
Benita Downgate,Mohammad Velazquez,Professional,1,1.0
Benita Downgate,Mohammad Velazquez,Studious,1,1.0
Benita Downgate,Mohammad Velazquez,Imaginative,1,1.0
Clark Kovacs,Mohammad Velazquez,Analytic,1,1.0
Clark Kovacs,Mohammad Velazquez,Independent,1,1.0
Clark Kovacs,Mohammad Velazquez,Determined,1,3.0
Clark Kovacs,Mohammad Velazquez,Professional,1,2.0
Clark Kovacs,Mohammad Velazquez,Studious,1,2.0
Clark Kovacs,Mohammad Velazquez,Imaginative,1,6.0
Clark Kovacs,Mohammad Velazquez,Analytic,2,4.0
Clark Kovacs,Mohammad Velazquez,Independent,2,2.0
Clark Kovacs,Mohammad Velazquez,Determined,2,3.0
Clark Kovacs,Mohammad Velazquez,Professional,2,6.0
Clark Kovacs,Mohammad Velazquez,Studious,2,1.0
Clark Kovacs,Mohammad Velazquez,Imaginative,2,3.0
Clark Kovacs,Mohammad Velazquez,Analytic,3,1.0
Clark Kovacs,Mohammad Velazquez,Independent,3,2.0
Clark Kovacs,Mohammad Velazquez,Determined,3,4.0
Clark Kovacs,Mohammad Velazquez,Professional,3,4.0
Clark Kovacs,Mohammad Velazquez,Studious,3,4.0
Clark Kovacs,Mohammad Velazquez,Imaginative,3,4.0
Clark Kovacs,Mohammad Velazquez,Analytic,4,6.0
Clark Kovacs,Mohammad Velazquez,Independent,4,8.0
Clark Kovacs,Mohammad Velazquez,Determined,4,4.0
Clark Kovacs,Mohammad Velazquez,Professional,4,8.0
Clark Kovacs,Mohammad Velazquez,Studious,4,8.0
Clark Kovacs,Mohammad Velazquez,Imaginative,4,4.0
Clark Kovacs,Mohammad Velazquez,Analytic,5,7.0
Clark Kovacs,Mohammad Velazquez,Independent,5,8.0
Clark Kovacs,Mohammad Velazquez,Determined,5,5.0
Clark Kovacs,Mohammad Velazquez,Professional,5,4.0
Clark Kovacs,Mohammad Velazquez,Studious,5,8.0
Clark Kovacs,Mohammad Velazquez,Imaginative,5,8.0
Clark Kovacs,Mohammad Velazquez,Analytic,6,4.0
Clark Kovacs,Mohammad Velazquez,Independent,6,7.0
Clark Kovacs,Mohammad Velazquez,Determined,6,8.0
Clark Kovacs,Mohammad Velazquez,Professional,6,4.0
Clark Kovacs,Mohammad Velazquez,Studious,6,6.0
Clark Kovacs,Mohammad Velazquez,Imaginative,6,4.0
Clark Kovacs,Mohammad Velazquez,Analytic,7,7.0
Clark Kovacs,Mohammad Velazquez,Independent,7,8.0
Clark Kovacs,Mohammad Velazquez,Determined,7,8.0
Clark Kovacs,Mohammad Velazquez,Professional,7,8.0
Clark Kovacs,Mohammad Velazquez,Studious,7,8.0
Clark Kovacs,Mohammad Velazquez,Imaginative,7,8.0
Clark Kovacs,Mohammad Velazquez,Analytic,8,8.0
Clark Kovacs,Mohammad Velazquez,Independent,8,8.0
Clark Kovacs,Mohammad Velazquez,Determined,8,8.0
Clark Kovacs,Mohammad Velazquez,Professional,8,8.0
Clark Kovacs,Mohammad Velazquez,Studious,8,4.0
Clark Kovacs,Mohammad Velazquez,Imaginative,8,8.0
Horten Koomar,Mohammad Velazquez,Analytic,1,4.0
Horten Koomar,Mohammad Velazquez,Independent,1,2.0
Horten Koomar,Mohammad Velazquez,Determined,1,1.0
Horten Koomar,Mohammad Velazquez,Professional,1,3.0
Horten Koomar,Mohammad Velazquez,Studious,1,2.0
Horten Koomar,Mohammad Velazquez,Imaginative,1,3.0
Horten Koomar,Mohammad Velazquez,Analytic,2,4.0
Horten Koomar,Mohammad Velazquez,Independent,2,3.0
Horten Koomar,Mohammad Velazquez,Determined,2,1.0
Horten Koomar,Mohammad Velazquez,Professional,2,2.0
Horten Koomar,Mohammad Velazquez,Studious,2,3.0
Horten Koomar,Mohammad Velazquez,Imaginative,2,3.0
Horten Koomar,Mohammad Velazquez,Analytic,3,3.0
Horten Koomar,Mohammad Velazquez,Independent,3,1.0
Horten Koomar,Mohammad Velazquez,Determined,3,5.0
Horten Koomar,Mohammad Velazquez,Professional,3,1.0
Horten Koomar,Mohammad Velazquez,Studious,3,4.0
Horten Koomar,Mohammad Velazquez,Imaginative,3,5.0
Horten Koomar,Mohammad Velazquez,Analytic,4,8.0
Horten Koomar,Mohammad Velazquez,Independent,4,4.0
Horten Koomar,Mohammad Velazquez,Determined,4,5.0
Horten Koomar,Mohammad Velazquez,Professional,4,3.0
Horten Koomar,Mohammad Velazquez,Studious,4,6.0
Horten Koomar,Mohammad Velazquez,Imaginative,4,5.0
Horten Koomar,Mohammad Velazquez,Analytic,5,8.0
Horten Koomar,Mohammad Velazquez,Independent,5,8.0
Horten Koomar,Mohammad Velazquez,Determined,5,7.0
Horten Koomar,Mohammad Velazquez,Professional,5,3.0
Horten Koomar,Mohammad Velazquez,Studious,5,8.0
Horten Koomar,Mohammad Velazquez,Imaginative,5,5.0
Horten Koomar,Mohammad Velazquez,Analytic,6,6.0
Horten Koomar,Mohammad Velazquez,Independent,6,6.0
Horten Koomar,Mohammad Velazquez,Determined,6,6.0
Horten Koomar,Mohammad Velazquez,Professional,6,6.0
Horten Koomar,Mohammad Velazquez,Studious,6,5.0
Horten Koomar,Mohammad Velazquez,Imaginative,6,7.0
Horten Koomar,Mohammad Velazquez,Analytic,7,8.0
Horten Koomar,Mohammad Velazquez,Independent,7,8.0
Horten Koomar,Mohammad Velazquez,Determined,7,8.0
Horten Koomar,Mohammad Velazquez,Professional,7,6.0
Horten Koomar,Mohammad Velazquez,Studious,7,8.0
Horten Koomar,Mohammad Velazquez,Imaginative,7,8.0
Horten Koomar,Mohammad Velazquez,Analytic,8,8.0
Horten Koomar,Mohammad Velazquez,Independent,8,8.0
Horten Koomar,Mohammad Velazquez,Determined,8,8.0
Horten Koomar,Mohammad Velazquez,Professional,8,8.0
Horten Koomar,Mohammad Velazquez,Studious,8,6.0
Horten Koomar,Mohammad Velazquez,Imaginative,8,8.0
Moritz Mosedall,Mohammad Velazquez,Analytic,1,1.0
Moritz Mosedall,Mohammad Velazquez,Independent,1,1.0
Moritz Mosedall,Mohammad Velazquez,Determined,1,5.0
Moritz Mosedall,Mohammad Velazquez,Professional,1,1.0
Moritz Mosedall,Mohammad Velazquez,Studious,1,2.0
Moritz Mosedall,Mohammad Velazquez,Imaginative,1,6.0
Moritz Mosedall,Mohammad Velazquez,Analytic,2,5.0
Moritz Mosedall,Mohammad Velazquez,Independent,2,3.0
Moritz Mosedall,Mohammad Velazquez,Determined,2,3.0
Moritz Mosedall,Mohammad Velazquez,Professional,2,3.0
Moritz Mosedall,Mohammad Velazquez,Studious,2,2.0
Moritz Mosedall,Mohammad Velazquez,Imaginative,2,2.0
Moritz Mosedall,Mohammad Velazquez,Analytic,3,3.0
Moritz Mosedall,Mohammad Velazquez,Independent,3,2.0
Moritz Mosedall,Mohammad Velazquez,Determined,3,2.0
Moritz Mosedall,Mohammad Velazquez,Professional,3,3.0
Moritz Mosedall,Mohammad Velazquez,Studious,3,6.0
Moritz Mosedall,Mohammad Velazquez,Imaginative,3,1.0
Moritz Mosedall,Mohammad Velazquez,Analytic,4,8.0
Moritz Mosedall,Mohammad Velazquez,Independent,4,6.0
Moritz Mosedall,Mohammad Velazquez,Determined,4,8.0
Moritz Mosedall,Mohammad Velazquez,Professional,4,5.0
Moritz Mosedall,Mohammad Velazquez,Studious,4,5.0
Moritz Mosedall,Mohammad Velazquez,Imaginative,4,3.0
Moritz Mosedall,Mohammad Velazquez,Analytic,5,6.0
Moritz Mosedall,Mohammad Velazquez,Independent,5,8.0
Moritz Mosedall,Mohammad Velazquez,Determined,5,7.0
Moritz Mosedall,Mohammad Velazquez,Professional,5,7.0
Moritz Mosedall,Mohammad Velazquez,Studious,5,4.0
Moritz Mosedall,Mohammad Velazquez,Imaginative,5,2.0
Moritz Mosedall,Mohammad Velazquez,Analytic,6,7.0
Moritz Mosedall,Mohammad Velazquez,Independent,6,4.0
Moritz Mosedall,Mohammad Velazquez,Determined,6,5.0
Moritz Mosedall,Mohammad Velazquez,Professional,6,7.0
Moritz Mosedall,Mohammad Velazquez,Studious,6,7.0
Moritz Mosedall,Mohammad Velazquez,Imaginative,6,7.0
Moritz Mosedall,Mohammad Velazquez,Analytic,7,6.0
Moritz Mosedall,Mohammad Velazquez,Independent,7,8.0
Moritz Mosedall,Mohammad Velazquez,Determined,7,8.0
Moritz Mosedall,Mohammad Velazquez,Professional,7,7.0
Moritz Mosedall,Mohammad Velazquez,Studious,7,8.0
Moritz Mosedall,Mohammad Velazquez,Imaginative,7,5.0
Moritz Mosedall,Mohammad Velazquez,Analytic,8,4.0
Moritz Mosedall,Mohammad Velazquez,Independent,8,8.0
Moritz Mosedall,Mohammad Velazquez,Determined,8,7.0
Moritz Mosedall,Mohammad Velazquez,Professional,8,8.0
Moritz Mosedall,Mohammad Velazquez,Studious,8,8.0
Moritz Mosedall,Mohammad Velazquez,Imaginative,8,8.0
Chaim Inseal,Mohammad Velazquez,Analytic,1,1.0
Chaim Inseal,Mohammad Velazquez,Independent,1,3.0
Chaim Inseal,Mohammad Velazquez,Determined,1,3.0
Chaim Inseal,Mohammad Velazquez,Professional,1,4.0
Chaim Inseal,Mohammad Velazquez,Studious,1,1.0
Chaim Inseal,Mohammad Velazquez,Imaginative,1,2.0
Chaim Inseal,Mohammad Velazquez,Analytic,2,3.0
Chaim Inseal,Mohammad Velazquez,Independent,2,3.0
Chaim Inseal,Mohammad Velazquez,Determined,2,5.0
Chaim Inseal,Mohammad Velazquez,Professional,2,5.0
Chaim Inseal,Mohammad Velazquez,Studious,2,7.0
Chaim Inseal,Mohammad Velazquez,Imaginative,2,1.0
Chaim Inseal,Mohammad Velazquez,Analytic,3,5.0
Chaim Inseal,Mohammad Velazquez,Independent,3,5.0
Chaim Inseal,Mohammad Velazquez,Determined,3,1.0
Chaim Inseal,Mohammad Velazquez,Professional,3,1.0
Chaim Inseal,Mohammad Velazquez,Studious,3,3.0
Chaim Inseal,Mohammad Velazquez,Imaginative,3,3.0
Chaim Inseal,Mohammad Velazquez,Analytic,4,7.0
Chaim Inseal,Mohammad Velazquez,Independent,4,6.0
Chaim Inseal,Mohammad Velazquez,Determined,4,5.0
Chaim Inseal,Mohammad Velazquez,Professional,4,7.0
Chaim Inseal,Mohammad Velazquez,Studious,4,8.0
Chaim Inseal,Mohammad Velazquez,Imaginative,4,8.0
Chaim Inseal,Mohammad Velazquez,Analytic,5,2.0
Chaim Inseal,Mohammad Velazquez,Independent,5,6.0
Chaim Inseal,Mohammad Velazquez,Determined,5,6.0
Chaim Inseal,Mohammad Velazquez,Professional,5,8.0
Chaim Inseal,Mohammad Velazquez,Studious,5,8.0
Chaim Inseal,Mohammad Velazquez,Imaginative,5,4.0
Chaim Inseal,Mohammad Velazquez,Analytic,6,2.0
Chaim Inseal,Mohammad Velazquez,Independent,6,5.0
Chaim Inseal,Mohammad Velazquez,Determined,6,4.0
Chaim Inseal,Mohammad Velazquez,Professional,6,8.0
Chaim Inseal,Mohammad Velazquez,Studious,6,4.0
Chaim Inseal,Mohammad Velazquez,Imaginative,6,6.0
Chaim Inseal,Mohammad Velazquez,Analytic,7,6.0
Chaim Inseal,Mohammad Velazquez,Independent,7,6.0
Chaim Inseal,Mohammad Velazquez,Determined,7,8.0
Chaim Inseal,Mohammad Velazquez,Professional,7,8.0
Chaim Inseal,Mohammad Velazquez,Studious,7,8.0
Chaim Inseal,Mohammad Velazquez,Imaginative,7,8.0
Chaim Inseal,Mohammad Velazquez,Analytic,8,7.0
Chaim Inseal,Mohammad Velazquez,Independent,8,8.0
Chaim Inseal,Mohammad Velazquez,Determined,8,5.0
Chaim Inseal,Mohammad Velazquez,Professional,8,8.0
Chaim Inseal,Mohammad Velazquez,Studious,8,8.0
Chaim Inseal,Mohammad Velazquez,Imaginative,8,8.0
Gertruda Syddie,Mohammad Velazquez,Analytic,1,3.0
Gertruda Syddie,Mohammad Velazquez,Independent,1,1.0
Gertruda Syddie,Mohammad Velazquez,Determined,1,2.0
Gertruda Syddie,Mohammad Velazquez,Professional,1,8.0
Gertruda Syddie,Mohammad Velazquez,Studious,1,1.0
Gertruda Syddie,Mohammad Velazquez,Imaginative,1,4.0
Gertruda Syddie,Mohammad Velazquez,Analytic,2,2.0
Gertruda Syddie,Mohammad Velazquez,Independent,2,4.0
Gertruda Syddie,Mohammad Velazquez,Determined,2,3.0
Gertruda Syddie,Mohammad Velazquez,Professional,2,1.0
Gertruda Syddie,Mohammad Velazquez,Studious,2,3.0
Gertruda Syddie,Mohammad Velazquez,Imaginative,2,1.0
Gertruda Syddie,Mohammad Velazquez,Analytic,3,6.0
Gertruda Syddie,Mohammad Velazquez,Independent,3,2.0
Gertruda Syddie,Mohammad Velazquez,Determined,3,1.0
Gertruda Syddie,Mohammad Velazquez,Professional,3,2.0
Gertruda Syddie,Mohammad Velazquez,Studious,3,3.0
Gertruda Syddie,Mohammad Velazquez,Imaginative,3,8.0
Gertruda Syddie,Mohammad Velazquez,Analytic,4,6.0
Gertruda Syddie,Mohammad Velazquez,Independent,4,8.0
Gertruda Syddie,Mohammad Velazquez,Determined,4,3.0
Gertruda Syddie,Mohammad Velazquez,Professional,4,5.0
Gertruda Syddie,Mohammad Velazquez,Studious,4,8.0
Gertruda Syddie,Mohammad Velazquez,Imaginative,4,5.0
Gertruda Syddie,Mohammad Velazquez,Analytic,5,8.0
Gertruda Syddie,Mohammad Velazquez,Independent,5,4.0
Gertruda Syddie,Mohammad Velazquez,Determined,5,6.0
Gertruda Syddie,Mohammad Velazquez,Professional,5,2.0
Gertruda Syddie,Mohammad Velazquez,Studious,5,3.0
Gertruda Syddie,Mohammad Velazquez,Imaginative,5,2.0
Gertruda Syddie,Mohammad Velazquez,Analytic,6,6.0
Gertruda Syddie,Mohammad Velazquez,Independent,6,8.0
Gertruda Syddie,Mohammad Velazquez,Determined,6,6.0
Gertruda Syddie,Mohammad Velazquez,Professional,6,8.0
Gertruda Syddie,Mohammad Velazquez,Studious,6,7.0
Gertruda Syddie,Mohammad Velazquez,Imaginative,6,8.0
Gertruda Syddie,Mohammad Velazquez,Analytic,7,8.0
Gertruda Syddie,Mohammad Velazquez,Independent,7,3.0
Gertruda Syddie,Mohammad Velazquez,Determined,7,8.0
Gertruda Syddie,Mohammad Velazquez,Professional,7,8.0
Gertruda Syddie,Mohammad Velazquez,Studious,7,4.0
Gertruda Syddie,Mohammad Velazquez,Imaginative,7,8.0
Gertruda Syddie,Mohammad Velazquez,Analytic,8,8.0
Gertruda Syddie,Mohammad Velazquez,Independent,8,8.0
Gertruda Syddie,Mohammad Velazquez,Determined,8,8.0
Gertruda Syddie,Mohammad Velazquez,Professional,8,8.0
Gertruda Syddie,Mohammad Velazquez,Studious,8,8.0
Gertruda Syddie,Mohammad Velazquez,Imaginative,8,5.0
Thom Derwin,Mohammad Velazquez,Analytic,1,3.0
Thom Derwin,Mohammad Velazquez,Independent,1,7.0
Thom Derwin,Mohammad Velazquez,Determined,1,3.0
Thom Derwin,Mohammad Velazquez,Professional,1,3.0
Thom Derwin,Mohammad Velazquez,Studious,1,3.0
Thom Derwin,Mohammad Velazquez,Imaginative,1,1.0
Thom Derwin,Mohammad Velazquez,Analytic,2,2.0
Thom Derwin,Mohammad Velazquez,Independent,2,7.0
Thom Derwin,Mohammad Velazquez,Determined,2,2.0
Thom Derwin,Mohammad Velazquez,Professional,2,3.0
Thom Derwin,Mohammad Velazquez,Studious,2,4.0
Thom Derwin,Mohammad Velazquez,Imaginative,2,1.0
Thom Derwin,Mohammad Velazquez,Analytic,3,1.0
Thom Derwin,Mohammad Velazquez,Independent,3,3.0
Thom Derwin,Mohammad Velazquez,Determined,3,1.0
Thom Derwin,Mohammad Velazquez,Professional,3,2.0
Thom Derwin,Mohammad Velazquez,Studious,3,6.0
Thom Derwin,Mohammad Velazquez,Imaginative,3,5.0
Thom Derwin,Mohammad Velazquez,Analytic,4,4.0
Thom Derwin,Mohammad Velazquez,Independent,4,4.0
Thom Derwin,Mohammad Velazquez,Determined,4,5.0
Thom Derwin,Mohammad Velazquez,Professional,4,3.0
Thom Derwin,Mohammad Velazquez,Studious,4,6.0
Thom Derwin,Mohammad Velazquez,Imaginative,4,8.0
Thom Derwin,Mohammad Velazquez,Analytic,5,4.0
Thom Derwin,Mohammad Velazquez,Independent,5,3.0
Thom Derwin,Mohammad Velazquez,Determined,5,8.0
Thom Derwin,Mohammad Velazquez,Professional,5,3.0
Thom Derwin,Mohammad Velazquez,Studious,5,8.0
Thom Derwin,Mohammad Velazquez,Imaginative,5,5.0
Thom Derwin,Mohammad Velazquez,Analytic,6,5.0
Thom Derwin,Mohammad Velazquez,Independent,6,3.0
Thom Derwin,Mohammad Velazquez,Determined,6,5.0
Thom Derwin,Mohammad Velazquez,Professional,6,6.0
Thom Derwin,Mohammad Velazquez,Studious,6,7.0
Thom Derwin,Mohammad Velazquez,Imaginative,6,7.0
Thom Derwin,Mohammad Velazquez,Analytic,7,8.0
Thom Derwin,Mohammad Velazquez,Independent,7,8.0
Thom Derwin,Mohammad Velazquez,Determined,7,8.0
Thom Derwin,Mohammad Velazquez,Professional,7,8.0
Thom Derwin,Mohammad Velazquez,Studious,7,8.0
Thom Derwin,Mohammad Velazquez,Imaginative,7,8.0
Thom Derwin,Mohammad Velazquez,Analytic,8,8.0
Thom Derwin,Mohammad Velazquez,Independent,8,4.0
Thom Derwin,Mohammad Velazquez,Determined,8,6.0
Thom Derwin,Mohammad Velazquez,Professional,8,8.0
Thom Derwin,Mohammad Velazquez,Studious,8,8.0
Thom Derwin,Mohammad Velazquez,Imaginative,8,8.0
Godfry Sephton,Mohammad Velazquez,Analytic,1,4.0
Godfry Sephton,Mohammad Velazquez,Independent,1,2.0
Godfry Sephton,Mohammad Velazquez,Determined,1,5.0
Godfry Sephton,Mohammad Velazquez,Professional,1,1.0
Godfry Sephton,Mohammad Velazquez,Studious,1,1.0
Godfry Sephton,Mohammad Velazquez,Imaginative,1,2.0
Godfry Sephton,Mohammad Velazquez,Analytic,2,4.0
Godfry Sephton,Mohammad Velazquez,Independent,2,1.0
Godfry Sephton,Mohammad Velazquez,Determined,2,1.0
Godfry Sephton,Mohammad Velazquez,Professional,2,3.0
Godfry Sephton,Mohammad Velazquez,Studious,2,2.0
Godfry Sephton,Mohammad Velazquez,Imaginative,2,5.0
Godfry Sephton,Mohammad Velazquez,Analytic,3,3.0
Godfry Sephton,Mohammad Velazquez,Independent,3,4.0
Godfry Sephton,Mohammad Velazquez,Determined,3,1.0
Godfry Sephton,Mohammad Velazquez,Professional,3,5.0
Godfry Sephton,Mohammad Velazquez,Studious,3,5.0
Godfry Sephton,Mohammad Velazquez,Imaginative,3,3.0
Godfry Sephton,Mohammad Velazquez,Analytic,4,8.0
Godfry Sephton,Mohammad Velazquez,Independent,4,6.0
Godfry Sephton,Mohammad Velazquez,Determined,4,5.0
Godfry Sephton,Mohammad Velazquez,Professional,4,8.0
Godfry Sephton,Mohammad Velazquez,Studious,4,3.0
Godfry Sephton,Mohammad Velazquez,Imaginative,4,8.0
Godfry Sephton,Mohammad Velazquez,Analytic,5,5.0
Godfry Sephton,Mohammad Velazquez,Independent,5,5.0
Godfry Sephton,Mohammad Velazquez,Determined,5,5.0
Godfry Sephton,Mohammad Velazquez,Professional,5,7.0
Godfry Sephton,Mohammad Velazquez,Studious,5,5.0
Godfry Sephton,Mohammad Velazquez,Imaginative,5,4.0
Godfry Sephton,Mohammad Velazquez,Analytic,6,1.0
Godfry Sephton,Mohammad Velazquez,Independent,6,5.0
Godfry Sephton,Mohammad Velazquez,Determined,6,4.0
Godfry Sephton,Mohammad Velazquez,Professional,6,8.0
Godfry Sephton,Mohammad Velazquez,Studious,6,6.0
Godfry Sephton,Mohammad Velazquez,Imaginative,6,8.0
Godfry Sephton,Mohammad Velazquez,Analytic,7,8.0
Godfry Sephton,Mohammad Velazquez,Independent,7,6.0
Godfry Sephton,Mohammad Velazquez,Determined,7,8.0
Godfry Sephton,Mohammad Velazquez,Professional,7,8.0
Godfry Sephton,Mohammad Velazquez,Studious,7,6.0
Godfry Sephton,Mohammad Velazquez,Imaginative,7,8.0
Godfry Sephton,Mohammad Velazquez,Analytic,8,8.0
Godfry Sephton,Mohammad Velazquez,Independent,8,8.0
Godfry Sephton,Mohammad Velazquez,Determined,8,8.0
Godfry Sephton,Mohammad Velazquez,Professional,8,6.0
Godfry Sephton,Mohammad Velazquez,Studious,8,6.0
Godfry Sephton,Mohammad Velazquez,Imaginative,8,8.0
