name,date,strengths,weaknesses,self_development,geo_flex,financial_support_self,result,course_interest,talent_id
Stillmann Castano,2019-08-22,['Charisma'],"['Distracted', 'Impulsive', 'Introverted']",Yes,Yes,Yes,Pass,Business,10383
Hilary Willmore,2019-08-01,"['Patient', 'Curious', 'Problem Solving']","['Overbearing', 'Chatty', 'Indifferent']",No,Yes,Yes,Fail,Data,10384
Efrem Whipple,2019-08-22,"['Courteous', 'Independent', 'Patient']","['Introverted', 'Impulsive', 'Anxious']",Yes,Yes,Yes,Pass,Business,10385
Sydel Fenne,2019-08-28,['Passionate'],"['Perfectionist', 'Sensitive']",Yes,Yes,Yes,Pass,Data,10386
Michel Lebarree,2019-08-07,['Versatile'],"['Controlling', 'Perfectionist', 'Chatty']",Yes,Yes,Yes,Pass,Engineering,10387
Cooper Ingraham,2019-08-14,"['Versatile', 'Rational']",['Immature'],Yes,Yes,No,Fail,Business,10388
Bird Le Count,2019-08-22,['Collaboration'],"['Impatient', 'Conventional', 'Undisciplined']",Yes,Yes,Yes,Fail,Business,10389
Orly Lorens,2019-08-01,"['Ambitious', 'Independent', 'Passionate']","['Conventional', 'Passive']",No,Yes,Yes,Fail,Business,10390
Hannah Messum,2019-08-29,"['Reliable', 'Passionate']",['Intolerant'],Yes,Yes,Yes,Fail,Data,10391
Gavin Lambregts,2019-08-21,"['Altruism', 'Empathy', 'Problem Solving']","['Chaotic', 'Selfish']",Yes,Yes,Yes,Pass,Data,10392
Letta Halston,2019-08-08,"['Listening', 'Passionate']","['Perfectionist', 'Immature', 'Passive']",Yes,Yes,Yes,Fail,Business,10393
Rivalee Eagleton,2019-08-08,"['Organisation', 'Passionate', 'Versatile']","['Conventional', 'Sensitive', 'Introverted']",Yes,Yes,No,Fail,Engineering,10394
Neda Marmyon,2019-08-15,"['Curious', 'Ambitious', 'Consistent']",['Sensitive'],Yes,Yes,Yes,Pass,Data,10395
Kermy Caves,2019-08-29,"['Versatile', 'Ambitious']","['Slow', 'Overbearing', 'Conventional']",Yes,No,Yes,Fail,Business,10396
Edithe Dimitrov,2019-08-07,"['Passionate', 'Versatile']",['Undisciplined'],Yes,Yes,Yes,Pass,Engineering,10397
Aubert Cicerone,2019-08-06,"['Efficient', 'Independent']","['Indifferent', 'Sensitive', 'Introverted']",Yes,Yes,No,Fail,Data,10398
Erastus Mcelrath,2019-08-14,"['Problem Solving', 'Altruism']",['Indifferent'],Yes,No,No,Fail,Data,10399
Edgar Annesley,2019-08-28,['Independent'],"['Controlling', 'Impulsive']",No,Yes,Yes,Fail,Data,10400
Haslett Steet,2019-08-07,"['Problem Solving', 'Efficient', 'Patient']",['Undisciplined'],Yes,Yes,Yes,Pass,Engineering,10401
Kirbee Clementet,2019-08-08,['Determined'],['Anxious'],Yes,Yes,No,Fail,Engineering,10402
Marcellina Ping,2019-08-21,"['Composure', 'Independent']","['Impulsive', 'Competitive', 'Controlling']",Yes,Yes,Yes,Pass,Business,10403
Violet Luscombe,2019-08-14,"['Competitive', 'Empathy']",['Impulsive'],Yes,Yes,Yes,Pass,Data,10404
Phillis Wabey,2019-08-06,['Problem Solving'],"['Overbearing', 'Impatient']",Yes,Yes,Yes,Pass,Data,10405
Maurice Yakhin,2019-08-29,"['Composure', 'Problem Solving', 'Efficient']","['Impatient', 'Critical']",Yes,Yes,Yes,Pass,Engineering,10406
Wesley Tolerton,2019-08-13,"['Determined', 'Problem Solving', 'Patient']","['Indecisive', 'Undisciplined']",No,Yes,Yes,Fail,Business,10407
Brittaney Roughey,2019-08-15,"['Perfectionism', 'Charisma']","['Overbearing', 'Conventional', 'Immature']",Yes,Yes,Yes,Pass,Engineering,10408
Saree Daens,2019-08-15,['Reliable'],['Passive'],Yes,Yes,Yes,Pass,Engineering,10409
Mona Willimott,2019-08-08,['Passionate'],"['Passive', 'Chatty']",Yes,Yes,Yes,Pass,Engineering,10410
Alvie Bleackly,2019-08-01,['Perfectionism'],"['Impatient', 'Selfish', 'Indifferent']",Yes,Yes,Yes,Pass,Engineering,10411
Drud Tellenbrok,2019-08-06,"['Empathy', 'Charisma']","['Slow', 'Anxious', 'Chatty']",Yes,Yes,Yes,Pass,Data,10412
Deck Itzchaki,2019-08-01,['Reliable'],['Indifferent'],Yes,Yes,Yes,Pass,Business,10413
Charlie Danelut,2019-08-14,"['Efficient', 'Empathy', 'Independent']","['Indecisive', 'Chaotic']",Yes,No,Yes,Fail,Data,10414
Wilt Penritt,2019-08-01,"['Collaboration', 'Curious']","['Slow', 'Sensitive']",No,Yes,Yes,Fail,Data,10415
Stevie Houliston,2019-08-15,['Reliable'],['Overbearing'],Yes,Yes,Yes,Pass,Engineering,10416
Fairlie Cogzell,2019-08-14,"['Independent', 'Ambitious']","['Perfectionist', 'Introverted', 'Indecisive']",Yes,Yes,Yes,Pass,Business,10417
Beckie Aveling,2019-08-22,['Curious'],['Slow'],Yes,Yes,Yes,Fail,Business,10418
Axe Mckall,2019-08-15,"['Rational', 'Innovative', 'Collaboration']","['Impatient', 'Distracted']",Yes,Yes,Yes,Pass,Business,10419
Marcela Pass,2019-08-27,"['Curious', 'Passionate']",['Selfish'],Yes,No,Yes,Fail,Business,10420
Sauncho Aveson,2019-08-13,"['Rational', 'Innovative', 'Passionate']","['Immature', 'Competitive', 'Indifferent']",Yes,Yes,Yes,Pass,Data,10421
Shamus Mccomish,2019-08-15,['Versatile'],"['Distracted', 'Slow']",No,Yes,Yes,Fail,Engineering,10422
Andy Lown,2019-08-22,"['Ambitious', 'Independent']","['Perfectionist', 'Procrastination']",Yes,Yes,Yes,Pass,Business,10423
Arny Coorington,2019-08-14,['Efficient'],['Competitive'],Yes,Yes,Yes,Pass,Engineering,10424
Devondra Blabey,2019-08-15,"['Creative', 'Passionate', 'Reliable']",['Distracted'],No,Yes,Yes,Fail,Engineering,10425
Irita Lyptrit,2019-08-07,['Problem Solving'],['Perfectionist'],Yes,Yes,Yes,Pass,Engineering,10426
Jae Rennolds,2019-08-29,"['Consistent', 'Collaboration']",['Stubborn'],Yes,Yes,Yes,Pass,Data,10427
Marion Consadine,2019-08-15,"['Independent', 'Passionate']",['Overbearing'],Yes,Yes,Yes,Pass,Business,10428
Leonore Pettiford,2019-08-13,['Passionate'],"['Indifferent', 'Anxious']",Yes,Yes,Yes,Pass,Data,10429
Edvard Northen,2019-08-07,['Competitive'],['Controlling'],Yes,Yes,Yes,Pass,Data,10430
Oralla Peasgood,2019-08-07,"['Versatile', 'Consistent', 'Passionate']","['Intolerant', 'Distracted', 'Impulsive']",Yes,No,Yes,Fail,Business,10431
Ly Ferro,2019-08-13,"['Curious', 'Perfectionism', 'Determined']","['Selfish', 'Conventional']",Yes,No,Yes,Fail,Business,10432
Lindsey Gerwood,2019-08-29,"['Courteous', 'Ambitious', 'Versatile']","['Sensitive', 'Introverted']",Yes,Yes,Yes,Fail,Data,10433
Gianna Clevely,2019-08-01,"['Independent', 'Competitive', 'Determined']","['Immature', 'Chaotic']",Yes,Yes,Yes,Pass,Business,10434
Celine Doree,2019-08-15,"['Reliable', 'Curious', 'Courteous']",['Impatient'],Yes,Yes,Yes,Pass,Data,10435
Karlene Hughill,2019-08-21,"['Courteous', 'Determined']","['Controlling', 'Intolerant', 'Conventional']",Yes,Yes,Yes,Pass,Data,10436
Sayre Webberley,2019-08-14,['Independent'],"['Perfectionist', 'Distracted']",Yes,Yes,No,Fail,Engineering,10437
Phyllys Baelde,2019-08-15,"['Charisma', 'Collaboration', 'Listening']",['Indecisive'],Yes,Yes,Yes,Pass,Data,10438
Samuele Whear,2019-08-20,"['Rational', 'Passionate']","['Stubborn', 'Impulsive']",Yes,No,Yes,Fail,Business,10439
Darcey Mordin,2019-08-27,"['Curious', 'Empathy', 'Creative']","['Anxious', 'Slow', 'Competitive']",Yes,Yes,Yes,Pass,Business,10440
Pamelina Itzkovsky,2019-08-13,"['Curious', 'Perfectionism', 'Determined']","['Impatient', 'Passive', 'Intolerant']",Yes,Yes,Yes,Pass,Engineering,10441
Laurel Gillogley,2019-08-21,['Ambitious'],"['Chatty', 'Distracted', 'Slow']",Yes,No,Yes,Fail,Engineering,10443
Quinta Cowdray,2019-08-28,['Consistent'],"['Conventional', 'Intolerant']",Yes,Yes,Yes,Pass,Engineering,10444
Cecile Lates,2019-08-15,['Perfectionism'],"['Slow', 'Impulsive']",Yes,Yes,Yes,Fail,Engineering,10445
Seumas Lemonby,2019-08-14,"['Altruism', 'Empathy', 'Innovative']",['Distracted'],Yes,Yes,Yes,Pass,Engineering,10446
Gale Quartley,2019-08-13,"['Rational', 'Organisation', 'Consistent']",['Procrastination'],Yes,Yes,Yes,Pass,Data,10447
Dorrie Srutton,2019-08-22,['Charisma'],"['Introverted', 'Sensitive']",No,Yes,Yes,Fail,Engineering,10448
Benny Tichelaar,2019-08-21,['Problem Solving'],"['Impulsive', 'Stubborn']",No,No,Yes,Fail,Data,10449
Avrit Gawith,2019-08-15,['Versatile'],"['Introverted', 'Chaotic']",Yes,Yes,Yes,Pass,Business,10450
Berti Dennehy,2019-08-22,['Consistent'],"['Stubborn', 'Anxious', 'Competitive']",Yes,Yes,Yes,Fail,Data,10451
Rockey Robarts,2019-08-14,"['Composure', 'Charisma', 'Rational']","['Indifferent', 'Sensitive']",Yes,Yes,Yes,Pass,Engineering,10452
Eloisa Ewert,2019-08-21,['Efficient'],"['Anxious', 'Chatty']",Yes,Yes,No,Fail,Business,10453
Mireille Risom,2019-08-21,"['Passionate', 'Reliable', 'Altruism']","['Chatty', 'Critical', 'Passive']",Yes,Yes,Yes,Pass,Data,10454
Sharl Daggett,2019-08-22,"['Efficient', 'Perfectionism']",['Controlling'],Yes,Yes,Yes,Pass,Engineering,10455
Nikolos Yashin,2019-08-15,"['Empathy', 'Curious']","['Chaotic', 'Stubborn']",Yes,Yes,Yes,Fail,Business,10456
Shela Mccall,2019-08-14,"['Courteous', 'Curious', 'Organisation']","['Stubborn', 'Procrastination']",Yes,Yes,Yes,Fail,Engineering,10457
Sonnie Malenfant,2019-08-14,"['Organisation', 'Courteous']",['Perfectionist'],Yes,Yes,Yes,Pass,Business,10458
Mahmud Molineux,2019-08-20,"['Rational', 'Charisma']","['Chatty', 'Distracted', 'Sensitive']",Yes,Yes,Yes,Pass,Business,10459
Dylan Llewellen,2019-08-29,"['Perfectionism', 'Ambitious']","['Undisciplined', 'Intolerant', 'Perfectionist']",Yes,Yes,No,Fail,Data,10460
Yvor Phalip,2019-08-01,"['Charisma', 'Creative', 'Curious']","['Intolerant', 'Procrastination', 'Immature']",Yes,Yes,No,Fail,Data,10461
Berry Freed,2019-08-29,"['Competitive', 'Versatile']",['Immature'],Yes,Yes,Yes,Pass,Business,10462
Marielle Knivett,2019-08-01,['Critical Thinking'],"['Overbearing', 'Indecisive']",Yes,No,Yes,Fail,Business,10463
Emmanuel Deniske,2019-08-15,"['Passionate', 'Altruism', 'Courteous']","['Overbearing', 'Procrastination']",Yes,Yes,Yes,Pass,Data,10464
Kerr Coucha,2019-08-07,['Curious'],"['Controlling', 'Sensitive', 'Distracted']",Yes,Yes,Yes,Pass,Data,10465
Dulci Mcgrayle,2019-08-21,"['Versatile', 'Creative']","['Chatty', 'Sensitive']",Yes,Yes,Yes,Pass,Data,10466
Shandee Blaschke,2019-08-21,['Critical Thinking'],['Stubborn'],No,Yes,Yes,Fail,Engineering,10467
Paul Chislett,2019-08-14,"['Composure', 'Organisation']","['Procrastination', 'Impatient', 'Conventional']",Yes,Yes,No,Fail,Engineering,10468
Florri Loughton,2019-08-01,['Ambitious'],"['Indifferent', 'Critical', 'Conventional']",No,Yes,Yes,Fail,Engineering,10469
Hildy Landre,2019-08-08,"['Perfectionism', 'Courteous']",['Indifferent'],No,Yes,Yes,Fail,Data,10470
Berny Botler,2019-08-06,"['Altruism', 'Collaboration']",['Impulsive'],Yes,Yes,Yes,Pass,Data,10471
Merell Tremmil,2019-08-13,"['Perfectionism', 'Collaboration', 'Patient']",['Indifferent'],Yes,Yes,Yes,Fail,Engineering,10472
Ileana Chewter,2019-08-21,"['Passionate', 'Versatile']",['Competitive'],Yes,Yes,Yes,Pass,Business,10473
Ilario Yeates,2019-08-13,['Listening'],['Procrastination'],No,Yes,Yes,Fail,Engineering,10474
Winnie Lewerenz,2019-08-06,['Patient'],['Indecisive'],Yes,No,Yes,Fail,Business,10475
Garwood Strowan,2019-08-20,"['Consistent', 'Creative']","['Chatty', 'Impulsive']",No,Yes,Yes,Fail,Data,10476
Herb Mcilmorie,2019-08-08,['Determined'],"['Sensitive', 'Passive']",Yes,Yes,Yes,Pass,Data,10477
Ingunna Adin,2019-08-01,"['Charisma', 'Altruism', 'Perfectionism']","['Competitive', 'Indifferent', 'Chaotic']",Yes,Yes,Yes,Pass,Data,10478
Frazier Bayston,2019-08-29,['Altruism'],['Impulsive'],Yes,No,Yes,Fail,Data,10479
Hewett Lamputt,2019-08-13,"['Rational', 'Determined', 'Organisation']","['Slow', 'Controlling', 'Anxious']",Yes,Yes,Yes,Pass,Engineering,10480
Rodger Bendelow,2019-08-22,"['Courteous', 'Rational']","['Selfish', 'Impatient']",Yes,Yes,Yes,Pass,Data,10481
Archer Hobben,2019-08-14,"['Independent', 'Problem Solving']","['Critical', 'Indecisive']",Yes,Yes,Yes,Fail,Business,10482
Stephani Prettyman,2019-08-22,"['Listening', 'Independent', 'Organisation']",['Selfish'],Yes,Yes,Yes,Pass,Engineering,10483
Pepi Bome,2019-08-20,"['Competitive', 'Charisma']","['Slow', 'Indifferent', 'Selfish']",Yes,Yes,Yes,Pass,Engineering,10484
Loella Lonnon,2019-08-06,['Empathy'],"['Introverted', 'Conventional', 'Undisciplined']",Yes,Yes,No,Fail,Data,10485
Darrin Stoffel,2019-08-08,['Altruism'],"['Conventional', 'Introverted']",Yes,Yes,Yes,Pass,Business,10486
Mitchel Bates,2019-08-14,['Problem Solving'],['Stubborn'],Yes,Yes,No,Fail,Engineering,10487
Miles Water,2019-08-08,"['Charisma', 'Passionate', 'Creative']","['Slow', 'Intolerant', 'Sensitive']",Yes,Yes,Yes,Pass,Business,10488
Fanni Polhill,2019-08-28,"['Perfectionism', 'Efficient', 'Listening']","['Indecisive', 'Indifferent', 'Undisciplined']",Yes,Yes,Yes,Fail,Engineering,10489
Genvieve Arnke,2019-08-22,"['Reliable', 'Patient', 'Rational']","['Selfish', 'Chatty']",No,Yes,Yes,Fail,Business,10490
Alicia Hruska,2019-08-28,"['Altruism', 'Competitive', 'Charisma']",['Indifferent'],Yes,Yes,Yes,Pass,Business,10491
Mella Aubin,2019-08-15,['Listening'],['Introverted'],Yes,Yes,Yes,Pass,Data,10492
George Huckstepp,2019-08-06,"['Perfectionism', 'Listening', 'Ambitious']","['Anxious', 'Indifferent']",No,Yes,Yes,Fail,Engineering,10493
Joelie Elfitt,2019-08-29,['Problem Solving'],['Chatty'],Yes,Yes,No,Fail,Business,10494
Omar Rodrigo,2019-08-27,"['Composure', 'Versatile']","['Impatient', 'Slow', 'Critical']",Yes,No,Yes,Fail,Engineering,10495
Cal Loache,2019-08-15,"['Ambitious', 'Reliable', 'Determined']","['Sensitive', 'Indifferent']",Yes,Yes,Yes,Fail,Business,10496
Tully Mcdoual,2019-08-07,['Rational'],"['Stubborn', 'Indifferent']",Yes,Yes,Yes,Pass,Engineering,10497
Molli Brayfield,2019-08-22,['Listening'],"['Perfectionist', 'Conventional']",Yes,Yes,Yes,Pass,Data,10498
Janaya Mawford,2019-08-01,"['Problem Solving', 'Efficient']","['Stubborn', 'Indecisive', 'Undisciplined']",Yes,Yes,Yes,Pass,Data,10499
Lazarus Hooke,2019-08-29,"['Independent', 'Perfectionism']",['Immature'],No,Yes,Yes,Fail,Data,10500
Sidney Le Batteur,2019-08-08,['Listening'],"['Intolerant', 'Conventional', 'Undisciplined']",Yes,Yes,Yes,Pass,Data,10501
Maryellen Vasovic,2019-08-20,"['Problem Solving', 'Altruism', 'Patient']","['Indecisive', 'Procrastination', 'Undisciplined']",Yes,Yes,Yes,Pass,Data,10502
Winona Rubinowitz,2019-08-29,['Courteous'],['Controlling'],Yes,Yes,Yes,Pass,Engineering,10503
Dur Plom,2019-08-14,"['Consistent', 'Innovative']","['Indifferent', 'Indecisive', 'Controlling']",Yes,Yes,Yes,Fail,Engineering,10504
Gisela Aisbett,2019-08-15,"['Efficient', 'Critical Thinking', 'Creative']","['Chaotic', 'Conventional']",Yes,Yes,Yes,Pass,Engineering,10505
Appolonia Jovis,2019-08-29,"['Passionate', 'Composure', 'Determined']",['Anxious'],Yes,No,No,Fail,Business,10506
Diandra Dyhouse,2019-08-27,"['Collaboration', 'Determined', 'Consistent']","['Slow', 'Conventional']",Yes,Yes,Yes,Pass,Business,10507
Cornall Offer,2019-08-01,['Creative'],"['Distracted', 'Overbearing']",Yes,No,Yes,Fail,Data,10508
Dominique Narbett,2019-08-20,"['Competitive', 'Critical Thinking', 'Courteous']","['Immature', 'Chatty', 'Critical']",Yes,Yes,Yes,Pass,Business,10509
Gusti Horrod,2019-08-27,"['Empathy', 'Courteous']",['Indifferent'],Yes,Yes,Yes,Pass,Data,10510
Brnaby Bownes,2019-08-01,"['Efficient', 'Passionate']",['Introverted'],Yes,Yes,Yes,Pass,Engineering,10511
Berky Bailey,2019-08-28,"['Competitive', 'Empathy']","['Distracted', 'Passive', 'Stubborn']",Yes,Yes,Yes,Pass,Business,10512
Harriett Saffin,2019-08-28,"['Innovative', 'Consistent', 'Collaboration']",['Impulsive'],Yes,Yes,Yes,Pass,Business,10513
Pooh Christy,2019-08-28,"['Curious', 'Perfectionism', 'Critical Thinking']",['Perfectionist'],Yes,Yes,Yes,Pass,Data,10514
Tris Landrean,2019-08-29,"['Innovative', 'Empathy']","['Passive', 'Selfish', 'Chaotic']",Yes,Yes,Yes,Pass,Data,10515
Derk Andress,2019-08-13,"['Curious', 'Altruism', 'Collaboration']","['Perfectionist', 'Chatty', 'Undisciplined']",Yes,Yes,Yes,Pass,Business,10516
Engelbert Vahl,2019-08-21,"['Courteous', 'Reliable']","['Chaotic', 'Undisciplined']",Yes,Yes,Yes,Pass,Data,10517
Prentiss Godman,2019-08-20,"['Altruism', 'Collaboration']","['Controlling', 'Impulsive']",Yes,Yes,Yes,Fail,Engineering,10518
Angel Hulson,2019-08-14,"['Consistent', 'Independent']","['Chaotic', 'Controlling', 'Critical']",Yes,Yes,Yes,Fail,Business,10519
Mike Milliere,2019-08-06,"['Patient', 'Perfectionism']","['Selfish', 'Indifferent']",Yes,Yes,Yes,Pass,Engineering,10520
Gayleen Petru,2019-08-14,"['Versatile', 'Problem Solving']",['Distracted'],Yes,Yes,Yes,Pass,Business,10521
Jozef Burr,2019-08-07,"['Organisation', 'Patient', 'Problem Solving']","['Chatty', 'Anxious']",Yes,Yes,Yes,Pass,Engineering,10522
Allina Grelka,2019-08-28,"['Courteous', 'Empathy', 'Organisation']",['Critical'],Yes,Yes,Yes,Pass,Engineering,10523
Carr Kensall,2019-08-20,"['Creative', 'Reliable']",['Chatty'],Yes,No,Yes,Fail,Business,10524
Nil Macpaike,2019-08-06,"['Problem Solving', 'Courteous']","['Controlling', 'Introverted', 'Overbearing']",Yes,Yes,Yes,Pass,Business,10525
Jessie Petriello,2019-08-06,"['Passionate', 'Versatile']",['Critical'],Yes,Yes,Yes,Pass,Engineering,10526
George O'Duane,2019-08-06,"['Altruism', 'Efficient', 'Competitive']","['Controlling', 'Critical', 'Competitive']",Yes,Yes,Yes,Pass,Data,10527
Mendie Mcbean,2019-08-15,"['Composure', 'Independent', 'Innovative']","['Impulsive', 'Conventional', 'Introverted']",Yes,Yes,Yes,Pass,Engineering,10528
Roze Yepiskopov,2019-08-21,['Perfectionism'],['Chatty'],Yes,Yes,Yes,Pass,Engineering,10529
Boote Moan,2019-08-20,['Altruism'],['Chaotic'],Yes,Yes,Yes,Pass,Business,10530
Tito Greiswood,2019-08-20,"['Composure', 'Independent']","['Conventional', 'Passive', 'Chaotic']",Yes,Yes,Yes,Pass,Engineering,10531
Reg Vandenhoff,2019-08-27,['Independent'],"['Competitive', 'Overbearing']",Yes,Yes,Yes,Pass,Data,10532
Ravid Leyninye,2019-08-06,"['Efficient', 'Competitive']","['Undisciplined', 'Stubborn']",Yes,Yes,Yes,Pass,Data,10533
Ninetta Joyce,2019-08-06,"['Collaboration', 'Perfectionism']","['Selfish', 'Critical', 'Stubborn']",Yes,Yes,Yes,Pass,Data,10534
Rozalin Summerscales,2019-08-28,"['Altruism', 'Collaboration', 'Empathy']","['Chaotic', 'Indifferent']",Yes,Yes,Yes,Pass,Engineering,10535
Rafi Andrzejczak,2019-08-07,"['Critical Thinking', 'Innovative']","['Chatty', 'Undisciplined', 'Selfish']",Yes,No,Yes,Fail,Business,10536
Mead Stolting,2019-08-29,"['Courteous', 'Efficient']","['Sensitive', 'Indifferent']",Yes,No,Yes,Fail,Data,10538
Chickie Kezar,2019-08-21,"['Problem Solving', 'Altruism', 'Ambitious']","['Undisciplined', 'Procrastination']",Yes,Yes,No,Fail,Business,10539
Cornall Wastall,2019-08-15,"['Innovative', 'Efficient']","['Indifferent', 'Critical', 'Impatient']",Yes,Yes,Yes,Pass,Engineering,10540
Carlin Stellino,2019-08-20,"['Consistent', 'Efficient']","['Chatty', 'Overbearing']",Yes,Yes,No,Fail,Engineering,10541
Sherline Cudihy,2019-08-01,['Perfectionism'],['Sensitive'],Yes,Yes,Yes,Pass,Data,10542
Burnard Fielden,2019-08-21,['Independent'],"['Slow', 'Indifferent', 'Selfish']",Yes,No,Yes,Fail,Data,10543
Valle Humby,2019-08-21,['Competitive'],"['Perfectionist', 'Intolerant']",Yes,Yes,Yes,Pass,Engineering,10544
Jillie Howles,2019-08-27,"['Consistent', 'Independent', 'Composure']",['Chaotic'],Yes,Yes,No,Fail,Data,10545
Chucho Galfour,2019-08-13,"['Problem Solving', 'Ambitious', 'Courteous']","['Chatty', 'Procrastination', 'Overbearing']",Yes,Yes,Yes,Pass,Engineering,10546
Orland Glaisner,2019-08-13,"['Charisma', 'Courteous', 'Collaboration']","['Distracted', 'Critical', 'Competitive']",Yes,Yes,Yes,Pass,Engineering,10547
Luz Gasparro,2019-08-08,"['Creative', 'Listening', 'Altruism']","['Anxious', 'Critical']",Yes,Yes,Yes,Pass,Engineering,10548
Melesa Mault,2019-08-07,"['Altruism', 'Problem Solving', 'Versatile']",['Competitive'],Yes,No,Yes,Fail,Data,10549
Trudie Kiellor,2019-08-06,"['Collaboration', 'Curious', 'Passionate']",['Intolerant'],Yes,Yes,Yes,Pass,Data,10550
Nancie Sazio,2019-08-15,['Altruism'],"['Overbearing', 'Selfish']",Yes,Yes,Yes,Pass,Engineering,10551
Welby Wishkar,2019-08-14,"['Problem Solving', 'Passionate']",['Competitive'],Yes,Yes,Yes,Fail,Business,10552
Carce Capel,2019-08-28,"['Courteous', 'Versatile', 'Organisation']",['Undisciplined'],No,Yes,Yes,Fail,Business,10553
Oralia Barrat,2019-08-27,"['Composure', 'Patient']",['Introverted'],Yes,Yes,Yes,Pass,Data,10554
Katuscha Ransfield,2019-08-07,"['Altruism', 'Innovative']",['Introverted'],Yes,No,Yes,Fail,Engineering,10555
Norene Fierro,2019-08-01,"['Efficient', 'Empathy']",['Stubborn'],Yes,No,Yes,Fail,Business,10556
Mylo Sudell,2019-08-06,"['Creative', 'Critical Thinking']",['Passive'],Yes,Yes,Yes,Pass,Data,10557
Shannon Hartman,2019-08-21,"['Collaboration', 'Problem Solving']",['Indecisive'],Yes,Yes,Yes,Fail,Engineering,10558
Blakeley Strood,2019-08-06,"['Empathy', 'Competitive']",['Procrastination'],Yes,Yes,Yes,Pass,Data,10559
Rafi Downse,2019-08-21,"['Rational', 'Innovative', 'Versatile']","['Introverted', 'Undisciplined', 'Stubborn']",Yes,Yes,Yes,Pass,Engineering,10560
Demetrius Tunstall,2019-08-07,['Collaboration'],"['Competitive', 'Introverted', 'Overbearing']",Yes,Yes,Yes,Pass,Engineering,10561
Melinde Darton,2019-08-21,['Courteous'],"['Controlling', 'Critical', 'Conventional']",Yes,Yes,Yes,Pass,Business,10562
Dulcea Perl,2019-08-22,"['Creative', 'Empathy', 'Innovative']",['Distracted'],Yes,Yes,Yes,Pass,Engineering,10563
Milton Conaghan,2019-08-08,"['Collaboration', 'Consistent']","['Distracted', 'Sensitive']",Yes,Yes,Yes,Pass,Engineering,10564
Chere Siddens,2019-08-29,"['Competitive', 'Listening', 'Curious']","['Sensitive', 'Competitive']",No,Yes,No,Fail,Business,10565
Putnem Hessing,2019-08-08,"['Independent', 'Critical Thinking']","['Chatty', 'Perfectionist', 'Critical']",Yes,Yes,Yes,Pass,Data,10566
Timmi Haveline,2019-08-22,"['Curious', 'Reliable', 'Competitive']",['Sensitive'],Yes,Yes,Yes,Pass,Business,10567
Garald Banasevich,2019-08-08,['Creative'],"['Selfish', 'Perfectionist', 'Anxious']",Yes,Yes,Yes,Pass,Data,10568
Anselma Pavelin,2019-08-21,['Organisation'],['Distracted'],Yes,Yes,Yes,Fail,Business,10569
Querida Antonacci,2019-08-29,['Problem Solving'],['Introverted'],Yes,Yes,Yes,Pass,Data,10570
Leda Aharoni,2019-08-13,"['Competitive', 'Consistent']","['Immature', 'Impatient', 'Distracted']",Yes,Yes,Yes,Pass,Business,10571
Norri Temby,2019-08-27,"['Listening', 'Organisation', 'Consistent']","['Controlling', 'Passive']",Yes,Yes,Yes,Pass,Engineering,10572
Margery Winspur,2019-08-07,['Independent'],"['Impulsive', 'Undisciplined']",Yes,Yes,Yes,Pass,Data,10573
Bord Ollin,2019-08-14,['Innovative'],"['Stubborn', 'Competitive', 'Passive']",Yes,Yes,No,Fail,Business,10574
Dodie Lassells,2019-08-27,['Critical Thinking'],"['Stubborn', 'Immature']",Yes,Yes,Yes,Pass,Data,10575
Corie Snodin,2019-08-22,"['Reliable', 'Determined', 'Consistent']","['Anxious', 'Conventional']",Yes,Yes,No,Fail,Data,10576
Arron Cuerdall,2019-08-08,"['Efficient', 'Creative']","['Indifferent', 'Impatient']",Yes,Yes,Yes,Pass,Engineering,10577
Josh Youens,2019-08-08,['Listening'],"['Sensitive', 'Anxious', 'Indecisive']",Yes,Yes,Yes,Pass,Engineering,10578
Aldo Bradnum,2019-08-27,['Consistent'],"['Distracted', 'Conventional', 'Chaotic']",Yes,Yes,Yes,Pass,Engineering,10579
Xymenes Pretor,2019-08-07,"['Organisation', 'Ambitious']","['Selfish', 'Sensitive', 'Intolerant']",Yes,Yes,Yes,Pass,Engineering,10580
Heinrik Allwell,2019-08-08,"['Collaboration', 'Efficient', 'Organisation']","['Critical', 'Competitive']",Yes,Yes,Yes,Pass,Business,10581
Bob Rogerson,2019-08-07,['Efficient'],"['Stubborn', 'Introverted']",Yes,Yes,Yes,Pass,Data,10582
Neall Mayor,2019-08-07,"['Independent', 'Competitive', 'Consistent']",['Overbearing'],Yes,Yes,No,Fail,Data,10583
Ilysa Kiggel,2019-08-07,['Consistent'],"['Slow', 'Indecisive', 'Undisciplined']",Yes,Yes,Yes,Pass,Data,10584
Melisse Craze,2019-08-20,"['Rational', 'Courteous', 'Efficient']",['Selfish'],Yes,Yes,Yes,Fail,Data,10585
Petronille Dougharty,2019-08-29,"['Courteous', 'Passionate']","['Introverted', 'Immature', 'Sensitive']",No,Yes,Yes,Fail,Business,10586
Urbano Reinisch,2019-08-13,"['Courteous', 'Ambitious', 'Organisation']","['Immature', 'Perfectionist', 'Distracted']",Yes,Yes,Yes,Pass,Engineering,10587
Noami Edworthye,2019-08-20,"['Collaboration', 'Patient', 'Determined']",['Impatient'],No,Yes,Yes,Fail,Business,10588
Cynthia Jenny,2019-08-06,"['Ambitious', 'Empathy']","['Immature', 'Conventional']",Yes,No,Yes,Fail,Business,10589
Ivett Prop,2019-08-22,"['Organisation', 'Altruism']","['Distracted', 'Immature', 'Overbearing']",Yes,Yes,Yes,Pass,Business,10590
Lamond Levensky,2019-08-13,['Problem Solving'],"['Anxious', 'Impatient', 'Sensitive']",Yes,Yes,Yes,Pass,Data,10591
Estevan Bartalini,2019-08-21,"['Altruism', 'Rational', 'Collaboration']",['Stubborn'],Yes,Yes,Yes,Pass,Engineering,10592
Redford Bubbings,2019-08-15,"['Rational', 'Curious', 'Courteous']",['Procrastination'],No,Yes,Yes,Fail,Engineering,10593
Brandais Reiner,2019-08-22,"['Ambitious', 'Determined']",['Indecisive'],Yes,Yes,Yes,Pass,Business,10595
Correy Clemont,2019-08-28,['Versatile'],"['Conventional', 'Overbearing']",Yes,No,Yes,Fail,Data,10596
Starr Curcher,2019-08-15,['Consistent'],['Indifferent'],Yes,No,Yes,Fail,Business,10597
Rosaline Goldsmith,2019-08-21,['Empathy'],"['Selfish', 'Immature']",Yes,Yes,Yes,Pass,Engineering,10598
Chancey Climer,2019-08-27,"['Versatile', 'Critical Thinking']","['Critical', 'Distracted', 'Perfectionist']",Yes,Yes,Yes,Pass,Business,10599
Gena Humbles,2019-08-29,"['Collaboration', 'Perfectionism', 'Independent']","['Stubborn', 'Conventional']",Yes,Yes,Yes,Pass,Engineering,10600
Madeleine Younglove,2019-08-06,['Organisation'],['Controlling'],Yes,No,Yes,Fail,Engineering,10601
Leonerd Scamel,2019-08-08,['Efficient'],['Controlling'],No,Yes,Yes,Fail,Engineering,10602
Balduin Culleton,,['Courteous'],"['Chaotic', 'Perfectionist', 'Critical']",Yes,Yes,Yes,Fail,Data,10603
Oliy Ellar,2019-08-13,"['Rational', 'Courteous']","['Perfectionist', 'Distracted']",Yes,Yes,No,Fail,Engineering,10604
Carena Nizet,2019-08-08,['Empathy'],['Immature'],Yes,Yes,Yes,Pass,Engineering,10605
Theo Ottee,2019-08-21,"['Perfectionism', 'Innovative', 'Creative']","['Intolerant', 'Chatty', 'Perfectionist']",Yes,Yes,Yes,Pass,Engineering,10606
Britt Summergill,2019-08-28,['Curious'],"['Introverted', 'Impatient', 'Stubborn']",Yes,Yes,Yes,Pass,Data,10607
Nial Oret,2019-08-13,['Versatile'],"['Passive', 'Impatient', 'Introverted']",Yes,No,Yes,Fail,Data,10608
Pegeen O'Lochan,2019-08-15,"['Independent', 'Patient', 'Passionate']",['Sensitive'],Yes,Yes,No,Fail,Business,10609
Kingsley Hardaker,2019-08-28,['Altruism'],['Slow'],Yes,Yes,Yes,Pass,Business,10610
Lorine Bignall,2019-08-01,['Listening'],['Stubborn'],Yes,Yes,Yes,Fail,Business,10611
Christian Bingley,2019-08-13,"['Independent', 'Listening']","['Anxious', 'Introverted', 'Conventional']",Yes,Yes,Yes,Pass,Data,10612
Ad Do,2019-08-21,"['Curious', 'Ambitious', 'Patient']",['Perfectionist'],Yes,Yes,Yes,Pass,Engineering,10613
Beret Devonside,2019-08-15,['Listening'],"['Undisciplined', 'Indifferent', 'Immature']",Yes,Yes,No,Fail,Business,10614
Denyse Weth,2019-08-22,"['Patient', 'Competitive']",['Perfectionist'],Yes,Yes,Yes,Pass,Business,10615
Deirdre Van Den Velde,2019-08-01,['Perfectionism'],['Competitive'],Yes,Yes,Yes,Pass,Engineering,10616
Bevon Mustill,2019-08-15,"['Perfectionism', 'Competitive']","['Chaotic', 'Competitive', 'Controlling']",No,No,Yes,Fail,Engineering,10617
Ruthe Adolthine,2019-08-01,"['Charisma', 'Creative', 'Curious']","['Selfish', 'Immature']",Yes,Yes,No,Fail,Data,10618
Vaughn Wallington,2019-08-27,['Curious'],"['Introverted', 'Sensitive', 'Chaotic']",Yes,Yes,Yes,Pass,Business,10619
Matty Ceney,2019-08-08,"['Ambitious', 'Patient']","['Procrastination', 'Passive', 'Slow']",Yes,Yes,Yes,Pass,Engineering,10620
Rubia Espy,2019-08-08,"['Determined', 'Collaboration']","['Critical', 'Anxious']",Yes,Yes,Yes,Pass,Business,10621
Meridel Dearell,2019-08-21,"['Curious', 'Perfectionism']","['Anxious', 'Procrastination']",Yes,Yes,Yes,Pass,Data,10622
Noelyn Sinkin,2019-08-21,"['Determined', 'Patient', 'Critical Thinking']","['Indifferent', 'Slow']",Yes,Yes,Yes,Pass,Business,10623
Mozelle Grinnov,2019-08-20,"['Courteous', 'Patient']","['Passive', 'Chatty']",Yes,Yes,Yes,Pass,Engineering,10624
Christyna Arkill,2019-08-21,['Courteous'],['Conventional'],Yes,Yes,Yes,Pass,Data,10625
Kain Lowne,2019-08-29,"['Organisation', 'Empathy', 'Innovative']",['Anxious'],Yes,Yes,Yes,Pass,Data,10626
Mitchel Blackesland,2019-08-14,"['Determined', 'Critical Thinking', 'Ambitious']","['Impatient', 'Intolerant', 'Undisciplined']",Yes,Yes,Yes,Pass,Data,10627
Albie Lyon,2019-08-22,"['Problem Solving', 'Patient', 'Ambitious']","['Controlling', 'Slow', 'Indecisive']",Yes,Yes,Yes,Pass,Data,10628
Farand Rotlauf,2019-08-20,['Perfectionism'],['Selfish'],Yes,Yes,Yes,Pass,Engineering,10629
Bo Fargie,2019-08-28,['Altruism'],['Impatient'],Yes,Yes,Yes,Pass,Engineering,10630
Arch Cookley,2019-08-20,"['Innovative', 'Listening', 'Courteous']","['Competitive', 'Overbearing']",Yes,No,Yes,Fail,Engineering,10631
Martica Cawse,2019-08-08,['Creative'],"['Introverted', 'Overbearing']",Yes,Yes,Yes,Pass,Engineering,10632
Nancie Mehaffey,2019-08-08,"['Efficient', 'Independent', 'Critical Thinking']","['Intolerant', 'Selfish', 'Passive']",Yes,Yes,Yes,Pass,Data,10633
Donnamarie Schofield,2019-08-15,['Ambitious'],['Passive'],Yes,Yes,Yes,Pass,Data,10634
Erda Liddel,2019-08-06,['Altruism'],['Anxious'],Yes,No,Yes,Fail,Business,10635
Alister Bru,2019-08-07,"['Organisation', 'Composure', 'Reliable']","['Critical', 'Distracted', 'Introverted']",Yes,Yes,Yes,Pass,Engineering,10636
Sigismund Izkovici,2019-08-15,"['Problem Solving', 'Charisma', 'Collaboration']",['Overbearing'],Yes,Yes,Yes,Pass,Engineering,10637
Star Jurges,2019-08-01,"['Patient', 'Listening']","['Competitive', 'Impatient']",Yes,Yes,Yes,Pass,Data,10638
Pauly Gillbee,2019-08-28,"['Problem Solving', 'Listening']",['Stubborn'],Yes,Yes,Yes,Pass,Business,10639
Stan Forkan,2019-08-01,"['Creative', 'Versatile']","['Chatty', 'Procrastination', 'Chaotic']",Yes,Yes,Yes,Fail,Data,10640
Brinn Trewhela,2019-08-06,"['Consistent', 'Altruism']","['Slow', 'Indifferent', 'Anxious']",Yes,Yes,Yes,Pass,Business,10641
Rodrigo Endrighi,2019-08-14,['Competitive'],"['Competitive', 'Impulsive', 'Conventional']",Yes,Yes,Yes,Pass,Data,10642
Tansy Dukelow,2019-08-20,"['Altruism', 'Curious']","['Procrastination', 'Indifferent']",Yes,No,Yes,Fail,Engineering,10643
Sean Ovise,2019-08-27,['Problem Solving'],['Conventional'],Yes,Yes,Yes,Pass,Engineering,10644
Anselma Pawlett,2019-08-21,['Innovative'],"['Selfish', 'Immature']",Yes,Yes,Yes,Pass,Data,10645
Kerrie Rosi,2019-08-22,"['Empathy', 'Independent', 'Critical Thinking']","['Competitive', 'Conventional']",Yes,Yes,Yes,Pass,Business,10646
Dorothy Hailwood,2019-08-15,['Versatile'],['Introverted'],Yes,No,Yes,Fail,Business,10647
Jodie Kaygill,2019-08-01,"['Consistent', 'Altruism']","['Competitive', 'Overbearing', 'Selfish']",Yes,Yes,Yes,Pass,Data,10648
Jim Dwerryhouse,2019-08-27,['Problem Solving'],"['Perfectionist', 'Sensitive']",Yes,Yes,Yes,Pass,Business,10649
Delinda Conybear,2019-08-01,"['Passionate', 'Organisation', 'Critical Thinking']","['Procrastination', 'Controlling', 'Sensitive']",Yes,Yes,Yes,Pass,Data,10650
Norby Burle,2019-08-21,"['Competitive', 'Versatile']",['Overbearing'],No,No,Yes,Fail,Business,10651
Robinet Renwick,2019-08-15,['Courteous'],"['Procrastination', 'Distracted', 'Indifferent']",Yes,Yes,Yes,Pass,Business,10652
Perry Richemond,2019-08-08,"['Problem Solving', 'Rational']","['Perfectionist', 'Overbearing', 'Critical']",Yes,Yes,Yes,Pass,Data,10653
Carlyn Reisin,2019-08-14,"['Consistent', 'Creative', 'Organisation']","['Immature', 'Impatient', 'Sensitive']",Yes,Yes,Yes,Pass,Business,10654
Horatius Starking,2019-08-08,['Consistent'],"['Selfish', 'Introverted', 'Slow']",Yes,Yes,No,Fail,Business,10655
Leoline Vigietti,2019-08-07,"['Determined', 'Patient']","['Intolerant', 'Immature']",Yes,Yes,Yes,Pass,Business,10656
Rudolf Maple,2019-08-21,['Listening'],"['Chatty', 'Intolerant', 'Passive']",Yes,Yes,Yes,Pass,Data,10657
Alwin Bullman,2019-08-07,"['Charisma', 'Perfectionism', 'Rational']",['Controlling'],Yes,Yes,Yes,Pass,Data,10658
Shae Ainslie,2019-08-15,['Innovative'],"['Chaotic', 'Slow']",Yes,Yes,Yes,Pass,Business,10659
Ciel Poizer,2019-08-14,"['Listening', 'Curious']","['Sensitive', 'Conventional', 'Immature']",No,Yes,Yes,Fail,Business,10660
Matteo Yeowell,2019-08-01,"['Versatile', 'Empathy']","['Overbearing', 'Sensitive', 'Selfish']",Yes,Yes,Yes,Pass,Business,10661
Saundra Fuzzens,,"['Passionate', 'Efficient', 'Charisma']","['Procrastination', 'Slow', 'Overbearing']",Yes,Yes,Yes,Fail,Business,10662
Denise Oppy,2019-08-21,"['Courteous', 'Independent']",['Sensitive'],Yes,Yes,Yes,Pass,Engineering,10663
Didi Stronough,2019-08-29,['Reliable'],"['Slow', 'Anxious']",Yes,Yes,Yes,Pass,Engineering,10664
Tarrah Bunny,2019-08-07,['Altruism'],"['Perfectionist', 'Distracted']",Yes,Yes,Yes,Pass,Business,10665
Bondon Josselson,2019-08-15,['Innovative'],"['Introverted', 'Chatty']",Yes,No,Yes,Fail,Engineering,10666
Denny Begg,2019-08-08,"['Altruism', 'Charisma']",['Introverted'],Yes,Yes,Yes,Pass,Data,10667
Clim Lovie,2019-08-29,"['Creative', 'Empathy']","['Undisciplined', 'Slow']",Yes,Yes,Yes,Fail,Business,10668
Wolf Radolf,2019-08-08,"['Listening', 'Determined']","['Indifferent', 'Chatty']",Yes,Yes,Yes,Pass,Engineering,10669
Ferrel Lissandrini,2019-08-29,"['Creative', 'Ambitious']",['Slow'],Yes,Yes,Yes,Fail,Business,10670
Carlos Gerckens,2019-08-01,"['Collaboration', 'Ambitious']","['Intolerant', 'Stubborn', 'Anxious']",Yes,Yes,Yes,Pass,Data,10671
Blake Nunson,2019-08-01,"['Reliable', 'Determined']","['Competitive', 'Indifferent', 'Controlling']",Yes,Yes,Yes,Pass,Engineering,10672
Paula Danielsen,2019-08-22,"['Altruism', 'Listening', 'Problem Solving']",['Impulsive'],Yes,Yes,No,Fail,Business,10673
Brose Menghi,2019-08-06,"['Rational', 'Listening', 'Organisation']","['Passive', 'Slow']",Yes,Yes,Yes,Pass,Engineering,10674
Junia Collins,2019-08-29,"['Composure', 'Collaboration']",['Slow'],Yes,Yes,Yes,Pass,Data,10675
Jule Corke,2019-08-29,"['Listening', 'Reliable', 'Passionate']",['Undisciplined'],Yes,Yes,No,Fail,Engineering,10676
Matteo Cornewell,2019-08-27,['Composure'],"['Impatient', 'Undisciplined']",Yes,Yes,Yes,Pass,Business,10677
Sid Libbie,2019-08-01,"['Competitive', 'Ambitious']","['Chaotic', 'Sensitive']",Yes,Yes,No,Fail,Engineering,10678
Rhody Cushion,2019-08-27,"['Listening', 'Reliable', 'Efficient']","['Passive', 'Introverted']",Yes,Yes,Yes,Pass,Business,10679
Chester Hanselmann,2019-08-07,['Creative'],"['Passive', 'Controlling']",Yes,Yes,No,Fail,Data,10680
Courtney Wenman,2019-08-28,"['Composure', 'Innovative']","['Passive', 'Indifferent', 'Competitive']",No,Yes,Yes,Fail,Engineering,10681
Vaclav Ortler,2019-08-20,['Composure'],"['Indifferent', 'Undisciplined']",Yes,Yes,Yes,Pass,Data,10682
Mariquilla Cowope,2019-08-14,['Rational'],"['Impulsive', 'Anxious', 'Sensitive']",Yes,Yes,Yes,Fail,Business,10683
Joey Macgeffen,2019-08-14,['Organisation'],"['Intolerant', 'Overbearing']",Yes,Yes,Yes,Pass,Data,10684
Cora Klausewitz,2019-08-15,"['Problem Solving', 'Competitive', 'Versatile']","['Slow', 'Sensitive', 'Intolerant']",Yes,Yes,Yes,Pass,Data,10685
Gris Brame,2019-08-14,"['Consistent', 'Innovative', 'Rational']","['Slow', 'Anxious']",Yes,Yes,No,Fail,Business,10686
Berty Huban,2019-07-18,"['Competitive', 'Listening']","['Passive', 'Anxious']",Yes,Yes,Yes,Pass,Business,10687
Matthieu Dulake,2019-07-31,"['Collaboration', 'Creative', 'Rational']",['Introverted'],Yes,Yes,Yes,Pass,Engineering,10688
Darwin Sambiedge,2019-07-10,"['Altruism', 'Efficient', 'Critical Thinking']",['Passive'],Yes,Yes,Yes,Fail,Data,10689
Sim Bacchus,2019-07-23,['Passionate'],"['Procrastination', 'Stubborn', 'Critical']",Yes,Yes,Yes,Pass,Data,10690
Anabal Teese,2019-07-09,"['Curious', 'Passionate', 'Listening']","['Selfish', 'Intolerant', 'Anxious']",Yes,No,Yes,Fail,Business,10691
Sybila Bragge,2019-07-23,"['Courteous', 'Altruism', 'Independent']","['Passive', 'Procrastination', 'Introverted']",Yes,No,Yes,Fail,Data,10692
Donalt Gummoe,2019-07-16,"['Independent', 'Problem Solving', 'Passionate']","['Conventional', 'Introverted', 'Sensitive']",No,Yes,Yes,Fail,Data,10693
Romola Coldtart,2019-07-17,['Reliable'],"['Sensitive', 'Impulsive', 'Conventional']",Yes,Yes,Yes,Pass,Data,10694
Shea Chasmoor,2019-07-17,"['Empathy', 'Consistent', 'Patient']","['Passive', 'Impulsive', 'Stubborn']",Yes,Yes,Yes,Fail,Business,10695
Nora Akers,2019-07-24,['Organisation'],"['Impatient', 'Sensitive', 'Undisciplined']",Yes,Yes,Yes,Pass,Engineering,10696
Sander Rewbottom,2019-07-25,"['Altruism', 'Problem Solving', 'Listening']","['Sensitive', 'Slow']",Yes,Yes,Yes,Pass,Data,10697
Francklyn Leyninye,2019-07-24,"['Problem Solving', 'Passionate', 'Altruism']","['Selfish', 'Passive']",Yes,Yes,Yes,Pass,Business,10698
Julissa Dumbleton,2019-07-24,['Courteous'],"['Critical', 'Intolerant', 'Controlling']",Yes,Yes,Yes,Pass,Data,10699
Zacharias Restorick,2019-07-11,['Curious'],['Intolerant'],Yes,Yes,Yes,Pass,Business,10700
Andriana Uc,2019-07-02,['Problem Solving'],['Impatient'],Yes,Yes,Yes,Pass,Business,10701
Benita Enefer,2019-07-11,"['Empathy', 'Organisation']",['Distracted'],Yes,Yes,Yes,Pass,Data,10702
Isacco Teese,2019-07-02,"['Versatile', 'Critical Thinking']","['Indifferent', 'Immature', 'Stubborn']",Yes,Yes,Yes,Pass,Business,10703
Farlee Baalham,2019-07-16,"['Determined', 'Critical Thinking']",['Overbearing'],Yes,No,Yes,Fail,Data,10704
Zsa Zsa Rounsefull,2019-07-16,"['Problem Solving', 'Reliable', 'Charisma']","['Immature', 'Undisciplined', 'Passive']",Yes,Yes,Yes,Fail,Data,10705
Amanda Minto,2019-07-18,['Determined'],"['Impulsive', 'Indecisive', 'Perfectionist']",No,Yes,Yes,Fail,Business,10706
Annie Ibbotson,2019-07-25,"['Independent', 'Competitive']",['Indifferent'],Yes,No,Yes,Fail,Business,10707
Roana Sanger,2019-07-11,"['Rational', 'Composure']",['Impatient'],Yes,No,Yes,Fail,Business,10708
Elise Soppeth,2019-07-24,['Critical Thinking'],"['Conventional', 'Chaotic']",Yes,Yes,Yes,Pass,Data,10709
Betty Lamlin,2019-07-10,"['Problem Solving', 'Ambitious', 'Perfectionism']",['Chaotic'],No,Yes,Yes,Fail,Data,10710
Verena Townes,2019-07-16,['Critical Thinking'],['Procrastination'],Yes,Yes,Yes,Pass,Business,10711
Constance Fellibrand,2019-07-09,['Innovative'],"['Indifferent', 'Immature']",Yes,Yes,Yes,Pass,Engineering,10712
Joannes Yurshev,2019-07-18,"['Determined', 'Curious']","['Slow', 'Undisciplined']",Yes,Yes,Yes,Pass,Business,10713
Brunhilde Zellick,2019-07-03,"['Creative', 'Perfectionism', 'Consistent']","['Chaotic', 'Undisciplined']",Yes,Yes,Yes,Pass,Engineering,10714
Mathilde Keppin,2019-07-02,"['Creative', 'Efficient', 'Ambitious']","['Indifferent', 'Selfish', 'Overbearing']",Yes,Yes,Yes,Pass,Engineering,10715
Aili Bursnoll,2019-07-30,"['Ambitious', 'Passionate']",['Intolerant'],Yes,No,Yes,Fail,Engineering,10716
Kerr Allanson,2019-07-24,"['Curious', 'Composure', 'Independent']","['Procrastination', 'Conventional', 'Chaotic']",No,Yes,Yes,Fail,Data,10717
Eldin Broster,2019-07-17,"['Creative', 'Innovative']","['Controlling', 'Stubborn', 'Slow']",Yes,Yes,Yes,Fail,Data,10718
Cherrita Mcgilleghole,2019-07-11,"['Efficient', 'Empathy', 'Curious']","['Indifferent', 'Slow', 'Stubborn']",Yes,Yes,Yes,Pass,Engineering,10719
Ortensia Winscomb,2019-07-11,"['Versatile', 'Competitive', 'Rational']","['Slow', 'Introverted', 'Procrastination']",Yes,Yes,Yes,Pass,Data,10720
Fleming Mcmurdo,2019-07-09,['Organisation'],['Impatient'],Yes,No,Yes,Fail,Data,10721
Brigid Blabber,2019-07-23,"['Problem Solving', 'Innovative', 'Critical Thinking']","['Selfish', 'Introverted', 'Stubborn']",Yes,Yes,Yes,Pass,Business,10722
Ludvig Grzes,2019-07-16,"['Organisation', 'Collaboration', 'Altruism']","['Procrastination', 'Immature', 'Impatient']",Yes,Yes,Yes,Pass,Data,10723
Hurley Collyer,2019-07-24,['Perfectionism'],"['Chaotic', 'Slow', 'Chatty']",Yes,No,Yes,Fail,Engineering,10724
Kitty Allen,2019-07-02,"['Determined', 'Creative']",['Sensitive'],Yes,Yes,Yes,Pass,Business,10725
Bary Fendlen,2019-07-18,['Listening'],['Immature'],Yes,Yes,Yes,Fail,Business,10726
Horten Goble,2019-07-24,"['Courteous', 'Critical Thinking', 'Innovative']",['Immature'],Yes,Yes,Yes,Pass,Business,10727
Natassia Pawle,2019-07-03,"['Altruism', 'Empathy', 'Perfectionism']","['Intolerant', 'Impulsive', 'Passive']",Yes,Yes,Yes,Pass,Engineering,10728
Karoly Skates,2019-07-16,"['Determined', 'Critical Thinking']",['Competitive'],Yes,Yes,Yes,Pass,Engineering,10729
Albina Alves,2019-07-02,"['Altruism', 'Creative', 'Problem Solving']","['Selfish', 'Procrastination']",Yes,Yes,Yes,Pass,Business,10730
Evered Giovanizio,2019-07-04,"['Competitive', 'Listening']","['Chaotic', 'Intolerant', 'Undisciplined']",No,Yes,Yes,Fail,Business,10731
Elliot Yarnley,2019-07-23,"['Collaboration', 'Consistent']","['Sensitive', 'Chatty', 'Distracted']",Yes,Yes,Yes,Fail,Engineering,10732
Vanessa Gives,2019-07-30,['Perfectionism'],"['Chatty', 'Critical']",No,Yes,Yes,Fail,Data,10733
Fremont Oxlee,2019-07-18,"['Independent', 'Collaboration', 'Creative']","['Slow', 'Conventional', 'Competitive']",Yes,Yes,Yes,Fail,Business,10734
Fan Hember,2019-07-04,"['Determined', 'Independent', 'Courteous']","['Passive', 'Impatient']",Yes,No,Yes,Fail,Business,10735
Fee Karpe,2019-07-17,"['Creative', 'Efficient']","['Procrastination', 'Perfectionist']",Yes,Yes,Yes,Pass,Data,10736
Katrine Westley,2019-07-24,['Perfectionism'],"['Chaotic', 'Competitive']",Yes,No,Yes,Fail,Engineering,10738
Quill Tompkinson,2019-07-10,['Courteous'],"['Indecisive', 'Critical']",Yes,Yes,Yes,Fail,Data,10739
Donavon Glazebrook,2019-07-23,"['Altruism', 'Collaboration', 'Composure']","['Slow', 'Intolerant', 'Stubborn']",Yes,Yes,Yes,Pass,Business,10740
Gisele Beetham,2019-07-25,"['Independent', 'Problem Solving']","['Indifferent', 'Chaotic', 'Sensitive']",No,No,Yes,Fail,Data,10741
Hilliard Reinard,2019-07-18,['Problem Solving'],"['Passive', 'Undisciplined']",Yes,Yes,Yes,Pass,Engineering,10742
Ira Rathbourne,2019-07-18,"['Patient', 'Ambitious', 'Passionate']","['Competitive', 'Controlling', 'Slow']",Yes,Yes,Yes,Pass,Data,10743
Shaun Dowley,2019-07-10,['Determined'],['Indecisive'],Yes,Yes,No,Fail,Business,10744
Hartwell Silver,2019-07-30,"['Determined', 'Listening']","['Chaotic', 'Competitive']",Yes,Yes,Yes,Pass,Engineering,10745
Shoshanna Janicek,2019-07-18,['Rational'],"['Intolerant', 'Impulsive']",Yes,Yes,Yes,Pass,Engineering,10746
Ingrid Cradick,2019-07-24,"['Determined', 'Passionate']","['Overbearing', 'Conventional']",Yes,No,Yes,Fail,Data,10747
Chevy Pyburn,2019-07-02,"['Perfectionism', 'Patient', 'Organisation']","['Overbearing', 'Stubborn']",Yes,Yes,Yes,Pass,Engineering,10748
Bertram Esgate,2019-07-30,"['Independent', 'Composure', 'Altruism']","['Selfish', 'Chatty', 'Controlling']",Yes,Yes,Yes,Pass,Data,10749
Larisa Warrington,2019-07-02,"['Independent', 'Consistent']","['Distracted', 'Anxious']",No,Yes,Yes,Fail,Business,10750
Lissa Pumfrett,2019-07-11,"['Empathy', 'Perfectionism']",['Impulsive'],Yes,Yes,Yes,Pass,Data,10751
Demetrius Dunbavin,2019-07-02,"['Versatile', 'Passionate', 'Efficient']","['Stubborn', 'Passive']",Yes,Yes,Yes,Pass,Business,10752
Morgen Lilywhite,2019-07-09,"['Composure', 'Versatile', 'Problem Solving']","['Impatient', 'Immature', 'Selfish']",Yes,Yes,Yes,Pass,Data,10753
Rickard Blakes,2019-07-09,"['Collaboration', 'Empathy']","['Undisciplined', 'Indecisive', 'Distracted']",Yes,Yes,Yes,Pass,Engineering,10754
Emily Barras,2019-07-30,['Altruism'],"['Conventional', 'Indifferent', 'Impatient']",Yes,Yes,Yes,Pass,Business,10755
Tonye Ambrogio,2019-07-18,['Listening'],"['Critical', 'Procrastination']",Yes,Yes,Yes,Pass,Data,10756
Robers Gentner,2019-07-09,['Perfectionism'],"['Anxious', 'Conventional']",Yes,Yes,Yes,Fail,Data,10757
Kellyann Yorkston,2019-07-16,['Courteous'],"['Intolerant', 'Controlling']",Yes,Yes,No,Fail,Data,10758
Olly Mougenel,2019-07-16,"['Problem Solving', 'Perfectionism']","['Perfectionist', 'Slow', 'Undisciplined']",Yes,Yes,No,Fail,Business,10759
Merrill Mckie,2019-07-23,"['Versatile', 'Ambitious']","['Perfectionist', 'Intolerant', 'Overbearing']",Yes,Yes,Yes,Pass,Business,10760
Kass Castellan,2019-07-03,"['Creative', 'Listening']",['Indecisive'],Yes,Yes,Yes,Pass,Engineering,10761
Marlon Reside,2019-07-30,"['Courteous', 'Altruism']",['Undisciplined'],Yes,Yes,Yes,Pass,Data,10762
Oswald Lyndon,2019-07-10,"['Competitive', 'Independent']","['Procrastination', 'Impatient']",Yes,Yes,Yes,Pass,Engineering,10763
Arty Indruch,2019-07-02,"['Courteous', 'Patient', 'Creative']",['Intolerant'],Yes,Yes,Yes,Pass,Business,10764
Sharl Shambrooke,2019-07-04,"['Innovative', 'Reliable', 'Curious']",['Undisciplined'],Yes,Yes,Yes,Fail,Engineering,10765
Antonius Heape,2019-07-17,['Ambitious'],['Procrastination'],Yes,Yes,Yes,Pass,Engineering,10766
Rad Bench,2019-07-17,"['Independent', 'Critical Thinking', 'Ambitious']","['Indecisive', 'Selfish']",Yes,Yes,Yes,Pass,Data,10767
Agace O'Shields,2019-07-30,"['Collaboration', 'Innovative']","['Undisciplined', 'Immature', 'Passive']",Yes,Yes,Yes,Pass,Business,10768
Mela Burgill,2019-07-09,"['Altruism', 'Organisation', 'Collaboration']",['Distracted'],Yes,Yes,Yes,Pass,Business,10769
Justis Gilham,2019-07-25,"['Altruism', 'Competitive', 'Critical Thinking']","['Competitive', 'Procrastination']",Yes,Yes,Yes,Pass,Engineering,10770
Valery Delia,2019-07-24,"['Composure', 'Rational']",['Anxious'],No,Yes,Yes,Fail,Engineering,10771
Kylie Cordell,2019-07-18,['Competitive'],"['Chaotic', 'Impulsive', 'Critical']",Yes,Yes,Yes,Pass,Business,10772
Emmett Stogill,2019-07-17,"['Consistent', 'Perfectionism']","['Chaotic', 'Introverted']",Yes,Yes,No,Fail,Engineering,10773
Julianne Neagle,2019-07-09,"['Perfectionism', 'Rational']",['Procrastination'],Yes,Yes,Yes,Fail,Engineering,10774
Cobbie Wolfinger,2019-07-30,"['Passionate', 'Organisation']","['Perfectionist', 'Immature', 'Indifferent']",No,Yes,Yes,Fail,Data,10775
Blondy Fearnall,2019-07-04,"['Efficient', 'Innovative']",['Introverted'],Yes,Yes,Yes,Pass,Engineering,10776
Bowie Endersby,2019-07-16,['Efficient'],['Indifferent'],Yes,Yes,Yes,Pass,Data,10777
Andrey Cochran,2019-07-24,"['Innovative', 'Listening', 'Competitive']","['Perfectionist', 'Indecisive', 'Impatient']",Yes,Yes,Yes,Pass,Data,10778
Letizia Mckern,2019-07-04,"['Organisation', 'Charisma', 'Problem Solving']","['Distracted', 'Undisciplined']",Yes,Yes,Yes,Pass,Business,10779
Fons Ghiotto,2019-07-16,"['Listening', 'Collaboration', 'Independent']","['Chaotic', 'Indecisive']",Yes,Yes,Yes,Pass,Engineering,10780
Sal Inglesent,2019-07-04,"['Perfectionism', 'Efficient', 'Passionate']",['Overbearing'],Yes,Yes,Yes,Pass,Data,10781
Sela Pavese,2019-07-25,"['Rational', 'Courteous']",['Passive'],Yes,Yes,Yes,Fail,Business,10782
Alison Tett,2019-07-10,"['Versatile', 'Courteous']","['Overbearing', 'Impulsive']",Yes,Yes,Yes,Pass,Business,10783
Gabi Ivins,2019-07-04,"['Creative', 'Charisma']","['Undisciplined', 'Indecisive', 'Critical']",Yes,Yes,Yes,Pass,Business,10784
Noe Fortnam,2019-07-09,['Determined'],"['Competitive', 'Stubborn', 'Chatty']",Yes,Yes,Yes,Pass,Engineering,10785
Ronny Vasilchenko,2019-07-23,"['Versatile', 'Curious', 'Determined']","['Indecisive', 'Impulsive']",Yes,Yes,Yes,Pass,Business,10786
Blair Woollhead,2019-07-18,['Organisation'],['Chatty'],Yes,Yes,No,Fail,Engineering,10787
Henrieta Chatto,2019-07-04,"['Innovative', 'Versatile']","['Conventional', 'Undisciplined', 'Indifferent']",Yes,Yes,Yes,Pass,Business,10788
Eba Gary,2019-07-02,"['Patient', 'Determined', 'Innovative']","['Indecisive', 'Controlling']",Yes,Yes,Yes,Pass,Engineering,10789
Marcela Riding,2019-07-25,"['Empathy', 'Competitive']","['Impulsive', 'Introverted']",Yes,Yes,Yes,Pass,Business,10790
Hewet Derwin,,['Consistent'],"['Chaotic', 'Slow']",Yes,Yes,Yes,Pass,Engineering,10791
Demetria O' Sullivan,2019-07-18,"['Perfectionism', 'Independent', 'Critical Thinking']",['Perfectionist'],Yes,No,Yes,Fail,Data,10792
Steffen Marcombe,2019-07-04,"['Listening', 'Rational']","['Immature', 'Overbearing', 'Anxious']",Yes,Yes,Yes,Pass,Business,10793
Aguste Tann,2019-07-30,"['Perfectionism', 'Charisma']","['Introverted', 'Controlling', 'Distracted']",Yes,Yes,Yes,Pass,Business,10794
D'Arcy Bover,2019-07-02,['Creative'],"['Indifferent', 'Immature', 'Introverted']",Yes,Yes,Yes,Pass,Engineering,10795
Chadd Klampt,2019-07-03,"['Patient', 'Perfectionism']",['Indecisive'],Yes,Yes,Yes,Pass,Engineering,10796
Pren Varcoe,2019-07-30,"['Determined', 'Listening']","['Critical', 'Impatient']",No,Yes,Yes,Fail,Engineering,10797
Abraham Rockell,2019-07-02,['Independent'],"['Overbearing', 'Critical', 'Controlling']",Yes,Yes,Yes,Pass,Engineering,10798
Laurette Hembling,2019-07-09,"['Versatile', 'Determined', 'Problem Solving']","['Sensitive', 'Intolerant', 'Impulsive']",No,Yes,Yes,Fail,Data,10799
Karlis Bottle,2019-07-18,['Composure'],['Sensitive'],No,Yes,No,Fail,Business,10800
Wilhelm Jouanet,2019-07-11,['Perfectionism'],['Immature'],Yes,Yes,Yes,Pass,Data,10801
Peterus Bartolomeazzi,2019-07-25,['Independent'],['Intolerant'],Yes,Yes,Yes,Fail,Business,10802
Bari Streatfield,2019-07-11,['Problem Solving'],"['Indifferent', 'Overbearing']",Yes,Yes,Yes,Pass,Business,10803
Teriann Matyashev,2019-07-04,['Independent'],"['Undisciplined', 'Conventional']",Yes,Yes,Yes,Pass,Business,10804
Uriel Eidelman,2019-07-10,"['Innovative', 'Patient']","['Competitive', 'Overbearing']",Yes,Yes,Yes,Pass,Business,10805
Toddie Rubanenko,2019-07-03,"['Collaboration', 'Organisation', 'Ambitious']",['Procrastination'],Yes,Yes,Yes,Pass,Data,10806
Drake Northcote,2019-07-10,"['Independent', 'Listening', 'Reliable']",['Indifferent'],Yes,Yes,No,Fail,Engineering,10807
Engracia Andriolli,2019-07-30,"['Rational', 'Organisation']","['Immature', 'Selfish', 'Impatient']",Yes,No,Yes,Fail,Engineering,10808
Cristina Finlan,2019-07-31,"['Creative', 'Consistent']","['Introverted', 'Indecisive', 'Procrastination']",Yes,Yes,Yes,Pass,Business,10809
Markos Walter,2019-07-16,"['Versatile', 'Organisation', 'Critical Thinking']","['Selfish', 'Slow']",Yes,Yes,Yes,Pass,Data,10810
Ofilia Keizman,2019-07-17,['Courteous'],"['Anxious', 'Sensitive', 'Passive']",Yes,Yes,Yes,Pass,Business,10811
Chev Spillane,2019-07-02,"['Organisation', 'Creative', 'Consistent']",['Stubborn'],Yes,Yes,Yes,Pass,Engineering,10812
Beauregard Cornehl,2019-07-02,"['Collaboration', 'Rational']","['Distracted', 'Immature', 'Stubborn']",Yes,Yes,Yes,Pass,Business,10813
Barclay Morter,2019-07-30,"['Collaboration', 'Competitive']",['Impulsive'],No,Yes,Yes,Fail,Business,10814
Clary Hertwell,2019-07-30,"['Patient', 'Collaboration', 'Competitive']",['Indifferent'],No,Yes,Yes,Fail,Business,10815
Jessy Dollman,2019-07-09,"['Versatile', 'Composure']",['Competitive'],Yes,Yes,Yes,Pass,Data,10816
Sibyl Gilardi,2019-07-03,['Altruism'],['Overbearing'],Yes,Yes,Yes,Fail,Business,10817
Haywood Teager,2019-07-03,"['Composure', 'Efficient']","['Conventional', 'Perfectionist']",Yes,Yes,Yes,Pass,Engineering,10818
Doretta Henner,2019-07-18,['Altruism'],['Overbearing'],Yes,Yes,Yes,Pass,Business,10819
Niall Graine,2019-07-04,"['Altruism', 'Perfectionism']","['Perfectionist', 'Controlling']",Yes,Yes,Yes,Pass,Business,10820
Karel Toulamain,2019-07-10,"['Determined', 'Reliable', 'Creative']","['Anxious', 'Immature', 'Competitive']",No,Yes,Yes,Fail,Data,10821
Iosep Idle,2019-07-03,"['Collaboration', 'Problem Solving', 'Organisation']","['Distracted', 'Stubborn']",Yes,Yes,Yes,Pass,Data,10822
Duky Shailer,2019-07-02,"['Empathy', 'Efficient', 'Listening']",['Competitive'],No,Yes,No,Fail,Data,10823
Christie Blincoe,2019-07-31,"['Innovative', 'Charisma', 'Critical Thinking']","['Critical', 'Indecisive', 'Immature']",Yes,Yes,Yes,Pass,Business,10824
Rik Waren,2019-07-11,"['Charisma', 'Critical Thinking']","['Chaotic', 'Sensitive']",Yes,Yes,Yes,Pass,Data,10825
Zelda Prestage,2019-07-10,"['Courteous', 'Organisation', 'Listening']","['Perfectionist', 'Overbearing']",Yes,Yes,Yes,Fail,Business,10826
Dannel Longmaid,2019-07-18,"['Efficient', 'Consistent']","['Competitive', 'Impulsive']",Yes,Yes,Yes,Pass,Engineering,10827
Ira Grima,2019-07-25,"['Courteous', 'Passionate', 'Empathy']","['Immature', 'Chaotic']",No,Yes,Yes,Fail,Engineering,10828
Vivyan Robuchon,2019-07-11,"['Composure', 'Listening']","['Selfish', 'Chaotic']",Yes,No,Yes,Fail,Engineering,10829
Gardner Estick,2019-07-31,"['Composure', 'Organisation', 'Consistent']",['Introverted'],Yes,Yes,Yes,Pass,Engineering,10830
Darin Healing,2019-07-04,['Composure'],['Chatty'],Yes,Yes,Yes,Pass,Engineering,10831
Teena Priel,2019-07-18,"['Determined', 'Curious']","['Sensitive', 'Passive', 'Impulsive']",Yes,No,No,Fail,Business,10832
Katinka Tyt,2019-07-18,"['Innovative', 'Competitive']","['Slow', 'Chatty']",Yes,Yes,Yes,Pass,Data,10833
Maxy Bensen,2019-07-18,"['Reliable', 'Rational', 'Independent']",['Indifferent'],Yes,Yes,Yes,Pass,Engineering,10834
Donnie Sandwick,2019-07-04,['Determined'],['Sensitive'],Yes,Yes,No,Fail,Data,10835
Natasha Christol,2019-07-31,"['Creative', 'Collaboration']","['Selfish', 'Impatient', 'Chatty']",No,Yes,Yes,Fail,Data,10836
Scarlett Roarty,2019-07-23,['Curious'],"['Indecisive', 'Anxious', 'Sensitive']",Yes,Yes,Yes,Pass,Data,10837
Hurlee Hesey,2019-07-25,"['Reliable', 'Versatile', 'Innovative']","['Passive', 'Conventional']",Yes,Yes,No,Fail,Engineering,10838
Yehudit Killingbeck,2019-07-30,"['Ambitious', 'Determined']",['Sensitive'],Yes,Yes,No,Fail,Engineering,10839
Riannon Baraclough,2019-07-31,"['Reliable', 'Empathy', 'Curious']",['Controlling'],Yes,Yes,Yes,Pass,Business,10840
Shay Obee,2019-07-11,"['Determined', 'Empathy', 'Organisation']",['Procrastination'],Yes,Yes,Yes,Pass,Business,10841
Collete Causbey,2019-07-03,"['Composure', 'Independent']","['Passive', 'Slow']",Yes,Yes,Yes,Pass,Business,10842
Tallia Rushford,2019-07-31,['Versatile'],['Chaotic'],Yes,Yes,No,Fail,Data,10843
Angelica Neissen,2019-07-31,"['Collaboration', 'Charisma']",['Distracted'],Yes,Yes,Yes,Fail,Business,10844
Merwyn Gossop,2019-07-18,"['Consistent', 'Competitive', 'Charisma']",['Competitive'],Yes,Yes,Yes,Pass,Business,10845
Luca Gokes,2019-07-09,"['Passionate', 'Altruism']",['Procrastination'],No,Yes,Yes,Fail,Data,10846
Judon Henze,2019-07-10,"['Listening', 'Competitive', 'Charisma']",['Controlling'],Yes,Yes,Yes,Pass,Engineering,10847
Mirilla Bottinelli,2019-07-16,['Altruism'],['Chatty'],Yes,Yes,Yes,Pass,Data,10848
Cordie Duckering,2019-07-25,"['Problem Solving', 'Reliable', 'Consistent']","['Passive', 'Introverted', 'Anxious']",Yes,Yes,Yes,Pass,Business,10850
Dorian Hamshar,2019-07-09,"['Curious', 'Organisation', 'Versatile']",['Undisciplined'],Yes,Yes,Yes,Pass,Business,10851
Anet Satterley,2019-07-30,"['Efficient', 'Charisma']","['Intolerant', 'Chatty', 'Chaotic']",Yes,Yes,Yes,Pass,Business,10852
Stanislaus Sendley,2019-07-30,"['Innovative', 'Composure']","['Impatient', 'Impulsive']",Yes,Yes,Yes,Pass,Engineering,10853
Patrizia Wyre,2019-07-17,['Reliable'],['Stubborn'],Yes,Yes,Yes,Pass,Business,10854
Rodolfo Garret,2019-07-16,"['Curious', 'Passionate']","['Controlling', 'Impatient']",Yes,Yes,Yes,Pass,Data,10855
Waverley Deacock,2019-07-02,"['Empathy', 'Organisation']","['Impulsive', 'Stubborn', 'Distracted']",Yes,Yes,Yes,Pass,Engineering,10856
Langston Adamski,2019-07-31,['Listening'],"['Intolerant', 'Overbearing']",Yes,Yes,Yes,Pass,Engineering,10857
Annabela Brackenridge,2019-07-23,"['Altruism', 'Passionate', 'Rational']","['Slow', 'Impatient']",Yes,Yes,Yes,Pass,Engineering,10858
Amerigo Heys,2019-07-31,"['Competitive', 'Collaboration']","['Distracted', 'Competitive']",Yes,Yes,Yes,Pass,Engineering,10859
Sorcha Argue,2019-07-02,"['Passionate', 'Empathy']","['Anxious', 'Indifferent']",Yes,Yes,Yes,Pass,Data,10860
Miguelita Smedley,2019-07-10,"['Listening', 'Altruism', 'Problem Solving']","['Indifferent', 'Undisciplined']",Yes,Yes,Yes,Pass,Data,10861
Weylin Comolli,2019-07-10,"['Creative', 'Perfectionism', 'Passionate']",['Overbearing'],Yes,Yes,Yes,Pass,Business,10862
Raimondo Mellodey,2019-07-24,"['Organisation', 'Passionate', 'Consistent']",['Passive'],Yes,Yes,Yes,Pass,Business,10863
Courtnay Duiged,2019-07-17,"['Competitive', 'Collaboration', 'Courteous']",['Immature'],Yes,Yes,No,Fail,Business,10864
Sarena Weatherill,2019-07-17,"['Altruism', 'Efficient', 'Rational']","['Competitive', 'Distracted', 'Impatient']",Yes,Yes,No,Fail,Business,10865
Celina Polley,2019-07-18,"['Empathy', 'Listening', 'Competitive']","['Sensitive', 'Intolerant', 'Overbearing']",Yes,Yes,Yes,Pass,Data,10866
Daloris Cotesford,2019-07-10,['Versatile'],['Intolerant'],Yes,Yes,Yes,Pass,Business,10867
Natalie Norwich,2019-07-31,"['Problem Solving', 'Critical Thinking']","['Intolerant', 'Chatty', 'Indecisive']",Yes,Yes,Yes,Pass,Data,10868
Kerstin Couper,2019-07-23,['Courteous'],['Overbearing'],Yes,Yes,Yes,Pass,Data,10869
Keen Tripony,2019-07-03,['Efficient'],"['Chaotic', 'Anxious']",Yes,Yes,Yes,Pass,Business,10870
Ody Paroni,2019-07-18,"['Composure', 'Reliable', 'Creative']","['Conventional', 'Chatty']",Yes,Yes,Yes,Pass,Data,10871
Rodolfo Drillot,2019-07-03,['Listening'],"['Passive', 'Chatty', 'Indecisive']",Yes,Yes,Yes,Pass,Business,10872
Derward Wyllt,2019-07-03,"['Collaboration', 'Independent', 'Ambitious']","['Procrastination', 'Perfectionist']",Yes,No,No,Fail,Business,10873
Amil Lidden,2019-07-09,['Charisma'],['Competitive'],No,Yes,Yes,Fail,Data,10874
Salim Sarra,2019-07-10,"['Courteous', 'Rational', 'Problem Solving']","['Slow', 'Competitive', 'Indecisive']",Yes,Yes,Yes,Pass,Data,10875
Horatius Branch,2019-07-11,"['Composure', 'Courteous', 'Passionate']",['Intolerant'],Yes,Yes,Yes,Pass,Data,10876
Frankie Boseley,2019-07-02,"['Problem Solving', 'Patient']",['Impatient'],Yes,Yes,Yes,Pass,Engineering,10877
Bayard Stuckow,2019-07-09,['Curious'],"['Critical', 'Conventional']",Yes,Yes,Yes,Pass,Data,10878
Babita Tabourin,2019-07-18,"['Innovative', 'Listening', 'Perfectionism']","['Critical', 'Slow', 'Indifferent']",No,Yes,Yes,Fail,Engineering,10879
Job Restall,2019-07-10,"['Rational', 'Perfectionism', 'Curious']","['Competitive', 'Distracted', 'Selfish']",Yes,Yes,Yes,Pass,Data,10880
Evin De Roeck,2019-07-17,"['Perfectionism', 'Patient', 'Creative']","['Anxious', 'Slow', 'Introverted']",Yes,Yes,Yes,Pass,Engineering,10881
Leopold Boichat,2019-07-25,['Critical Thinking'],"['Impatient', 'Slow', 'Selfish']",Yes,Yes,Yes,Pass,Engineering,10882
Nevil Penhaligon,2019-07-24,"['Creative', 'Problem Solving']","['Sensitive', 'Perfectionist', 'Overbearing']",Yes,Yes,Yes,Pass,Engineering,10883
Thorin Eskriet,2019-07-10,"['Innovative', 'Patient']",['Impatient'],Yes,Yes,Yes,Fail,Business,10884
Kathy Capstack,2019-07-18,"['Organisation', 'Competitive', 'Reliable']","['Indifferent', 'Competitive']",Yes,Yes,Yes,Pass,Engineering,10885
Floris Rizzetti,2019-07-11,"['Altruism', 'Problem Solving', 'Versatile']","['Conventional', 'Indecisive', 'Stubborn']",Yes,Yes,Yes,Pass,Engineering,10886
Ollie Pinniger,2019-07-09,['Perfectionism'],"['Controlling', 'Stubborn']",Yes,Yes,Yes,Pass,Business,10887
Rancell Lill,2019-07-18,"['Collaboration', 'Charisma', 'Critical Thinking']",['Competitive'],Yes,Yes,Yes,Pass,Engineering,10888
Van Chesshyre,2019-07-09,['Independent'],"['Indecisive', 'Sensitive', 'Anxious']",Yes,Yes,Yes,Pass,Business,10889
Vivienne Blakelock,2019-07-10,"['Problem Solving', 'Patient']","['Slow', 'Chatty', 'Indecisive']",Yes,Yes,Yes,Pass,Business,10890
Brad Coleyshaw,2019-07-30,"['Listening', 'Versatile']",['Anxious'],Yes,Yes,Yes,Pass,Engineering,10891
Adelaida Pirson,2019-07-11,"['Versatile', 'Reliable', 'Consistent']",['Undisciplined'],Yes,Yes,Yes,Pass,Data,10892
Alli Ludewig,2019-07-16,['Courteous'],"['Passive', 'Overbearing', 'Sensitive']",Yes,Yes,Yes,Pass,Engineering,10893
Elnore Schwandner,2019-07-16,"['Composure', 'Competitive']","['Indecisive', 'Distracted']",Yes,Yes,Yes,Pass,Business,10894
Sandor Swatradge,2019-07-18,"['Organisation', 'Problem Solving']","['Slow', 'Conventional']",Yes,Yes,Yes,Fail,Business,10895
Benjamin Chastand,2019-07-31,"['Creative', 'Patient', 'Composure']","['Conventional', 'Indecisive', 'Undisciplined']",Yes,Yes,Yes,Pass,Engineering,10896
Coleman Martynka,2019-07-25,"['Empathy', 'Collaboration']","['Impulsive', 'Immature', 'Selfish']",Yes,Yes,Yes,Pass,Data,10897
Alistair Scanes,2019-07-23,['Problem Solving'],['Controlling'],Yes,Yes,Yes,Pass,Engineering,10898
Gradeigh Hamblin,2019-07-16,"['Innovative', 'Altruism', 'Determined']","['Distracted', 'Selfish']",Yes,Yes,No,Fail,Engineering,10899
Clementine Greedier,2019-07-24,"['Collaboration', 'Efficient']",['Selfish'],Yes,Yes,Yes,Pass,Engineering,10900
Dyna Sange,2019-07-04,['Reliable'],"['Slow', 'Chatty', 'Introverted']",Yes,Yes,No,Fail,Engineering,10901
Aggie Remmers,2019-07-30,"['Composure', 'Reliable', 'Consistent']",['Overbearing'],Yes,Yes,Yes,Pass,Business,10902
Randie Klimashevich,2019-07-10,"['Consistent', 'Composure']",['Undisciplined'],Yes,Yes,Yes,Pass,Data,10903
Laird Grece,2019-07-17,"['Composure', 'Innovative']","['Conventional', 'Procrastination']",No,Yes,Yes,Fail,Engineering,10904
Abelard Cardenas,2019-07-09,"['Courteous', 'Composure']","['Procrastination', 'Indecisive']",Yes,Yes,Yes,Fail,Business,10905
Maje Vallis,2019-07-10,['Competitive'],['Impatient'],Yes,Yes,Yes,Pass,Engineering,10906
Thoma Bolesworth,2019-07-04,"['Courteous', 'Problem Solving', 'Rational']",['Competitive'],Yes,Yes,Yes,Pass,Data,10907
Kris Whaley,2019-07-30,"['Altruism', 'Consistent']","['Slow', 'Indecisive']",No,Yes,Yes,Fail,Business,10908
Elsworth Bendtsen,2019-07-31,"['Determined', 'Charisma', 'Composure']","['Procrastination', 'Controlling']",Yes,Yes,Yes,Pass,Engineering,10909
Honor Huntall,2019-07-02,"['Composure', 'Patient']",['Conventional'],Yes,Yes,Yes,Pass,Engineering,10910
Paulina Tear,2019-07-17,"['Courteous', 'Rational', 'Creative']","['Intolerant', 'Anxious']",No,Yes,Yes,Fail,Business,10911
Kirsten Spelman,2019-07-30,['Composure'],"['Stubborn', 'Procrastination', 'Passive']",Yes,Yes,Yes,Pass,Data,10912
Yankee Northing,2019-07-02,"['Critical Thinking', 'Versatile']",['Controlling'],Yes,Yes,Yes,Pass,Data,10913
Noby Vacher,2019-07-04,"['Composure', 'Collaboration', 'Versatile']",['Controlling'],Yes,Yes,No,Fail,Business,10914
Bevon Detoile,2019-07-03,"['Ambitious', 'Charisma']",['Indecisive'],Yes,Yes,Yes,Pass,Business,10915
Weylin Swatradge,2019-07-03,['Patient'],['Impatient'],No,Yes,No,Fail,Business,10916
Berti Nayer,2019-07-02,"['Creative', 'Consistent']",['Indifferent'],Yes,Yes,Yes,Pass,Data,10917
Adaline Durtnell,2019-07-30,"['Patient', 'Organisation', 'Efficient']",['Perfectionist'],Yes,No,No,Fail,Data,10918
Oralia Chaikovski,2019-07-25,"['Versatile', 'Courteous', 'Listening']","['Indifferent', 'Distracted', 'Chaotic']",No,Yes,Yes,Fail,Engineering,10919
Ester Mcterrelly,2019-07-11,['Organisation'],"['Anxious', 'Indecisive', 'Passive']",No,Yes,Yes,Fail,Data,10920
Lee Bernocchi,2019-07-03,"['Rational', 'Composure']","['Intolerant', 'Controlling']",Yes,No,Yes,Fail,Engineering,10921
Clarke Cradoc,2019-07-25,"['Critical Thinking', 'Organisation', 'Perfectionism']","['Perfectionist', 'Indifferent', 'Anxious']",Yes,Yes,Yes,Pass,Engineering,10922
Dun Kurth,2019-07-09,"['Listening', 'Courteous']","['Overbearing', 'Undisciplined']",Yes,Yes,No,Fail,Data,10923
Drusy Benny,2019-07-02,['Competitive'],"['Impulsive', 'Undisciplined']",Yes,Yes,Yes,Pass,Data,10924
Maxie Thairs,2019-07-03,['Problem Solving'],['Critical'],No,Yes,No,Fail,Business,10925
Lurline Stirtle,2019-07-11,['Ambitious'],"['Conventional', 'Intolerant', 'Chatty']",Yes,Yes,Yes,Pass,Business,10926
Marna Matskevich,2019-07-30,['Rational'],['Slow'],Yes,Yes,Yes,Pass,Business,10927
Ara Loggie,2019-07-02,"['Ambitious', 'Collaboration']",['Undisciplined'],Yes,Yes,Yes,Pass,Data,10928
Brewer Calderbank,2019-07-16,"['Reliable', 'Rational', 'Charisma']","['Immature', 'Undisciplined', 'Perfectionist']",Yes,Yes,Yes,Pass,Engineering,10929
Eberhard Cattemull,2019-07-30,"['Altruism', 'Composure']",['Selfish'],Yes,Yes,Yes,Pass,Data,10930
Tuesday Tasseler,2019-07-09,"['Charisma', 'Critical Thinking', 'Problem Solving']",['Overbearing'],Yes,Yes,Yes,Pass,Data,10931
Brodie Chipperfield,2019-07-24,"['Efficient', 'Competitive']","['Slow', 'Distracted']",Yes,Yes,Yes,Pass,Engineering,10932
Hill Tiplady,2019-07-03,['Patient'],['Procrastination'],No,Yes,Yes,Fail,Data,10933
Briggs Logsdail,2019-07-18,['Consistent'],['Impatient'],Yes,No,Yes,Fail,Data,10934
Adela Paley,2019-07-23,"['Ambitious', 'Efficient', 'Versatile']",['Anxious'],Yes,Yes,Yes,Pass,Data,10935
Meyer Dobbison,2019-07-30,"['Rational', 'Listening']","['Chaotic', 'Competitive']",Yes,Yes,No,Fail,Engineering,10936
Sherlocke Baselio,2019-07-02,"['Creative', 'Innovative', 'Collaboration']","['Controlling', 'Undisciplined']",Yes,Yes,Yes,Pass,Business,10937
Amalea Ughi,2019-07-02,"['Innovative', 'Altruism', 'Consistent']","['Introverted', 'Passive']",Yes,Yes,Yes,Pass,Business,10938
Julia Taile,2019-07-02,['Consistent'],"['Procrastination', 'Conventional']",Yes,No,Yes,Fail,Business,10939
Eden Chattock,2019-07-09,"['Listening', 'Composure']","['Impulsive', 'Undisciplined']",Yes,Yes,Yes,Pass,Engineering,10940
Rois Covey,2019-07-25,"['Composure', 'Determined']","['Controlling', 'Competitive', 'Conventional']",Yes,Yes,Yes,Fail,Business,10941
Avictor Moorey,2019-07-17,"['Empathy', 'Versatile', 'Organisation']",['Slow'],Yes,No,Yes,Fail,Business,10942
Regina Calver,2019-07-31,"['Organisation', 'Curious']",['Sensitive'],Yes,Yes,Yes,Pass,Data,10943
Lonnard O'Neill,2019-07-18,"['Charisma', 'Determined']","['Procrastination', 'Competitive']",Yes,Yes,Yes,Pass,Data,10944
Ardis Staniland,2019-07-02,['Altruism'],['Chaotic'],Yes,Yes,No,Fail,Data,10945
Bill Pendlebury,2019-07-18,['Creative'],"['Chatty', 'Distracted', 'Impulsive']",Yes,Yes,No,Fail,Business,10946
Allyce Attwill,2019-07-25,"['Rational', 'Competitive']","['Conventional', 'Slow', 'Anxious']",Yes,Yes,Yes,Pass,Engineering,10947
Belle Catherall,2019-07-11,"['Efficient', 'Patient']","['Chatty', 'Competitive']",Yes,Yes,Yes,Pass,Data,10948
Layne Mcaline,2019-07-25,['Rational'],"['Introverted', 'Perfectionist', 'Critical']",Yes,Yes,No,Fail,Business,10949
Ulrikaumeko Bowsher,2019-07-16,"['Curious', 'Problem Solving']","['Chatty', 'Impatient', 'Controlling']",Yes,Yes,Yes,Pass,Data,10950
Lory Bruckman,2019-07-11,"['Problem Solving', 'Creative', 'Versatile']","['Slow', 'Anxious']",Yes,Yes,Yes,Pass,Data,10951
Rufe Devon,2019-07-11,['Consistent'],"['Controlling', 'Impatient', 'Critical']",Yes,Yes,Yes,Pass,Data,10952
Abbott Dodgshon,2019-07-18,"['Innovative', 'Creative']","['Indifferent', 'Procrastination']",Yes,Yes,Yes,Pass,Engineering,10953
Antonie Coram,2019-07-25,"['Efficient', 'Reliable', 'Perfectionism']","['Chatty', 'Impatient']",Yes,Yes,Yes,Pass,Data,10954
Cinnamon Gilkison,2019-07-09,['Rational'],['Overbearing'],Yes,Yes,Yes,Fail,Business,10955
Dewitt Milborn,2019-07-24,['Independent'],"['Distracted', 'Perfectionist', 'Indecisive']",Yes,Yes,Yes,Pass,Data,10956
Claude Duran,2019-07-02,['Curious'],"['Immature', 'Impulsive']",Yes,No,Yes,Fail,Data,10957
Nadya Pineaux,2019-07-23,"['Ambitious', 'Altruism', 'Reliable']",['Indecisive'],Yes,Yes,Yes,Pass,Data,10958
Nani Measom,2019-07-25,"['Composure', 'Efficient']","['Passive', 'Conventional', 'Indecisive']",Yes,Yes,No,Fail,Data,10959
Ches Wahlberg,2019-07-23,['Courteous'],"['Overbearing', 'Critical', 'Sensitive']",Yes,Yes,Yes,Pass,Engineering,10960
Zacherie Beswell,2019-07-11,"['Patient', 'Altruism', 'Creative']",['Sensitive'],Yes,Yes,Yes,Pass,Business,10961
Karla Windridge,2019-07-31,['Composure'],['Undisciplined'],Yes,No,Yes,Fail,Business,10962
Lannie Minister,2019-07-31,"['Consistent', 'Independent', 'Curious']","['Indecisive', 'Anxious']",Yes,Yes,Yes,Pass,Data,10963
Andree Romeo,2019-07-02,['Collaboration'],"['Impatient', 'Anxious', 'Undisciplined']",Yes,Yes,Yes,Pass,Business,10964
Roch De Courcy,2019-07-09,"['Collaboration', 'Determined']",['Impulsive'],Yes,Yes,Yes,Pass,Data,10965
Maggie Dolden,2019-07-11,"['Reliable', 'Consistent']","['Overbearing', 'Chatty', 'Anxious']",Yes,Yes,Yes,Pass,Data,10966
Gage Feveryear,2019-07-11,['Altruism'],"['Indecisive', 'Selfish', 'Chaotic']",Yes,Yes,Yes,Pass,Business,10967
Virginia Burdge,2019-07-11,"['Passionate', 'Ambitious', 'Reliable']","['Chaotic', 'Conventional']",No,Yes,Yes,Fail,Engineering,10968
Melodee Crippen,2019-07-04,['Versatile'],['Procrastination'],Yes,Yes,Yes,Pass,Business,10969
Raven Derx,2019-07-24,"['Independent', 'Collaboration']","['Procrastination', 'Chatty']",Yes,No,Yes,Fail,Business,10970
Joseito Duiged,,"['Composure', 'Patient', 'Charisma']",['Sensitive'],Yes,Yes,Yes,Pass,Business,10971
Merline Rickell,2019-07-23,"['Problem Solving', 'Ambitious', 'Patient']","['Selfish', 'Conventional', 'Sensitive']",Yes,Yes,Yes,Pass,Engineering,10972
Vina Flott,2019-07-16,"['Ambitious', 'Consistent']","['Chaotic', 'Impatient', 'Indecisive']",Yes,Yes,No,Fail,Data,10973
Hastie Hantusch,2019-07-17,"['Reliable', 'Patient']","['Slow', 'Procrastination', 'Stubborn']",No,Yes,Yes,Fail,Engineering,10974
Ines Plaschke,2019-07-24,"['Innovative', 'Curious', 'Problem Solving']","['Chaotic', 'Impatient']",Yes,Yes,No,Fail,Data,10975
Burnaby Mackay,2019-07-17,"['Rational', 'Reliable', 'Critical Thinking']","['Introverted', 'Chaotic']",Yes,Yes,Yes,Fail,Business,10976
Linc Ridgway,2019-07-17,"['Independent', 'Altruism']",['Impulsive'],Yes,No,Yes,Fail,Engineering,10977
Darcy Handrahan,2019-07-09,"['Competitive', 'Rational']","['Indecisive', 'Chatty']",Yes,Yes,No,Fail,Data,10978
Towny Povall,2019-07-31,"['Altruism', 'Charisma']",['Slow'],Yes,No,Yes,Fail,Data,10979
Beauregard Hould,2019-07-30,['Consistent'],"['Indifferent', 'Sensitive']",Yes,Yes,Yes,Pass,Data,10980
Joletta Kalinowsky,2019-07-31,['Ambitious'],['Anxious'],Yes,Yes,Yes,Pass,Business,10981
Lock Ellerker,2019-07-04,"['Problem Solving', 'Listening']","['Procrastination', 'Impatient']",No,Yes,No,Fail,Data,10982
Freddie Samber,2019-07-10,"['Ambitious', 'Patient']","['Conventional', 'Overbearing']",Yes,Yes,Yes,Pass,Data,10983
Arlette Pickles,,['Listening'],"['Chaotic', 'Impatient', 'Indecisive']",Yes,Yes,No,Fail,Data,10984
Simonette Mawson,2019-07-31,['Composure'],['Impatient'],Yes,Yes,Yes,Pass,Data,10985
Micheal Di Matteo,2019-07-30,"['Problem Solving', 'Empathy', 'Altruism']","['Competitive', 'Slow']",Yes,Yes,Yes,Pass,Data,10986
Madeleine Brunicke,2019-07-11,['Organisation'],"['Undisciplined', 'Chatty', 'Competitive']",Yes,Yes,No,Fail,Data,10987
Ashby Capener,2019-07-18,['Independent'],['Impulsive'],Yes,Yes,Yes,Fail,Business,10988
Rachele Bracknell,2019-07-18,"['Perfectionism', 'Independent']","['Indifferent', 'Procrastination']",Yes,Yes,Yes,Pass,Data,10989
Portia Farfalameev,2019-07-16,['Competitive'],"['Introverted', 'Undisciplined', 'Impatient']",Yes,Yes,Yes,Pass,Business,10990
Grant Kilban,2019-07-10,"['Passionate', 'Ambitious']",['Conventional'],Yes,Yes,No,Fail,Business,10991
Sinclair Bonder,2019-07-11,['Perfectionism'],['Anxious'],Yes,Yes,Yes,Pass,Engineering,10992
Harmonia Winspare,2019-07-04,['Problem Solving'],['Undisciplined'],Yes,Yes,Yes,Pass,Engineering,10993
Milly Ison,2019-07-31,"['Composure', 'Empathy']","['Immature', 'Slow']",Yes,Yes,Yes,Pass,Engineering,10994
Evvy Allcock,2019-07-25,"['Versatile', 'Perfectionism']",['Slow'],Yes,Yes,Yes,Pass,Engineering,10995
Con Haxley,2019-07-31,"['Determined', 'Problem Solving']","['Controlling', 'Immature', 'Perfectionist']",Yes,Yes,Yes,Pass,Data,10996
Bryanty Greenacre,2019-07-31,['Perfectionism'],['Procrastination'],Yes,Yes,Yes,Pass,Business,10997
Vivianne Shills,2019-07-31,"['Problem Solving', 'Organisation']",['Indifferent'],Yes,Yes,Yes,Pass,Data,10998
Renado Bulfoot,2019-07-31,['Efficient'],['Perfectionist'],Yes,No,Yes,Fail,Engineering,10999
Sinclair Breissan,2019-07-12,"['Independent', 'Efficient']",['Anxious'],No,Yes,Yes,Fail,Engineering,11000
Conn Dobson,2019-07-18,['Courteous'],"['Procrastination', 'Impulsive']",Yes,Yes,No,Fail,Business,11001
Nicolle Radford,2019-07-04,"['Versatile', 'Charisma']",['Intolerant'],Yes,Yes,Yes,Pass,Business,11002
Marquita Forrington,2019-07-20,"['Organisation', 'Independent', 'Altruism']","['Stubborn', 'Controlling']",Yes,Yes,Yes,Pass,Data,11003
Ingaborg Pitblado,2019-07-18,['Ambitious'],"['Chatty', 'Anxious']",No,Yes,Yes,Fail,Business,11004
Bethanne Este,2019-07-06,"['Patient', 'Innovative']","['Indifferent', 'Competitive']",Yes,No,Yes,Fail,Business,11005
Ingelbert Clench,2019-07-27,"['Critical Thinking', 'Creative', 'Courteous']","['Controlling', 'Overbearing']",Yes,Yes,Yes,Pass,Data,11006
Aura Louche,2019-07-04,"['Determined', 'Creative', 'Rational']",['Indifferent'],Yes,Yes,Yes,Pass,Data,11007
Cully Seward,2019-07-05,['Determined'],"['Undisciplined', 'Controlling', 'Critical']",Yes,No,Yes,Fail,Data,11008
Lenna Daulby,2019-07-13,['Composure'],"['Anxious', 'Slow', 'Controlling']",Yes,Yes,Yes,Pass,Engineering,11009
Billi Narraway,2019-07-18,['Independent'],"['Conventional', 'Selfish']",Yes,Yes,Yes,Fail,Engineering,11010
Aurelea Leason,2019-07-25,"['Creative', 'Independent', 'Organisation']","['Intolerant', 'Competitive', 'Chatty']",Yes,Yes,Yes,Pass,Data,11011
Lucius Buswell,2019-07-04,"['Perfectionism', 'Efficient', 'Creative']","['Anxious', 'Conventional', 'Intolerant']",Yes,Yes,Yes,Pass,Engineering,11012
Esdras Pires,2019-07-13,['Competitive'],['Passive'],Yes,No,Yes,Fail,Data,11013
Siouxie Rogan,2019-07-11,"['Organisation', 'Curious']",['Immature'],Yes,Yes,Yes,Pass,Engineering,11014
Marchall Pocklington,2019-07-25,"['Composure', 'Competitive', 'Independent']","['Indecisive', 'Conventional', 'Distracted']",Yes,Yes,Yes,Fail,Engineering,11015
Granthem Long,2019-07-05,['Organisation'],"['Passive', 'Chaotic', 'Procrastination']",Yes,Yes,Yes,Pass,Engineering,11016
Charlean Balston,2019-07-11,"['Listening', 'Altruism', 'Competitive']",['Indecisive'],Yes,No,Yes,Fail,Data,11017
Jimmie Durker,2019-07-06,"['Listening', 'Ambitious']",['Perfectionist'],Yes,Yes,Yes,Pass,Engineering,11018
Jeanette Wankel,2019-07-12,['Rational'],"['Introverted', 'Indifferent', 'Controlling']",Yes,Yes,Yes,Fail,Data,11019
Giulietta Dissman,2019-07-25,"['Passionate', 'Creative']",['Chaotic'],Yes,Yes,No,Fail,Data,11020
Joanna Thwaite,2019-07-06,"['Competitive', 'Collaboration', 'Problem Solving']","['Perfectionist', 'Impatient', 'Impulsive']",Yes,Yes,Yes,Pass,Business,11021
Salim Edmundson,2019-07-13,"['Listening', 'Independent']",['Controlling'],Yes,No,Yes,Fail,Data,11022
Jan Manilo,2019-07-26,"['Competitive', 'Versatile', 'Determined']","['Chaotic', 'Overbearing']",Yes,Yes,Yes,Pass,Data,11023
Suzette Glander,2019-07-20,"['Empathy', 'Creative', 'Patient']",['Sensitive'],Yes,Yes,Yes,Pass,Engineering,11024
Bambi See,2019-07-04,"['Composure', 'Consistent']","['Impatient', 'Undisciplined']",Yes,Yes,Yes,Pass,Business,11025
Ainslee Paice,2019-07-18,"['Collaboration', 'Charisma', 'Curious']","['Critical', 'Indifferent']",Yes,Yes,Yes,Fail,Engineering,11026
Fernanda Hendrich,2019-07-06,"['Perfectionism', 'Courteous', 'Composure']","['Sensitive', 'Indifferent']",Yes,No,Yes,Fail,Engineering,11027
Virge Insole,2019-07-20,"['Reliable', 'Critical Thinking']",['Chaotic'],Yes,No,Yes,Fail,Engineering,11028
Kathy Meeking,2019-07-26,"['Curious', 'Versatile', 'Ambitious']","['Conventional', 'Intolerant', 'Sensitive']",Yes,Yes,Yes,Pass,Data,11029
Lind Ferebee,2019-07-25,['Independent'],"['Passive', 'Distracted', 'Perfectionist']",Yes,Yes,Yes,Pass,Business,11030
Aguie Morrad,2019-07-27,"['Competitive', 'Rational', 'Reliable']",['Distracted'],Yes,Yes,Yes,Pass,Data,11031
Vania Ingray,2019-07-13,['Courteous'],"['Distracted', 'Indifferent', 'Chaotic']",Yes,Yes,Yes,Pass,Business,11032
Ola Robelet,2019-07-19,"['Ambitious', 'Rational', 'Consistent']","['Impatient', 'Overbearing', 'Procrastination']",Yes,Yes,No,Fail,Data,11033
Leoline Stelli,2019-07-19,"['Determined', 'Patient']",['Impulsive'],Yes,No,Yes,Fail,Data,11034
Malia Checcucci,2019-07-25,"['Perfectionism', 'Versatile']","['Sensitive', 'Perfectionist', 'Distracted']",Yes,Yes,Yes,Pass,Business,11035
Antoni Caney,2019-07-11,['Competitive'],"['Critical', 'Sensitive', 'Indifferent']",Yes,Yes,Yes,Pass,Business,11036
Alanah Matfin,2019-07-27,['Organisation'],"['Critical', 'Chaotic', 'Stubborn']",Yes,Yes,Yes,Pass,Business,11037
Nickolaus Jeacocke,2019-07-06,['Reliable'],"['Anxious', 'Undisciplined', 'Conventional']",Yes,Yes,Yes,Pass,Data,11038
Briano Nissle,2019-07-13,['Consistent'],['Controlling'],Yes,Yes,Yes,Pass,Business,11039
Temple Plumridege,2019-07-20,['Composure'],"['Indifferent', 'Indecisive']",Yes,Yes,Yes,Pass,Business,11040
Adeline Ordidge,2019-07-19,"['Empathy', 'Rational', 'Reliable']",['Procrastination'],Yes,No,Yes,Fail,Data,11041
Stanleigh Huson,2019-07-19,"['Rational', 'Determined', 'Independent']","['Undisciplined', 'Impulsive', 'Chatty']",Yes,Yes,Yes,Pass,Engineering,11042
Lyell Sandell,2019-07-06,['Consistent'],"['Chaotic', 'Procrastination', 'Selfish']",Yes,Yes,Yes,Pass,Engineering,11043
Putnem Ericsson,2019-07-18,"['Versatile', 'Ambitious']","['Indecisive', 'Passive']",Yes,Yes,Yes,Fail,Engineering,11044
Dodie Mcgowran,2019-07-27,"['Versatile', 'Critical Thinking']",['Slow'],Yes,Yes,Yes,Pass,Engineering,11045
Freddie Ludlam,2019-07-05,['Curious'],"['Impatient', 'Introverted']",Yes,No,Yes,Fail,Data,11046
Fancie Coster,2019-07-25,"['Reliable', 'Ambitious', 'Curious']",['Impatient'],Yes,Yes,Yes,Pass,Business,11047
Abran Odams,2019-07-12,"['Perfectionism', 'Ambitious', 'Innovative']","['Intolerant', 'Anxious', 'Critical']",No,No,Yes,Fail,Engineering,11048
Brod Blunden,2019-07-18,['Passionate'],"['Controlling', 'Impulsive']",Yes,Yes,Yes,Pass,Business,11049
Shel Bolzen,2019-07-25,"['Empathy', 'Perfectionism', 'Consistent']","['Indecisive', 'Conventional', 'Slow']",Yes,Yes,Yes,Pass,Data,11050
Matilda Mattiessen,2019-07-25,"['Charisma', 'Independent', 'Patient']","['Perfectionist', 'Overbearing']",Yes,Yes,Yes,Pass,Data,11051
Georgette Giacomo,2019-07-18,"['Organisation', 'Charisma']","['Slow', 'Stubborn']",Yes,Yes,Yes,Pass,Engineering,11052
Hanni Katt,2019-07-20,"['Perfectionism', 'Charisma']",['Controlling'],Yes,Yes,Yes,Pass,Business,11053
Jeanne Brayne,2019-07-12,"['Listening', 'Collaboration']",['Passive'],Yes,Yes,Yes,Pass,Business,11054
Joana Frawley,2019-07-04,['Problem Solving'],['Indifferent'],Yes,Yes,Yes,Pass,Business,11055
Kingston Comsty,2019-07-06,"['Reliable', 'Problem Solving', 'Innovative']","['Impatient', 'Competitive', 'Stubborn']",Yes,Yes,Yes,Pass,Data,11056
York Sygroves,2019-07-18,['Patient'],"['Critical', 'Competitive', 'Anxious']",Yes,No,Yes,Fail,Business,11057
Camel Miguet,2019-07-12,['Critical Thinking'],"['Procrastination', 'Passive']",Yes,Yes,Yes,Pass,Business,11058
Vina Fodden,2019-07-20,"['Consistent', 'Competitive']","['Immature', 'Controlling']",Yes,Yes,Yes,Fail,Engineering,11059
Sawyere Paskell,2019-07-05,"['Organisation', 'Problem Solving', 'Collaboration']","['Passive', 'Undisciplined', 'Immature']",Yes,Yes,Yes,Pass,Engineering,11060
Zeb Tippings,2019-07-12,"['Altruism', 'Competitive']","['Impatient', 'Anxious']",Yes,Yes,Yes,Pass,Engineering,11061
Nil Iacovo,2019-07-18,"['Independent', 'Collaboration']","['Sensitive', 'Indecisive', 'Procrastination']",Yes,Yes,Yes,Fail,Business,11062
Aurora Jimson,2019-07-27,"['Versatile', 'Curious', 'Organisation']",['Distracted'],Yes,Yes,Yes,Pass,Engineering,11063
Helena Swire,2019-07-18,"['Listening', 'Problem Solving']","['Chaotic', 'Indecisive']",Yes,Yes,Yes,Pass,Business,11064
Francklin Warrington,2019-07-25,"['Altruism', 'Listening']","['Impulsive', 'Critical']",Yes,Yes,Yes,Pass,Data,11065
Dorene Franschini,2019-07-12,"['Creative', 'Determined', 'Altruism']","['Slow', 'Overbearing']",Yes,Yes,Yes,Pass,Data,11066
Diana Webby,2019-07-11,"['Courteous', 'Listening']","['Intolerant', 'Introverted']",No,Yes,Yes,Fail,Business,11067
Ginevra Paice,2019-07-18,['Independent'],"['Impatient', 'Selfish', 'Undisciplined']",Yes,No,Yes,Fail,Data,11068
Chane Wetwood,2019-07-18,"['Rational', 'Reliable', 'Passionate']","['Impatient', 'Introverted', 'Undisciplined']",Yes,Yes,Yes,Pass,Engineering,11069
Barbra Polleye,2019-07-18,"['Perfectionism', 'Determined']","['Anxious', 'Slow', 'Distracted']",Yes,Yes,Yes,Pass,Business,11070
Shelbi Waddingham,2019-07-18,['Competitive'],"['Slow', 'Indecisive']",Yes,Yes,Yes,Pass,Engineering,11071
Lenora Gannicott,2019-07-19,['Organisation'],"['Perfectionist', 'Procrastination']",Yes,Yes,No,Fail,Engineering,11072
Aindrea Normanvill,2019-07-18,"['Collaboration', 'Courteous', 'Versatile']","['Slow', 'Introverted']",Yes,Yes,Yes,Pass,Business,11073
Annamaria Redhole,2019-07-26,"['Rational', 'Versatile', 'Charisma']","['Anxious', 'Chatty']",Yes,No,Yes,Fail,Engineering,11074
Sarah Magor,2019-07-20,['Critical Thinking'],['Overbearing'],Yes,Yes,Yes,Pass,Engineering,11075
Zacharie Bann,2019-07-27,['Problem Solving'],"['Intolerant', 'Controlling', 'Indifferent']",Yes,Yes,Yes,Pass,Data,11076
Vernon Curl,2019-07-04,"['Determined', 'Reliable', 'Creative']","['Overbearing', 'Undisciplined', 'Impatient']",Yes,Yes,Yes,Pass,Data,11077
Savina Phythien,2019-07-27,"['Collaboration', 'Competitive', 'Rational']","['Introverted', 'Impatient', 'Passive']",Yes,Yes,Yes,Pass,Data,11078
Cleveland Vasyukhin,2019-07-19,"['Determined', 'Independent', 'Versatile']","['Conventional', 'Intolerant', 'Sensitive']",Yes,Yes,Yes,Pass,Data,11079
Katherina Bowton,2019-07-26,['Empathy'],['Overbearing'],Yes,No,Yes,Fail,Business,11080
Giustina Catford,2019-07-06,"['Patient', 'Listening']","['Impatient', 'Procrastination']",Yes,Yes,Yes,Pass,Engineering,11081
Fidel Norval,2019-07-19,"['Innovative', 'Determined']","['Selfish', 'Controlling', 'Introverted']",No,Yes,Yes,Fail,Engineering,11082
Kim Bester,2019-07-26,['Empathy'],"['Stubborn', 'Chatty']",Yes,Yes,Yes,Fail,Engineering,11084
Nomi Verne,2019-07-05,['Ambitious'],"['Passive', 'Immature']",Yes,Yes,Yes,Pass,Data,11085
Verla Di Antonio,2019-07-05,"['Problem Solving', 'Composure', 'Collaboration']","['Sensitive', 'Undisciplined']",Yes,Yes,Yes,Pass,Business,11086
Cherrita Allchorne,2019-07-26,"['Problem Solving', 'Competitive', 'Rational']",['Intolerant'],No,Yes,Yes,Fail,Engineering,11087
Charmain Diben,2019-07-12,['Composure'],"['Stubborn', 'Critical']",Yes,Yes,Yes,Pass,Engineering,11088
Hulda Bales,2019-07-25,['Composure'],"['Distracted', 'Impatient']",No,Yes,Yes,Fail,Data,11089
Bunny Barns,2019-07-13,['Perfectionism'],"['Critical', 'Indecisive', 'Procrastination']",Yes,Yes,Yes,Pass,Engineering,11090
Malvina Whiteford,2019-07-11,"['Organisation', 'Consistent', 'Determined']",['Selfish'],Yes,Yes,Yes,Pass,Data,11091
Elsie Fursland,2019-07-04,"['Organisation', 'Passionate', 'Patient']","['Competitive', 'Conventional', 'Selfish']",Yes,Yes,Yes,Pass,Business,11092
Ebeneser Handy,2019-07-05,"['Determined', 'Ambitious']",['Overbearing'],Yes,Yes,Yes,Pass,Data,11093
Marvin Gorger,2019-07-19,['Innovative'],"['Anxious', 'Introverted', 'Procrastination']",Yes,Yes,Yes,Pass,Business,11094
Rosalinde Smallshaw,2019-07-19,['Critical Thinking'],"['Impatient', 'Passive']",Yes,Yes,Yes,Pass,Engineering,11095
Rosalinda Frizzell,2019-07-26,"['Reliable', 'Organisation']","['Distracted', 'Conventional', 'Immature']",Yes,Yes,Yes,Fail,Business,11096
Wade Friedenbach,2019-07-04,"['Problem Solving', 'Empathy']",['Indifferent'],Yes,Yes,Yes,Pass,Engineering,11097
Guido Lassells,2019-07-13,"['Innovative', 'Courteous', 'Consistent']","['Passive', 'Competitive']",Yes,Yes,Yes,Pass,Business,11098
Shelden Sheraton,2019-07-20,"['Reliable', 'Versatile', 'Determined']","['Selfish', 'Competitive']",No,Yes,Yes,Fail,Data,11099
Kacey Smurthwaite,2019-07-27,['Rational'],['Indifferent'],Yes,Yes,Yes,Pass,Engineering,11100
Audrye Walkingshaw,2019-07-13,"['Reliable', 'Critical Thinking']","['Distracted', 'Chatty']",Yes,Yes,Yes,Pass,Business,11101
Selle Mckeowon,2019-07-20,"['Passionate', 'Creative']","['Distracted', 'Introverted']",Yes,Yes,Yes,Pass,Data,11102
Bird Hatfield,2019-07-20,"['Curious', 'Ambitious']",['Chatty'],Yes,Yes,Yes,Pass,Engineering,11103
Briant Pope,2019-07-26,"['Efficient', 'Competitive']","['Impatient', 'Controlling', 'Critical']",Yes,Yes,Yes,Fail,Data,11104
Vladamir Waddams,2019-07-04,"['Organisation', 'Consistent', 'Ambitious']",['Sensitive'],Yes,Yes,Yes,Pass,Business,11105
Jecho Rousel,,['Organisation'],"['Introverted', 'Impatient', 'Distracted']",Yes,Yes,Yes,Pass,Engineering,11106
Ronda Budcock,2019-07-04,['Ambitious'],['Controlling'],Yes,Yes,Yes,Pass,Business,11107
Lexine Rapson,2019-07-18,"['Courteous', 'Creative', 'Versatile']","['Competitive', 'Selfish', 'Immature']",Yes,Yes,No,Fail,Business,11108
Osbourne Witherdon,2019-07-27,['Organisation'],['Conventional'],Yes,Yes,Yes,Pass,Engineering,11109
Cati Dumphries,2019-07-18,"['Consistent', 'Rational', 'Critical Thinking']","['Conventional', 'Controlling']",Yes,Yes,Yes,Pass,Data,11110
Jayne Andriveau,2019-07-11,"['Curious', 'Empathy', 'Determined']","['Sensitive', 'Intolerant', 'Immature']",Yes,No,Yes,Fail,Business,11111
Elliot Sarsfield,2019-07-06,['Problem Solving'],"['Immature', 'Perfectionist', 'Introverted']",Yes,Yes,Yes,Pass,Engineering,11112
Tate Coade,2019-07-06,"['Rational', 'Empathy', 'Critical Thinking']","['Impulsive', 'Introverted']",Yes,Yes,Yes,Fail,Data,11113
Emeline Whistance,2019-07-20,"['Altruism', 'Innovative', 'Competitive']",['Distracted'],Yes,Yes,Yes,Pass,Data,11114
Conrad Chadney,2019-07-06,"['Listening', 'Altruism', 'Passionate']","['Impulsive', 'Intolerant', 'Procrastination']",No,Yes,Yes,Fail,Business,11115
Staffard Load,2019-07-13,"['Composure', 'Perfectionism']",['Conventional'],Yes,Yes,Yes,Pass,Data,11116
Fraser Hurnell,2019-07-04,"['Innovative', 'Consistent']",['Distracted'],Yes,Yes,Yes,Pass,Business,11117
Worthington Richford,2019-07-11,"['Charisma', 'Collaboration', 'Problem Solving']",['Passive'],Yes,Yes,Yes,Pass,Engineering,11118
Robenia Landor,2019-07-27,"['Competitive', 'Versatile']",['Undisciplined'],Yes,Yes,Yes,Pass,Engineering,11119
Claudio Handrick,2019-07-05,"['Composure', 'Organisation']","['Undisciplined', 'Controlling']",Yes,Yes,Yes,Pass,Data,11120
Nevil Rickerby,2019-07-06,['Determined'],"['Controlling', 'Overbearing', 'Intolerant']",Yes,Yes,Yes,Pass,Data,11121
Prescott Alfuso,2019-07-25,"['Patient', 'Consistent']",['Intolerant'],Yes,Yes,Yes,Pass,Engineering,11122
Herold Prudham,2019-07-06,"['Patient', 'Independent', 'Curious']","['Conventional', 'Indecisive']",Yes,Yes,Yes,Pass,Data,11123
Shermy Swancock,2019-07-19,"['Innovative', 'Listening']","['Controlling', 'Anxious', 'Competitive']",Yes,Yes,Yes,Pass,Business,11124
Terrell Orridge,2019-07-18,"['Creative', 'Innovative', 'Determined']","['Controlling', 'Slow', 'Impulsive']",Yes,Yes,Yes,Pass,Engineering,11125
Donalt Julyan,2019-07-11,"['Listening', 'Creative', 'Efficient']",['Immature'],Yes,Yes,Yes,Pass,Engineering,11126
Dev Mcpherson,2019-07-11,['Independent'],['Indecisive'],No,Yes,Yes,Fail,Data,11127
Muhammad Percy,2019-07-12,"['Curious', 'Perfectionism']",['Conventional'],Yes,Yes,Yes,Fail,Engineering,11128
Judie Lowy,2019-07-25,"['Collaboration', 'Determined', 'Independent']",['Impatient'],Yes,Yes,Yes,Pass,Engineering,11129
Tadio Goullee,2019-07-20,['Patient'],['Procrastination'],Yes,Yes,Yes,Pass,Engineering,11130
Katalin Redley,2019-07-04,"['Critical Thinking', 'Determined', 'Curious']","['Impulsive', 'Undisciplined', 'Distracted']",Yes,Yes,Yes,Pass,Business,11131
Lea Normington,2019-07-26,"['Creative', 'Independent', 'Reliable']","['Chatty', 'Passive']",Yes,Yes,Yes,Pass,Business,11132
Cornelia Artist,2019-07-18,"['Listening', 'Empathy']","['Overbearing', 'Slow']",Yes,Yes,Yes,Pass,Business,11133
Vincenty Roubay,2019-07-11,['Passionate'],"['Indecisive', 'Competitive']",Yes,Yes,Yes,Pass,Engineering,11134
Phineas Filshin,2019-07-12,"['Ambitious', 'Consistent', 'Passionate']",['Procrastination'],Yes,Yes,Yes,Pass,Engineering,11135
Wilona Crean,2019-07-26,"['Patient', 'Ambitious']","['Controlling', 'Indecisive']",No,Yes,No,Fail,Engineering,11136
Carlynne Keal,2019-07-26,"['Altruism', 'Independent']","['Distracted', 'Procrastination']",Yes,Yes,Yes,Pass,Data,11137
Westbrook Paynton,2019-07-12,"['Problem Solving', 'Innovative', 'Listening']","['Anxious', 'Distracted', 'Passive']",Yes,Yes,Yes,Pass,Engineering,11138
Corby Mccambridge,2019-07-06,['Empathy'],"['Indecisive', 'Critical', 'Selfish']",Yes,Yes,Yes,Pass,Business,11139
Melamie Keers,2019-07-11,"['Rational', 'Reliable', 'Competitive']","['Selfish', 'Chaotic', 'Controlling']",Yes,Yes,Yes,Pass,Business,11140
Marillin Rosendall,2019-07-05,['Empathy'],"['Selfish', 'Conventional']",Yes,Yes,Yes,Pass,Engineering,11141
Keen Bentham3,2019-07-19,"['Courteous', 'Efficient', 'Problem Solving']",['Critical'],Yes,Yes,Yes,Pass,Data,11142
Homere Stentiford,,['Ambitious'],"['Slow', 'Critical', 'Indifferent']",Yes,Yes,Yes,Pass,Engineering,11143
Muhammad Linn,2019-07-18,"['Composure', 'Courteous']","['Indifferent', 'Impulsive']",Yes,Yes,Yes,Pass,Data,11144
Barbette Sorton,2019-07-27,['Consistent'],"['Immature', 'Impatient']",Yes,Yes,Yes,Pass,Engineering,11145
Bax Sweetman,2019-07-26,['Creative'],"['Conventional', 'Immature', 'Critical']",Yes,Yes,Yes,Pass,Engineering,11146
Ambrosi Carnow,2019-07-04,"['Reliable', 'Perfectionism', 'Ambitious']",['Indifferent'],Yes,No,Yes,Fail,Business,11147
Kellen Bentick,2019-07-25,"['Organisation', 'Reliable', 'Creative']","['Chatty', 'Chaotic']",Yes,Yes,Yes,Pass,Data,11148
Fleming Taillard,2019-07-20,['Reliable'],['Chaotic'],Yes,Yes,Yes,Pass,Business,11149
Elicia Broggio,2019-07-18,['Listening'],['Passive'],No,Yes,Yes,Fail,Data,11150
Paxton Mcginlay,2019-07-25,['Versatile'],"['Competitive', 'Conventional']",Yes,No,Yes,Fail,Business,11151
Abbott Yea,2019-07-12,"['Innovative', 'Creative']",['Anxious'],Yes,Yes,Yes,Pass,Data,11152
Doy Tams,2019-07-11,"['Composure', 'Empathy', 'Courteous']","['Impulsive', 'Procrastination']",Yes,Yes,No,Fail,Data,11153
Jon Raikes,2019-07-04,['Altruism'],['Selfish'],Yes,Yes,Yes,Pass,Engineering,11154
Myrvyn Sutherns,2019-07-06,['Collaboration'],"['Chaotic', 'Critical']",Yes,Yes,Yes,Fail,Business,11155
Adler Wingatt,2019-07-18,"['Courteous', 'Problem Solving']",['Indifferent'],Yes,Yes,Yes,Pass,Business,11156
Dermot Gunthorp,2019-07-20,"['Collaboration', 'Composure']","['Anxious', 'Controlling']",No,Yes,Yes,Fail,Business,11157
Gavan Soltan,2019-07-05,"['Efficient', 'Empathy', 'Curious']",['Controlling'],Yes,Yes,No,Fail,Engineering,11158
Jamima Sturgess,2019-07-26,['Consistent'],"['Undisciplined', 'Impatient', 'Conventional']",Yes,Yes,Yes,Fail,Business,11160
Athene Bozworth,2019-07-06,"['Curious', 'Versatile']","['Selfish', 'Impatient', 'Chaotic']",Yes,Yes,Yes,Pass,Business,11161
Opaline Gammon,2019-07-12,"['Patient', 'Courteous']",['Chatty'],Yes,Yes,Yes,Pass,Data,11162
Cari Bradlaugh,2019-07-27,"['Altruism', 'Efficient', 'Courteous']",['Anxious'],Yes,Yes,Yes,Pass,Business,11163
Daren Houson,2019-07-13,['Reliable'],"['Indifferent', 'Competitive']",Yes,Yes,No,Fail,Business,11164
Melony Tristram,2019-07-19,['Charisma'],['Controlling'],Yes,Yes,No,Fail,Engineering,11165
Ashbey Seakes,2019-07-18,['Innovative'],['Undisciplined'],Yes,Yes,No,Fail,Business,11166
Philly Jerrim,2019-07-25,['Charisma'],"['Controlling', 'Conventional', 'Perfectionist']",Yes,Yes,Yes,Pass,Business,11167
Sandi Gurton,2019-07-25,['Versatile'],['Overbearing'],Yes,Yes,Yes,Pass,Data,11168
Hilliard Brockett,,['Courteous'],['Chaotic'],Yes,Yes,Yes,Pass,Data,11169
Berkie Brusby,2019-07-06,['Charisma'],"['Selfish', 'Indecisive', 'Intolerant']",Yes,Yes,Yes,Pass,Business,11170
Bidget Macarthur,2019-07-12,"['Organisation', 'Charisma']",['Sensitive'],Yes,Yes,Yes,Pass,Business,11171
Julie Condliffe,2019-07-04,"['Organisation', 'Efficient', 'Critical Thinking']",['Controlling'],Yes,Yes,Yes,Pass,Data,11172
Andris Bradley,2019-07-12,"['Rational', 'Problem Solving', 'Critical Thinking']","['Anxious', 'Competitive']",Yes,Yes,Yes,Pass,Engineering,11173
Al Hugonet,2019-07-04,"['Innovative', 'Creative', 'Passionate']","['Impulsive', 'Introverted']",Yes,Yes,Yes,Pass,Engineering,11174
Maryanna Seeney,2019-07-11,"['Organisation', 'Charisma']",['Slow'],Yes,Yes,Yes,Fail,Data,11175
Cassaundra Yuill,2019-07-19,['Patient'],"['Critical', 'Overbearing']",Yes,Yes,Yes,Fail,Business,11176
Baily Camidge,2019-07-20,"['Determined', 'Perfectionism']","['Distracted', 'Critical', 'Indecisive']",Yes,Yes,Yes,Pass,Engineering,11177
Padgett Crennan,2019-07-12,"['Courteous', 'Ambitious']","['Undisciplined', 'Chatty']",Yes,No,No,Fail,Data,11178
Gabrila Chasier,2019-07-20,['Listening'],"['Distracted', 'Intolerant', 'Undisciplined']",Yes,Yes,Yes,Pass,Business,11179
Kimmi Edgecumbe,2019-07-12,"['Organisation', 'Collaboration']","['Indifferent', 'Competitive', 'Sensitive']",Yes,Yes,Yes,Pass,Business,11180
Levy Standage,2019-07-25,['Reliable'],"['Controlling', 'Chaotic']",Yes,Yes,Yes,Pass,Data,11181
Muffin Jandel,2019-07-20,"['Independent', 'Creative', 'Composure']",['Impulsive'],Yes,Yes,Yes,Pass,Data,11182
Calida Behr,2019-07-18,"['Innovative', 'Empathy']","['Immature', 'Chaotic', 'Slow']",Yes,Yes,Yes,Pass,Engineering,11183
Jeannette Willans,2019-07-26,"['Empathy', 'Critical Thinking']","['Distracted', 'Competitive']",Yes,Yes,Yes,Pass,Engineering,11184
Mora Joutapavicius,2019-07-18,['Critical Thinking'],"['Passive', 'Competitive', 'Overbearing']",Yes,No,Yes,Fail,Business,11185
Tadeas Bidmead,2019-07-18,"['Composure', 'Charisma']","['Chaotic', 'Procrastination', 'Critical']",Yes,Yes,Yes,Pass,Data,11186
Matthiew Tumbridge,2019-07-04,['Courteous'],"['Procrastination', 'Overbearing']",Yes,Yes,Yes,Pass,Data,11187
Orton Borer,2019-07-12,"['Perfectionism', 'Empathy']",['Immature'],Yes,Yes,No,Fail,Data,11188
Tirrell Tabart,2019-07-26,"['Critical Thinking', 'Courteous', 'Empathy']",['Selfish'],Yes,Yes,Yes,Pass,Data,11189
Leeanne Allsepp,2019-07-06,"['Versatile', 'Passionate']","['Undisciplined', 'Chatty']",Yes,Yes,Yes,Pass,Data,11190
Evangelin Gorges,,['Independent'],['Impulsive'],Yes,Yes,No,Fail,Engineering,11191
Clywd Musgrove,2019-07-18,['Determined'],"['Chatty', 'Sensitive', 'Stubborn']",Yes,Yes,Yes,Pass,Data,11192
Lanni Otton,2019-07-25,['Altruism'],"['Anxious', 'Perfectionist', 'Indifferent']",Yes,Yes,Yes,Pass,Data,11193
Yankee Reihm,2019-07-05,"['Rational', 'Determined', 'Charisma']","['Indecisive', 'Intolerant', 'Controlling']",Yes,Yes,Yes,Pass,Data,11194
Alikee Sawood,2019-07-12,"['Versatile', 'Perfectionism', 'Critical Thinking']","['Chatty', 'Chaotic', 'Undisciplined']",Yes,Yes,Yes,Pass,Business,11195
Roland Skeene,2019-07-26,['Patient'],"['Chaotic', 'Controlling']",Yes,Yes,Yes,Fail,Engineering,11196
Chrissy Sate,2019-07-20,['Altruism'],"['Perfectionist', 'Procrastination']",Yes,Yes,Yes,Pass,Business,11197
Eric Spritt,2019-07-20,"['Curious', 'Consistent']","['Overbearing', 'Selfish']",Yes,Yes,Yes,Pass,Business,11198
Farica Harding,2019-07-19,"['Perfectionism', 'Composure', 'Passionate']","['Sensitive', 'Introverted']",Yes,Yes,Yes,Pass,Data,11199
Kore Amburgy,2019-07-06,"['Curious', 'Creative', 'Critical Thinking']","['Conventional', 'Introverted', 'Chaotic']",Yes,Yes,Yes,Pass,Engineering,11200
Juli Ruler,2019-07-12,"['Listening', 'Independent']",['Passive'],Yes,Yes,Yes,Pass,Business,11201
Gery Beckenham,2019-07-06,"['Patient', 'Collaboration']","['Procrastination', 'Sensitive']",Yes,Yes,Yes,Pass,Engineering,11202
Jacquelynn Banasiak,2019-07-12,"['Critical Thinking', 'Ambitious']",['Critical'],Yes,No,No,Fail,Business,11203
Krystalle Deeney,2019-07-20,['Ambitious'],"['Sensitive', 'Distracted']",Yes,No,Yes,Fail,Engineering,11204
Gerianne Christoforou,,"['Critical Thinking', 'Passionate']","['Perfectionist', 'Competitive']",Yes,Yes,Yes,Pass,Engineering,11205
Louella Cuppitt,2019-07-05,"['Versatile', 'Charisma', 'Collaboration']",['Perfectionist'],Yes,Yes,Yes,Pass,Business,11206
Clarke Whitelock,2019-07-06,"['Consistent', 'Creative', 'Passionate']","['Passive', 'Chatty', 'Immature']",No,No,Yes,Fail,Data,11207
Farrel Bertl,2019-07-04,"['Listening', 'Critical Thinking', 'Consistent']",['Impatient'],No,Yes,Yes,Fail,Data,11208
Chadd Ellen,2019-07-05,['Critical Thinking'],['Chatty'],Yes,Yes,Yes,Pass,Data,11209
Sean Dillaway,2019-07-11,['Curious'],"['Indecisive', 'Distracted']",Yes,Yes,No,Fail,Data,11210
Adah Fost,2019-07-13,"['Courteous', 'Determined']","['Critical', 'Conventional']",Yes,Yes,Yes,Pass,Data,11211
Abram Sueter,2019-07-26,['Independent'],"['Immature', 'Passive', 'Procrastination']",Yes,No,Yes,Fail,Data,11212
Darn Kirkby,2019-07-18,"['Competitive', 'Patient', 'Problem Solving']",['Stubborn'],Yes,Yes,Yes,Pass,Engineering,11213
Jessamyn Reightley,2019-07-19,['Reliable'],['Impulsive'],Yes,No,Yes,Fail,Data,11215
Rockwell Gutteridge,2019-07-27,['Courteous'],['Intolerant'],Yes,Yes,Yes,Pass,Engineering,11216
Serge Muehle,2019-07-19,['Reliable'],"['Chaotic', 'Introverted', 'Chatty']",Yes,Yes,Yes,Pass,Data,11217
Sydney Burchmore,2019-07-19,"['Perfectionism', 'Passionate']","['Stubborn', 'Overbearing', 'Chatty']",Yes,Yes,Yes,Pass,Data,11218
Gisela Schachter,2019-07-11,"['Charisma', 'Reliable', 'Organisation']","['Slow', 'Impatient']",Yes,Yes,Yes,Pass,Engineering,11219
Abram Goldster,2019-07-04,"['Patient', 'Collaboration']","['Impatient', 'Impulsive']",Yes,Yes,Yes,Pass,Data,11220
Yvor Shepstone,2019-07-18,['Consistent'],"['Indecisive', 'Selfish']",Yes,Yes,Yes,Fail,Data,11221
Cosimo Labram,2019-07-12,['Efficient'],"['Passive', 'Impulsive', 'Perfectionist']",Yes,Yes,Yes,Pass,Engineering,11222
Maible Antic,2019-07-18,"['Versatile', 'Composure', 'Efficient']","['Perfectionist', 'Distracted']",Yes,Yes,Yes,Pass,Data,11223
Carlo Beekman,2019-07-18,"['Independent', 'Determined', 'Listening']","['Stubborn', 'Intolerant', 'Chaotic']",Yes,Yes,Yes,Fail,Data,11224
Cordie Bolduc,2019-07-26,['Critical Thinking'],"['Undisciplined', 'Competitive', 'Introverted']",Yes,Yes,Yes,Pass,Engineering,11225
Bourke Belsey,2019-07-19,"['Versatile', 'Altruism', 'Critical Thinking']","['Chatty', 'Sensitive']",No,Yes,Yes,Fail,Data,11226
Phedra Berriball,2019-07-11,"['Empathy', 'Determined', 'Courteous']","['Competitive', 'Conventional']",Yes,Yes,No,Fail,Data,11227
Silvester Ondra,2019-07-12,"['Critical Thinking', 'Collaboration']","['Overbearing', 'Distracted', 'Impatient']",Yes,Yes,No,Fail,Business,11228
Clyve Bradden,2019-07-05,"['Competitive', 'Problem Solving']","['Slow', 'Indecisive', 'Selfish']",Yes,Yes,No,Fail,Business,11229
Winna Lemmertz,2019-07-12,"['Determined', 'Passionate', 'Rational']",['Chaotic'],Yes,Yes,Yes,Pass,Business,11230
Fremont Vicary,2019-07-26,"['Perfectionism', 'Versatile']","['Impatient', 'Selfish', 'Anxious']",Yes,No,Yes,Fail,Engineering,11231
Byrom Sawday,,"['Consistent', 'Creative']","['Stubborn', 'Impatient']",Yes,Yes,Yes,Pass,Business,11232
Kat Sutherland,2019-07-18,"['Competitive', 'Efficient']","['Distracted', 'Competitive', 'Intolerant']",Yes,Yes,No,Fail,Data,11233
Corby Torel,2019-07-20,['Altruism'],"['Indecisive', 'Slow']",Yes,Yes,No,Fail,Business,11234
Leland Wither,2019-07-18,"['Composure', 'Passionate', 'Courteous']","['Intolerant', 'Indifferent']",Yes,Yes,Yes,Pass,Engineering,11236
Clio Lafflina,2019-07-26,['Perfectionism'],"['Competitive', 'Distracted', 'Critical']",Yes,No,Yes,Fail,Business,11237
Farlee Petren,2019-07-20,"['Independent', 'Perfectionism', 'Collaboration']",['Indifferent'],Yes,Yes,Yes,Pass,Business,11238
Elisabeth Ebbutt,2019-07-04,['Creative'],['Anxious'],Yes,Yes,Yes,Pass,Data,11239
Benedikt Cohani,2019-07-06,"['Critical Thinking', 'Courteous']","['Sensitive', 'Stubborn', 'Indecisive']",Yes,Yes,Yes,Pass,Data,11240
Joanna Eggerton,2019-07-11,"['Listening', 'Perfectionism']","['Immature', 'Introverted', 'Indifferent']",Yes,Yes,Yes,Pass,Business,11241
Candi Camillo,2019-07-19,"['Perfectionism', 'Collaboration', 'Ambitious']","['Sensitive', 'Distracted']",No,Yes,Yes,Fail,Engineering,11242
Augustin Tabrett,2019-07-05,['Competitive'],['Indecisive'],Yes,Yes,No,Fail,Engineering,11243
Ervin Acosta,2019-07-26,"['Empathy', 'Composure']","['Anxious', 'Stubborn']",Yes,No,No,Fail,Data,11244
Nanni Caldera,2019-07-05,"['Consistent', 'Charisma', 'Composure']","['Immature', 'Impatient']",Yes,No,No,Fail,Data,11245
Joachim Guslon,2019-07-05,"['Critical Thinking', 'Patient', 'Collaboration']",['Procrastination'],Yes,Yes,Yes,Pass,Data,11246
Dean Duchant,2019-07-27,['Independent'],"['Anxious', 'Chaotic', 'Passive']",No,Yes,Yes,Fail,Business,11247
Hartwell Jewess,2019-07-04,"['Empathy', 'Composure']",['Conventional'],Yes,Yes,Yes,Pass,Data,11248
Allx Macdearmaid,2019-07-25,"['Determined', 'Charisma']",['Chatty'],Yes,Yes,Yes,Pass,Data,11249
Derrek Scarce,2019-07-27,"['Creative', 'Innovative', 'Charisma']","['Chaotic', 'Immature']",Yes,Yes,Yes,Pass,Business,11250
Aguie Prati,2019-07-26,['Charisma'],['Controlling'],Yes,No,Yes,Fail,Engineering,11251
Shayne De Domenico,2019-07-11,['Creative'],"['Slow', 'Procrastination', 'Overbearing']",No,Yes,Yes,Fail,Engineering,11252
Brandise Moston,2019-07-18,['Competitive'],['Intolerant'],Yes,Yes,Yes,Pass,Business,11253
Petronilla Ziemens,2019-07-11,"['Listening', 'Ambitious', 'Efficient']","['Controlling', 'Indecisive', 'Chaotic']",Yes,Yes,Yes,Pass,Engineering,11254
Jarrod Driffe,2019-07-25,['Courteous'],"['Procrastination', 'Distracted']",Yes,No,Yes,Fail,Data,11255
Celestina Aysik,2019-07-04,"['Listening', 'Independent']","['Indifferent', 'Immature']",Yes,Yes,Yes,Pass,Engineering,11256
Nikolaus Gullefant,2019-07-11,['Competitive'],['Sensitive'],Yes,Yes,Yes,Pass,Business,11257
Palmer Snaddin,2019-07-13,['Curious'],"['Selfish', 'Slow', 'Critical']",Yes,Yes,Yes,Pass,Data,11258
Daniele Iskowicz,2019-07-18,['Creative'],"['Distracted', 'Controlling', 'Conventional']",Yes,Yes,Yes,Pass,Engineering,11259
Brandy Iannazzi,2019-07-04,"['Perfectionism', 'Rational', 'Reliable']",['Selfish'],Yes,Yes,Yes,Pass,Data,11260
Jerome Kasting,2019-07-19,"['Reliable', 'Problem Solving', 'Empathy']","['Impatient', 'Conventional', 'Procrastination']",Yes,Yes,Yes,Pass,Data,11261
Auberon Werny,2019-07-11,"['Listening', 'Competitive']","['Selfish', 'Impatient']",Yes,Yes,Yes,Pass,Business,11262
Eimile Sanper,2019-07-27,['Competitive'],"['Introverted', 'Impatient']",Yes,Yes,No,Fail,Data,11263
Wallas Hacket,2019-07-06,['Problem Solving'],"['Competitive', 'Impulsive', 'Conventional']",Yes,No,Yes,Fail,Data,11264
Devlen Froome,2019-07-19,"['Reliable', 'Critical Thinking', 'Organisation']",['Anxious'],Yes,Yes,No,Fail,Business,11265
Amalia Orris,2019-07-06,['Determined'],"['Passive', 'Indifferent']",Yes,Yes,Yes,Pass,Business,11266
Kendra Twort,2019-07-26,"['Altruism', 'Independent', 'Ambitious']","['Perfectionist', 'Selfish']",Yes,Yes,Yes,Pass,Engineering,11267
Wilden Claisse,2019-07-18,"['Passionate', 'Competitive', 'Ambitious']","['Chatty', 'Passive', 'Distracted']",Yes,Yes,Yes,Pass,Engineering,11268
Dulsea Westfalen,2019-07-27,"['Curious', 'Innovative']","['Controlling', 'Passive', 'Critical']",No,Yes,Yes,Fail,Data,11269
Kendell Ruppele,2019-07-06,"['Listening', 'Innovative', 'Composure']","['Chaotic', 'Introverted']",Yes,No,Yes,Fail,Engineering,11270
Judd Abrahm,2019-07-25,"['Competitive', 'Creative']",['Procrastination'],Yes,Yes,Yes,Fail,Business,11272
Letizia Persence,2019-07-20,"['Efficient', 'Altruism']","['Anxious', 'Procrastination']",Yes,Yes,No,Fail,Engineering,11273
Forster Clines,2019-07-11,"['Empathy', 'Listening']","['Impatient', 'Chatty', 'Conventional']",Yes,Yes,Yes,Pass,Data,11274
Carly Assandri,2019-07-27,"['Critical Thinking', 'Consistent', 'Courteous']","['Passive', 'Critical', 'Anxious']",Yes,Yes,Yes,Pass,Data,11275
Tremain Barosch,2019-07-27,['Organisation'],"['Competitive', 'Perfectionist', 'Critical']",Yes,Yes,Yes,Pass,Business,11276
Kyla Jankovsky,2019-07-20,"['Determined', 'Rational']",['Chatty'],Yes,No,Yes,Fail,Engineering,11277
Dixie Macrae,2019-07-05,"['Altruism', 'Critical Thinking']",['Competitive'],No,Yes,Yes,Fail,Engineering,11279
Lewiss Sabban,2019-07-05,"['Efficient', 'Charisma']",['Introverted'],Yes,Yes,Yes,Pass,Data,11280
Kat Rigard,2019-07-25,"['Competitive', 'Reliable', 'Listening']","['Distracted', 'Anxious', 'Conventional']",No,No,Yes,Fail,Data,11281
Belia Losseljong,2019-07-27,['Organisation'],['Impatient'],No,Yes,Yes,Fail,Business,11282
Peggy Hariot,2019-07-06,['Passionate'],"['Competitive', 'Perfectionist', 'Impatient']",Yes,Yes,No,Fail,Data,11283
Selby Floyd,2019-07-04,"['Rational', 'Independent']",['Undisciplined'],Yes,Yes,Yes,Pass,Data,11284
Prentice Van Der Hoeven,2019-07-11,['Critical Thinking'],"['Chaotic', 'Conventional', 'Selfish']",Yes,Yes,Yes,Pass,Business,11285
Amos Debill,2019-07-25,"['Consistent', 'Ambitious', 'Critical Thinking']","['Intolerant', 'Distracted', 'Perfectionist']",Yes,Yes,Yes,Pass,Data,11286
Samson Mosen,2019-07-26,"['Organisation', 'Perfectionism']",['Indifferent'],Yes,Yes,Yes,Pass,Business,11287
Quint Pontain,2019-07-06,"['Empathy', 'Rational', 'Listening']","['Indecisive', 'Undisciplined', 'Impatient']",Yes,Yes,Yes,Pass,Business,11288
Tana Cullinane,2019-07-12,"['Ambitious', 'Organisation']","['Slow', 'Competitive']",Yes,Yes,Yes,Pass,Business,11289
Costanza Pyke,2019-07-25,"['Passionate', 'Efficient', 'Independent']",['Anxious'],Yes,Yes,Yes,Pass,Engineering,11290
Kenton Kilgrove,2019-07-04,"['Collaboration', 'Competitive']","['Selfish', 'Impulsive', 'Competitive']",Yes,Yes,Yes,Pass,Data,11291
Darda Di Giacomo,2019-07-06,"['Passionate', 'Creative', 'Empathy']","['Undisciplined', 'Slow', 'Overbearing']",Yes,Yes,No,Fail,Engineering,11292
Othilia Hucker,2019-07-25,['Determined'],"['Perfectionist', 'Chaotic']",Yes,Yes,Yes,Pass,Engineering,11293
Lavinie Marshman,2019-07-18,['Composure'],"['Distracted', 'Anxious']",Yes,Yes,Yes,Pass,Business,11294
Silvain Kuhwald,2019-07-25,"['Organisation', 'Reliable']","['Introverted', 'Anxious']",Yes,Yes,Yes,Pass,Data,11295
Audra Boodell,2019-07-20,['Innovative'],"['Sensitive', 'Immature', 'Impatient']",Yes,Yes,Yes,Pass,Engineering,11296
Wilt Gotliffe,2019-07-06,"['Rational', 'Reliable']","['Immature', 'Introverted']",Yes,Yes,Yes,Pass,Business,11297
Rosene Yearnsley,2019-07-27,['Independent'],"['Impatient', 'Passive']",Yes,No,Yes,Fail,Business,11298
Larry Claridge,2019-07-18,"['Charisma', 'Curious']",['Anxious'],Yes,Yes,Yes,Pass,Engineering,11299
Hattie Dullard,2019-07-05,"['Curious', 'Consistent']","['Distracted', 'Overbearing']",Yes,Yes,Yes,Pass,Engineering,11300
Dacy Pococke,2019-07-13,"['Independent', 'Passionate', 'Courteous']","['Passive', 'Critical', 'Selfish']",Yes,Yes,No,Fail,Engineering,11301
Kingsly Lowdwell,2019-07-20,"['Problem Solving', 'Composure']",['Chatty'],Yes,No,Yes,Fail,Data,11302
Cleon Kemson,2019-07-20,"['Problem Solving', 'Curious', 'Independent']",['Overbearing'],Yes,Yes,Yes,Pass,Engineering,11303
Seymour Rodda,2019-07-06,"['Passionate', 'Courteous']","['Introverted', 'Conventional']",Yes,Yes,No,Fail,Engineering,11304
Linc Hallex,2019-07-20,"['Curious', 'Collaboration']","['Selfish', 'Immature']",Yes,Yes,Yes,Pass,Engineering,11305
Tobe Markovic,,"['Collaboration', 'Competitive']","['Anxious', 'Critical']",No,Yes,Yes,Fail,Data,11306
Candy Berends,2019-12-10,"['Passionate', 'Listening']","['Impulsive', 'Procrastination', 'Indifferent']",Yes,Yes,Yes,Pass,Business,11307
Charmian Martinuzzi,2019-12-17,"['Consistent', 'Independent', 'Perfectionism']","['Critical', 'Conventional', 'Distracted']",No,Yes,Yes,Fail,Data,11308
Mirabelle Shakeshaft,2019-12-18,"['Empathy', 'Versatile', 'Consistent']","['Critical', 'Immature']",Yes,Yes,Yes,Pass,Engineering,11309
Benita Downgate,2019-12-05,"['Collaboration', 'Creative']","['Stubborn', 'Competitive']",Yes,Yes,Yes,Pass,Engineering,11310
Adolpho Litterick,2019-12-10,"['Consistent', 'Altruism']","['Indecisive', 'Indifferent', 'Sensitive']",Yes,Yes,No,Fail,Engineering,11311
Rockey Courtes,2019-12-10,"['Organisation', 'Passionate', 'Curious']","['Selfish', 'Overbearing', 'Procrastination']",Yes,No,No,Fail,Business,11312
Berry Gammel,2019-12-11,['Determined'],['Conventional'],Yes,No,Yes,Fail,Business,11313
Moritz Mosedall,2019-12-11,"['Reliable', 'Rational']","['Competitive', 'Indifferent']",Yes,Yes,Yes,Pass,Engineering,11314
Trefor Kalinowsky,2019-12-04,"['Organisation', 'Perfectionism']","['Chaotic', 'Indifferent']",Yes,Yes,Yes,Pass,Data,11315
Gertruda Syddie,2019-12-12,"['Patient', 'Perfectionism', 'Empathy']","['Procrastination', 'Introverted', 'Perfectionist']",Yes,Yes,Yes,Pass,Engineering,11316
Hersch Holburn,2019-12-18,"['Collaboration', 'Problem Solving']",['Anxious'],Yes,Yes,Yes,Pass,Business,11317
Alayne Farrans,2019-12-19,"['Determined', 'Problem Solving', 'Ambitious']",['Intolerant'],Yes,Yes,Yes,Pass,Data,11318
Adina Seton,2019-12-18,['Composure'],"['Undisciplined', 'Perfectionist']",Yes,Yes,Yes,Fail,Engineering,11319
Leighton Iddy,2019-12-04,"['Determined', 'Charisma']","['Slow', 'Conventional']",No,Yes,Yes,Fail,Engineering,11320
Nerti Welfair,,"['Listening', 'Curious', 'Critical Thinking']",['Impatient'],No,Yes,Yes,Fail,Business,11321
Olly Lannen,2019-12-19,['Determined'],"['Competitive', 'Intolerant', 'Indecisive']",Yes,Yes,Yes,Pass,Business,11322
Ringo Goosey,2019-12-03,"['Passionate', 'Altruism', 'Creative']","['Impulsive', 'Passive']",Yes,No,Yes,Fail,Data,11323
Sandro Pratchett,2019-12-11,"['Curious', 'Reliable']","['Sensitive', 'Impatient']",Yes,Yes,Yes,Pass,Business,11324
Reba Cosser,2019-12-19,"['Organisation', 'Critical Thinking', 'Curious']",['Chaotic'],Yes,Yes,Yes,Pass,Business,11325
Olia Lincoln,2019-12-11,"['Passionate', 'Courteous', 'Critical Thinking']","['Controlling', 'Introverted', 'Competitive']",Yes,Yes,Yes,Pass,Engineering,11326
Nady Smallpiece,2019-12-18,['Independent'],"['Anxious', 'Intolerant']",Yes,Yes,No,Fail,Engineering,11327
Ali Bonds,2019-12-03,['Composure'],['Introverted'],Yes,Yes,No,Fail,Business,11328
Dniren Barlas,2019-12-12,['Collaboration'],"['Overbearing', 'Procrastination']",Yes,Yes,Yes,Pass,Data,11329
Leif Forsyth,2019-12-19,['Courteous'],"['Distracted', 'Selfish', 'Overbearing']",Yes,Yes,Yes,Pass,Business,11330
Salmon Glenfield,2019-12-10,['Composure'],['Chatty'],Yes,Yes,No,Fail,Business,11331
Jacquetta Pill,2019-12-05,"['Passionate', 'Courteous']","['Undisciplined', 'Anxious']",No,Yes,Yes,Fail,Data,11332
Caril Bayly,2019-12-11,"['Collaboration', 'Determined', 'Efficient']","['Chaotic', 'Impulsive']",Yes,Yes,Yes,Pass,Business,11333
Jordain Rochester,2019-12-04,['Independent'],"['Indifferent', 'Selfish', 'Impatient']",Yes,Yes,No,Fail,Data,11334
Clementia Beasleigh,2019-12-04,['Reliable'],['Conventional'],Yes,Yes,Yes,Pass,Business,11335
Vidovic Niblett,2019-12-19,"['Listening', 'Patient', 'Collaboration']","['Impatient', 'Indecisive', 'Overbearing']",Yes,No,No,Fail,Engineering,11336
Christian Tunny,2019-12-04,"['Composure', 'Efficient']",['Undisciplined'],Yes,Yes,Yes,Pass,Engineering,11337
Eba Tarbath,2019-12-17,['Patient'],"['Chaotic', 'Procrastination']",Yes,No,Yes,Fail,Data,11338
Barton Moar,2019-12-03,['Listening'],"['Critical', 'Sensitive']",Yes,Yes,Yes,Pass,Business,11339
Jo Ann Beeke,2019-12-12,"['Independent', 'Perfectionism']",['Intolerant'],No,Yes,No,Fail,Business,11340
Terencio Mulles,2019-12-05,['Determined'],"['Intolerant', 'Controlling', 'Overbearing']",Yes,Yes,Yes,Pass,Data,11341
Mart Haggerstone,2019-12-12,"['Organisation', 'Creative', 'Ambitious']","['Sensitive', 'Introverted']",Yes,Yes,Yes,Pass,Data,11342
Norean Caston,2019-12-18,"['Organisation', 'Creative', 'Consistent']",['Introverted'],Yes,Yes,Yes,Pass,Business,11343
Tiphanie Selway,2019-12-18,['Altruism'],['Immature'],No,Yes,Yes,Fail,Business,11344
Deeyn Klimkin,2019-12-05,['Problem Solving'],['Chatty'],Yes,No,Yes,Fail,Business,11345
Charlotte Laxe,2019-12-11,"['Reliable', 'Creative']",['Competitive'],Yes,Yes,Yes,Pass,Engineering,11346
Trenna Mccurt,2019-12-04,"['Determined', 'Charisma']","['Intolerant', 'Introverted']",Yes,No,No,Fail,Engineering,11347
Cori Docwra,2019-12-11,"['Independent', 'Organisation', 'Ambitious']","['Competitive', 'Introverted']",No,Yes,Yes,Fail,Business,11348
Bessy Turpie,2019-12-11,"['Collaboration', 'Empathy']",['Distracted'],Yes,No,Yes,Fail,Data,11349
Whit Brisse,2019-12-19,"['Ambitious', 'Composure']","['Slow', 'Indifferent']",Yes,Yes,Yes,Pass,Business,11350
Bernhard Birchall,2019-12-04,['Independent'],['Controlling'],Yes,Yes,Yes,Pass,Data,11351
Jena Livings,2019-12-10,['Altruism'],"['Critical', 'Conventional', 'Passive']",Yes,Yes,No,Fail,Business,11352
Kaitlyn Chagg,2019-12-10,"['Rational', 'Altruism']","['Distracted', 'Perfectionist']",Yes,Yes,Yes,Pass,Data,11353
Beilul Crannach,2019-12-03,"['Courteous', 'Independent', 'Critical Thinking']","['Stubborn', 'Impatient', 'Anxious']",Yes,Yes,Yes,Pass,Engineering,11354
El Shepstone,2019-12-11,['Empathy'],"['Chatty', 'Chaotic', 'Perfectionist']",Yes,Yes,Yes,Pass,Data,11355
Patrice Milhench,2019-12-12,"['Independent', 'Listening', 'Passionate']",['Sensitive'],Yes,Yes,Yes,Pass,Business,11356
Trudey Brockman,2019-12-19,"['Composure', 'Patient']","['Passive', 'Selfish']",Yes,Yes,Yes,Fail,Data,11357
Nahum Riddock,2019-12-11,"['Efficient', 'Passionate', 'Critical Thinking']","['Slow', 'Introverted', 'Selfish']",Yes,Yes,Yes,Pass,Business,11358
Felicle Kops,2019-12-04,"['Critical Thinking', 'Composure', 'Perfectionism']","['Immature', 'Stubborn']",Yes,Yes,Yes,Pass,Business,11359
Berni Torra,2019-12-11,"['Versatile', 'Ambitious']",['Intolerant'],Yes,Yes,Yes,Pass,Data,11360
Steffane Laity,2019-12-10,"['Independent', 'Ambitious', 'Charisma']","['Introverted', 'Indifferent']",Yes,Yes,Yes,Pass,Data,11361
Nobe Guerrazzi,2019-12-17,"['Competitive', 'Independent', 'Critical Thinking']","['Slow', 'Stubborn']",Yes,Yes,Yes,Pass,Business,11362
Solly Reek,2019-12-12,"['Empathy', 'Courteous', 'Innovative']","['Critical', 'Indecisive', 'Slow']",Yes,Yes,No,Fail,Engineering,11363
Harrie Chatin,2019-12-10,"['Problem Solving', 'Versatile', 'Consistent']","['Immature', 'Impulsive', 'Distracted']",Yes,Yes,Yes,Pass,Business,11364
Horten Koomar,2019-12-11,['Innovative'],"['Chaotic', 'Introverted', 'Conventional']",Yes,Yes,Yes,Pass,Engineering,11365
Brandon Lotherington,2019-12-03,"['Rational', 'Patient', 'Altruism']",['Introverted'],Yes,Yes,Yes,Pass,Data,11366
Allie Sheber,2019-12-05,"['Courteous', 'Reliable']",['Chaotic'],Yes,Yes,Yes,Pass,Business,11367
Gunilla Lucken,2019-12-19,"['Organisation', 'Consistent']","['Intolerant', 'Impatient']",Yes,No,Yes,Fail,Data,11368
Yorgos O'Rourke,2019-12-19,"['Rational', 'Independent']","['Competitive', 'Anxious', 'Sensitive']",Yes,Yes,Yes,Pass,Data,11369
Finn Maasze,2019-12-03,"['Creative', 'Rational', 'Problem Solving']",['Impatient'],Yes,Yes,Yes,Pass,Data,11370
Bambi Earthfield,2019-12-10,"['Listening', 'Curious', 'Courteous']","['Stubborn', 'Undisciplined', 'Anxious']",Yes,Yes,Yes,Pass,Business,11371
Fair Ivashintsov,2019-12-19,"['Organisation', 'Ambitious', 'Rational']",['Distracted'],Yes,Yes,Yes,Pass,Data,11372
Alexine Mcglue,2019-12-03,['Consistent'],"['Critical', 'Intolerant', 'Immature']",Yes,Yes,Yes,Pass,Data,11373
Lethia Crow,2019-12-19,['Altruism'],['Procrastination'],Yes,Yes,Yes,Pass,Business,11374
Candy Vann,2019-12-18,"['Perfectionism', 'Organisation']","['Anxious', 'Critical']",Yes,Yes,Yes,Fail,Data,11375
Fawne Keen,2019-12-12,"['Consistent', 'Collaboration']",['Undisciplined'],Yes,Yes,Yes,Pass,Engineering,11376
Kenton Elvish,2019-12-05,"['Passionate', 'Independent']",['Selfish'],Yes,Yes,Yes,Pass,Data,11377
Eyde Boughton,2019-12-19,"['Collaboration', 'Passionate', 'Versatile']","['Overbearing', 'Conventional']",Yes,Yes,Yes,Fail,Engineering,11378
Allina Buttfield,2019-12-11,"['Composure', 'Determined']","['Anxious', 'Introverted', 'Sensitive']",Yes,No,Yes,Fail,Engineering,11379
Winona Strotton,2019-12-18,"['Reliable', 'Listening', 'Consistent']",['Selfish'],Yes,Yes,Yes,Pass,Business,11380
Thom Derwin,2019-12-19,['Efficient'],"['Competitive', 'Undisciplined']",Yes,Yes,Yes,Pass,Engineering,11381
Jacquelynn Savin,2019-12-12,['Competitive'],"['Overbearing', 'Impatient']",Yes,Yes,Yes,Pass,Business,11382
Uriel Lamplough,2019-12-19,"['Rational', 'Ambitious']","['Procrastination', 'Intolerant', 'Immature']",No,Yes,Yes,Fail,Business,11383
Gerda Yuille,2019-12-17,"['Ambitious', 'Determined']",['Chatty'],Yes,Yes,Yes,Pass,Business,11384
Gustavo Barok,2019-12-04,"['Critical Thinking', 'Reliable']",['Impulsive'],Yes,Yes,Yes,Pass,Engineering,11385
Matthew Tumilson,2019-12-12,['Rational'],"['Sensitive', 'Impulsive']",Yes,Yes,Yes,Pass,Data,11386
Mari Lotterington,2019-12-11,"['Creative', 'Curious', 'Competitive']",['Impulsive'],Yes,Yes,Yes,Pass,Business,11387
Wernher Thaxter,2019-12-03,"['Critical Thinking', 'Composure', 'Reliable']",['Impatient'],No,Yes,Yes,Fail,Data,11388
Bridgette Antos,2019-12-12,"['Innovative', 'Rational']","['Chatty', 'Anxious']",No,No,No,Fail,Data,11389
Flore Masden,2019-12-05,"['Reliable', 'Rational']",['Selfish'],Yes,Yes,Yes,Pass,Engineering,11390
Berkly Fishleigh,2019-12-17,"['Efficient', 'Competitive']","['Stubborn', 'Critical', 'Perfectionist']",Yes,No,Yes,Fail,Engineering,11391
Christopher Pinner,2019-12-03,"['Collaboration', 'Problem Solving']",['Undisciplined'],Yes,Yes,Yes,Pass,Data,11392
Eddie Mara,2019-12-11,['Creative'],['Controlling'],Yes,Yes,No,Fail,Business,11393
Sherwood Sandercock,2019-12-17,['Creative'],"['Overbearing', 'Procrastination', 'Impulsive']",Yes,Yes,Yes,Pass,Data,11394
Natal Sabin,2019-12-03,['Competitive'],['Impatient'],Yes,Yes,Yes,Pass,Engineering,11395
Blondelle Jaan,2019-12-17,"['Charisma', 'Creative']","['Controlling', 'Stubborn', 'Immature']",No,No,Yes,Fail,Engineering,11396
Harri Heinschke,2019-12-18,['Problem Solving'],"['Stubborn', 'Perfectionist']",Yes,No,Yes,Fail,Engineering,11397
Alethea Rangell,2019-12-04,['Critical Thinking'],['Impatient'],No,Yes,No,Fail,Data,11398
Danila Leamon,2019-12-04,['Empathy'],"['Immature', 'Impatient', 'Competitive']",Yes,No,Yes,Fail,Data,11399
Lawton Hiddsley,2019-12-17,"['Independent', 'Versatile', 'Altruism']","['Distracted', 'Passive']",No,Yes,No,Fail,Data,11400
Flem Cary,2019-12-03,"['Problem Solving', 'Innovative']",['Chatty'],Yes,Yes,No,Fail,Data,11401
Ulberto Stroton,2019-12-10,"['Rational', 'Patient', 'Listening']","['Sensitive', 'Slow']",Yes,Yes,Yes,Pass,Data,11403
Lurleen Moro,2019-12-18,['Listening'],['Passive'],Yes,Yes,Yes,Fail,Business,11404
Leena Joselevitch,2019-12-03,['Problem Solving'],"['Stubborn', 'Distracted']",Yes,Yes,Yes,Pass,Engineering,11405
Willi Dibnah,2019-12-11,"['Altruism', 'Empathy', 'Courteous']","['Competitive', 'Anxious']",Yes,Yes,Yes,Pass,Business,11406
Dannye Fraczek,2019-12-18,"['Independent', 'Altruism']",['Procrastination'],Yes,Yes,Yes,Pass,Data,11407
Domenic Coulter,2019-12-11,"['Rational', 'Independent']","['Selfish', 'Critical']",Yes,Yes,Yes,Pass,Business,11408
Berni Bonham,2019-12-03,"['Reliable', 'Versatile']",['Sensitive'],Yes,Yes,No,Fail,Engineering,11409
Reinold Jenicek,2019-12-10,"['Listening', 'Determined', 'Innovative']","['Conventional', 'Indecisive', 'Sensitive']",Yes,Yes,Yes,Fail,Business,11410
Gipsy Seres,2019-12-17,"['Collaboration', 'Ambitious']","['Undisciplined', 'Chaotic']",Yes,Yes,Yes,Pass,Data,11411
Erica Soughton,2019-12-19,['Ambitious'],"['Distracted', 'Overbearing', 'Chatty']",Yes,Yes,Yes,Pass,Business,11412
Rube Beals,2019-12-17,"['Ambitious', 'Organisation', 'Listening']","['Controlling', 'Impulsive']",Yes,Yes,Yes,Fail,Engineering,11413
Johnna Tarbin,2019-12-11,"['Passionate', 'Creative']",['Competitive'],Yes,Yes,No,Fail,Data,11414
Ives Weddell,2019-12-17,"['Rational', 'Ambitious']",['Anxious'],Yes,Yes,Yes,Pass,Business,11415
Guido Allans,2019-12-10,"['Altruism', 'Consistent', 'Problem Solving']",['Passive'],Yes,Yes,Yes,Pass,Engineering,11416
Maxie Yerborn,2019-12-05,['Consistent'],['Competitive'],Yes,Yes,Yes,Pass,Data,11417
Clark Kovacs,2019-12-05,['Creative'],"['Impatient', 'Undisciplined', 'Procrastination']",Yes,Yes,Yes,Pass,Engineering,11418
Prudence Harrill,2019-12-19,"['Altruism', 'Reliable']",['Anxious'],No,Yes,No,Fail,Business,11419
Rochette Bellfield,2019-12-18,"['Collaboration', 'Patient']","['Sensitive', 'Controlling']",Yes,Yes,Yes,Pass,Engineering,11420
Orella Goshawke,2019-12-10,"['Versatile', 'Problem Solving']","['Controlling', 'Chaotic']",Yes,Yes,Yes,Pass,Business,11421
Tabbie Enzley,2019-12-03,['Critical Thinking'],"['Indecisive', 'Chatty']",Yes,Yes,Yes,Pass,Data,11422
Chet Bean,2019-12-12,"['Determined', 'Versatile']",['Passive'],Yes,Yes,Yes,Pass,Data,11423
Blisse Vinick,2019-12-05,['Organisation'],"['Perfectionist', 'Passive']",No,Yes,Yes,Fail,Data,11424
Godfry Sephton,2019-12-19,['Rational'],"['Stubborn', 'Immature', 'Passive']",Yes,Yes,Yes,Pass,Engineering,11425
Vera Broadfoot,2019-12-17,['Innovative'],"['Immature', 'Indecisive']",Yes,Yes,Yes,Pass,Engineering,11426
Riobard Collcott,2019-12-11,"['Consistent', 'Reliable']","['Immature', 'Selfish', 'Procrastination']",Yes,Yes,Yes,Fail,Data,11427
Kathryn Sture,2019-12-12,"['Ambitious', 'Empathy']","['Selfish', 'Conventional', 'Intolerant']",Yes,Yes,Yes,Pass,Data,11428
Essy Haggus,2019-12-04,['Reliable'],['Indecisive'],Yes,Yes,Yes,Fail,Engineering,11429
Amalia Sheppard,2019-12-11,"['Collaboration', 'Passionate']",['Indecisive'],Yes,Yes,Yes,Pass,Business,11430
Mose Trase,2019-12-04,['Independent'],"['Procrastination', 'Slow']",Yes,Yes,Yes,Pass,Data,11431
Felita Jzhakov,2019-12-10,"['Versatile', 'Independent', 'Organisation']","['Immature', 'Passive', 'Critical']",Yes,Yes,Yes,Pass,Business,11432
Cris Van Schafflaer,2019-12-18,"['Independent', 'Patient']",['Intolerant'],Yes,Yes,Yes,Pass,Business,11433
Shanna Juniper,2019-12-04,"['Patient', 'Altruism', 'Composure']",['Introverted'],No,Yes,Yes,Fail,Engineering,11434
Gerrie Domenget,2019-12-12,"['Competitive', 'Consistent']",['Undisciplined'],Yes,Yes,Yes,Pass,Engineering,11435
Esmaria Rapp,2019-12-19,['Determined'],"['Indifferent', 'Introverted', 'Overbearing']",Yes,Yes,Yes,Pass,Data,11436
Clifford Randle,2019-12-19,"['Courteous', 'Listening', 'Critical Thinking']","['Distracted', 'Stubborn', 'Procrastination']",Yes,Yes,Yes,Pass,Data,11437
Cirilo Croy,2019-12-18,"['Curious', 'Composure']","['Controlling', 'Stubborn', 'Passive']",Yes,Yes,Yes,Fail,Business,11438
Lazare Nellies,2019-12-03,"['Innovative', 'Curious', 'Rational']","['Indecisive', 'Passive', 'Introverted']",Yes,Yes,Yes,Pass,Engineering,11439
Genovera Mattek,2019-12-12,"['Competitive', 'Passionate']",['Conventional'],Yes,Yes,Yes,Pass,Data,11440
Sherlocke Lerner,2019-12-03,"['Problem Solving', 'Versatile', 'Composure']",['Indifferent'],No,Yes,Yes,Fail,Engineering,11441
Dawn Petlyura,2019-12-12,['Altruism'],['Indifferent'],Yes,Yes,Yes,Pass,Data,11442
Daryn Dugmore,2019-12-04,['Composure'],"['Controlling', 'Critical']",Yes,Yes,Yes,Pass,Engineering,11443
Brew Botterell,2019-12-17,['Empathy'],"['Conventional', 'Introverted']",Yes,Yes,Yes,Pass,Data,11444
Filide Roony,2019-12-10,"['Reliable', 'Patient']","['Slow', 'Sensitive']",Yes,Yes,Yes,Pass,Data,11445
Dottie Le Prevost,2019-12-19,"['Composure', 'Rational', 'Critical Thinking']","['Undisciplined', 'Competitive', 'Immature']",Yes,Yes,Yes,Pass,Business,11446
Charley Fredi,2019-12-10,"['Ambitious', 'Passionate', 'Critical Thinking']","['Intolerant', 'Chatty']",Yes,Yes,Yes,Pass,Data,11447
Eryn Licence,2019-12-12,['Ambitious'],"['Anxious', 'Critical']",Yes,Yes,No,Fail,Engineering,11448
Ronda Aggis,2019-12-03,"['Empathy', 'Curious', 'Courteous']","['Passive', 'Chaotic', 'Impulsive']",Yes,Yes,Yes,Pass,Business,11449
Gussy Stoving,2019-12-03,['Collaboration'],"['Critical', 'Selfish']",Yes,Yes,Yes,Pass,Engineering,11450
Celesta Binion,2019-12-17,"['Versatile', 'Altruism', 'Creative']","['Intolerant', 'Impatient']",Yes,Yes,Yes,Pass,Data,11451
Lora Kiebes,2019-12-18,['Determined'],"['Introverted', 'Impulsive']",Yes,Yes,Yes,Pass,Business,11452
Rene Stennings,2019-12-11,"['Innovative', 'Problem Solving', 'Collaboration']","['Indifferent', 'Procrastination']",Yes,Yes,Yes,Pass,Engineering,11453
Maison Purse,2019-12-17,"['Altruism', 'Collaboration']",['Indecisive'],Yes,Yes,No,Fail,Engineering,11454
Piper Hawson,2019-12-11,"['Independent', 'Efficient', 'Organisation']",['Indecisive'],No,Yes,Yes,Fail,Engineering,11455
Doretta Langdon,2019-12-11,"['Composure', 'Competitive', 'Determined']","['Impatient', 'Procrastination']",Yes,Yes,Yes,Pass,Engineering,11456
Melly Ible,2019-12-10,"['Altruism', 'Empathy']",['Intolerant'],Yes,Yes,Yes,Pass,Engineering,11457
Jordan Cristoforetti,2019-12-12,"['Charisma', 'Innovative', 'Problem Solving']","['Controlling', 'Chaotic']",Yes,Yes,No,Fail,Engineering,11458
Arden Tolossi,2019-12-19,"['Problem Solving', 'Patient']","['Slow', 'Stubborn']",Yes,Yes,Yes,Fail,Engineering,11459
Granville Slad,2019-12-04,"['Patient', 'Consistent', 'Organisation']","['Anxious', 'Procrastination', 'Slow']",Yes,Yes,Yes,Fail,Business,11460
Lee Ambrogioli,2019-12-17,"['Courteous', 'Ambitious', 'Critical Thinking']",['Impulsive'],Yes,Yes,Yes,Pass,Business,11461
Free Simmgen,2019-12-11,"['Empathy', 'Independent']","['Competitive', 'Perfectionist']",No,No,Yes,Fail,Data,11462
Michael Ettles,2019-12-04,"['Versatile', 'Reliable']",['Chaotic'],Yes,Yes,Yes,Fail,Engineering,11463
Wallie Chittenden,2019-12-10,['Charisma'],"['Undisciplined', 'Chaotic']",Yes,Yes,Yes,Pass,Engineering,11464
Hendrick Skellon,2019-12-18,"['Altruism', 'Patient']","['Controlling', 'Chaotic']",Yes,Yes,Yes,Pass,Data,11465
Augustine Sultana,2019-12-05,"['Empathy', 'Reliable', 'Collaboration']","['Procrastination', 'Indecisive']",Yes,Yes,Yes,Pass,Engineering,11466
Stephan Middle,2019-12-04,"['Altruism', 'Passionate']","['Impulsive', 'Impatient', 'Indifferent']",Yes,Yes,Yes,Pass,Data,11467
Scotti Bromfield,2019-12-10,"['Courteous', 'Patient', 'Critical Thinking']",['Procrastination'],Yes,Yes,Yes,Pass,Data,11468
Chaim Inseal,2019-12-12,['Innovative'],['Intolerant'],Yes,Yes,Yes,Pass,Engineering,11469
Beverlie Newhouse,2019-12-18,"['Versatile', 'Organisation', 'Charisma']","['Sensitive', 'Selfish', 'Controlling']",Yes,Yes,Yes,Pass,Business,11470
Edna Dilston,2019-12-17,"['Consistent', 'Organisation', 'Versatile']",['Passive'],Yes,Yes,Yes,Pass,Business,11471
Elisa Gowman,2019-12-10,['Altruism'],"['Competitive', 'Anxious', 'Indecisive']",Yes,Yes,Yes,Pass,Data,11472
Amil Coysh,2019-12-05,"['Consistent', 'Composure']","['Chatty', 'Distracted', 'Perfectionist']",Yes,No,No,Fail,Business,11473
Gusta Klagges,2019-12-18,['Courteous'],"['Passive', 'Conventional', 'Indecisive']",Yes,Yes,Yes,Pass,Data,11474
Milly Hugnin,2019-12-11,['Competitive'],"['Conventional', 'Chaotic', 'Critical']",Yes,Yes,Yes,Pass,Engineering,11475
Ferd Walkden,2019-12-03,"['Versatile', 'Reliable']","['Competitive', 'Critical']",Yes,No,Yes,Fail,Business,11476
Elissa Knowles,2019-12-11,"['Competitive', 'Courteous', 'Consistent']","['Impulsive', 'Distracted']",Yes,Yes,Yes,Pass,Data,11477
Eleanor Denington,2019-12-05,"['Charisma', 'Composure', 'Efficient']","['Sensitive', 'Passive']",Yes,Yes,Yes,Pass,Engineering,11478
Marve Boatswain,2019-12-18,['Collaboration'],"['Chaotic', 'Indecisive']",Yes,Yes,No,Fail,Data,11479
Rafaelita D'Ambrogi,2019-12-17,"['Organisation', 'Consistent', 'Passionate']","['Impatient', 'Sensitive', 'Overbearing']",Yes,Yes,Yes,Pass,Business,11480
Gianina Wandless,2019-12-05,['Charisma'],"['Undisciplined', 'Slow', 'Chaotic']",Yes,Yes,Yes,Pass,Data,11481
Louella Parradye,2019-12-18,['Reliable'],"['Anxious', 'Controlling']",Yes,Yes,Yes,Pass,Data,11482
Wynn Blei,,['Consistent'],"['Conventional', 'Perfectionist']",Yes,Yes,Yes,Pass,Business,11483
Gib Krol,2019-12-04,['Patient'],['Intolerant'],Yes,Yes,Yes,Pass,Data,11484
Vachel Mc Meekin,2019-02-28,['Organisation'],"['Conventional', 'Critical']",Yes,Yes,Yes,Fail,Engineering,11485
Cameron Gleaves,2019-02-13,"['Collaboration', 'Passionate', 'Problem Solving']",['Sensitive'],Yes,Yes,No,Fail,Business,11486
Hakeem Ivermee,2019-02-19,['Versatile'],['Perfectionist'],Yes,Yes,Yes,Pass,Business,11487
Ian Giorgietto,2019-02-28,"['Composure', 'Empathy']","['Procrastination', 'Impatient', 'Overbearing']",Yes,Yes,No,Fail,Engineering,11488
Kalina Gentile,2019-02-06,"['Courteous', 'Charisma', 'Rational']",['Chatty'],Yes,Yes,Yes,Pass,Business,11489
Wash Richardes,2019-02-12,['Collaboration'],"['Introverted', 'Impulsive']",Yes,Yes,Yes,Pass,Business,11490
Morgana Mcaw,2019-02-27,"['Determined', 'Organisation', 'Independent']","['Stubborn', 'Intolerant']",Yes,No,Yes,Fail,Business,11491
Jehanna Verrechia,2019-02-20,['Ambitious'],['Critical'],Yes,Yes,Yes,Pass,Engineering,11492
Redd Jurges,2019-02-12,"['Consistent', 'Perfectionism', 'Listening']",['Anxious'],Yes,Yes,Yes,Pass,Engineering,11493
Kean Ploughwright,2019-02-06,['Listening'],"['Chaotic', 'Indecisive', 'Passive']",Yes,Yes,No,Fail,Business,11494
Rolland Dinkin,2019-02-07,['Curious'],['Immature'],Yes,Yes,No,Fail,Business,11495
Nicolai Nussey,2019-02-14,"['Passionate', 'Collaboration', 'Efficient']","['Impulsive', 'Perfectionist', 'Critical']",Yes,Yes,Yes,Pass,Business,11496
Naomi Shortt,2019-02-13,"['Empathy', 'Organisation']","['Impulsive', 'Perfectionist']",Yes,Yes,Yes,Pass,Engineering,11497
Tommy Evans,2019-02-12,['Efficient'],"['Impulsive', 'Procrastination']",Yes,Yes,Yes,Pass,Business,11498
Vikki Godsal,2019-02-20,['Creative'],"['Controlling', 'Stubborn']",Yes,Yes,Yes,Pass,Engineering,11499
Adelbert Oakwell,2019-02-27,"['Rational', 'Versatile']","['Impatient', 'Undisciplined', 'Critical']",Yes,Yes,Yes,Pass,Engineering,11500
Stephanus Kenwood,2019-02-12,"['Competitive', 'Consistent']","['Procrastination', 'Distracted', 'Overbearing']",Yes,Yes,Yes,Pass,Data,11501
Magda Mckirton,2019-02-05,"['Empathy', 'Ambitious', 'Independent']",['Controlling'],Yes,Yes,Yes,Pass,Engineering,11502
Ferdinand Whyberd,2019-02-20,"['Passionate', 'Composure']","['Stubborn', 'Critical']",No,Yes,Yes,Fail,Business,11503
Gabrila Hehir,2019-02-05,"['Creative', 'Consistent']",['Overbearing'],Yes,Yes,No,Fail,Engineering,11504
Larine Burcombe,2019-02-19,"['Ambitious', 'Problem Solving', 'Curious']",['Competitive'],Yes,Yes,No,Fail,Engineering,11505
Hermy Witherby,2019-02-07,"['Competitive', 'Consistent', 'Problem Solving']","['Conventional', 'Impatient']",Yes,Yes,Yes,Pass,Engineering,11506
Frasier Greedyer,2019-02-26,"['Determined', 'Rational', 'Problem Solving']",['Procrastination'],Yes,Yes,Yes,Pass,Engineering,11507
Sully Rosenbarg,2019-02-14,['Independent'],['Chatty'],Yes,Yes,Yes,Pass,Engineering,11508
Nicolai Stockey,2019-02-19,"['Independent', 'Versatile', 'Charisma']",['Indecisive'],Yes,No,Yes,Fail,Data,11509
Reese Proswell,2019-02-26,"['Collaboration', 'Competitive']","['Indifferent', 'Selfish', 'Impatient']",Yes,Yes,Yes,Pass,Business,11510
Fannie Mcgoogan,2019-02-07,['Patient'],"['Indecisive', 'Immature', 'Chaotic']",Yes,No,Yes,Fail,Data,11511
Aluino Sainter,2019-02-05,"['Consistent', 'Altruism', 'Efficient']",['Impulsive'],Yes,Yes,Yes,Pass,Engineering,11512
Andros Wickson,2019-02-19,"['Perfectionism', 'Collaboration', 'Creative']","['Stubborn', 'Anxious', 'Passive']",Yes,Yes,Yes,Pass,Business,11513
Enoch Batte,2019-02-07,"['Empathy', 'Ambitious', 'Creative']",['Undisciplined'],Yes,No,Yes,Fail,Engineering,11514
Henryetta Allwell,2019-02-27,['Ambitious'],"['Sensitive', 'Immature']",Yes,Yes,Yes,Pass,Business,11515
Poul Basnett,2019-02-05,['Altruism'],['Slow'],No,Yes,Yes,Fail,Engineering,11516
Hunt Ainsby,2019-02-21,['Determined'],"['Indecisive', 'Indifferent']",Yes,Yes,Yes,Fail,Data,11517
Vincents Bahl,2019-02-20,"['Efficient', 'Collaboration', 'Reliable']","['Sensitive', 'Stubborn']",Yes,Yes,Yes,Pass,Business,11518
Sherlock Sibley,2019-02-13,"['Critical Thinking', 'Reliable', 'Perfectionism']","['Distracted', 'Conventional', 'Overbearing']",Yes,No,Yes,Fail,Data,11519
Gillie Mcauliffe,,"['Innovative', 'Creative', 'Independent']",['Controlling'],Yes,Yes,Yes,Pass,Business,11520
Flori Faithorn,2019-02-21,"['Ambitious', 'Organisation', 'Independent']","['Indecisive', 'Procrastination']",Yes,Yes,Yes,Pass,Data,11521
Nicolette Bonehill,2019-02-05,"['Critical Thinking', 'Courteous', 'Perfectionism']","['Anxious', 'Indecisive', 'Perfectionist']",No,Yes,Yes,Fail,Engineering,11522
Tobiah Aistrop,2019-02-06,"['Collaboration', 'Altruism']",['Indecisive'],Yes,Yes,Yes,Pass,Business,11523
Brandyn Macclinton,2019-02-14,"['Perfectionism', 'Altruism']","['Chatty', 'Impulsive', 'Undisciplined']",Yes,Yes,Yes,Pass,Business,11524
Timoteo Pack,2019-02-27,['Passionate'],"['Intolerant', 'Passive']",Yes,Yes,Yes,Pass,Business,11525
Maudie Dadswell,2019-02-19,['Charisma'],['Indecisive'],Yes,Yes,Yes,Pass,Engineering,11526
Glen Spuner,2019-02-27,"['Courteous', 'Composure']",['Sensitive'],Yes,Yes,Yes,Fail,Engineering,11527
Tobey Mabbett,2019-02-14,['Composure'],"['Overbearing', 'Intolerant']",Yes,No,Yes,Fail,Data,11528
Garey Bischop,2019-02-06,"['Reliable', 'Curious']","['Competitive', 'Distracted']",Yes,Yes,Yes,Fail,Business,11529
Adria Zorro,2019-02-12,"['Patient', 'Organisation', 'Creative']",['Critical'],Yes,No,Yes,Fail,Business,11530
Lane Myrkus,2019-02-13,['Independent'],['Indecisive'],Yes,Yes,Yes,Pass,Engineering,11531
Kimmi Bodell,2019-02-26,"['Rational', 'Organisation']","['Selfish', 'Competitive', 'Intolerant']",Yes,Yes,Yes,Pass,Engineering,11532
Mart Greser,2019-02-26,"['Reliable', 'Creative']","['Slow', 'Intolerant']",Yes,Yes,No,Fail,Data,11533
Joanne Le Jean,2019-02-19,"['Problem Solving', 'Altruism', 'Composure']",['Controlling'],Yes,Yes,Yes,Pass,Engineering,11534
Audre Thomerson,2019-02-12,"['Patient', 'Organisation', 'Curious']",['Anxious'],Yes,Yes,No,Fail,Business,11535
Geraldine Pinnocke,2019-02-14,['Innovative'],"['Distracted', 'Sensitive']",Yes,Yes,Yes,Pass,Data,11536
Booth Coweuppe,2019-02-21,['Listening'],"['Selfish', 'Undisciplined']",Yes,Yes,Yes,Pass,Business,11537
Carmella Guidi,2019-02-20,"['Collaboration', 'Versatile', 'Competitive']",['Controlling'],Yes,Yes,No,Fail,Data,11538
Lanae Christophle,2019-02-14,"['Organisation', 'Curious', 'Determined']","['Anxious', 'Critical']",Yes,Yes,Yes,Pass,Data,11539
Crosby Eliasson,2019-02-28,['Problem Solving'],"['Anxious', 'Introverted', 'Overbearing']",Yes,Yes,Yes,Pass,Business,11540
Jan Horrod,2019-02-27,"['Curious', 'Altruism']","['Stubborn', 'Controlling']",Yes,Yes,Yes,Pass,Data,11541
Aggi Willetts,2019-02-27,"['Ambitious', 'Independent']","['Impatient', 'Competitive', 'Impulsive']",Yes,Yes,Yes,Pass,Data,11542
Scottie Orknay,2019-02-06,"['Consistent', 'Versatile']","['Intolerant', 'Conventional', 'Selfish']",Yes,Yes,Yes,Pass,Data,11543
Arley Dangl,2019-02-06,"['Problem Solving', 'Ambitious']","['Indecisive', 'Slow', 'Impatient']",Yes,Yes,Yes,Pass,Business,11544
Kimberley Mcgeouch,2019-02-28,['Consistent'],"['Anxious', 'Immature', 'Intolerant']",Yes,Yes,Yes,Pass,Data,11545
Burtie Clubley,2019-02-27,"['Collaboration', 'Innovative', 'Ambitious']","['Distracted', 'Anxious', 'Immature']",Yes,Yes,Yes,Pass,Data,11546
Cary Heberden,2019-02-06,['Independent'],['Passive'],Yes,Yes,Yes,Pass,Engineering,11547
Benjamen Harrow,2019-02-20,"['Problem Solving', 'Competitive', 'Versatile']",['Introverted'],Yes,Yes,Yes,Pass,Engineering,11548
Ermentrude Larrosa,2019-02-27,"['Curious', 'Creative', 'Charisma']",['Introverted'],Yes,Yes,Yes,Pass,Engineering,11549
Moe Finnie,2019-02-27,"['Rational', 'Versatile', 'Passionate']",['Overbearing'],Yes,Yes,Yes,Fail,Business,11550
Antonia Mackaig,2019-02-13,"['Passionate', 'Patient', 'Versatile']","['Perfectionist', 'Intolerant']",Yes,Yes,Yes,Pass,Data,11551
Barrie Schruurs,2019-02-14,['Altruism'],['Undisciplined'],Yes,Yes,Yes,Pass,Data,11552
Audrye Tobias,2019-02-26,"['Independent', 'Empathy']","['Procrastination', 'Sensitive', 'Impulsive']",Yes,Yes,Yes,Pass,Business,11553
Debby Mcglynn,2019-02-26,"['Critical Thinking', 'Rational']","['Sensitive', 'Procrastination']",Yes,Yes,Yes,Fail,Data,11554
Fabien Hardaway,2019-02-05,"['Consistent', 'Reliable', 'Charisma']","['Stubborn', 'Introverted', 'Indecisive']",Yes,Yes,Yes,Pass,Engineering,11555
Shelley O'Dyvoie,2019-02-19,['Patient'],"['Introverted', 'Controlling', 'Undisciplined']",Yes,Yes,Yes,Pass,Data,11556
Maurits Alger,2019-02-21,['Rational'],"['Overbearing', 'Conventional', 'Competitive']",Yes,Yes,Yes,Pass,Engineering,11557
Horatia Tompkin,2019-02-20,"['Versatile', 'Independent', 'Determined']","['Anxious', 'Stubborn']",Yes,No,Yes,Fail,Business,11558
Darryl Gleed,2019-02-20,"['Courteous', 'Independent']","['Sensitive', 'Immature', 'Stubborn']",Yes,No,Yes,Fail,Data,11559
Hughie Baggelley,2019-02-06,"['Critical Thinking', 'Empathy']",['Impatient'],Yes,Yes,Yes,Pass,Engineering,11560
Fayre Swadlinge,2019-02-14,['Reliable'],"['Chaotic', 'Indifferent']",Yes,Yes,Yes,Fail,Business,11561
Rainer Beecheno,2019-02-20,['Innovative'],['Distracted'],Yes,Yes,No,Fail,Data,11562
Beryle D'Antonio,2019-02-13,"['Efficient', 'Reliable', 'Charisma']","['Perfectionist', 'Critical']",Yes,No,No,Fail,Engineering,11563
Keriann Crambie,2019-02-05,"['Independent', 'Curious', 'Reliable']",['Procrastination'],Yes,Yes,Yes,Pass,Business,11564
Elora Ellen,2019-02-14,"['Passionate', 'Listening']","['Controlling', 'Stubborn']",Yes,Yes,Yes,Pass,Business,11565
Robbin Duchesne,2019-02-12,"['Independent', 'Passionate', 'Charisma']",['Impatient'],Yes,Yes,Yes,Fail,Engineering,11566
Harwilll Pownall,2019-02-19,"['Curious', 'Problem Solving']","['Anxious', 'Immature', 'Passive']",Yes,Yes,Yes,Pass,Data,11567
Arda Disbrow,2019-02-13,"['Creative', 'Innovative', 'Ambitious']","['Competitive', 'Procrastination', 'Introverted']",Yes,Yes,Yes,Pass,Data,11568
Gertrud Nind,2019-02-12,"['Curious', 'Patient']",['Critical'],Yes,No,Yes,Fail,Engineering,11569
Slade Cannavan,2019-02-20,"['Innovative', 'Perfectionism', 'Determined']","['Impulsive', 'Passive']",Yes,Yes,Yes,Pass,Data,11570
Kalil Mcpaike,2019-02-14,['Ambitious'],['Distracted'],Yes,Yes,Yes,Pass,Business,11571
Trix Bowerbank,2019-02-06,"['Composure', 'Organisation', 'Charisma']",['Immature'],No,Yes,Yes,Fail,Business,11572
Wolf Cattermull,2019-02-07,"['Patient', 'Efficient', 'Passionate']",['Slow'],Yes,Yes,Yes,Fail,Engineering,11573
Dionysus Garter,2019-02-13,"['Competitive', 'Independent', 'Efficient']",['Perfectionist'],Yes,Yes,Yes,Pass,Data,11574
Avram Dank,2019-02-07,['Curious'],"['Distracted', 'Introverted']",No,No,Yes,Fail,Engineering,11575
Bert Spall,2019-02-21,['Independent'],"['Impulsive', 'Distracted', 'Intolerant']",Yes,Yes,Yes,Pass,Data,11576
Georg Battman,2019-02-26,"['Creative', 'Passionate', 'Listening']",['Introverted'],Yes,Yes,Yes,Pass,Business,11577
Nikola Giroldi,2019-02-05,"['Determined', 'Collaboration']","['Chaotic', 'Sensitive']",Yes,Yes,Yes,Pass,Business,11578
Lydie Broadfield,2019-02-27,"['Perfectionism', 'Creative', 'Critical Thinking']","['Passive', 'Chatty', 'Anxious']",Yes,Yes,Yes,Pass,Data,11579
Andrew Giurio,2019-02-06,"['Versatile', 'Reliable']","['Slow', 'Distracted']",Yes,Yes,Yes,Fail,Engineering,11580
Millie Standell,2019-02-21,"['Courteous', 'Charisma']","['Indifferent', 'Critical', 'Slow']",Yes,Yes,No,Fail,Data,11581
Aloin Ashment,2019-02-12,"['Critical Thinking', 'Collaboration', 'Innovative']","['Sensitive', 'Stubborn', 'Impatient']",Yes,Yes,Yes,Pass,Engineering,11582
Jere Jordine,2019-02-13,['Reliable'],"['Competitive', 'Conventional']",Yes,Yes,Yes,Fail,Data,11583
Rowe Fritter,2019-02-05,"['Organisation', 'Rational']","['Passive', 'Perfectionist']",Yes,Yes,Yes,Pass,Business,11584
Annie Rosa,2019-02-06,['Rational'],"['Perfectionist', 'Impatient']",Yes,No,Yes,Fail,Data,11585
Daisie Wildsmith,2019-02-05,"['Courteous', 'Reliable']",['Introverted'],Yes,Yes,Yes,Pass,Business,11586
Herminia Brettel,2019-02-13,"['Innovative', 'Efficient']","['Stubborn', 'Controlling']",Yes,Yes,Yes,Pass,Business,11587
Marco Torra,2019-02-19,['Consistent'],['Anxious'],Yes,No,Yes,Fail,Data,11588
Nerissa Culvey,2019-02-19,"['Versatile', 'Patient']","['Conventional', 'Chaotic', 'Chatty']",Yes,Yes,Yes,Fail,Data,11590
Shanon Oldknow,2019-02-05,"['Curious', 'Ambitious']","['Introverted', 'Chatty', 'Indecisive']",Yes,Yes,Yes,Pass,Data,11591
Jefferson Paynton,2019-02-19,"['Courteous', 'Ambitious']","['Undisciplined', 'Conventional']",Yes,Yes,Yes,Pass,Data,11592
Nicol Bragge,2019-02-14,"['Perfectionism', 'Passionate']","['Intolerant', 'Indifferent', 'Competitive']",Yes,Yes,Yes,Pass,Data,11593
Rollo Quarry,2019-02-05,"['Patient', 'Problem Solving']",['Perfectionist'],Yes,Yes,Yes,Pass,Data,11594
Sophie Bosse,2019-02-12,['Determined'],"['Chatty', 'Conventional']",Yes,Yes,Yes,Pass,Engineering,11595
Aldwin Pilgram,2019-02-21,['Charisma'],"['Undisciplined', 'Overbearing', 'Immature']",Yes,Yes,Yes,Pass,Engineering,11596
Kyla Chadburn,2019-02-27,"['Altruism', 'Courteous']",['Selfish'],Yes,Yes,Yes,Pass,Data,11597
Denyse Worley,2019-02-21,['Empathy'],['Chaotic'],Yes,Yes,Yes,Pass,Data,11598
Thaxter Plaid,2019-02-07,"['Ambitious', 'Composure', 'Patient']","['Stubborn', 'Perfectionist', 'Competitive']",Yes,Yes,Yes,Pass,Business,11599
Gannie Lamberteschi,2019-02-13,['Composure'],"['Chatty', 'Introverted']",Yes,Yes,Yes,Pass,Engineering,11600
Dina Durbyn,2019-02-12,"['Ambitious', 'Altruism']","['Conventional', 'Slow']",Yes,Yes,Yes,Pass,Engineering,11601
Ashley Dempsey,2019-02-27,"['Independent', 'Charisma', 'Listening']","['Indecisive', 'Competitive']",Yes,Yes,Yes,Pass,Data,11602
Elroy Hatchell,2019-02-19,"['Innovative', 'Ambitious']",['Chatty'],Yes,Yes,Yes,Pass,Business,11603
Sigismond O'Heagertie,2019-02-06,"['Empathy', 'Courteous', 'Reliable']","['Sensitive', 'Immature']",Yes,Yes,Yes,Fail,Data,11604
Chlo Fair,2019-02-21,"['Critical Thinking', 'Versatile', 'Independent']",['Indifferent'],Yes,Yes,Yes,Pass,Engineering,11605
Loraine Colville,2019-02-26,"['Curious', 'Efficient']","['Impulsive', 'Intolerant', 'Chatty']",Yes,Yes,Yes,Pass,Engineering,11606
Barbabas Huygens,2019-02-19,['Competitive'],['Critical'],Yes,Yes,Yes,Pass,Engineering,11607
Olivier Veazey,2019-02-06,"['Creative', 'Collaboration', 'Empathy']",['Slow'],Yes,Yes,Yes,Pass,Engineering,11608
Hildagarde Churchlow,2019-02-13,"['Courteous', 'Empathy']","['Indecisive', 'Critical', 'Chatty']",Yes,Yes,Yes,Pass,Business,11609
Abran Munson,2019-02-20,"['Consistent', 'Reliable', 'Charisma']","['Critical', 'Chatty']",Yes,Yes,Yes,Pass,Business,11610
Brena Creeber,2019-02-13,['Versatile'],['Anxious'],Yes,Yes,Yes,Pass,Business,11611
Connor Gegg,2019-02-14,"['Rational', 'Organisation', 'Creative']","['Chaotic', 'Passive', 'Chatty']",Yes,Yes,Yes,Pass,Data,11612
Julita Benoy,2019-02-19,"['Charisma', 'Efficient']",['Impulsive'],Yes,Yes,Yes,Pass,Business,11613
Terry Macvanamy,2019-02-26,"['Competitive', 'Innovative', 'Reliable']","['Overbearing', 'Selfish', 'Passive']",No,Yes,No,Fail,Engineering,11614
Malachi Carlisso,2019-02-19,"['Critical Thinking', 'Ambitious', 'Versatile']","['Passive', 'Impulsive']",Yes,Yes,Yes,Pass,Engineering,11615
Leonhard Sogg,2019-02-12,['Listening'],"['Distracted', 'Indecisive', 'Perfectionist']",Yes,Yes,Yes,Pass,Data,11616
Sheridan Angeau,2019-02-26,"['Rational', 'Independent', 'Patient']",['Stubborn'],Yes,Yes,Yes,Pass,Data,11617
Lilllie Kun,2019-02-13,['Independent'],"['Undisciplined', 'Chaotic', 'Introverted']",Yes,Yes,No,Fail,Data,11618
Abbe Ballard,2019-02-21,"['Determined', 'Courteous']",['Anxious'],Yes,Yes,Yes,Pass,Data,11619
Farah Ely,2019-02-14,"['Ambitious', 'Perfectionism', 'Independent']","['Overbearing', 'Conventional']",Yes,No,Yes,Fail,Data,11620
Vale Trevarthen,2019-02-13,"['Patient', 'Charisma']","['Critical', 'Impatient', 'Overbearing']",No,Yes,No,Fail,Data,11621
Verney Stieger,2019-02-14,"['Passionate', 'Altruism']","['Procrastination', 'Distracted', 'Controlling']",No,Yes,Yes,Fail,Engineering,11622
Saxon Mctiernan,2019-02-19,"['Innovative', 'Determined', 'Listening']",['Sensitive'],Yes,Yes,Yes,Fail,Engineering,11623
Kaleb Cappel,2019-02-05,"['Perfectionism', 'Problem Solving']","['Conventional', 'Procrastination', 'Undisciplined']",Yes,Yes,Yes,Pass,Data,11624
Gussy Mathias,2019-02-06,"['Determined', 'Reliable']","['Sensitive', 'Conventional']",Yes,Yes,Yes,Pass,Data,11625
Hermann Caser,2019-02-26,"['Critical Thinking', 'Collaboration']",['Critical'],Yes,Yes,Yes,Pass,Data,11626
Verine Darter,2019-02-27,"['Collaboration', 'Ambitious', 'Perfectionism']","['Stubborn', 'Undisciplined']",Yes,No,Yes,Fail,Data,11627
Pace Delion,2019-02-20,['Empathy'],"['Slow', 'Sensitive', 'Competitive']",No,Yes,No,Fail,Data,11628
Rooney Sheldrick,2019-02-21,"['Critical Thinking', 'Competitive', 'Independent']","['Immature', 'Passive', 'Critical']",Yes,Yes,Yes,Pass,Data,11629
Tabitha Vowdon,2019-02-12,['Passionate'],"['Chaotic', 'Conventional', 'Chatty']",No,Yes,Yes,Fail,Engineering,11631
Alphard Marrison,2019-02-05,['Empathy'],"['Passive', 'Perfectionist', 'Stubborn']",Yes,Yes,No,Fail,Data,11632
Christy Kyston,2019-02-07,"['Consistent', 'Empathy']","['Indecisive', 'Immature', 'Conventional']",Yes,Yes,Yes,Pass,Business,11633
Inna Kidman,2019-02-12,"['Passionate', 'Critical Thinking']",['Stubborn'],Yes,Yes,Yes,Pass,Data,11634
Sammy Gowrie,2019-02-26,"['Efficient', 'Independent']","['Selfish', 'Distracted']",Yes,Yes,Yes,Pass,Engineering,11636
Zaneta Rowbottom,2019-02-27,['Perfectionism'],"['Slow', 'Sensitive', 'Anxious']",No,Yes,Yes,Fail,Data,11637
Solly Kollas,2019-02-14,"['Critical Thinking', 'Ambitious', 'Organisation']","['Impulsive', 'Passive']",Yes,Yes,Yes,Pass,Engineering,11638
Gaspard Dunn,2019-02-28,"['Consistent', 'Versatile', 'Perfectionism']",['Anxious'],Yes,Yes,Yes,Pass,Data,11639
Ali Shegog,2019-02-26,"['Independent', 'Altruism']","['Undisciplined', 'Indecisive', 'Conventional']",Yes,Yes,Yes,Pass,Engineering,11640
Liuka Drissell,2019-02-20,"['Problem Solving', 'Curious', 'Determined']","['Conventional', 'Impulsive']",Yes,Yes,Yes,Pass,Engineering,11641
Fabian Exell,2019-02-13,"['Listening', 'Efficient']","['Impatient', 'Perfectionist']",Yes,Yes,Yes,Pass,Engineering,11642
Howard Shipperbottom,2019-02-26,"['Altruism', 'Consistent']",['Chatty'],No,No,No,Fail,Engineering,11643
Fletcher Ayllett,2019-02-20,['Innovative'],['Introverted'],Yes,Yes,Yes,Pass,Data,11644
Kipp Le Huquet,2019-02-14,['Ambitious'],['Immature'],No,No,Yes,Fail,Business,11645
Marmaduke Bratch,2019-02-26,"['Perfectionism', 'Creative']","['Indifferent', 'Selfish']",Yes,Yes,Yes,Pass,Data,11646
Rici Willingale,2019-02-28,"['Rational', 'Competitive', 'Courteous']",['Introverted'],Yes,Yes,Yes,Fail,Business,11647
Randi Lebourn,2019-02-12,['Courteous'],"['Introverted', 'Distracted', 'Chatty']",No,Yes,Yes,Fail,Data,11648
Bryanty Croal,2019-02-06,['Listening'],['Impulsive'],Yes,Yes,Yes,Pass,Data,11649
Sonja Scibsey,2019-02-14,"['Creative', 'Empathy', 'Curious']","['Indecisive', 'Procrastination']",Yes,No,Yes,Fail,Business,11650
Elinore Dunnan,2019-02-19,['Ambitious'],"['Controlling', 'Procrastination', 'Immature']",Yes,Yes,Yes,Fail,Engineering,11651
Auguste Armstead,2019-02-28,['Independent'],['Procrastination'],Yes,Yes,Yes,Pass,Business,11652
Kiel Mcmullen,2019-02-12,"['Curious', 'Consistent']",['Selfish'],Yes,Yes,Yes,Pass,Data,11653
Kerby Tranfield,2019-02-28,['Innovative'],"['Procrastination', 'Anxious']",Yes,Yes,Yes,Pass,Data,11654
Jeromy Gauntley,2019-02-28,['Competitive'],['Intolerant'],Yes,No,Yes,Fail,Data,11655
Jacob Esley,2019-02-28,"['Curious', 'Critical Thinking']","['Passive', 'Controlling', 'Immature']",Yes,Yes,No,Fail,Engineering,11656
Alessandra Krollmann,2019-02-13,"['Problem Solving', 'Innovative', 'Creative']",['Perfectionist'],Yes,Yes,Yes,Pass,Engineering,11657
Hilary Foxen,2019-02-06,['Efficient'],"['Conventional', 'Chaotic', 'Slow']",Yes,Yes,Yes,Pass,Business,11658
Katleen Siddon,2019-02-28,"['Consistent', 'Organisation', 'Rational']","['Passive', 'Controlling']",Yes,Yes,Yes,Pass,Data,11659
Kendal Timmens,2019-02-27,"['Perfectionism', 'Determined', 'Consistent']","['Impatient', 'Immature']",No,Yes,Yes,Fail,Engineering,11660
Joy Critten,2019-02-05,"['Determined', 'Curious']","['Overbearing', 'Impulsive', 'Selfish']",Yes,Yes,Yes,Fail,Engineering,11661
Rosmunda Dionisetti,2019-02-28,"['Rational', 'Reliable']","['Controlling', 'Anxious']",Yes,Yes,Yes,Fail,Business,11662
Bryanty Garbutt,2019-02-21,"['Composure', 'Courteous']",['Introverted'],Yes,Yes,Yes,Pass,Data,11663
Ilaire Ord,2019-02-27,"['Listening', 'Empathy']",['Sensitive'],Yes,Yes,Yes,Pass,Business,11664
Hilarius Zywicki,2019-02-19,['Charisma'],['Undisciplined'],Yes,Yes,Yes,Pass,Engineering,11665
Vail Noen,2019-02-12,['Organisation'],['Chaotic'],Yes,Yes,Yes,Pass,Engineering,11666
Jilly Lampett,2019-02-07,"['Charisma', 'Courteous', 'Curious']",['Stubborn'],Yes,Yes,Yes,Pass,Business,11667
Elysee Mardoll,2019-02-19,['Passionate'],['Slow'],Yes,Yes,No,Fail,Data,11668
Cissy Arnoult,2019-02-20,"['Versatile', 'Independent', 'Passionate']",['Sensitive'],Yes,Yes,Yes,Pass,Data,11669
Weston Bakes,2019-02-26,"['Independent', 'Composure', 'Ambitious']","['Sensitive', 'Perfectionist']",Yes,Yes,Yes,Pass,Data,11670
Padget Gillyatt,2019-02-05,"['Passionate', 'Problem Solving', 'Creative']",['Indecisive'],Yes,Yes,Yes,Pass,Data,11671
Brinna Bridle,2019-02-21,"['Rational', 'Perfectionism']","['Critical', 'Procrastination', 'Chatty']",Yes,Yes,Yes,Pass,Engineering,11672
Emmalynn Valentetti,2019-02-05,['Determined'],"['Controlling', 'Passive']",Yes,Yes,Yes,Pass,Engineering,11674
Ealasaid Badcock,2019-02-26,"['Ambitious', 'Perfectionism']",['Undisciplined'],Yes,Yes,Yes,Pass,Engineering,11675
Stanfield Collison,2019-02-27,"['Passionate', 'Competitive']",['Undisciplined'],Yes,Yes,No,Fail,Data,11676
Edin Elie,2019-02-26,"['Patient', 'Rational']","['Anxious', 'Overbearing']",Yes,Yes,Yes,Pass,Data,11677
Ruy Wythill,2019-02-20,['Reliable'],"['Stubborn', 'Selfish', 'Passive']",Yes,Yes,Yes,Pass,Engineering,11678
Shawn Bowmer,2019-02-07,"['Listening', 'Empathy']",['Passive'],Yes,Yes,Yes,Pass,Data,11679
Marianne Pietruszka,2019-02-27,['Patient'],['Chatty'],Yes,Yes,Yes,Pass,Data,11680
Arley Pinnegar,2019-02-05,"['Innovative', 'Determined']",['Selfish'],Yes,Yes,No,Fail,Engineering,11681
Wash Mchaffy,2019-02-21,"['Composure', 'Problem Solving', 'Ambitious']","['Passive', 'Chaotic']",Yes,Yes,Yes,Pass,Data,11682
El Durante,2019-02-13,['Curious'],"['Indecisive', 'Anxious']",Yes,Yes,Yes,Pass,Data,11683
Benedick Arnhold,2019-02-13,"['Determined', 'Innovative']","['Procrastination', 'Conventional']",Yes,Yes,Yes,Pass,Business,11684
Shea Skillett,2019-02-19,['Creative'],"['Procrastination', 'Anxious', 'Chaotic']",Yes,Yes,Yes,Pass,Engineering,11685
Carmel Rishworth,2019-02-27,"['Consistent', 'Innovative']","['Impulsive', 'Stubborn']",Yes,Yes,Yes,Pass,Business,11686
Marika Massard,2019-02-26,"['Versatile', 'Innovative']","['Perfectionist', 'Passive', 'Stubborn']",No,Yes,Yes,Fail,Data,11687
Jasper Moehle,2019-02-27,"['Patient', 'Courteous', 'Altruism']",['Indifferent'],Yes,Yes,Yes,Pass,Business,11688
Luce Midden,2019-02-13,['Consistent'],"['Intolerant', 'Sensitive', 'Conventional']",No,Yes,Yes,Fail,Business,11689
Des Dimond,2019-02-07,['Composure'],"['Undisciplined', 'Anxious', 'Competitive']",Yes,Yes,Yes,Pass,Engineering,11690
Cleve Hallbord,2019-02-19,"['Composure', 'Empathy', 'Efficient']","['Slow', 'Passive']",Yes,Yes,Yes,Pass,Data,11691
Amos Vasnev,2019-02-13,['Rational'],['Chaotic'],No,Yes,Yes,Fail,Data,11692
Dukey Paddemore,2019-02-12,"['Organisation', 'Reliable']","['Sensitive', 'Passive', 'Introverted']",Yes,No,Yes,Fail,Business,11693
Elinore Bevis,2019-02-28,"['Rational', 'Consistent', 'Innovative']",['Introverted'],No,Yes,Yes,Fail,Engineering,11694
Felicity Biggans,2019-02-05,"['Rational', 'Efficient']","['Sensitive', 'Impulsive']",Yes,No,Yes,Fail,Data,11695
Gal Wallwood,2019-02-26,['Critical Thinking'],['Indecisive'],Yes,Yes,Yes,Pass,Engineering,11696
Easter Ragless,2019-02-14,"['Curious', 'Independent']","['Stubborn', 'Sensitive']",Yes,Yes,Yes,Pass,Engineering,11697
Othella Gorriessen,2019-02-21,"['Passionate', 'Reliable', 'Problem Solving']","['Slow', 'Selfish']",Yes,Yes,Yes,Pass,Engineering,11698
Idaline Gadeaux,2019-02-27,"['Versatile', 'Collaboration', 'Organisation']",['Indecisive'],Yes,Yes,Yes,Pass,Data,11699
Alfons Marchington,2019-02-14,"['Organisation', 'Versatile', 'Ambitious']","['Introverted', 'Undisciplined', 'Impatient']",Yes,Yes,Yes,Pass,Business,11700
Adolph Andreia,2019-02-27,"['Organisation', 'Innovative', 'Determined']","['Procrastination', 'Impatient']",Yes,Yes,Yes,Pass,Business,11701
Casar Broseman,2019-02-28,"['Reliable', 'Listening', 'Rational']","['Selfish', 'Undisciplined', 'Conventional']",Yes,Yes,Yes,Pass,Data,11702
Eydie Tanton,2019-02-14,"['Efficient', 'Courteous']","['Intolerant', 'Chaotic', 'Indecisive']",Yes,Yes,Yes,Pass,Data,11703
Aubert Greally,2019-02-12,"['Empathy', 'Efficient', 'Problem Solving']","['Conventional', 'Intolerant', 'Indifferent']",No,Yes,Yes,Fail,Data,11704
Colene Degli Antoni,2019-02-05,"['Competitive', 'Composure', 'Efficient']","['Impatient', 'Conventional']",Yes,Yes,Yes,Pass,Business,11705
Manya Ajsik,2019-02-12,"['Consistent', 'Ambitious', 'Innovative']",['Procrastination'],Yes,Yes,Yes,Pass,Data,11706
Ervin Jerche,2019-02-12,"['Organisation', 'Efficient']","['Introverted', 'Procrastination']",Yes,Yes,Yes,Pass,Engineering,11707
Gardiner Di Ruggiero,2019-02-07,"['Critical Thinking', 'Independent']","['Controlling', 'Procrastination']",Yes,Yes,Yes,Pass,Data,11708
Zak Hawes,2019-02-14,"['Ambitious', 'Versatile', 'Passionate']","['Overbearing', 'Distracted']",Yes,Yes,Yes,Pass,Engineering,11709
Silvester Caller,2019-02-13,['Rational'],"['Slow', 'Perfectionist', 'Indecisive']",Yes,Yes,Yes,Pass,Data,11710
Raimundo Stacey,2019-02-05,"['Versatile', 'Collaboration', 'Charisma']",['Indecisive'],Yes,Yes,Yes,Fail,Business,11711
Garrett Sprulls,2019-02-19,"['Altruism', 'Patient', 'Determined']","['Sensitive', 'Passive']",Yes,No,Yes,Fail,Engineering,11712
Felicio Mcgillivray,2019-02-05,['Composure'],"['Competitive', 'Undisciplined']",Yes,Yes,No,Fail,Engineering,11713
Bryanty Antonnikov,,"['Charisma', 'Courteous', 'Curious']","['Anxious', 'Procrastination']",Yes,Yes,No,Fail,Engineering,11714
Maggy O'Cleary,2019-02-26,['Efficient'],"['Slow', 'Chatty']",Yes,Yes,Yes,Pass,Business,11715
Costa Macvey,2019-02-06,"['Perfectionism', 'Composure']",['Indifferent'],Yes,Yes,Yes,Pass,Business,11716
Phillis Melin,2019-02-13,"['Composure', 'Courteous']","['Intolerant', 'Chaotic', 'Distracted']",Yes,Yes,Yes,Pass,Business,11717
Bobbye Hains,2019-02-26,"['Ambitious', 'Organisation']","['Perfectionist', 'Distracted']",Yes,Yes,Yes,Pass,Business,11718
Thorpe Pettett,2019-02-28,"['Creative', 'Charisma']","['Perfectionist', 'Indifferent']",Yes,Yes,Yes,Pass,Business,11719
Llywellyn Hoggins,2019-02-21,"['Perfectionism', 'Versatile']",['Impulsive'],Yes,Yes,Yes,Pass,Business,11720
Marni Mumberson,2019-02-06,['Rational'],"['Undisciplined', 'Distracted']",Yes,Yes,Yes,Pass,Engineering,11721
Corette Gislebert,2019-02-27,['Determined'],['Impulsive'],Yes,Yes,Yes,Pass,Engineering,11722
Abby Pallatina,2019-02-07,['Ambitious'],['Selfish'],Yes,Yes,Yes,Pass,Business,11723
Josy Nell,2019-02-07,['Ambitious'],['Immature'],Yes,Yes,Yes,Pass,Engineering,11724
Adiana Almey,2019-02-28,['Empathy'],"['Passive', 'Critical', 'Impatient']",Yes,Yes,Yes,Pass,Business,11725
Paxon Witcombe,2019-02-07,"['Composure', 'Collaboration']",['Critical'],Yes,Yes,Yes,Pass,Data,11726
Caryn Adriaan,2019-02-05,['Organisation'],"['Immature', 'Indifferent', 'Critical']",Yes,Yes,Yes,Pass,Engineering,11727
Broderic Bradick,2019-02-06,['Curious'],"['Undisciplined', 'Chatty']",Yes,Yes,Yes,Pass,Engineering,11728
Bond Kimmel,2019-02-07,"['Perfectionism', 'Determined']","['Immature', 'Intolerant']",Yes,Yes,Yes,Pass,Business,11729
Lorrin Filler,2019-02-21,"['Organisation', 'Listening']","['Passive', 'Indifferent', 'Perfectionist']",Yes,No,Yes,Fail,Engineering,11730
Shelba Westnage,2019-02-14,['Efficient'],['Stubborn'],Yes,Yes,Yes,Fail,Engineering,11731
Jacklyn Millhouse,2019-02-21,['Curious'],['Critical'],Yes,Yes,Yes,Pass,Engineering,11732
Jard Antonowicz,2019-02-26,"['Independent', 'Listening']","['Indifferent', 'Introverted']",Yes,Yes,Yes,Pass,Data,11733
Sampson Prettejohns,2019-02-27,"['Efficient', 'Innovative', 'Listening']","['Overbearing', 'Procrastination']",Yes,Yes,Yes,Fail,Engineering,11734
Allyn Mccrum,2019-02-12,"['Organisation', 'Passionate', 'Perfectionism']","['Competitive', 'Chaotic']",Yes,Yes,No,Fail,Business,11735
Norah Bowen,2019-02-26,['Rational'],"['Undisciplined', 'Selfish']",Yes,Yes,Yes,Pass,Business,11736
Diandra Searles,2019-02-05,"['Ambitious', 'Passionate']",['Undisciplined'],Yes,Yes,Yes,Pass,Business,11737
Andrey Lawlance,2019-02-05,['Determined'],"['Stubborn', 'Procrastination']",Yes,Yes,Yes,Pass,Business,11738
Hillel Connechie,2019-02-07,"['Passionate', 'Efficient', 'Charisma']","['Passive', 'Overbearing', 'Procrastination']",Yes,Yes,Yes,Pass,Data,11739
Gardie Charsley,2019-02-20,"['Collaboration', 'Reliable', 'Organisation']",['Immature'],Yes,Yes,Yes,Pass,Engineering,11740
Jozef Vedekhin,2019-02-19,"['Empathy', 'Creative']","['Controlling', 'Impatient']",Yes,Yes,Yes,Fail,Engineering,11741
Alick Padkin,2019-02-28,"['Problem Solving', 'Patient', 'Composure']","['Critical', 'Procrastination']",Yes,No,Yes,Fail,Engineering,11742
Edgardo Hemphall,2019-02-28,"['Reliable', 'Efficient']","['Selfish', 'Overbearing']",Yes,Yes,Yes,Pass,Engineering,11743
Carroll Benyon,2019-02-05,"['Empathy', 'Collaboration', 'Charisma']",['Indifferent'],Yes,Yes,Yes,Pass,Data,11744
Beverie Moberley,2019-01-22,"['Collaboration', 'Versatile', 'Problem Solving']","['Conventional', 'Slow']",Yes,Yes,Yes,Pass,Business,11745
Sue Barfitt,2019-01-10,['Reliable'],"['Anxious', 'Controlling', 'Immature']",Yes,Yes,Yes,Pass,Business,11746
Kiley Clavey,2019-01-31,"['Rational', 'Collaboration', 'Competitive']",['Chaotic'],Yes,No,Yes,Fail,Data,11747
Windham Biagi,2019-01-23,"['Patient', 'Critical Thinking']","['Distracted', 'Introverted']",Yes,Yes,Yes,Pass,Engineering,11748
Skippy Worrell,2019-01-29,"['Charisma', 'Curious', 'Efficient']","['Selfish', 'Stubborn']",Yes,Yes,Yes,Fail,Data,11749
Agneta Fantini,2019-01-17,"['Charisma', 'Perfectionism']",['Procrastination'],Yes,Yes,Yes,Pass,Business,11750
Tucky Duffet,2019-01-22,['Innovative'],"['Distracted', 'Sensitive']",Yes,Yes,Yes,Pass,Engineering,11751
Em Dun,2019-01-15,"['Innovative', 'Altruism']",['Indecisive'],Yes,Yes,Yes,Pass,Data,11752
Kit Oddboy,2019-01-24,"['Versatile', 'Reliable']","['Controlling', 'Passive', 'Perfectionist']",Yes,Yes,Yes,Pass,Business,11753
Lorianna Weinham,2019-01-16,['Collaboration'],['Slow'],Yes,Yes,Yes,Pass,Engineering,11754
Talya Placidi,2019-01-02,"['Composure', 'Independent']",['Conventional'],Yes,No,Yes,Fail,Business,11755
Andee Plowman,2019-01-30,"['Perfectionism', 'Determined']","['Chatty', 'Chaotic']",Yes,Yes,Yes,Pass,Data,11756
Mallory Challis,2019-01-30,"['Organisation', 'Ambitious', 'Efficient']",['Indecisive'],Yes,Yes,Yes,Pass,Data,11757
Zea Barette,2019-01-10,"['Ambitious', 'Collaboration']","['Procrastination', 'Anxious', 'Controlling']",Yes,Yes,No,Fail,Business,11758
Allyn Nazair,2019-01-29,"['Organisation', 'Independent', 'Rational']","['Overbearing', 'Undisciplined']",Yes,Yes,Yes,Pass,Business,11759
Almire Tewkesberry,2019-01-31,['Ambitious'],"['Competitive', 'Sensitive', 'Immature']",Yes,Yes,Yes,Pass,Business,11760
Ernst Gidney,2019-01-09,['Courteous'],"['Chaotic', 'Slow', 'Perfectionist']",No,Yes,Yes,Fail,Business,11761
Roxanne Edie,2019-01-16,"['Patient', 'Creative', 'Reliable']",['Perfectionist'],No,Yes,Yes,Fail,Data,11762
Tara Surmeir,2019-01-22,"['Ambitious', 'Perfectionism', 'Critical Thinking']","['Conventional', 'Chaotic', 'Passive']",Yes,Yes,Yes,Pass,Engineering,11763
Reeta Mcgawn,2019-01-03,"['Problem Solving', 'Rational']",['Anxious'],Yes,Yes,Yes,Pass,Data,11764
Cly Greatrex,2019-01-29,['Efficient'],"['Distracted', 'Introverted']",Yes,Yes,Yes,Pass,Data,11765
Kristin Hillborne,2019-01-22,['Competitive'],"['Introverted', 'Anxious']",Yes,Yes,Yes,Pass,Business,11766
Sibley Kneaphsey,2019-01-24,['Passionate'],"['Procrastination', 'Undisciplined', 'Chaotic']",Yes,Yes,Yes,Pass,Engineering,11767
Abigail Dunsmore,2019-01-16,"['Curious', 'Determined']","['Indecisive', 'Perfectionist']",Yes,Yes,Yes,Pass,Business,11768
Crysta Aikett,2019-01-02,['Determined'],['Impatient'],Yes,Yes,Yes,Pass,Data,11769
Abbie Clifton,2019-01-22,"['Creative', 'Versatile']",['Impatient'],Yes,Yes,No,Fail,Engineering,11770
Cassius Whatling,2019-01-29,"['Listening', 'Courteous']",['Critical'],Yes,Yes,Yes,Pass,Engineering,11771
Arte Dimbylow,2019-01-22,"['Consistent', 'Organisation', 'Independent']","['Competitive', 'Passive', 'Anxious']",No,Yes,Yes,Fail,Engineering,11772
Meggie Sidsaff,2019-01-10,"['Rational', 'Ambitious', 'Creative']",['Slow'],Yes,No,Yes,Fail,Engineering,11773
Lurleen Symson,2019-01-22,"['Collaboration', 'Passionate']","['Anxious', 'Indifferent']",Yes,Yes,Yes,Pass,Engineering,11774
Clemmie Kayley,2019-01-15,"['Ambitious', 'Listening']","['Slow', 'Chatty']",Yes,Yes,Yes,Pass,Engineering,11775
Thorny Uwins,2019-01-15,"['Passionate', 'Composure']","['Stubborn', 'Selfish']",Yes,No,Yes,Fail,Business,11776
Alonso Hulkes,2019-01-08,"['Composure', 'Problem Solving']","['Intolerant', 'Immature', 'Indifferent']",Yes,Yes,Yes,Pass,Business,11777
Edsel Gingell,2019-01-08,"['Patient', 'Curious', 'Creative']",['Perfectionist'],Yes,Yes,Yes,Pass,Engineering,11778
Goran Eton,2019-01-16,"['Critical Thinking', 'Altruism', 'Innovative']",['Stubborn'],Yes,Yes,Yes,Pass,Business,11779
Maxy Heeley,2019-01-30,"['Passionate', 'Efficient']","['Stubborn', 'Undisciplined', 'Perfectionist']",Yes,Yes,Yes,Fail,Data,11780
Gui Graine,2019-01-10,['Listening'],"['Perfectionist', 'Overbearing', 'Sensitive']",Yes,Yes,No,Fail,Engineering,11781
Stinky Goulter,2019-01-30,['Reliable'],"['Chaotic', 'Impulsive']",Yes,Yes,Yes,Pass,Data,11782
Carmelia Huzzay,2019-01-23,['Determined'],['Undisciplined'],Yes,Yes,Yes,Pass,Engineering,11783
Raquela Elcox,2019-01-16,['Courteous'],"['Competitive', 'Slow']",Yes,Yes,Yes,Pass,Data,11784
Rodrick Henworth,2019-01-03,['Curious'],['Introverted'],Yes,Yes,Yes,Pass,Engineering,11785
Salvidor Dalrymple,2019-01-29,"['Independent', 'Patient']","['Sensitive', 'Distracted']",No,Yes,Yes,Fail,Business,11786
Carolann Bumby,2019-01-10,['Competitive'],"['Controlling', 'Procrastination']",Yes,Yes,Yes,Pass,Business,11787
Briana Brader,2019-01-31,"['Determined', 'Creative', 'Charisma']","['Impatient', 'Indecisive', 'Passive']",Yes,Yes,Yes,Fail,Business,11788
Luther Waddilow,2019-01-23,"['Efficient', 'Reliable']","['Indifferent', 'Impatient', 'Passive']",No,Yes,Yes,Fail,Data,11789
Deonne Simionato,2019-01-31,"['Competitive', 'Courteous', 'Patient']","['Critical', 'Chatty']",Yes,Yes,Yes,Pass,Data,11790
Florance Nann,2019-01-03,"['Listening', 'Collaboration', 'Perfectionism']","['Selfish', 'Overbearing', 'Conventional']",Yes,Yes,Yes,Pass,Data,11791
Cozmo Abel,2019-01-31,"['Determined', 'Innovative', 'Competitive']","['Chaotic', 'Stubborn']",Yes,Yes,Yes,Fail,Business,11792
Dalila Hyett,2019-01-08,"['Collaboration', 'Efficient']",['Critical'],Yes,Yes,Yes,Fail,Business,11793
Dorey Mcquillan,2019-01-15,"['Composure', 'Reliable']",['Chatty'],Yes,Yes,Yes,Pass,Business,11794
Danya Sedgefield,2019-01-10,"['Problem Solving', 'Ambitious']",['Competitive'],Yes,Yes,Yes,Pass,Engineering,11795
Giorgio Piller,2019-01-22,"['Creative', 'Versatile']","['Chatty', 'Conventional', 'Chaotic']",Yes,Yes,No,Fail,Business,11796
Fran Gebbie,2019-01-24,"['Efficient', 'Organisation']",['Stubborn'],Yes,Yes,No,Fail,Data,11798
Rheta Assel,2019-01-02,['Independent'],"['Passive', 'Perfectionist', 'Overbearing']",Yes,Yes,Yes,Pass,Business,11799
Yolanda Fosse,2019-01-16,"['Passionate', 'Critical Thinking']","['Indecisive', 'Controlling', 'Introverted']",Yes,Yes,Yes,Pass,Business,11800
Lemmie Jendrich,2019-01-31,['Efficient'],['Overbearing'],No,Yes,Yes,Fail,Business,11801
Marga Simmig,2019-01-15,"['Altruism', 'Creative']","['Competitive', 'Immature', 'Controlling']",Yes,Yes,Yes,Pass,Business,11802
Merry Chesher,2019-01-30,"['Critical Thinking', 'Efficient', 'Competitive']","['Slow', 'Chaotic']",Yes,Yes,Yes,Pass,Business,11803
Sileas Golson,2019-01-29,['Courteous'],"['Perfectionist', 'Competitive', 'Sensitive']",Yes,Yes,Yes,Pass,Engineering,11804
Corri Pund,2019-01-16,"['Listening', 'Innovative']","['Introverted', 'Indecisive', 'Critical']",Yes,Yes,Yes,Pass,Engineering,11805
Abeu Rimmer,2019-01-22,"['Consistent', 'Empathy']",['Stubborn'],Yes,Yes,No,Fail,Engineering,11806
Pamela Gadman,2019-01-31,['Competitive'],['Conventional'],Yes,Yes,Yes,Fail,Data,11807
Cissy Deeble,2019-01-03,"['Determined', 'Curious', 'Creative']","['Sensitive', 'Competitive']",Yes,Yes,Yes,Pass,Data,11808
Stephan Bahls,2019-01-16,"['Listening', 'Rational', 'Creative']",['Chaotic'],Yes,Yes,Yes,Pass,Data,11809
Patrice Prescott,2019-01-24,['Passionate'],['Competitive'],Yes,Yes,Yes,Pass,Business,11810
Farrell Normington,2019-01-03,"['Creative', 'Curious']","['Passive', 'Immature']",Yes,No,Yes,Fail,Business,11811
Devland Benkin,2019-01-15,"['Critical Thinking', 'Perfectionism']",['Impatient'],Yes,Yes,Yes,Pass,Engineering,11812
Teddy Ham,2019-01-17,"['Versatile', 'Passionate', 'Efficient']","['Procrastination', 'Impatient', 'Stubborn']",Yes,Yes,Yes,Pass,Data,11813
Frank Tolchard,2019-01-10,['Empathy'],"['Conventional', 'Indifferent']",Yes,Yes,Yes,Pass,Business,11814
Hetti Beach,2019-01-23,"['Composure', 'Efficient', 'Passionate']","['Chaotic', 'Competitive']",Yes,Yes,Yes,Pass,Data,11815
Daphene Friedlos,,['Organisation'],"['Perfectionist', 'Impulsive']",Yes,Yes,Yes,Pass,Business,11816
Isac Bronger,2019-01-24,"['Collaboration', 'Ambitious', 'Critical Thinking']","['Chatty', 'Critical']",Yes,Yes,Yes,Pass,Business,11817
Vin Kattenhorn,2019-01-30,"['Versatile', 'Competitive', 'Perfectionism']","['Critical', 'Distracted']",Yes,Yes,No,Fail,Data,11818
Shelli Abbess,2019-01-10,"['Reliable', 'Perfectionism']","['Stubborn', 'Immature']",Yes,Yes,Yes,Pass,Data,11819
Caren Sterte,2019-01-29,"['Ambitious', 'Innovative', 'Consistent']",['Controlling'],Yes,Yes,No,Fail,Data,11820
Muhammad Garthland,2019-01-24,"['Critical Thinking', 'Listening']","['Immature', 'Intolerant', 'Impulsive']",Yes,Yes,Yes,Pass,Engineering,11821
Worth Kos,2019-01-15,"['Collaboration', 'Courteous', 'Perfectionism']",['Impatient'],Yes,Yes,Yes,Pass,Data,11822
Jacki Pinkstone,2019-01-23,"['Patient', 'Creative', 'Charisma']",['Slow'],Yes,Yes,Yes,Pass,Data,11823
Hernando Guage,2019-01-02,"['Passionate', 'Charisma', 'Composure']",['Undisciplined'],Yes,Yes,Yes,Pass,Engineering,11824
Franciska Davidy,2019-01-30,"['Reliable', 'Empathy']","['Passive', 'Chaotic', 'Critical']",No,Yes,Yes,Fail,Data,11825
Florinda Brabban,2019-01-22,"['Creative', 'Efficient', 'Reliable']",['Procrastination'],Yes,Yes,Yes,Pass,Business,11826
Kimble Bonde,2019-01-03,"['Passionate', 'Creative']","['Selfish', 'Overbearing']",Yes,Yes,Yes,Fail,Data,11827
Austin Brister,2019-01-23,"['Curious', 'Passionate']","['Chaotic', 'Intolerant', 'Passive']",Yes,Yes,Yes,Pass,Engineering,11828
Kelsey Cranke,2019-01-03,['Efficient'],"['Indifferent', 'Sensitive', 'Overbearing']",Yes,Yes,Yes,Pass,Engineering,11829
Samuel Simone,2019-01-23,['Competitive'],['Indecisive'],Yes,Yes,No,Fail,Business,11830
Berky Slatten,2019-01-08,['Listening'],"['Sensitive', 'Undisciplined']",Yes,Yes,Yes,Pass,Data,11831
Wit Napolitano,2019-01-09,"['Organisation', 'Consistent']","['Overbearing', 'Procrastination', 'Chaotic']",Yes,Yes,Yes,Pass,Business,11832
Lucita Pettman,2019-01-29,"['Problem Solving', 'Charisma']","['Introverted', 'Chatty']",Yes,Yes,Yes,Pass,Engineering,11833
Conchita Gumey,2019-01-16,['Altruism'],['Sensitive'],Yes,Yes,No,Fail,Business,11834
Ingeberg Othen,2019-01-16,['Curious'],"['Passive', 'Undisciplined', 'Overbearing']",No,Yes,Yes,Fail,Business,11835
Ambros Ethington,2019-01-10,['Competitive'],"['Anxious', 'Chatty']",Yes,Yes,Yes,Fail,Business,11836
Karia O'Toole,2019-01-03,"['Curious', 'Independent', 'Listening']","['Anxious', 'Slow', 'Chatty']",No,Yes,Yes,Fail,Data,11837
Adrianna Lyddiard,2019-01-29,['Ambitious'],"['Procrastination', 'Selfish', 'Chatty']",Yes,Yes,Yes,Pass,Engineering,11838
Leroi Shurmer,2019-01-02,"['Altruism', 'Independent']","['Impulsive', 'Critical', 'Anxious']",Yes,Yes,Yes,Fail,Data,11839
Regan Pittaway,2019-01-15,"['Ambitious', 'Consistent']","['Impulsive', 'Undisciplined', 'Procrastination']",Yes,No,Yes,Fail,Business,11840
Emmy Luckings,2019-01-02,"['Perfectionism', 'Independent', 'Patient']","['Impulsive', 'Distracted']",Yes,Yes,No,Fail,Engineering,11841
Linnea Dulling,2019-01-15,"['Creative', 'Independent', 'Curious']","['Chaotic', 'Indifferent']",Yes,Yes,Yes,Pass,Engineering,11842
Thornton Thuillier,2019-01-09,"['Critical Thinking', 'Composure']",['Chaotic'],Yes,Yes,Yes,Pass,Engineering,11843
Noah Petricek,2019-01-29,"['Problem Solving', 'Empathy']","['Chaotic', 'Conventional']",Yes,Yes,Yes,Pass,Business,11844
Harry Orcas,2019-01-02,"['Perfectionism', 'Empathy']","['Impulsive', 'Chatty', 'Stubborn']",Yes,Yes,No,Fail,Engineering,11845
Tobit Dowden,2019-01-08,"['Patient', 'Creative']","['Indifferent', 'Anxious', 'Intolerant']",Yes,Yes,Yes,Pass,Data,11846
Pet Wise,2019-01-31,"['Curious', 'Collaboration']","['Introverted', 'Competitive']",Yes,Yes,Yes,Fail,Business,11847
Sylvia Akett,2019-01-30,"['Charisma', 'Innovative', 'Ambitious']","['Stubborn', 'Controlling', 'Overbearing']",No,Yes,Yes,Fail,Business,11848
Daisi Scarlet,2019-01-30,"['Reliable', 'Competitive', 'Efficient']","['Perfectionist', 'Procrastination', 'Chaotic']",Yes,Yes,Yes,Pass,Data,11849
Patrice Masham,2019-01-09,"['Efficient', 'Problem Solving', 'Listening']","['Slow', 'Stubborn']",Yes,No,Yes,Fail,Engineering,11850
Garvin Dracey,2019-01-16,"['Organisation', 'Rational', 'Reliable']","['Critical', 'Selfish', 'Passive']",Yes,Yes,Yes,Pass,Data,11851
Bentlee Meugens,2019-01-08,"['Perfectionism', 'Problem Solving']",['Immature'],No,Yes,Yes,Fail,Engineering,11852
Garrott Demaine,2019-01-16,['Organisation'],"['Selfish', 'Overbearing', 'Impatient']",Yes,No,Yes,Fail,Engineering,11853
Roxanna Tunstall,2019-01-24,"['Critical Thinking', 'Passionate', 'Organisation']","['Slow', 'Impulsive', 'Conventional']",Yes,No,Yes,Fail,Data,11854
Melisandra Walling,2019-01-23,"['Consistent', 'Listening']",['Overbearing'],Yes,Yes,Yes,Pass,Business,11855
Abel Mcvaugh,2019-01-03,"['Efficient', 'Reliable', 'Composure']","['Sensitive', 'Procrastination']",Yes,Yes,Yes,Pass,Engineering,11856
Nestor Thornewill,2019-01-23,"['Reliable', 'Charisma', 'Courteous']","['Sensitive', 'Introverted', 'Impulsive']",Yes,Yes,Yes,Fail,Business,11857
Wilona Pammenter,2019-01-16,"['Ambitious', 'Creative']","['Overbearing', 'Distracted', 'Passive']",Yes,No,Yes,Fail,Data,11858
Davie Brahams,2019-01-03,['Listening'],"['Perfectionist', 'Critical', 'Overbearing']",No,Yes,Yes,Fail,Business,11859
Lynnett Swin,2019-01-16,"['Efficient', 'Critical Thinking', 'Determined']","['Overbearing', 'Undisciplined']",Yes,Yes,Yes,Pass,Business,11860
Gustaf Lude,2019-01-16,['Curious'],['Sensitive'],Yes,Yes,Yes,Pass,Business,11861
Halli Purcell,2019-01-29,"['Composure', 'Creative', 'Versatile']","['Overbearing', 'Anxious']",No,Yes,Yes,Fail,Business,11862
Tanner Byram,2019-01-09,['Determined'],"['Sensitive', 'Critical']",Yes,Yes,Yes,Pass,Data,11863
Lauretta Bartell,2019-01-17,"['Determined', 'Perfectionism']",['Controlling'],Yes,Yes,Yes,Pass,Engineering,11864
Ulick Pickervance,2019-01-31,"['Courteous', 'Competitive']","['Overbearing', 'Chatty', 'Perfectionist']",Yes,Yes,Yes,Pass,Business,11865
Sibbie Di Biasio,2019-01-22,"['Creative', 'Competitive', 'Passionate']",['Distracted'],No,Yes,Yes,Fail,Data,11866
Konrad Mccready,2019-01-24,['Patient'],['Slow'],Yes,Yes,Yes,Pass,Business,11867
Mariele Steedman,2019-01-02,"['Problem Solving', 'Innovative']",['Anxious'],Yes,No,Yes,Fail,Data,11868
Ximenez Chippin,2019-01-03,"['Consistent', 'Altruism']","['Passive', 'Sensitive', 'Selfish']",Yes,Yes,Yes,Pass,Engineering,11869
Ruben Mccoy,2019-01-22,"['Collaboration', 'Charisma']","['Intolerant', 'Controlling']",Yes,Yes,Yes,Pass,Data,11870
Sigrid Veitch,2019-01-02,['Altruism'],['Selfish'],Yes,Yes,Yes,Pass,Engineering,11871
Allegra Aspland,2019-01-02,"['Curious', 'Courteous', 'Consistent']",['Competitive'],Yes,No,No,Fail,Data,11872
Randall Waller,2019-01-16,"['Patient', 'Composure']","['Competitive', 'Undisciplined']",Yes,Yes,Yes,Pass,Data,11873
Thomasine Poundford,2019-01-16,"['Listening', 'Collaboration', 'Innovative']",['Passive'],Yes,Yes,Yes,Pass,Engineering,11874
Kelley Bourgeois,2019-01-23,"['Reliable', 'Curious']",['Competitive'],Yes,Yes,Yes,Fail,Business,11875
Anatole Peterffy,2019-01-16,['Competitive'],"['Stubborn', 'Anxious']",Yes,Yes,Yes,Pass,Engineering,11876
Hinze Treat,2019-01-23,"['Collaboration', 'Patient']",['Anxious'],Yes,Yes,Yes,Pass,Engineering,11877
Linoel Fissenden,2019-01-17,['Consistent'],"['Procrastination', 'Indifferent']",Yes,Yes,Yes,Pass,Business,11878
Alexandro Guyan,2019-01-29,"['Courteous', 'Consistent', 'Organisation']",['Overbearing'],Yes,Yes,Yes,Pass,Engineering,11879
Konstantin Fusco,2019-01-09,"['Versatile', 'Listening', 'Patient']","['Undisciplined', 'Stubborn', 'Procrastination']",Yes,No,No,Fail,Business,11880
Gardie Damsell,2019-01-29,['Critical Thinking'],"['Overbearing', 'Chatty']",No,Yes,Yes,Fail,Engineering,11881
Zoe Schlag,2019-01-24,"['Determined', 'Creative', 'Organisation']","['Slow', 'Impatient', 'Intolerant']",Yes,Yes,Yes,Pass,Data,11882
Pyotr De Zuani,2019-01-09,"['Curious', 'Creative', 'Empathy']","['Impatient', 'Chatty']",Yes,Yes,Yes,Pass,Data,11883
Simon Murrey,2019-01-16,"['Altruism', 'Organisation']","['Immature', 'Stubborn']",Yes,Yes,Yes,Pass,Business,11884
Thurston Venes,2019-01-24,"['Perfectionism', 'Collaboration', 'Courteous']","['Anxious', 'Slow', 'Indecisive']",Yes,Yes,Yes,Pass,Business,11885
Nanni Ashby,2019-01-03,"['Consistent', 'Rational', 'Courteous']","['Undisciplined', 'Distracted', 'Introverted']",Yes,No,Yes,Fail,Engineering,11886
Laetitia Poston,2019-01-09,"['Efficient', 'Versatile', 'Rational']","['Introverted', 'Impatient']",Yes,Yes,Yes,Pass,Engineering,11887
Reinaldos Rayne,2019-01-17,"['Critical Thinking', 'Passionate', 'Charisma']",['Impatient'],Yes,Yes,Yes,Pass,Data,11888
Allen Edelman,2019-01-23,"['Ambitious', 'Organisation']","['Indecisive', 'Conventional', 'Selfish']",Yes,Yes,Yes,Pass,Data,11889
Cheston Ceillier,2019-01-10,"['Creative', 'Competitive', 'Ambitious']","['Distracted', 'Passive', 'Competitive']",Yes,No,Yes,Fail,Engineering,11890
Johnette Durrans,2019-01-22,['Reliable'],"['Competitive', 'Selfish']",Yes,Yes,Yes,Pass,Engineering,11891
Layne Le Fleming,2019-01-08,['Ambitious'],"['Impatient', 'Competitive']",Yes,Yes,Yes,Pass,Business,11892
Zaccaria Bussons,2019-01-16,"['Versatile', 'Collaboration', 'Passionate']","['Conventional', 'Impulsive', 'Impatient']",No,Yes,No,Fail,Engineering,11893
Sylvan Asher,2019-01-17,"['Competitive', 'Rational']","['Impatient', 'Anxious']",Yes,Yes,Yes,Pass,Engineering,11894
Georgie Perel,2019-01-17,"['Empathy', 'Composure', 'Creative']","['Intolerant', 'Impulsive']",Yes,Yes,Yes,Pass,Engineering,11895
Sully Rechert,2019-01-29,"['Courteous', 'Charisma', 'Efficient']",['Slow'],Yes,Yes,Yes,Pass,Data,11896
Royall Stirley,2019-01-30,"['Passionate', 'Collaboration', 'Consistent']","['Passive', 'Sensitive', 'Selfish']",Yes,Yes,Yes,Pass,Engineering,11897
Kellie Althorp,2019-01-15,"['Critical Thinking', 'Versatile', 'Organisation']","['Impatient', 'Impulsive']",Yes,Yes,Yes,Pass,Data,11898
Jorry Varley,2019-01-24,"['Charisma', 'Creative', 'Perfectionism']","['Stubborn', 'Indifferent']",Yes,Yes,Yes,Pass,Engineering,11899
Bernadette Gerardi,2019-01-17,"['Creative', 'Ambitious', 'Courteous']","['Distracted', 'Slow', 'Conventional']",Yes,Yes,Yes,Pass,Data,11900
Hallie Robbeke,2019-01-24,['Listening'],"['Impatient', 'Slow']",Yes,Yes,No,Fail,Business,11901
Winnah Spooner,2019-01-23,"['Passionate', 'Organisation']",['Chatty'],Yes,Yes,Yes,Pass,Engineering,11902
Riccardo Oade,2019-01-29,"['Reliable', 'Listening', 'Innovative']",['Stubborn'],Yes,Yes,Yes,Fail,Data,11903
Bettye Di Napoli,2019-01-23,['Perfectionism'],"['Distracted', 'Anxious', 'Immature']",Yes,No,Yes,Fail,Engineering,11904
Lutero Winning,2019-01-24,"['Rational', 'Listening']","['Overbearing', 'Distracted']",Yes,No,Yes,Fail,Business,11905
Gwyn Baversor,2019-01-03,"['Composure', 'Rational']","['Stubborn', 'Overbearing']",Yes,Yes,No,Fail,Engineering,11906
Gilbertine Assaf,2019-01-03,"['Consistent', 'Efficient']",['Chatty'],Yes,Yes,Yes,Pass,Engineering,11907
Deni Roust,2019-01-30,"['Curious', 'Charisma', 'Efficient']",['Immature'],Yes,Yes,Yes,Pass,Business,11908
Babita Heigho,2019-01-10,"['Independent', 'Organisation']","['Introverted', 'Overbearing']",Yes,Yes,No,Fail,Business,11909
Candide Vannoort,2019-01-03,"['Altruism', 'Charisma']","['Conventional', 'Passive']",No,Yes,Yes,Fail,Data,11910
Sydney Renachowski,2019-01-09,"['Creative', 'Passionate', 'Ambitious']","['Undisciplined', 'Intolerant']",Yes,Yes,Yes,Fail,Engineering,11911
Vince Scott,2019-01-10,"['Altruism', 'Empathy', 'Creative']","['Indifferent', 'Undisciplined', 'Controlling']",Yes,Yes,Yes,Pass,Data,11912
Art Mitkin,2019-01-31,"['Empathy', 'Charisma']","['Distracted', 'Overbearing']",Yes,No,Yes,Fail,Business,11913
Trstram Goodyer,2019-01-16,"['Collaboration', 'Competitive']","['Anxious', 'Competitive']",No,Yes,Yes,Fail,Engineering,11914
Ronalda Richmond,2019-01-24,['Ambitious'],"['Selfish', 'Stubborn', 'Passive']",Yes,Yes,Yes,Pass,Engineering,11915
Sibley Addison,2019-01-31,['Innovative'],['Stubborn'],Yes,Yes,Yes,Pass,Engineering,11916
Hi Tee,2019-01-30,"['Empathy', 'Competitive']","['Chaotic', 'Competitive', 'Conventional']",Yes,Yes,Yes,Pass,Engineering,11917
Carey Severn,2019-01-29,"['Determined', 'Collaboration']",['Indecisive'],Yes,Yes,Yes,Pass,Business,11919
Foss Darycott,2019-01-08,"['Creative', 'Passionate']","['Sensitive', 'Perfectionist', 'Intolerant']",Yes,Yes,Yes,Fail,Engineering,11920
Leeland Looks,2019-01-03,['Curious'],['Indifferent'],Yes,Yes,Yes,Pass,Business,11921
Gelya Pyson,2019-01-17,['Reliable'],['Procrastination'],Yes,No,Yes,Fail,Business,11922
Olia Meugens,2019-01-03,"['Independent', 'Rational', 'Charisma']","['Distracted', 'Selfish', 'Anxious']",Yes,Yes,Yes,Pass,Business,11923
Theodosia Creenan,2019-01-16,['Reliable'],"['Passive', 'Chatty', 'Chaotic']",Yes,No,Yes,Fail,Data,11924
Aida Bothams,2019-01-17,"['Rational', 'Innovative', 'Empathy']","['Competitive', 'Indifferent']",Yes,Yes,Yes,Pass,Data,11925
Onida Tregear,2019-01-22,['Ambitious'],"['Overbearing', 'Procrastination', 'Competitive']",Yes,Yes,Yes,Pass,Data,11926
Salomon Costellow,2019-01-29,"['Curious', 'Passionate']",['Anxious'],Yes,Yes,Yes,Pass,Engineering,11927
Orion Ephgrave,2019-01-22,"['Collaboration', 'Problem Solving']",['Undisciplined'],Yes,Yes,No,Fail,Data,11928
Quintus Penella,2019-01-15,['Altruism'],"['Intolerant', 'Impulsive', 'Selfish']",Yes,Yes,Yes,Pass,Business,11929
Muffin Wigglesworth,2019-01-17,"['Critical Thinking', 'Ambitious', 'Curious']",['Chatty'],Yes,Yes,Yes,Pass,Engineering,11930
Agretha Deinert,2019-01-22,"['Innovative', 'Ambitious', 'Curious']",['Competitive'],No,Yes,Yes,Fail,Business,11931
Aindrea Davio,2019-01-31,['Competitive'],"['Impulsive', 'Slow', 'Passive']",Yes,Yes,Yes,Pass,Data,11932
Burg Flipek,2019-01-08,['Creative'],"['Sensitive', 'Indifferent', 'Passive']",Yes,Yes,Yes,Pass,Business,11933
Bary Boatman,2019-01-08,['Consistent'],['Controlling'],Yes,Yes,Yes,Fail,Engineering,11934
Ogdon Gonnelly,2019-01-03,['Composure'],"['Competitive', 'Impulsive']",Yes,Yes,No,Fail,Engineering,11935
Sybil Maydway,2019-01-24,"['Charisma', 'Competitive', 'Critical Thinking']","['Indecisive', 'Perfectionist']",Yes,Yes,Yes,Pass,Data,11936
Bart Godilington,2019-01-17,"['Ambitious', 'Altruism', 'Consistent']","['Slow', 'Chatty']",Yes,Yes,Yes,Pass,Business,11937
Jenda Fernandez,2019-01-30,['Determined'],"['Overbearing', 'Immature']",No,No,Yes,Fail,Engineering,11938
Kiah Pittwood,2019-01-24,"['Courteous', 'Critical Thinking', 'Curious']","['Controlling', 'Slow', 'Impulsive']",Yes,Yes,Yes,Pass,Business,11939
Stephan Jaxon,2019-01-10,"['Reliable', 'Curious', 'Passionate']","['Intolerant', 'Indecisive', 'Impatient']",Yes,Yes,Yes,Pass,Engineering,11940
Allianora Rowdell,2019-01-17,['Composure'],"['Perfectionist', 'Overbearing', 'Sensitive']",Yes,Yes,Yes,Pass,Engineering,11941
Orran Rofe,2019-01-09,"['Empathy', 'Collaboration', 'Organisation']","['Controlling', 'Competitive', 'Conventional']",Yes,Yes,Yes,Pass,Business,11942
Randy Semken,2019-01-17,['Consistent'],"['Conventional', 'Impatient']",Yes,Yes,Yes,Pass,Data,11943
Gaspard Alvaro,2019-01-22,"['Curious', 'Empathy']","['Passive', 'Selfish']",No,Yes,Yes,Fail,Engineering,11944
Ricca Sowden,2019-01-16,['Altruism'],['Passive'],Yes,Yes,Yes,Fail,Data,11945
Gardner Kienle,2019-01-09,['Curious'],['Passive'],Yes,No,Yes,Fail,Engineering,11946
Guillermo Riha,2019-01-15,"['Altruism', 'Patient', 'Consistent']","['Introverted', 'Distracted']",Yes,Yes,Yes,Pass,Engineering,11947
Wakefield Jeves,2019-01-17,"['Versatile', 'Rational', 'Curious']",['Indecisive'],Yes,Yes,Yes,Pass,Engineering,11948
Craig Ferriby,2019-01-24,"['Consistent', 'Independent']","['Undisciplined', 'Stubborn', 'Impulsive']",No,Yes,Yes,Fail,Data,11949
Katinka Macrow,2019-01-22,"['Altruism', 'Determined', 'Collaboration']","['Immature', 'Chatty']",Yes,Yes,Yes,Fail,Data,11950
Mel Lafontaine,2019-01-24,"['Patient', 'Perfectionism']","['Anxious', 'Sensitive']",Yes,Yes,Yes,Pass,Data,11951
Drona Lemonby,2019-01-16,"['Charisma', 'Critical Thinking']","['Distracted', 'Introverted', 'Passive']",Yes,Yes,Yes,Pass,Business,11952
Nettie Civitillo,2019-01-17,"['Problem Solving', 'Collaboration']",['Intolerant'],Yes,Yes,Yes,Pass,Data,11953
Kalli Mcgarrie,2019-01-29,['Listening'],"['Passive', 'Slow', 'Overbearing']",Yes,Yes,Yes,Pass,Engineering,11954
Pascale Snelgrove,2019-01-23,"['Curious', 'Independent']","['Procrastination', 'Chatty']",Yes,Yes,Yes,Pass,Business,11955
Bernelle Longhorne,2019-01-23,['Problem Solving'],['Procrastination'],Yes,Yes,Yes,Pass,Engineering,11956
Valeda Adshad,2019-01-08,"['Collaboration', 'Competitive', 'Efficient']",['Passive'],Yes,Yes,Yes,Pass,Business,11957
Barnabas Crinion,2019-01-17,"['Reliable', 'Independent', 'Charisma']",['Procrastination'],Yes,Yes,Yes,Pass,Data,11958
Wanids Simison,2019-01-15,"['Efficient', 'Composure']","['Competitive', 'Sensitive']",Yes,No,No,Fail,Business,11959
Alexander Johnstone,2019-01-08,"['Empathy', 'Courteous', 'Altruism']",['Anxious'],Yes,Yes,Yes,Pass,Business,11960
Aviva Duddan,2019-01-23,"['Creative', 'Collaboration']",['Impulsive'],Yes,Yes,Yes,Fail,Data,11961
Tyrone Bailes,2019-01-30,['Problem Solving'],['Chaotic'],Yes,Yes,Yes,Pass,Business,11962
Jena Attard,2019-01-08,"['Creative', 'Innovative']","['Critical', 'Introverted', 'Passive']",Yes,Yes,Yes,Fail,Business,11963
Kylynn Jewes,2019-01-17,['Efficient'],"['Distracted', 'Chaotic']",No,Yes,Yes,Fail,Business,11964
Daryle Janoch,2019-01-31,['Perfectionism'],['Impatient'],Yes,Yes,Yes,Pass,Engineering,11965
Ivory Linnemann,2019-01-22,"['Charisma', 'Efficient', 'Curious']","['Indifferent', 'Anxious']",Yes,Yes,Yes,Pass,Data,11966
Loy Mulvy,2019-01-30,"['Curious', 'Patient', 'Innovative']","['Chatty', 'Overbearing', 'Controlling']",Yes,Yes,Yes,Pass,Engineering,11967
Marlon Tomala,2019-01-24,['Determined'],['Conventional'],Yes,Yes,Yes,Fail,Data,11968
Kincaid Osipov,2019-01-02,['Innovative'],['Passive'],Yes,Yes,Yes,Pass,Engineering,11969
Olin Gariff,2019-01-24,"['Organisation', 'Curious', 'Efficient']","['Immature', 'Conventional', 'Slow']",Yes,Yes,Yes,Fail,Business,11971
Reggie Lawlor,2019-01-08,['Problem Solving'],"['Indecisive', 'Anxious']",Yes,Yes,Yes,Pass,Engineering,11972
Carlo Twining,2019-01-30,"['Independent', 'Perfectionism', 'Competitive']","['Distracted', 'Undisciplined']",No,Yes,No,Fail,Business,11973
Farley Nuccitelli,2019-01-22,['Rational'],"['Intolerant', 'Selfish']",Yes,Yes,Yes,Pass,Business,11974
Wendy Ducastel,2019-01-23,"['Independent', 'Patient', 'Courteous']","['Distracted', 'Perfectionist']",Yes,Yes,Yes,Pass,Engineering,11975
Sal Curee,2019-01-09,"['Collaboration', 'Rational']",['Overbearing'],Yes,Yes,Yes,Pass,Business,11976
Gayel Meineking,2019-01-29,"['Patient', 'Determined']","['Distracted', 'Introverted', 'Critical']",Yes,Yes,Yes,Pass,Business,11977
Gerhard Mcgrath,2019-01-31,['Rational'],"['Critical', 'Procrastination']",Yes,Yes,Yes,Pass,Business,11978
Ced Danielut,2019-01-22,"['Charisma', 'Organisation', 'Ambitious']",['Controlling'],Yes,Yes,Yes,Pass,Engineering,11979
Cory Greene,2019-01-16,"['Organisation', 'Ambitious', 'Listening']","['Conventional', 'Slow']",Yes,Yes,Yes,Pass,Data,11980
Archaimbaud Buller,2019-01-17,['Altruism'],['Indecisive'],Yes,Yes,No,Fail,Business,11981
Abbe Hanny,2019-03-26,['Passionate'],['Undisciplined'],Yes,Yes,Yes,Pass,Data,11982
Eimile Pincott,2019-03-12,"['Independent', 'Reliable', 'Courteous']",['Undisciplined'],Yes,Yes,Yes,Pass,Engineering,11983
Constancia Tesauro,2019-03-06,"['Courteous', 'Collaboration', 'Organisation']","['Indifferent', 'Controlling', 'Impatient']",Yes,Yes,Yes,Pass,Data,11984
Cordey Rigardeau,2019-03-28,"['Determined', 'Passionate']",['Chaotic'],Yes,Yes,Yes,Pass,Business,11985
Gun Cargill,2019-03-21,['Passionate'],['Chatty'],Yes,Yes,Yes,Pass,Business,11986
Tonia Goodie,2019-03-19,"['Collaboration', 'Altruism', 'Passionate']",['Slow'],Yes,Yes,Yes,Pass,Data,11987
Christyna Thirlwell,2019-03-07,"['Independent', 'Collaboration']",['Chatty'],Yes,Yes,Yes,Pass,Business,11988
Henrik Mott,2019-03-19,['Efficient'],['Procrastination'],Yes,Yes,Yes,Pass,Engineering,11989
Romeo Roache,2019-03-28,['Competitive'],"['Critical', 'Chaotic', 'Introverted']",Yes,Yes,Yes,Pass,Business,11990
Ken Gotter,2019-03-21,"['Listening', 'Empathy', 'Charisma']","['Perfectionist', 'Indifferent']",Yes,Yes,Yes,Pass,Business,11991
Kiele Letford,2019-03-12,['Versatile'],"['Indecisive', 'Introverted']",Yes,Yes,Yes,Pass,Engineering,11993
Harrison Macnamee,2019-03-12,"['Competitive', 'Composure', 'Empathy']","['Stubborn', 'Competitive']",Yes,Yes,Yes,Pass,Business,11994
Bunni Locard,2019-03-28,"['Consistent', 'Perfectionism']","['Impatient', 'Overbearing', 'Distracted']",Yes,Yes,Yes,Pass,Engineering,11995
Farley Hearnes,2019-03-20,"['Rational', 'Critical Thinking', 'Ambitious']","['Immature', 'Impulsive', 'Controlling']",Yes,Yes,No,Fail,Engineering,11996
Anica Vallis,2019-03-26,['Composure'],"['Critical', 'Conventional']",Yes,Yes,Yes,Pass,Data,11997
Willy Murphey,2019-03-19,"['Patient', 'Problem Solving', 'Charisma']",['Anxious'],Yes,Yes,Yes,Pass,Engineering,11998
Randee Mackison,2019-03-07,['Problem Solving'],"['Impulsive', 'Immature', 'Critical']",Yes,No,Yes,Fail,Engineering,11999
Franciskus Lethardy,2019-03-27,"['Consistent', 'Charisma', 'Listening']",['Overbearing'],Yes,Yes,Yes,Pass,Business,12000
Lilian Eyer,2019-03-06,"['Listening', 'Critical Thinking', 'Independent']","['Impulsive', 'Indecisive']",Yes,Yes,Yes,Pass,Engineering,12001
Roselia Tanswell,2019-03-13,"['Creative', 'Reliable', 'Altruism']","['Chatty', 'Conventional']",Yes,Yes,Yes,Pass,Data,12002
Ingelbert Fri,2019-03-07,['Reliable'],"['Distracted', 'Selfish', 'Intolerant']",Yes,Yes,Yes,Pass,Data,12003
Corrie Duiguid,2019-03-20,"['Altruism', 'Competitive']",['Passive'],Yes,Yes,Yes,Pass,Data,12004
Frankie Mabee,2019-03-27,['Problem Solving'],['Critical'],Yes,Yes,Yes,Pass,Business,12005
Stefan Insley,2019-03-13,['Patient'],"['Stubborn', 'Anxious', 'Conventional']",Yes,Yes,Yes,Pass,Engineering,12006
Zacharias Arnauduc,2019-03-07,"['Perfectionism', 'Curious', 'Listening']","['Perfectionist', 'Impatient']",No,Yes,No,Fail,Business,12007
Quinton Kuhnt,2019-03-26,"['Organisation', 'Charisma', 'Problem Solving']","['Slow', 'Intolerant']",Yes,Yes,Yes,Pass,Business,12008
Ferdie Glyne,2019-03-27,['Perfectionism'],"['Passive', 'Anxious', 'Impatient']",Yes,Yes,Yes,Pass,Data,12009
Rhonda Revance,2019-03-07,"['Efficient', 'Perfectionism', 'Empathy']","['Controlling', 'Immature', 'Selfish']",Yes,Yes,Yes,Pass,Engineering,12010
Bary Brambley,2019-03-07,['Passionate'],['Intolerant'],Yes,Yes,No,Fail,Data,12011
Jeromy Mebius,2019-03-19,"['Innovative', 'Passionate']","['Passive', 'Critical']",Yes,Yes,Yes,Fail,Business,12012
Gavin Sides,2019-03-26,"['Collaboration', 'Patient']",['Indifferent'],No,Yes,Yes,Fail,Business,12013
Audi Westmacott,2019-03-07,"['Innovative', 'Versatile']","['Indecisive', 'Competitive', 'Introverted']",Yes,Yes,Yes,Pass,Business,12014
Burtie Irnys,2019-03-20,"['Organisation', 'Listening', 'Determined']",['Overbearing'],Yes,No,No,Fail,Data,12015
Eliot Frank,2019-03-19,['Independent'],"['Slow', 'Undisciplined', 'Indecisive']",Yes,Yes,Yes,Pass,Business,12016
Neall Stuehmeyer,2019-03-06,"['Courteous', 'Ambitious']","['Controlling', 'Anxious']",No,Yes,Yes,Fail,Data,12017
Penni Grioli,2019-03-05,"['Efficient', 'Altruism']","['Perfectionist', 'Intolerant', 'Critical']",Yes,Yes,Yes,Pass,Data,12018
Joletta Matzaitis,2019-03-20,['Altruism'],['Slow'],Yes,Yes,Yes,Pass,Business,12019
Ofelia Helm,2019-03-20,['Ambitious'],"['Immature', 'Indifferent']",Yes,Yes,Yes,Pass,Business,12020
Anselm Marrow,2019-03-14,"['Critical Thinking', 'Charisma', 'Listening']","['Introverted', 'Anxious', 'Slow']",Yes,Yes,Yes,Fail,Engineering,12021
Farris Gogerty,2019-03-06,['Determined'],['Impulsive'],Yes,Yes,Yes,Pass,Engineering,12022
Honoria Staziker,2019-03-07,"['Charisma', 'Innovative']","['Indifferent', 'Passive']",Yes,Yes,Yes,Pass,Engineering,12023
Angeline Rewbottom,2019-03-12,['Charisma'],"['Perfectionist', 'Overbearing', 'Immature']",Yes,No,Yes,Fail,Engineering,12024
Alan Heald,2019-03-28,"['Composure', 'Problem Solving']",['Impatient'],Yes,Yes,Yes,Pass,Engineering,12025
Sholom Banting,2019-03-20,"['Ambitious', 'Courteous', 'Altruism']","['Passive', 'Sensitive', 'Procrastination']",Yes,Yes,Yes,Pass,Engineering,12026
Tonia Oakes,2019-03-12,['Collaboration'],"['Indecisive', 'Chatty', 'Overbearing']",Yes,Yes,Yes,Pass,Engineering,12027
Delmore O'Loinn,2019-03-13,"['Competitive', 'Charisma']","['Stubborn', 'Selfish', 'Overbearing']",No,Yes,No,Fail,Business,12028
Vale Fishbie,2019-03-05,"['Ambitious', 'Innovative']","['Impulsive', 'Anxious', 'Introverted']",Yes,Yes,Yes,Pass,Engineering,12029
Heindrick Keay,2019-03-07,"['Curious', 'Efficient']","['Intolerant', 'Immature', 'Anxious']",Yes,No,Yes,Fail,Engineering,12030
Nikoletta Mccaffrey,2019-03-06,"['Empathy', 'Determined', 'Innovative']","['Perfectionist', 'Indifferent']",Yes,Yes,No,Fail,Business,12031
Roze Somerbell,2019-03-28,"['Problem Solving', 'Competitive', 'Creative']","['Immature', 'Procrastination']",Yes,Yes,Yes,Pass,Business,12032
Ganny Brumham,2019-03-19,"['Critical Thinking', 'Rational', 'Curious']","['Distracted', 'Chatty', 'Overbearing']",Yes,Yes,Yes,Pass,Data,12033
Hamilton Godbehere,2019-03-20,['Critical Thinking'],['Slow'],Yes,Yes,Yes,Pass,Engineering,12034
Olivia Dobrowski,2019-03-06,"['Efficient', 'Altruism']",['Anxious'],Yes,Yes,Yes,Pass,Data,12035
Gabie Maletratt,2019-03-05,"['Organisation', 'Versatile', 'Rational']","['Distracted', 'Undisciplined']",Yes,No,Yes,Fail,Business,12036
Jeniece Petty,2019-03-12,"['Passionate', 'Curious', 'Competitive']",['Sensitive'],Yes,Yes,Yes,Pass,Data,12037
Ezequiel Gutch,2019-03-28,['Patient'],"['Overbearing', 'Anxious', 'Immature']",Yes,Yes,Yes,Pass,Data,12038
Vinnie Gimbrett,2019-03-05,"['Determined', 'Innovative', 'Charisma']",['Impatient'],Yes,Yes,Yes,Fail,Data,12039
Britte Kelleway,2019-03-21,['Rational'],"['Introverted', 'Sensitive', 'Passive']",Yes,Yes,Yes,Pass,Engineering,12040
Laural O'Teague,2019-03-13,"['Ambitious', 'Altruism']","['Sensitive', 'Indecisive']",Yes,Yes,No,Fail,Engineering,12041
Vanda Boate,2019-03-05,['Empathy'],"['Anxious', 'Impulsive', 'Sensitive']",Yes,Yes,Yes,Pass,Engineering,12042
Verne Francescuzzi,2019-03-07,"['Empathy', 'Composure']",['Anxious'],Yes,Yes,Yes,Pass,Business,12043
Gasparo Overill,2019-03-27,['Competitive'],"['Indifferent', 'Introverted']",Yes,Yes,Yes,Pass,Data,12044
Lyndsie Bailles,2019-03-13,"['Rational', 'Competitive']","['Introverted', 'Overbearing', 'Sensitive']",Yes,Yes,Yes,Pass,Business,12045
Tyson Spyby,2019-03-21,['Altruism'],"['Introverted', 'Anxious', 'Passive']",No,Yes,No,Fail,Engineering,12046
Callie Glasscock,2019-03-05,['Ambitious'],"['Sensitive', 'Impatient', 'Distracted']",Yes,Yes,Yes,Pass,Business,12047
Cassondra Triplet,2019-03-13,['Perfectionism'],"['Chatty', 'Competitive']",Yes,Yes,Yes,Pass,Engineering,12048
Dix Dinan,2019-03-06,"['Empathy', 'Determined', 'Patient']",['Conventional'],Yes,Yes,Yes,Pass,Data,12049
Umeko Sydall,2019-03-13,['Efficient'],['Anxious'],Yes,Yes,No,Fail,Engineering,12050
Darb Heinssen,2019-03-27,['Altruism'],"['Competitive', 'Indecisive']",Yes,No,Yes,Fail,Business,12051
Tildi Dallicoat,2019-03-12,['Charisma'],"['Distracted', 'Controlling']",Yes,Yes,Yes,Pass,Business,12052
Chancey Morey,2019-03-28,['Independent'],['Immature'],Yes,Yes,Yes,Pass,Business,12053
Lisha Keaveny,2019-03-12,"['Empathy', 'Efficient', 'Determined']",['Chaotic'],Yes,No,Yes,Fail,Data,12054
Cyrill Wilkison,2019-03-26,"['Independent', 'Rational']",['Intolerant'],No,Yes,Yes,Fail,Data,12055
Ainslie Simeon,2019-03-07,['Patient'],['Undisciplined'],Yes,Yes,Yes,Pass,Engineering,12056
Rhea Cleynman,2019-03-21,"['Competitive', 'Collaboration', 'Consistent']",['Distracted'],Yes,Yes,Yes,Pass,Business,12057
Cornelia Cowley,2019-03-14,"['Charisma', 'Patient']","['Intolerant', 'Perfectionist', 'Sensitive']",Yes,Yes,No,Fail,Business,12058
Leonhard Filkin,2019-03-28,['Versatile'],"['Selfish', 'Distracted']",Yes,Yes,Yes,Fail,Data,12059
Mahala Benadette,2019-03-21,"['Altruism', 'Competitive']",['Procrastination'],Yes,No,Yes,Fail,Engineering,12060
Halsy Hursthouse,2019-03-06,['Versatile'],"['Indifferent', 'Anxious', 'Slow']",Yes,Yes,Yes,Pass,Engineering,12061
Inessa Mccurtin,2019-03-12,['Collaboration'],['Competitive'],Yes,No,Yes,Fail,Business,12062
Nada Niese,2019-03-28,"['Perfectionism', 'Altruism']","['Distracted', 'Impatient', 'Impulsive']",No,Yes,No,Fail,Engineering,12063
Eleonora Bleazard,2019-03-05,"['Efficient', 'Competitive']","['Overbearing', 'Chaotic', 'Slow']",Yes,Yes,Yes,Pass,Engineering,12064
Latrina Shingler,2019-03-06,"['Versatile', 'Problem Solving']","['Impatient', 'Selfish']",Yes,Yes,Yes,Pass,Data,12065
Zitella Hembery,2019-03-19,['Rational'],"['Stubborn', 'Overbearing', 'Distracted']",Yes,Yes,Yes,Pass,Engineering,12066
Elfreda Aburrow,2019-03-19,"['Creative', 'Independent']",['Sensitive'],Yes,Yes,Yes,Pass,Data,12067
Xerxes Dobrowlski,2019-03-12,['Efficient'],"['Undisciplined', 'Selfish', 'Sensitive']",Yes,Yes,No,Fail,Business,12068
Isahella Haddleston,2019-03-28,['Patient'],"['Anxious', 'Impatient', 'Chaotic']",No,Yes,Yes,Fail,Data,12069
Stephani Libby,2019-03-27,"['Empathy', 'Determined']","['Sensitive', 'Intolerant', 'Undisciplined']",Yes,No,Yes,Fail,Business,12070
Bette-Ann Lemmers,2019-03-19,"['Altruism', 'Charisma']","['Undisciplined', 'Competitive']",Yes,No,No,Fail,Data,12071
Romona Buye,2019-03-19,"['Courteous', 'Creative']","['Indifferent', 'Distracted']",Yes,Yes,Yes,Pass,Business,12072
Whitney Woodger,2019-03-27,"['Altruism', 'Patient', 'Independent']","['Anxious', 'Conventional']",Yes,Yes,Yes,Pass,Data,12073
Carmelina Thorington,2019-03-19,"['Critical Thinking', 'Composure', 'Problem Solving']","['Perfectionist', 'Selfish']",Yes,No,Yes,Fail,Data,12074
Royal Lougheed,2019-03-21,"['Perfectionism', 'Curious']",['Critical'],Yes,Yes,Yes,Pass,Engineering,12075
Damaris Vallance,2019-03-13,"['Listening', 'Consistent', 'Courteous']","['Controlling', 'Perfectionist', 'Anxious']",Yes,Yes,Yes,Pass,Data,12076
Stacee Kidson,2019-03-21,"['Altruism', 'Competitive']","['Critical', 'Impulsive']",Yes,Yes,Yes,Pass,Data,12077
Kial Gowdy,2019-03-06,['Listening'],"['Conventional', 'Competitive']",Yes,Yes,Yes,Pass,Data,12078
Ernie Proschek,2019-03-28,"['Critical Thinking', 'Innovative', 'Ambitious']","['Overbearing', 'Controlling']",Yes,No,Yes,Fail,Business,12079
Teodoor Fleay,2019-03-26,"['Perfectionism', 'Courteous', 'Rational']","['Controlling', 'Passive']",No,Yes,Yes,Fail,Business,12080
Lotte Witherop,2019-03-12,['Determined'],"['Impatient', 'Intolerant', 'Overbearing']",Yes,Yes,Yes,Pass,Engineering,12081
Kassia Wynch,2019-03-26,"['Critical Thinking', 'Composure', 'Perfectionism']",['Critical'],Yes,Yes,Yes,Pass,Data,12082
Lia Ginnaly,2019-03-21,"['Competitive', 'Listening']","['Stubborn', 'Slow', 'Intolerant']",Yes,Yes,Yes,Pass,Data,12083
Rozamond Wilton,2019-03-27,"['Problem Solving', 'Collaboration', 'Efficient']","['Conventional', 'Slow']",Yes,Yes,Yes,Pass,Engineering,12084
Michele Gonsalvo,2019-03-14,['Composure'],"['Slow', 'Indifferent', 'Procrastination']",Yes,Yes,Yes,Pass,Engineering,12085
Betteann Bridgeland,2019-03-12,"['Consistent', 'Patient']","['Chaotic', 'Controlling']",No,Yes,Yes,Fail,Data,12086
Aubert Cawtheray,2019-03-27,['Competitive'],['Slow'],Yes,Yes,Yes,Pass,Business,12087
Yulma Kerrey,2019-03-20,['Independent'],"['Critical', 'Passive', 'Indecisive']",Yes,No,Yes,Fail,Business,12088
Roxanna Rashleigh,2019-03-12,"['Listening', 'Creative', 'Problem Solving']",['Perfectionist'],Yes,Yes,Yes,Pass,Engineering,12089
Tracey Spratley,2019-03-19,"['Problem Solving', 'Perfectionism']","['Chatty', 'Indecisive']",Yes,Yes,Yes,Pass,Engineering,12090
Anastasia Howsam,2019-03-05,['Innovative'],"['Chaotic', 'Perfectionist', 'Undisciplined']",No,Yes,Yes,Fail,Engineering,12091
Weylin Culpin,2019-03-05,"['Independent', 'Patient']","['Indifferent', 'Impatient']",Yes,Yes,Yes,Pass,Business,12092
Pepe Bendig,2019-03-21,"['Reliable', 'Competitive', 'Consistent']","['Selfish', 'Chatty', 'Chaotic']",Yes,Yes,Yes,Pass,Engineering,12093
Haskell Mcdonnell,2019-03-06,['Composure'],['Indifferent'],Yes,Yes,Yes,Pass,Data,12094
Avivah Lynas,2019-03-14,['Altruism'],"['Critical', 'Chatty']",Yes,Yes,Yes,Pass,Engineering,12095
Aleece Addicott,2019-03-28,"['Versatile', 'Efficient', 'Organisation']","['Chatty', 'Procrastination', 'Stubborn']",Yes,Yes,Yes,Fail,Business,12096
Aidan Elrick,2019-03-05,"['Listening', 'Creative']",['Controlling'],Yes,Yes,No,Fail,Engineering,12097
Hughie Yeliashev,2019-03-19,['Innovative'],"['Introverted', 'Indifferent', 'Impulsive']",Yes,Yes,Yes,Pass,Engineering,12099
Elsa Hallgarth,2019-03-27,"['Consistent', 'Altruism']",['Selfish'],Yes,Yes,Yes,Fail,Business,12100
Evin Bennallck,2019-03-19,"['Ambitious', 'Passionate', 'Efficient']","['Chatty', 'Stubborn', 'Impatient']",Yes,Yes,Yes,Pass,Data,12101
Elfreda Colomb,2019-03-06,"['Altruism', 'Competitive', 'Perfectionism']","['Stubborn', 'Impulsive', 'Critical']",Yes,Yes,Yes,Pass,Data,12102
Pam Hupka,2019-03-06,['Passionate'],"['Controlling', 'Impulsive']",Yes,Yes,Yes,Pass,Business,12103
Michail Arkle,2019-03-07,"['Courteous', 'Collaboration']",['Anxious'],No,Yes,Yes,Fail,Business,12104
Garth Messager,2019-03-12,"['Competitive', 'Courteous']","['Distracted', 'Chaotic']",Yes,Yes,Yes,Pass,Data,12105
Antoni Sparhawk,2019-03-13,"['Curious', 'Versatile']","['Critical', 'Chaotic']",Yes,Yes,Yes,Pass,Engineering,12106
Candida Chilley,2019-03-07,"['Rational', 'Creative', 'Collaboration']",['Undisciplined'],Yes,Yes,Yes,Pass,Data,12107
Eugenie Innocenti,2019-03-12,['Versatile'],['Conventional'],Yes,Yes,Yes,Pass,Engineering,12108
Almire Vautrey,2019-03-26,"['Altruism', 'Innovative', 'Reliable']","['Chatty', 'Procrastination']",Yes,No,Yes,Fail,Data,12109
Welbie Curgenven,2019-03-05,"['Empathy', 'Perfectionism']",['Impulsive'],Yes,Yes,Yes,Pass,Data,12110
Web Segrave,2019-03-27,['Determined'],"['Introverted', 'Chaotic', 'Perfectionist']",Yes,Yes,Yes,Pass,Business,12111
Kellen Brocklebank,2019-03-06,"['Rational', 'Creative']",['Controlling'],Yes,No,Yes,Fail,Data,12112
Doralynne Torricina,2019-03-12,"['Ambitious', 'Versatile']","['Immature', 'Perfectionist']",Yes,Yes,Yes,Pass,Business,12113
Cymbre Reuben,2019-03-20,"['Listening', 'Organisation']","['Immature', 'Critical', 'Impatient']",Yes,Yes,Yes,Pass,Business,12114
Nicholas Welbeck,2019-03-21,['Creative'],"['Controlling', 'Introverted', 'Impulsive']",Yes,Yes,Yes,Pass,Engineering,12115
Agosto Meaddowcroft,2019-03-05,"['Composure', 'Determined']",['Intolerant'],Yes,Yes,Yes,Pass,Business,12116
Ezekiel Lemerie,2019-03-19,"['Problem Solving', 'Perfectionism']",['Chatty'],No,Yes,Yes,Fail,Data,12117
Tiphany Gribben,2019-03-05,"['Composure', 'Independent']","['Impatient', 'Procrastination', 'Immature']",Yes,Yes,Yes,Pass,Business,12118
Julina Hartles,2019-03-19,"['Reliable', 'Listening', 'Organisation']","['Intolerant', 'Introverted', 'Impatient']",Yes,No,Yes,Fail,Engineering,12119
Ashley Fitzharris,2019-03-07,"['Ambitious', 'Courteous', 'Determined']","['Passive', 'Impulsive', 'Sensitive']",Yes,No,Yes,Fail,Engineering,12120
Sallie Mcnair,2019-03-21,"['Passionate', 'Composure', 'Ambitious']","['Selfish', 'Passive', 'Immature']",Yes,Yes,Yes,Pass,Data,12121
Rudy Davidde,2019-03-26,"['Determined', 'Courteous']","['Overbearing', 'Selfish', 'Passive']",Yes,Yes,Yes,Pass,Business,12122
Dyna Tallboy,2019-03-06,"['Creative', 'Innovative', 'Passionate']","['Immature', 'Intolerant', 'Stubborn']",No,No,Yes,Fail,Business,12123
Vincenz Mcgeown,2019-03-06,"['Efficient', 'Innovative']",['Competitive'],Yes,No,Yes,Fail,Business,12124
Jeannette Bazelle,2019-03-14,"['Charisma', 'Versatile', 'Ambitious']",['Competitive'],Yes,No,Yes,Fail,Data,12125
Rennie Kennsley,2019-03-05,['Problem Solving'],"['Chatty', 'Indifferent', 'Passive']",Yes,Yes,Yes,Pass,Business,12126
Corbie Hinchshaw,2019-03-20,"['Collaboration', 'Critical Thinking', 'Rational']",['Overbearing'],Yes,Yes,Yes,Pass,Business,12127
Matthaeus Stickens,2019-03-05,"['Critical Thinking', 'Altruism', 'Passionate']","['Sensitive', 'Controlling', 'Chatty']",Yes,Yes,Yes,Pass,Engineering,12128
Vinson Fooks,2019-03-06,"['Determined', 'Empathy', 'Curious']","['Controlling', 'Impatient', 'Critical']",Yes,Yes,Yes,Pass,Business,12129
Jacquelin Clampin,2019-03-05,"['Competitive', 'Critical Thinking']","['Intolerant', 'Impatient', 'Passive']",Yes,Yes,Yes,Pass,Engineering,12130
Page Roubay,2019-03-07,"['Critical Thinking', 'Independent']",['Indecisive'],Yes,Yes,Yes,Fail,Engineering,12131
Phylys Flory,2019-03-27,"['Critical Thinking', 'Versatile']","['Distracted', 'Competitive']",Yes,Yes,No,Fail,Business,12132
Raul Airlie,2019-03-26,['Determined'],"['Procrastination', 'Immature', 'Perfectionist']",Yes,No,No,Fail,Business,12133
Danella Munton,2019-03-07,"['Creative', 'Determined']","['Distracted', 'Controlling']",Yes,Yes,Yes,Fail,Business,12134
Frannie Doby,2019-03-05,"['Passionate', 'Listening']",['Chatty'],Yes,Yes,Yes,Pass,Engineering,12135
Zonda Babbidge,2019-03-07,"['Independent', 'Collaboration', 'Listening']","['Passive', 'Chatty', 'Sensitive']",Yes,Yes,Yes,Pass,Business,12136
Cleve Craigs,2019-03-26,"['Organisation', 'Competitive', 'Patient']","['Sensitive', 'Competitive']",No,Yes,No,Fail,Data,12137
Micky Mccaskell,2019-03-06,"['Competitive', 'Independent']","['Conventional', 'Indecisive', 'Competitive']",Yes,Yes,No,Fail,Business,12138
Jesse Tiron,2019-03-05,['Independent'],"['Impatient', 'Overbearing', 'Distracted']",Yes,Yes,Yes,Pass,Business,12139
Keeley Osburn,2019-03-27,"['Determined', 'Curious']","['Anxious', 'Indifferent']",Yes,Yes,Yes,Fail,Engineering,12140
Woodie Reely,2019-03-20,['Efficient'],"['Indecisive', 'Procrastination', 'Chatty']",Yes,Yes,Yes,Pass,Business,12141
Shelia Beadles,2019-03-21,"['Perfectionism', 'Patient']",['Chatty'],Yes,Yes,Yes,Pass,Engineering,12142
Charo Lorent,2019-03-27,"['Organisation', 'Rational', 'Listening']",['Impatient'],Yes,Yes,Yes,Pass,Business,12143
Cary Edwicke,2019-03-28,['Organisation'],['Anxious'],Yes,Yes,Yes,Pass,Engineering,12144
Randi Tomkowicz,2019-03-20,['Reliable'],['Impulsive'],Yes,Yes,Yes,Pass,Engineering,12145
Stacey De Vuyst,2019-03-27,['Rational'],"['Sensitive', 'Slow']",Yes,Yes,Yes,Pass,Business,12146
Gayle Vinsen,2019-03-06,"['Organisation', 'Listening']","['Impulsive', 'Controlling', 'Chatty']",Yes,Yes,Yes,Pass,Business,12147
Myrlene Olyfant,2019-03-27,['Listening'],['Anxious'],Yes,Yes,Yes,Pass,Business,12148
Karina Andrejevic,2019-03-13,"['Ambitious', 'Listening']",['Indecisive'],No,No,Yes,Fail,Data,12149
Sher Biesinger,2019-03-19,"['Reliable', 'Empathy']","['Procrastination', 'Slow', 'Critical']",Yes,Yes,Yes,Pass,Engineering,12150
Gladys Roote,2019-03-06,"['Versatile', 'Curious', 'Altruism']",['Passive'],Yes,Yes,Yes,Pass,Business,12151
Sheffield Furzer,2019-03-19,"['Creative', 'Listening', 'Innovative']","['Selfish', 'Chaotic', 'Critical']",Yes,Yes,Yes,Pass,Engineering,12152
Danielle Absolom,2019-03-19,['Listening'],"['Slow', 'Distracted', 'Undisciplined']",Yes,Yes,Yes,Pass,Engineering,12153
Fowler Crewdson,2019-03-12,['Passionate'],['Stubborn'],Yes,Yes,Yes,Pass,Business,12154
Kaylil Gissing,2019-03-13,['Consistent'],"['Passive', 'Intolerant']",No,Yes,Yes,Fail,Business,12155
Johnny Shea,2019-03-05,"['Empathy', 'Passionate']","['Controlling', 'Distracted']",Yes,Yes,Yes,Pass,Business,12156
Jill Pawelec,2019-03-26,['Innovative'],['Sensitive'],Yes,Yes,Yes,Fail,Engineering,12157
Olenolin Wressell,2019-03-26,['Rational'],['Distracted'],No,No,Yes,Fail,Data,12158
Lelah Nisot,2019-03-21,['Empathy'],['Chatty'],Yes,Yes,Yes,Pass,Data,12159
Durant Dell 'Orto,2019-03-28,"['Reliable', 'Collaboration']",['Controlling'],Yes,Yes,Yes,Fail,Data,12160
Gabby Neilson,,"['Reliable', 'Creative']","['Sensitive', 'Undisciplined', 'Passive']",Yes,Yes,Yes,Pass,Engineering,12161
Tobi Short,2019-03-06,"['Creative', 'Collaboration']",['Sensitive'],Yes,Yes,Yes,Pass,Data,12162
Riannon Sibylla,2019-03-20,"['Efficient', 'Composure']","['Critical', 'Perfectionist', 'Undisciplined']",Yes,Yes,Yes,Pass,Engineering,12163
Tommie Hammerman,2019-03-19,"['Competitive', 'Composure', 'Perfectionism']",['Competitive'],Yes,Yes,No,Fail,Engineering,12164
Anton Isaacs,2019-03-13,"['Innovative', 'Charisma']",['Chaotic'],Yes,Yes,Yes,Fail,Data,12165
Winne Kelloch,2019-03-13,['Listening'],['Critical'],Yes,No,Yes,Fail,Engineering,12166
Althea Kopelman,2019-03-26,"['Organisation', 'Ambitious', 'Curious']","['Immature', 'Selfish']",Yes,Yes,Yes,Pass,Engineering,12167
Barde Mcgeneay,2019-03-14,['Independent'],"['Overbearing', 'Anxious']",Yes,Yes,Yes,Fail,Business,12168
Reg Mcreynold,2019-03-05,['Collaboration'],"['Critical', 'Overbearing', 'Undisciplined']",Yes,Yes,Yes,Pass,Data,12169
Ania Silver,2019-03-19,['Critical Thinking'],['Chatty'],Yes,No,Yes,Fail,Engineering,12170
Chilton Fridaye,2019-03-07,['Patient'],['Indecisive'],Yes,No,Yes,Fail,Business,12171
Gae Crutch,2019-03-07,"['Organisation', 'Curious', 'Reliable']",['Introverted'],Yes,Yes,Yes,Pass,Business,12172
Port Taylot,2019-03-21,"['Consistent', 'Curious']","['Perfectionist', 'Distracted', 'Impatient']",Yes,Yes,No,Fail,Business,12173
Cirilo Worley,2019-03-14,"['Versatile', 'Determined']","['Competitive', 'Immature']",Yes,Yes,Yes,Pass,Engineering,12174
Amelina Posnett,2019-03-19,"['Empathy', 'Altruism', 'Collaboration']","['Impulsive', 'Slow', 'Distracted']",No,Yes,Yes,Fail,Business,12175
Regan Dyball,2019-03-27,"['Ambitious', 'Empathy']","['Passive', 'Perfectionist', 'Indifferent']",Yes,Yes,Yes,Pass,Engineering,12176
Frazer Trahmel,2019-03-14,['Patient'],['Introverted'],Yes,Yes,Yes,Fail,Data,12177
Ashley Fudge,2019-03-19,['Empathy'],"['Intolerant', 'Indifferent']",Yes,Yes,Yes,Pass,Engineering,12178
Cherianne Raddon,2019-03-06,"['Courteous', 'Collaboration', 'Rational']","['Impulsive', 'Chatty']",Yes,Yes,Yes,Pass,Data,12179
Cybil Mandrake,2019-03-27,"['Rational', 'Independent', 'Reliable']",['Selfish'],Yes,Yes,Yes,Pass,Data,12180
Deerdre Mussard,2019-03-05,"['Versatile', 'Courteous']","['Competitive', 'Impatient']",Yes,Yes,No,Fail,Data,12181
Nadia Wheelton,2019-03-19,"['Versatile', 'Critical Thinking', 'Competitive']",['Perfectionist'],Yes,Yes,Yes,Pass,Data,12182
Bella Tarbox,2019-03-12,"['Consistent', 'Courteous', 'Listening']",['Impulsive'],Yes,Yes,Yes,Pass,Engineering,12183
Agustin Craine,2019-03-21,['Innovative'],"['Indifferent', 'Impulsive']",Yes,Yes,Yes,Pass,Data,12184
Allene Hand,2019-03-13,['Innovative'],"['Controlling', 'Indecisive', 'Distracted']",Yes,Yes,Yes,Pass,Business,12185
Gearard Slegg,2019-03-19,['Organisation'],['Chatty'],Yes,Yes,Yes,Pass,Business,12186
Dick Rubinshtein,2019-03-19,"['Altruism', 'Ambitious', 'Consistent']",['Indecisive'],Yes,Yes,No,Fail,Engineering,12187
Phineas Purton,2019-03-05,"['Problem Solving', 'Innovative']","['Overbearing', 'Indecisive']",Yes,Yes,No,Fail,Engineering,12189
Carly Rogge,2019-03-28,['Ambitious'],['Critical'],Yes,Yes,Yes,Pass,Engineering,12190
Gaylord Alleway,2019-03-06,"['Perfectionism', 'Efficient', 'Creative']","['Chaotic', 'Indifferent']",Yes,Yes,Yes,Pass,Engineering,12191
Dre Southerton,2019-03-26,['Perfectionism'],"['Anxious', 'Controlling', 'Indifferent']",Yes,Yes,No,Fail,Data,12192
Mame Kneaphsey,2019-03-28,"['Listening', 'Charisma']","['Competitive', 'Critical']",Yes,Yes,Yes,Pass,Business,12193
Elfrida Enden,2019-03-13,"['Empathy', 'Perfectionism']","['Sensitive', 'Selfish', 'Immature']",Yes,Yes,Yes,Pass,Engineering,12194
Rustie Cormode,2019-03-13,['Reliable'],"['Selfish', 'Stubborn']",Yes,Yes,Yes,Pass,Engineering,12195
Quincey Gayle,2019-03-20,['Charisma'],"['Controlling', 'Competitive']",Yes,Yes,Yes,Pass,Engineering,12196
Rosita Cabel,2019-03-07,['Charisma'],"['Immature', 'Procrastination']",Yes,Yes,Yes,Pass,Data,12197
Des Tomovic,2019-03-13,['Consistent'],['Chatty'],Yes,Yes,No,Fail,Business,12198
Artair Rois,2019-03-20,"['Perfectionism', 'Listening', 'Versatile']","['Chatty', 'Anxious', 'Introverted']",Yes,Yes,Yes,Pass,Engineering,12199
Glenn Coaker,2019-03-28,"['Charisma', 'Determined', 'Consistent']","['Introverted', 'Chaotic', 'Undisciplined']",Yes,Yes,Yes,Pass,Engineering,12200
Artair Cartman,2019-03-19,"['Innovative', 'Ambitious']","['Competitive', 'Selfish', 'Sensitive']",Yes,Yes,Yes,Pass,Engineering,12201
Lynea Heustice,2019-03-06,['Rational'],"['Overbearing', 'Sensitive']",Yes,Yes,Yes,Pass,Business,12202
Neal Ginglell,2019-03-26,['Patient'],"['Distracted', 'Indifferent', 'Controlling']",Yes,Yes,Yes,Pass,Engineering,12203
Cello Durrand,2019-03-12,['Altruism'],"['Indecisive', 'Intolerant', 'Introverted']",Yes,No,Yes,Fail,Business,12204
Yance Grenfell,2019-03-28,['Creative'],['Introverted'],Yes,Yes,Yes,Fail,Business,12205
L;Urette Daveley,2019-03-12,"['Passionate', 'Altruism']",['Passive'],Yes,Yes,Yes,Pass,Engineering,12206
Rozanne Burhouse,2019-03-27,"['Passionate', 'Innovative', 'Ambitious']","['Anxious', 'Chaotic']",Yes,No,Yes,Fail,Data,12207
Emily Yon,2019-03-26,"['Collaboration', 'Ambitious']","['Controlling', 'Chaotic']",No,Yes,Yes,Fail,Business,12208
Lemmie Wylam,2019-03-07,['Curious'],['Competitive'],Yes,Yes,No,Fail,Business,12210
Mattias Blanpein,2019-03-19,"['Collaboration', 'Listening', 'Versatile']","['Undisciplined', 'Passive', 'Controlling']",Yes,Yes,Yes,Fail,Business,12211
Adelbert Verrick,2019-03-27,"['Problem Solving', 'Ambitious']","['Indecisive', 'Intolerant']",Yes,Yes,Yes,Pass,Business,12212
Jaymee Riden,2019-03-19,"['Perfectionism', 'Composure']",['Stubborn'],Yes,Yes,Yes,Pass,Engineering,12213
Melinda Ocklin,2019-03-21,['Ambitious'],"['Sensitive', 'Undisciplined']",Yes,Yes,Yes,Pass,Data,12214
Estele Prester,2019-03-20,"['Courteous', 'Passionate']","['Chatty', 'Immature']",Yes,Yes,Yes,Pass,Business,12215
Stern Ashfull,2019-03-13,"['Rational', 'Creative']","['Impulsive', 'Distracted']",Yes,Yes,Yes,Pass,Business,12216
Franzen Iddy,2019-03-20,['Efficient'],['Indecisive'],Yes,Yes,Yes,Pass,Engineering,12217
Ashlie Siveter,2019-03-26,"['Empathy', 'Creative']","['Passive', 'Anxious']",Yes,Yes,Yes,Pass,Data,12218
Maxwell Fadell,2019-03-26,['Perfectionism'],['Procrastination'],Yes,Yes,Yes,Pass,Engineering,12219
Ofelia Crow,2019-03-28,['Empathy'],"['Impatient', 'Procrastination', 'Stubborn']",Yes,Yes,Yes,Pass,Data,12220
Neely Aleksich,2019-03-28,['Courteous'],"['Impulsive', 'Competitive']",No,Yes,Yes,Fail,Engineering,12221
Hobart Caldeyroux,2019-03-26,"['Organisation', 'Determined']","['Indecisive', 'Overbearing']",Yes,Yes,Yes,Pass,Business,12222
Jeffy Dudding,2019-03-13,['Altruism'],"['Intolerant', 'Chaotic', 'Indifferent']",Yes,Yes,Yes,Pass,Data,12223
Lauren Bister,2019-03-20,"['Perfectionism', 'Patient']",['Perfectionist'],Yes,Yes,Yes,Pass,Business,12224
Bowie Nolton,2019-03-07,"['Creative', 'Charisma', 'Curious']","['Introverted', 'Chatty']",Yes,Yes,Yes,Pass,Data,12225
Maurine Vedenyakin,2019-03-13,"['Critical Thinking', 'Reliable']","['Stubborn', 'Impulsive', 'Anxious']",No,Yes,No,Fail,Data,12226
Vannie Hounsome,2019-03-05,"['Independent', 'Competitive', 'Rational']","['Chatty', 'Impulsive', 'Conventional']",Yes,Yes,No,Fail,Data,12227
Tye Klejna,2019-05-21,['Competitive'],"['Passive', 'Perfectionist', 'Anxious']",No,Yes,Yes,Fail,Engineering,12228
Katya Curtois,2019-05-21,"['Perfectionism', 'Consistent', 'Critical Thinking']",['Chaotic'],Yes,Yes,Yes,Pass,Engineering,12229
Laurella Daintrey,2019-05-07,['Perfectionism'],['Slow'],Yes,No,Yes,Fail,Data,12230
Worthington Stollenwerck,2019-05-22,['Collaboration'],['Intolerant'],Yes,Yes,Yes,Pass,Engineering,12231
Hartwell Candwell,2019-05-28,"['Problem Solving', 'Ambitious']","['Procrastination', 'Immature']",Yes,Yes,Yes,Pass,Business,12232
Loree Hinkens,2019-05-01,"['Reliable', 'Organisation']","['Undisciplined', 'Slow', 'Anxious']",No,Yes,Yes,Fail,Data,12233
Bernadette O' Timony,2019-05-23,"['Empathy', 'Passionate', 'Courteous']","['Impatient', 'Introverted', 'Passive']",Yes,Yes,Yes,Pass,Business,12234
Andrei Musslewhite,2019-05-16,['Courteous'],"['Indifferent', 'Chaotic', 'Introverted']",Yes,Yes,Yes,Pass,Data,12235
Nata Bohman,2019-05-30,"['Creative', 'Efficient']","['Controlling', 'Impatient']",Yes,No,No,Fail,Engineering,12236
Kellie Tanguy,2019-05-08,"['Independent', 'Perfectionism', 'Courteous']","['Procrastination', 'Conventional', 'Impatient']",Yes,Yes,Yes,Pass,Engineering,12237
Shurlocke Cringle,2019-05-21,['Altruism'],['Chatty'],Yes,Yes,Yes,Pass,Data,12238
Eden Goodboddy,2019-05-08,"['Versatile', 'Efficient', 'Critical Thinking']","['Impulsive', 'Perfectionist']",Yes,Yes,Yes,Pass,Data,12239
Omar Bromilow,2019-05-07,"['Rational', 'Patient', 'Problem Solving']","['Indecisive', 'Undisciplined', 'Stubborn']",No,No,Yes,Fail,Engineering,12240
Jaquenetta Catonne,2019-05-14,"['Innovative', 'Patient', 'Determined']",['Perfectionist'],Yes,Yes,Yes,Pass,Data,12241
Vilhelmina Kissell,2019-05-16,"['Rational', 'Independent']",['Critical'],Yes,Yes,Yes,Pass,Engineering,12242
Bibi Mastrantone,2019-05-09,['Courteous'],"['Impulsive', 'Slow']",Yes,Yes,Yes,Pass,Business,12243
Brittany Mccluskey,2019-05-23,['Courteous'],"['Undisciplined', 'Impatient', 'Controlling']",No,Yes,Yes,Fail,Data,12244
Timmi Warr,2019-05-23,"['Curious', 'Collaboration', 'Consistent']","['Intolerant', 'Competitive']",Yes,Yes,Yes,Pass,Engineering,12245
Laurel Ebbers,2019-05-29,['Critical Thinking'],['Competitive'],Yes,Yes,Yes,Pass,Engineering,12246
Fax Schankelborg,2019-05-07,"['Problem Solving', 'Determined']",['Intolerant'],Yes,Yes,Yes,Pass,Engineering,12247
Nickolas Fears,2019-05-08,"['Curious', 'Independent']","['Chatty', 'Perfectionist', 'Sensitive']",Yes,Yes,Yes,Pass,Data,12248
Ardys Ruppele,2019-05-29,"['Problem Solving', 'Altruism']","['Selfish', 'Sensitive']",No,Yes,Yes,Fail,Engineering,12249
Dallas Sheekey,2019-05-23,['Consistent'],"['Sensitive', 'Impulsive', 'Anxious']",Yes,Yes,Yes,Pass,Engineering,12250
Cello Ricioppo,2019-05-14,['Perfectionism'],['Controlling'],Yes,Yes,Yes,Fail,Data,12251
Bennie Latan,2019-05-30,"['Creative', 'Composure', 'Curious']",['Sensitive'],Yes,No,Yes,Fail,Engineering,12252
Standford Brewitt,2019-05-16,"['Competitive', 'Collaboration', 'Rational']","['Perfectionist', 'Immature', 'Sensitive']",Yes,Yes,Yes,Pass,Data,12253
Cristin Screas,2019-05-21,"['Collaboration', 'Versatile']","['Sensitive', 'Chatty', 'Perfectionist']",Yes,Yes,Yes,Pass,Data,12254
Florina Sudlow,2019-05-29,['Empathy'],['Anxious'],Yes,Yes,Yes,Pass,Business,12255
Maxi Macgaughey,2019-05-15,['Critical Thinking'],['Indifferent'],Yes,Yes,Yes,Pass,Engineering,12256
Artemas Bewlay,2019-05-08,"['Collaboration', 'Passionate']","['Immature', 'Slow']",Yes,Yes,Yes,Pass,Data,12257
Morse Joly,2019-05-22,"['Courteous', 'Innovative', 'Passionate']","['Conventional', 'Anxious', 'Perfectionist']",Yes,Yes,Yes,Pass,Engineering,12258
Albie Romanski,2019-05-07,['Versatile'],['Intolerant'],Yes,Yes,Yes,Pass,Business,12259
Winnifred Hingeley,2019-05-07,"['Creative', 'Consistent', 'Composure']","['Chaotic', 'Chatty', 'Passive']",No,Yes,Yes,Fail,Engineering,12260
Liane Lorente,2019-05-29,['Critical Thinking'],['Overbearing'],Yes,Yes,Yes,Pass,Engineering,12261
Brendin Curran,2019-05-21,"['Determined', 'Innovative']",['Impatient'],Yes,No,Yes,Fail,Business,12262
Shayne St Louis,2019-05-02,['Perfectionism'],"['Stubborn', 'Impatient', 'Controlling']",Yes,Yes,No,Fail,Data,12263
Ulrika Lemerie,2019-05-15,"['Listening', 'Altruism', 'Competitive']","['Impulsive', 'Overbearing', 'Perfectionist']",Yes,Yes,Yes,Pass,Business,12264
Micheil Rotlauf,2019-05-01,"['Patient', 'Critical Thinking']",['Distracted'],Yes,Yes,Yes,Pass,Data,12265
Darbee Goslin,2019-05-29,['Composure'],"['Stubborn', 'Selfish', 'Impulsive']",Yes,No,Yes,Fail,Engineering,12266
Prisca Ginnally,2019-05-07,['Altruism'],"['Introverted', 'Chaotic', 'Impulsive']",Yes,Yes,Yes,Pass,Engineering,12267
Megen Durtnall,2019-05-08,"['Creative', 'Charisma']","['Impatient', 'Chaotic']",Yes,Yes,Yes,Pass,Business,12268
Noel Hayland,2019-05-30,"['Composure', 'Collaboration', 'Perfectionism']",['Chaotic'],Yes,Yes,Yes,Pass,Engineering,12270
Clint Gorbell,2019-05-22,['Courteous'],['Introverted'],Yes,No,Yes,Fail,Business,12271
Judas Espadero,2019-05-09,"['Determined', 'Reliable', 'Courteous']","['Slow', 'Impatient', 'Sensitive']",Yes,Yes,Yes,Pass,Data,12272
Berri Cocklin,2019-05-14,['Problem Solving'],['Critical'],No,Yes,Yes,Fail,Engineering,12273
Wolfie Showers,2019-05-23,"['Composure', 'Altruism']","['Anxious', 'Slow', 'Indifferent']",Yes,Yes,Yes,Pass,Business,12274
Dion Pavlasek,2019-05-15,"['Problem Solving', 'Collaboration', 'Altruism']","['Immature', 'Distracted']",Yes,Yes,No,Fail,Data,12275
Timmy Benzies,2019-05-02,['Ambitious'],['Introverted'],No,Yes,Yes,Fail,Engineering,12276
Shepherd Aliman,2019-05-09,['Versatile'],['Impulsive'],No,Yes,Yes,Fail,Business,12277
Angel Matteau,2019-05-22,"['Perfectionism', 'Patient', 'Determined']",['Competitive'],Yes,Yes,Yes,Pass,Business,12278
Granger Carayol,2019-05-28,"['Independent', 'Collaboration', 'Rational']",['Controlling'],Yes,Yes,Yes,Fail,Engineering,12279
Gaven Eckford,2019-05-23,"['Listening', 'Passionate', 'Reliable']",['Overbearing'],Yes,Yes,Yes,Pass,Business,12280
Nicolea Gibbins,2019-05-23,"['Versatile', 'Competitive', 'Problem Solving']","['Undisciplined', 'Sensitive']",Yes,Yes,Yes,Pass,Business,12281
Retha Dunnico,2019-05-01,['Perfectionism'],['Competitive'],Yes,Yes,No,Fail,Data,12282
Katharina Aleswell,2019-05-09,"['Courteous', 'Consistent', 'Determined']",['Selfish'],Yes,Yes,Yes,Pass,Engineering,12283
Joshuah Pourveer,2019-05-14,"['Independent', 'Passionate', 'Ambitious']",['Competitive'],Yes,Yes,Yes,Fail,Data,12284
Valentine Brosini,2019-05-07,['Determined'],"['Immature', 'Passive']",Yes,Yes,Yes,Pass,Business,12285
Alfi Mccracken,2019-05-16,['Perfectionism'],['Introverted'],Yes,Yes,Yes,Pass,Engineering,12286
Jolene Alyonov,2019-05-21,"['Patient', 'Independent', 'Innovative']","['Undisciplined', 'Distracted', 'Competitive']",Yes,Yes,Yes,Pass,Business,12287
Celina Burder,2019-05-08,"['Determined', 'Listening']","['Indecisive', 'Chatty']",No,Yes,Yes,Fail,Business,12288
Adamo Osment,2019-05-15,"['Creative', 'Reliable']","['Procrastination', 'Competitive', 'Anxious']",Yes,Yes,Yes,Pass,Data,12289
Nance Tothe,2019-05-01,"['Ambitious', 'Reliable']","['Introverted', 'Controlling']",Yes,Yes,Yes,Pass,Data,12290
Adlai Gahagan,2019-05-29,"['Consistent', 'Rational']","['Critical', 'Chatty']",Yes,Yes,Yes,Pass,Business,12291
Blayne Jenne,2019-05-29,"['Versatile', 'Organisation']",['Anxious'],Yes,Yes,Yes,Pass,Business,12292
Wren O'Curran,2019-05-21,"['Independent', 'Efficient']",['Procrastination'],Yes,Yes,Yes,Pass,Data,12293
Pansy Tranckle,2019-05-29,['Versatile'],"['Immature', 'Anxious', 'Impulsive']",No,Yes,Yes,Fail,Engineering,12294
Niven Ransbury,2019-05-22,"['Charisma', 'Empathy']","['Distracted', 'Controlling']",No,Yes,Yes,Fail,Business,12295
Jamima Thursby,2019-05-23,['Patient'],"['Competitive', 'Selfish', 'Conventional']",Yes,Yes,Yes,Pass,Engineering,12296
Donica Andreas,2019-05-01,['Innovative'],"['Anxious', 'Indifferent']",Yes,Yes,Yes,Pass,Data,12297
Lawton Redpath,2019-05-02,"['Determined', 'Organisation']",['Perfectionist'],Yes,Yes,Yes,Pass,Data,12298
Theresina Breckell,2019-05-02,['Rational'],"['Impulsive', 'Conventional', 'Competitive']",Yes,Yes,Yes,Pass,Engineering,12299
Merrie Mathon,2019-05-08,"['Courteous', 'Independent']",['Perfectionist'],Yes,Yes,Yes,Pass,Business,12300
Gawen Murricanes,2019-05-30,"['Patient', 'Determined']",['Passive'],No,Yes,No,Fail,Data,12301
Alfi Janku,2019-05-15,['Innovative'],"['Procrastination', 'Anxious']",Yes,Yes,Yes,Pass,Data,12302
Yuma Henrion,2019-05-29,"['Altruism', 'Curious', 'Problem Solving']","['Passive', 'Indecisive']",Yes,Yes,No,Fail,Engineering,12303
Lise Ogilvie,2019-05-09,['Composure'],"['Conventional', 'Impatient', 'Intolerant']",Yes,Yes,Yes,Pass,Business,12304
Rollins Dalgardno,2019-05-09,['Determined'],"['Anxious', 'Perfectionist', 'Controlling']",Yes,Yes,Yes,Pass,Data,12305
Fifine Wreight,2019-05-07,['Perfectionism'],['Chatty'],Yes,Yes,Yes,Pass,Engineering,12306
Free Nicholes,2019-05-07,['Critical Thinking'],"['Perfectionist', 'Distracted', 'Introverted']",Yes,Yes,Yes,Pass,Business,12307
Rice Plampin,2019-05-21,['Consistent'],"['Distracted', 'Slow', 'Controlling']",Yes,Yes,Yes,Pass,Data,12308
Cassius Hollibone,2019-05-01,"['Reliable', 'Ambitious', 'Competitive']",['Slow'],Yes,No,Yes,Fail,Engineering,12309
Harlene Brymner,2019-05-23,"['Collaboration', 'Consistent', 'Problem Solving']","['Anxious', 'Passive', 'Slow']",Yes,Yes,Yes,Pass,Data,12310
Mata Farrell,2019-05-08,['Organisation'],"['Undisciplined', 'Passive', 'Intolerant']",No,Yes,Yes,Fail,Data,12311
Maggy Clapison,2019-05-07,['Composure'],"['Immature', 'Passive']",Yes,Yes,Yes,Pass,Business,12312
Chauncey Janoschek,2019-05-21,"['Passionate', 'Courteous', 'Efficient']","['Procrastination', 'Impatient']",Yes,Yes,No,Fail,Business,12313
Mellicent Desaur,2019-05-01,['Organisation'],['Slow'],Yes,Yes,Yes,Pass,Engineering,12314
Fay Beautyman,2019-05-29,"['Perfectionism', 'Collaboration', 'Passionate']","['Immature', 'Indifferent', 'Introverted']",No,Yes,Yes,Fail,Data,12315
Linus Pietruszewicz,2019-05-16,"['Determined', 'Listening', 'Independent']",['Sensitive'],Yes,Yes,Yes,Pass,Data,12316
Lem Burbidge,2019-05-02,"['Patient', 'Creative', 'Consistent']","['Conventional', 'Slow', 'Introverted']",Yes,Yes,Yes,Pass,Data,12317
Kamila Silversmidt,2019-05-01,['Passionate'],"['Procrastination', 'Immature', 'Distracted']",Yes,No,Yes,Fail,Data,12318
Tobie Culcheth,2019-05-14,"['Courteous', 'Problem Solving']","['Impulsive', 'Competitive', 'Passive']",Yes,Yes,Yes,Pass,Engineering,12319
Vite Comino,2019-05-21,"['Patient', 'Consistent', 'Independent']",['Impatient'],Yes,Yes,Yes,Pass,Engineering,12320
Dory Cooksey,2019-05-07,"['Creative', 'Innovative']",['Distracted'],Yes,Yes,Yes,Pass,Engineering,12321
Megan Hallihan,,"['Organisation', 'Reliable', 'Empathy']","['Impulsive', 'Procrastination', 'Controlling']",Yes,Yes,Yes,Pass,Business,12322
Leandra Futty,2019-05-09,"['Ambitious', 'Rational']","['Introverted', 'Impatient', 'Stubborn']",No,Yes,Yes,Fail,Engineering,12323
Bernadine Sinkin,2019-05-01,['Versatile'],['Intolerant'],Yes,Yes,Yes,Pass,Data,12324
William Dryden,2019-05-01,['Reliable'],"['Slow', 'Procrastination', 'Controlling']",Yes,Yes,Yes,Pass,Business,12325
Sosanna Rawlings,2019-05-29,"['Courteous', 'Empathy']","['Sensitive', 'Conventional']",Yes,Yes,Yes,Pass,Engineering,12326
Charissa Briiginshaw,2019-05-30,"['Altruism', 'Charisma', 'Versatile']",['Chatty'],Yes,Yes,Yes,Pass,Data,12327
Gilburt Chamney,2019-05-02,['Problem Solving'],['Overbearing'],Yes,Yes,No,Fail,Engineering,12328
Matthias Burns,2019-05-01,['Problem Solving'],"['Slow', 'Overbearing']",Yes,Yes,Yes,Pass,Business,12329
Angie Pockey,2019-05-21,"['Consistent', 'Rational']","['Selfish', 'Chatty']",No,Yes,Yes,Fail,Business,12330
Maxwell Wyer,2019-05-01,['Independent'],"['Perfectionist', 'Chaotic', 'Controlling']",Yes,Yes,Yes,Pass,Data,12331
Buddy Kettle,2019-05-23,['Patient'],"['Slow', 'Chaotic', 'Stubborn']",Yes,Yes,Yes,Pass,Engineering,12332
Freedman Bidder,2019-05-22,['Organisation'],['Conventional'],Yes,Yes,No,Fail,Data,12333
Francisco Tebboth,2019-05-07,['Courteous'],"['Competitive', 'Chaotic', 'Immature']",Yes,Yes,Yes,Pass,Engineering,12334
Philippa Mccalister,2019-05-16,['Listening'],['Controlling'],Yes,Yes,Yes,Pass,Engineering,12335
Padraic Labat,2019-05-14,['Ambitious'],"['Conventional', 'Passive']",Yes,Yes,Yes,Pass,Data,12336
Evey Reisk,2019-05-23,"['Empathy', 'Organisation']","['Slow', 'Impatient', 'Chaotic']",Yes,No,Yes,Fail,Engineering,12337
Garret Pleasaunce,2019-05-15,['Perfectionism'],"['Impatient', 'Immature', 'Indecisive']",Yes,Yes,Yes,Pass,Engineering,12338
Emogene Grouvel,2019-05-14,"['Charisma', 'Efficient', 'Patient']",['Sensitive'],Yes,Yes,No,Fail,Business,12339
Sydel Tilne,2019-05-29,['Courteous'],"['Perfectionist', 'Immature']",Yes,Yes,Yes,Pass,Engineering,12340
Gussi Pattrick,2019-05-09,"['Reliable', 'Determined']","['Distracted', 'Chatty']",Yes,Yes,Yes,Pass,Engineering,12341
Danella Winkett,2019-05-21,"['Patient', 'Organisation']","['Introverted', 'Distracted', 'Undisciplined']",Yes,Yes,Yes,Pass,Data,12342
Danica Isbell,2019-05-14,['Critical Thinking'],['Indifferent'],Yes,Yes,Yes,Pass,Data,12343
Artur Domaschke,2019-05-23,['Listening'],['Intolerant'],Yes,Yes,Yes,Pass,Engineering,12344
Dianna Brewett,2019-05-29,['Organisation'],"['Controlling', 'Indifferent']",Yes,Yes,Yes,Pass,Business,12345
Justinn Rosiello,2019-05-09,['Ambitious'],"['Anxious', 'Sensitive']",Yes,No,Yes,Fail,Business,12346
Osgood Mahood,2019-05-14,['Problem Solving'],['Perfectionist'],Yes,Yes,Yes,Fail,Engineering,12347
Yalonda Beacom,2019-05-09,['Critical Thinking'],"['Anxious', 'Slow']",Yes,Yes,Yes,Pass,Engineering,12348
Tedmund Emanulsson,2019-05-09,"['Creative', 'Composure']",['Conventional'],Yes,Yes,Yes,Pass,Engineering,12349
Gael Eick,2019-05-07,"['Composure', 'Competitive', 'Perfectionism']","['Sensitive', 'Immature', 'Stubborn']",Yes,No,Yes,Fail,Data,12350
Moshe Backshell,2019-05-22,['Problem Solving'],"['Controlling', 'Immature']",No,No,Yes,Fail,Data,12351
Tan Woltering,2019-05-09,"['Organisation', 'Passionate', 'Versatile']",['Intolerant'],Yes,Yes,Yes,Fail,Data,12352
Fax Sogg,2019-05-22,"['Altruism', 'Consistent']",['Undisciplined'],Yes,Yes,No,Fail,Data,12353
Park Jaumet,2019-05-23,"['Collaboration', 'Composure', 'Competitive']","['Sensitive', 'Anxious']",Yes,No,Yes,Fail,Data,12354
Terrie Mackibbon,2019-05-23,"['Courteous', 'Ambitious']","['Critical', 'Stubborn']",Yes,Yes,Yes,Pass,Engineering,12355
Miguela Quantrill,2019-05-01,"['Collaboration', 'Patient', 'Empathy']","['Competitive', 'Perfectionist']",No,Yes,Yes,Fail,Engineering,12356
Gray Eadmeads,2019-05-02,['Creative'],"['Perfectionist', 'Critical']",Yes,Yes,Yes,Pass,Engineering,12357
Bertie Macafee,2019-05-30,"['Charisma', 'Empathy']",['Impulsive'],Yes,Yes,Yes,Pass,Engineering,12358
William Tomlett,2019-05-21,"['Organisation', 'Curious', 'Reliable']","['Immature', 'Controlling']",Yes,Yes,Yes,Pass,Engineering,12359
Ignacius Pleasaunce,2019-05-28,"['Patient', 'Charisma']","['Indecisive', 'Indifferent', 'Chatty']",Yes,Yes,Yes,Pass,Engineering,12360
Aarika Preist,2019-05-08,['Passionate'],['Introverted'],Yes,Yes,Yes,Fail,Engineering,12361
Sheba Everal,2019-05-15,"['Critical Thinking', 'Composure']","['Chatty', 'Competitive']",Yes,Yes,Yes,Pass,Data,12362
Euphemia Fargher,2019-05-08,['Determined'],"['Anxious', 'Indifferent', 'Undisciplined']",Yes,No,Yes,Fail,Data,12363
Colette Danniell,2019-05-14,"['Competitive', 'Passionate']","['Sensitive', 'Anxious', 'Chaotic']",Yes,Yes,No,Fail,Data,12364
Skylar Dodwell,2019-05-22,"['Patient', 'Passionate', 'Efficient']","['Perfectionist', 'Introverted', 'Conventional']",Yes,Yes,Yes,Pass,Data,12365
Adham Petrolli,2019-05-15,['Charisma'],['Critical'],Yes,Yes,Yes,Pass,Business,12366
Benita Robbel,2019-05-30,"['Creative', 'Versatile', 'Charisma']",['Controlling'],Yes,Yes,Yes,Pass,Engineering,12367
Bondon Smethurst,2019-05-07,"['Versatile', 'Competitive']","['Passive', 'Anxious', 'Conventional']",Yes,Yes,Yes,Pass,Engineering,12368
Sloane Philbrook,2019-05-28,"['Patient', 'Empathy']",['Competitive'],Yes,Yes,No,Fail,Engineering,12369
Darya Tayt,2019-05-08,['Organisation'],"['Immature', 'Critical']",Yes,Yes,Yes,Pass,Business,12370
Melodee Klink,2019-05-14,"['Courteous', 'Creative', 'Innovative']","['Procrastination', 'Impulsive']",Yes,Yes,No,Fail,Business,12371
Clemmie Beach,2019-05-14,"['Composure', 'Charisma']",['Critical'],Yes,Yes,Yes,Pass,Engineering,12372
Robby Arias,2019-05-29,"['Ambitious', 'Critical Thinking', 'Efficient']",['Passive'],Yes,Yes,Yes,Pass,Business,12373
Shantee Macmichael,2019-05-21,['Altruism'],"['Procrastination', 'Critical', 'Sensitive']",No,No,Yes,Fail,Engineering,12374
Laurie Hoggan,2019-05-14,"['Charisma', 'Passionate']","['Perfectionist', 'Impulsive']",No,Yes,Yes,Fail,Business,12375
Garvin Ianizzi,2019-05-15,['Consistent'],['Undisciplined'],Yes,Yes,Yes,Pass,Data,12376
Patin Storek,2019-05-16,"['Listening', 'Independent', 'Patient']",['Chaotic'],Yes,Yes,Yes,Pass,Data,12377
Juliet Scottrell,2019-05-01,"['Curious', 'Versatile']","['Controlling', 'Stubborn']",No,Yes,Yes,Fail,Business,12378
Kizzee Oliva,2019-05-02,['Collaboration'],['Stubborn'],No,Yes,Yes,Fail,Data,12379
Alidia Govett,2019-05-16,"['Organisation', 'Innovative', 'Rational']","['Perfectionist', 'Distracted']",Yes,Yes,Yes,Pass,Business,12380
Jeana Schowenburg,2019-05-02,"['Perfectionism', 'Curious']","['Undisciplined', 'Chatty']",Yes,No,Yes,Fail,Business,12381
Gage Vittel,2019-05-22,['Versatile'],"['Indifferent', 'Undisciplined']",Yes,Yes,Yes,Pass,Engineering,12382
Marysa Heathorn,2019-05-15,"['Consistent', 'Ambitious', 'Reliable']","['Critical', 'Passive', 'Introverted']",Yes,Yes,Yes,Pass,Data,12383
Roland Mcmurray,2019-05-23,"['Charisma', 'Innovative']",['Impulsive'],Yes,Yes,Yes,Pass,Business,12384
Teddie Kemet,2019-05-22,['Efficient'],['Perfectionist'],Yes,Yes,Yes,Pass,Engineering,12385
Gunter Yokley,2019-05-07,"['Perfectionism', 'Consistent', 'Creative']","['Competitive', 'Stubborn']",No,Yes,Yes,Fail,Engineering,12386
Trumaine Chastney,2019-05-30,"['Consistent', 'Empathy', 'Critical Thinking']",['Selfish'],Yes,Yes,Yes,Pass,Data,12387
Siouxie Tunstall,2019-05-01,"['Critical Thinking', 'Organisation', 'Courteous']","['Intolerant', 'Distracted', 'Critical']",No,Yes,Yes,Fail,Engineering,12388
Cesaro Dodgshon,2019-05-30,"['Listening', 'Rational', 'Empathy']","['Passive', 'Undisciplined', 'Competitive']",Yes,Yes,Yes,Pass,Engineering,12389
Cherianne Zamora,2019-05-21,"['Courteous', 'Creative']","['Intolerant', 'Indifferent', 'Competitive']",No,Yes,Yes,Fail,Engineering,12390
Rickert Bradforth,2019-05-09,"['Determined', 'Altruism', 'Problem Solving']",['Indecisive'],Yes,Yes,No,Fail,Business,12391
Keenan Stubbes,2019-05-01,"['Composure', 'Passionate']",['Perfectionist'],Yes,No,Yes,Fail,Data,12392
Marius Soltan,2019-05-30,"['Composure', 'Determined', 'Versatile']","['Impatient', 'Introverted']",Yes,Yes,Yes,Pass,Engineering,12393
Auberon Hatter,2019-05-07,['Consistent'],"['Critical', 'Controlling']",Yes,Yes,Yes,Pass,Business,12394
Ludovico Orridge,2019-05-02,['Composure'],['Perfectionist'],Yes,Yes,Yes,Pass,Engineering,12395
Ulrikaumeko Yeandel,2019-05-30,['Patient'],"['Sensitive', 'Chatty', 'Controlling']",No,Yes,Yes,Fail,Engineering,12396
Sanford Larking,2019-05-15,"['Passionate', 'Curious']",['Conventional'],Yes,Yes,Yes,Pass,Business,12397
Jdavie Frisby,2019-05-14,['Problem Solving'],"['Procrastination', 'Indecisive']",Yes,Yes,Yes,Pass,Engineering,12398
Enoch Brigg,2019-05-07,"['Curious', 'Independent', 'Creative']","['Selfish', 'Impulsive', 'Conventional']",Yes,Yes,Yes,Pass,Business,12399
Samantha Evennett,2019-05-22,"['Collaboration', 'Versatile']",['Impulsive'],Yes,Yes,Yes,Fail,Engineering,12400
Juieta Tellett,2019-05-16,"['Empathy', 'Creative', 'Passionate']","['Selfish', 'Distracted', 'Intolerant']",Yes,Yes,Yes,Pass,Engineering,12401
Kylie Murname,2019-05-08,['Determined'],['Overbearing'],Yes,Yes,Yes,Pass,Engineering,12402
Dalt Le Grand,2019-05-15,['Critical Thinking'],"['Undisciplined', 'Passive']",Yes,Yes,Yes,Pass,Engineering,12403
Lee Mcilmorow,2019-05-28,"['Listening', 'Empathy']","['Selfish', 'Impatient', 'Passive']",Yes,Yes,Yes,Fail,Data,12404
Alison Tranckle,2019-05-23,"['Passionate', 'Listening', 'Patient']",['Critical'],Yes,Yes,Yes,Pass,Data,12405
Deonne Prott,2019-05-30,['Ambitious'],"['Intolerant', 'Indifferent']",Yes,Yes,Yes,Pass,Business,12406
Verney Skehan,2019-05-01,"['Ambitious', 'Consistent']","['Overbearing', 'Critical']",No,Yes,Yes,Fail,Engineering,12407
Christina Fumagalli,2019-05-21,['Composure'],"['Selfish', 'Stubborn', 'Distracted']",Yes,Yes,Yes,Pass,Data,12408
Raquela Armand,2019-05-14,"['Critical Thinking', 'Empathy']","['Slow', 'Distracted', 'Conventional']",Yes,Yes,Yes,Fail,Data,12409
Chantal Mailes,2019-05-02,"['Courteous', 'Perfectionism', 'Ambitious']","['Indifferent', 'Distracted', 'Impulsive']",Yes,Yes,Yes,Pass,Engineering,12410
Lambert Santori,2019-05-09,['Rational'],"['Impulsive', 'Undisciplined']",Yes,Yes,Yes,Pass,Data,12411
Rainer Josefovic,2019-05-15,['Charisma'],"['Introverted', 'Undisciplined', 'Impulsive']",No,Yes,Yes,Fail,Data,12412
Selestina Mcbean,2019-05-15,"['Problem Solving', 'Altruism']","['Indecisive', 'Intolerant', 'Overbearing']",Yes,Yes,Yes,Pass,Data,12413
Gaylor Wildblood,2019-05-21,['Innovative'],"['Undisciplined', 'Distracted']",Yes,Yes,No,Fail,Data,12414
Terrance Wolfinger,2019-05-07,"['Reliable', 'Determined']",['Impulsive'],Yes,Yes,No,Fail,Engineering,12415
Marlyn Palleske,2019-05-14,"['Perfectionism', 'Reliable']","['Stubborn', 'Perfectionist']",Yes,Yes,Yes,Pass,Engineering,12416
Jim Joint,2019-05-28,"['Listening', 'Passionate']","['Passive', 'Chaotic']",Yes,Yes,Yes,Pass,Engineering,12417
Alain Peinton,2019-05-15,"['Consistent', 'Independent']","['Competitive', 'Selfish', 'Chatty']",Yes,Yes,No,Fail,Data,12418
Heindrick Mckiddin,2019-05-16,"['Empathy', 'Determined', 'Creative']","['Introverted', 'Indifferent']",Yes,Yes,Yes,Pass,Data,12419
Benedikt Scogings,2019-05-16,['Critical Thinking'],"['Intolerant', 'Slow']",Yes,Yes,Yes,Pass,Data,12420
Sandor Atack,2019-05-29,"['Versatile', 'Passionate']","['Slow', 'Controlling']",Yes,No,Yes,Fail,Data,12421
Abey Lightollers,2019-05-16,"['Versatile', 'Consistent']","['Sensitive', 'Perfectionist', 'Passive']",Yes,No,Yes,Fail,Data,12422
Brittney Reimer,2019-05-28,['Competitive'],['Intolerant'],Yes,No,Yes,Fail,Engineering,12423
Renado Arnaldo,2019-05-23,['Reliable'],"['Controlling', 'Indifferent']",No,Yes,No,Fail,Data,12424
Dean Burnup,2019-05-02,"['Passionate', 'Organisation']","['Conventional', 'Overbearing', 'Immature']",Yes,Yes,Yes,Pass,Business,12425
Lucian Luckin,2019-05-23,['Creative'],"['Competitive', 'Selfish']",Yes,Yes,Yes,Pass,Data,12426
Janelle Forbear,2019-05-30,"['Curious', 'Competitive']",['Competitive'],Yes,Yes,Yes,Pass,Data,12427
Wanids Glidder,2019-05-29,"['Innovative', 'Perfectionism']","['Procrastination', 'Distracted']",No,Yes,No,Fail,Business,12428
Julia Llorens,2019-05-09,"['Independent', 'Versatile', 'Problem Solving']","['Chaotic', 'Anxious']",Yes,Yes,Yes,Pass,Business,12429
Bernice Niblett,2019-05-01,"['Rational', 'Curious']",['Impatient'],Yes,Yes,Yes,Pass,Engineering,12430
Emile Vint,2019-05-22,"['Curious', 'Empathy', 'Altruism']","['Slow', 'Perfectionist', 'Chaotic']",Yes,Yes,Yes,Pass,Engineering,12431
Rina Soffe,2019-05-09,['Creative'],"['Critical', 'Controlling', 'Impatient']",Yes,Yes,Yes,Pass,Data,12432
Gerianne Bagge,2019-05-16,"['Competitive', 'Organisation']","['Conventional', 'Undisciplined']",Yes,Yes,Yes,Pass,Engineering,12433
Auberon O'Quin,2019-05-02,"['Courteous', 'Composure']",['Introverted'],Yes,Yes,Yes,Pass,Data,12434
Rik Jurick,2019-05-29,"['Ambitious', 'Curious']","['Impatient', 'Competitive', 'Immature']",Yes,Yes,No,Fail,Data,12435
Herby Tomaini,2019-05-14,"['Ambitious', 'Competitive', 'Innovative']",['Sensitive'],Yes,Yes,Yes,Pass,Business,12436
Gloria Hazlehurst,,"['Perfectionism', 'Critical Thinking']",['Controlling'],Yes,Yes,Yes,Pass,Business,12437
Tabor Veltman,2019-05-23,['Problem Solving'],"['Competitive', 'Selfish']",Yes,Yes,Yes,Pass,Business,12438
Rhys Yakebovich,2019-05-02,['Reliable'],"['Conventional', 'Chaotic', 'Anxious']",No,Yes,Yes,Fail,Data,12439
Denny Enga,2019-05-15,"['Problem Solving', 'Listening']",['Indecisive'],Yes,Yes,Yes,Pass,Business,12440
Correy Moulds,2019-05-29,"['Organisation', 'Perfectionism']","['Conventional', 'Indecisive']",Yes,Yes,No,Fail,Engineering,12441
Silvie Allderidge,2019-05-07,"['Competitive', 'Courteous', 'Listening']",['Controlling'],No,Yes,Yes,Fail,Data,12442
Gilbertine Matteoni,2019-05-02,"['Rational', 'Creative', 'Passionate']","['Passive', 'Slow', 'Competitive']",Yes,No,Yes,Fail,Engineering,12443
Rooney Crosston,2019-05-09,['Charisma'],['Overbearing'],No,Yes,No,Fail,Engineering,12444
Hedwig Albutt,2019-05-29,"['Ambitious', 'Efficient', 'Composure']",['Indecisive'],Yes,Yes,Yes,Pass,Data,12445
Jeromy Fomichkin,2019-05-28,"['Charisma', 'Versatile']","['Conventional', 'Slow']",Yes,Yes,Yes,Pass,Engineering,12446
Benedicto Hundey,2019-05-21,"['Collaboration', 'Composure']","['Conventional', 'Selfish', 'Competitive']",Yes,Yes,Yes,Pass,Data,12447
Brandi Alvarado,2019-05-08,"['Efficient', 'Determined', 'Versatile']","['Introverted', 'Impatient', 'Critical']",Yes,Yes,No,Fail,Data,12448
Robinson Stickles,2019-05-28,"['Composure', 'Collaboration', 'Reliable']",['Slow'],Yes,Yes,Yes,Fail,Data,12449
Dalis Gambles,2019-05-29,"['Consistent', 'Collaboration', 'Perfectionism']",['Introverted'],Yes,Yes,No,Fail,Data,12450
Sydney Pigot,2019-05-29,"['Perfectionism', 'Reliable', 'Courteous']","['Procrastination', 'Anxious']",Yes,No,Yes,Fail,Data,12451
Jemmie Boome,2019-05-08,"['Organisation', 'Empathy', 'Passionate']","['Chaotic', 'Indecisive', 'Distracted']",Yes,No,Yes,Fail,Data,12452
Nicolea Blazynski,2019-05-22,"['Ambitious', 'Critical Thinking']","['Slow', 'Sensitive', 'Perfectionist']",Yes,Yes,Yes,Pass,Business,12453
Susie Ciccoloi,2019-05-01,"['Organisation', 'Rational']",['Slow'],Yes,Yes,Yes,Pass,Data,12454
Sigmund Moulin,2019-05-23,['Listening'],"['Critical', 'Selfish']",Yes,Yes,Yes,Pass,Business,12455
Danya Collick,2019-05-21,"['Critical Thinking', 'Composure', 'Courteous']",['Procrastination'],Yes,Yes,Yes,Pass,Data,12456
Donalt Kincey,2019-05-29,"['Efficient', 'Collaboration']","['Anxious', 'Impatient']",Yes,Yes,Yes,Pass,Data,12457
Jedidiah Bennett,2019-05-22,"['Efficient', 'Versatile']","['Anxious', 'Impulsive']",Yes,Yes,Yes,Pass,Engineering,12458
Tessy Spurgeon,2019-05-08,"['Critical Thinking', 'Independent']",['Critical'],Yes,Yes,Yes,Pass,Data,12459
Karrah Chatters,2019-05-14,['Innovative'],"['Overbearing', 'Perfectionist', 'Selfish']",No,Yes,Yes,Fail,Data,12460
Filberto Annis,2019-05-16,['Passionate'],['Controlling'],No,Yes,Yes,Fail,Data,12461
Burtie Garfitt,2019-05-02,['Altruism'],"['Slow', 'Stubborn', 'Overbearing']",Yes,Yes,Yes,Pass,Business,12462
Tab Shitliff,2019-05-14,['Determined'],"['Distracted', 'Controlling']",Yes,Yes,Yes,Pass,Engineering,12463
Allistir Langrick,2019-05-30,"['Courteous', 'Listening']","['Anxious', 'Intolerant', 'Immature']",Yes,Yes,Yes,Pass,Engineering,12464
Loree Abbot,2019-05-07,"['Perfectionism', 'Courteous', 'Passionate']","['Stubborn', 'Sensitive', 'Immature']",Yes,Yes,Yes,Pass,Engineering,12465
Augustus Korba,2019-05-14,['Competitive'],['Chaotic'],Yes,No,Yes,Fail,Data,12466
Corney Kolinsky,2019-05-01,"['Composure', 'Problem Solving', 'Ambitious']",['Impulsive'],No,No,Yes,Fail,Data,12467
Haskel Oldroyde,2019-05-29,"['Courteous', 'Listening']",['Perfectionist'],Yes,Yes,Yes,Pass,Data,12468
Melanie Dawbury,2019-05-14,['Empathy'],['Intolerant'],Yes,Yes,Yes,Pass,Business,12469
Burnard Antonsson,2019-05-02,"['Courteous', 'Innovative']","['Intolerant', 'Chaotic', 'Indecisive']",Yes,No,Yes,Fail,Engineering,12470
Saree Schwand,2019-05-02,"['Critical Thinking', 'Independent', 'Competitive']",['Selfish'],Yes,Yes,No,Fail,Engineering,12471
Darrin Perrelle,2019-05-29,"['Critical Thinking', 'Determined']","['Impulsive', 'Anxious', 'Selfish']",Yes,Yes,Yes,Pass,Data,12472
Roze Kyles,2019-05-07,['Empathy'],"['Distracted', 'Sensitive', 'Intolerant']",Yes,No,Yes,Fail,Engineering,12473
Janina Muncer,2019-05-30,"['Altruism', 'Rational', 'Passionate']",['Chaotic'],Yes,Yes,Yes,Pass,Engineering,12474
Scarlett Ciccarello,2019-05-02,"['Rational', 'Perfectionism', 'Passionate']","['Stubborn', 'Chaotic', 'Passive']",Yes,Yes,Yes,Pass,Engineering,12475
Benson Syncke,2019-05-01,['Problem Solving'],['Indifferent'],Yes,Yes,No,Fail,Data,12476
Halsey Broader,2019-05-01,"['Curious', 'Efficient', 'Perfectionism']","['Critical', 'Chaotic', 'Anxious']",Yes,Yes,Yes,Pass,Data,12477
Sukey Donisi,2019-05-23,"['Composure', 'Efficient']","['Chatty', 'Overbearing', 'Impulsive']",No,No,Yes,Fail,Data,12478
Marcy Treat,2019-05-14,"['Altruism', 'Competitive', 'Determined']","['Indecisive', 'Intolerant']",Yes,Yes,Yes,Pass,Data,12479
Gabbey Caesman,2019-11-13,"['Patient', 'Determined', 'Innovative']","['Procrastination', 'Slow']",Yes,Yes,Yes,Pass,Engineering,12480
Morley Battell,2019-11-12,"['Perfectionism', 'Versatile']",['Conventional'],Yes,Yes,Yes,Pass,Data,12481
Sidnee Hollows,2019-11-12,['Innovative'],"['Anxious', 'Immature', 'Stubborn']",No,Yes,Yes,Fail,Engineering,12482
Dorie Speares,2019-11-14,"['Innovative', 'Curious']","['Chatty', 'Competitive', 'Immature']",Yes,Yes,Yes,Pass,Data,12483
Junie Jeanequin,2019-11-14,"['Courteous', 'Listening', 'Altruism']",['Indecisive'],Yes,Yes,No,Fail,Engineering,12484
Cati Geane,2019-11-20,"['Composure', 'Creative', 'Patient']",['Critical'],Yes,Yes,Yes,Pass,Engineering,12485
Conny Samms,2019-11-13,['Collaboration'],"['Impatient', 'Procrastination', 'Indifferent']",Yes,Yes,Yes,Pass,Engineering,12486
Myrna Stiff,2019-11-14,"['Efficient', 'Critical Thinking', 'Competitive']",['Chatty'],Yes,Yes,Yes,Pass,Engineering,12487
Monah Brimmacombe,2019-11-13,['Altruism'],['Perfectionist'],Yes,Yes,Yes,Fail,Business,12488
Gaspar Moir,2019-11-13,['Patient'],['Immature'],Yes,No,No,Fail,Engineering,12489
Elle Totton,2019-11-21,"['Altruism', 'Determined', 'Creative']",['Distracted'],Yes,Yes,No,Fail,Engineering,12490
Pieter Snozzwell,2019-11-14,"['Altruism', 'Versatile', 'Efficient']","['Overbearing', 'Anxious', 'Impatient']",Yes,Yes,Yes,Pass,Data,12491
Anthiathia Guirau,2019-11-05,"['Creative', 'Rational']","['Undisciplined', 'Distracted', 'Chaotic']",Yes,Yes,Yes,Pass,Engineering,12492
Jon Mcmenamy,2019-11-13,['Critical Thinking'],"['Sensitive', 'Procrastination', 'Intolerant']",Yes,No,Yes,Fail,Business,12493
Kimmi Graddell,2019-11-06,"['Perfectionism', 'Charisma', 'Competitive']","['Selfish', 'Controlling']",Yes,Yes,Yes,Pass,Data,12494
Lindsey Anstey,2019-11-27,"['Perfectionism', 'Courteous', 'Reliable']","['Chaotic', 'Slow']",No,No,Yes,Fail,Business,12495
Mona Orviss,2019-11-19,"['Competitive', 'Perfectionism']","['Procrastination', 'Overbearing']",Yes,Yes,Yes,Pass,Business,12496
Chandler Grinov,2019-11-20,['Perfectionism'],['Impulsive'],Yes,Yes,Yes,Pass,Engineering,12497
Garry Nornasell,2019-11-05,"['Listening', 'Critical Thinking']","['Slow', 'Immature']",Yes,Yes,Yes,Pass,Data,12498
Everett O'Clery,2019-11-20,"['Rational', 'Listening']","['Chatty', 'Anxious', 'Procrastination']",Yes,Yes,Yes,Pass,Business,12499
Serge De Leek,2019-11-26,"['Collaboration', 'Altruism']","['Sensitive', 'Procrastination']",Yes,Yes,Yes,Fail,Data,12500
Ezekiel Himsworth,2019-11-05,"['Creative', 'Charisma', 'Consistent']",['Introverted'],No,Yes,No,Fail,Business,12501
Aggi Shilling,2019-11-21,['Efficient'],['Stubborn'],Yes,Yes,Yes,Fail,Engineering,12502
Ximenes Beckers,2019-11-06,"['Versatile', 'Rational', 'Empathy']",['Selfish'],Yes,Yes,Yes,Pass,Data,12504
Mabel Wattins,2019-11-27,['Perfectionism'],['Stubborn'],Yes,Yes,Yes,Fail,Business,12505
Sim Baudains,2019-11-12,"['Perfectionism', 'Problem Solving', 'Curious']","['Critical', 'Stubborn']",Yes,Yes,Yes,Pass,Engineering,12506
Garvy Dinsdale,2019-11-28,"['Listening', 'Innovative', 'Curious']","['Critical', 'Selfish']",Yes,Yes,Yes,Pass,Business,12507
Benton Cullen,2019-11-27,"['Rational', 'Problem Solving']",['Sensitive'],Yes,Yes,Yes,Pass,Data,12508
Adria Raiker,2019-11-20,"['Charisma', 'Reliable', 'Curious']","['Indifferent', 'Introverted']",Yes,Yes,Yes,Pass,Data,12509
Chrysa Guildford,2019-11-05,"['Curious', 'Competitive', 'Ambitious']",['Undisciplined'],Yes,Yes,Yes,Pass,Business,12510
Sharron Starling,2019-11-26,"['Efficient', 'Innovative']",['Chaotic'],Yes,Yes,Yes,Pass,Data,12511
Daffi Flaune,2019-11-07,"['Composure', 'Critical Thinking']","['Indecisive', 'Stubborn']",Yes,Yes,No,Fail,Data,12512
Bethany Challicum,2019-11-21,['Perfectionism'],"['Critical', 'Indecisive']",Yes,Yes,Yes,Pass,Engineering,12513
Maegan Chadd,2019-11-26,"['Independent', 'Problem Solving']","['Indecisive', 'Overbearing']",Yes,Yes,Yes,Pass,Engineering,12514
Claudelle Vasnetsov,2019-11-27,"['Determined', 'Creative', 'Innovative']","['Anxious', 'Critical', 'Perfectionist']",Yes,Yes,Yes,Pass,Business,12515
Ulrick Swane,2019-11-26,"['Versatile', 'Courteous', 'Independent']",['Selfish'],Yes,Yes,Yes,Pass,Engineering,12516
Arne Dybell,2019-11-20,"['Composure', 'Ambitious', 'Innovative']",['Undisciplined'],Yes,Yes,Yes,Pass,Business,12517
Meade Isakovic,2019-11-21,"['Innovative', 'Altruism', 'Organisation']","['Chatty', 'Indecisive', 'Introverted']",Yes,Yes,No,Fail,Business,12518
Waring Ilsley,2019-11-06,['Consistent'],['Anxious'],Yes,No,Yes,Fail,Data,12519
Lindy Croyden,2019-11-14,"['Curious', 'Determined', 'Innovative']",['Immature'],Yes,Yes,Yes,Pass,Business,12520
Rebekah Sugge,2019-11-19,"['Consistent', 'Courteous', 'Perfectionism']",['Anxious'],Yes,No,Yes,Fail,Data,12521
Frasco Ekkel,2019-11-05,"['Perfectionism', 'Collaboration']","['Undisciplined', 'Slow']",Yes,Yes,No,Fail,Data,12522
Annora Mensler,2019-11-20,"['Versatile', 'Listening']","['Indecisive', 'Conventional', 'Impatient']",No,Yes,Yes,Fail,Business,12523
Trudie Syers,2019-11-14,['Curious'],['Stubborn'],Yes,Yes,Yes,Pass,Data,12524
Heidie Zanetto,2019-11-12,"['Organisation', 'Efficient']","['Indecisive', 'Perfectionist']",Yes,Yes,Yes,Pass,Data,12525
Konstanze Trynor,2019-11-27,"['Rational', 'Critical Thinking', 'Composure']",['Procrastination'],Yes,Yes,Yes,Pass,Business,12526
Giff Dukes,2019-11-26,"['Collaboration', 'Passionate']",['Impulsive'],Yes,Yes,Yes,Pass,Engineering,12527
Hashim Jollye,2019-11-20,"['Problem Solving', 'Creative', 'Empathy']","['Passive', 'Selfish', 'Chatty']",Yes,Yes,Yes,Pass,Business,12528
Livvie Schneidau,2019-11-20,['Critical Thinking'],"['Sensitive', 'Impulsive', 'Overbearing']",Yes,Yes,Yes,Pass,Data,12529
Yvon Fry,2019-11-14,['Versatile'],"['Competitive', 'Controlling']",Yes,Yes,Yes,Pass,Data,12530
Christa Troughton,2019-11-13,"['Determined', 'Patient']","['Undisciplined', 'Immature']",No,Yes,Yes,Fail,Engineering,12531
Consuelo Pengelley,2019-11-27,"['Collaboration', 'Creative']","['Procrastination', 'Distracted']",No,Yes,Yes,Fail,Data,12532
Jourdain Bertlin,2019-11-20,"['Independent', 'Passionate', 'Creative']","['Sensitive', 'Impatient']",No,Yes,Yes,Fail,Business,12533
Madison Getch,2019-11-12,['Independent'],"['Overbearing', 'Chatty', 'Stubborn']",Yes,Yes,Yes,Pass,Data,12534
Koralle Bartocci,2019-11-27,"['Ambitious', 'Competitive']","['Impatient', 'Passive']",Yes,Yes,Yes,Pass,Business,12535
Aimee Pedrazzi,2019-11-14,"['Collaboration', 'Listening']",['Slow'],Yes,Yes,Yes,Fail,Business,12536
Bibbie Gosford,2019-11-27,['Charisma'],"['Chatty', 'Impatient']",Yes,Yes,Yes,Pass,Data,12537
Fin Lung,2019-11-28,['Composure'],"['Overbearing', 'Impatient']",Yes,Yes,Yes,Pass,Engineering,12538
Mordy Karlsson,2019-11-20,"['Courteous', 'Versatile', 'Independent']",['Indecisive'],Yes,Yes,No,Fail,Engineering,12539
Emmalee Peaple,2019-11-13,"['Altruism', 'Charisma', 'Rational']",['Indecisive'],Yes,Yes,Yes,Pass,Data,12540
Tabbatha Dendon,2019-11-21,"['Curious', 'Innovative', 'Courteous']","['Critical', 'Distracted']",Yes,Yes,No,Fail,Data,12541
Lorita Litchmore,2019-11-14,"['Collaboration', 'Organisation', 'Creative']",['Conventional'],Yes,Yes,No,Fail,Data,12542
Stewart Lock,2019-11-06,"['Courteous', 'Ambitious', 'Composure']","['Perfectionist', 'Intolerant', 'Indecisive']",Yes,Yes,Yes,Fail,Engineering,12543
Shandie Muir,2019-11-28,"['Courteous', 'Problem Solving']","['Controlling', 'Selfish']",Yes,Yes,Yes,Pass,Engineering,12544
Trixie Macmechan,2019-11-20,"['Reliable', 'Independent']","['Impatient', 'Sensitive', 'Critical']",Yes,Yes,Yes,Pass,Data,12545
Dwain Busby,2019-11-20,['Curious'],"['Intolerant', 'Indecisive', 'Controlling']",No,Yes,Yes,Fail,Engineering,12546
Teirtza Docharty,2019-11-19,"['Empathy', 'Curious', 'Ambitious']",['Controlling'],Yes,Yes,Yes,Pass,Data,12547
Murvyn Aers,2019-11-12,"['Organisation', 'Rational']","['Controlling', 'Indifferent']",Yes,Yes,Yes,Pass,Data,12548
Vincents Prigg,2019-11-14,"['Empathy', 'Organisation']",['Chatty'],Yes,Yes,Yes,Pass,Business,12549
Marshal Darycott,2019-11-05,"['Composure', 'Curious', 'Consistent']","['Overbearing', 'Impulsive', 'Perfectionist']",Yes,Yes,Yes,Pass,Engineering,12550
Rosy Osband,2019-11-07,"['Independent', 'Versatile', 'Consistent']",['Stubborn'],Yes,No,Yes,Fail,Business,12551
Bamby Halksworth,2019-11-21,['Independent'],"['Indecisive', 'Critical']",Yes,Yes,Yes,Pass,Business,12552
Carola Andrews,2019-11-06,"['Collaboration', 'Innovative', 'Listening']",['Stubborn'],No,Yes,Yes,Fail,Engineering,12553
Bil Pears,2019-11-27,['Independent'],"['Impatient', 'Passive', 'Impulsive']",Yes,Yes,Yes,Pass,Business,12554
Ingamar Mackrell,2019-11-13,['Ambitious'],"['Slow', 'Chatty']",Yes,No,Yes,Fail,Business,12555
Lib Halliburton,2019-11-28,"['Innovative', 'Organisation', 'Composure']",['Conventional'],Yes,Yes,Yes,Pass,Engineering,12556
Selma O'Brogane,2019-11-12,"['Determined', 'Charisma']","['Stubborn', 'Introverted', 'Sensitive']",Yes,Yes,Yes,Pass,Data,12557
Archibold Spikeings,2019-11-06,"['Versatile', 'Empathy', 'Collaboration']",['Perfectionist'],Yes,Yes,Yes,Pass,Engineering,12558
Patricio Dyter,2019-11-27,"['Empathy', 'Consistent']","['Introverted', 'Intolerant']",Yes,Yes,Yes,Pass,Business,12559
Murray Armfirld,2019-11-12,['Reliable'],"['Sensitive', 'Anxious', 'Conventional']",No,Yes,Yes,Fail,Engineering,12560
Michele Bristowe,2019-11-27,"['Efficient', 'Rational', 'Creative']","['Impatient', 'Critical', 'Procrastination']",Yes,Yes,Yes,Pass,Engineering,12561
Zilvia Byrcher,2019-11-05,"['Rational', 'Creative']",['Overbearing'],Yes,Yes,No,Fail,Data,12562
Rosalinda Clutten,2019-11-06,"['Efficient', 'Versatile']","['Overbearing', 'Stubborn']",Yes,No,Yes,Fail,Engineering,12563
Donalt Pinkstone,2019-11-28,"['Collaboration', 'Efficient']","['Competitive', 'Immature', 'Introverted']",Yes,Yes,Yes,Pass,Engineering,12564
Mose Bolle,2019-11-06,"['Charisma', 'Critical Thinking', 'Independent']","['Sensitive', 'Distracted', 'Indecisive']",Yes,Yes,Yes,Pass,Business,12565
Rafaelia Cowe,2019-11-28,"['Courteous', 'Efficient', 'Problem Solving']","['Slow', 'Conventional']",Yes,Yes,Yes,Pass,Business,12566
Alyse Thiese,2019-11-07,['Rational'],"['Stubborn', 'Competitive']",Yes,No,Yes,Fail,Data,12567
Channa Piser,2019-11-21,['Perfectionism'],['Chaotic'],Yes,Yes,Yes,Fail,Data,12568
Kanya Jobling,2019-11-26,"['Curious', 'Collaboration']","['Distracted', 'Competitive']",Yes,Yes,Yes,Pass,Data,12569
Lucias Haggarty,2019-11-12,"['Empathy', 'Reliable', 'Critical Thinking']","['Chatty', 'Competitive', 'Impulsive']",Yes,Yes,Yes,Pass,Engineering,12570
Tuckie Postgate,2019-11-28,['Versatile'],"['Impulsive', 'Indifferent']",Yes,Yes,Yes,Pass,Business,12571
Maitilde Blabey,2019-11-26,['Efficient'],"['Perfectionist', 'Introverted', 'Impatient']",Yes,Yes,Yes,Pass,Business,12572
Bev Ferri,2019-11-19,['Creative'],"['Indecisive', 'Distracted', 'Slow']",Yes,Yes,Yes,Pass,Data,12573
Garrick Yakobovicz,2019-11-07,"['Altruism', 'Innovative', 'Consistent']","['Undisciplined', 'Immature', 'Intolerant']",Yes,No,Yes,Fail,Business,12574
Derby Mcglashan,2019-11-20,"['Perfectionism', 'Curious', 'Determined']",['Slow'],Yes,Yes,Yes,Pass,Data,12575
Pall Mccluin,2019-11-21,"['Organisation', 'Courteous']","['Introverted', 'Impatient']",Yes,Yes,No,Fail,Data,12576
Ludvig La Grange,2019-11-12,['Determined'],"['Chaotic', 'Critical', 'Sensitive']",Yes,No,Yes,Fail,Business,12577
Juliane Jacobssen,2019-11-14,['Composure'],"['Undisciplined', 'Impatient', 'Distracted']",Yes,Yes,Yes,Pass,Data,12578
Vivianne Folliss,2019-11-26,"['Ambitious', 'Empathy']","['Overbearing', 'Procrastination']",No,Yes,Yes,Fail,Engineering,12579
Junie Rammell,2019-11-13,"['Composure', 'Creative']","['Selfish', 'Indecisive', 'Chatty']",Yes,Yes,Yes,Pass,Engineering,12580
Joice Stennet,2019-11-05,"['Rational', 'Empathy']",['Selfish'],No,Yes,Yes,Fail,Engineering,12581
Audie Pearman,2019-11-21,"['Problem Solving', 'Ambitious', 'Rational']","['Overbearing', 'Indifferent']",Yes,Yes,Yes,Pass,Business,12582
Horatia Tresise,2019-11-28,"['Versatile', 'Problem Solving', 'Passionate']","['Competitive', 'Chaotic', 'Selfish']",Yes,Yes,Yes,Pass,Data,12583
Shae Di Ruggiero,2019-11-13,"['Empathy', 'Efficient', 'Problem Solving']","['Competitive', 'Critical']",No,Yes,Yes,Fail,Engineering,12584
Justino Di Biasi,2019-11-07,['Rational'],['Chaotic'],No,Yes,Yes,Fail,Business,12585
Ferrell Iacobini,2019-11-20,"['Altruism', 'Rational']","['Indecisive', 'Impulsive']",Yes,Yes,Yes,Pass,Data,12586
Cacilie Rewcassell,2019-11-19,"['Passionate', 'Composure', 'Critical Thinking']","['Conventional', 'Perfectionist', 'Passive']",Yes,Yes,Yes,Pass,Business,12587
Tyler Traynor,2019-11-05,['Efficient'],['Selfish'],Yes,Yes,Yes,Pass,Business,12588
Kristin Bardill,2019-11-07,['Determined'],['Indifferent'],Yes,Yes,Yes,Pass,Business,12589
Elfrieda Becraft,2019-11-21,"['Independent', 'Efficient']","['Undisciplined', 'Indecisive']",Yes,Yes,Yes,Pass,Engineering,12590
Jayme Lieber,2019-11-12,"['Curious', 'Altruism']","['Indecisive', 'Selfish']",Yes,Yes,Yes,Pass,Business,12591
Syman Guynemer,2019-11-19,['Composure'],"['Passive', 'Stubborn', 'Intolerant']",Yes,Yes,Yes,Pass,Business,12592
Lannie Mcdonell,2019-11-14,"['Consistent', 'Critical Thinking']","['Competitive', 'Chatty']",Yes,Yes,No,Fail,Data,12593
Jedd Inggall,2019-11-27,"['Efficient', 'Creative']",['Chaotic'],Yes,Yes,Yes,Pass,Engineering,12594
Cherrita Wingate,2019-11-28,"['Patient', 'Creative']",['Stubborn'],Yes,Yes,Yes,Pass,Engineering,12595
Timmie Knudsen,2019-11-12,"['Problem Solving', 'Reliable', 'Independent']","['Intolerant', 'Passive', 'Perfectionist']",Yes,Yes,Yes,Pass,Business,12596
Tobias Whithorn,2019-11-06,"['Passionate', 'Courteous']","['Stubborn', 'Undisciplined', 'Critical']",Yes,Yes,Yes,Pass,Data,12597
Marketa Patton,2019-11-20,['Composure'],"['Impulsive', 'Introverted', 'Slow']",Yes,Yes,No,Fail,Business,12598
Say Kleinhausen,2019-11-05,"['Ambitious', 'Critical Thinking']","['Conventional', 'Impulsive']",Yes,Yes,Yes,Pass,Business,12599
Lyndsey Relph,2019-11-05,"['Creative', 'Curious']",['Sensitive'],Yes,Yes,Yes,Fail,Data,12600
Peggy Earnshaw,2019-11-14,['Rational'],"['Competitive', 'Impulsive', 'Overbearing']",Yes,Yes,Yes,Fail,Engineering,12601
Amalea Harrell,2019-11-27,['Critical Thinking'],"['Undisciplined', 'Stubborn', 'Indecisive']",Yes,Yes,Yes,Pass,Data,12602
Hilton Vedstra,2019-11-05,['Versatile'],['Impatient'],Yes,Yes,Yes,Pass,Business,12603
Edvard Kerford,2019-11-07,['Empathy'],['Impulsive'],Yes,Yes,No,Fail,Engineering,12604
Evita Gisby,2019-11-12,['Patient'],['Undisciplined'],Yes,No,Yes,Fail,Data,12605
Kirsteni Loren,2019-11-12,"['Rational', 'Composure']",['Selfish'],Yes,Yes,Yes,Pass,Engineering,12606
Sigismundo Shellibeer,2019-11-19,"['Organisation', 'Innovative', 'Competitive']","['Introverted', 'Chatty', 'Undisciplined']",Yes,Yes,Yes,Pass,Business,12607
Leicester Banker,2019-11-12,"['Consistent', 'Perfectionism']","['Immature', 'Passive']",Yes,Yes,Yes,Pass,Data,12608
Robinett Mcphate,2019-11-28,"['Listening', 'Ambitious', 'Composure']","['Overbearing', 'Intolerant']",Yes,Yes,Yes,Pass,Business,12609
Tallie Mortimer,2019-11-19,"['Reliable', 'Rational', 'Versatile']","['Selfish', 'Perfectionist', 'Introverted']",Yes,Yes,Yes,Pass,Business,12610
Emyle Byrth,2019-11-26,"['Empathy', 'Independent']","['Selfish', 'Passive', 'Slow']",Yes,Yes,Yes,Pass,Data,12611
Kelli Twiddell,2019-11-12,"['Courteous', 'Efficient', 'Ambitious']","['Indifferent', 'Sensitive']",Yes,No,Yes,Fail,Engineering,12612
Clementine Bradick,2019-11-27,['Critical Thinking'],"['Indecisive', 'Slow']",Yes,Yes,Yes,Pass,Engineering,12613
Orton Vermer,2019-11-26,"['Efficient', 'Listening']","['Controlling', 'Overbearing']",Yes,Yes,Yes,Pass,Data,12614
Burk Mackilpatrick,2019-11-19,"['Innovative', 'Versatile', 'Reliable']",['Critical'],Yes,Yes,Yes,Pass,Data,12615
Britni Hedditch,2019-11-20,"['Determined', 'Creative', 'Competitive']","['Procrastination', 'Competitive', 'Chatty']",Yes,Yes,Yes,Pass,Engineering,12616
Edin Bendle,2019-11-07,['Organisation'],['Competitive'],Yes,Yes,Yes,Pass,Engineering,12617
Jerrylee De Cruz,2019-11-26,"['Collaboration', 'Efficient', 'Composure']","['Impatient', 'Anxious', 'Indecisive']",Yes,Yes,Yes,Pass,Data,12618
Jessie Plampeyn,2019-11-05,"['Efficient', 'Curious']","['Selfish', 'Critical', 'Anxious']",No,Yes,Yes,Fail,Engineering,12619
Cristobal Furnival,2019-11-07,"['Competitive', 'Altruism', 'Reliable']",['Selfish'],Yes,No,No,Fail,Engineering,12620
Brandi Fennessy,2019-11-13,"['Collaboration', 'Innovative', 'Organisation']","['Chatty', 'Indecisive']",Yes,Yes,Yes,Fail,Engineering,12621
Julie Elcy,2019-11-21,['Passionate'],['Intolerant'],Yes,Yes,Yes,Pass,Business,12622
Karyn Huortic,2019-11-19,['Critical Thinking'],['Introverted'],Yes,Yes,Yes,Pass,Engineering,12623
Adan Gremane,2019-11-07,"['Rational', 'Consistent']",['Introverted'],Yes,Yes,Yes,Pass,Data,12624
Herrick Rixon,2019-11-20,"['Consistent', 'Passionate']","['Sensitive', 'Controlling']",Yes,Yes,No,Fail,Data,12625
Tabb Morgans,2019-11-14,"['Perfectionism', 'Creative']",['Selfish'],Yes,Yes,Yes,Pass,Business,12626
Cirstoforo Kerslake,2019-11-05,"['Consistent', 'Efficient']","['Competitive', 'Intolerant']",Yes,Yes,No,Fail,Business,12627
Brittaney Roskruge,2019-11-26,"['Consistent', 'Versatile']","['Slow', 'Perfectionist', 'Selfish']",Yes,Yes,Yes,Pass,Business,12628
Jesse Ten Broek,2019-11-05,['Critical Thinking'],"['Selfish', 'Perfectionist']",Yes,Yes,Yes,Pass,Data,12629
Candace Seppey,2019-11-20,"['Courteous', 'Listening', 'Versatile']","['Immature', 'Perfectionist', 'Controlling']",Yes,Yes,Yes,Pass,Engineering,12630
Clare Downey,2019-11-20,['Collaboration'],"['Chatty', 'Immature', 'Perfectionist']",Yes,No,No,Fail,Data,12631
Carmita Chillistone,2019-11-19,"['Ambitious', 'Charisma', 'Efficient']","['Critical', 'Competitive', 'Impulsive']",No,Yes,Yes,Fail,Engineering,12632
Brenna Mcgroarty,2019-11-06,"['Efficient', 'Empathy', 'Reliable']","['Selfish', 'Conventional']",Yes,Yes,Yes,Pass,Data,12633
Trumann Carillo,2019-11-13,"['Critical Thinking', 'Altruism', 'Determined']","['Immature', 'Sensitive']",Yes,Yes,Yes,Pass,Engineering,12634
Oralie Mussolini,2019-11-07,"['Perfectionism', 'Ambitious']","['Indifferent', 'Chaotic', 'Competitive']",Yes,Yes,No,Fail,Engineering,12635
Eunice Marguerite,2019-11-13,"['Rational', 'Consistent']","['Selfish', 'Competitive']",Yes,Yes,Yes,Pass,Data,12636
Reginauld Pedroli,2019-11-14,"['Courteous', 'Perfectionism', 'Altruism']","['Chatty', 'Conventional', 'Distracted']",Yes,Yes,Yes,Pass,Data,12637
Cati Nucator,2019-11-13,"['Ambitious', 'Patient', 'Passionate']",['Slow'],Yes,Yes,Yes,Pass,Data,12639
Electra De Werk,2019-11-07,['Organisation'],['Indifferent'],Yes,Yes,Yes,Pass,Engineering,12640
Ainsley Gogerty,2019-11-27,"['Passionate', 'Critical Thinking']","['Conventional', 'Competitive']",Yes,Yes,No,Fail,Business,12641
Frayda Crickmoor,2019-11-28,"['Determined', 'Consistent', 'Curious']","['Selfish', 'Critical']",Yes,Yes,Yes,Pass,Engineering,12642
Suzanna Dunstall,,"['Versatile', 'Patient']",['Selfish'],Yes,Yes,Yes,Fail,Business,12643
Alastair Filipowicz,2019-11-27,['Competitive'],"['Intolerant', 'Slow']",Yes,Yes,Yes,Pass,Business,12644
Amble Dimitru,2019-11-07,"['Innovative', 'Reliable', 'Curious']","['Indifferent', 'Sensitive']",Yes,Yes,Yes,Pass,Business,12645
Brander Vicent,2019-11-27,"['Consistent', 'Versatile']","['Critical', 'Procrastination', 'Chatty']",Yes,Yes,Yes,Pass,Business,12646
Michel Gouth,2019-11-05,"['Passionate', 'Rational', 'Versatile']","['Chatty', 'Slow', 'Controlling']",No,Yes,Yes,Fail,Data,12647
Staci Furlow,2019-11-13,"['Determined', 'Courteous']","['Impatient', 'Overbearing']",Yes,Yes,Yes,Pass,Data,12648
Hurleigh Segar,2019-11-13,"['Consistent', 'Organisation']",['Undisciplined'],Yes,Yes,Yes,Pass,Business,12649
Geneva Beldon,2019-11-27,['Curious'],"['Chatty', 'Passive', 'Introverted']",Yes,Yes,Yes,Pass,Business,12650
Far Rapi,2019-11-13,"['Courteous', 'Altruism', 'Collaboration']","['Immature', 'Critical', 'Impatient']",Yes,Yes,Yes,Pass,Engineering,12651
Adams Lux,2019-11-27,"['Empathy', 'Perfectionism']","['Competitive', 'Stubborn']",No,Yes,Yes,Fail,Data,12652
Jonie Getley,2019-11-13,['Independent'],['Perfectionist'],No,Yes,Yes,Fail,Engineering,12653
Gar Sill,2019-11-26,"['Perfectionism', 'Independent']","['Indifferent', 'Intolerant']",Yes,Yes,Yes,Pass,Data,12654
Adaline Warrender,2019-11-07,"['Perfectionism', 'Determined', 'Curious']","['Distracted', 'Impulsive']",Yes,Yes,Yes,Pass,Data,12655
Ainslee Spurgin,2019-11-20,"['Reliable', 'Versatile', 'Composure']","['Slow', 'Competitive']",Yes,Yes,Yes,Pass,Data,12656
Tad Worsley,2019-11-14,"['Efficient', 'Reliable']","['Controlling', 'Indifferent', 'Undisciplined']",Yes,Yes,Yes,Pass,Data,12657
Niven Cooling,2019-11-12,"['Independent', 'Problem Solving', 'Patient']","['Critical', 'Overbearing', 'Slow']",Yes,Yes,No,Fail,Business,12658
Delphinia Manie,2019-11-07,['Composure'],"['Undisciplined', 'Slow']",Yes,Yes,Yes,Pass,Engineering,12659
Lanny Willingham,2019-11-28,"['Organisation', 'Versatile']","['Passive', 'Introverted', 'Stubborn']",No,Yes,Yes,Fail,Engineering,12660
Anthiathia Broad,2019-11-12,['Determined'],"['Introverted', 'Immature', 'Indecisive']",Yes,Yes,Yes,Pass,Engineering,12661
Ernestus Crilley,2019-11-20,"['Courteous', 'Charisma']",['Indecisive'],Yes,Yes,Yes,Pass,Engineering,12662
Jessalyn Prewett,2019-11-26,"['Organisation', 'Consistent', 'Competitive']",['Slow'],Yes,Yes,Yes,Pass,Data,12663
Lawton Howley,2019-11-19,"['Reliable', 'Efficient', 'Listening']",['Immature'],Yes,Yes,Yes,Pass,Engineering,12664
Friedrick Yeates,2019-11-05,"['Determined', 'Problem Solving']","['Impulsive', 'Perfectionist']",Yes,Yes,Yes,Fail,Engineering,12665
Alair Patey,2019-11-19,"['Composure', 'Creative', 'Listening']","['Anxious', 'Passive']",Yes,Yes,Yes,Pass,Business,12666
Susannah Bengough,2019-11-12,"['Innovative', 'Problem Solving']",['Controlling'],Yes,Yes,Yes,Pass,Data,12667
Iggie Haslum,2019-11-07,"['Independent', 'Reliable', 'Altruism']","['Competitive', 'Sensitive']",Yes,Yes,Yes,Pass,Business,12668
Jed Durram,2019-11-14,['Determined'],"['Chatty', 'Indecisive', 'Immature']",Yes,Yes,Yes,Pass,Business,12669
Olga Pykett,2019-11-26,['Curious'],['Procrastination'],Yes,Yes,Yes,Pass,Engineering,12670
Ronica Martynikhin,2019-11-05,"['Critical Thinking', 'Consistent', 'Collaboration']","['Anxious', 'Impatient', 'Overbearing']",Yes,Yes,Yes,Pass,Data,12671
Milton Piers,2019-11-26,"['Empathy', 'Problem Solving']","['Procrastination', 'Indecisive', 'Slow']",Yes,Yes,Yes,Pass,Business,12672
Johnath Tufts,2019-11-06,"['Collaboration', 'Consistent', 'Innovative']","['Impulsive', 'Stubborn', 'Intolerant']",Yes,Yes,Yes,Pass,Business,12673
Robina Maccostye,2019-11-26,"['Charisma', 'Creative', 'Critical Thinking']","['Impatient', 'Procrastination', 'Chatty']",Yes,Yes,Yes,Pass,Engineering,12674
Giacopo Kyndred,2019-11-26,"['Determined', 'Competitive']","['Controlling', 'Passive']",Yes,Yes,Yes,Pass,Engineering,12675
Cesare Baylay,2019-11-27,"['Independent', 'Passionate', 'Curious']",['Anxious'],Yes,Yes,Yes,Pass,Engineering,12676
Rosmunda Brimicombe,2019-11-27,"['Innovative', 'Patient']","['Indifferent', 'Passive']",Yes,Yes,Yes,Pass,Business,12677
Luther Aimeric,2019-11-26,"['Listening', 'Competitive']","['Slow', 'Critical', 'Indecisive']",Yes,Yes,Yes,Pass,Data,12678
Anatole Burston,2019-11-12,"['Perfectionism', 'Versatile']","['Controlling', 'Impulsive']",Yes,Yes,Yes,Pass,Engineering,12679
Meridith Alonso,2019-11-06,"['Passionate', 'Composure', 'Innovative']","['Impulsive', 'Indifferent']",Yes,Yes,Yes,Fail,Engineering,12680
Tatum Jeannet,2019-11-27,"['Curious', 'Independent', 'Rational']",['Anxious'],Yes,Yes,Yes,Pass,Data,12681
Augustus Clowney,2019-11-21,['Courteous'],"['Anxious', 'Indecisive', 'Distracted']",No,Yes,No,Fail,Business,12682
Christan Mityashin,2019-11-19,"['Collaboration', 'Problem Solving', 'Empathy']","['Overbearing', 'Indifferent']",Yes,Yes,Yes,Pass,Business,12683
Veronica Petroff,2019-11-12,"['Perfectionism', 'Creative']","['Perfectionist', 'Sensitive', 'Introverted']",No,Yes,Yes,Fail,Business,12684
Shepherd Egalton,2019-11-07,"['Efficient', 'Innovative', 'Problem Solving']","['Distracted', 'Impulsive', 'Competitive']",Yes,Yes,Yes,Fail,Engineering,12685
Farlie Bukowski,2019-11-05,"['Organisation', 'Reliable']",['Passive'],Yes,No,Yes,Fail,Engineering,12686
Irwinn Goaks,2019-11-19,"['Charisma', 'Altruism', 'Competitive']","['Conventional', 'Anxious', 'Chaotic']",Yes,Yes,Yes,Fail,Business,12687
Harriot Tolchard,2019-11-05,['Efficient'],"['Stubborn', 'Indifferent']",Yes,Yes,Yes,Pass,Engineering,12688
Morton Trump,2019-11-20,['Listening'],"['Controlling', 'Slow', 'Critical']",Yes,Yes,Yes,Pass,Business,12689
Leigh Ajean,2019-11-20,"['Efficient', 'Passionate', 'Creative']",['Controlling'],Yes,Yes,Yes,Pass,Data,12690
Arny Dobrowolny,2019-11-19,"['Composure', 'Consistent', 'Versatile']","['Anxious', 'Slow', 'Chatty']",Yes,Yes,Yes,Pass,Data,12691
Elva Boldero,2019-11-05,"['Empathy', 'Determined']","['Stubborn', 'Distracted']",Yes,Yes,Yes,Pass,Engineering,12692
Darill Drane,2019-11-27,"['Independent', 'Versatile']","['Chaotic', 'Anxious', 'Impatient']",Yes,Yes,Yes,Pass,Business,12693
Paulette Lundbeck,2019-11-26,"['Patient', 'Passionate', 'Creative']","['Undisciplined', 'Critical', 'Anxious']",Yes,Yes,Yes,Pass,Business,12694
Marja Morfield,2019-11-28,['Empathy'],"['Impatient', 'Indifferent', 'Controlling']",Yes,Yes,Yes,Pass,Engineering,12695
Moira Rodenhurst,2019-11-07,"['Courteous', 'Critical Thinking', 'Perfectionism']","['Intolerant', 'Stubborn']",Yes,No,Yes,Fail,Engineering,12696
Sollie Spindler,2019-11-27,"['Critical Thinking', 'Competitive', 'Patient']",['Impatient'],Yes,Yes,Yes,Pass,Engineering,12697
Fredrick Giller,2019-11-05,"['Organisation', 'Altruism']","['Passive', 'Chaotic', 'Impulsive']",Yes,Yes,Yes,Pass,Data,12698
Dixie O' Flaherty,2019-10-08,"['Reliable', 'Determined']","['Chaotic', 'Impatient']",Yes,Yes,Yes,Pass,Engineering,12699
Sukey Benedicto,2019-10-29,"['Innovative', 'Organisation', 'Determined']","['Overbearing', 'Impatient', 'Undisciplined']",Yes,Yes,Yes,Pass,Engineering,12700
Floria Keunemann,2019-10-23,"['Independent', 'Creative', 'Curious']","['Chaotic', 'Selfish', 'Intolerant']",Yes,Yes,Yes,Pass,Data,12701
Raffaello Byneth,2019-10-23,"['Rational', 'Consistent']","['Slow', 'Chaotic']",Yes,Yes,Yes,Pass,Business,12702
Adlai Ferns,2019-10-29,['Charisma'],"['Impulsive', 'Anxious', 'Critical']",Yes,Yes,Yes,Pass,Engineering,12703
Any Shotbolt,2019-10-17,"['Consistent', 'Collaboration']","['Overbearing', 'Anxious']",Yes,No,Yes,Fail,Data,12704
Korry Kenworth,2019-10-17,['Perfectionism'],"['Impatient', 'Perfectionist', 'Anxious']",Yes,Yes,Yes,Pass,Business,12705
Curry Dunnan,2019-10-30,"['Independent', 'Critical Thinking', 'Efficient']","['Introverted', 'Perfectionist', 'Critical']",Yes,Yes,Yes,Pass,Data,12706
Chickie Dickens,2019-10-02,"['Critical Thinking', 'Listening', 'Creative']","['Undisciplined', 'Passive', 'Selfish']",Yes,Yes,No,Fail,Business,12707
Morie Beer,2019-10-23,"['Determined', 'Efficient', 'Competitive']",['Distracted'],Yes,Yes,Yes,Pass,Data,12708
Vic Massot,2019-10-23,"['Versatile', 'Critical Thinking']","['Perfectionist', 'Passive']",Yes,Yes,Yes,Pass,Engineering,12709
Ruby Batecok,2019-10-24,['Collaboration'],"['Overbearing', 'Undisciplined', 'Impulsive']",Yes,Yes,Yes,Pass,Business,12710
Mil Goodday,2019-10-08,"['Rational', 'Efficient']",['Overbearing'],Yes,No,Yes,Fail,Business,12711
Willabella Lanchberry,2019-10-30,"['Altruism', 'Consistent']",['Anxious'],Yes,Yes,No,Fail,Business,12712
Laurens Routham,2019-10-23,['Collaboration'],['Impulsive'],Yes,Yes,Yes,Pass,Data,12713
Luigi Methley,2019-10-22,['Collaboration'],['Overbearing'],Yes,Yes,No,Fail,Engineering,12714
Ashely Brittles,2019-10-17,"['Listening', 'Composure', 'Collaboration']","['Competitive', 'Anxious', 'Controlling']",Yes,Yes,Yes,Pass,Engineering,12715
Janna Wiffield,2019-10-31,['Curious'],['Impatient'],No,Yes,Yes,Fail,Business,12716
Chancey Bitten,2019-10-15,"['Collaboration', 'Composure']","['Stubborn', 'Overbearing']",Yes,Yes,Yes,Pass,Data,12717
Danella Leisk,2019-10-23,"['Consistent', 'Versatile']","['Distracted', 'Selfish']",Yes,Yes,Yes,Pass,Data,12718
Augusta Gilfoy,2019-10-29,"['Efficient', 'Organisation']","['Controlling', 'Overbearing']",Yes,Yes,Yes,Pass,Data,12719
Noland Origin,2019-10-15,"['Rational', 'Charisma']","['Competitive', 'Indecisive', 'Selfish']",Yes,Yes,Yes,Fail,Engineering,12720
Kasey Mattacks,2019-10-30,"['Ambitious', 'Perfectionism', 'Creative']","['Perfectionist', 'Competitive', 'Stubborn']",Yes,No,Yes,Fail,Engineering,12721
Sammie Beams,2019-10-17,['Listening'],"['Intolerant', 'Conventional']",Yes,Yes,Yes,Pass,Data,12722
Clay Perillo,2019-10-16,"['Patient', 'Composure']",['Indecisive'],Yes,Yes,Yes,Pass,Data,12723
Ramsey Divall,2019-10-10,"['Composure', 'Competitive']","['Slow', 'Indifferent', 'Passive']",Yes,Yes,Yes,Pass,Business,12724
Guilbert Leet,2019-10-02,"['Charisma', 'Determined', 'Listening']","['Perfectionist', 'Slow']",Yes,Yes,Yes,Pass,Business,12725
Agnesse Beeken,2019-10-30,"['Patient', 'Altruism', 'Versatile']","['Controlling', 'Stubborn']",Yes,Yes,Yes,Pass,Business,12726
Sam Mulvihill,2019-10-03,['Charisma'],"['Indecisive', 'Procrastination', 'Sensitive']",Yes,Yes,Yes,Pass,Data,12728
Adda Bromont,2019-10-17,"['Competitive', 'Altruism']","['Passive', 'Competitive']",Yes,No,Yes,Fail,Business,12729
Ferdy Dootson,2019-10-03,"['Curious', 'Charisma', 'Problem Solving']","['Immature', 'Chatty', 'Undisciplined']",Yes,Yes,Yes,Pass,Engineering,12730
Tami Studdal,2019-10-29,"['Reliable', 'Curious', 'Rational']","['Slow', 'Overbearing']",Yes,Yes,Yes,Fail,Data,12731
Sydelle Russo,2019-10-02,"['Versatile', 'Innovative', 'Courteous']","['Indifferent', 'Perfectionist', 'Intolerant']",Yes,Yes,Yes,Pass,Data,12732
Belia Murrigans,2019-10-03,"['Determined', 'Altruism']","['Sensitive', 'Intolerant', 'Impatient']",Yes,Yes,Yes,Pass,Data,12733
Hendrika Macleod,2019-10-29,"['Innovative', 'Altruism', 'Charisma']",['Controlling'],No,Yes,No,Fail,Engineering,12734
Evey Whiteland,2019-10-17,"['Courteous', 'Creative', 'Charisma']","['Sensitive', 'Procrastination', 'Impulsive']",Yes,Yes,Yes,Pass,Engineering,12735
Ethan Brookwood,2019-10-08,['Efficient'],['Critical'],Yes,Yes,Yes,Pass,Engineering,12736
Cathryn Leehane,2019-10-09,['Critical Thinking'],"['Passive', 'Distracted', 'Procrastination']",Yes,Yes,Yes,Pass,Engineering,12737
Carmelle Jado,2019-10-01,['Efficient'],"['Impulsive', 'Undisciplined']",Yes,Yes,Yes,Pass,Engineering,12738
Margaretta Gedling,2019-10-16,['Organisation'],['Procrastination'],Yes,Yes,Yes,Pass,Business,12739
Verine Pickring,2019-10-17,"['Perfectionism', 'Rational', 'Ambitious']","['Intolerant', 'Chaotic', 'Perfectionist']",No,No,Yes,Fail,Data,12740
Fair Lucia,2019-10-31,"['Consistent', 'Curious', 'Determined']","['Perfectionist', 'Intolerant', 'Competitive']",Yes,Yes,Yes,Pass,Engineering,12741
Drucie Bianco,,['Altruism'],"['Overbearing', 'Sensitive', 'Perfectionist']",Yes,Yes,Yes,Pass,Data,12742
Odell Dwire,2019-10-24,['Charisma'],"['Passive', 'Chaotic', 'Selfish']",Yes,Yes,No,Fail,Engineering,12743
Powell Wank,2019-10-10,['Listening'],"['Introverted', 'Procrastination']",Yes,Yes,Yes,Pass,Engineering,12744
Homer Sebborn,2019-10-31,['Creative'],"['Selfish', 'Distracted']",Yes,Yes,Yes,Pass,Business,12745
Tonye Hearl,2019-10-10,"['Collaboration', 'Independent']",['Distracted'],Yes,Yes,Yes,Pass,Business,12746
Sofia Cullivan,2019-10-22,['Listening'],"['Overbearing', 'Competitive']",Yes,Yes,Yes,Pass,Engineering,12747
Walt Kirkby,2019-10-17,['Perfectionism'],"['Anxious', 'Indecisive', 'Conventional']",Yes,Yes,Yes,Pass,Business,12748
Jens Tomaskunas,2019-10-23,['Empathy'],"['Chatty', 'Conventional']",No,No,Yes,Fail,Data,12749
Kathrine Sugar,2019-10-24,"['Listening', 'Consistent', 'Independent']","['Conventional', 'Intolerant']",Yes,Yes,Yes,Fail,Business,12750
Ruttger Whitrod,2019-10-08,"['Composure', 'Charisma', 'Competitive']","['Sensitive', 'Slow']",No,Yes,Yes,Fail,Engineering,12751
Haze Childes,2019-10-22,"['Innovative', 'Independent', 'Critical Thinking']",['Introverted'],Yes,Yes,Yes,Pass,Data,12752
Wallache Soldi,2019-10-03,"['Passionate', 'Perfectionism']",['Selfish'],No,Yes,No,Fail,Data,12753
Lindon Mee,2019-10-23,['Problem Solving'],"['Passive', 'Competitive', 'Undisciplined']",Yes,Yes,Yes,Pass,Data,12754
Bear Birrane,2019-10-08,['Efficient'],"['Passive', 'Perfectionist']",Yes,Yes,Yes,Pass,Data,12755
Cliff Knowlton,2019-10-10,"['Independent', 'Courteous', 'Listening']","['Passive', 'Impulsive']",Yes,No,Yes,Fail,Data,12756
Martita Hugle,2019-10-23,"['Rational', 'Composure']",['Controlling'],No,Yes,Yes,Fail,Engineering,12757
Claudia May,2019-10-01,"['Innovative', 'Listening', 'Perfectionism']","['Overbearing', 'Selfish', 'Conventional']",Yes,Yes,Yes,Pass,Business,12758
Mic Wilshire,2019-10-30,['Competitive'],"['Undisciplined', 'Indifferent']",Yes,Yes,Yes,Pass,Engineering,12759
Lew Bartlomieczak,2019-10-10,['Patient'],"['Chatty', 'Chaotic']",Yes,Yes,Yes,Pass,Data,12760
Correna Sutherel,2019-10-15,"['Versatile', 'Altruism']","['Indifferent', 'Controlling', 'Anxious']",Yes,No,Yes,Fail,Data,12761
Bartholomeo Keatley,2019-10-10,"['Ambitious', 'Passionate', 'Listening']","['Intolerant', 'Conventional']",Yes,Yes,Yes,Pass,Data,12762
Adel Kinrade,2019-10-10,"['Reliable', 'Composure']","['Impatient', 'Overbearing', 'Indifferent']",Yes,Yes,Yes,Pass,Data,12763
Phillip Headech,2019-10-31,"['Collaboration', 'Determined', 'Patient']",['Perfectionist'],Yes,Yes,Yes,Fail,Engineering,12764
Rossie Caitlin,2019-10-09,['Competitive'],"['Immature', 'Distracted']",Yes,Yes,Yes,Pass,Business,12765
Dina Mcgookin,2019-10-17,"['Curious', 'Collaboration']","['Overbearing', 'Conventional']",Yes,Yes,Yes,Pass,Business,12766
Lanie Romeuf,2019-10-24,"['Collaboration', 'Organisation']",['Competitive'],Yes,Yes,Yes,Fail,Business,12767
Warner Harse,2019-10-08,"['Courteous', 'Perfectionism']","['Critical', 'Anxious', 'Distracted']",Yes,Yes,Yes,Pass,Data,12768
Horace Scotford,2019-10-08,"['Ambitious', 'Listening', 'Charisma']","['Stubborn', 'Impatient', 'Critical']",Yes,Yes,Yes,Pass,Business,12769
Patten Tinman,2019-10-17,['Determined'],"['Procrastination', 'Anxious', 'Impatient']",Yes,Yes,Yes,Pass,Engineering,12770
Farlay Pitman,2019-10-24,"['Patient', 'Innovative', 'Listening']","['Indifferent', 'Slow', 'Introverted']",Yes,Yes,Yes,Pass,Business,12771
Lanni Arrowsmith,2019-10-30,"['Patient', 'Courteous', 'Versatile']",['Chatty'],Yes,Yes,No,Fail,Business,12772
Deana Lynds,2019-10-16,"['Consistent', 'Creative']","['Immature', 'Controlling']",Yes,Yes,Yes,Pass,Engineering,12773
Manuel Brownsword,2019-10-09,"['Innovative', 'Independent', 'Ambitious']","['Impatient', 'Overbearing']",Yes,Yes,Yes,Pass,Data,12774
Rogerio Woollhead,2019-10-09,['Competitive'],"['Controlling', 'Distracted']",Yes,Yes,Yes,Pass,Business,12775
Nefen Wolton,2019-10-30,"['Critical Thinking', 'Curious', 'Determined']","['Sensitive', 'Stubborn']",Yes,Yes,Yes,Fail,Business,12776
Kameko Wilmore,2019-10-23,"['Collaboration', 'Empathy']","['Distracted', 'Anxious']",Yes,Yes,No,Fail,Data,12777
Perla Haibel,2019-10-02,"['Innovative', 'Organisation']",['Intolerant'],Yes,No,Yes,Fail,Data,12778
Parrnell Wroe,2019-10-10,"['Versatile', 'Creative']",['Intolerant'],Yes,Yes,Yes,Fail,Engineering,12779
Carrie Fitzhenry,2019-10-23,"['Reliable', 'Collaboration']",['Intolerant'],Yes,Yes,No,Fail,Business,12780
Stephi Duckering,2019-10-29,"['Curious', 'Rational', 'Altruism']",['Critical'],Yes,Yes,Yes,Pass,Business,12781
Casper Willcott,2019-10-31,"['Charisma', 'Ambitious', 'Innovative']","['Selfish', 'Impatient', 'Passive']",Yes,Yes,Yes,Pass,Business,12782
Reuven Kneaphsey,2019-10-23,"['Determined', 'Competitive']","['Anxious', 'Chaotic', 'Controlling']",Yes,Yes,Yes,Pass,Business,12783
Alexis Adess,2019-10-10,['Perfectionism'],"['Anxious', 'Critical', 'Procrastination']",No,Yes,Yes,Fail,Business,12784
Nelie Chate,2019-10-23,"['Charisma', 'Rational', 'Innovative']","['Critical', 'Competitive']",Yes,Yes,No,Fail,Business,12785
Hatty Kinner,2019-10-23,"['Critical Thinking', 'Determined', 'Creative']",['Stubborn'],Yes,Yes,Yes,Fail,Business,12786
Chucho Kegan,2019-10-16,['Patient'],"['Critical', 'Immature']",Yes,Yes,Yes,Pass,Engineering,12787
Pauly Rebbeck,2019-10-10,"['Competitive', 'Empathy']","['Selfish', 'Introverted', 'Undisciplined']",Yes,Yes,Yes,Pass,Engineering,12788
Malvin Penrith,2019-10-10,"['Perfectionism', 'Charisma']","['Indifferent', 'Chaotic']",Yes,Yes,Yes,Pass,Data,12789
Nora Leyes,2019-10-23,"['Charisma', 'Innovative']","['Slow', 'Undisciplined']",Yes,Yes,Yes,Pass,Engineering,12790
Ginevra Kops,2019-10-01,['Listening'],"['Chatty', 'Introverted']",Yes,Yes,Yes,Pass,Engineering,12791
Lambert Fortnon,2019-10-01,"['Creative', 'Efficient', 'Curious']",['Procrastination'],Yes,Yes,Yes,Pass,Business,12792
Kristian Girhard,2019-10-31,"['Collaboration', 'Empathy']","['Anxious', 'Conventional', 'Perfectionist']",Yes,Yes,Yes,Pass,Engineering,12793
Elliot Chetwynd,2019-10-22,"['Rational', 'Creative', 'Organisation']","['Selfish', 'Chaotic']",Yes,Yes,Yes,Pass,Data,12794
Fabio Cattemull,2019-10-17,['Ambitious'],"['Chatty', 'Intolerant', 'Critical']",Yes,Yes,Yes,Pass,Business,12795
Alasteir Cootes,2019-10-02,"['Passionate', 'Ambitious', 'Independent']","['Indecisive', 'Slow', 'Passive']",Yes,Yes,Yes,Pass,Business,12796
Marianna Casa,2019-10-31,"['Independent', 'Rational', 'Organisation']","['Anxious', 'Controlling', 'Passive']",Yes,Yes,Yes,Pass,Business,12797
Eugene Tomlinson,2019-10-08,['Passionate'],"['Selfish', 'Impulsive']",Yes,Yes,Yes,Pass,Business,12798
Mariejeanne Seatter,2019-10-22,"['Composure', 'Organisation', 'Problem Solving']","['Distracted', 'Overbearing']",Yes,Yes,No,Fail,Business,12799
Eleni Alyukin,2019-10-22,"['Courteous', 'Competitive', 'Reliable']","['Chatty', 'Conventional']",Yes,Yes,No,Fail,Data,12800
Doretta Hallor,2019-10-15,"['Reliable', 'Composure']","['Chatty', 'Chaotic']",Yes,Yes,Yes,Pass,Engineering,12801
Wallie Pecha,2019-10-10,"['Critical Thinking', 'Reliable', 'Efficient']","['Sensitive', 'Anxious']",Yes,No,Yes,Fail,Data,12802
Pru Bilbee,2019-10-08,['Independent'],"['Indifferent', 'Undisciplined']",Yes,Yes,No,Fail,Business,12803
Dudley Whiles,2019-10-17,"['Passionate', 'Competitive', 'Ambitious']",['Perfectionist'],Yes,Yes,Yes,Pass,Engineering,12804
Vaughan Borchardt,2019-10-29,['Competitive'],"['Immature', 'Indifferent']",No,Yes,Yes,Fail,Data,12805
Tabbatha Kullmann,2019-10-09,"['Ambitious', 'Perfectionism']","['Passive', 'Indifferent']",Yes,Yes,Yes,Pass,Data,12806
Teirtza Ghion,2019-10-17,"['Efficient', 'Ambitious']","['Critical', 'Undisciplined', 'Immature']",Yes,No,Yes,Fail,Data,12807
Mary Darnbrough,2019-10-30,"['Charisma', 'Reliable']","['Chaotic', 'Stubborn', 'Selfish']",Yes,Yes,Yes,Pass,Business,12808
Maiga Griffin,2019-10-24,['Efficient'],['Indecisive'],Yes,Yes,Yes,Pass,Data,12809
Far Lubeck,2019-10-01,['Efficient'],"['Procrastination', 'Slow']",Yes,No,Yes,Fail,Data,12810
Tamas Stendall,2019-10-03,"['Passionate', 'Critical Thinking']",['Critical'],Yes,Yes,Yes,Pass,Engineering,12811
Markos Orwin,2019-10-22,"['Charisma', 'Patient']","['Stubborn', 'Anxious', 'Overbearing']",Yes,Yes,Yes,Pass,Data,12812
Tierney Twatt,2019-10-15,"['Perfectionism', 'Innovative']",['Immature'],Yes,Yes,No,Fail,Data,12813
Noel Dabnot,2019-10-08,['Composure'],['Impatient'],Yes,Yes,Yes,Pass,Data,12814
Kala Bock,2019-10-09,['Organisation'],"['Controlling', 'Perfectionist']",Yes,Yes,Yes,Pass,Business,12815
Audrye Knightley,2019-10-02,"['Organisation', 'Reliable']","['Immature', 'Impulsive', 'Indecisive']",Yes,Yes,Yes,Fail,Engineering,12816
Ashley Woodvine,2019-10-29,['Determined'],"['Impatient', 'Undisciplined', 'Intolerant']",Yes,Yes,Yes,Pass,Engineering,12817
Tiffany Laugherane,2019-10-24,"['Perfectionism', 'Independent']","['Distracted', 'Critical', 'Overbearing']",Yes,Yes,No,Fail,Engineering,12818
Daphene Barkly,2019-10-30,['Efficient'],['Impatient'],Yes,Yes,Yes,Fail,Data,12819
Janna Houlaghan,2019-10-30,['Curious'],"['Critical', 'Chatty', 'Conventional']",Yes,Yes,No,Fail,Business,12820
Florella Boays,2019-10-30,['Innovative'],['Selfish'],Yes,Yes,Yes,Pass,Engineering,12821
Karita Crissil,2019-10-24,['Independent'],"['Indecisive', 'Chatty']",Yes,No,Yes,Fail,Data,12822
Demetra Darmody,2019-10-29,['Independent'],"['Sensitive', 'Selfish', 'Intolerant']",No,Yes,Yes,Fail,Engineering,12823
Bobine Advani,2019-10-10,"['Patient', 'Rational', 'Critical Thinking']","['Perfectionist', 'Indifferent']",Yes,Yes,Yes,Pass,Engineering,12824
Lazarus Varley,2019-10-31,"['Altruism', 'Critical Thinking', 'Innovative']",['Indifferent'],Yes,Yes,Yes,Pass,Engineering,12825
Gail Basso,2019-10-02,['Empathy'],"['Undisciplined', 'Overbearing', 'Sensitive']",Yes,Yes,Yes,Fail,Data,12826
Nonnah Gentreau,2019-10-02,"['Reliable', 'Ambitious']",['Intolerant'],Yes,No,Yes,Fail,Business,12827
Toinette Hallut,2019-10-10,"['Charisma', 'Perfectionism', 'Rational']",['Intolerant'],Yes,Yes,No,Fail,Data,12828
Emalia Naile,2019-10-29,"['Altruism', 'Passionate', 'Rational']","['Anxious', 'Controlling', 'Conventional']",Yes,Yes,Yes,Pass,Business,12829
Wileen Gartenfeld,2019-10-15,"['Critical Thinking', 'Patient']","['Perfectionist', 'Stubborn', 'Critical']",Yes,No,Yes,Fail,Business,12830
Lucas Duthie,2019-10-31,"['Courteous', 'Innovative']",['Impatient'],Yes,Yes,Yes,Fail,Business,12831
Gaston Kunc,2019-10-24,"['Empathy', 'Ambitious']","['Overbearing', 'Passive', 'Procrastination']",Yes,Yes,Yes,Pass,Engineering,12832
Abdel Shovel,2019-10-30,"['Passionate', 'Patient', 'Courteous']","['Competitive', 'Impulsive', 'Chatty']",No,Yes,Yes,Fail,Business,12833
Ileane Margarson,2019-10-15,"['Passionate', 'Perfectionism']","['Overbearing', 'Controlling', 'Chaotic']",Yes,Yes,Yes,Pass,Business,12834
Thaxter Vanyushin,2019-10-24,"['Consistent', 'Reliable']",['Immature'],Yes,Yes,Yes,Pass,Business,12835
Marquita Gatehouse,2019-10-09,"['Altruism', 'Patient']","['Chaotic', 'Critical']",Yes,Yes,Yes,Pass,Data,12836
Gordan Delgadillo,2019-10-03,"['Problem Solving', 'Determined']",['Procrastination'],Yes,Yes,Yes,Pass,Data,12837
Mateo Hanburry,2019-10-15,['Perfectionism'],['Conventional'],No,Yes,Yes,Fail,Business,12838
Joann Aspinwall,2019-10-01,"['Reliable', 'Problem Solving']","['Critical', 'Passive', 'Anxious']",Yes,Yes,Yes,Pass,Data,12839
Jordain Offen,2019-10-16,"['Rational', 'Ambitious', 'Problem Solving']",['Slow'],Yes,Yes,Yes,Pass,Engineering,12840
Barnie Jersh,2019-10-10,"['Perfectionism', 'Curious', 'Courteous']",['Overbearing'],Yes,Yes,Yes,Pass,Engineering,12841
Ferdie Mullinger,2019-10-03,"['Empathy', 'Versatile']","['Slow', 'Impatient']",Yes,No,Yes,Fail,Business,12842
Gisela Andrea,2019-10-29,"['Empathy', 'Competitive']","['Overbearing', 'Indifferent', 'Slow']",Yes,Yes,Yes,Pass,Data,12843
Decca Rayburn,2019-10-08,"['Curious', 'Versatile', 'Altruism']","['Chatty', 'Impulsive', 'Indecisive']",Yes,No,Yes,Fail,Engineering,12844
Antony Eckert,2019-10-02,"['Ambitious', 'Composure', 'Competitive']",['Intolerant'],Yes,Yes,Yes,Pass,Business,12845
Pryce Playden,2019-10-02,"['Empathy', 'Organisation', 'Composure']","['Passive', 'Impulsive', 'Chaotic']",Yes,Yes,Yes,Pass,Business,12846
Vanny Grimsditch,2019-10-24,"['Problem Solving', 'Charisma']","['Selfish', 'Procrastination']",Yes,Yes,Yes,Fail,Data,12847
Blondy Docker,2019-10-02,"['Courteous', 'Versatile']","['Perfectionist', 'Selfish', 'Undisciplined']",Yes,Yes,Yes,Fail,Data,12848
Patrice Hawkshaw,2019-10-02,"['Perfectionism', 'Curious']","['Overbearing', 'Undisciplined']",Yes,Yes,Yes,Pass,Engineering,12849
Sallyann Jacobi,2019-10-01,"['Competitive', 'Ambitious', 'Rational']",['Sensitive'],Yes,No,Yes,Fail,Business,12850
Jori Riseley,2019-10-24,"['Courteous', 'Patient']","['Controlling', 'Anxious']",Yes,Yes,Yes,Pass,Engineering,12851
Robbie Vizor,2019-10-29,['Listening'],"['Impulsive', 'Competitive', 'Conventional']",Yes,Yes,Yes,Pass,Engineering,12852
Tory Aireton,2019-10-23,['Ambitious'],"['Immature', 'Perfectionist']",Yes,Yes,Yes,Pass,Engineering,12853
Kelly Coneybeer,2019-10-24,['Passionate'],"['Stubborn', 'Indifferent']",Yes,Yes,Yes,Pass,Engineering,12854
Tucky Henstridge,2019-10-17,"['Altruism', 'Determined', 'Efficient']","['Conventional', 'Distracted']",Yes,Yes,Yes,Pass,Data,12855
Hale Severns,2019-10-31,"['Organisation', 'Listening']",['Competitive'],Yes,Yes,Yes,Pass,Data,12856
Idalina Nesby,2019-10-08,"['Passionate', 'Innovative', 'Collaboration']","['Anxious', 'Competitive']",Yes,Yes,Yes,Pass,Engineering,12857
Luisa Griffe,2019-10-30,"['Charisma', 'Independent']","['Introverted', 'Critical', 'Chatty']",Yes,Yes,Yes,Pass,Business,12858
Gibbie Creyke,2019-10-08,"['Patient', 'Versatile']","['Controlling', 'Indifferent']",Yes,Yes,Yes,Pass,Data,12859
Agustin Boog,2019-10-01,"['Charisma', 'Collaboration']","['Immature', 'Controlling']",Yes,Yes,Yes,Pass,Engineering,12860
Hogan Raffan,2019-10-15,"['Rational', 'Efficient']","['Passive', 'Chatty']",No,Yes,Yes,Fail,Business,12861
Evelina Owens,2019-10-02,"['Competitive', 'Versatile', 'Independent']","['Sensitive', 'Controlling']",No,Yes,Yes,Fail,Engineering,12862
Fiann Parmeter,2019-10-01,"['Innovative', 'Ambitious', 'Altruism']",['Undisciplined'],Yes,Yes,Yes,Pass,Data,12863
Englebert Hedman,2019-10-16,['Competitive'],"['Impatient', 'Distracted']",No,Yes,Yes,Fail,Data,12864
Linette Gilhoolie,2019-10-01,['Empathy'],['Indifferent'],Yes,Yes,Yes,Pass,Business,12865
Ame O'Keaveny,2019-10-22,['Listening'],"['Chaotic', 'Controlling']",No,Yes,Yes,Fail,Business,12866
Sheff Waleworke,2019-10-22,"['Reliable', 'Listening', 'Charisma']",['Controlling'],Yes,Yes,Yes,Pass,Data,12867
Leese Tuffey,2019-10-22,"['Competitive', 'Courteous']","['Immature', 'Introverted', 'Chaotic']",Yes,Yes,Yes,Pass,Engineering,12868
Almeda Jeppe,2019-10-24,"['Creative', 'Consistent']","['Overbearing', 'Introverted']",Yes,No,Yes,Fail,Engineering,12869
Celesta Linturn,2019-10-23,['Critical Thinking'],"['Indecisive', 'Stubborn', 'Anxious']",Yes,Yes,Yes,Pass,Engineering,12870
Heddi Vernay,2019-10-22,"['Critical Thinking', 'Courteous']","['Selfish', 'Sensitive']",No,Yes,Yes,Fail,Engineering,12871
Sandy Droogan,2019-10-17,"['Versatile', 'Listening']","['Chaotic', 'Passive']",Yes,Yes,Yes,Pass,Data,12872
Elvera Gorman,2019-10-16,"['Courteous', 'Empathy', 'Composure']",['Chatty'],Yes,Yes,Yes,Pass,Engineering,12873
Giselbert Scarborough,2019-10-22,"['Listening', 'Reliable', 'Determined']",['Chatty'],Yes,Yes,Yes,Fail,Engineering,12874
Drucy Adolthine,2019-10-17,['Versatile'],['Conventional'],Yes,Yes,Yes,Pass,Data,12875
Nevile Clelle,2019-10-08,['Altruism'],"['Passive', 'Selfish', 'Perfectionist']",Yes,Yes,Yes,Pass,Data,12876
Jacklin Kupka,2019-10-09,"['Reliable', 'Independent', 'Determined']","['Stubborn', 'Introverted']",Yes,Yes,Yes,Pass,Engineering,12877
Barrie Baumler,2019-10-22,"['Independent', 'Versatile', 'Composure']",['Chatty'],Yes,Yes,Yes,Pass,Business,12878
Othilia Hutton,2019-10-22,['Versatile'],"['Introverted', 'Anxious']",Yes,Yes,Yes,Pass,Data,12879
Dyna Cristofano,2019-10-17,"['Altruism', 'Collaboration', 'Perfectionism']","['Competitive', 'Impatient']",Yes,No,Yes,Fail,Engineering,12880
Creighton Estrella,2019-10-15,"['Rational', 'Courteous', 'Ambitious']",['Indecisive'],Yes,Yes,Yes,Pass,Business,12881
Kaycee Mattusevich,2019-10-30,"['Curious', 'Empathy']",['Undisciplined'],Yes,Yes,Yes,Pass,Data,12882
Bryna Delle,2019-10-15,['Creative'],"['Stubborn', 'Indifferent', 'Perfectionist']",Yes,Yes,Yes,Pass,Engineering,12883
Rodrick Macnucator,2019-10-09,"['Composure', 'Consistent', 'Versatile']","['Chaotic', 'Indifferent', 'Intolerant']",Yes,No,Yes,Fail,Engineering,12884
Arielle Donati,2019-10-30,"['Creative', 'Empathy', 'Composure']","['Immature', 'Selfish', 'Chatty']",Yes,No,Yes,Fail,Engineering,12885
Cristy Rutledge,2019-10-15,['Innovative'],"['Slow', 'Impulsive', 'Indifferent']",Yes,Yes,Yes,Pass,Engineering,12886
Amaleta Alred,2019-10-02,"['Organisation', 'Reliable']",['Impatient'],Yes,Yes,Yes,Pass,Data,12887
Daren Ouchterlony,2019-10-02,"['Critical Thinking', 'Versatile', 'Rational']","['Immature', 'Sensitive', 'Distracted']",Yes,Yes,Yes,Fail,Engineering,12888
Hyacinth Meron,2019-10-17,"['Consistent', 'Empathy']",['Intolerant'],Yes,Yes,Yes,Pass,Business,12889
Dru Pabel,2019-10-17,['Creative'],"['Indecisive', 'Competitive']",Yes,Yes,Yes,Pass,Business,12890
Di Simonich,2019-10-30,"['Empathy', 'Ambitious', 'Altruism']","['Procrastination', 'Anxious']",Yes,Yes,Yes,Pass,Engineering,12891
Annadiana Lumsden,2019-10-30,"['Problem Solving', 'Creative', 'Charisma']","['Indifferent', 'Impatient', 'Sensitive']",Yes,Yes,No,Fail,Engineering,12892
Justinian Luscott,2019-10-02,['Courteous'],['Overbearing'],Yes,Yes,Yes,Pass,Data,12893
Otha Kimm,2019-10-29,"['Critical Thinking', 'Curious']",['Introverted'],Yes,Yes,Yes,Pass,Business,12894
Chico Headley,2019-10-29,"['Versatile', 'Composure', 'Competitive']","['Stubborn', 'Indifferent']",Yes,Yes,Yes,Fail,Business,12895
Bren Tomei,2019-10-03,['Competitive'],"['Conventional', 'Chaotic']",Yes,Yes,Yes,Pass,Data,12896
Izabel Masters,2019-10-03,"['Passionate', 'Organisation']","['Impulsive', 'Critical', 'Chatty']",Yes,Yes,Yes,Fail,Engineering,12897
Codi Kear,2019-10-15,"['Creative', 'Rational', 'Determined']",['Anxious'],Yes,Yes,Yes,Pass,Business,12898
Chrisy Kesey,2019-10-10,['Independent'],"['Chaotic', 'Competitive']",Yes,Yes,Yes,Pass,Data,12899
Michell Fishlock,2019-10-02,"['Problem Solving', 'Innovative', 'Efficient']","['Procrastination', 'Immature', 'Controlling']",Yes,Yes,Yes,Pass,Data,12900
Madalyn Facey,2019-10-15,['Reliable'],"['Selfish', 'Distracted']",Yes,Yes,Yes,Pass,Data,12901
Engelbert Palatino,2019-10-16,"['Determined', 'Passionate']","['Chaotic', 'Passive']",Yes,Yes,Yes,Pass,Engineering,12902
Mariel Dei,2019-10-02,"['Ambitious', 'Passionate', 'Perfectionism']","['Perfectionist', 'Impatient']",Yes,No,Yes,Fail,Data,12903
Odella Hurne,2019-10-02,"['Ambitious', 'Problem Solving', 'Empathy']",['Slow'],Yes,Yes,Yes,Pass,Business,12904
Terza Girdwood,2019-10-22,"['Reliable', 'Problem Solving', 'Rational']","['Distracted', 'Impatient']",Yes,Yes,Yes,Fail,Business,12905
Skyler Pendre,2019-10-08,"['Listening', 'Creative']","['Intolerant', 'Sensitive', 'Conventional']",Yes,Yes,Yes,Fail,Data,12906
Nial Ipsly,2019-10-23,"['Collaboration', 'Charisma']","['Chatty', 'Slow', 'Anxious']",No,No,Yes,Fail,Engineering,12907
Archambault Evanson,2019-10-31,"['Listening', 'Altruism']",['Chatty'],Yes,Yes,Yes,Pass,Data,12908
Caren Puig,2019-10-16,"['Critical Thinking', 'Collaboration']","['Stubborn', 'Conventional']",Yes,Yes,Yes,Pass,Business,12909
Ashlin Shone,2019-10-03,"['Charisma', 'Efficient', 'Reliable']","['Controlling', 'Indifferent']",Yes,Yes,Yes,Pass,Business,12910
Marmaduke Kiefer,2019-10-16,"['Perfectionism', 'Charisma', 'Competitive']",['Slow'],Yes,Yes,Yes,Pass,Business,12911
Lola Ebsworth,2019-10-30,"['Determined', 'Efficient']","['Conventional', 'Distracted', 'Stubborn']",No,Yes,Yes,Fail,Business,12912
Gabi Fice,2019-10-16,"['Curious', 'Passionate', 'Efficient']",['Critical'],No,Yes,Yes,Fail,Data,12913
Heida Cossom,2019-10-03,"['Determined', 'Courteous', 'Passionate']","['Stubborn', 'Chatty']",Yes,Yes,Yes,Pass,Business,12914
Tildie Joselevitz,2019-10-22,['Creative'],['Immature'],Yes,Yes,Yes,Fail,Business,12915
Lorin Jozef,2019-10-17,"['Empathy', 'Listening', 'Versatile']",['Chaotic'],No,No,Yes,Fail,Engineering,12916
Tiffi Reddlesden,2019-10-16,"['Empathy', 'Passionate', 'Altruism']","['Sensitive', 'Indecisive', 'Chatty']",Yes,Yes,Yes,Pass,Data,12917
Nicola Lavall,2019-10-08,"['Independent', 'Perfectionism', 'Listening']","['Anxious', 'Perfectionist']",Yes,Yes,Yes,Pass,Business,12918
Mirabelle Tidder,2019-10-16,"['Listening', 'Problem Solving', 'Curious']","['Chaotic', 'Intolerant']",Yes,Yes,Yes,Fail,Engineering,12919
Oby Tomlin,2019-10-23,['Empathy'],"['Chaotic', 'Conventional', 'Sensitive']",Yes,Yes,Yes,Pass,Data,12920
Ron Fincke,2019-10-08,"['Patient', 'Independent']",['Undisciplined'],Yes,Yes,Yes,Pass,Business,12921
Lorrin Tremblot,2019-10-29,['Empathy'],['Sensitive'],Yes,Yes,Yes,Pass,Engineering,12922
Tymothy Titchard,2019-10-15,['Determined'],"['Impulsive', 'Perfectionist', 'Indecisive']",Yes,Yes,Yes,Pass,Data,12923
Yolane Lowsely,2019-10-31,['Passionate'],"['Selfish', 'Procrastination', 'Sensitive']",Yes,Yes,No,Fail,Business,12924
Ammamaria Tassell,2019-10-10,"['Creative', 'Rational']","['Undisciplined', 'Introverted']",No,Yes,No,Fail,Business,12925
Misty Pitt,,"['Innovative', 'Perfectionism', 'Charisma']","['Intolerant', 'Controlling']",Yes,Yes,Yes,Pass,Business,12926
Vernor D'Almeida,2019-10-17,"['Determined', 'Patient']",['Procrastination'],Yes,Yes,Yes,Pass,Business,12927
Brittan Mouat,2019-10-17,"['Altruism', 'Patient']","['Impulsive', 'Slow', 'Controlling']",Yes,Yes,Yes,Pass,Data,12928
Pearla Durtnell,2019-10-01,['Courteous'],['Anxious'],Yes,No,Yes,Fail,Data,12929
Waylan Gors,2019-10-24,['Passionate'],"['Slow', 'Selfish', 'Passive']",Yes,Yes,Yes,Pass,Data,12930
Cortney Rudeyeard,2019-10-02,['Listening'],"['Distracted', 'Conventional']",Yes,No,No,Fail,Engineering,12931
Elita Foch,2019-10-16,"['Problem Solving', 'Innovative']","['Impulsive', 'Overbearing']",Yes,Yes,Yes,Pass,Data,12932
Loralie Exroll,2019-10-10,['Competitive'],['Distracted'],Yes,Yes,Yes,Pass,Engineering,12933
Locke Lacelett,2019-10-15,"['Empathy', 'Charisma']","['Selfish', 'Indifferent', 'Critical']",Yes,Yes,Yes,Pass,Engineering,12934
Doralia Gapper,2019-10-09,"['Consistent', 'Versatile', 'Critical Thinking']",['Indifferent'],Yes,Yes,Yes,Pass,Business,12935
Daren Windrum,2019-10-15,"['Patient', 'Altruism', 'Versatile']","['Competitive', 'Impatient', 'Indifferent']",Yes,Yes,No,Fail,Data,12936
Den Roman,2019-10-17,"['Efficient', 'Consistent']","['Undisciplined', 'Anxious']",Yes,Yes,Yes,Pass,Engineering,12937
Katleen Trunks,2019-10-02,['Innovative'],"['Perfectionist', 'Overbearing', 'Impulsive']",Yes,Yes,Yes,Pass,Business,12938
Romy Nother,,['Passionate'],"['Intolerant', 'Critical', 'Perfectionist']",Yes,No,Yes,Fail,Business,12939
Caria Trillow,2019-10-15,['Listening'],"['Stubborn', 'Distracted', 'Chaotic']",Yes,Yes,No,Fail,Engineering,12940
Gail Paffot,2019-10-02,"['Efficient', 'Ambitious']",['Procrastination'],No,Yes,No,Fail,Business,12941
Candie Senner,2019-10-01,"['Determined', 'Collaboration']","['Critical', 'Impatient', 'Passive']",Yes,Yes,Yes,Pass,Data,12942
Doe Eisold,2019-10-09,['Consistent'],"['Chatty', 'Selfish', 'Slow']",Yes,Yes,Yes,Pass,Engineering,12943
Judy Finders,2019-10-09,"['Innovative', 'Problem Solving']","['Chaotic', 'Chatty']",No,Yes,Yes,Fail,Engineering,12944
Ezequiel Cotsford,2019-10-17,"['Rational', 'Perfectionism']","['Anxious', 'Indecisive', 'Overbearing']",No,Yes,Yes,Fail,Engineering,12945
Adel Cranmor,2019-10-08,['Passionate'],"['Stubborn', 'Passive', 'Distracted']",Yes,Yes,Yes,Pass,Data,12946
Graehme Seamer,2019-10-30,['Competitive'],"['Procrastination', 'Passive']",Yes,No,Yes,Fail,Business,12947
Sadella Dufoure,2019-10-08,"['Empathy', 'Competitive']","['Conventional', 'Chaotic', 'Indecisive']",No,Yes,No,Fail,Business,12949
Hobard Gaynes,2019-10-10,['Curious'],"['Passive', 'Impulsive']",No,Yes,Yes,Fail,Data,12950
Lelia Shingles,2019-10-23,"['Listening', 'Versatile', 'Empathy']","['Immature', 'Stubborn', 'Perfectionist']",Yes,Yes,Yes,Pass,Business,12951
Pier Spatig,2019-10-30,"['Problem Solving', 'Independent', 'Consistent']","['Indifferent', 'Anxious']",Yes,Yes,Yes,Pass,Data,12952
Clevie Bowsher,2019-10-10,['Courteous'],"['Introverted', 'Overbearing', 'Impatient']",Yes,Yes,Yes,Pass,Business,12953
Winona Carlaw,2019-10-16,"['Consistent', 'Altruism']",['Introverted'],Yes,Yes,Yes,Pass,Data,12954
Dulcine Duffil,2019-09-04,"['Determined', 'Collaboration', 'Passionate']",['Selfish'],Yes,Yes,Yes,Pass,Engineering,12955
Sunshine Backshall,2019-09-24,"['Perfectionism', 'Efficient']","['Conventional', 'Chaotic']",Yes,Yes,Yes,Pass,Data,12956
Manon Clutterham,2019-09-11,"['Organisation', 'Passionate']",['Intolerant'],Yes,Yes,Yes,Pass,Data,12957
Baird Reynoollds,2019-09-12,"['Ambitious', 'Empathy']","['Critical', 'Impulsive', 'Indecisive']",Yes,Yes,Yes,Pass,Data,12958
Dorri Mcmillian,2019-09-19,['Creative'],['Overbearing'],Yes,Yes,Yes,Pass,Engineering,12959
Gifford Ganter,2019-09-18,"['Problem Solving', 'Rational', 'Innovative']","['Competitive', 'Stubborn', 'Anxious']",Yes,Yes,Yes,Pass,Engineering,12960
Rickie Burkert,2019-09-25,['Determined'],['Undisciplined'],Yes,Yes,Yes,Pass,Data,12961
Ramon Hinchcliffe,2019-09-11,['Empathy'],['Introverted'],Yes,Yes,Yes,Fail,Business,12962
Vivian Syson,2019-09-04,"['Passionate', 'Creative', 'Collaboration']","['Chaotic', 'Procrastination']",Yes,Yes,Yes,Pass,Engineering,12963
Herta Stainer,2019-09-04,"['Curious', 'Consistent', 'Rational']","['Intolerant', 'Undisciplined']",Yes,Yes,Yes,Pass,Data,12964
Alejandro Broggetti,2019-09-03,"['Composure', 'Collaboration', 'Determined']","['Impatient', 'Overbearing', 'Perfectionist']",Yes,Yes,Yes,Pass,Data,12965
Jenine Ivashkov,2019-09-11,"['Determined', 'Versatile']",['Conventional'],Yes,Yes,Yes,Pass,Engineering,12966
Weylin Chong,2019-09-18,"['Perfectionism', 'Creative']","['Procrastination', 'Anxious']",Yes,No,Yes,Fail,Data,12967
Duffie Hanscombe,2019-09-17,['Determined'],['Indifferent'],Yes,No,No,Fail,Data,12968
Pebrook Eydel,2019-09-11,['Empathy'],['Anxious'],Yes,Yes,Yes,Pass,Business,12969
Simonne Merman,2019-09-03,['Listening'],"['Impulsive', 'Chaotic', 'Indecisive']",Yes,No,Yes,Fail,Engineering,12970
Isacco Matuschek,2019-09-17,"['Ambitious', 'Creative', 'Consistent']","['Distracted', 'Conventional']",Yes,Yes,Yes,Pass,Data,12971
Dorice Slides,2019-09-18,['Organisation'],['Selfish'],Yes,Yes,Yes,Pass,Business,12972
Fernando Howchin,2019-09-12,"['Organisation', 'Curious', 'Competitive']","['Chatty', 'Critical']",Yes,Yes,Yes,Pass,Data,12973
Omero Shill,2019-09-04,['Ambitious'],['Sensitive'],Yes,Yes,Yes,Pass,Business,12974
Zorah Grasser,2019-09-19,"['Independent', 'Reliable']",['Conventional'],Yes,Yes,Yes,Pass,Engineering,12975
Sumner Kop,2019-09-18,"['Critical Thinking', 'Patient']","['Distracted', 'Stubborn', 'Perfectionist']",No,Yes,Yes,Fail,Data,12976
Dana Boldra,2019-09-19,"['Composure', 'Perfectionism', 'Listening']","['Competitive', 'Controlling', 'Indifferent']",Yes,Yes,No,Fail,Data,12977
Delmore Mcknish,2019-09-18,"['Charisma', 'Passionate', 'Versatile']","['Competitive', 'Procrastination']",Yes,No,Yes,Fail,Engineering,12978
Schuyler Mckimm,2019-09-18,['Perfectionism'],"['Competitive', 'Introverted', 'Procrastination']",Yes,Yes,Yes,Pass,Engineering,12979
Andriana Dunniom,2019-09-25,['Creative'],['Undisciplined'],No,Yes,Yes,Fail,Engineering,12980
Sherwin Mcilwraith,2019-09-25,"['Versatile', 'Independent']","['Intolerant', 'Introverted']",Yes,Yes,Yes,Pass,Business,12981
Barton Harpin,2019-09-12,['Reliable'],"['Indecisive', 'Slow', 'Critical']",Yes,Yes,No,Fail,Engineering,12982
Iolande Trevers,2019-09-25,"['Creative', 'Ambitious', 'Consistent']","['Intolerant', 'Distracted', 'Conventional']",Yes,No,Yes,Fail,Engineering,12983
Vachel Caren,2019-09-04,['Critical Thinking'],"['Conventional', 'Immature']",Yes,Yes,No,Fail,Business,12984
Oralla Copelli,2019-09-25,['Collaboration'],"['Indecisive', 'Chatty', 'Sensitive']",Yes,Yes,Yes,Pass,Business,12985
Donovan Whistan,2019-09-18,"['Altruism', 'Rational', 'Versatile']","['Indifferent', 'Overbearing', 'Selfish']",Yes,Yes,Yes,Pass,Engineering,12986
Vinson Trappe,2019-09-26,['Composure'],['Indecisive'],Yes,Yes,Yes,Pass,Data,12987
Ruperta Illesley,2019-09-26,"['Curious', 'Determined']","['Immature', 'Anxious']",Yes,No,No,Fail,Engineering,12988
Chrissy Bartholin,2019-09-11,['Versatile'],"['Chaotic', 'Anxious']",Yes,Yes,Yes,Pass,Data,12989
Marsha Coulter,2019-09-10,"['Passionate', 'Competitive']",['Indifferent'],Yes,Yes,Yes,Pass,Business,12990
Arvy Myrkus,,"['Creative', 'Patient', 'Collaboration']","['Immature', 'Chatty']",Yes,Yes,Yes,Fail,Engineering,12991
Jere Amor,2019-09-11,"['Problem Solving', 'Rational', 'Efficient']",['Indifferent'],Yes,Yes,Yes,Pass,Data,12992
Adah Silverton,2019-09-17,"['Innovative', 'Composure', 'Perfectionism']","['Distracted', 'Anxious', 'Chaotic']",Yes,Yes,Yes,Fail,Business,12993
Amanda Lill,2019-09-11,['Charisma'],"['Overbearing', 'Chatty']",Yes,Yes,No,Fail,Data,12994
Corabella Abells,2019-09-05,"['Ambitious', 'Creative']","['Chaotic', 'Impatient', 'Indifferent']",Yes,Yes,Yes,Pass,Data,12995
Sherie Veregan,2019-09-05,"['Versatile', 'Composure', 'Altruism']","['Passive', 'Undisciplined']",Yes,Yes,Yes,Pass,Data,12996
Armando Schirak,2019-09-04,"['Efficient', 'Problem Solving']",['Competitive'],Yes,Yes,Yes,Pass,Engineering,12997
Norene Dericut,2019-09-10,['Creative'],['Perfectionist'],Yes,Yes,Yes,Pass,Engineering,12998
Had Veazey,2019-09-18,['Innovative'],"['Chaotic', 'Competitive', 'Slow']",Yes,Yes,Yes,Pass,Engineering,12999
Fiona Sandle,2019-09-11,['Competitive'],['Passive'],Yes,Yes,Yes,Pass,Engineering,13000
Immanuel Valek,2019-09-04,['Altruism'],"['Chatty', 'Controlling']",Yes,No,Yes,Fail,Engineering,13001
Sven Antonescu,2019-09-18,['Courteous'],"['Distracted', 'Introverted', 'Critical']",Yes,Yes,Yes,Pass,Engineering,13002
Fifi Kingsly,2019-09-26,"['Listening', 'Versatile']","['Impatient', 'Stubborn']",Yes,Yes,Yes,Pass,Business,13003
Malina Casaccia,2019-09-11,['Collaboration'],['Intolerant'],Yes,Yes,No,Fail,Engineering,13004
Cristal Jeans,2019-09-17,"['Versatile', 'Ambitious']",['Indecisive'],Yes,Yes,Yes,Pass,Engineering,13005
Chilton Paladino,2019-09-05,"['Independent', 'Critical Thinking']","['Indifferent', 'Indecisive', 'Distracted']",No,Yes,Yes,Fail,Data,13006
Dale Fewlass,2019-09-10,"['Collaboration', 'Charisma']",['Critical'],No,Yes,No,Fail,Business,13007
Matelda Chastenet,2019-09-12,['Empathy'],['Procrastination'],Yes,Yes,Yes,Pass,Data,13008
Shamus Attenbarrow,2019-09-12,"['Collaboration', 'Perfectionism', 'Patient']","['Introverted', 'Impatient', 'Distracted']",No,Yes,Yes,Fail,Data,13009
Wilfred Godwyn,2019-09-10,['Consistent'],['Chaotic'],Yes,No,Yes,Fail,Engineering,13010
Grazia Macginney,2019-09-18,"['Critical Thinking', 'Passionate']",['Slow'],Yes,Yes,Yes,Pass,Business,13011
Erek Chadney,2019-09-19,"['Critical Thinking', 'Curious', 'Collaboration']",['Procrastination'],Yes,Yes,Yes,Pass,Data,13012
Ruby Larciere,2019-09-17,"['Courteous', 'Empathy', 'Creative']","['Chaotic', 'Controlling', 'Perfectionist']",Yes,Yes,Yes,Pass,Engineering,13013
Aila Longo,2019-09-03,"['Perfectionism', 'Problem Solving', 'Ambitious']","['Impulsive', 'Perfectionist']",Yes,Yes,Yes,Pass,Data,13014
Damon Thompson,2019-09-03,"['Organisation', 'Independent']",['Procrastination'],Yes,Yes,Yes,Pass,Engineering,13015
Aldwin Ginman,2019-09-18,"['Critical Thinking', 'Independent', 'Efficient']","['Slow', 'Indecisive']",Yes,Yes,Yes,Pass,Data,13016
Wolfie Macieja,2019-09-17,"['Passionate', 'Composure', 'Rational']","['Undisciplined', 'Critical']",Yes,Yes,Yes,Pass,Engineering,13017
Andreas Mehmet,2019-09-11,"['Listening', 'Competitive', 'Ambitious']",['Overbearing'],Yes,Yes,Yes,Pass,Engineering,13018
Elvina Judd,2019-09-25,['Efficient'],"['Controlling', 'Procrastination']",Yes,Yes,Yes,Pass,Business,13019
Eimile Jobey,2019-09-25,"['Critical Thinking', 'Altruism', 'Passionate']","['Selfish', 'Competitive']",Yes,Yes,No,Fail,Engineering,13020
Salmon Blinder,2019-09-18,['Determined'],['Critical'],Yes,Yes,Yes,Pass,Engineering,13021
Irvine Harmson,2019-09-10,"['Independent', 'Courteous', 'Versatile']",['Procrastination'],Yes,Yes,Yes,Pass,Business,13022
Loria Menlow,2019-09-12,['Problem Solving'],"['Intolerant', 'Chaotic', 'Distracted']",Yes,Yes,Yes,Pass,Business,13023
Leyla Threadgold,2019-09-10,"['Critical Thinking', 'Problem Solving']",['Perfectionist'],Yes,Yes,Yes,Pass,Data,13024
Davidde Tuohy,2019-09-17,"['Critical Thinking', 'Competitive', 'Listening']","['Chatty', 'Immature', 'Undisciplined']",No,Yes,Yes,Fail,Business,13025
Keefe Mirfin,2019-09-11,"['Collaboration', 'Efficient']","['Passive', 'Procrastination']",Yes,Yes,Yes,Pass,Business,13026
Trish Cuxon,2019-09-03,"['Organisation', 'Independent']","['Impulsive', 'Undisciplined']",No,Yes,Yes,Fail,Data,13027
Wyatt Trippack,2019-09-11,"['Critical Thinking', 'Problem Solving', 'Charisma']",['Intolerant'],Yes,Yes,Yes,Pass,Data,13028
Otes Kemster,2019-09-17,"['Collaboration', 'Curious']","['Competitive', 'Controlling']",Yes,Yes,Yes,Pass,Data,13029
Ethelred Cartman,2019-09-10,['Independent'],['Stubborn'],Yes,Yes,Yes,Pass,Engineering,13030
Marius De Rechter,2019-09-05,"['Creative', 'Organisation']","['Overbearing', 'Critical', 'Intolerant']",Yes,No,No,Fail,Business,13031
Arleyne Witch,2019-09-26,"['Rational', 'Reliable', 'Critical Thinking']","['Distracted', 'Slow', 'Procrastination']",Yes,Yes,Yes,Pass,Data,13032
Lanni Lavis,2019-09-26,"['Patient', 'Charisma']",['Slow'],Yes,Yes,Yes,Pass,Engineering,13033
Jenilee Albury,2019-09-19,"['Perfectionism', 'Empathy']",['Intolerant'],Yes,Yes,Yes,Pass,Data,13034
Llywellyn Beckitt,2019-09-24,"['Curious', 'Independent', 'Versatile']","['Intolerant', 'Passive', 'Impatient']",Yes,Yes,Yes,Pass,Engineering,13035
Brendan Tithecott,2019-09-17,"['Rational', 'Consistent']",['Passive'],Yes,Yes,Yes,Pass,Business,13036
Jacinthe Packham,2019-09-17,"['Competitive', 'Creative', 'Patient']","['Selfish', 'Impatient']",Yes,Yes,No,Fail,Engineering,13037
Tadio Colloby,2019-09-24,['Altruism'],"['Impulsive', 'Slow']",Yes,Yes,Yes,Pass,Business,13038
Dietrich Sabater,2019-09-11,"['Listening', 'Perfectionism', 'Patient']","['Stubborn', 'Intolerant', 'Slow']",Yes,Yes,Yes,Pass,Data,13039
Baldwin Macbey,2019-09-10,"['Empathy', 'Perfectionism', 'Ambitious']","['Impatient', 'Selfish', 'Indecisive']",Yes,Yes,Yes,Pass,Business,13040
Dotti Crauford,2019-09-24,"['Passionate', 'Problem Solving', 'Consistent']","['Competitive', 'Sensitive']",Yes,Yes,Yes,Pass,Engineering,13041
Torrence Lanegran,2019-09-10,['Ambitious'],['Impulsive'],Yes,Yes,Yes,Pass,Data,13042
Lurline Souness,2019-09-24,"['Ambitious', 'Patient', 'Reliable']",['Chaotic'],Yes,Yes,Yes,Fail,Data,13043
Pennie Crookshanks,2019-09-26,"['Reliable', 'Patient', 'Listening']",['Immature'],Yes,Yes,Yes,Pass,Data,13044
Wyn Tebb,2019-09-03,"['Perfectionism', 'Curious', 'Composure']","['Immature', 'Impatient']",Yes,Yes,No,Fail,Engineering,13045
Buiron Hoofe,2019-09-26,"['Versatile', 'Determined']","['Passive', 'Stubborn']",Yes,Yes,Yes,Pass,Business,13046
Toma Perrat,2019-09-03,"['Determined', 'Versatile']","['Impulsive', 'Procrastination']",Yes,Yes,Yes,Pass,Engineering,13047
Cherlyn Mclaverty,2019-09-19,"['Composure', 'Organisation', 'Efficient']","['Stubborn', 'Passive', 'Immature']",Yes,No,Yes,Fail,Data,13048
Dorothea Bidnall,2019-09-11,"['Efficient', 'Problem Solving', 'Curious']","['Indifferent', 'Controlling', 'Critical']",Yes,Yes,Yes,Pass,Data,13049
Yorgos Dockery,2019-09-03,['Consistent'],['Conventional'],Yes,Yes,Yes,Fail,Data,13050
Vance Fey,2019-09-04,['Independent'],['Chaotic'],Yes,Yes,Yes,Pass,Engineering,13051
Kahaleel Tatem,2019-09-18,['Curious'],['Chatty'],Yes,Yes,Yes,Pass,Data,13052
Renie Ellin,2019-09-11,"['Rational', 'Altruism', 'Independent']","['Stubborn', 'Overbearing', 'Chatty']",Yes,No,Yes,Fail,Data,13053
Bevon Clayworth,,"['Consistent', 'Reliable', 'Determined']","['Conventional', 'Impatient', 'Perfectionist']",Yes,Yes,Yes,Pass,Data,13054
Erek O'Doran,2019-09-18,"['Composure', 'Curious', 'Reliable']",['Conventional'],Yes,No,Yes,Fail,Business,13055
Anestassia Gadman,2019-09-25,['Listening'],"['Impulsive', 'Competitive', 'Indifferent']",Yes,Yes,Yes,Pass,Data,13056
Patric Goult,2019-09-10,['Composure'],['Critical'],Yes,Yes,Yes,Pass,Data,13057
Keelia Beine,2019-09-05,"['Critical Thinking', 'Determined']","['Overbearing', 'Distracted', 'Indifferent']",Yes,Yes,Yes,Pass,Engineering,13058
Rayshell Balfe,2019-09-26,"['Curious', 'Creative']","['Immature', 'Indecisive', 'Introverted']",Yes,Yes,Yes,Pass,Business,13059
Gery Marchment,2019-09-11,"['Organisation', 'Innovative', 'Curious']",['Passive'],Yes,Yes,Yes,Pass,Business,13060
Manfred Swyer-Sexey,2019-09-04,['Efficient'],"['Distracted', 'Indecisive']",Yes,No,Yes,Fail,Data,13061
Philomena Cessford,2019-09-17,['Charisma'],"['Perfectionist', 'Selfish', 'Chaotic']",Yes,Yes,Yes,Fail,Engineering,13062
Dollie Stailey,2019-09-05,['Empathy'],"['Undisciplined', 'Conventional']",Yes,Yes,Yes,Pass,Business,13063
Lucina Banaszewski,2019-09-26,"['Creative', 'Rational']","['Controlling', 'Anxious', 'Chatty']",Yes,Yes,Yes,Pass,Data,13064
Webster Hanratty,2019-09-04,['Altruism'],['Controlling'],No,Yes,Yes,Fail,Engineering,13065
Jennine Erni,2019-09-10,['Problem Solving'],"['Conventional', 'Introverted', 'Impulsive']",Yes,Yes,Yes,Pass,Engineering,13066
Carter Kingswold,2019-09-19,"['Versatile', 'Empathy', 'Reliable']","['Indifferent', 'Impulsive', 'Chatty']",Yes,Yes,Yes,Pass,Engineering,13067
Reg Gaines,2019-09-25,['Independent'],"['Anxious', 'Impatient', 'Introverted']",Yes,Yes,No,Fail,Data,13068
Kippy Dallon,2019-09-03,"['Determined', 'Organisation', 'Problem Solving']",['Competitive'],Yes,Yes,Yes,Pass,Data,13069
Camellia Bette,2019-09-03,"['Patient', 'Independent', 'Composure']","['Sensitive', 'Critical', 'Chaotic']",Yes,Yes,Yes,Pass,Engineering,13070
Darya Delafont,2019-09-25,['Critical Thinking'],"['Intolerant', 'Selfish', 'Impatient']",Yes,Yes,Yes,Pass,Data,13071
Myrta Tissell,2019-09-25,"['Perfectionism', 'Passionate', 'Altruism']",['Slow'],Yes,Yes,Yes,Pass,Engineering,13072
Fiona Goodboddy,2019-09-17,['Reliable'],"['Intolerant', 'Impulsive']",Yes,Yes,Yes,Pass,Data,13073
Glynnis Wicken,2019-09-10,"['Rational', 'Perfectionism', 'Reliable']","['Competitive', 'Conventional']",Yes,No,Yes,Fail,Engineering,13074
Hillary Thouless,2019-09-11,['Reliable'],"['Passive', 'Chaotic']",No,Yes,Yes,Fail,Data,13075
Myrvyn Jealous,2019-09-05,"['Efficient', 'Competitive', 'Listening']","['Controlling', 'Competitive']",Yes,Yes,No,Fail,Engineering,13076
Stephine Kirton,2019-09-10,"['Problem Solving', 'Perfectionism']","['Controlling', 'Overbearing', 'Conventional']",Yes,Yes,Yes,Pass,Data,13077
Agnella Dairton,2019-09-24,"['Independent', 'Determined']",['Controlling'],Yes,Yes,Yes,Pass,Engineering,13078
Bryant Losseljong,2019-09-04,"['Innovative', 'Consistent', 'Perfectionism']",['Stubborn'],Yes,Yes,Yes,Pass,Business,13079
Carroll Treasaden,2019-09-10,['Curious'],"['Impulsive', 'Selfish', 'Impatient']",Yes,Yes,No,Fail,Data,13080
Riva Mangeot,2019-09-10,"['Efficient', 'Collaboration', 'Rational']","['Overbearing', 'Chaotic']",Yes,Yes,Yes,Pass,Business,13081
Boniface Tansley,2019-09-17,"['Efficient', 'Empathy', 'Courteous']",['Introverted'],Yes,Yes,Yes,Pass,Engineering,13082
Mariel Bartel,2019-09-11,"['Charisma', 'Reliable', 'Curious']",['Chatty'],Yes,Yes,Yes,Pass,Business,13083
Arabella Walklate,2019-09-03,['Patient'],"['Indecisive', 'Selfish', 'Chatty']",No,Yes,Yes,Fail,Data,13084
Lilias Mc Gorley,2019-09-10,['Listening'],"['Slow', 'Undisciplined', 'Immature']",Yes,Yes,Yes,Pass,Data,13085
Dasi Goldston,2019-09-05,['Empathy'],"['Competitive', 'Perfectionist', 'Conventional']",No,Yes,Yes,Fail,Business,13086
Bella Durtnal,,"['Rational', 'Empathy']","['Undisciplined', 'Slow']",Yes,Yes,Yes,Pass,Data,13087
Blane Manderson,2019-09-17,"['Charisma', 'Rational', 'Innovative']",['Slow'],Yes,Yes,No,Fail,Engineering,13088
Sasha Macgaughy,2019-09-05,"['Perfectionism', 'Patient', 'Curious']","['Overbearing', 'Indifferent']",Yes,Yes,Yes,Fail,Data,13089
Millicent Buchanan,2019-09-12,"['Organisation', 'Composure']",['Indifferent'],Yes,Yes,Yes,Pass,Data,13090
Dion Eccersley,2019-09-24,"['Charisma', 'Determined', 'Ambitious']","['Conventional', 'Controlling', 'Indifferent']",No,Yes,Yes,Fail,Business,13091
Bradan Wickman,2019-09-19,['Curious'],"['Controlling', 'Passive']",Yes,No,Yes,Fail,Data,13092
Doralia Deackes,2019-09-24,"['Listening', 'Organisation']","['Controlling', 'Selfish']",Yes,Yes,Yes,Pass,Business,13093
Reynard Ilyenko,2019-09-18,"['Versatile', 'Determined', 'Innovative']","['Conventional', 'Distracted']",Yes,Yes,Yes,Pass,Data,13094
Babara Veazey,2019-09-26,"['Composure', 'Independent']","['Stubborn', 'Intolerant']",Yes,Yes,Yes,Pass,Data,13095
Teodora Whaplington,2019-09-11,['Reliable'],"['Impatient', 'Perfectionist']",Yes,Yes,Yes,Pass,Business,13096
Porty Du Plantier,2019-09-19,"['Problem Solving', 'Ambitious']",['Overbearing'],Yes,No,No,Fail,Business,13097
Elfrida Reece,2019-09-11,"['Collaboration', 'Empathy', 'Competitive']","['Stubborn', 'Indecisive', 'Undisciplined']",Yes,Yes,Yes,Pass,Engineering,13098
Lisle Stolli,2019-09-18,"['Collaboration', 'Versatile', 'Listening']","['Passive', 'Indecisive']",Yes,Yes,Yes,Fail,Data,13099
Minnie Gittose,2019-09-19,"['Organisation', 'Efficient', 'Charisma']","['Intolerant', 'Critical']",Yes,Yes,Yes,Pass,Business,13100
Jillian Wenn,2019-09-11,"['Competitive', 'Empathy']",['Conventional'],Yes,Yes,Yes,Pass,Engineering,13101
Gene Levens,2019-09-24,"['Organisation', 'Innovative', 'Independent']","['Passive', 'Indifferent', 'Selfish']",Yes,Yes,Yes,Pass,Engineering,13102
Gerta Leonards,2019-09-25,"['Courteous', 'Collaboration', 'Versatile']","['Intolerant', 'Perfectionist', 'Controlling']",Yes,Yes,Yes,Pass,Business,13103
Aleen Mckeurton,2019-09-25,['Patient'],['Overbearing'],Yes,Yes,Yes,Pass,Business,13104
Prudi Bernardon,2019-09-25,"['Empathy', 'Creative']",['Indifferent'],Yes,Yes,Yes,Pass,Business,13105
Elsa Woonton,2019-09-11,"['Independent', 'Critical Thinking']","['Introverted', 'Critical']",Yes,Yes,Yes,Pass,Engineering,13106
Constantine Caslett,2019-09-17,"['Altruism', 'Charisma']","['Impulsive', 'Competitive']",Yes,Yes,Yes,Pass,Engineering,13107
Lilly Andreasen,2019-09-26,"['Determined', 'Curious', 'Organisation']",['Indecisive'],Yes,Yes,Yes,Pass,Engineering,13108
Merola Jancey,2019-09-05,"['Collaboration', 'Perfectionism']","['Passive', 'Critical']",No,No,No,Fail,Business,13109
Keene Slimm,2019-09-17,"['Ambitious', 'Collaboration']","['Immature', 'Stubborn', 'Perfectionist']",Yes,Yes,Yes,Pass,Engineering,13110
Sibylle Juris,2019-09-17,"['Reliable', 'Courteous', 'Passionate']","['Chaotic', 'Sensitive']",Yes,No,Yes,Fail,Data,13111
Prescott Turpey,2019-09-25,"['Listening', 'Efficient']",['Slow'],No,Yes,No,Fail,Engineering,13112
Zondra Fippe,2019-09-17,"['Perfectionism', 'Empathy', 'Altruism']",['Undisciplined'],Yes,Yes,Yes,Pass,Business,13113
Kris Balassi,2019-09-04,"['Composure', 'Independent']","['Indifferent', 'Slow']",Yes,Yes,No,Fail,Engineering,13114
Kendall Daughtrey,2019-09-17,['Creative'],"['Perfectionist', 'Overbearing', 'Anxious']",Yes,Yes,Yes,Pass,Engineering,13115
Chevalier Eykelbosch,2019-09-12,"['Courteous', 'Organisation', 'Competitive']","['Indifferent', 'Passive', 'Competitive']",Yes,Yes,Yes,Pass,Business,13116
Claiborne Jesper,2019-09-19,['Collaboration'],"['Intolerant', 'Impulsive', 'Controlling']",Yes,Yes,Yes,Pass,Engineering,13117
Garrard Keward,2019-09-10,"['Collaboration', 'Perfectionism']",['Intolerant'],Yes,Yes,Yes,Pass,Data,13118
Husein Gartside,2019-09-19,"['Passionate', 'Empathy']","['Critical', 'Competitive']",Yes,Yes,Yes,Pass,Business,13119
Silas Blowin,2019-09-19,"['Organisation', 'Reliable']","['Anxious', 'Controlling']",No,Yes,No,Fail,Engineering,13120
Rachele Shaplin,2019-09-11,"['Ambitious', 'Innovative', 'Problem Solving']","['Chaotic', 'Overbearing']",Yes,Yes,Yes,Pass,Business,13122
Auria Shafto,2019-09-19,"['Problem Solving', 'Rational', 'Curious']",['Anxious'],Yes,Yes,Yes,Fail,Engineering,13123
Collin Commins,2019-09-10,"['Consistent', 'Charisma']","['Immature', 'Critical']",Yes,Yes,Yes,Pass,Data,13124
Merwyn Bremeyer,2019-09-11,"['Innovative', 'Courteous', 'Listening']","['Selfish', 'Critical', 'Impatient']",No,Yes,Yes,Fail,Data,13125
Nona Coghlan,2019-09-04,"['Curious', 'Innovative']","['Indecisive', 'Impulsive', 'Perfectionist']",Yes,Yes,Yes,Pass,Engineering,13126
Whitney Hadlee,2019-09-05,['Passionate'],"['Stubborn', 'Immature']",Yes,Yes,Yes,Pass,Business,13127
Dunc Smallacombe,2019-09-24,"['Versatile', 'Efficient']","['Impulsive', 'Intolerant', 'Sensitive']",Yes,Yes,No,Fail,Business,13128
Danni Gurdon,2019-09-11,"['Independent', 'Empathy']",['Undisciplined'],Yes,Yes,Yes,Pass,Business,13129
Averill Pickance,2019-09-17,['Independent'],"['Impatient', 'Conventional', 'Immature']",Yes,No,Yes,Fail,Engineering,13130
Reta Blais,2019-09-24,['Reliable'],"['Selfish', 'Overbearing', 'Undisciplined']",Yes,No,Yes,Fail,Business,13131
Casey Putten,2019-09-05,['Competitive'],"['Perfectionist', 'Critical', 'Undisciplined']",Yes,Yes,Yes,Pass,Business,13132
Patricio Stenet,2019-09-17,['Determined'],"['Chaotic', 'Stubborn', 'Impulsive']",Yes,Yes,Yes,Fail,Data,13133
Russell Sherebrook,2019-09-05,"['Versatile', 'Innovative']",['Intolerant'],Yes,Yes,Yes,Pass,Engineering,13134
Dolly Casaro,2019-09-24,"['Organisation', 'Charisma']","['Competitive', 'Stubborn', 'Immature']",Yes,Yes,Yes,Fail,Data,13135
Penny Trathen,2019-09-12,"['Creative', 'Perfectionism', 'Versatile']","['Impatient', 'Slow', 'Procrastination']",Yes,No,Yes,Fail,Data,13136
Veronike Alenov,2019-09-11,"['Charisma', 'Rational']",['Slow'],Yes,Yes,Yes,Pass,Data,13137
Urson Sibthorp,2019-09-18,"['Collaboration', 'Perfectionism', 'Ambitious']","['Controlling', 'Competitive']",Yes,Yes,Yes,Pass,Engineering,13138
Jenn Blitz,2019-09-12,"['Rational', 'Problem Solving', 'Creative']",['Controlling'],Yes,Yes,Yes,Pass,Engineering,13139
Elicia Nutkin,2019-09-17,"['Critical Thinking', 'Patient']","['Competitive', 'Sensitive']",Yes,Yes,Yes,Pass,Data,13140
Una Caldicot,2019-09-05,"['Innovative', 'Composure']","['Introverted', 'Conventional', 'Passive']",Yes,Yes,Yes,Pass,Business,13141
Chance Fleay,2019-09-26,['Perfectionism'],"['Critical', 'Procrastination']",Yes,No,Yes,Fail,Data,13142
Carmelia Gheorghe,2019-09-04,"['Patient', 'Versatile', 'Rational']","['Procrastination', 'Impatient']",Yes,No,Yes,Fail,Business,13143
Stephan Tidbald,2019-09-11,['Composure'],"['Impulsive', 'Passive']",Yes,Yes,Yes,Pass,Engineering,13144
Care Ife,2019-09-04,"['Altruism', 'Rational', 'Reliable']","['Conventional', 'Indifferent']",Yes,Yes,Yes,Pass,Engineering,13145
Quill Buzin,2019-09-19,"['Altruism', 'Charisma', 'Composure']","['Undisciplined', 'Impatient']",Yes,Yes,Yes,Pass,Engineering,13146
Trent Southwick,2019-09-12,"['Reliable', 'Problem Solving']",['Distracted'],Yes,Yes,Yes,Pass,Engineering,13147
King Janatka,2019-09-18,['Courteous'],"['Indecisive', 'Procrastination', 'Chatty']",Yes,Yes,Yes,Pass,Data,13149
Honor Jeandon,2019-09-25,"['Curious', 'Critical Thinking', 'Courteous']",['Distracted'],Yes,No,Yes,Fail,Engineering,13150
Chrisse Santostefano.,2019-09-11,"['Determined', 'Patient', 'Altruism']","['Selfish', 'Critical']",No,Yes,Yes,Fail,Engineering,13151
Dinnie Baleine,2019-09-18,"['Collaboration', 'Patient']",['Impulsive'],Yes,No,Yes,Fail,Business,13152
Siegfried Everal,2019-09-17,['Patient'],['Passive'],Yes,Yes,Yes,Pass,Engineering,13153
Lester Weddeburn - Scrimgeour,2019-09-26,"['Independent', 'Rational', 'Collaboration']",['Sensitive'],Yes,Yes,No,Fail,Data,13154
Chandra Best,2019-09-17,"['Independent', 'Organisation']","['Conventional', 'Critical', 'Indecisive']",Yes,Yes,Yes,Pass,Engineering,13155
Helyn Sahnow,2019-09-11,"['Collaboration', 'Competitive', 'Reliable']","['Indecisive', 'Anxious', 'Procrastination']",Yes,Yes,Yes,Fail,Data,13156
Bertha Burchfield,2019-09-10,"['Perfectionism', 'Curious', 'Reliable']",['Perfectionist'],Yes,Yes,Yes,Pass,Data,13157
Valdemar Smithen,2019-09-05,"['Ambitious', 'Problem Solving', 'Altruism']","['Impatient', 'Controlling']",Yes,Yes,Yes,Pass,Engineering,13158
Zollie Danks,2019-09-26,"['Patient', 'Consistent']","['Conventional', 'Indecisive']",Yes,Yes,Yes,Pass,Business,13159
Malcolm Whittier,2019-09-25,"['Determined', 'Passionate']","['Controlling', 'Conventional']",Yes,Yes,No,Fail,Business,13160
Gun Burkitt,2019-09-25,"['Ambitious', 'Versatile']","['Critical', 'Slow']",Yes,Yes,Yes,Pass,Business,13161
Winna Olive,2019-09-19,"['Problem Solving', 'Courteous']","['Immature', 'Impulsive']",Yes,No,Yes,Fail,Engineering,13162
Beltran Jolly,2019-09-18,"['Courteous', 'Ambitious']",['Distracted'],Yes,Yes,Yes,Pass,Data,13163
Elizabet Sanbroke,2019-09-12,"['Determined', 'Altruism']",['Impatient'],Yes,Yes,Yes,Pass,Data,13164
Ofella Shelmardine,2019-09-12,['Listening'],"['Overbearing', 'Introverted', 'Undisciplined']",Yes,Yes,Yes,Pass,Data,13165
Janka Clemencet,2019-09-17,"['Efficient', 'Courteous', 'Determined']",['Indecisive'],Yes,Yes,Yes,Pass,Engineering,13166
Raddie Major,2019-09-05,['Altruism'],"['Passive', 'Impulsive']",Yes,Yes,Yes,Pass,Business,13167
Antonetta Rustedge,2019-09-24,['Empathy'],"['Controlling', 'Stubborn', 'Chatty']",Yes,Yes,Yes,Pass,Data,13168
Mildred Macalaster,2019-09-24,"['Creative', 'Altruism']","['Indecisive', 'Distracted', 'Sensitive']",Yes,Yes,Yes,Pass,Business,13169
Homerus Heighton,2019-09-11,"['Innovative', 'Composure']","['Intolerant', 'Critical', 'Procrastination']",Yes,Yes,Yes,Pass,Business,13170
Reeva Amort,2019-09-26,['Critical Thinking'],['Conventional'],Yes,Yes,Yes,Fail,Business,13171
Buiron Presho,2019-09-05,"['Courteous', 'Competitive', 'Listening']",['Selfish'],Yes,Yes,Yes,Pass,Data,13172
Vyky Filipiak,2019-09-05,['Efficient'],"['Immature', 'Indifferent']",Yes,Yes,Yes,Pass,Business,13173
Merlina Yashanov,2019-09-04,"['Problem Solving', 'Courteous', 'Composure']",['Impatient'],Yes,Yes,Yes,Pass,Data,13174
Urban Bootland,2019-09-18,"['Critical Thinking', 'Consistent']","['Competitive', 'Critical', 'Controlling']",Yes,Yes,Yes,Fail,Data,13175
Fredia Ruos,2019-09-11,"['Ambitious', 'Problem Solving', 'Versatile']","['Chaotic', 'Undisciplined']",Yes,Yes,Yes,Pass,Business,13176
Harrietta Buten,2019-09-11,"['Problem Solving', 'Rational']","['Distracted', 'Anxious']",Yes,Yes,No,Fail,Engineering,13177
Jourdain Tripp,2019-09-26,['Creative'],"['Undisciplined', 'Passive', 'Distracted']",Yes,Yes,No,Fail,Business,13178
Vasili Cartledge,2019-09-12,"['Rational', 'Creative', 'Critical Thinking']","['Passive', 'Selfish']",Yes,Yes,Yes,Pass,Data,13179
Juieta Mulliss,2019-09-19,"['Competitive', 'Organisation', 'Consistent']","['Indifferent', 'Chatty', 'Critical']",Yes,Yes,Yes,Pass,Business,13180
Ignatius Doxsey,2019-09-10,"['Problem Solving', 'Consistent']",['Chaotic'],Yes,Yes,No,Fail,Business,13181
Friedrick Hawkey,2019-09-19,['Critical Thinking'],"['Slow', 'Conventional', 'Passive']",Yes,Yes,Yes,Pass,Engineering,13182
Payton Turbard,2019-09-25,"['Collaboration', 'Versatile', 'Rational']","['Impatient', 'Undisciplined']",Yes,Yes,Yes,Pass,Engineering,13183
Teddy Baraclough,2019-09-04,"['Collaboration', 'Consistent', 'Efficient']",['Indifferent'],Yes,Yes,Yes,Pass,Engineering,13184
Stepha Willison,2019-09-26,['Organisation'],"['Stubborn', 'Impatient', 'Perfectionist']",Yes,Yes,Yes,Pass,Data,13185
Petrina Sterland,2019-09-04,['Independent'],"['Anxious', 'Conventional']",Yes,Yes,Yes,Pass,Engineering,13186
Dorette Landall,2019-09-05,['Organisation'],"['Impulsive', 'Distracted', 'Stubborn']",Yes,Yes,Yes,Pass,Engineering,13187
Hermann Cudde,2019-09-26,['Empathy'],"['Indifferent', 'Overbearing']",Yes,Yes,Yes,Fail,Business,13188
Nealon Tompkiss,2019-09-25,"['Versatile', 'Organisation']","['Procrastination', 'Impulsive']",Yes,Yes,Yes,Fail,Engineering,13189
Sarita Weedon,2019-09-11,"['Perfectionism', 'Composure', 'Organisation']","['Anxious', 'Impulsive']",Yes,Yes,Yes,Pass,Data,13190
Lamar Macgebenay,2019-09-17,"['Perfectionism', 'Efficient', 'Competitive']","['Stubborn', 'Impulsive']",Yes,Yes,Yes,Pass,Engineering,13191
Erna Milne,2019-09-04,"['Problem Solving', 'Listening', 'Empathy']",['Overbearing'],Yes,Yes,Yes,Pass,Business,13192
Maude Ithell,2019-09-12,"['Competitive', 'Perfectionism', 'Innovative']",['Distracted'],Yes,Yes,Yes,Pass,Engineering,13193
Anna Lamperti,2019-09-04,"['Independent', 'Collaboration']","['Intolerant', 'Impulsive', 'Passive']",Yes,Yes,Yes,Pass,Data,13194
Hermina Boar,2019-09-26,['Rational'],['Anxious'],Yes,Yes,Yes,Pass,Business,13195
Kelila Cunah,2019-09-26,['Problem Solving'],['Anxious'],No,Yes,Yes,Fail,Business,13196
Sutherlan Mewe,2019-09-05,"['Courteous', 'Ambitious']","['Impulsive', 'Procrastination', 'Immature']",Yes,Yes,Yes,Pass,Business,13197
Thorpe Sigars,2019-09-24,['Competitive'],"['Procrastination', 'Conventional', 'Intolerant']",Yes,Yes,Yes,Pass,Data,13198
Maisie Skelton,2019-09-05,"['Critical Thinking', 'Charisma', 'Altruism']","['Distracted', 'Critical']",No,Yes,Yes,Fail,Engineering,13199
Scarface Gallihaulk,2019-09-03,['Competitive'],"['Anxious', 'Slow', 'Conventional']",Yes,Yes,Yes,Pass,Data,13200
Zandra Makepeace,2019-09-19,['Courteous'],"['Impatient', 'Sensitive']",Yes,Yes,Yes,Pass,Engineering,13201
Englebert Orme,2019-09-24,['Reliable'],"['Indecisive', 'Slow']",Yes,Yes,Yes,Pass,Business,13202
Brandie Birkin,2019-09-18,"['Ambitious', 'Versatile', 'Patient']","['Procrastination', 'Perfectionist']",Yes,No,Yes,Fail,Business,13203
Eugen Boggs,2019-09-04,"['Passionate', 'Creative']","['Selfish', 'Sensitive']",Yes,Yes,Yes,Pass,Data,13204
Storm Henryson,2019-09-24,"['Determined', 'Listening']","['Stubborn', 'Overbearing']",Yes,Yes,Yes,Pass,Data,13205
Neel Campana,2019-09-25,['Perfectionism'],"['Overbearing', 'Procrastination']",Yes,Yes,No,Fail,Data,13206
Ann Iannello,2019-09-05,"['Rational', 'Reliable']","['Intolerant', 'Perfectionist']",Yes,Yes,Yes,Pass,Business,13207
Babita Bramsen,2019-09-04,"['Listening', 'Collaboration']","['Impulsive', 'Competitive']",Yes,No,Yes,Fail,Business,13208
Briana Shorter,2019-09-25,['Organisation'],['Chaotic'],Yes,Yes,No,Fail,Business,13209
Saraann Elcombe,2019-09-12,['Problem Solving'],['Impulsive'],Yes,Yes,Yes,Pass,Engineering,13210
Erny Mourant,2019-09-26,"['Organisation', 'Determined']",['Procrastination'],Yes,Yes,Yes,Pass,Business,13211
Oren Medwell,2019-09-26,"['Versatile', 'Patient']",['Chatty'],Yes,Yes,No,Fail,Engineering,13212
Kalinda Leebetter,2019-09-24,"['Versatile', 'Ambitious', 'Organisation']","['Competitive', 'Stubborn', 'Overbearing']",Yes,Yes,Yes,Pass,Business,13213
Deana Salerno,2019-09-18,['Determined'],['Overbearing'],Yes,Yes,Yes,Pass,Engineering,13214
Darwin Vlasov,2019-09-11,"['Determined', 'Passionate']",['Indecisive'],Yes,Yes,No,Fail,Engineering,13215
Yankee Garmon,2019-09-18,"['Problem Solving', 'Critical Thinking', 'Composure']",['Impulsive'],Yes,Yes,Yes,Pass,Business,13216
Ulrika Southam,2019-09-24,"['Reliable', 'Listening']","['Selfish', 'Controlling', 'Passive']",Yes,Yes,Yes,Pass,Business,13217
Jo-Ann Gallihaulk,2019-09-10,"['Altruism', 'Independent', 'Empathy']","['Undisciplined', 'Sensitive', 'Immature']",Yes,Yes,Yes,Pass,Business,13218
Larisa Cordero,2019-09-03,['Reliable'],['Selfish'],Yes,Yes,Yes,Pass,Data,13219
Mark Beckingham,2019-09-10,"['Charisma', 'Passionate']",['Distracted'],Yes,Yes,No,Fail,Business,13220
Vevay Feirn,2019-09-12,"['Reliable', 'Organisation', 'Charisma']","['Competitive', 'Undisciplined']",Yes,Yes,Yes,Fail,Data,13221
Toby Stadden,2019-09-04,['Curious'],"['Chatty', 'Stubborn']",Yes,Yes,Yes,Pass,Engineering,13222
Umeko Bozier,2019-09-17,"['Listening', 'Problem Solving', 'Patient']","['Impulsive', 'Chaotic']",Yes,No,Yes,Fail,Engineering,13223
Ryley Dael,2019-09-10,"['Charisma', 'Efficient']","['Indecisive', 'Anxious']",No,Yes,Yes,Fail,Engineering,13224
Engracia Polycote,2019-09-04,"['Problem Solving', 'Reliable', 'Patient']","['Anxious', 'Indifferent']",Yes,Yes,Yes,Pass,Business,13225
Arman Boribal,2019-09-04,"['Rational', 'Courteous', 'Perfectionism']","['Competitive', 'Passive']",Yes,Yes,Yes,Pass,Data,13226
Vernon Bennough,2019-09-24,"['Innovative', 'Problem Solving']","['Perfectionist', 'Anxious', 'Passive']",Yes,Yes,Yes,Pass,Engineering,13227
Monty Gorriessen,2019-09-12,"['Versatile', 'Curious']",['Chaotic'],Yes,Yes,Yes,Pass,Data,13228
Clyve Gillhespy,2019-09-26,['Perfectionism'],"['Indecisive', 'Introverted']",Yes,Yes,Yes,Pass,Business,13229
Vaclav Pietesch,2019-09-12,"['Competitive', 'Independent']","['Passive', 'Selfish', 'Chaotic']",Yes,Yes,No,Fail,Engineering,13230
Matthaeus Audas,2019-04-30,"['Reliable', 'Curious', 'Patient']","['Critical', 'Introverted', 'Immature']",Yes,Yes,Yes,Pass,Data,13231
Cherey Tollfree,2019-04-25,"['Consistent', 'Organisation']",['Undisciplined'],Yes,Yes,Yes,Pass,Business,13232
Kassi Pinnock,2019-04-18,['Versatile'],"['Stubborn', 'Passive']",Yes,Yes,Yes,Pass,Engineering,13233
Rivi Epinay,2019-04-17,"['Passionate', 'Patient']","['Conventional', 'Undisciplined']",Yes,No,Yes,Fail,Business,13234
Lay Trosdall,2019-04-16,['Organisation'],"['Overbearing', 'Introverted']",Yes,Yes,Yes,Pass,Engineering,13235
Nance Crate,2019-04-02,"['Consistent', 'Determined']","['Sensitive', 'Indecisive']",No,Yes,Yes,Fail,Engineering,13236
Shelia Carlesi,2019-04-02,['Courteous'],"['Introverted', 'Impatient']",Yes,Yes,Yes,Fail,Data,13237
Clemente Akitt,2019-04-02,"['Collaboration', 'Problem Solving', 'Ambitious']","['Anxious', 'Competitive']",No,No,Yes,Fail,Data,13238
Kimbell Lasseter,2019-04-16,['Perfectionism'],"['Conventional', 'Passive', 'Chatty']",Yes,No,Yes,Fail,Data,13239
Johanna Inold,2019-04-03,"['Courteous', 'Perfectionism', 'Reliable']","['Impulsive', 'Distracted']",Yes,Yes,Yes,Pass,Engineering,13240
Tiler Andrejevic,2019-04-10,"['Critical Thinking', 'Independent']","['Undisciplined', 'Passive']",Yes,Yes,Yes,Pass,Data,13241
Ash Hannon,2019-04-17,"['Altruism', 'Independent']","['Immature', 'Stubborn']",Yes,Yes,Yes,Pass,Business,13242
Marie-Ann Vaar,2019-04-17,"['Competitive', 'Collaboration']","['Chaotic', 'Perfectionist', 'Procrastination']",Yes,No,Yes,Fail,Data,13243
Orazio Brawn,2019-04-16,['Reliable'],"['Indifferent', 'Chaotic', 'Introverted']",Yes,Yes,Yes,Pass,Engineering,13244
Edgar Willeman,2019-04-30,"['Ambitious', 'Courteous', 'Patient']","['Perfectionist', 'Immature']",No,Yes,Yes,Fail,Data,13245
Rip Mcilvenny,2019-04-18,"['Consistent', 'Altruism']",['Passive'],Yes,Yes,Yes,Pass,Data,13246
Delila Garret,2019-04-09,"['Collaboration', 'Courteous']","['Chaotic', 'Indecisive', 'Overbearing']",Yes,Yes,No,Fail,Data,13247
Homer Hymer,2019-04-09,['Versatile'],['Impulsive'],No,Yes,Yes,Fail,Business,13248
Sibyl Braddick,2019-04-18,['Efficient'],['Indecisive'],Yes,Yes,Yes,Pass,Data,13249
Meridel Randell,2019-04-11,['Efficient'],"['Slow', 'Procrastination']",Yes,Yes,Yes,Pass,Business,13250
Alli Sleeford,2019-04-17,"['Altruism', 'Courteous', 'Innovative']",['Anxious'],No,Yes,Yes,Fail,Engineering,13251
Janet Copner,2019-04-18,"['Altruism', 'Problem Solving', 'Perfectionism']","['Critical', 'Selfish', 'Impulsive']",Yes,Yes,Yes,Pass,Data,13252
Irina Marritt,2019-04-16,['Empathy'],"['Critical', 'Conventional', 'Chatty']",Yes,Yes,No,Fail,Engineering,13253
Babette Mcgloughlin,2019-04-03,['Passionate'],"['Controlling', 'Indifferent']",Yes,Yes,Yes,Pass,Engineering,13254
Chicky Sawbridge,2019-04-02,"['Consistent', 'Composure', 'Innovative']","['Impatient', 'Distracted', 'Critical']",Yes,Yes,Yes,Pass,Engineering,13255
Tori Weatherhill,2019-04-02,"['Patient', 'Competitive']",['Stubborn'],Yes,Yes,Yes,Pass,Business,13256
Parke Van Son,2019-04-24,"['Versatile', 'Competitive']",['Impatient'],Yes,Yes,Yes,Pass,Engineering,13257
Hazel Boyack,2019-04-24,"['Patient', 'Altruism']","['Chatty', 'Overbearing', 'Sensitive']",Yes,Yes,Yes,Pass,Business,13258
Ivett Bridel,2019-04-18,"['Critical Thinking', 'Empathy']","['Overbearing', 'Impatient']",Yes,No,Yes,Fail,Engineering,13259
Isacco Boichat,2019-04-11,['Patient'],"['Critical', 'Competitive', 'Sensitive']",No,Yes,Yes,Fail,Data,13260
Ardelis Gylle,2019-04-04,"['Listening', 'Critical Thinking', 'Passionate']","['Immature', 'Sensitive', 'Undisciplined']",Yes,No,Yes,Fail,Data,13261
Brose Benaine,2019-04-18,['Composure'],"['Overbearing', 'Sensitive']",Yes,Yes,Yes,Pass,Engineering,13262
Adela Valance,2019-04-30,"['Ambitious', 'Patient', 'Efficient']",['Selfish'],Yes,Yes,Yes,Pass,Engineering,13263
Aggy Hefferan,2019-04-18,"['Determined', 'Efficient', 'Independent']","['Impatient', 'Indifferent', 'Controlling']",Yes,Yes,Yes,Pass,Engineering,13264
Leah Earney,2019-04-09,"['Reliable', 'Empathy', 'Independent']","['Stubborn', 'Undisciplined']",Yes,Yes,Yes,Pass,Data,13265
Mile O'Brien,2019-04-10,['Courteous'],"['Immature', 'Chatty', 'Indifferent']",Yes,Yes,Yes,Pass,Engineering,13266
Horatio Christley,2019-04-30,['Passionate'],['Critical'],Yes,Yes,Yes,Pass,Engineering,13267
Regan Rawlins,2019-04-09,"['Organisation', 'Patient', 'Determined']","['Competitive', 'Procrastination']",Yes,Yes,Yes,Pass,Data,13268
Mercy Coronas,2019-04-04,"['Determined', 'Problem Solving']","['Distracted', 'Overbearing', 'Perfectionist']",Yes,Yes,Yes,Pass,Data,13269
Darcy Srutton,,"['Rational', 'Altruism']","['Overbearing', 'Indecisive']",Yes,Yes,Yes,Pass,Data,13270
Westbrooke Wonham,2019-04-16,['Creative'],['Chatty'],Yes,Yes,Yes,Pass,Engineering,13271
Jessee Chisnall,2019-04-16,"['Organisation', 'Competitive']",['Impulsive'],Yes,Yes,Yes,Pass,Business,13272
Isac Peschmann,2019-04-04,['Consistent'],"['Undisciplined', 'Indecisive', 'Anxious']",Yes,Yes,Yes,Pass,Engineering,13273
Valenka Jirsa,2019-04-11,"['Ambitious', 'Determined', 'Composure']","['Passive', 'Chatty', 'Indifferent']",Yes,Yes,No,Fail,Business,13274
Sheeree Collop,2019-04-10,"['Problem Solving', 'Passionate', 'Innovative']","['Selfish', 'Intolerant']",Yes,Yes,Yes,Pass,Engineering,13275
Orion Dines,2019-04-03,['Independent'],"['Intolerant', 'Competitive']",Yes,No,No,Fail,Business,13276
Ali Outram,2019-04-16,"['Determined', 'Listening', 'Consistent']","['Introverted', 'Sensitive']",Yes,Yes,No,Fail,Data,13277
Rhona Bisgrove,2019-04-04,['Critical Thinking'],"['Chatty', 'Passive']",Yes,Yes,Yes,Pass,Business,13278
Fredrick Carvil,2019-04-25,"['Composure', 'Versatile']","['Slow', 'Chatty']",Yes,No,Yes,Fail,Engineering,13279
Annalise Easom,2019-04-16,"['Reliable', 'Passionate', 'Determined']","['Stubborn', 'Intolerant']",No,Yes,No,Fail,Business,13280
Gardie Swaysland,2019-04-04,['Creative'],"['Controlling', 'Slow', 'Conventional']",Yes,Yes,Yes,Pass,Data,13281
Gayla Bownas,2019-04-03,['Consistent'],['Anxious'],Yes,Yes,Yes,Pass,Business,13282
Mira Bofield,2019-04-02,['Courteous'],"['Sensitive', 'Distracted']",Yes,Yes,Yes,Pass,Engineering,13283
Theobald Rawles,2019-04-11,['Critical Thinking'],"['Passive', 'Immature', 'Slow']",Yes,Yes,Yes,Pass,Business,13284
Libbie Pluck,2019-04-10,"['Creative', 'Critical Thinking', 'Collaboration']","['Overbearing', 'Indecisive', 'Chaotic']",Yes,Yes,Yes,Fail,Data,13285
Corty Frearson,2019-04-16,"['Charisma', 'Innovative']","['Distracted', 'Introverted', 'Slow']",Yes,Yes,Yes,Pass,Business,13286
Salomi Shalders,2019-04-30,['Creative'],"['Selfish', 'Slow']",Yes,Yes,Yes,Pass,Data,13287
Corby Adnett,2019-04-09,['Composure'],"['Immature', 'Indecisive']",Yes,Yes,Yes,Pass,Data,13288
Charlotte Possa,2019-04-04,['Ambitious'],['Selfish'],Yes,Yes,Yes,Pass,Data,13289
Idelle Kidstoun,2019-04-25,['Passionate'],"['Indecisive', 'Passive']",Yes,Yes,Yes,Pass,Business,13290
Maurita Gimblet,2019-04-02,"['Altruism', 'Curious', 'Critical Thinking']",['Impulsive'],No,Yes,Yes,Fail,Engineering,13291
Nara Bagger,2019-04-09,"['Perfectionism', 'Curious']","['Chaotic', 'Intolerant']",Yes,Yes,Yes,Pass,Engineering,13292
Willow Karp,2019-04-03,"['Curious', 'Perfectionism', 'Independent']","['Controlling', 'Perfectionist', 'Overbearing']",Yes,Yes,Yes,Fail,Business,13293
Brooks Gethouse,2019-04-17,"['Altruism', 'Collaboration', 'Perfectionism']","['Slow', 'Controlling']",No,Yes,Yes,Fail,Data,13294
Norbie Iacobucci,2019-04-04,"['Problem Solving', 'Rational']","['Perfectionist', 'Sensitive', 'Undisciplined']",Yes,Yes,Yes,Pass,Data,13295
Nanette Borrill,2019-04-18,"['Competitive', 'Versatile']",['Slow'],Yes,Yes,Yes,Fail,Engineering,13296
Andreas Kincey,2019-04-04,"['Curious', 'Creative']","['Chaotic', 'Impulsive']",No,Yes,No,Fail,Business,13297
Grady Romeo,2019-04-02,['Empathy'],"['Introverted', 'Chaotic', 'Slow']",Yes,Yes,Yes,Pass,Business,13298
Harper Armell,2019-04-30,['Collaboration'],['Undisciplined'],Yes,Yes,Yes,Pass,Data,13299
Augustin Winters,2019-04-09,['Determined'],"['Sensitive', 'Procrastination', 'Slow']",Yes,Yes,Yes,Pass,Engineering,13300
Ilka Moodie,2019-04-17,"['Independent', 'Efficient']","['Critical', 'Sensitive']",No,Yes,Yes,Fail,Business,13301
Alanna Frane,2019-04-03,['Patient'],"['Intolerant', 'Slow']",Yes,Yes,Yes,Fail,Business,13302
Broddie Tetla,2019-04-30,['Passionate'],"['Impulsive', 'Distracted']",Yes,Yes,Yes,Pass,Business,13303
Chelsea Millward,2019-04-03,"['Rational', 'Empathy', 'Courteous']","['Conventional', 'Controlling']",Yes,Yes,Yes,Pass,Data,13304
Franciska Kezor,2019-04-09,['Competitive'],['Controlling'],No,Yes,Yes,Fail,Engineering,13305
Stefan Gersam,2019-04-03,"['Empathy', 'Rational', 'Perfectionism']","['Sensitive', 'Immature', 'Intolerant']",Yes,Yes,Yes,Pass,Data,13306
Carline Zuker,2019-04-03,"['Efficient', 'Rational', 'Reliable']","['Indifferent', 'Chatty']",No,Yes,Yes,Fail,Data,13307
Bear Blacksell,2019-04-23,"['Listening', 'Passionate']",['Stubborn'],Yes,Yes,Yes,Pass,Engineering,13308
Lon Gillimgham,2019-04-10,"['Rational', 'Reliable', 'Courteous']","['Impulsive', 'Indecisive']",Yes,Yes,Yes,Pass,Data,13309
Alyce Hares,2019-04-23,"['Reliable', 'Competitive']","['Competitive', 'Indifferent', 'Impatient']",Yes,Yes,Yes,Pass,Data,13310
Mimi Beamand,2019-04-09,['Courteous'],"['Critical', 'Introverted', 'Overbearing']",Yes,Yes,Yes,Pass,Data,13311
Morgana Mcdarmid,2019-04-09,"['Collaboration', 'Empathy']",['Introverted'],Yes,No,Yes,Fail,Business,13312
Hervey Climer,2019-04-18,"['Altruism', 'Collaboration']","['Sensitive', 'Perfectionist', 'Distracted']",Yes,Yes,Yes,Pass,Business,13313
Cami Burberow,2019-04-02,"['Competitive', 'Courteous', 'Rational']","['Conventional', 'Critical', 'Anxious']",Yes,Yes,Yes,Pass,Business,13314
Lynnell Samber,2019-04-09,"['Innovative', 'Determined', 'Critical Thinking']","['Immature', 'Passive', 'Impulsive']",Yes,Yes,Yes,Pass,Data,13315
Rosina Ellaway,2019-04-24,"['Determined', 'Problem Solving']",['Immature'],Yes,No,Yes,Fail,Engineering,13316
Shelagh Barthel,2019-04-18,"['Innovative', 'Efficient']","['Indecisive', 'Chaotic']",Yes,Yes,Yes,Pass,Data,13317
Terri Spensley,2019-04-16,['Problem Solving'],['Immature'],No,Yes,Yes,Fail,Business,13318
Arlin Leman,2019-04-30,"['Rational', 'Versatile']","['Introverted', 'Anxious']",Yes,Yes,Yes,Pass,Data,13319
Sonnnie Stelljes,2019-04-18,"['Courteous', 'Charisma']",['Controlling'],Yes,Yes,Yes,Pass,Business,13320
Elfrida Santarelli,2019-04-30,"['Courteous', 'Charisma', 'Organisation']","['Intolerant', 'Conventional', 'Chaotic']",Yes,Yes,Yes,Fail,Business,13321
Dorolisa Cutmere,2019-04-25,"['Consistent', 'Patient']","['Introverted', 'Controlling', 'Impatient']",Yes,No,Yes,Fail,Engineering,13322
Alberto O Sullivan,2019-04-04,"['Reliable', 'Perfectionism']","['Conventional', 'Procrastination', 'Impulsive']",Yes,Yes,No,Fail,Business,13323
Doretta Lourenco,2019-04-30,"['Reliable', 'Collaboration', 'Rational']",['Intolerant'],Yes,Yes,Yes,Pass,Data,13324
Cordie Capon,2019-04-30,"['Collaboration', 'Versatile']","['Immature', 'Selfish']",Yes,Yes,Yes,Pass,Data,13325
Hogan Bushnell,2019-04-10,"['Charisma', 'Composure', 'Competitive']","['Conventional', 'Selfish']",Yes,Yes,Yes,Pass,Data,13326
Axel Scatchar,2019-04-09,"['Determined', 'Problem Solving', 'Charisma']","['Intolerant', 'Competitive', 'Impatient']",Yes,Yes,Yes,Pass,Business,13327
Emmey Wadforth,2019-04-03,"['Curious', 'Innovative', 'Versatile']","['Impatient', 'Distracted']",Yes,Yes,Yes,Pass,Data,13328
Klement Harley,2019-04-04,"['Curious', 'Determined', 'Reliable']","['Indecisive', 'Impulsive', 'Introverted']",Yes,Yes,Yes,Pass,Business,13329
Tiffany Gronaller,2019-04-10,"['Listening', 'Charisma']","['Immature', 'Stubborn']",Yes,Yes,Yes,Fail,Engineering,13330
Winnie Waskett,2019-04-02,"['Composure', 'Critical Thinking']",['Competitive'],Yes,Yes,Yes,Pass,Business,13331
Anabelle Masey,2019-04-24,"['Consistent', 'Innovative', 'Curious']","['Distracted', 'Sensitive', 'Impatient']",Yes,Yes,Yes,Pass,Data,13332
Devan Claricoats,2019-04-23,"['Curious', 'Empathy', 'Problem Solving']","['Indifferent', 'Controlling']",Yes,Yes,Yes,Pass,Data,13333
Reube Launchbury,2019-04-24,"['Altruism', 'Perfectionism', 'Innovative']","['Introverted', 'Overbearing']",No,Yes,Yes,Fail,Business,13334
Janna Heyfield,2019-04-24,"['Collaboration', 'Consistent']","['Distracted', 'Anxious', 'Controlling']",Yes,Yes,Yes,Fail,Business,13335
Karina Ingyon,2019-04-16,['Altruism'],"['Procrastination', 'Chatty', 'Competitive']",Yes,Yes,No,Fail,Data,13336
Miguel Bowen,2019-04-09,"['Collaboration', 'Determined', 'Charisma']",['Introverted'],Yes,Yes,Yes,Pass,Data,13337
Gianina Bessent,2019-04-17,"['Patient', 'Efficient']","['Slow', 'Controlling']",Yes,Yes,Yes,Fail,Business,13338
Shay Merrgen,2019-04-09,"['Perfectionism', 'Charisma']","['Passive', 'Conventional', 'Indifferent']",Yes,Yes,Yes,Pass,Business,13339
Brendon Ferrieri,2019-04-17,"['Problem Solving', 'Independent']","['Passive', 'Distracted']",Yes,Yes,Yes,Pass,Engineering,13340
Lavena Moehler,2019-04-09,['Perfectionism'],"['Indecisive', 'Critical']",Yes,Yes,Yes,Pass,Engineering,13341
Hersh Bramo,2019-04-24,"['Creative', 'Problem Solving', 'Ambitious']","['Indifferent', 'Competitive', 'Controlling']",No,Yes,Yes,Fail,Business,13342
Bruce Wingatt,2019-04-09,"['Ambitious', 'Empathy', 'Competitive']",['Indifferent'],Yes,Yes,Yes,Pass,Data,13343
Benedick Bernardeau,2019-04-02,"['Organisation', 'Empathy']",['Overbearing'],Yes,Yes,Yes,Pass,Business,13344
Tabby Henrych,2019-04-03,['Innovative'],"['Selfish', 'Overbearing']",Yes,Yes,Yes,Fail,Engineering,13345
Rikki Balharrie,2019-04-23,"['Altruism', 'Critical Thinking']","['Distracted', 'Conventional']",Yes,No,Yes,Fail,Data,13346
Jon Aries,2019-04-04,['Passionate'],"['Controlling', 'Indecisive', 'Selfish']",Yes,Yes,Yes,Pass,Engineering,13347
Virgilio Zavattieri,2019-04-30,"['Patient', 'Passionate']","['Overbearing', 'Selfish']",Yes,Yes,Yes,Pass,Data,13348
Arleen Mcallan,2019-04-09,['Curious'],['Overbearing'],Yes,Yes,Yes,Pass,Engineering,13349
Deck Eannetta,2019-04-04,"['Creative', 'Collaboration', 'Innovative']",['Sensitive'],Yes,Yes,No,Fail,Business,13350
Dania Skellern,2019-04-23,"['Perfectionism', 'Consistent']",['Impulsive'],Yes,Yes,Yes,Pass,Business,13351
Uri Ingley,2019-04-30,"['Collaboration', 'Listening', 'Problem Solving']","['Impulsive', 'Slow']",Yes,No,Yes,Fail,Engineering,13352
Pren Abramovicz,2019-04-18,['Creative'],"['Passive', 'Chatty', 'Competitive']",Yes,Yes,Yes,Pass,Business,13353
Rowney Von Hagt,2019-04-04,['Curious'],"['Anxious', 'Procrastination', 'Sensitive']",Yes,No,Yes,Fail,Data,13355
Markus Game,2019-04-30,['Rational'],"['Competitive', 'Sensitive', 'Critical']",Yes,Yes,Yes,Pass,Data,13356
Kalle Waine,2019-04-03,"['Altruism', 'Listening']","['Impatient', 'Perfectionist']",Yes,Yes,Yes,Pass,Data,13357
Hayward Macdunleavy,2019-04-24,['Versatile'],"['Undisciplined', 'Chatty', 'Slow']",Yes,Yes,Yes,Pass,Data,13358
Huberto Vollam,2019-04-24,['Courteous'],['Selfish'],Yes,Yes,Yes,Pass,Business,13359
Abeu Bourcq,2019-04-03,"['Organisation', 'Perfectionism', 'Passionate']","['Indifferent', 'Conventional']",Yes,Yes,No,Fail,Business,13360
Stella Ulster,2019-04-03,['Independent'],"['Overbearing', 'Immature']",Yes,Yes,Yes,Pass,Engineering,13361
Sayer Weedon,2019-04-03,"['Rational', 'Independent', 'Organisation']","['Undisciplined', 'Overbearing']",Yes,Yes,Yes,Pass,Data,13362
Chilton Niece,2019-04-10,"['Curious', 'Competitive']","['Impatient', 'Controlling']",Yes,Yes,Yes,Pass,Business,13363
Joyce Turbitt,2019-04-03,['Reliable'],"['Selfish', 'Controlling']",Yes,Yes,Yes,Fail,Data,13364
Lorianne Potticary,2019-04-24,['Independent'],['Selfish'],Yes,Yes,Yes,Pass,Engineering,13365
Josselyn O'Sheils,2019-04-04,['Consistent'],"['Immature', 'Introverted', 'Impatient']",No,Yes,No,Fail,Business,13366
Harmon Jaggi,2019-04-04,['Patient'],['Overbearing'],No,Yes,Yes,Fail,Engineering,13367
Daisy Brims,2019-04-04,['Altruism'],['Indifferent'],Yes,Yes,Yes,Pass,Engineering,13368
Eda Banner,2019-04-10,"['Perfectionism', 'Consistent']","['Selfish', 'Indifferent', 'Stubborn']",Yes,Yes,Yes,Pass,Engineering,13369
Hubie Surgood,2019-04-11,['Patient'],"['Introverted', 'Slow']",Yes,Yes,Yes,Pass,Engineering,13370
Lalo Halton,2019-04-09,"['Independent', 'Composure', 'Courteous']",['Stubborn'],Yes,Yes,Yes,Pass,Engineering,13371
Paco St Ange,2019-04-11,['Innovative'],"['Impatient', 'Anxious']",Yes,Yes,Yes,Pass,Business,13372
Karlene Mcdermott-Row,2019-04-16,"['Versatile', 'Composure']",['Chatty'],Yes,Yes,Yes,Pass,Data,13373
Cinderella Chedzoy,2019-04-03,"['Consistent', 'Altruism', 'Reliable']","['Slow', 'Perfectionist']",Yes,Yes,No,Fail,Business,13374
Tanya Altofts,2019-04-24,"['Collaboration', 'Efficient', 'Altruism']","['Passive', 'Anxious']",Yes,Yes,Yes,Pass,Engineering,13375
Kitty Triggol,2019-04-09,"['Rational', 'Independent']","['Impulsive', 'Intolerant']",Yes,No,Yes,Fail,Data,13376
Amerigo Graysmark,2019-04-02,"['Competitive', 'Altruism', 'Rational']",['Chatty'],Yes,Yes,Yes,Pass,Data,13377
Forbes Scimoni,2019-04-11,"['Determined', 'Ambitious']","['Undisciplined', 'Slow']",Yes,Yes,No,Fail,Engineering,13378
Rochell Reston,2019-04-03,"['Problem Solving', 'Reliable']","['Indecisive', 'Selfish', 'Anxious']",Yes,Yes,Yes,Pass,Engineering,13379
Aggy Alessandrucci,2019-04-11,"['Charisma', 'Courteous', 'Passionate']","['Stubborn', 'Undisciplined']",No,Yes,Yes,Fail,Data,13380
Kevan Elsey,2019-04-30,"['Patient', 'Problem Solving', 'Composure']",['Indecisive'],Yes,Yes,Yes,Pass,Business,13381
Marga Henryson,2019-04-30,"['Patient', 'Altruism', 'Competitive']","['Chatty', 'Passive']",Yes,Yes,Yes,Fail,Data,13382
Haroun Mccrohon,2019-04-18,"['Rational', 'Innovative', 'Composure']","['Anxious', 'Introverted']",Yes,Yes,Yes,Pass,Data,13383
Oralle Kose,2019-04-10,"['Competitive', 'Rational']","['Critical', 'Impulsive']",No,Yes,Yes,Fail,Data,13384
Emiline Bolderoe,2019-04-25,"['Determined', 'Empathy']","['Indifferent', 'Indecisive']",Yes,Yes,No,Fail,Engineering,13385
Stacie Heads,2019-04-16,['Charisma'],"['Indecisive', 'Chatty', 'Sensitive']",Yes,Yes,No,Fail,Business,13386
Erik Gervaise,2019-04-03,['Independent'],['Undisciplined'],Yes,Yes,Yes,Pass,Data,13387
Aldridge Du Fray,2019-04-30,"['Creative', 'Versatile']",['Critical'],Yes,Yes,Yes,Pass,Engineering,13388
Elliot Ruckert,2019-04-18,['Empathy'],"['Procrastination', 'Intolerant']",Yes,Yes,Yes,Fail,Engineering,13389
Florence Joseph,2019-04-24,"['Problem Solving', 'Determined']","['Perfectionist', 'Stubborn']",Yes,Yes,Yes,Pass,Business,13390
Lavinie De Quesne,2019-04-02,['Composure'],"['Impatient', 'Indecisive', 'Passive']",Yes,Yes,Yes,Pass,Engineering,13391
Wileen Tolley,2019-04-09,['Reliable'],"['Chatty', 'Impatient']",Yes,Yes,Yes,Pass,Engineering,13392
Othilia Skypp,2019-04-18,"['Listening', 'Creative', 'Charisma']","['Selfish', 'Immature', 'Sensitive']",Yes,Yes,No,Fail,Engineering,13393
Susette Tregunnah,2019-04-03,['Collaboration'],['Stubborn'],Yes,Yes,Yes,Pass,Business,13394
Vernor Farrance,2019-04-10,"['Composure', 'Listening', 'Empathy']","['Indifferent', 'Stubborn', 'Intolerant']",No,Yes,Yes,Fail,Business,13395
Winnifred Outright,2019-04-25,['Reliable'],['Immature'],Yes,Yes,Yes,Pass,Business,13396
Dillon Gemnett,2019-04-16,"['Patient', 'Charisma']",['Distracted'],Yes,Yes,Yes,Pass,Business,13397
Elliot Howarth,2019-04-23,['Independent'],"['Chaotic', 'Indifferent', 'Impatient']",Yes,Yes,Yes,Pass,Business,13398
Guinna Garford,2019-04-17,"['Curious', 'Composure']","['Introverted', 'Stubborn', 'Slow']",Yes,Yes,Yes,Pass,Data,13399
Gunilla Davidi,2019-04-24,"['Versatile', 'Competitive', 'Reliable']","['Slow', 'Undisciplined', 'Selfish']",Yes,Yes,Yes,Pass,Engineering,13400
Barbey Rickertsen,2019-04-30,"['Charisma', 'Collaboration', 'Composure']",['Selfish'],Yes,Yes,Yes,Fail,Data,13401
Salvidor Cully,2019-04-10,"['Independent', 'Altruism', 'Critical Thinking']","['Sensitive', 'Impulsive', 'Overbearing']",Yes,Yes,Yes,Pass,Business,13402
Bailey Antrim,2019-04-25,"['Passionate', 'Listening', 'Perfectionism']",['Intolerant'],Yes,Yes,Yes,Pass,Business,13403
Leonid Coule,2019-04-30,"['Efficient', 'Perfectionism', 'Listening']",['Distracted'],Yes,No,Yes,Fail,Data,13404
Phyllida Mcdiarmid,2019-04-25,"['Creative', 'Charisma']","['Anxious', 'Sensitive']",Yes,Yes,Yes,Pass,Business,13405
Vivien Beiderbeck,2019-04-02,"['Versatile', 'Passionate', 'Perfectionism']","['Distracted', 'Indecisive']",Yes,Yes,No,Fail,Data,13406
Suzy Blaisdell,2019-04-17,['Listening'],"['Sensitive', 'Competitive', 'Selfish']",Yes,Yes,Yes,Pass,Engineering,13407
Todd Kohnert,2019-04-10,"['Courteous', 'Ambitious']",['Overbearing'],Yes,Yes,Yes,Pass,Data,13408
Gunter Marzellano,2019-04-10,['Versatile'],['Controlling'],Yes,No,Yes,Fail,Business,13409
Shanda Glanester,2019-04-23,"['Critical Thinking', 'Competitive']",['Stubborn'],Yes,Yes,Yes,Pass,Engineering,13410
Enrique Garside,2019-04-10,['Reliable'],['Slow'],Yes,Yes,Yes,Fail,Engineering,13411
Viv Newby,2019-04-11,"['Courteous', 'Competitive']","['Intolerant', 'Distracted', 'Critical']",Yes,Yes,Yes,Pass,Data,13412
Hilda Winkett,2019-04-10,"['Determined', 'Consistent', 'Perfectionism']","['Introverted', 'Indecisive']",Yes,No,Yes,Fail,Data,13413
Palm Jakovijevic,2019-04-09,"['Innovative', 'Problem Solving']",['Anxious'],Yes,Yes,Yes,Pass,Engineering,13414
Herold Dionisetto,2019-04-30,"['Innovative', 'Determined', 'Organisation']",['Intolerant'],Yes,Yes,No,Fail,Data,13415
Darb Noor,2019-04-04,"['Versatile', 'Determined', 'Composure']",['Undisciplined'],Yes,Yes,Yes,Pass,Business,13416
Lynea Fitzsymon,2019-04-09,"['Empathy', 'Ambitious', 'Perfectionism']","['Procrastination', 'Indifferent', 'Stubborn']",Yes,Yes,No,Fail,Data,13417
Meredithe Ullyatt,2019-04-23,"['Curious', 'Patient', 'Innovative']","['Stubborn', 'Conventional']",Yes,Yes,Yes,Pass,Data,13418
Templeton Krzysztofiak,2019-04-25,['Charisma'],"['Overbearing', 'Critical', 'Controlling']",Yes,Yes,Yes,Pass,Engineering,13419
Gradey Connor,2019-04-17,"['Reliable', 'Problem Solving', 'Creative']","['Introverted', 'Competitive']",Yes,Yes,Yes,Pass,Engineering,13420
Guthrie Klebes,2019-04-23,['Independent'],"['Indifferent', 'Selfish']",Yes,Yes,Yes,Pass,Business,13421
Brion Grishechkin,2019-04-03,['Creative'],"['Competitive', 'Procrastination', 'Stubborn']",Yes,Yes,Yes,Pass,Data,13422
Daniela Raffan,2019-04-24,['Charisma'],['Immature'],Yes,Yes,Yes,Pass,Engineering,13423
Jimmy Sand,2019-04-09,"['Determined', 'Passionate', 'Innovative']","['Overbearing', 'Indifferent']",Yes,Yes,Yes,Pass,Business,13425
Mamie Sperrett,2019-04-23,"['Versatile', 'Independent']",['Sensitive'],Yes,Yes,Yes,Pass,Engineering,13426
Roda Tours,2019-04-23,"['Independent', 'Innovative', 'Reliable']",['Undisciplined'],Yes,Yes,Yes,Fail,Data,13427
Idelle Pidgeley,2019-04-25,['Collaboration'],"['Overbearing', 'Passive']",Yes,Yes,Yes,Pass,Engineering,13428
Adah Spencers,2019-04-04,"['Passionate', 'Perfectionism', 'Collaboration']","['Impulsive', 'Slow', 'Indifferent']",Yes,Yes,Yes,Pass,Business,13429
Teodora Redwood,2019-04-25,"['Curious', 'Efficient', 'Composure']",['Stubborn'],Yes,Yes,No,Fail,Business,13430
Ruth Harnor,2019-04-24,['Reliable'],"['Controlling', 'Sensitive']",No,Yes,Yes,Fail,Data,13431
Mordecai Chamberlin,2019-04-09,"['Determined', 'Perfectionism', 'Consistent']","['Procrastination', 'Indecisive']",Yes,Yes,Yes,Pass,Engineering,13432
Gillan Rosendorf,2019-04-23,"['Curious', 'Creative', 'Problem Solving']","['Indecisive', 'Distracted', 'Undisciplined']",Yes,Yes,Yes,Fail,Data,13433
Gabbie Over,2019-04-04,['Innovative'],['Conventional'],Yes,Yes,Yes,Pass,Business,13434
Arlen Meacher,2019-04-11,"['Problem Solving', 'Ambitious', 'Creative']",['Impatient'],Yes,Yes,Yes,Pass,Data,13435
Law Massen,2019-04-30,['Charisma'],"['Chatty', 'Competitive', 'Chaotic']",Yes,Yes,Yes,Pass,Engineering,13436
Leigha Pafford,2019-04-11,['Innovative'],"['Slow', 'Competitive', 'Distracted']",No,Yes,Yes,Fail,Business,13437
Giles De Angelis,2019-04-10,['Courteous'],['Conventional'],Yes,Yes,Yes,Pass,Engineering,13438
Davey Mcdowell,2019-04-10,"['Collaboration', 'Reliable']","['Undisciplined', 'Sensitive']",Yes,Yes,No,Fail,Data,13439
Bud Carletto,2019-04-04,"['Organisation', 'Listening', 'Perfectionism']","['Introverted', 'Critical', 'Undisciplined']",Yes,Yes,Yes,Pass,Engineering,13440
Meagan Osmon,2019-04-23,"['Reliable', 'Altruism', 'Determined']",['Impatient'],No,Yes,Yes,Fail,Engineering,13441
Deana Legonidec,2019-04-25,"['Perfectionism', 'Patient', 'Composure']","['Indifferent', 'Distracted', 'Selfish']",Yes,Yes,Yes,Fail,Business,13442
Wileen Reckus,2019-04-24,"['Collaboration', 'Determined']","['Procrastination', 'Overbearing', 'Chatty']",Yes,Yes,No,Fail,Data,13443
Wilmer Gealle,2019-04-24,['Perfectionism'],['Undisciplined'],Yes,Yes,Yes,Pass,Business,13444
Shirl Bould,2019-04-03,['Ambitious'],['Critical'],No,No,No,Fail,Business,13445
Sunny Menat,2019-04-04,['Reliable'],"['Passive', 'Anxious']",Yes,No,Yes,Fail,Data,13446
Warde Zecchinii,2019-04-24,['Charisma'],"['Impulsive', 'Procrastination']",Yes,Yes,Yes,Fail,Data,13447
Amalea Tysack,2019-04-11,"['Empathy', 'Determined']","['Impulsive', 'Sensitive']",Yes,Yes,No,Fail,Business,13448
Mickey Lamport,2019-04-10,"['Efficient', 'Patient', 'Listening']","['Intolerant', 'Impulsive', 'Critical']",Yes,Yes,Yes,Pass,Data,13449
Bart Bouttell,2019-04-09,"['Composure', 'Altruism', 'Rational']","['Sensitive', 'Distracted']",Yes,No,No,Fail,Engineering,13450
Thatcher Frankish,2019-04-18,"['Collaboration', 'Independent']","['Perfectionist', 'Conventional']",Yes,Yes,Yes,Pass,Business,13451
Myrna Bonafant,2019-04-10,"['Independent', 'Creative']",['Controlling'],Yes,Yes,No,Fail,Data,13452
Biddy Rapps,2019-04-17,"['Consistent', 'Patient', 'Reliable']","['Introverted', 'Competitive', 'Slow']",Yes,Yes,Yes,Pass,Business,13453
Jarib Rayhill,2019-04-25,['Altruism'],"['Controlling', 'Indifferent', 'Competitive']",Yes,Yes,Yes,Fail,Engineering,13454
Lise Wildman,2019-04-09,['Versatile'],['Critical'],Yes,Yes,Yes,Pass,Engineering,13455
Joycelin Doerffer,2019-04-18,"['Altruism', 'Courteous']","['Conventional', 'Chatty', 'Passive']",Yes,No,Yes,Fail,Data,13456
Remington Hensmans,2019-04-04,"['Collaboration', 'Creative']","['Chatty', 'Perfectionist']",Yes,Yes,Yes,Pass,Data,13457
Auberta Ruddick,2019-04-11,['Versatile'],"['Passive', 'Slow']",Yes,Yes,Yes,Pass,Engineering,13458
Louise Dowse,2019-04-16,"['Reliable', 'Altruism', 'Curious']",['Anxious'],Yes,Yes,Yes,Pass,Data,13459
Yelena Kelleway,2019-04-16,['Competitive'],"['Intolerant', 'Perfectionist', 'Distracted']",Yes,Yes,Yes,Pass,Engineering,13460
Luke Able,2019-04-10,"['Organisation', 'Charisma', 'Patient']","['Indecisive', 'Perfectionist', 'Impatient']",Yes,Yes,No,Fail,Business,13461
Ave Waudby,2019-04-25,['Empathy'],['Impulsive'],Yes,Yes,Yes,Pass,Business,13462
Pearce Maxwale,2019-04-04,"['Reliable', 'Critical Thinking', 'Charisma']","['Impulsive', 'Intolerant']",Yes,Yes,Yes,Pass,Engineering,13463
Isabelita Alexandrou,2019-04-16,"['Reliable', 'Listening']","['Indifferent', 'Intolerant']",Yes,Yes,No,Fail,Data,13464
Kathlin Gibling,2019-04-11,"['Curious', 'Perfectionism', 'Ambitious']",['Overbearing'],Yes,Yes,Yes,Pass,Data,13465
Thea Persey,2019-04-04,"['Patient', 'Courteous', 'Competitive']","['Intolerant', 'Sensitive']",Yes,Yes,Yes,Fail,Data,13466
Latisha Ibel,2019-04-03,"['Passionate', 'Determined']","['Controlling', 'Introverted']",Yes,Yes,Yes,Pass,Business,13467
Howie Haith,2019-04-02,"['Composure', 'Ambitious', 'Charisma']","['Critical', 'Passive', 'Conventional']",Yes,Yes,Yes,Pass,Data,13468
Beth Tiner,2019-04-17,"['Charisma', 'Problem Solving', 'Competitive']","['Intolerant', 'Controlling']",Yes,Yes,Yes,Pass,Engineering,13469
Josselyn Kaindl,2019-04-02,"['Critical Thinking', 'Perfectionism']","['Perfectionist', 'Distracted']",Yes,Yes,Yes,Pass,Business,13470
Fidela Dallywater,2019-04-25,['Empathy'],"['Impatient', 'Chatty']",Yes,Yes,Yes,Fail,Business,13471
Berry Codd,2019-04-04,"['Independent', 'Altruism', 'Patient']",['Undisciplined'],Yes,No,No,Fail,Business,13472
Kariotta Barense,2019-04-09,"['Critical Thinking', 'Reliable', 'Competitive']","['Critical', 'Introverted', 'Perfectionist']",Yes,Yes,Yes,Pass,Business,13473
Dickie Kearton,2019-04-16,"['Listening', 'Critical Thinking', 'Creative']","['Impulsive', 'Selfish', 'Distracted']",Yes,Yes,Yes,Pass,Data,13474
Garnette Zanussii,2019-04-24,"['Efficient', 'Patient', 'Consistent']","['Sensitive', 'Chaotic']",Yes,Yes,Yes,Pass,Data,13475
Knox Mcgraw,2019-04-30,['Reliable'],"['Overbearing', 'Anxious']",Yes,Yes,Yes,Fail,Business,13476
Parke Coulthurst,2019-04-11,"['Empathy', 'Collaboration']","['Chaotic', 'Indifferent']",Yes,Yes,No,Fail,Business,13477
Wendell Thomassen,2019-04-18,"['Ambitious', 'Critical Thinking', 'Passionate']",['Anxious'],Yes,Yes,Yes,Pass,Engineering,13478
Ertha Nudds,2019-04-25,"['Efficient', 'Problem Solving', 'Versatile']",['Passive'],Yes,Yes,No,Fail,Engineering,13479
Kayle Ferenc,2019-04-17,"['Organisation', 'Determined']","['Conventional', 'Perfectionist']",Yes,Yes,Yes,Pass,Engineering,13480
Gonzalo Danniell,2019-04-17,"['Creative', 'Competitive']","['Introverted', 'Chaotic', 'Procrastination']",Yes,Yes,Yes,Fail,Engineering,13481
Lurleen Cestard,2019-04-30,"['Composure', 'Courteous', 'Perfectionism']",['Slow'],Yes,Yes,No,Fail,Engineering,13482
Jacky Reilingen,2019-04-04,['Versatile'],"['Indifferent', 'Intolerant', 'Introverted']",Yes,No,Yes,Fail,Business,13483
Phillis Lyfield,2019-04-10,"['Organisation', 'Independent', 'Determined']","['Sensitive', 'Overbearing', 'Impatient']",Yes,Yes,Yes,Pass,Engineering,13484
Celle Barlas,2019-04-16,['Problem Solving'],['Critical'],Yes,Yes,Yes,Pass,Engineering,13485
Scott Duny,2019-04-11,"['Reliable', 'Perfectionism', 'Problem Solving']",['Stubborn'],Yes,Yes,Yes,Pass,Data,13486
Boycey Matushenko,2019-04-25,['Independent'],"['Controlling', 'Stubborn']",Yes,Yes,No,Fail,Engineering,13487
