name,date,tech_self_score,strengths,weaknesses,self_development,geo_flex,financial_support_self,result,course_interest,talent_id
Stillmann Castano,22/08/2019,"{'C#': 6, 'Java': 5, 'R': 2, 'JavaScript': 2}",['Charisma'],"['Distracted', 'Impulsive', 'Introverted']",Yes,Yes,Yes,Pass,Business,10383
Hilary Willmore,01/08/2019,"{'Python': 1, 'C#': 4, 'Java': 2, 'C++': 4}","['Patient', 'Curious', 'Problem Solving']","['Overbearing', 'Chatty', 'Indifferent']",No,Yes,Yes,Fail,Data,10384
Efrem Whipple,22/08/2019,"{'Ruby': 4, 'C++': 4}","['Courteous', 'Independent', 'Patient']","['Introverted', 'Impulsive', 'Anxious']",Yes,Yes,Yes,Pass,Business,10385
Sydel Fenne,28/08/2019,"{'Java': 3, 'SPSS': 4}",['Passionate'],"['Perfectionist', 'Sensitive']",Yes,Yes,Yes,Pass,Data,10386
Michel Lebarree,07/08/2019,"{'Python': 3, 'Java': 4, 'Ruby': 1, 'R': 2, 'PHP': 2, 'C++': 3}",['Versatile'],"['Controlling', 'Perfectionist', 'Chatty']",Yes,Yes,Yes,Pass,Engineering,10387
Cooper Ingraham,14/08/2019,"{'C#': 3, 'Java': 1, 'PHP': 4}","['Versatile', 'Rational']",['Immature'],Yes,Yes,No,Fail,Business,10388
Bird Le Count,22/08/2019,"{'SPSS': 3, 'PHP': 3, 'C++': 2}",['Collaboration'],"['Impatient', 'Conventional', 'Undisciplined']",Yes,Yes,Yes,Fail,Business,10389
Orly Lorens,01/08/2019,"{'Ruby': 2, 'R': 5, 'SPSS': 1, 'JavaScript': 1}","['Ambitious', 'Independent', 'Passionate']","['Conventional', 'Passive']",No,Yes,Yes,Fail,Business,10390
Hannah Messum,29/08/2019,"{'Python': 8, 'Ruby': 2, 'JavaScript': 2}","['Reliable', 'Passionate']",['Intolerant'],Yes,Yes,Yes,Fail,Data,10391
Gavin Lambregts,21/08/2019,"{'Python': 3, 'C#': 2, 'C++': 5, 'JavaScript': 1}","['Altruism', 'Empathy', 'Problem Solving']","['Chaotic', 'Selfish']",Yes,Yes,Yes,Pass,Data,10392
Letta Halston,08/08/2019,"{'PHP': 3, 'JavaScript': 4}","['Listening', 'Passionate']","['Perfectionist', 'Immature', 'Passive']",Yes,Yes,Yes,Fail,Business,10393
Rivalee Eagleton,08/08/2019,"{'Python': 3, 'Ruby': 4, 'JavaScript': 2}","['Organisation', 'Passionate', 'Versatile']","['Conventional', 'Sensitive', 'Introverted']",Yes,Yes,No,Fail,Engineering,10394
Neda Marmyon,15/08/2019,"{'Python': 4, 'Ruby': 5, 'R': 7, 'C++': 1}","['Curious', 'Ambitious', 'Consistent']",['Sensitive'],Yes,Yes,Yes,Pass,Data,10395
Kermy Caves,29/08/2019,{'PHP': 2},"['Versatile', 'Ambitious']","['Slow', 'Overbearing', 'Conventional']",Yes,No,Yes,Fail,Business,10396
Edithe Dimitrov,07/08/2019,"{'Python': 4, 'C#': 3, 'Java': 3}","['Passionate', 'Versatile']",['Undisciplined'],Yes,Yes,Yes,Pass,Engineering,10397
Aubert Cicerone,06/08/2019,"{'Python': 4, 'C#': 3, 'Ruby': 3, 'JavaScript': 3}","['Efficient', 'Independent']","['Indifferent', 'Sensitive', 'Introverted']",Yes,Yes,No,Fail,Data,10398
Erastus Mcelrath,14/08/2019,"{'Python': 3, 'C#': 3, 'SPSS': 2, 'PHP': 1}","['Problem Solving', 'Altruism']",['Indifferent'],Yes,No,No,Fail,Data,10399
Edgar Annesley,28/08/2019,"{'Python': 2, 'C#': 7, 'Ruby': 4, 'JavaScript': 2}",['Independent'],"['Controlling', 'Impulsive']",No,Yes,Yes,Fail,Data,10400
Haslett Steet,07/08/2019,,"['Problem Solving', 'Efficient', 'Patient']",['Undisciplined'],Yes,Yes,Yes,Pass,Engineering,10401
Kirbee Clementet,08/08/2019,{'C++': 1},['Determined'],['Anxious'],Yes,Yes,No,Fail,Engineering,10402
Marcellina Ping,21/08/2019,"{'C#': 4, 'Java': 5}","['Composure', 'Independent']","['Impulsive', 'Competitive', 'Controlling']",Yes,Yes,Yes,Pass,Business,10403
Violet Luscombe,14/08/2019,"{'Python': 2, 'C#': 1, 'Ruby': 2, 'C++': 3}","['Competitive', 'Empathy']",['Impulsive'],Yes,Yes,Yes,Pass,Data,10404
Phillis Wabey,06/08/2019,"{'Python': 1, 'C#': 3, 'R': 2, 'SPSS': 2}",['Problem Solving'],"['Overbearing', 'Impatient']",Yes,Yes,Yes,Pass,Data,10405
Maurice Yakhin,29/08/2019,"{'Ruby': 6, 'R': 4, 'SPSS': 4, 'C++': 2, 'JavaScript': 3}","['Composure', 'Problem Solving', 'Efficient']","['Impatient', 'Critical']",Yes,Yes,Yes,Pass,Engineering,10406
Wesley Tolerton,13/08/2019,,"['Determined', 'Problem Solving', 'Patient']","['Indecisive', 'Undisciplined']",No,Yes,Yes,Fail,Business,10407
Brittaney Roughey,15/08/2019,"{'R': 4, 'SPSS': 2}","['Perfectionism', 'Charisma']","['Overbearing', 'Conventional', 'Immature']",Yes,Yes,Yes,Pass,Engineering,10408
Saree Daens,15/08/2019,"{'C#': 1, 'R': 2}",['Reliable'],['Passive'],Yes,Yes,Yes,Pass,Engineering,10409
Mona Willimott,08/08/2019,"{'C#': 1, 'Java': 3, 'Ruby': 2, 'R': 1, 'PHP': 2, 'JavaScript': 2}",['Passionate'],"['Passive', 'Chatty']",Yes,Yes,Yes,Pass,Engineering,10410
Alvie Bleackly,01/08/2019,,['Perfectionism'],"['Impatient', 'Selfish', 'Indifferent']",Yes,Yes,Yes,Pass,Engineering,10411
Drud Tellenbrok,06/08/2019,"{'Python': 1, 'C#': 3, 'Ruby': 3}","['Empathy', 'Charisma']","['Slow', 'Anxious', 'Chatty']",Yes,Yes,Yes,Pass,Data,10412
Deck Itzchaki,01/08/2019,{'PHP': 1},['Reliable'],['Indifferent'],Yes,Yes,Yes,Pass,Business,10413
Charlie Danelut,14/08/2019,"{'Python': 3, 'R': 2, 'SPSS': 1}","['Efficient', 'Empathy', 'Independent']","['Indecisive', 'Chaotic']",Yes,No,Yes,Fail,Data,10414
Wilt Penritt,01/08/2019,{'JavaScript': 5},"['Collaboration', 'Curious']","['Slow', 'Sensitive']",No,Yes,Yes,Fail,Data,10415
Stevie Houliston,15/08/2019,"{'C#': 2, 'Java': 4, 'R': 1, 'SPSS': 6}",['Reliable'],['Overbearing'],Yes,Yes,Yes,Pass,Engineering,10416
Fairlie Cogzell,14/08/2019,"{'Python': 3, 'Java': 5, 'R': 2, 'SPSS': 4, 'PHP': 1, 'JavaScript': 1}","['Independent', 'Ambitious']","['Perfectionist', 'Introverted', 'Indecisive']",Yes,Yes,Yes,Pass,Business,10417
Beckie Aveling,22/08/2019,"{'C#': 4, 'Java': 6, 'SPSS': 1, 'JavaScript': 3}",['Curious'],['Slow'],Yes,Yes,Yes,Fail,Business,10418
Axe Mckall,15/08/2019,"{'Python': 2, 'Java': 3, 'Ruby': 4, 'PHP': 2}","['Rational', 'Innovative', 'Collaboration']","['Impatient', 'Distracted']",Yes,Yes,Yes,Pass,Business,10419
Marcela Pass,27/08/2019,"{'Python': 3, 'C++': 1}","['Curious', 'Passionate']",['Selfish'],Yes,No,Yes,Fail,Business,10420
Sauncho Aveson,13/08/2019,"{'Java': 2, 'Ruby': 1, 'PHP': 1}","['Rational', 'Innovative', 'Passionate']","['Immature', 'Competitive', 'Indifferent']",Yes,Yes,Yes,Pass,Data,10421
Shamus Mccomish,15/08/2019,"{'Ruby': 6, 'R': 1, 'C++': 2, 'JavaScript': 2}",['Versatile'],"['Distracted', 'Slow']",No,Yes,Yes,Fail,Engineering,10422
Andy Lown,22/08/2019,,"['Ambitious', 'Independent']","['Perfectionist', 'Procrastination']",Yes,Yes,Yes,Pass,Business,10423
Arny Coorington,14/08/2019,{'Java': 1},['Efficient'],['Competitive'],Yes,Yes,Yes,Pass,Engineering,10424
Devondra Blabey,15/08/2019,"{'Python': 4, 'R': 3, 'PHP': 2, 'JavaScript': 2}","['Creative', 'Passionate', 'Reliable']",['Distracted'],No,Yes,Yes,Fail,Engineering,10425
Irita Lyptrit,07/08/2019,"{'Java': 1, 'Ruby': 2}",['Problem Solving'],['Perfectionist'],Yes,Yes,Yes,Pass,Engineering,10426
Jae Rennolds,29/08/2019,"{'C#': 2, 'R': 3, 'SPSS': 3, 'PHP': 2, 'C++': 5}","['Consistent', 'Collaboration']",['Stubborn'],Yes,Yes,Yes,Pass,Data,10427
Marion Consadine,15/08/2019,"{'Python': 5, 'SPSS': 3, 'JavaScript': 4}","['Independent', 'Passionate']",['Overbearing'],Yes,Yes,Yes,Pass,Business,10428
Leonore Pettiford,13/08/2019,"{'Python': 3, 'C++': 4}",['Passionate'],"['Indifferent', 'Anxious']",Yes,Yes,Yes,Pass,Data,10429
Edvard Northen,07/08/2019,{'SPSS': 7},['Competitive'],['Controlling'],Yes,Yes,Yes,Pass,Data,10430
Oralla Peasgood,07/08/2019,"{'C#': 6, 'Java': 5, 'Ruby': 5, 'SPSS': 6}","['Versatile', 'Consistent', 'Passionate']","['Intolerant', 'Distracted', 'Impulsive']",Yes,No,Yes,Fail,Business,10431
Ly Ferro,13/08/2019,"{'Ruby': 1, 'PHP': 4, 'JavaScript': 1}","['Curious', 'Perfectionism', 'Determined']","['Selfish', 'Conventional']",Yes,No,Yes,Fail,Business,10432
Lindsey Gerwood,29/08/2019,"{'Python': 1, 'Java': 1, 'Ruby': 4, 'R': 4, 'C++': 6}","['Courteous', 'Ambitious', 'Versatile']","['Sensitive', 'Introverted']",Yes,Yes,Yes,Fail,Data,10433
Gianna Clevely,01/08/2019,"{'Python': 3, 'Java': 4}","['Independent', 'Competitive', 'Determined']","['Immature', 'Chaotic']",Yes,Yes,Yes,Pass,Business,10434
Celine Doree,15/08/2019,"{'C#': 8, 'Java': 4}","['Reliable', 'Curious', 'Courteous']",['Impatient'],Yes,Yes,Yes,Pass,Data,10435
Karlene Hughill,21/08/2019,"{'C#': 2, 'Ruby': 1, 'C++': 2, 'JavaScript': 1}","['Courteous', 'Determined']","['Controlling', 'Intolerant', 'Conventional']",Yes,Yes,Yes,Pass,Data,10436
Sayre Webberley,14/08/2019,"{'Python': 5, 'C#': 3, 'Java': 1, 'PHP': 2, 'C++': 5}",['Independent'],"['Perfectionist', 'Distracted']",Yes,Yes,No,Fail,Engineering,10437
Phyllys Baelde,15/08/2019,"{'Python': 1, 'R': 3, 'PHP': 3}","['Charisma', 'Collaboration', 'Listening']",['Indecisive'],Yes,Yes,Yes,Pass,Data,10438
Samuele Whear,20/08/2019,"{'Python': 4, 'Java': 2, 'C++': 1}","['Rational', 'Passionate']","['Stubborn', 'Impulsive']",Yes,No,Yes,Fail,Business,10439
Darcey Mordin,27/08/2019,"{'Java': 1, 'SPSS': 1}","['Curious', 'Empathy', 'Creative']","['Anxious', 'Slow', 'Competitive']",Yes,Yes,Yes,Pass,Business,10440
Pamelina Itzkovsky,13/08/2019,"{'Java': 2, 'Ruby': 5}","['Curious', 'Perfectionism', 'Determined']","['Impatient', 'Passive', 'Intolerant']",Yes,Yes,Yes,Pass,Engineering,10441
Pamelina Itzkovsky,13/08/2019,"{'Java': 2, 'Ruby': 5}","['Curious', 'Perfectionism', 'Determined']","['Impatient', 'Passive', 'Intolerant']",Yes,Yes,Yes,Pass,Engineering,10442
Laurel Gillogley,21/08/2019,"{'Ruby': 4, 'C++': 3, 'JavaScript': 2}",['Ambitious'],"['Chatty', 'Distracted', 'Slow']",Yes,No,Yes,Fail,Engineering,10443
Quinta Cowdray,28/08/2019,"{'Python': 1, 'SPSS': 2, 'JavaScript': 3}",['Consistent'],"['Conventional', 'Intolerant']",Yes,Yes,Yes,Pass,Engineering,10444
Cecile Lates,15/08/2019,"{'SPSS': 5, 'C++': 4}",['Perfectionism'],"['Slow', 'Impulsive']",Yes,Yes,Yes,Fail,Engineering,10445
Seumas Lemonby,14/08/2019,"{'C#': 1, 'PHP': 2, 'C++': 1}","['Altruism', 'Empathy', 'Innovative']",['Distracted'],Yes,Yes,Yes,Pass,Engineering,10446
Gale Quartley,13/08/2019,"{'Java': 7, 'Ruby': 2, 'R': 2}","['Rational', 'Organisation', 'Consistent']",['Procrastination'],Yes,Yes,Yes,Pass,Data,10447
Dorrie Srutton,22/08/2019,{'C#': 1},['Charisma'],"['Introverted', 'Sensitive']",No,Yes,Yes,Fail,Engineering,10448
Benny Tichelaar,21/08/2019,"{'Java': 1, 'SPSS': 1, 'JavaScript': 4}",['Problem Solving'],"['Impulsive', 'Stubborn']",No,No,Yes,Fail,Data,10449
Avrit Gawith,15/08/2019,"{'C#': 2, 'SPSS': 4, 'JavaScript': 3}",['Versatile'],"['Introverted', 'Chaotic']",Yes,Yes,Yes,Pass,Business,10450
Berti Dennehy,22/08/2019,"{'SPSS': 2, 'PHP': 5, 'C++': 8}",['Consistent'],"['Stubborn', 'Anxious', 'Competitive']",Yes,Yes,Yes,Fail,Data,10451
Rockey Robarts,14/08/2019,"{'Python': 6, 'Java': 3}","['Composure', 'Charisma', 'Rational']","['Indifferent', 'Sensitive']",Yes,Yes,Yes,Pass,Engineering,10452
Eloisa Ewert,21/08/2019,"{'C#': 2, 'Ruby': 2, 'PHP': 1}",['Efficient'],"['Anxious', 'Chatty']",Yes,Yes,No,Fail,Business,10453
Mireille Risom,21/08/2019,"{'SPSS': 3, 'PHP': 2}","['Passionate', 'Reliable', 'Altruism']","['Chatty', 'Critical', 'Passive']",Yes,Yes,Yes,Pass,Data,10454
Sharl Daggett,22/08/2019,"{'Ruby': 1, 'R': 1, 'SPSS': 1, 'JavaScript': 3}","['Efficient', 'Perfectionism']",['Controlling'],Yes,Yes,Yes,Pass,Engineering,10455
Nikolos Yashin,15/08/2019,"{'Java': 2, 'R': 5, 'C++': 2, 'JavaScript': 3}","['Empathy', 'Curious']","['Chaotic', 'Stubborn']",Yes,Yes,Yes,Fail,Business,10456
Shela Mccall,14/08/2019,"{'SPSS': 3, 'PHP': 1, 'C++': 1}","['Courteous', 'Curious', 'Organisation']","['Stubborn', 'Procrastination']",Yes,Yes,Yes,Fail,Engineering,10457
Sonnie Malenfant,14/08/2019,"{'Python': 4, 'Ruby': 2, 'SPSS': 3, 'C++': 6}","['Organisation', 'Courteous']",['Perfectionist'],Yes,Yes,Yes,Pass,Business,10458
Mahmud Molineux,20/08/2019,"{'Python': 7, 'Ruby': 7, 'C++': 2, 'JavaScript': 1}","['Rational', 'Charisma']","['Chatty', 'Distracted', 'Sensitive']",Yes,Yes,Yes,Pass,Business,10459
Dylan Llewellen,29/08/2019,"{'Python': 2, 'C#': 1, 'R': 5, 'SPSS': 1}","['Perfectionism', 'Ambitious']","['Undisciplined', 'Intolerant', 'Perfectionist']",Yes,Yes,No,Fail,Data,10460
Yvor Phalip,01/08/2019,"{'C#': 2, 'Java': 3, 'Ruby': 7, 'R': 1}","['Charisma', 'Creative', 'Curious']","['Intolerant', 'Procrastination', 'Immature']",Yes,Yes,No,Fail,Data,10461
Berry Freed,29/08/2019,{'PHP': 3},"['Competitive', 'Versatile']",['Immature'],Yes,Yes,Yes,Pass,Business,10462
Marielle Knivett,01/08/2019,"{'C#': 5, 'Ruby': 4, 'R': 5, 'SPSS': 7, 'PHP': 1}",['Critical Thinking'],"['Overbearing', 'Indecisive']",Yes,No,Yes,Fail,Business,10463
Emmanuel Deniske,15/08/2019,"{'Python': 1, 'Java': 3, 'C++': 1}","['Passionate', 'Altruism', 'Courteous']","['Overbearing', 'Procrastination']",Yes,Yes,Yes,Pass,Data,10464
Kerr Coucha,07/08/2019,"{'Python': 7, 'C#': 1, 'R': 2, 'SPSS': 3, 'C++': 6}",['Curious'],"['Controlling', 'Sensitive', 'Distracted']",Yes,Yes,Yes,Pass,Data,10465
Dulci Mcgrayle,21/08/2019,"{'Java': 2, 'R': 3, 'PHP': 1, 'JavaScript': 6}","['Versatile', 'Creative']","['Chatty', 'Sensitive']",Yes,Yes,Yes,Pass,Data,10466
Shandee Blaschke,21/08/2019,"{'Python': 3, 'C#': 3, 'Ruby': 4, 'C++': 1}",['Critical Thinking'],['Stubborn'],No,Yes,Yes,Fail,Engineering,10467
Paul Chislett,14/08/2019,{'Java': 4},"['Composure', 'Organisation']","['Procrastination', 'Impatient', 'Conventional']",Yes,Yes,No,Fail,Engineering,10468
Florri Loughton,01/08/2019,{'C#': 1},['Ambitious'],"['Indifferent', 'Critical', 'Conventional']",No,Yes,Yes,Fail,Engineering,10469
Hildy Landre,08/08/2019,"{'C#': 3, 'R': 1, 'JavaScript': 3}","['Perfectionism', 'Courteous']",['Indifferent'],No,Yes,Yes,Fail,Data,10470
Berny Botler,06/08/2019,"{'Python': 4, 'Java': 6, 'Ruby': 2, 'SPSS': 3, 'PHP': 4}","['Altruism', 'Collaboration']",['Impulsive'],Yes,Yes,Yes,Pass,Data,10471
Merell Tremmil,13/08/2019,"{'SPSS': 4, 'C++': 6}","['Perfectionism', 'Collaboration', 'Patient']",['Indifferent'],Yes,Yes,Yes,Fail,Engineering,10472
Ileana Chewter,21/08/2019,"{'Python': 4, 'Java': 2, 'Ruby': 5, 'C++': 6, 'JavaScript': 2}","['Passionate', 'Versatile']",['Competitive'],Yes,Yes,Yes,Pass,Business,10473
Ilario Yeates,13/08/2019,"{'Python': 4, 'C#': 1, 'R': 3}",['Listening'],['Procrastination'],No,Yes,Yes,Fail,Engineering,10474
Winnie Lewerenz,06/08/2019,"{'C#': 4, 'R': 2, 'JavaScript': 2}",['Patient'],['Indecisive'],Yes,No,Yes,Fail,Business,10475
Garwood Strowan,20/08/2019,"{'Java': 3, 'C++': 3, 'JavaScript': 2}","['Consistent', 'Creative']","['Chatty', 'Impulsive']",No,Yes,Yes,Fail,Data,10476
Herb Mcilmorie,08/08/2019,"{'Java': 3, 'Ruby': 2, 'R': 2, 'SPSS': 4, 'PHP': 7, 'C++': 1}",['Determined'],"['Sensitive', 'Passive']",Yes,Yes,Yes,Pass,Data,10477
Ingunna Adin,01/08/2019,"{'Java': 6, 'R': 4, 'C++': 3, 'JavaScript': 3}","['Charisma', 'Altruism', 'Perfectionism']","['Competitive', 'Indifferent', 'Chaotic']",Yes,Yes,Yes,Pass,Data,10478
Frazier Bayston,29/08/2019,"{'C#': 2, 'Ruby': 4, 'SPSS': 3, 'C++': 1, 'JavaScript': 5}",['Altruism'],['Impulsive'],Yes,No,Yes,Fail,Data,10479
Hewett Lamputt,13/08/2019,"{'C#': 1, 'Ruby': 2, 'R': 6, 'PHP': 1, 'C++': 5, 'JavaScript': 3}","['Rational', 'Determined', 'Organisation']","['Slow', 'Controlling', 'Anxious']",Yes,Yes,Yes,Pass,Engineering,10480
Rodger Bendelow,22/08/2019,"{'Python': 6, 'SPSS': 3}","['Courteous', 'Rational']","['Selfish', 'Impatient']",Yes,Yes,Yes,Pass,Data,10481
Archer Hobben,14/08/2019,"{'Python': 2, 'Ruby': 4}","['Independent', 'Problem Solving']","['Critical', 'Indecisive']",Yes,Yes,Yes,Fail,Business,10482
Stephani Prettyman,22/08/2019,"{'Python': 1, 'Java': 1, 'SPSS': 2, 'C++': 4, 'JavaScript': 1}","['Listening', 'Independent', 'Organisation']",['Selfish'],Yes,Yes,Yes,Pass,Engineering,10483
Pepi Bome,20/08/2019,"{'C#': 1, 'Ruby': 5, 'SPSS': 2, 'PHP': 1, 'JavaScript': 2}","['Competitive', 'Charisma']","['Slow', 'Indifferent', 'Selfish']",Yes,Yes,Yes,Pass,Engineering,10484
Loella Lonnon,06/08/2019,{'C++': 6},['Empathy'],"['Introverted', 'Conventional', 'Undisciplined']",Yes,Yes,No,Fail,Data,10485
Darrin Stoffel,08/08/2019,"{'SPSS': 3, 'PHP': 2}",['Altruism'],"['Conventional', 'Introverted']",Yes,Yes,Yes,Pass,Business,10486
Mitchel Bates,14/08/2019,"{'Python': 2, 'C#': 2, 'Java': 3, 'SPSS': 2, 'JavaScript': 3}",['Problem Solving'],['Stubborn'],Yes,Yes,No,Fail,Engineering,10487
Miles Water,08/08/2019,"{'C#': 2, 'Java': 2, 'PHP': 2, 'JavaScript': 4}","['Charisma', 'Passionate', 'Creative']","['Slow', 'Intolerant', 'Sensitive']",Yes,Yes,Yes,Pass,Business,10488
Fanni Polhill,28/08/2019,"{'Python': 2, 'C#': 3, 'SPSS': 6}","['Perfectionism', 'Efficient', 'Listening']","['Indecisive', 'Indifferent', 'Undisciplined']",Yes,Yes,Yes,Fail,Engineering,10489
Genvieve Arnke,22/08/2019,"{'Ruby': 3, 'PHP': 2}","['Reliable', 'Patient', 'Rational']","['Selfish', 'Chatty']",No,Yes,Yes,Fail,Business,10490
Alicia Hruska,28/08/2019,"{'C#': 3, 'Java': 4, 'R': 4}","['Altruism', 'Competitive', 'Charisma']",['Indifferent'],Yes,Yes,Yes,Pass,Business,10491
Mella Aubin,15/08/2019,"{'Ruby': 6, 'R': 3, 'SPSS': 4}",['Listening'],['Introverted'],Yes,Yes,Yes,Pass,Data,10492
George Huckstepp,06/08/2019,"{'C#': 1, 'Java': 2, 'R': 2}","['Perfectionism', 'Listening', 'Ambitious']","['Anxious', 'Indifferent']",No,Yes,Yes,Fail,Engineering,10493
Joelie Elfitt,29/08/2019,"{'Python': 1, 'C#': 4}",['Problem Solving'],['Chatty'],Yes,Yes,No,Fail,Business,10494
Omar Rodrigo,27/08/2019,"{'Ruby': 3, 'JavaScript': 1}","['Composure', 'Versatile']","['Impatient', 'Slow', 'Critical']",Yes,No,Yes,Fail,Engineering,10495
Cal Loache,15/08/2019,"{'Python': 3, 'C#': 3, 'Ruby': 2, 'R': 7, 'SPSS': 1, 'PHP': 2, 'JavaScript': 1}","['Ambitious', 'Reliable', 'Determined']","['Sensitive', 'Indifferent']",Yes,Yes,Yes,Fail,Business,10496
Tully Mcdoual,07/08/2019,"{'Python': 4, 'Ruby': 3, 'R': 1}",['Rational'],"['Stubborn', 'Indifferent']",Yes,Yes,Yes,Pass,Engineering,10497
Molli Brayfield,22/08/2019,"{'Java': 4, 'R': 3, 'SPSS': 3, 'PHP': 3}",['Listening'],"['Perfectionist', 'Conventional']",Yes,Yes,Yes,Pass,Data,10498
Janaya Mawford,01/08/2019,"{'Python': 7, 'R': 1}","['Problem Solving', 'Efficient']","['Stubborn', 'Indecisive', 'Undisciplined']",Yes,Yes,Yes,Pass,Data,10499
Lazarus Hooke,29/08/2019,"{'Java': 1, 'R': 1}","['Independent', 'Perfectionism']",['Immature'],No,Yes,Yes,Fail,Data,10500
Sidney Le Batteur,08/08/2019,{'JavaScript': 1},['Listening'],"['Intolerant', 'Conventional', 'Undisciplined']",Yes,Yes,Yes,Pass,Data,10501
Maryellen Vasovic,20/08/2019,"{'Java': 3, 'Ruby': 4, 'PHP': 1, 'JavaScript': 4}","['Problem Solving', 'Altruism', 'Patient']","['Indecisive', 'Procrastination', 'Undisciplined']",Yes,Yes,Yes,Pass,Data,10502
Winona Rubinowitz,29/08/2019,"{'C#': 1, 'Ruby': 3, 'JavaScript': 3}",['Courteous'],['Controlling'],Yes,Yes,Yes,Pass,Engineering,10503
Dur Plom,14/08/2019,"{'C#': 1, 'Ruby': 2, 'R': 4, 'SPSS': 4, 'PHP': 1, 'C++': 3}","['Consistent', 'Innovative']","['Indifferent', 'Indecisive', 'Controlling']",Yes,Yes,Yes,Fail,Engineering,10504
Gisela Aisbett,15/08/2019,"{'Java': 1, 'SPSS': 3, 'JavaScript': 1}","['Efficient', 'Critical Thinking', 'Creative']","['Chaotic', 'Conventional']",Yes,Yes,Yes,Pass,Engineering,10505
Appolonia Jovis,29/08/2019,"{'Java': 7, 'R': 5, 'SPSS': 7, 'PHP': 1, 'C++': 4}","['Passionate', 'Composure', 'Determined']",['Anxious'],Yes,No,No,Fail,Business,10506
Diandra Dyhouse,27/08/2019,"{'Python': 6, 'Java': 3, 'C++': 3}","['Collaboration', 'Determined', 'Consistent']","['Slow', 'Conventional']",Yes,Yes,Yes,Pass,Business,10507
Cornall Offer,01/08/2019,"{'Java': 1, 'C++': 4}",['Creative'],"['Distracted', 'Overbearing']",Yes,No,Yes,Fail,Data,10508
Dominique Narbett,20/08/2019,"{'Ruby': 4, 'R': 6, 'SPSS': 6}","['Competitive', 'Critical Thinking', 'Courteous']","['Immature', 'Chatty', 'Critical']",Yes,Yes,Yes,Pass,Business,10509
Gusti Horrod,27/08/2019,"{'Java': 3, 'R': 3, 'PHP': 1}","['Empathy', 'Courteous']",['Indifferent'],Yes,Yes,Yes,Pass,Data,10510
Brnaby Bownes,01/08/2019,"{'Python': 4, 'C#': 5, 'Java': 5, 'Ruby': 4, 'SPSS': 3, 'C++': 2}","['Efficient', 'Passionate']",['Introverted'],Yes,Yes,Yes,Pass,Engineering,10511
Berky Bailey,28/08/2019,"{'Python': 2, 'C#': 5, 'JavaScript': 5}","['Competitive', 'Empathy']","['Distracted', 'Passive', 'Stubborn']",Yes,Yes,Yes,Pass,Business,10512
Harriett Saffin,28/08/2019,"{'Python': 1, 'C#': 2, 'Ruby': 4, 'R': 1}","['Innovative', 'Consistent', 'Collaboration']",['Impulsive'],Yes,Yes,Yes,Pass,Business,10513
Pooh Christy,28/08/2019,"{'Python': 5, 'C#': 2, 'Java': 2, 'C++': 1}","['Curious', 'Perfectionism', 'Critical Thinking']",['Perfectionist'],Yes,Yes,Yes,Pass,Data,10514
Tris Landrean,29/08/2019,"{'Java': 1, 'SPSS': 1, 'C++': 1}","['Innovative', 'Empathy']","['Passive', 'Selfish', 'Chaotic']",Yes,Yes,Yes,Pass,Data,10515
Derk Andress,13/08/2019,"{'R': 4, 'C++': 2}","['Curious', 'Altruism', 'Collaboration']","['Perfectionist', 'Chatty', 'Undisciplined']",Yes,Yes,Yes,Pass,Business,10516
Engelbert Vahl,21/08/2019,"{'Java': 2, 'C++': 4, 'JavaScript': 3}","['Courteous', 'Reliable']","['Chaotic', 'Undisciplined']",Yes,Yes,Yes,Pass,Data,10517
Prentiss Godman,20/08/2019,"{'Java': 3, 'Ruby': 3, 'C++': 1}","['Altruism', 'Collaboration']","['Controlling', 'Impulsive']",Yes,Yes,Yes,Fail,Engineering,10518
Angel Hulson,14/08/2019,"{'C#': 5, 'Ruby': 1, 'R': 2, 'C++': 2}","['Consistent', 'Independent']","['Chaotic', 'Controlling', 'Critical']",Yes,Yes,Yes,Fail,Business,10519
Mike Milliere,06/08/2019,"{'Java': 2, 'R': 2}","['Patient', 'Perfectionism']","['Selfish', 'Indifferent']",Yes,Yes,Yes,Pass,Engineering,10520
Gayleen Petru,14/08/2019,"{'Python': 1, 'Ruby': 1}","['Versatile', 'Problem Solving']",['Distracted'],Yes,Yes,Yes,Pass,Business,10521
Jozef Burr,07/08/2019,"{'Java': 2, 'R': 1, 'SPSS': 2, 'PHP': 1}","['Organisation', 'Patient', 'Problem Solving']","['Chatty', 'Anxious']",Yes,Yes,Yes,Pass,Engineering,10522
Allina Grelka,28/08/2019,"{'Java': 3, 'R': 4, 'SPSS': 5, 'PHP': 3, 'C++': 1}","['Courteous', 'Empathy', 'Organisation']",['Critical'],Yes,Yes,Yes,Pass,Engineering,10523
Carr Kensall,20/08/2019,"{'C#': 4, 'Ruby': 2, 'R': 1, 'SPSS': 3, 'PHP': 2, 'JavaScript': 3}","['Creative', 'Reliable']",['Chatty'],Yes,No,Yes,Fail,Business,10524
Nil Macpaike,06/08/2019,"{'C#': 2, 'Java': 1, 'R': 1}","['Problem Solving', 'Courteous']","['Controlling', 'Introverted', 'Overbearing']",Yes,Yes,Yes,Pass,Business,10525
Jessie Petriello,06/08/2019,"{'Java': 1, 'PHP': 2}","['Passionate', 'Versatile']",['Critical'],Yes,Yes,Yes,Pass,Engineering,10526
George O'Duane,06/08/2019,"{'Python': 1, 'R': 1, 'JavaScript': 4}","['Altruism', 'Efficient', 'Competitive']","['Controlling', 'Critical', 'Competitive']",Yes,Yes,Yes,Pass,Data,10527
Mendie Mcbean,15/08/2019,{'C++': 5},"['Composure', 'Independent', 'Innovative']","['Impulsive', 'Conventional', 'Introverted']",Yes,Yes,Yes,Pass,Engineering,10528
Roze Yepiskopov,21/08/2019,"{'C#': 2, 'SPSS': 5, 'PHP': 3, 'C++': 8}",['Perfectionism'],['Chatty'],Yes,Yes,Yes,Pass,Engineering,10529
Boote Moan,20/08/2019,"{'Python': 1, 'C#': 5, 'Java': 1, 'C++': 2}",['Altruism'],['Chaotic'],Yes,Yes,Yes,Pass,Business,10530
Tito Greiswood,20/08/2019,"{'Ruby': 2, 'PHP': 3, 'C++': 4, 'JavaScript': 4}","['Composure', 'Independent']","['Conventional', 'Passive', 'Chaotic']",Yes,Yes,Yes,Pass,Engineering,10531
Reg Vandenhoff,27/08/2019,"{'Ruby': 7, 'R': 5, 'SPSS': 4, 'JavaScript': 3}",['Independent'],"['Competitive', 'Overbearing']",Yes,Yes,Yes,Pass,Data,10532
Ravid Leyninye,06/08/2019,"{'Java': 1, 'JavaScript': 2}","['Efficient', 'Competitive']","['Undisciplined', 'Stubborn']",Yes,Yes,Yes,Pass,Data,10533
Ninetta Joyce,06/08/2019,"{'Python': 1, 'C#': 2, 'JavaScript': 4}","['Collaboration', 'Perfectionism']","['Selfish', 'Critical', 'Stubborn']",Yes,Yes,Yes,Pass,Data,10534
Rozalin Summerscales,28/08/2019,"{'Python': 5, 'R': 5}","['Altruism', 'Collaboration', 'Empathy']","['Chaotic', 'Indifferent']",Yes,Yes,Yes,Pass,Engineering,10535
Rafi Andrzejczak,07/08/2019,"{'Python': 6, 'Java': 2}","['Critical Thinking', 'Innovative']","['Chatty', 'Undisciplined', 'Selfish']",Yes,No,Yes,Fail,Business,10536
Rafi Andrzejczak,07/08/2019,"{'Python': 6, 'Java': 2}","['Critical Thinking', 'Innovative']","['Chatty', 'Undisciplined', 'Selfish']",Yes,No,Yes,Fail,Business,10537
Mead Stolting,29/08/2019,"{'Java': 1, 'R': 2, 'SPSS': 7, 'PHP': 2}","['Courteous', 'Efficient']","['Sensitive', 'Indifferent']",Yes,No,Yes,Fail,Data,10538
Chickie Kezar,21/08/2019,"{'SPSS': 7, 'C++': 2, 'JavaScript': 5}","['Problem Solving', 'Altruism', 'Ambitious']","['Undisciplined', 'Procrastination']",Yes,Yes,No,Fail,Business,10539
Cornall Wastall,15/08/2019,"{'SPSS': 3, 'C++': 1}","['Innovative', 'Efficient']","['Indifferent', 'Critical', 'Impatient']",Yes,Yes,Yes,Pass,Engineering,10540
Carlin Stellino,20/08/2019,{'Python': 5},"['Consistent', 'Efficient']","['Chatty', 'Overbearing']",Yes,Yes,No,Fail,Engineering,10541
Sherline Cudihy,01/08/2019,"{'Python': 1, 'Java': 3, 'Ruby': 2, 'R': 2, 'SPSS': 5}",['Perfectionism'],['Sensitive'],Yes,Yes,Yes,Pass,Data,10542
Burnard Fielden,21/08/2019,"{'Python': 5, 'C#': 2, 'SPSS': 2}",['Independent'],"['Slow', 'Indifferent', 'Selfish']",Yes,No,Yes,Fail,Data,10543
Valle Humby,21/08/2019,"{'Python': 2, 'C#': 1, 'Ruby': 2, 'SPSS': 5, 'JavaScript': 2}",['Competitive'],"['Perfectionist', 'Intolerant']",Yes,Yes,Yes,Pass,Engineering,10544
Jillie Howles,27/08/2019,"{'Java': 5, 'Ruby': 2, 'SPSS': 4, 'PHP': 1}","['Consistent', 'Independent', 'Composure']",['Chaotic'],Yes,Yes,No,Fail,Data,10545
Chucho Galfour,13/08/2019,"{'Python': 1, 'Java': 2, 'R': 7, 'SPSS': 2}","['Problem Solving', 'Ambitious', 'Courteous']","['Chatty', 'Procrastination', 'Overbearing']",Yes,Yes,Yes,Pass,Engineering,10546
Orland Glaisner,13/08/2019,{'JavaScript': 2},"['Charisma', 'Courteous', 'Collaboration']","['Distracted', 'Critical', 'Competitive']",Yes,Yes,Yes,Pass,Engineering,10547
Luz Gasparro,08/08/2019,"{'Python': 3, 'PHP': 1}","['Creative', 'Listening', 'Altruism']","['Anxious', 'Critical']",Yes,Yes,Yes,Pass,Engineering,10548
Melesa Mault,07/08/2019,"{'Java': 5, 'SPSS': 1}","['Altruism', 'Problem Solving', 'Versatile']",['Competitive'],Yes,No,Yes,Fail,Data,10549
Trudie Kiellor,06/08/2019,{'Python': 3},"['Collaboration', 'Curious', 'Passionate']",['Intolerant'],Yes,Yes,Yes,Pass,Data,10550
Nancie Sazio,15/08/2019,"{'R': 3, 'PHP': 4}",['Altruism'],"['Overbearing', 'Selfish']",Yes,Yes,Yes,Pass,Engineering,10551
Welby Wishkar,14/08/2019,"{'Java': 7, 'Ruby': 3, 'PHP': 4, 'C++': 3}","['Problem Solving', 'Passionate']",['Competitive'],Yes,Yes,Yes,Fail,Business,10552
Carce Capel,28/08/2019,"{'Python': 5, 'R': 1, 'SPSS': 2, 'PHP': 1, 'C++': 3, 'JavaScript': 2}","['Courteous', 'Versatile', 'Organisation']",['Undisciplined'],No,Yes,Yes,Fail,Business,10553
Oralia Barrat,27/08/2019,"{'C#': 2, 'R': 3}","['Composure', 'Patient']",['Introverted'],Yes,Yes,Yes,Pass,Data,10554
Katuscha Ransfield,07/08/2019,"{'C#': 5, 'Java': 4, 'Ruby': 3, 'C++': 3, 'JavaScript': 2}","['Altruism', 'Innovative']",['Introverted'],Yes,No,Yes,Fail,Engineering,10555
Norene Fierro,01/08/2019,"{'Python': 6, 'C++': 3}","['Efficient', 'Empathy']",['Stubborn'],Yes,No,Yes,Fail,Business,10556
Mylo Sudell,06/08/2019,{'R': 1},"['Creative', 'Critical Thinking']",['Passive'],Yes,Yes,Yes,Pass,Data,10557
Shannon Hartman,21/08/2019,"{'C#': 1, 'Ruby': 2, 'SPSS': 2, 'C++': 2, 'JavaScript': 1}","['Collaboration', 'Problem Solving']",['Indecisive'],Yes,Yes,Yes,Fail,Engineering,10558
Blakeley Strood,06/08/2019,"{'Python': 3, 'SPSS': 3}","['Empathy', 'Competitive']",['Procrastination'],Yes,Yes,Yes,Pass,Data,10559
Rafi Downse,21/08/2019,"{'Python': 2, 'Java': 1, 'Ruby': 3, 'R': 8, 'SPSS': 3, 'JavaScript': 1}","['Rational', 'Innovative', 'Versatile']","['Introverted', 'Undisciplined', 'Stubborn']",Yes,Yes,Yes,Pass,Engineering,10560
Demetrius Tunstall,07/08/2019,"{'C#': 2, 'SPSS': 2}",['Collaboration'],"['Competitive', 'Introverted', 'Overbearing']",Yes,Yes,Yes,Pass,Engineering,10561
Melinde Darton,21/08/2019,{'JavaScript': 4},['Courteous'],"['Controlling', 'Critical', 'Conventional']",Yes,Yes,Yes,Pass,Business,10562
Dulcea Perl,22/08/2019,"{'C#': 4, 'JavaScript': 5}","['Creative', 'Empathy', 'Innovative']",['Distracted'],Yes,Yes,Yes,Pass,Engineering,10563
Milton Conaghan,08/08/2019,"{'C#': 5, 'Java': 2, 'R': 1, 'PHP': 4, 'C++': 4, 'JavaScript': 1}","['Collaboration', 'Consistent']","['Distracted', 'Sensitive']",Yes,Yes,Yes,Pass,Engineering,10564
Chere Siddens,29/08/2019,{'Java': 5},"['Competitive', 'Listening', 'Curious']","['Sensitive', 'Competitive']",No,Yes,No,Fail,Business,10565
Putnem Hessing,08/08/2019,"{'C#': 4, 'Ruby': 5, 'SPSS': 1, 'C++': 1}","['Independent', 'Critical Thinking']","['Chatty', 'Perfectionist', 'Critical']",Yes,Yes,Yes,Pass,Data,10566
Timmi Haveline,22/08/2019,{'C#': 3},"['Curious', 'Reliable', 'Competitive']",['Sensitive'],Yes,Yes,Yes,Pass,Business,10567
Garald Banasevich,08/08/2019,"{'C#': 2, 'Java': 3, 'Ruby': 3, 'R': 5, 'C++': 3}",['Creative'],"['Selfish', 'Perfectionist', 'Anxious']",Yes,Yes,Yes,Pass,Data,10568
Anselma Pavelin,21/08/2019,"{'Java': 5, 'PHP': 2, 'JavaScript': 1}",['Organisation'],['Distracted'],Yes,Yes,Yes,Fail,Business,10569
Querida Antonacci,29/08/2019,"{'Python': 6, 'Ruby': 1, 'R': 7, 'C++': 4, 'JavaScript': 1}",['Problem Solving'],['Introverted'],Yes,Yes,Yes,Pass,Data,10570
Leda Aharoni,13/08/2019,"{'Python': 4, 'C#': 4, 'PHP': 3, 'JavaScript': 3}","['Competitive', 'Consistent']","['Immature', 'Impatient', 'Distracted']",Yes,Yes,Yes,Pass,Business,10571
Norri Temby,27/08/2019,"{'Java': 5, 'SPSS': 5}","['Listening', 'Organisation', 'Consistent']","['Controlling', 'Passive']",Yes,Yes,Yes,Pass,Engineering,10572
Margery Winspur,07/08/2019,"{'Python': 1, 'C#': 1, 'Java': 4, 'PHP': 1}",['Independent'],"['Impulsive', 'Undisciplined']",Yes,Yes,Yes,Pass,Data,10573
Bord Ollin,14/08/2019,"{'C#': 2, 'R': 5, 'JavaScript': 5}",['Innovative'],"['Stubborn', 'Competitive', 'Passive']",Yes,Yes,No,Fail,Business,10574
Dodie Lassells,27/08/2019,"{'Python': 2, 'Java': 1, 'Ruby': 2, 'R': 2, 'C++': 3, 'JavaScript': 2}",['Critical Thinking'],"['Stubborn', 'Immature']",Yes,Yes,Yes,Pass,Data,10575
Corie Snodin,22/08/2019,"{'C#': 1, 'SPSS': 1, 'C++': 4, 'JavaScript': 3}","['Reliable', 'Determined', 'Consistent']","['Anxious', 'Conventional']",Yes,Yes,No,Fail,Data,10576
Arron Cuerdall,08/08/2019,"{'Java': 1, 'PHP': 3}","['Efficient', 'Creative']","['Indifferent', 'Impatient']",Yes,Yes,Yes,Pass,Engineering,10577
Josh Youens,08/08/2019,"{'Python': 4, 'Java': 5, 'SPSS': 3}",['Listening'],"['Sensitive', 'Anxious', 'Indecisive']",Yes,Yes,Yes,Pass,Engineering,10578
Aldo Bradnum,27/08/2019,"{'C#': 1, 'Ruby': 3, 'R': 2, 'SPSS': 2, 'PHP': 2, 'C++': 3}",['Consistent'],"['Distracted', 'Conventional', 'Chaotic']",Yes,Yes,Yes,Pass,Engineering,10579
Xymenes Pretor,07/08/2019,"{'Java': 1, 'C++': 3, 'JavaScript': 1}","['Organisation', 'Ambitious']","['Selfish', 'Sensitive', 'Intolerant']",Yes,Yes,Yes,Pass,Engineering,10580
Heinrik Allwell,08/08/2019,"{'Java': 2, 'SPSS': 1}","['Collaboration', 'Efficient', 'Organisation']","['Critical', 'Competitive']",Yes,Yes,Yes,Pass,Business,10581
Bob Rogerson,07/08/2019,"{'Python': 4, 'C#': 1, 'Java': 2, 'Ruby': 1, 'SPSS': 6, 'JavaScript': 3}",['Efficient'],"['Stubborn', 'Introverted']",Yes,Yes,Yes,Pass,Data,10582
Neall Mayor,07/08/2019,"{'C#': 1, 'Java': 3, 'R': 1, 'PHP': 2, 'C++': 4}","['Independent', 'Competitive', 'Consistent']",['Overbearing'],Yes,Yes,No,Fail,Data,10583
Ilysa Kiggel,07/08/2019,"{'Python': 4, 'C#': 2, 'PHP': 3}",['Consistent'],"['Slow', 'Indecisive', 'Undisciplined']",Yes,Yes,Yes,Pass,Data,10584
Melisse Craze,20/08/2019,"{'Python': 3, 'C#': 5, 'Java': 5, 'C++': 4}","['Rational', 'Courteous', 'Efficient']",['Selfish'],Yes,Yes,Yes,Fail,Data,10585
Petronille Dougharty,29/08/2019,"{'Java': 6, 'JavaScript': 4}","['Courteous', 'Passionate']","['Introverted', 'Immature', 'Sensitive']",No,Yes,Yes,Fail,Business,10586
Urbano Reinisch,13/08/2019,"{'Python': 1, 'Java': 3, 'SPSS': 3}","['Courteous', 'Ambitious', 'Organisation']","['Immature', 'Perfectionist', 'Distracted']",Yes,Yes,Yes,Pass,Engineering,10587
Noami Edworthye,20/08/2019,"{'Python': 3, 'C#': 4, 'Java': 2, 'Ruby': 2, 'R': 2, 'JavaScript': 3}","['Collaboration', 'Patient', 'Determined']",['Impatient'],No,Yes,Yes,Fail,Business,10588
Cynthia Jenny,06/08/2019,"{'C#': 2, 'Ruby': 4, 'JavaScript': 4}","['Ambitious', 'Empathy']","['Immature', 'Conventional']",Yes,No,Yes,Fail,Business,10589
Ivett Prop,22/08/2019,"{'C#': 1, 'Java': 1, 'JavaScript': 3}","['Organisation', 'Altruism']","['Distracted', 'Immature', 'Overbearing']",Yes,Yes,Yes,Pass,Business,10590
Lamond Levensky,13/08/2019,"{'Python': 6, 'C#': 1, 'Java': 1, 'JavaScript': 6}",['Problem Solving'],"['Anxious', 'Impatient', 'Sensitive']",Yes,Yes,Yes,Pass,Data,10591
Estevan Bartalini,21/08/2019,"{'Python': 2, 'R': 1, 'SPSS': 4, 'PHP': 3}","['Altruism', 'Rational', 'Collaboration']",['Stubborn'],Yes,Yes,Yes,Pass,Engineering,10592
Redford Bubbings,15/08/2019,"{'Java': 4, 'Ruby': 1, 'R': 2}","['Rational', 'Curious', 'Courteous']",['Procrastination'],No,Yes,Yes,Fail,Engineering,10593
Redford Bubbings,15/08/2019,"{'Java': 4, 'Ruby': 1, 'R': 2}","['Rational', 'Curious', 'Courteous']",['Procrastination'],No,Yes,Yes,Fail,Engineering,10594
Brandais Reiner,22/08/2019,"{'R': 3, 'PHP': 1, 'JavaScript': 1}","['Ambitious', 'Determined']",['Indecisive'],Yes,Yes,Yes,Pass,Business,10595
Correy Clemont,28/08/2019,{'Java': 1},['Versatile'],"['Conventional', 'Overbearing']",Yes,No,Yes,Fail,Data,10596
Starr Curcher,15/08/2019,"{'Python': 1, 'Ruby': 3, 'R': 4, 'JavaScript': 4}",['Consistent'],['Indifferent'],Yes,No,Yes,Fail,Business,10597
Rosaline Goldsmith,21/08/2019,"{'SPSS': 4, 'C++': 3}",['Empathy'],"['Selfish', 'Immature']",Yes,Yes,Yes,Pass,Engineering,10598
Chancey Climer,27/08/2019,"{'Python': 1, 'C#': 4, 'SPSS': 2, 'PHP': 1, 'C++': 2}","['Versatile', 'Critical Thinking']","['Critical', 'Distracted', 'Perfectionist']",Yes,Yes,Yes,Pass,Business,10599
Gena Humbles,29/08/2019,"{'R': 1, 'C++': 1}","['Collaboration', 'Perfectionism', 'Independent']","['Stubborn', 'Conventional']",Yes,Yes,Yes,Pass,Engineering,10600
Madeleine Younglove,06/08/2019,"{'Ruby': 7, 'SPSS': 1, 'C++': 4, 'JavaScript': 2}",['Organisation'],['Controlling'],Yes,No,Yes,Fail,Engineering,10601
Leonerd Scamel,08/08/2019,"{'Python': 5, 'PHP': 4}",['Efficient'],['Controlling'],No,Yes,Yes,Fail,Engineering,10602
Balduin Culleton,13//08/2019,"{'Python': 5, 'R': 2, 'JavaScript': 6}",['Courteous'],"['Chaotic', 'Perfectionist', 'Critical']",Yes,Yes,Yes,Fail,Data,10603
Oliy Ellar,13/08/2019,"{'Java': 4, 'SPSS': 3, 'JavaScript': 7}","['Rational', 'Courteous']","['Perfectionist', 'Distracted']",Yes,Yes,No,Fail,Engineering,10604
Carena Nizet,08/08/2019,"{'C#': 2, 'Java': 5, 'R': 3, 'PHP': 1, 'JavaScript': 5}",['Empathy'],['Immature'],Yes,Yes,Yes,Pass,Engineering,10605
Theo Ottee,21/08/2019,{'SPSS': 2},"['Perfectionism', 'Innovative', 'Creative']","['Intolerant', 'Chatty', 'Perfectionist']",Yes,Yes,Yes,Pass,Engineering,10606
Britt Summergill,28/08/2019,{'R': 2},['Curious'],"['Introverted', 'Impatient', 'Stubborn']",Yes,Yes,Yes,Pass,Data,10607
Nial Oret,13/08/2019,"{'C#': 2, 'Java': 4, 'Ruby': 4, 'PHP': 1, 'JavaScript': 1}",['Versatile'],"['Passive', 'Impatient', 'Introverted']",Yes,No,Yes,Fail,Data,10608
Pegeen O'Lochan,15/08/2019,"{'Java': 2, 'Ruby': 3, 'R': 2, 'SPSS': 1, 'PHP': 1}","['Independent', 'Patient', 'Passionate']",['Sensitive'],Yes,Yes,No,Fail,Business,10609
Kingsley Hardaker,28/08/2019,{'PHP': 1},['Altruism'],['Slow'],Yes,Yes,Yes,Pass,Business,10610
Lorine Bignall,01/08/2019,"{'SPSS': 1, 'C++': 2}",['Listening'],['Stubborn'],Yes,Yes,Yes,Fail,Business,10611
Christian Bingley,13/08/2019,{'JavaScript': 4},"['Independent', 'Listening']","['Anxious', 'Introverted', 'Conventional']",Yes,Yes,Yes,Pass,Data,10612
Ad Do,21/08/2019,"{'C#': 5, 'Java': 1, 'R': 1, 'C++': 1}","['Curious', 'Ambitious', 'Patient']",['Perfectionist'],Yes,Yes,Yes,Pass,Engineering,10613
Beret Devonside,15/08/2019,"{'PHP': 1, 'C++': 3, 'JavaScript': 6}",['Listening'],"['Undisciplined', 'Indifferent', 'Immature']",Yes,Yes,No,Fail,Business,10614
Denyse Weth,22/08/2019,{'SPSS': 2},"['Patient', 'Competitive']",['Perfectionist'],Yes,Yes,Yes,Pass,Business,10615
Deirdre Van Den Velde,01/08/2019,"{'C#': 3, 'Ruby': 3, 'PHP': 3}",['Perfectionism'],['Competitive'],Yes,Yes,Yes,Pass,Engineering,10616
Bevon Mustill,15/08/2019,"{'Python': 2, 'C#': 1, 'Java': 1, 'Ruby': 5, 'R': 2, 'SPSS': 4, 'C++': 1}","['Perfectionism', 'Competitive']","['Chaotic', 'Competitive', 'Controlling']",No,No,Yes,Fail,Engineering,10617
Ruthe Adolthine,01/08/2019,"{'C#': 6, 'C++': 2}","['Charisma', 'Creative', 'Curious']","['Selfish', 'Immature']",Yes,Yes,No,Fail,Data,10618
Vaughn Wallington,27/08/2019,"{'Python': 3, 'JavaScript': 7}",['Curious'],"['Introverted', 'Sensitive', 'Chaotic']",Yes,Yes,Yes,Pass,Business,10619
Matty Ceney,08/08/2019,"{'C#': 3, 'Java': 2, 'SPSS': 2, 'C++': 2, 'JavaScript': 5}","['Ambitious', 'Patient']","['Procrastination', 'Passive', 'Slow']",Yes,Yes,Yes,Pass,Engineering,10620
Rubia Espy,08/08/2019,"{'Python': 1, 'Java': 1}","['Determined', 'Collaboration']","['Critical', 'Anxious']",Yes,Yes,Yes,Pass,Business,10621
Meridel Dearell,21/08/2019,"{'Ruby': 1, 'C++': 5}","['Curious', 'Perfectionism']","['Anxious', 'Procrastination']",Yes,Yes,Yes,Pass,Data,10622
Noelyn Sinkin,21/08/2019,"{'Python': 2, 'C++': 4}","['Determined', 'Patient', 'Critical Thinking']","['Indifferent', 'Slow']",Yes,Yes,Yes,Pass,Business,10623
Mozelle Grinnov,20/08/2019,"{'Python': 3, 'Ruby': 1}","['Courteous', 'Patient']","['Passive', 'Chatty']",Yes,Yes,Yes,Pass,Engineering,10624
Christyna Arkill,21/08/2019,"{'C#': 2, 'R': 6, 'SPSS': 2, 'C++': 6, 'JavaScript': 3}",['Courteous'],['Conventional'],Yes,Yes,Yes,Pass,Data,10625
Kain Lowne,29/08/2019,"{'Python': 4, 'C#': 4, 'Java': 4, 'Ruby': 5, 'PHP': 2, 'JavaScript': 3}","['Organisation', 'Empathy', 'Innovative']",['Anxious'],Yes,Yes,Yes,Pass,Data,10626
Mitchel Blackesland,14/08/2019,"{'Python': 3, 'Java': 5, 'Ruby': 3, 'PHP': 2, 'JavaScript': 7}","['Determined', 'Critical Thinking', 'Ambitious']","['Impatient', 'Intolerant', 'Undisciplined']",Yes,Yes,Yes,Pass,Data,10627
Albie Lyon,22/08/2019,"{'C#': 4, 'R': 4, 'PHP': 1, 'JavaScript': 5}","['Problem Solving', 'Patient', 'Ambitious']","['Controlling', 'Slow', 'Indecisive']",Yes,Yes,Yes,Pass,Data,10628
Farand Rotlauf,20/08/2019,"{'C#': 6, 'Java': 7, 'R': 6, 'SPSS': 6, 'JavaScript': 1}",['Perfectionism'],['Selfish'],Yes,Yes,Yes,Pass,Engineering,10629
Bo Fargie,28/08/2019,"{'Python': 5, 'Ruby': 2, 'SPSS': 2, 'C++': 4}",['Altruism'],['Impatient'],Yes,Yes,Yes,Pass,Engineering,10630
Arch Cookley,20/08/2019,"{'Python': 3, 'Ruby': 6, 'C++': 1, 'JavaScript': 3}","['Innovative', 'Listening', 'Courteous']","['Competitive', 'Overbearing']",Yes,No,Yes,Fail,Engineering,10631
Martica Cawse,08/08/2019,"{'SPSS': 1, 'PHP': 1}",['Creative'],"['Introverted', 'Overbearing']",Yes,Yes,Yes,Pass,Engineering,10632
Nancie Mehaffey,08/08/2019,"{'Ruby': 6, 'SPSS': 3, 'C++': 6}","['Efficient', 'Independent', 'Critical Thinking']","['Intolerant', 'Selfish', 'Passive']",Yes,Yes,Yes,Pass,Data,10633
Donnamarie Schofield,15/08/2019,"{'Python': 2, 'C#': 3, 'Ruby': 5, 'C++': 4}",['Ambitious'],['Passive'],Yes,Yes,Yes,Pass,Data,10634
Erda Liddel,06/08/2019,"{'C++': 3, 'JavaScript': 2}",['Altruism'],['Anxious'],Yes,No,Yes,Fail,Business,10635
Alister Bru,07/08/2019,,"['Organisation', 'Composure', 'Reliable']","['Critical', 'Distracted', 'Introverted']",Yes,Yes,Yes,Pass,Engineering,10636
Sigismund Izkovici,15/08/2019,"{'Java': 1, 'PHP': 2}","['Problem Solving', 'Charisma', 'Collaboration']",['Overbearing'],Yes,Yes,Yes,Pass,Engineering,10637
Star Jurges,01/08/2019,"{'Python': 1, 'C#': 6, 'SPSS': 5}","['Patient', 'Listening']","['Competitive', 'Impatient']",Yes,Yes,Yes,Pass,Data,10638
Pauly Gillbee,28/08/2019,"{'Python': 2, 'Ruby': 3}","['Problem Solving', 'Listening']",['Stubborn'],Yes,Yes,Yes,Pass,Business,10639
Stan Forkan,01/08/2019,"{'C#': 1, 'Ruby': 4}","['Creative', 'Versatile']","['Chatty', 'Procrastination', 'Chaotic']",Yes,Yes,Yes,Fail,Data,10640
Brinn Trewhela,06/08/2019,"{'C#': 4, 'SPSS': 3, 'PHP': 2, 'C++': 1}","['Consistent', 'Altruism']","['Slow', 'Indifferent', 'Anxious']",Yes,Yes,Yes,Pass,Business,10641
Rodrigo Endrighi,14/08/2019,"{'C#': 3, 'Java': 1, 'R': 2, 'SPSS': 1, 'C++': 2}",['Competitive'],"['Competitive', 'Impulsive', 'Conventional']",Yes,Yes,Yes,Pass,Data,10642
Tansy Dukelow,20/08/2019,"{'Python': 2, 'C#': 3, 'PHP': 2, 'C++': 3}","['Altruism', 'Curious']","['Procrastination', 'Indifferent']",Yes,No,Yes,Fail,Engineering,10643
Sean Ovise,27/08/2019,"{'Python': 1, 'Java': 2, 'C++': 4}",['Problem Solving'],['Conventional'],Yes,Yes,Yes,Pass,Engineering,10644
Anselma Pawlett,21/08/2019,"{'Python': 1, 'R': 1, 'C++': 5, 'JavaScript': 4}",['Innovative'],"['Selfish', 'Immature']",Yes,Yes,Yes,Pass,Data,10645
Kerrie Rosi,22/08/2019,"{'C#': 7, 'R': 4, 'SPSS': 1}","['Empathy', 'Independent', 'Critical Thinking']","['Competitive', 'Conventional']",Yes,Yes,Yes,Pass,Business,10646
Dorothy Hailwood,15/08/2019,"{'C#': 5, 'Java': 1, 'Ruby': 5, 'R': 2, 'SPSS': 1, 'C++': 4, 'JavaScript': 7}",['Versatile'],['Introverted'],Yes,No,Yes,Fail,Business,10647
Jodie Kaygill,01/08/2019,"{'Python': 1, 'C#': 1, 'R': 3, 'SPSS': 1, 'PHP': 2, 'C++': 2}","['Consistent', 'Altruism']","['Competitive', 'Overbearing', 'Selfish']",Yes,Yes,Yes,Pass,Data,10648
Jim Dwerryhouse,27/08/2019,"{'Python': 3, 'C#': 2, 'Java': 3}",['Problem Solving'],"['Perfectionist', 'Sensitive']",Yes,Yes,Yes,Pass,Business,10649
Delinda Conybear,01/08/2019,"{'Python': 3, 'Ruby': 2, 'PHP': 3}","['Passionate', 'Organisation', 'Critical Thinking']","['Procrastination', 'Controlling', 'Sensitive']",Yes,Yes,Yes,Pass,Data,10650
Norby Burle,21/08/2019,"{'Python': 3, 'Ruby': 5, 'R': 5}","['Competitive', 'Versatile']",['Overbearing'],No,No,Yes,Fail,Business,10651
Robinet Renwick,15/08/2019,"{'Python': 2, 'C#': 1, 'Java': 4}",['Courteous'],"['Procrastination', 'Distracted', 'Indifferent']",Yes,Yes,Yes,Pass,Business,10652
Perry Richemond,08/08/2019,"{'C#': 1, 'PHP': 4, 'JavaScript': 5}","['Problem Solving', 'Rational']","['Perfectionist', 'Overbearing', 'Critical']",Yes,Yes,Yes,Pass,Data,10653
Carlyn Reisin,14/08/2019,"{'Python': 5, 'C#': 1, 'Java': 4, 'Ruby': 2, 'SPSS': 3, 'C++': 5, 'JavaScript': 2}","['Consistent', 'Creative', 'Organisation']","['Immature', 'Impatient', 'Sensitive']",Yes,Yes,Yes,Pass,Business,10654
Horatius Starking,08/08/2019,"{'C#': 3, 'PHP': 1, 'C++': 5, 'JavaScript': 2}",['Consistent'],"['Selfish', 'Introverted', 'Slow']",Yes,Yes,No,Fail,Business,10655
Leoline Vigietti,07/08/2019,"{'R': 1, 'PHP': 1}","['Determined', 'Patient']","['Intolerant', 'Immature']",Yes,Yes,Yes,Pass,Business,10656
Rudolf Maple,21/08/2019,{'Python': 4},['Listening'],"['Chatty', 'Intolerant', 'Passive']",Yes,Yes,Yes,Pass,Data,10657
Alwin Bullman,07/08/2019,"{'Python': 4, 'Java': 2, 'Ruby': 2, 'SPSS': 2, 'C++': 2}","['Charisma', 'Perfectionism', 'Rational']",['Controlling'],Yes,Yes,Yes,Pass,Data,10658
Shae Ainslie,15/08/2019,"{'Python': 3, 'C#': 3, 'Ruby': 4, 'R': 3, 'SPSS': 4, 'C++': 4}",['Innovative'],"['Chaotic', 'Slow']",Yes,Yes,Yes,Pass,Business,10659
Ciel Poizer,14/08/2019,"{'C#': 5, 'SPSS': 2}","['Listening', 'Curious']","['Sensitive', 'Conventional', 'Immature']",No,Yes,Yes,Fail,Business,10660
Matteo Yeowell,01/08/2019,"{'Ruby': 2, 'R': 4, 'PHP': 3, 'C++': 6}","['Versatile', 'Empathy']","['Overbearing', 'Sensitive', 'Selfish']",Yes,Yes,Yes,Pass,Business,10661
Saundra Fuzzens,28//08/2019,"{'Python': 6, 'C#': 3, 'Ruby': 3, 'R': 5}","['Passionate', 'Efficient', 'Charisma']","['Procrastination', 'Slow', 'Overbearing']",Yes,Yes,Yes,Fail,Business,10662
Denise Oppy,21/08/2019,"{'C#': 4, 'R': 6, 'PHP': 2, 'JavaScript': 7}","['Courteous', 'Independent']",['Sensitive'],Yes,Yes,Yes,Pass,Engineering,10663
Didi Stronough,29/08/2019,"{'Python': 1, 'C#': 2}",['Reliable'],"['Slow', 'Anxious']",Yes,Yes,Yes,Pass,Engineering,10664
Tarrah Bunny,07/08/2019,{'C#': 6},['Altruism'],"['Perfectionist', 'Distracted']",Yes,Yes,Yes,Pass,Business,10665
Bondon Josselson,15/08/2019,"{'Java': 2, 'R': 6}",['Innovative'],"['Introverted', 'Chatty']",Yes,No,Yes,Fail,Engineering,10666
Denny Begg,08/08/2019,"{'Python': 2, 'C#': 6, 'Java': 7, 'Ruby': 4, 'SPSS': 3, 'PHP': 4}","['Altruism', 'Charisma']",['Introverted'],Yes,Yes,Yes,Pass,Data,10667
Clim Lovie,29/08/2019,"{'Ruby': 1, 'JavaScript': 3}","['Creative', 'Empathy']","['Undisciplined', 'Slow']",Yes,Yes,Yes,Fail,Business,10668
Wolf Radolf,08/08/2019,"{'C#': 4, 'Java': 3, 'Ruby': 1, 'R': 2, 'SPSS': 4}","['Listening', 'Determined']","['Indifferent', 'Chatty']",Yes,Yes,Yes,Pass,Engineering,10669
Ferrel Lissandrini,29/08/2019,"{'Python': 2, 'R': 2}","['Creative', 'Ambitious']",['Slow'],Yes,Yes,Yes,Fail,Business,10670
Carlos Gerckens,01/08/2019,"{'Java': 4, 'C++': 1, 'JavaScript': 7}","['Collaboration', 'Ambitious']","['Intolerant', 'Stubborn', 'Anxious']",Yes,Yes,Yes,Pass,Data,10671
Blake Nunson,01/08/2019,"{'Python': 1, 'Java': 1, 'C++': 3}","['Reliable', 'Determined']","['Competitive', 'Indifferent', 'Controlling']",Yes,Yes,Yes,Pass,Engineering,10672
Paula Danielsen,22/08/2019,"{'Java': 2, 'Ruby': 1, 'PHP': 2, 'C++': 3}","['Altruism', 'Listening', 'Problem Solving']",['Impulsive'],Yes,Yes,No,Fail,Business,10673
Brose Menghi,06/08/2019,"{'C#': 3, 'Java': 3}","['Rational', 'Listening', 'Organisation']","['Passive', 'Slow']",Yes,Yes,Yes,Pass,Engineering,10674
Junia Collins,29/08/2019,"{'Python': 2, 'Java': 4, 'PHP': 1}","['Composure', 'Collaboration']",['Slow'],Yes,Yes,Yes,Pass,Data,10675
Jule Corke,29/08/2019,"{'Python': 1, 'C#': 1, 'Java': 1, 'R': 2}","['Listening', 'Reliable', 'Passionate']",['Undisciplined'],Yes,Yes,No,Fail,Engineering,10676
Matteo Cornewell,27/08/2019,{'Java': 1},['Composure'],"['Impatient', 'Undisciplined']",Yes,Yes,Yes,Pass,Business,10677
Sid Libbie,01/08/2019,"{'Ruby': 3, 'C++': 1, 'JavaScript': 2}","['Competitive', 'Ambitious']","['Chaotic', 'Sensitive']",Yes,Yes,No,Fail,Engineering,10678
Rhody Cushion,27/08/2019,"{'C#': 2, 'Java': 8, 'SPSS': 1}","['Listening', 'Reliable', 'Efficient']","['Passive', 'Introverted']",Yes,Yes,Yes,Pass,Business,10679
Chester Hanselmann,07/08/2019,"{'Python': 4, 'Java': 1, 'Ruby': 5, 'R': 1, 'SPSS': 2, 'PHP': 3, 'C++': 2}",['Creative'],"['Passive', 'Controlling']",Yes,Yes,No,Fail,Data,10680
Courtney Wenman,28/08/2019,"{'Java': 2, 'Ruby': 1, 'R': 2, 'SPSS': 1, 'PHP': 5, 'C++': 1}","['Composure', 'Innovative']","['Passive', 'Indifferent', 'Competitive']",No,Yes,Yes,Fail,Engineering,10681
Vaclav Ortler,20/08/2019,"{'Python': 1, 'Ruby': 1, 'SPSS': 3, 'C++': 4}",['Composure'],"['Indifferent', 'Undisciplined']",Yes,Yes,Yes,Pass,Data,10682
Mariquilla Cowope,14/08/2019,"{'Java': 2, 'SPSS': 3, 'PHP': 1}",['Rational'],"['Impulsive', 'Anxious', 'Sensitive']",Yes,Yes,Yes,Fail,Business,10683
Joey Macgeffen,14/08/2019,{'Python': 4},['Organisation'],"['Intolerant', 'Overbearing']",Yes,Yes,Yes,Pass,Data,10684
Cora Klausewitz,15/08/2019,"{'C#': 3, 'Java': 5, 'Ruby': 1, 'R': 3, 'C++': 5, 'JavaScript': 3}","['Problem Solving', 'Competitive', 'Versatile']","['Slow', 'Sensitive', 'Intolerant']",Yes,Yes,Yes,Pass,Data,10685
Gris Brame,14/08/2019,"{'Java': 1, 'Ruby': 3, 'R': 4, 'C++': 4}","['Consistent', 'Innovative', 'Rational']","['Slow', 'Anxious']",Yes,Yes,No,Fail,Business,10686
Berty Huban,18/07/2019,{'C#': 2},"['Competitive', 'Listening']","['Passive', 'Anxious']",Yes,Yes,Yes,Pass,Business,10687
Matthieu Dulake,31/07/2019,"{'Java': 1, 'C++': 4}","['Collaboration', 'Creative', 'Rational']",['Introverted'],Yes,Yes,Yes,Pass,Engineering,10688
Darwin Sambiedge,10/07/2019,"{'Python': 3, 'Ruby': 1, 'PHP': 3, 'C++': 5}","['Altruism', 'Efficient', 'Critical Thinking']",['Passive'],Yes,Yes,Yes,Fail,Data,10689
Sim Bacchus,23/07/2019,{'PHP': 6},['Passionate'],"['Procrastination', 'Stubborn', 'Critical']",Yes,Yes,Yes,Pass,Data,10690
Anabal Teese,09/07/2019,"{'Java': 2, 'PHP': 1, 'C++': 7}","['Curious', 'Passionate', 'Listening']","['Selfish', 'Intolerant', 'Anxious']",Yes,No,Yes,Fail,Business,10691
Sybila Bragge,23/07/2019,"{'Python': 2, 'Java': 9, 'R': 2, 'PHP': 5}","['Courteous', 'Altruism', 'Independent']","['Passive', 'Procrastination', 'Introverted']",Yes,No,Yes,Fail,Data,10692
Donalt Gummoe,16/07/2019,"{'Python': 5, 'Ruby': 2, 'R': 3, 'C++': 4}","['Independent', 'Problem Solving', 'Passionate']","['Conventional', 'Introverted', 'Sensitive']",No,Yes,Yes,Fail,Data,10693
Romola Coldtart,17/07/2019,"{'Python': 2, 'C#': 1, 'Java': 4, 'PHP': 1}",['Reliable'],"['Sensitive', 'Impulsive', 'Conventional']",Yes,Yes,Yes,Pass,Data,10694
Shea Chasmoor,17/07/2019,"{'Python': 1, 'R': 2, 'PHP': 4}","['Empathy', 'Consistent', 'Patient']","['Passive', 'Impulsive', 'Stubborn']",Yes,Yes,Yes,Fail,Business,10695
Nora Akers,24/07/2019,"{'Python': 1, 'Java': 3, 'R': 4}",['Organisation'],"['Impatient', 'Sensitive', 'Undisciplined']",Yes,Yes,Yes,Pass,Engineering,10696
Sander Rewbottom,25/07/2019,"{'Python': 2, 'C#': 2, 'Ruby': 1, 'C++': 5, 'JavaScript': 4}","['Altruism', 'Problem Solving', 'Listening']","['Sensitive', 'Slow']",Yes,Yes,Yes,Pass,Data,10697
Francklyn Leyninye,24/07/2019,"{'C#': 2, 'Java': 1, 'Ruby': 2, 'R': 3, 'SPSS': 1, 'JavaScript': 1}","['Problem Solving', 'Passionate', 'Altruism']","['Selfish', 'Passive']",Yes,Yes,Yes,Pass,Business,10698
Julissa Dumbleton,24/07/2019,"{'Python': 4, 'Java': 2, 'Ruby': 5}",['Courteous'],"['Critical', 'Intolerant', 'Controlling']",Yes,Yes,Yes,Pass,Data,10699
Zacharias Restorick,11/07/2019,"{'Ruby': 5, 'R': 2}",['Curious'],['Intolerant'],Yes,Yes,Yes,Pass,Business,10700
Andriana Uc,02/07/2019,"{'C#': 1, 'R': 5, 'PHP': 1}",['Problem Solving'],['Impatient'],Yes,Yes,Yes,Pass,Business,10701
Benita Enefer,11/07/2019,"{'SPSS': 1, 'C++': 2}","['Empathy', 'Organisation']",['Distracted'],Yes,Yes,Yes,Pass,Data,10702
Isacco Teese,02/07/2019,"{'Ruby': 2, 'C++': 8, 'JavaScript': 2}","['Versatile', 'Critical Thinking']","['Indifferent', 'Immature', 'Stubborn']",Yes,Yes,Yes,Pass,Business,10703
Farlee Baalham,16/07/2019,"{'Ruby': 6, 'PHP': 1, 'JavaScript': 3}","['Determined', 'Critical Thinking']",['Overbearing'],Yes,No,Yes,Fail,Data,10704
Zsa Zsa Rounsefull,16/07/2019,{'PHP': 2},"['Problem Solving', 'Reliable', 'Charisma']","['Immature', 'Undisciplined', 'Passive']",Yes,Yes,Yes,Fail,Data,10705
Amanda Minto,18/07/2019,"{'PHP': 4, 'C++': 6}",['Determined'],"['Impulsive', 'Indecisive', 'Perfectionist']",No,Yes,Yes,Fail,Business,10706
Annie Ibbotson,25/07/2019,{'Java': 2},"['Independent', 'Competitive']",['Indifferent'],Yes,No,Yes,Fail,Business,10707
Roana Sanger,11/07/2019,"{'Python': 2, 'Java': 1, 'R': 3, 'PHP': 1}","['Rational', 'Composure']",['Impatient'],Yes,No,Yes,Fail,Business,10708
Elise Soppeth,24/07/2019,"{'Python': 4, 'C#': 1, 'Java': 2, 'C++': 9, 'JavaScript': 1}",['Critical Thinking'],"['Conventional', 'Chaotic']",Yes,Yes,Yes,Pass,Data,10709
Betty Lamlin,10/07/2019,"{'Python': 5, 'Ruby': 3, 'SPSS': 4}","['Problem Solving', 'Ambitious', 'Perfectionism']",['Chaotic'],No,Yes,Yes,Fail,Data,10710
Verena Townes,16/07/2019,"{'Python': 1, 'Ruby': 1, 'R': 1, 'PHP': 1, 'C++': 2}",['Critical Thinking'],['Procrastination'],Yes,Yes,Yes,Pass,Business,10711
Constance Fellibrand,09/07/2019,"{'Ruby': 2, 'R': 2, 'SPSS': 5, 'PHP': 1}",['Innovative'],"['Indifferent', 'Immature']",Yes,Yes,Yes,Pass,Engineering,10712
Joannes Yurshev,18/07/2019,"{'Java': 1, 'SPSS': 2, 'PHP': 1, 'JavaScript': 1}","['Determined', 'Curious']","['Slow', 'Undisciplined']",Yes,Yes,Yes,Pass,Business,10713
Brunhilde Zellick,03/07/2019,"{'Java': 2, 'SPSS': 1}","['Creative', 'Perfectionism', 'Consistent']","['Chaotic', 'Undisciplined']",Yes,Yes,Yes,Pass,Engineering,10714
Mathilde Keppin,02/07/2019,"{'Python': 2, 'Java': 4, 'Ruby': 1, 'SPSS': 3, 'C++': 3}","['Creative', 'Efficient', 'Ambitious']","['Indifferent', 'Selfish', 'Overbearing']",Yes,Yes,Yes,Pass,Engineering,10715
Aili Bursnoll,30/07/2019,"{'C#': 5, 'R': 2}","['Ambitious', 'Passionate']",['Intolerant'],Yes,No,Yes,Fail,Engineering,10716
Kerr Allanson,24/07/2019,"{'C#': 2, 'R': 3}","['Curious', 'Composure', 'Independent']","['Procrastination', 'Conventional', 'Chaotic']",No,Yes,Yes,Fail,Data,10717
Eldin Broster,17/07/2019,"{'C#': 4, 'R': 3, 'C++': 2}","['Creative', 'Innovative']","['Controlling', 'Stubborn', 'Slow']",Yes,Yes,Yes,Fail,Data,10718
Cherrita Mcgilleghole,11/07/2019,"{'R': 2, 'SPSS': 3, 'JavaScript': 10}","['Efficient', 'Empathy', 'Curious']","['Indifferent', 'Slow', 'Stubborn']",Yes,Yes,Yes,Pass,Engineering,10719
Ortensia Winscomb,11/07/2019,"{'Ruby': 4, 'R': 6, 'JavaScript': 1}","['Versatile', 'Competitive', 'Rational']","['Slow', 'Introverted', 'Procrastination']",Yes,Yes,Yes,Pass,Data,10720
Fleming Mcmurdo,09/07/2019,"{'C#': 5, 'Java': 2, 'R': 3, 'PHP': 2, 'C++': 2, 'JavaScript': 3}",['Organisation'],['Impatient'],Yes,No,Yes,Fail,Data,10721
Brigid Blabber,23/07/2019,"{'C#': 6, 'Ruby': 2, 'R': 3, 'SPSS': 1}","['Problem Solving', 'Innovative', 'Critical Thinking']","['Selfish', 'Introverted', 'Stubborn']",Yes,Yes,Yes,Pass,Business,10722
Ludvig Grzes,16/07/2019,"{'Java': 3, 'Ruby': 1}","['Organisation', 'Collaboration', 'Altruism']","['Procrastination', 'Immature', 'Impatient']",Yes,Yes,Yes,Pass,Data,10723
Hurley Collyer,24/07/2019,{'Ruby': 3},['Perfectionism'],"['Chaotic', 'Slow', 'Chatty']",Yes,No,Yes,Fail,Engineering,10724
Kitty Allen,02/07/2019,"{'Python': 5, 'C#': 5, 'Java': 4, 'R': 3}","['Determined', 'Creative']",['Sensitive'],Yes,Yes,Yes,Pass,Business,10725
Bary Fendlen,18/07/2019,"{'Python': 4, 'Java': 1, 'Ruby': 3, 'PHP': 2, 'C++': 3, 'JavaScript': 1}",['Listening'],['Immature'],Yes,Yes,Yes,Fail,Business,10726
Horten Goble,24/07/2019,"{'C#': 4, 'Java': 1, 'SPSS': 1}","['Courteous', 'Critical Thinking', 'Innovative']",['Immature'],Yes,Yes,Yes,Pass,Business,10727
Natassia Pawle,03/07/2019,"{'Python': 3, 'C#': 1, 'Java': 5, 'JavaScript': 3}","['Altruism', 'Empathy', 'Perfectionism']","['Intolerant', 'Impulsive', 'Passive']",Yes,Yes,Yes,Pass,Engineering,10728
Karoly Skates,16/07/2019,"{'Python': 5, 'Java': 4, 'Ruby': 4, 'SPSS': 1, 'PHP': 2, 'C++': 2}","['Determined', 'Critical Thinking']",['Competitive'],Yes,Yes,Yes,Pass,Engineering,10729
Albina Alves,02/07/2019,"{'Python': 2, 'Java': 1, 'Ruby': 1, 'PHP': 1}","['Altruism', 'Creative', 'Problem Solving']","['Selfish', 'Procrastination']",Yes,Yes,Yes,Pass,Business,10730
Evered Giovanizio,04/07/2019,"{'Python': 6, 'R': 5, 'C++': 2}","['Competitive', 'Listening']","['Chaotic', 'Intolerant', 'Undisciplined']",No,Yes,Yes,Fail,Business,10731
Elliot Yarnley,23/07/2019,"{'Java': 3, 'SPSS': 5, 'JavaScript': 8}","['Collaboration', 'Consistent']","['Sensitive', 'Chatty', 'Distracted']",Yes,Yes,Yes,Fail,Engineering,10732
Vanessa Gives,30/07/2019,"{'Python': 5, 'R': 3, 'PHP': 1, 'JavaScript': 1}",['Perfectionism'],"['Chatty', 'Critical']",No,Yes,Yes,Fail,Data,10733
Fremont Oxlee,18/07/2019,"{'Java': 1, 'Ruby': 1, 'PHP': 2, 'C++': 3}","['Independent', 'Collaboration', 'Creative']","['Slow', 'Conventional', 'Competitive']",Yes,Yes,Yes,Fail,Business,10734
Fan Hember,04/07/2019,"{'C#': 5, 'Java': 1}","['Determined', 'Independent', 'Courteous']","['Passive', 'Impatient']",Yes,No,Yes,Fail,Business,10735
Fee Karpe,17/07/2019,"{'Python': 7, 'Java': 2, 'Ruby': 2}","['Creative', 'Efficient']","['Procrastination', 'Perfectionist']",Yes,Yes,Yes,Pass,Data,10736
Fee Karpe,17/07/2019,"{'Python': 7, 'Java': 2, 'Ruby': 2}","['Creative', 'Efficient']","['Procrastination', 'Perfectionist']",Yes,Yes,Yes,Pass,Data,10737
Katrine Westley,24/07/2019,"{'C#': 3, 'SPSS': 3}",['Perfectionism'],"['Chaotic', 'Competitive']",Yes,No,Yes,Fail,Engineering,10738
Quill Tompkinson,10/07/2019,"{'Python': 2, 'C#': 2, 'Ruby': 5, 'PHP': 2}",['Courteous'],"['Indecisive', 'Critical']",Yes,Yes,Yes,Fail,Data,10739
Donavon Glazebrook,23/07/2019,{'Java': 2},"['Altruism', 'Collaboration', 'Composure']","['Slow', 'Intolerant', 'Stubborn']",Yes,Yes,Yes,Pass,Business,10740
Gisele Beetham,25/07/2019,"{'C#': 3, 'Ruby': 3, 'JavaScript': 3}","['Independent', 'Problem Solving']","['Indifferent', 'Chaotic', 'Sensitive']",No,No,Yes,Fail,Data,10741
Hilliard Reinard,18/07/2019,"{'SPSS': 5, 'PHP': 2}",['Problem Solving'],"['Passive', 'Undisciplined']",Yes,Yes,Yes,Pass,Engineering,10742
Ira Rathbourne,18/07/2019,"{'SPSS': 3, 'C++': 5}","['Patient', 'Ambitious', 'Passionate']","['Competitive', 'Controlling', 'Slow']",Yes,Yes,Yes,Pass,Data,10743
Shaun Dowley,10/07/2019,"{'Python': 2, 'Java': 3, 'R': 2, 'PHP': 2}",['Determined'],['Indecisive'],Yes,Yes,No,Fail,Business,10744
Hartwell Silver,30/07/2019,"{'Java': 6, 'R': 5, 'PHP': 3}","['Determined', 'Listening']","['Chaotic', 'Competitive']",Yes,Yes,Yes,Pass,Engineering,10745
Shoshanna Janicek,18/07/2019,"{'Python': 3, 'Java': 2, 'C++': 4}",['Rational'],"['Intolerant', 'Impulsive']",Yes,Yes,Yes,Pass,Engineering,10746
Ingrid Cradick,24/07/2019,"{'Python': 5, 'SPSS': 2, 'PHP': 1, 'C++': 2, 'JavaScript': 1}","['Determined', 'Passionate']","['Overbearing', 'Conventional']",Yes,No,Yes,Fail,Data,10747
Chevy Pyburn,02/07/2019,"{'C#': 1, 'JavaScript': 1}","['Perfectionism', 'Patient', 'Organisation']","['Overbearing', 'Stubborn']",Yes,Yes,Yes,Pass,Engineering,10748
Bertram Esgate,30/07/2019,"{'C#': 4, 'R': 3, 'SPSS': 1, 'JavaScript': 2}","['Independent', 'Composure', 'Altruism']","['Selfish', 'Chatty', 'Controlling']",Yes,Yes,Yes,Pass,Data,10749
Larisa Warrington,02/07/2019,"{'Python': 2, 'Java': 3}","['Independent', 'Consistent']","['Distracted', 'Anxious']",No,Yes,Yes,Fail,Business,10750
Lissa Pumfrett,11/07/2019,{'C++': 4},"['Empathy', 'Perfectionism']",['Impulsive'],Yes,Yes,Yes,Pass,Data,10751
Demetrius Dunbavin,02/07/2019,"{'R': 1, 'SPSS': 1}","['Versatile', 'Passionate', 'Efficient']","['Stubborn', 'Passive']",Yes,Yes,Yes,Pass,Business,10752
Morgen Lilywhite,09/07/2019,,"['Composure', 'Versatile', 'Problem Solving']","['Impatient', 'Immature', 'Selfish']",Yes,Yes,Yes,Pass,Data,10753
Rickard Blakes,09/07/2019,"{'Ruby': 8, 'R': 3, 'SPSS': 1, 'PHP': 1, 'JavaScript': 3}","['Collaboration', 'Empathy']","['Undisciplined', 'Indecisive', 'Distracted']",Yes,Yes,Yes,Pass,Engineering,10754
Emily Barras,30/07/2019,"{'Ruby': 2, 'SPSS': 1}",['Altruism'],"['Conventional', 'Indifferent', 'Impatient']",Yes,Yes,Yes,Pass,Business,10755
Tonye Ambrogio,18/07/2019,"{'C#': 5, 'Java': 4, 'PHP': 1, 'C++': 5, 'JavaScript': 3}",['Listening'],"['Critical', 'Procrastination']",Yes,Yes,Yes,Pass,Data,10756
Robers Gentner,09/07/2019,"{'Java': 2, 'PHP': 6, 'C++': 1}",['Perfectionism'],"['Anxious', 'Conventional']",Yes,Yes,Yes,Fail,Data,10757
Kellyann Yorkston,16/07/2019,"{'Python': 3, 'Java': 3, 'Ruby': 4, 'SPSS': 2, 'PHP': 2, 'C++': 1}",['Courteous'],"['Intolerant', 'Controlling']",Yes,Yes,No,Fail,Data,10758
Olly Mougenel,16/07/2019,"{'Java': 3, 'Ruby': 2, 'R': 7, 'SPSS': 2, 'PHP': 1, 'C++': 2}","['Problem Solving', 'Perfectionism']","['Perfectionist', 'Slow', 'Undisciplined']",Yes,Yes,No,Fail,Business,10759
Merrill Mckie,23/07/2019,"{'Python': 2, 'R': 5, 'PHP': 5, 'C++': 4, 'JavaScript': 1}","['Versatile', 'Ambitious']","['Perfectionist', 'Intolerant', 'Overbearing']",Yes,Yes,Yes,Pass,Business,10760
Kass Castellan,03/07/2019,"{'C#': 4, 'Ruby': 3}","['Creative', 'Listening']",['Indecisive'],Yes,Yes,Yes,Pass,Engineering,10761
Marlon Reside,30/07/2019,"{'SPSS': 4, 'JavaScript': 3}","['Courteous', 'Altruism']",['Undisciplined'],Yes,Yes,Yes,Pass,Data,10762
Oswald Lyndon,10/07/2019,"{'R': 9, 'SPSS': 4, 'C++': 3, 'JavaScript': 5}","['Competitive', 'Independent']","['Procrastination', 'Impatient']",Yes,Yes,Yes,Pass,Engineering,10763
Arty Indruch,02/07/2019,"{'C#': 3, 'Java': 4, 'Ruby': 5, 'R': 6, 'SPSS': 2, 'C++': 3}","['Courteous', 'Patient', 'Creative']",['Intolerant'],Yes,Yes,Yes,Pass,Business,10764
Sharl Shambrooke,04/07/2019,"{'Python': 4, 'C#': 9, 'Ruby': 1, 'R': 2}","['Innovative', 'Reliable', 'Curious']",['Undisciplined'],Yes,Yes,Yes,Fail,Engineering,10765
Antonius Heape,17/07/2019,"{'Python': 2, 'C#': 2, 'Ruby': 8}",['Ambitious'],['Procrastination'],Yes,Yes,Yes,Pass,Engineering,10766
Rad Bench,17/07/2019,"{'Ruby': 1, 'R': 2, 'PHP': 2}","['Independent', 'Critical Thinking', 'Ambitious']","['Indecisive', 'Selfish']",Yes,Yes,Yes,Pass,Data,10767
Agace O'Shields,30/07/2019,"{'SPSS': 1, 'PHP': 1}","['Collaboration', 'Innovative']","['Undisciplined', 'Immature', 'Passive']",Yes,Yes,Yes,Pass,Business,10768
Mela Burgill,09/07/2019,"{'SPSS': 3, 'C++': 1}","['Altruism', 'Organisation', 'Collaboration']",['Distracted'],Yes,Yes,Yes,Pass,Business,10769
Justis Gilham,25/07/2019,"{'Python': 2, 'SPSS': 3, 'PHP': 4, 'JavaScript': 6}","['Altruism', 'Competitive', 'Critical Thinking']","['Competitive', 'Procrastination']",Yes,Yes,Yes,Pass,Engineering,10770
Valery Delia,24/07/2019,"{'Java': 2, 'R': 3, 'SPSS': 3, 'C++': 2}","['Composure', 'Rational']",['Anxious'],No,Yes,Yes,Fail,Engineering,10771
Kylie Cordell,18/07/2019,{'C#': 3},['Competitive'],"['Chaotic', 'Impulsive', 'Critical']",Yes,Yes,Yes,Pass,Business,10772
Emmett Stogill,17/07/2019,"{'Python': 6, 'C#': 1, 'R': 4}","['Consistent', 'Perfectionism']","['Chaotic', 'Introverted']",Yes,Yes,No,Fail,Engineering,10773
Julianne Neagle,09/07/2019,"{'Python': 5, 'Java': 2, 'Ruby': 7, 'C++': 1}","['Perfectionism', 'Rational']",['Procrastination'],Yes,Yes,Yes,Fail,Engineering,10774
Cobbie Wolfinger,30/07/2019,"{'C#': 1, 'SPSS': 2}","['Passionate', 'Organisation']","['Perfectionist', 'Immature', 'Indifferent']",No,Yes,Yes,Fail,Data,10775
Blondy Fearnall,04/07/2019,"{'Python': 4, 'C#': 3, 'Java': 4, 'JavaScript': 4}","['Efficient', 'Innovative']",['Introverted'],Yes,Yes,Yes,Pass,Engineering,10776
Bowie Endersby,16/07/2019,{'C#': 1},['Efficient'],['Indifferent'],Yes,Yes,Yes,Pass,Data,10777
Andrey Cochran,24/07/2019,"{'C#': 2, 'Ruby': 3}","['Innovative', 'Listening', 'Competitive']","['Perfectionist', 'Indecisive', 'Impatient']",Yes,Yes,Yes,Pass,Data,10778
Letizia Mckern,04/07/2019,"{'Python': 2, 'C++': 5, 'JavaScript': 4}","['Organisation', 'Charisma', 'Problem Solving']","['Distracted', 'Undisciplined']",Yes,Yes,Yes,Pass,Business,10779
Fons Ghiotto,16/07/2019,"{'Java': 3, 'PHP': 2}","['Listening', 'Collaboration', 'Independent']","['Chaotic', 'Indecisive']",Yes,Yes,Yes,Pass,Engineering,10780
Sal Inglesent,04/07/2019,"{'C#': 3, 'Ruby': 6, 'C++': 6, 'JavaScript': 1}","['Perfectionism', 'Efficient', 'Passionate']",['Overbearing'],Yes,Yes,Yes,Pass,Data,10781
Sela Pavese,25/07/2019,"{'Ruby': 2, 'R': 4, 'SPSS': 2, 'PHP': 1, 'C++': 5}","['Rational', 'Courteous']",['Passive'],Yes,Yes,Yes,Fail,Business,10782
Alison Tett,10/07/2019,"{'Python': 1, 'C#': 2, 'SPSS': 3}","['Versatile', 'Courteous']","['Overbearing', 'Impulsive']",Yes,Yes,Yes,Pass,Business,10783
Gabi Ivins,04/07/2019,"{'Python': 1, 'R': 2, 'SPSS': 1, 'PHP': 3, 'JavaScript': 7}","['Creative', 'Charisma']","['Undisciplined', 'Indecisive', 'Critical']",Yes,Yes,Yes,Pass,Business,10784
Noe Fortnam,09/07/2019,"{'Python': 1, 'R': 3, 'JavaScript': 1}",['Determined'],"['Competitive', 'Stubborn', 'Chatty']",Yes,Yes,Yes,Pass,Engineering,10785
Ronny Vasilchenko,23/07/2019,"{'R': 1, 'C++': 1}","['Versatile', 'Curious', 'Determined']","['Indecisive', 'Impulsive']",Yes,Yes,Yes,Pass,Business,10786
Blair Woollhead,18/07/2019,"{'Python': 5, 'Ruby': 1, 'SPSS': 2}",['Organisation'],['Chatty'],Yes,Yes,No,Fail,Engineering,10787
Henrieta Chatto,04/07/2019,{'Java': 3},"['Innovative', 'Versatile']","['Conventional', 'Undisciplined', 'Indifferent']",Yes,Yes,Yes,Pass,Business,10788
Eba Gary,02/07/2019,"{'Ruby': 5, 'SPSS': 2}","['Patient', 'Determined', 'Innovative']","['Indecisive', 'Controlling']",Yes,Yes,Yes,Pass,Engineering,10789
Marcela Riding,25/07/2019,"{'Python': 4, 'SPSS': 2, 'JavaScript': 4}","['Empathy', 'Competitive']","['Impulsive', 'Introverted']",Yes,Yes,Yes,Pass,Business,10790
Hewet Derwin,11//07/2019,"{'Ruby': 3, 'R': 1, 'PHP': 2}",['Consistent'],"['Chaotic', 'Slow']",Yes,Yes,Yes,Pass,Engineering,10791
Demetria O' Sullivan,18/07/2019,"{'Java': 5, 'R': 4, 'SPSS': 4, 'PHP': 3, 'JavaScript': 2}","['Perfectionism', 'Independent', 'Critical Thinking']",['Perfectionist'],Yes,No,Yes,Fail,Data,10792
Steffen Marcombe,04/07/2019,"{'C#': 5, 'Ruby': 1, 'PHP': 4}","['Listening', 'Rational']","['Immature', 'Overbearing', 'Anxious']",Yes,Yes,Yes,Pass,Business,10793
Aguste Tann,30/07/2019,{'JavaScript': 1},"['Perfectionism', 'Charisma']","['Introverted', 'Controlling', 'Distracted']",Yes,Yes,Yes,Pass,Business,10794
D'Arcy Bover,02/07/2019,"{'C#': 6, 'Ruby': 4, 'JavaScript': 3}",['Creative'],"['Indifferent', 'Immature', 'Introverted']",Yes,Yes,Yes,Pass,Engineering,10795
Chadd Klampt,03/07/2019,"{'C#': 1, 'Java': 3, 'PHP': 4, 'JavaScript': 2}","['Patient', 'Perfectionism']",['Indecisive'],Yes,Yes,Yes,Pass,Engineering,10796
Pren Varcoe,30/07/2019,"{'R': 6, 'SPSS': 2, 'C++': 2, 'JavaScript': 3}","['Determined', 'Listening']","['Critical', 'Impatient']",No,Yes,Yes,Fail,Engineering,10797
Abraham Rockell,02/07/2019,"{'Python': 3, 'R': 2, 'SPSS': 3}",['Independent'],"['Overbearing', 'Critical', 'Controlling']",Yes,Yes,Yes,Pass,Engineering,10798
Laurette Hembling,09/07/2019,"{'Python': 2, 'C#': 1, 'Ruby': 4, 'R': 3, 'C++': 1, 'JavaScript': 1}","['Versatile', 'Determined', 'Problem Solving']","['Sensitive', 'Intolerant', 'Impulsive']",No,Yes,Yes,Fail,Data,10799
Karlis Bottle,18/07/2019,{'PHP': 1},['Composure'],['Sensitive'],No,Yes,No,Fail,Business,10800
Wilhelm Jouanet,11/07/2019,"{'Python': 5, 'Java': 1}",['Perfectionism'],['Immature'],Yes,Yes,Yes,Pass,Data,10801
Peterus Bartolomeazzi,25/07/2019,"{'Python': 2, 'C#': 3, 'Java': 2, 'Ruby': 1}",['Independent'],['Intolerant'],Yes,Yes,Yes,Fail,Business,10802
Bari Streatfield,11/07/2019,"{'R': 2, 'PHP': 3, 'C++': 4}",['Problem Solving'],"['Indifferent', 'Overbearing']",Yes,Yes,Yes,Pass,Business,10803
Teriann Matyashev,04/07/2019,"{'Python': 1, 'Ruby': 1, 'R': 1}",['Independent'],"['Undisciplined', 'Conventional']",Yes,Yes,Yes,Pass,Business,10804
Uriel Eidelman,10/07/2019,"{'Python': 5, 'R': 2, 'C++': 4, 'JavaScript': 4}","['Innovative', 'Patient']","['Competitive', 'Overbearing']",Yes,Yes,Yes,Pass,Business,10805
Toddie Rubanenko,03/07/2019,"{'Python': 2, 'C#': 6}","['Collaboration', 'Organisation', 'Ambitious']",['Procrastination'],Yes,Yes,Yes,Pass,Data,10806
Drake Northcote,10/07/2019,"{'Python': 5, 'C#': 4, 'SPSS': 2, 'C++': 1}","['Independent', 'Listening', 'Reliable']",['Indifferent'],Yes,Yes,No,Fail,Engineering,10807
Engracia Andriolli,30/07/2019,"{'Python': 4, 'C#': 5}","['Rational', 'Organisation']","['Immature', 'Selfish', 'Impatient']",Yes,No,Yes,Fail,Engineering,10808
Cristina Finlan,31/07/2019,"{'Python': 2, 'PHP': 1, 'JavaScript': 3}","['Creative', 'Consistent']","['Introverted', 'Indecisive', 'Procrastination']",Yes,Yes,Yes,Pass,Business,10809
Markos Walter,16/07/2019,,"['Versatile', 'Organisation', 'Critical Thinking']","['Selfish', 'Slow']",Yes,Yes,Yes,Pass,Data,10810
Ofilia Keizman,17/07/2019,"{'Python': 2, 'Java': 5, 'PHP': 1, 'JavaScript': 1}",['Courteous'],"['Anxious', 'Sensitive', 'Passive']",Yes,Yes,Yes,Pass,Business,10811
Chev Spillane,02/07/2019,"{'SPSS': 5, 'C++': 7, 'JavaScript': 3}","['Organisation', 'Creative', 'Consistent']",['Stubborn'],Yes,Yes,Yes,Pass,Engineering,10812
Beauregard Cornehl,02/07/2019,"{'C#': 3, 'PHP': 1}","['Collaboration', 'Rational']","['Distracted', 'Immature', 'Stubborn']",Yes,Yes,Yes,Pass,Business,10813
Barclay Morter,30/07/2019,"{'Python': 4, 'C#': 3, 'Java': 5, 'PHP': 1, 'C++': 2}","['Collaboration', 'Competitive']",['Impulsive'],No,Yes,Yes,Fail,Business,10814
Clary Hertwell,30/07/2019,"{'Python': 3, 'Ruby': 5, 'C++': 2}","['Patient', 'Collaboration', 'Competitive']",['Indifferent'],No,Yes,Yes,Fail,Business,10815
Jessy Dollman,09/07/2019,"{'Python': 3, 'Java': 9, 'Ruby': 5}","['Versatile', 'Composure']",['Competitive'],Yes,Yes,Yes,Pass,Data,10816
Sibyl Gilardi,03/07/2019,"{'Python': 1, 'Java': 4, 'JavaScript': 4}",['Altruism'],['Overbearing'],Yes,Yes,Yes,Fail,Business,10817
Haywood Teager,03/07/2019,"{'Python': 3, 'Java': 3, 'Ruby': 1, 'SPSS': 4, 'PHP': 3, 'C++': 2}","['Composure', 'Efficient']","['Conventional', 'Perfectionist']",Yes,Yes,Yes,Pass,Engineering,10818
Doretta Henner,18/07/2019,"{'C#': 1, 'C++': 6}",['Altruism'],['Overbearing'],Yes,Yes,Yes,Pass,Business,10819
Niall Graine,04/07/2019,{'SPSS': 5},"['Altruism', 'Perfectionism']","['Perfectionist', 'Controlling']",Yes,Yes,Yes,Pass,Business,10820
Karel Toulamain,10/07/2019,"{'C#': 1, 'Ruby': 3, 'JavaScript': 3}","['Determined', 'Reliable', 'Creative']","['Anxious', 'Immature', 'Competitive']",No,Yes,Yes,Fail,Data,10821
Iosep Idle,03/07/2019,"{'Python': 4, 'C#': 4, 'Java': 5, 'SPSS': 2, 'JavaScript': 4}","['Collaboration', 'Problem Solving', 'Organisation']","['Distracted', 'Stubborn']",Yes,Yes,Yes,Pass,Data,10822
Duky Shailer,02/07/2019,"{'Python': 1, 'R': 1, 'SPSS': 5, 'JavaScript': 5}","['Empathy', 'Efficient', 'Listening']",['Competitive'],No,Yes,No,Fail,Data,10823
Christie Blincoe,31/07/2019,"{'Python': 4, 'PHP': 2}","['Innovative', 'Charisma', 'Critical Thinking']","['Critical', 'Indecisive', 'Immature']",Yes,Yes,Yes,Pass,Business,10824
Rik Waren,11/07/2019,"{'C#': 1, 'Ruby': 3, 'SPSS': 9, 'PHP': 1}","['Charisma', 'Critical Thinking']","['Chaotic', 'Sensitive']",Yes,Yes,Yes,Pass,Data,10825
Zelda Prestage,10/07/2019,"{'C#': 1, 'PHP': 3}","['Courteous', 'Organisation', 'Listening']","['Perfectionist', 'Overbearing']",Yes,Yes,Yes,Fail,Business,10826
Dannel Longmaid,18/07/2019,"{'Ruby': 1, 'SPSS': 8, 'C++': 4, 'JavaScript': 3}","['Efficient', 'Consistent']","['Competitive', 'Impulsive']",Yes,Yes,Yes,Pass,Engineering,10827
Ira Grima,25/07/2019,"{'Python': 2, 'C#': 2, 'R': 5, 'PHP': 1, 'JavaScript': 2}","['Courteous', 'Passionate', 'Empathy']","['Immature', 'Chaotic']",No,Yes,Yes,Fail,Engineering,10828
Vivyan Robuchon,11/07/2019,"{'Ruby': 4, 'JavaScript': 1}","['Composure', 'Listening']","['Selfish', 'Chaotic']",Yes,No,Yes,Fail,Engineering,10829
Gardner Estick,31/07/2019,"{'SPSS': 3, 'PHP': 1}","['Composure', 'Organisation', 'Consistent']",['Introverted'],Yes,Yes,Yes,Pass,Engineering,10830
Darin Healing,04/07/2019,"{'Python': 2, 'C#': 3, 'Ruby': 3, 'R': 6, 'PHP': 2}",['Composure'],['Chatty'],Yes,Yes,Yes,Pass,Engineering,10831
Teena Priel,18/07/2019,"{'C#': 2, 'Java': 4, 'Ruby': 2, 'PHP': 2}","['Determined', 'Curious']","['Sensitive', 'Passive', 'Impulsive']",Yes,No,No,Fail,Business,10832
Katinka Tyt,18/07/2019,"{'Java': 1, 'PHP': 3}","['Innovative', 'Competitive']","['Slow', 'Chatty']",Yes,Yes,Yes,Pass,Data,10833
Maxy Bensen,18/07/2019,"{'Python': 4, 'C#': 3, 'Java': 1, 'R': 5, 'PHP': 4, 'C++': 4}","['Reliable', 'Rational', 'Independent']",['Indifferent'],Yes,Yes,Yes,Pass,Engineering,10834
Donnie Sandwick,04/07/2019,"{'R': 2, 'SPSS': 3, 'C++': 3}",['Determined'],['Sensitive'],Yes,Yes,No,Fail,Data,10835
Natasha Christol,31/07/2019,"{'C#': 3, 'Java': 1, 'PHP': 2, 'JavaScript': 2}","['Creative', 'Collaboration']","['Selfish', 'Impatient', 'Chatty']",No,Yes,Yes,Fail,Data,10836
Scarlett Roarty,23/07/2019,"{'R': 2, 'PHP': 1}",['Curious'],"['Indecisive', 'Anxious', 'Sensitive']",Yes,Yes,Yes,Pass,Data,10837
Hurlee Hesey,25/07/2019,"{'Python': 2, 'R': 2}","['Reliable', 'Versatile', 'Innovative']","['Passive', 'Conventional']",Yes,Yes,No,Fail,Engineering,10838
Yehudit Killingbeck,30/07/2019,"{'R': 1, 'PHP': 2, 'C++': 5}","['Ambitious', 'Determined']",['Sensitive'],Yes,Yes,No,Fail,Engineering,10839
Riannon Baraclough,31/07/2019,"{'Python': 3, 'Java': 3, 'Ruby': 3, 'R': 1}","['Reliable', 'Empathy', 'Curious']",['Controlling'],Yes,Yes,Yes,Pass,Business,10840
Shay Obee,11/07/2019,"{'Java': 1, 'SPSS': 1, 'PHP': 4}","['Determined', 'Empathy', 'Organisation']",['Procrastination'],Yes,Yes,Yes,Pass,Business,10841
Collete Causbey,03/07/2019,"{'Python': 4, 'C#': 1, 'Java': 2, 'PHP': 1, 'C++': 4}","['Composure', 'Independent']","['Passive', 'Slow']",Yes,Yes,Yes,Pass,Business,10842
Tallia Rushford,31/07/2019,"{'C#': 2, 'C++': 5, 'JavaScript': 6}",['Versatile'],['Chaotic'],Yes,Yes,No,Fail,Data,10843
Angelica Neissen,31/07/2019,"{'Python': 8, 'C#': 1, 'Java': 5, 'Ruby': 1}","['Collaboration', 'Charisma']",['Distracted'],Yes,Yes,Yes,Fail,Business,10844
Merwyn Gossop,18/07/2019,{'JavaScript': 3},"['Consistent', 'Competitive', 'Charisma']",['Competitive'],Yes,Yes,Yes,Pass,Business,10845
Luca Gokes,09/07/2019,"{'Python': 2, 'Java': 5}","['Passionate', 'Altruism']",['Procrastination'],No,Yes,Yes,Fail,Data,10846
Judon Henze,10/07/2019,"{'Python': 6, 'R': 2, 'SPSS': 3, 'PHP': 3}","['Listening', 'Competitive', 'Charisma']",['Controlling'],Yes,Yes,Yes,Pass,Engineering,10847
Mirilla Bottinelli,16/07/2019,"{'C#': 1, 'Ruby': 4, 'SPSS': 3, 'C++': 2}",['Altruism'],['Chatty'],Yes,Yes,Yes,Pass,Data,10848
Mirilla Bottinelli,16/07/2019,"{'C#': 1, 'Ruby': 4, 'SPSS': 3, 'C++': 2}",['Altruism'],['Chatty'],Yes,Yes,Yes,Pass,Data,10849
Cordie Duckering,25/07/2019,"{'Python': 2, 'R': 2, 'SPSS': 1, 'PHP': 6}","['Problem Solving', 'Reliable', 'Consistent']","['Passive', 'Introverted', 'Anxious']",Yes,Yes,Yes,Pass,Business,10850
Dorian Hamshar,09/07/2019,"{'Python': 2, 'C++': 4}","['Curious', 'Organisation', 'Versatile']",['Undisciplined'],Yes,Yes,Yes,Pass,Business,10851
Anet Satterley,30/07/2019,{'R': 1},"['Efficient', 'Charisma']","['Intolerant', 'Chatty', 'Chaotic']",Yes,Yes,Yes,Pass,Business,10852
Stanislaus Sendley,30/07/2019,"{'C#': 5, 'PHP': 1, 'JavaScript': 2}","['Innovative', 'Composure']","['Impatient', 'Impulsive']",Yes,Yes,Yes,Pass,Engineering,10853
Patrizia Wyre,17/07/2019,"{'Java': 6, 'R': 2, 'C++': 3}",['Reliable'],['Stubborn'],Yes,Yes,Yes,Pass,Business,10854
Rodolfo Garret,16/07/2019,"{'Python': 7, 'Ruby': 3, 'R': 4, 'SPSS': 4, 'PHP': 5, 'C++': 3}","['Curious', 'Passionate']","['Controlling', 'Impatient']",Yes,Yes,Yes,Pass,Data,10855
Waverley Deacock,02/07/2019,"{'Python': 1, 'C#': 1, 'R': 1, 'PHP': 2, 'JavaScript': 3}","['Empathy', 'Organisation']","['Impulsive', 'Stubborn', 'Distracted']",Yes,Yes,Yes,Pass,Engineering,10856
Langston Adamski,31/07/2019,"{'Python': 6, 'R': 1, 'SPSS': 5, 'PHP': 3}",['Listening'],"['Intolerant', 'Overbearing']",Yes,Yes,Yes,Pass,Engineering,10857
Annabela Brackenridge,23/07/2019,"{'Java': 4, 'C++': 5}","['Altruism', 'Passionate', 'Rational']","['Slow', 'Impatient']",Yes,Yes,Yes,Pass,Engineering,10858
Amerigo Heys,31/07/2019,"{'Python': 2, 'Ruby': 4, 'PHP': 1, 'JavaScript': 3}","['Competitive', 'Collaboration']","['Distracted', 'Competitive']",Yes,Yes,Yes,Pass,Engineering,10859
Sorcha Argue,02/07/2019,"{'Java': 3, 'PHP': 3, 'JavaScript': 2}","['Passionate', 'Empathy']","['Anxious', 'Indifferent']",Yes,Yes,Yes,Pass,Data,10860
Miguelita Smedley,10/07/2019,"{'Java': 3, 'Ruby': 3}","['Listening', 'Altruism', 'Problem Solving']","['Indifferent', 'Undisciplined']",Yes,Yes,Yes,Pass,Data,10861
Weylin Comolli,10/07/2019,"{'Python': 1, 'Java': 3}","['Creative', 'Perfectionism', 'Passionate']",['Overbearing'],Yes,Yes,Yes,Pass,Business,10862
Raimondo Mellodey,24/07/2019,"{'Python': 4, 'R': 3, 'PHP': 1}","['Organisation', 'Passionate', 'Consistent']",['Passive'],Yes,Yes,Yes,Pass,Business,10863
Courtnay Duiged,17/07/2019,"{'Ruby': 4, 'SPSS': 5, 'C++': 1}","['Competitive', 'Collaboration', 'Courteous']",['Immature'],Yes,Yes,No,Fail,Business,10864
Sarena Weatherill,17/07/2019,"{'R': 4, 'PHP': 1, 'C++': 3}","['Altruism', 'Efficient', 'Rational']","['Competitive', 'Distracted', 'Impatient']",Yes,Yes,No,Fail,Business,10865
Celina Polley,18/07/2019,"{'Python': 3, 'Java': 2, 'Ruby': 4, 'SPSS': 1}","['Empathy', 'Listening', 'Competitive']","['Sensitive', 'Intolerant', 'Overbearing']",Yes,Yes,Yes,Pass,Data,10866
Daloris Cotesford,10/07/2019,"{'Ruby': 1, 'R': 2, 'JavaScript': 2}",['Versatile'],['Intolerant'],Yes,Yes,Yes,Pass,Business,10867
Natalie Norwich,31/07/2019,"{'C#': 7, 'Java': 1, 'Ruby': 6}","['Problem Solving', 'Critical Thinking']","['Intolerant', 'Chatty', 'Indecisive']",Yes,Yes,Yes,Pass,Data,10868
Kerstin Couper,23/07/2019,"{'Ruby': 4, 'R': 1, 'PHP': 2, 'C++': 4, 'JavaScript': 1}",['Courteous'],['Overbearing'],Yes,Yes,Yes,Pass,Data,10869
Keen Tripony,03/07/2019,,['Efficient'],"['Chaotic', 'Anxious']",Yes,Yes,Yes,Pass,Business,10870
Ody Paroni,18/07/2019,{'R': 4},"['Composure', 'Reliable', 'Creative']","['Conventional', 'Chatty']",Yes,Yes,Yes,Pass,Data,10871
Rodolfo Drillot,03/07/2019,"{'Python': 3, 'Java': 1, 'Ruby': 5, 'PHP': 1}",['Listening'],"['Passive', 'Chatty', 'Indecisive']",Yes,Yes,Yes,Pass,Business,10872
Derward Wyllt,03/07/2019,"{'Python': 5, 'Java': 6, 'R': 1, 'PHP': 1}","['Collaboration', 'Independent', 'Ambitious']","['Procrastination', 'Perfectionist']",Yes,No,No,Fail,Business,10873
Amil Lidden,09/07/2019,,['Charisma'],['Competitive'],No,Yes,Yes,Fail,Data,10874
Salim Sarra,10/07/2019,"{'R': 8, 'JavaScript': 5}","['Courteous', 'Rational', 'Problem Solving']","['Slow', 'Competitive', 'Indecisive']",Yes,Yes,Yes,Pass,Data,10875
Horatius Branch,11/07/2019,"{'C#': 6, 'Java': 2, 'Ruby': 3, 'PHP': 3, 'C++': 3}","['Composure', 'Courteous', 'Passionate']",['Intolerant'],Yes,Yes,Yes,Pass,Data,10876
Frankie Boseley,02/07/2019,"{'Ruby': 2, 'R': 3}","['Problem Solving', 'Patient']",['Impatient'],Yes,Yes,Yes,Pass,Engineering,10877
Bayard Stuckow,09/07/2019,{'Python': 4},['Curious'],"['Critical', 'Conventional']",Yes,Yes,Yes,Pass,Data,10878
Babita Tabourin,18/07/2019,"{'C#': 3, 'Ruby': 3, 'R': 3, 'SPSS': 2, 'PHP': 3}","['Innovative', 'Listening', 'Perfectionism']","['Critical', 'Slow', 'Indifferent']",No,Yes,Yes,Fail,Engineering,10879
Job Restall,10/07/2019,"{'Python': 3, 'Java': 1}","['Rational', 'Perfectionism', 'Curious']","['Competitive', 'Distracted', 'Selfish']",Yes,Yes,Yes,Pass,Data,10880
Evin De Roeck,17/07/2019,{'R': 1},"['Perfectionism', 'Patient', 'Creative']","['Anxious', 'Slow', 'Introverted']",Yes,Yes,Yes,Pass,Engineering,10881
Leopold Boichat,25/07/2019,{'C++': 4},['Critical Thinking'],"['Impatient', 'Slow', 'Selfish']",Yes,Yes,Yes,Pass,Engineering,10882
Nevil Penhaligon,24/07/2019,"{'R': 1, 'C++': 1}","['Creative', 'Problem Solving']","['Sensitive', 'Perfectionist', 'Overbearing']",Yes,Yes,Yes,Pass,Engineering,10883
Thorin Eskriet,10/07/2019,"{'R': 7, 'PHP': 1, 'C++': 3}","['Innovative', 'Patient']",['Impatient'],Yes,Yes,Yes,Fail,Business,10884
Kathy Capstack,18/07/2019,{'Java': 2},"['Organisation', 'Competitive', 'Reliable']","['Indifferent', 'Competitive']",Yes,Yes,Yes,Pass,Engineering,10885
Floris Rizzetti,11/07/2019,"{'R': 3, 'C++': 1}","['Altruism', 'Problem Solving', 'Versatile']","['Conventional', 'Indecisive', 'Stubborn']",Yes,Yes,Yes,Pass,Engineering,10886
Ollie Pinniger,09/07/2019,"{'C#': 1, 'Java': 3, 'Ruby': 6, 'PHP': 1, 'JavaScript': 6}",['Perfectionism'],"['Controlling', 'Stubborn']",Yes,Yes,Yes,Pass,Business,10887
Rancell Lill,18/07/2019,,"['Collaboration', 'Charisma', 'Critical Thinking']",['Competitive'],Yes,Yes,Yes,Pass,Engineering,10888
Van Chesshyre,09/07/2019,"{'C#': 2, 'Ruby': 4, 'PHP': 5}",['Independent'],"['Indecisive', 'Sensitive', 'Anxious']",Yes,Yes,Yes,Pass,Business,10889
Vivienne Blakelock,10/07/2019,{'SPSS': 3},"['Problem Solving', 'Patient']","['Slow', 'Chatty', 'Indecisive']",Yes,Yes,Yes,Pass,Business,10890
Brad Coleyshaw,30/07/2019,{'JavaScript': 1},"['Listening', 'Versatile']",['Anxious'],Yes,Yes,Yes,Pass,Engineering,10891
Adelaida Pirson,11/07/2019,"{'Python': 3, 'C++': 4, 'JavaScript': 6}","['Versatile', 'Reliable', 'Consistent']",['Undisciplined'],Yes,Yes,Yes,Pass,Data,10892
Alli Ludewig,16/07/2019,"{'C#': 3, 'R': 2, 'SPSS': 7, 'C++': 2}",['Courteous'],"['Passive', 'Overbearing', 'Sensitive']",Yes,Yes,Yes,Pass,Engineering,10893
Elnore Schwandner,16/07/2019,"{'Ruby': 5, 'PHP': 2}","['Composure', 'Competitive']","['Indecisive', 'Distracted']",Yes,Yes,Yes,Pass,Business,10894
Sandor Swatradge,18/07/2019,"{'R': 4, 'SPSS': 2, 'JavaScript': 3}","['Organisation', 'Problem Solving']","['Slow', 'Conventional']",Yes,Yes,Yes,Fail,Business,10895
Benjamin Chastand,31/07/2019,"{'C++': 2, 'JavaScript': 5}","['Creative', 'Patient', 'Composure']","['Conventional', 'Indecisive', 'Undisciplined']",Yes,Yes,Yes,Pass,Engineering,10896
Coleman Martynka,25/07/2019,"{'Python': 7, 'Java': 4, 'C++': 3, 'JavaScript': 2}","['Empathy', 'Collaboration']","['Impulsive', 'Immature', 'Selfish']",Yes,Yes,Yes,Pass,Data,10897
Alistair Scanes,23/07/2019,"{'Python': 4, 'C#': 2, 'Java': 4, 'R': 2, 'PHP': 1}",['Problem Solving'],['Controlling'],Yes,Yes,Yes,Pass,Engineering,10898
Gradeigh Hamblin,16/07/2019,"{'Python': 7, 'C#': 2, 'Ruby': 1, 'C++': 2, 'JavaScript': 5}","['Innovative', 'Altruism', 'Determined']","['Distracted', 'Selfish']",Yes,Yes,No,Fail,Engineering,10899
Clementine Greedier,24/07/2019,"{'Python': 3, 'Ruby': 5, 'C++': 2, 'JavaScript': 3}","['Collaboration', 'Efficient']",['Selfish'],Yes,Yes,Yes,Pass,Engineering,10900
Dyna Sange,04/07/2019,"{'C#': 1, 'Ruby': 6, 'R': 4, 'PHP': 3}",['Reliable'],"['Slow', 'Chatty', 'Introverted']",Yes,Yes,No,Fail,Engineering,10901
Aggie Remmers,30/07/2019,"{'C#': 1, 'SPSS': 5, 'C++': 3, 'JavaScript': 4}","['Composure', 'Reliable', 'Consistent']",['Overbearing'],Yes,Yes,Yes,Pass,Business,10902
Randie Klimashevich,10/07/2019,"{'Java': 1, 'PHP': 2}","['Consistent', 'Composure']",['Undisciplined'],Yes,Yes,Yes,Pass,Data,10903
Laird Grece,17/07/2019,"{'Python': 6, 'Java': 2, 'PHP': 1}","['Composure', 'Innovative']","['Conventional', 'Procrastination']",No,Yes,Yes,Fail,Engineering,10904
Abelard Cardenas,09/07/2019,"{'Java': 4, 'PHP': 1, 'JavaScript': 2}","['Courteous', 'Composure']","['Procrastination', 'Indecisive']",Yes,Yes,Yes,Fail,Business,10905
Maje Vallis,10/07/2019,"{'Java': 1, 'JavaScript': 1}",['Competitive'],['Impatient'],Yes,Yes,Yes,Pass,Engineering,10906
Thoma Bolesworth,04/07/2019,"{'Java': 3, 'JavaScript': 3}","['Courteous', 'Problem Solving', 'Rational']",['Competitive'],Yes,Yes,Yes,Pass,Data,10907
Kris Whaley,30/07/2019,"{'Python': 3, 'C++': 6}","['Altruism', 'Consistent']","['Slow', 'Indecisive']",No,Yes,Yes,Fail,Business,10908
Elsworth Bendtsen,31/07/2019,"{'C#': 2, 'Ruby': 6, 'JavaScript': 5}","['Determined', 'Charisma', 'Composure']","['Procrastination', 'Controlling']",Yes,Yes,Yes,Pass,Engineering,10909
Honor Huntall,02/07/2019,"{'Python': 2, 'Ruby': 2}","['Composure', 'Patient']",['Conventional'],Yes,Yes,Yes,Pass,Engineering,10910
Paulina Tear,17/07/2019,{'PHP': 3},"['Courteous', 'Rational', 'Creative']","['Intolerant', 'Anxious']",No,Yes,Yes,Fail,Business,10911
Kirsten Spelman,30/07/2019,"{'Python': 1, 'C++': 3}",['Composure'],"['Stubborn', 'Procrastination', 'Passive']",Yes,Yes,Yes,Pass,Data,10912
Yankee Northing,02/07/2019,"{'C#': 5, 'Java': 2, 'R': 3, 'C++': 1}","['Critical Thinking', 'Versatile']",['Controlling'],Yes,Yes,Yes,Pass,Data,10913
Noby Vacher,04/07/2019,"{'Ruby': 5, 'PHP': 1, 'JavaScript': 2}","['Composure', 'Collaboration', 'Versatile']",['Controlling'],Yes,Yes,No,Fail,Business,10914
Bevon Detoile,03/07/2019,"{'R': 4, 'C++': 4}","['Ambitious', 'Charisma']",['Indecisive'],Yes,Yes,Yes,Pass,Business,10915
Weylin Swatradge,03/07/2019,"{'Java': 2, 'Ruby': 4, 'R': 1}",['Patient'],['Impatient'],No,Yes,No,Fail,Business,10916
Berti Nayer,02/07/2019,"{'Python': 1, 'C#': 1, 'Java': 3, 'R': 5, 'PHP': 2}","['Creative', 'Consistent']",['Indifferent'],Yes,Yes,Yes,Pass,Data,10917
Adaline Durtnell,30/07/2019,"{'Python': 4, 'C#': 4, 'Java': 2, 'Ruby': 4, 'JavaScript': 1}","['Patient', 'Organisation', 'Efficient']",['Perfectionist'],Yes,No,No,Fail,Data,10918
Oralia Chaikovski,25/07/2019,{'Python': 3},"['Versatile', 'Courteous', 'Listening']","['Indifferent', 'Distracted', 'Chaotic']",No,Yes,Yes,Fail,Engineering,10919
Ester Mcterrelly,11/07/2019,"{'Python': 3, 'Java': 2, 'Ruby': 4, 'R': 4, 'SPSS': 3, 'PHP': 2, 'JavaScript': 3}",['Organisation'],"['Anxious', 'Indecisive', 'Passive']",No,Yes,Yes,Fail,Data,10920
Lee Bernocchi,03/07/2019,"{'Python': 4, 'C#': 2, 'SPSS': 2, 'C++': 2}","['Rational', 'Composure']","['Intolerant', 'Controlling']",Yes,No,Yes,Fail,Engineering,10921
Clarke Cradoc,25/07/2019,"{'Python': 3, 'Java': 1, 'Ruby': 3, 'PHP': 1}","['Critical Thinking', 'Organisation', 'Perfectionism']","['Perfectionist', 'Indifferent', 'Anxious']",Yes,Yes,Yes,Pass,Engineering,10922
Dun Kurth,09/07/2019,{'Java': 1},"['Listening', 'Courteous']","['Overbearing', 'Undisciplined']",Yes,Yes,No,Fail,Data,10923
Drusy Benny,02/07/2019,"{'Java': 4, 'Ruby': 3, 'C++': 4}",['Competitive'],"['Impulsive', 'Undisciplined']",Yes,Yes,Yes,Pass,Data,10924
Maxie Thairs,03/07/2019,"{'Ruby': 4, 'R': 2, 'PHP': 1, 'C++': 3, 'JavaScript': 3}",['Problem Solving'],['Critical'],No,Yes,No,Fail,Business,10925
Lurline Stirtle,11/07/2019,"{'R': 5, 'C++': 1}",['Ambitious'],"['Conventional', 'Intolerant', 'Chatty']",Yes,Yes,Yes,Pass,Business,10926
Marna Matskevich,30/07/2019,"{'Java': 2, 'SPSS': 3, 'C++': 4}",['Rational'],['Slow'],Yes,Yes,Yes,Pass,Business,10927
Ara Loggie,02/07/2019,"{'Java': 1, 'R': 4}","['Ambitious', 'Collaboration']",['Undisciplined'],Yes,Yes,Yes,Pass,Data,10928
Brewer Calderbank,16/07/2019,"{'Java': 3, 'PHP': 1, 'JavaScript': 2}","['Reliable', 'Rational', 'Charisma']","['Immature', 'Undisciplined', 'Perfectionist']",Yes,Yes,Yes,Pass,Engineering,10929
Eberhard Cattemull,30/07/2019,"{'Python': 1, 'C#': 1, 'Java': 4, 'C++': 4}","['Altruism', 'Composure']",['Selfish'],Yes,Yes,Yes,Pass,Data,10930
Tuesday Tasseler,09/07/2019,"{'Python': 3, 'R': 1}","['Charisma', 'Critical Thinking', 'Problem Solving']",['Overbearing'],Yes,Yes,Yes,Pass,Data,10931
Brodie Chipperfield,24/07/2019,"{'Python': 2, 'Ruby': 2, 'SPSS': 4, 'PHP': 1, 'C++': 4}","['Efficient', 'Competitive']","['Slow', 'Distracted']",Yes,Yes,Yes,Pass,Engineering,10932
Hill Tiplady,03/07/2019,{'C#': 3},['Patient'],['Procrastination'],No,Yes,Yes,Fail,Data,10933
Briggs Logsdail,18/07/2019,{'Java': 4},['Consistent'],['Impatient'],Yes,No,Yes,Fail,Data,10934
Adela Paley,23/07/2019,"{'Python': 2, 'Java': 4, 'Ruby': 3, 'SPSS': 2}","['Ambitious', 'Efficient', 'Versatile']",['Anxious'],Yes,Yes,Yes,Pass,Data,10935
Meyer Dobbison,30/07/2019,"{'Python': 1, 'C#': 2, 'Java': 5, 'Ruby': 3}","['Rational', 'Listening']","['Chaotic', 'Competitive']",Yes,Yes,No,Fail,Engineering,10936
Sherlocke Baselio,02/07/2019,"{'Ruby': 3, 'C++': 6, 'JavaScript': 2}","['Creative', 'Innovative', 'Collaboration']","['Controlling', 'Undisciplined']",Yes,Yes,Yes,Pass,Business,10937
Amalea Ughi,02/07/2019,"{'Ruby': 2, 'SPSS': 5, 'PHP': 1}","['Innovative', 'Altruism', 'Consistent']","['Introverted', 'Passive']",Yes,Yes,Yes,Pass,Business,10938
Julia Taile,02/07/2019,"{'Ruby': 4, 'PHP': 1}",['Consistent'],"['Procrastination', 'Conventional']",Yes,No,Yes,Fail,Business,10939
Eden Chattock,09/07/2019,"{'Python': 1, 'C++': 3}","['Listening', 'Composure']","['Impulsive', 'Undisciplined']",Yes,Yes,Yes,Pass,Engineering,10940
Rois Covey,25/07/2019,"{'C#': 6, 'Java': 2, 'Ruby': 3, 'R': 2, 'PHP': 1, 'C++': 4}","['Composure', 'Determined']","['Controlling', 'Competitive', 'Conventional']",Yes,Yes,Yes,Fail,Business,10941
Avictor Moorey,17/07/2019,"{'C#': 3, 'Java': 2, 'PHP': 2, 'C++': 4}","['Empathy', 'Versatile', 'Organisation']",['Slow'],Yes,No,Yes,Fail,Business,10942
Regina Calver,31/07/2019,"{'C#': 2, 'Ruby': 3, 'R': 2, 'C++': 3}","['Organisation', 'Curious']",['Sensitive'],Yes,Yes,Yes,Pass,Data,10943
Lonnard O'Neill,18/07/2019,"{'Java': 4, 'PHP': 2, 'C++': 1, 'JavaScript': 2}","['Charisma', 'Determined']","['Procrastination', 'Competitive']",Yes,Yes,Yes,Pass,Data,10944
Ardis Staniland,02/07/2019,"{'C#': 3, 'Ruby': 7, 'R': 3}",['Altruism'],['Chaotic'],Yes,Yes,No,Fail,Data,10945
Bill Pendlebury,18/07/2019,"{'Python': 5, 'C#': 6, 'R': 2, 'PHP': 3}",['Creative'],"['Chatty', 'Distracted', 'Impulsive']",Yes,Yes,No,Fail,Business,10946
Allyce Attwill,25/07/2019,"{'Java': 1, 'Ruby': 2, 'R': 3, 'PHP': 1}","['Rational', 'Competitive']","['Conventional', 'Slow', 'Anxious']",Yes,Yes,Yes,Pass,Engineering,10947
Belle Catherall,11/07/2019,"{'Python': 1, 'C#': 2, 'Java': 4, 'Ruby': 5, 'R': 4, 'C++': 7}","['Efficient', 'Patient']","['Chatty', 'Competitive']",Yes,Yes,Yes,Pass,Data,10948
Layne Mcaline,25/07/2019,"{'Python': 2, 'C#': 4, 'Java': 1, 'Ruby': 1, 'R': 5, 'SPSS': 1, 'JavaScript': 2}",['Rational'],"['Introverted', 'Perfectionist', 'Critical']",Yes,Yes,No,Fail,Business,10949
Ulrikaumeko Bowsher,16/07/2019,"{'C#': 3, 'R': 2, 'JavaScript': 7}","['Curious', 'Problem Solving']","['Chatty', 'Impatient', 'Controlling']",Yes,Yes,Yes,Pass,Data,10950
Lory Bruckman,11/07/2019,"{'C#': 3, 'Java': 2, 'SPSS': 4}","['Problem Solving', 'Creative', 'Versatile']","['Slow', 'Anxious']",Yes,Yes,Yes,Pass,Data,10951
Rufe Devon,11/07/2019,"{'C#': 3, 'PHP': 2, 'C++': 4}",['Consistent'],"['Controlling', 'Impatient', 'Critical']",Yes,Yes,Yes,Pass,Data,10952
Abbott Dodgshon,18/07/2019,"{'Java': 2, 'C++': 5}","['Innovative', 'Creative']","['Indifferent', 'Procrastination']",Yes,Yes,Yes,Pass,Engineering,10953
Antonie Coram,25/07/2019,"{'Python': 2, 'Java': 2, 'C++': 1, 'JavaScript': 3}","['Efficient', 'Reliable', 'Perfectionism']","['Chatty', 'Impatient']",Yes,Yes,Yes,Pass,Data,10954
Cinnamon Gilkison,09/07/2019,"{'Python': 2, 'PHP': 3, 'C++': 1, 'JavaScript': 2}",['Rational'],['Overbearing'],Yes,Yes,Yes,Fail,Business,10955
Dewitt Milborn,24/07/2019,{'SPSS': 1},['Independent'],"['Distracted', 'Perfectionist', 'Indecisive']",Yes,Yes,Yes,Pass,Data,10956
Claude Duran,02/07/2019,"{'Python': 1, 'C#': 5, 'SPSS': 1}",['Curious'],"['Immature', 'Impulsive']",Yes,No,Yes,Fail,Data,10957
Nadya Pineaux,23/07/2019,"{'C#': 3, 'Ruby': 3, 'R': 1, 'SPSS': 3}","['Ambitious', 'Altruism', 'Reliable']",['Indecisive'],Yes,Yes,Yes,Pass,Data,10958
Nani Measom,25/07/2019,"{'Ruby': 1, 'R': 1, 'SPSS': 1}","['Composure', 'Efficient']","['Passive', 'Conventional', 'Indecisive']",Yes,Yes,No,Fail,Data,10959
Ches Wahlberg,23/07/2019,"{'Ruby': 4, 'SPSS': 6, 'PHP': 2, 'C++': 1}",['Courteous'],"['Overbearing', 'Critical', 'Sensitive']",Yes,Yes,Yes,Pass,Engineering,10960
Zacherie Beswell,11/07/2019,"{'Ruby': 2, 'JavaScript': 1}","['Patient', 'Altruism', 'Creative']",['Sensitive'],Yes,Yes,Yes,Pass,Business,10961
Karla Windridge,31/07/2019,"{'C#': 2, 'C++': 2}",['Composure'],['Undisciplined'],Yes,No,Yes,Fail,Business,10962
Lannie Minister,31/07/2019,,"['Consistent', 'Independent', 'Curious']","['Indecisive', 'Anxious']",Yes,Yes,Yes,Pass,Data,10963
Andree Romeo,02/07/2019,{'Python': 1},['Collaboration'],"['Impatient', 'Anxious', 'Undisciplined']",Yes,Yes,Yes,Pass,Business,10964
Roch De Courcy,09/07/2019,"{'C#': 3, 'R': 2}","['Collaboration', 'Determined']",['Impulsive'],Yes,Yes,Yes,Pass,Data,10965
Maggie Dolden,11/07/2019,"{'Java': 1, 'Ruby': 3}","['Reliable', 'Consistent']","['Overbearing', 'Chatty', 'Anxious']",Yes,Yes,Yes,Pass,Data,10966
Gage Feveryear,11/07/2019,"{'SPSS': 4, 'PHP': 1, 'JavaScript': 2}",['Altruism'],"['Indecisive', 'Selfish', 'Chaotic']",Yes,Yes,Yes,Pass,Business,10967
Virginia Burdge,11/07/2019,{'R': 5},"['Passionate', 'Ambitious', 'Reliable']","['Chaotic', 'Conventional']",No,Yes,Yes,Fail,Engineering,10968
Melodee Crippen,04/07/2019,"{'Python': 3, 'Ruby': 2, 'R': 4, 'C++': 6}",['Versatile'],['Procrastination'],Yes,Yes,Yes,Pass,Business,10969
Raven Derx,24/07/2019,"{'Ruby': 4, 'SPSS': 5}","['Independent', 'Collaboration']","['Procrastination', 'Chatty']",Yes,No,Yes,Fail,Business,10970
Joseito Duiged,17//07/2019,,"['Composure', 'Patient', 'Charisma']",['Sensitive'],Yes,Yes,Yes,Pass,Business,10971
Merline Rickell,23/07/2019,"{'SPSS': 5, 'C++': 2}","['Problem Solving', 'Ambitious', 'Patient']","['Selfish', 'Conventional', 'Sensitive']",Yes,Yes,Yes,Pass,Engineering,10972
Vina Flott,16/07/2019,"{'Java': 3, 'JavaScript': 1}","['Ambitious', 'Consistent']","['Chaotic', 'Impatient', 'Indecisive']",Yes,Yes,No,Fail,Data,10973
Hastie Hantusch,17/07/2019,{'Ruby': 3},"['Reliable', 'Patient']","['Slow', 'Procrastination', 'Stubborn']",No,Yes,Yes,Fail,Engineering,10974
Ines Plaschke,24/07/2019,"{'C#': 5, 'JavaScript': 2}","['Innovative', 'Curious', 'Problem Solving']","['Chaotic', 'Impatient']",Yes,Yes,No,Fail,Data,10975
Burnaby Mackay,17/07/2019,"{'Python': 2, 'C#': 6, 'R': 1, 'SPSS': 7, 'PHP': 2}","['Rational', 'Reliable', 'Critical Thinking']","['Introverted', 'Chaotic']",Yes,Yes,Yes,Fail,Business,10976
Linc Ridgway,17/07/2019,{'SPSS': 1},"['Independent', 'Altruism']",['Impulsive'],Yes,No,Yes,Fail,Engineering,10977
Darcy Handrahan,09/07/2019,"{'C#': 4, 'Java': 4, 'C++': 3, 'JavaScript': 2}","['Competitive', 'Rational']","['Indecisive', 'Chatty']",Yes,Yes,No,Fail,Data,10978
Towny Povall,31/07/2019,"{'Python': 3, 'Java': 2, 'R': 2, 'SPSS': 7, 'C++': 2, 'JavaScript': 3}","['Altruism', 'Charisma']",['Slow'],Yes,No,Yes,Fail,Data,10979
Beauregard Hould,30/07/2019,{'Python': 7},['Consistent'],"['Indifferent', 'Sensitive']",Yes,Yes,Yes,Pass,Data,10980
Joletta Kalinowsky,31/07/2019,"{'Java': 4, 'Ruby': 2, 'PHP': 3, 'JavaScript': 4}",['Ambitious'],['Anxious'],Yes,Yes,Yes,Pass,Business,10981
Lock Ellerker,04/07/2019,"{'C#': 6, 'Java': 2, 'SPSS': 2, 'JavaScript': 7}","['Problem Solving', 'Listening']","['Procrastination', 'Impatient']",No,Yes,No,Fail,Data,10982
Freddie Samber,10/07/2019,"{'C#': 1, 'Java': 2, 'R': 3, 'SPSS': 3, 'JavaScript': 2}","['Ambitious', 'Patient']","['Conventional', 'Overbearing']",Yes,Yes,Yes,Pass,Data,10983
Arlette Pickles,11//07/2019,"{'Java': 3, 'JavaScript': 4}",['Listening'],"['Chaotic', 'Impatient', 'Indecisive']",Yes,Yes,No,Fail,Data,10984
Simonette Mawson,31/07/2019,"{'Python': 1, 'Ruby': 2, 'PHP': 3, 'C++': 2}",['Composure'],['Impatient'],Yes,Yes,Yes,Pass,Data,10985
Micheal Di Matteo,30/07/2019,"{'R': 2, 'SPSS': 5, 'JavaScript': 1}","['Problem Solving', 'Empathy', 'Altruism']","['Competitive', 'Slow']",Yes,Yes,Yes,Pass,Data,10986
Madeleine Brunicke,11/07/2019,"{'Python': 6, 'Java': 8, 'Ruby': 2, 'R': 2, 'SPSS': 3, 'C++': 3}",['Organisation'],"['Undisciplined', 'Chatty', 'Competitive']",Yes,Yes,No,Fail,Data,10987
Ashby Capener,18/07/2019,"{'Python': 2, 'Java': 5, 'R': 3, 'C++': 1}",['Independent'],['Impulsive'],Yes,Yes,Yes,Fail,Business,10988
Rachele Bracknell,18/07/2019,,"['Perfectionism', 'Independent']","['Indifferent', 'Procrastination']",Yes,Yes,Yes,Pass,Data,10989
Portia Farfalameev,16/07/2019,"{'Python': 1, 'Java': 3, 'Ruby': 1, 'C++': 5, 'JavaScript': 1}",['Competitive'],"['Introverted', 'Undisciplined', 'Impatient']",Yes,Yes,Yes,Pass,Business,10990
Grant Kilban,10/07/2019,"{'Python': 4, 'C#': 3, 'Java': 5, 'SPSS': 5, 'PHP': 2, 'C++': 3}","['Passionate', 'Ambitious']",['Conventional'],Yes,Yes,No,Fail,Business,10991
Sinclair Bonder,11/07/2019,"{'C#': 2, 'R': 1, 'SPSS': 3}",['Perfectionism'],['Anxious'],Yes,Yes,Yes,Pass,Engineering,10992
Harmonia Winspare,04/07/2019,"{'C#': 3, 'R': 4, 'SPSS': 2, 'JavaScript': 1}",['Problem Solving'],['Undisciplined'],Yes,Yes,Yes,Pass,Engineering,10993
Milly Ison,31/07/2019,"{'Python': 4, 'Ruby': 1}","['Composure', 'Empathy']","['Immature', 'Slow']",Yes,Yes,Yes,Pass,Engineering,10994
Evvy Allcock,25/07/2019,"{'Python': 3, 'C#': 2, 'Ruby': 3, 'R': 5, 'JavaScript': 2}","['Versatile', 'Perfectionism']",['Slow'],Yes,Yes,Yes,Pass,Engineering,10995
Con Haxley,31/07/2019,"{'Python': 3, 'C#': 4, 'Java': 2, 'PHP': 2, 'C++': 3}","['Determined', 'Problem Solving']","['Controlling', 'Immature', 'Perfectionist']",Yes,Yes,Yes,Pass,Data,10996
Bryanty Greenacre,31/07/2019,"{'Python': 3, 'Java': 1}",['Perfectionism'],['Procrastination'],Yes,Yes,Yes,Pass,Business,10997
Vivianne Shills,31/07/2019,"{'C#': 5, 'Java': 5, 'R': 4, 'JavaScript': 1}","['Problem Solving', 'Organisation']",['Indifferent'],Yes,Yes,Yes,Pass,Data,10998
Renado Bulfoot,31/07/2019,"{'Ruby': 2, 'R': 3, 'PHP': 2}",['Efficient'],['Perfectionist'],Yes,No,Yes,Fail,Engineering,10999
Sinclair Breissan,12/07/2019,"{'C#': 1, 'Java': 1, 'Ruby': 1, 'R': 1, 'SPSS': 3, 'PHP': 1, 'JavaScript': 5}","['Independent', 'Efficient']",['Anxious'],No,Yes,Yes,Fail,Engineering,11000
Conn Dobson,18/07/2019,"{'Java': 5, 'R': 5}",['Courteous'],"['Procrastination', 'Impulsive']",Yes,Yes,No,Fail,Business,11001
Nicolle Radford,04/07/2019,"{'Python': 2, 'Ruby': 3, 'C++': 4, 'JavaScript': 5}","['Versatile', 'Charisma']",['Intolerant'],Yes,Yes,Yes,Pass,Business,11002
Marquita Forrington,20/07/2019,"{'C#': 1, 'Ruby': 1}","['Organisation', 'Independent', 'Altruism']","['Stubborn', 'Controlling']",Yes,Yes,Yes,Pass,Data,11003
Ingaborg Pitblado,18/07/2019,"{'C#': 2, 'Ruby': 6, 'R': 5, 'SPSS': 7, 'PHP': 1}",['Ambitious'],"['Chatty', 'Anxious']",No,Yes,Yes,Fail,Business,11004
Bethanne Este,06/07/2019,"{'Python': 2, 'Java': 4, 'SPSS': 6, 'JavaScript': 3}","['Patient', 'Innovative']","['Indifferent', 'Competitive']",Yes,No,Yes,Fail,Business,11005
Ingelbert Clench,27/07/2019,"{'C#': 2, 'SPSS': 3, 'C++': 6}","['Critical Thinking', 'Creative', 'Courteous']","['Controlling', 'Overbearing']",Yes,Yes,Yes,Pass,Data,11006
Aura Louche,04/07/2019,"{'Python': 2, 'R': 2, 'SPSS': 3, 'C++': 2}","['Determined', 'Creative', 'Rational']",['Indifferent'],Yes,Yes,Yes,Pass,Data,11007
Cully Seward,05/07/2019,{'SPSS': 1},['Determined'],"['Undisciplined', 'Controlling', 'Critical']",Yes,No,Yes,Fail,Data,11008
Lenna Daulby,13/07/2019,"{'Python': 3, 'C#': 2, 'Ruby': 3, 'C++': 5}",['Composure'],"['Anxious', 'Slow', 'Controlling']",Yes,Yes,Yes,Pass,Engineering,11009
Billi Narraway,18/07/2019,"{'Python': 4, 'C#': 2, 'Java': 3, 'Ruby': 1}",['Independent'],"['Conventional', 'Selfish']",Yes,Yes,Yes,Fail,Engineering,11010
Aurelea Leason,25/07/2019,"{'Java': 6, 'Ruby': 2, 'SPSS': 1, 'PHP': 1}","['Creative', 'Independent', 'Organisation']","['Intolerant', 'Competitive', 'Chatty']",Yes,Yes,Yes,Pass,Data,11011
Lucius Buswell,04/07/2019,"{'Python': 5, 'Java': 2, 'SPSS': 2, 'PHP': 3}","['Perfectionism', 'Efficient', 'Creative']","['Anxious', 'Conventional', 'Intolerant']",Yes,Yes,Yes,Pass,Engineering,11012
Esdras Pires,13/07/2019,"{'Python': 5, 'Ruby': 1, 'R': 2, 'SPSS': 3, 'C++': 6, 'JavaScript': 1}",['Competitive'],['Passive'],Yes,No,Yes,Fail,Data,11013
Siouxie Rogan,11/07/2019,"{'Ruby': 5, 'PHP': 2}","['Organisation', 'Curious']",['Immature'],Yes,Yes,Yes,Pass,Engineering,11014
Marchall Pocklington,25/07/2019,"{'C#': 3, 'R': 3, 'SPSS': 3, 'PHP': 2, 'C++': 3, 'JavaScript': 1}","['Composure', 'Competitive', 'Independent']","['Indecisive', 'Conventional', 'Distracted']",Yes,Yes,Yes,Fail,Engineering,11015
Granthem Long,05/07/2019,"{'Python': 2, 'R': 2, 'PHP': 3, 'JavaScript': 2}",['Organisation'],"['Passive', 'Chaotic', 'Procrastination']",Yes,Yes,Yes,Pass,Engineering,11016
Charlean Balston,11/07/2019,"{'SPSS': 3, 'JavaScript': 3}","['Listening', 'Altruism', 'Competitive']",['Indecisive'],Yes,No,Yes,Fail,Data,11017
Jimmie Durker,06/07/2019,"{'SPSS': 3, 'PHP': 1}","['Listening', 'Ambitious']",['Perfectionist'],Yes,Yes,Yes,Pass,Engineering,11018
Jeanette Wankel,12/07/2019,"{'C#': 1, 'Ruby': 5, 'SPSS': 3, 'PHP': 3}",['Rational'],"['Introverted', 'Indifferent', 'Controlling']",Yes,Yes,Yes,Fail,Data,11019
Giulietta Dissman,25/07/2019,"{'C#': 6, 'C++': 1, 'JavaScript': 1}","['Passionate', 'Creative']",['Chaotic'],Yes,Yes,No,Fail,Data,11020
Joanna Thwaite,06/07/2019,{'Ruby': 2},"['Competitive', 'Collaboration', 'Problem Solving']","['Perfectionist', 'Impatient', 'Impulsive']",Yes,Yes,Yes,Pass,Business,11021
Salim Edmundson,13/07/2019,"{'Python': 1, 'C#': 2, 'Java': 3, 'PHP': 1}","['Listening', 'Independent']",['Controlling'],Yes,No,Yes,Fail,Data,11022
Jan Manilo,26/07/2019,"{'Python': 2, 'C#': 3, 'R': 4, 'JavaScript': 1}","['Competitive', 'Versatile', 'Determined']","['Chaotic', 'Overbearing']",Yes,Yes,Yes,Pass,Data,11023
Suzette Glander,20/07/2019,"{'Java': 3, 'C++': 5}","['Empathy', 'Creative', 'Patient']",['Sensitive'],Yes,Yes,Yes,Pass,Engineering,11024
Bambi See,04/07/2019,"{'Python': 2, 'C#': 1, 'Java': 2, 'JavaScript': 4}","['Composure', 'Consistent']","['Impatient', 'Undisciplined']",Yes,Yes,Yes,Pass,Business,11025
Ainslee Paice,18/07/2019,"{'R': 1, 'SPSS': 8}","['Collaboration', 'Charisma', 'Curious']","['Critical', 'Indifferent']",Yes,Yes,Yes,Fail,Engineering,11026
Fernanda Hendrich,06/07/2019,"{'SPSS': 2, 'PHP': 2, 'C++': 5, 'JavaScript': 4}","['Perfectionism', 'Courteous', 'Composure']","['Sensitive', 'Indifferent']",Yes,No,Yes,Fail,Engineering,11027
Virge Insole,20/07/2019,"{'C#': 3, 'Java': 4, 'Ruby': 5, 'SPSS': 2, 'PHP': 5, 'JavaScript': 4}","['Reliable', 'Critical Thinking']",['Chaotic'],Yes,No,Yes,Fail,Engineering,11028
Kathy Meeking,26/07/2019,"{'Python': 1, 'Java': 3}","['Curious', 'Versatile', 'Ambitious']","['Conventional', 'Intolerant', 'Sensitive']",Yes,Yes,Yes,Pass,Data,11029
Lind Ferebee,25/07/2019,{'Python': 4},['Independent'],"['Passive', 'Distracted', 'Perfectionist']",Yes,Yes,Yes,Pass,Business,11030
Aguie Morrad,27/07/2019,"{'Java': 3, 'Ruby': 3}","['Competitive', 'Rational', 'Reliable']",['Distracted'],Yes,Yes,Yes,Pass,Data,11031
Vania Ingray,13/07/2019,{'C#': 1},['Courteous'],"['Distracted', 'Indifferent', 'Chaotic']",Yes,Yes,Yes,Pass,Business,11032
Ola Robelet,19/07/2019,"{'Ruby': 1, 'R': 3, 'SPSS': 1}","['Ambitious', 'Rational', 'Consistent']","['Impatient', 'Overbearing', 'Procrastination']",Yes,Yes,No,Fail,Data,11033
Leoline Stelli,19/07/2019,"{'Ruby': 3, 'R': 2}","['Determined', 'Patient']",['Impulsive'],Yes,No,Yes,Fail,Data,11034
Malia Checcucci,25/07/2019,"{'Python': 5, 'Java': 4, 'R': 2, 'SPSS': 1, 'PHP': 3}","['Perfectionism', 'Versatile']","['Sensitive', 'Perfectionist', 'Distracted']",Yes,Yes,Yes,Pass,Business,11035
Antoni Caney,11/07/2019,"{'Python': 1, 'Java': 2, 'Ruby': 4, 'SPSS': 2, 'C++': 2}",['Competitive'],"['Critical', 'Sensitive', 'Indifferent']",Yes,Yes,Yes,Pass,Business,11036
Alanah Matfin,27/07/2019,"{'C#': 3, 'Java': 4, 'SPSS': 3, 'PHP': 2}",['Organisation'],"['Critical', 'Chaotic', 'Stubborn']",Yes,Yes,Yes,Pass,Business,11037
Nickolaus Jeacocke,06/07/2019,"{'Java': 5, 'R': 3}",['Reliable'],"['Anxious', 'Undisciplined', 'Conventional']",Yes,Yes,Yes,Pass,Data,11038
Briano Nissle,13/07/2019,"{'C#': 3, 'Java': 2, 'SPSS': 2, 'PHP': 1, 'C++': 3}",['Consistent'],['Controlling'],Yes,Yes,Yes,Pass,Business,11039
Temple Plumridege,20/07/2019,{'SPSS': 3},['Composure'],"['Indifferent', 'Indecisive']",Yes,Yes,Yes,Pass,Business,11040
Adeline Ordidge,19/07/2019,"{'Python': 4, 'C#': 4, 'R': 4, 'SPSS': 2, 'PHP': 1}","['Empathy', 'Rational', 'Reliable']",['Procrastination'],Yes,No,Yes,Fail,Data,11041
Stanleigh Huson,19/07/2019,"{'Java': 1, 'C++': 3}","['Rational', 'Determined', 'Independent']","['Undisciplined', 'Impulsive', 'Chatty']",Yes,Yes,Yes,Pass,Engineering,11042
Lyell Sandell,06/07/2019,"{'Python': 4, 'C#': 3, 'R': 4, 'C++': 1}",['Consistent'],"['Chaotic', 'Procrastination', 'Selfish']",Yes,Yes,Yes,Pass,Engineering,11043
Putnem Ericsson,18/07/2019,"{'Python': 4, 'Java': 2, 'Ruby': 3, 'R': 1, 'PHP': 2, 'C++': 3}","['Versatile', 'Ambitious']","['Indecisive', 'Passive']",Yes,Yes,Yes,Fail,Engineering,11044
Dodie Mcgowran,27/07/2019,"{'Python': 2, 'Java': 7, 'Ruby': 7, 'JavaScript': 1}","['Versatile', 'Critical Thinking']",['Slow'],Yes,Yes,Yes,Pass,Engineering,11045
Freddie Ludlam,05/07/2019,"{'Python': 2, 'C#': 5, 'SPSS': 5, 'PHP': 2}",['Curious'],"['Impatient', 'Introverted']",Yes,No,Yes,Fail,Data,11046
Fancie Coster,25/07/2019,"{'Python': 1, 'C#': 2, 'PHP': 3}","['Reliable', 'Ambitious', 'Curious']",['Impatient'],Yes,Yes,Yes,Pass,Business,11047
Abran Odams,12/07/2019,"{'PHP': 4, 'C++': 5, 'JavaScript': 5}","['Perfectionism', 'Ambitious', 'Innovative']","['Intolerant', 'Anxious', 'Critical']",No,No,Yes,Fail,Engineering,11048
Brod Blunden,18/07/2019,"{'Python': 2, 'C++': 2}",['Passionate'],"['Controlling', 'Impulsive']",Yes,Yes,Yes,Pass,Business,11049
Shel Bolzen,25/07/2019,"{'Python': 1, 'Ruby': 2, 'R': 5}","['Empathy', 'Perfectionism', 'Consistent']","['Indecisive', 'Conventional', 'Slow']",Yes,Yes,Yes,Pass,Data,11050
Matilda Mattiessen,25/07/2019,"{'C#': 5, 'SPSS': 1}","['Charisma', 'Independent', 'Patient']","['Perfectionist', 'Overbearing']",Yes,Yes,Yes,Pass,Data,11051
Georgette Giacomo,18/07/2019,{'JavaScript': 1},"['Organisation', 'Charisma']","['Slow', 'Stubborn']",Yes,Yes,Yes,Pass,Engineering,11052
Hanni Katt,20/07/2019,"{'Java': 2, 'R': 3, 'C++': 3}","['Perfectionism', 'Charisma']",['Controlling'],Yes,Yes,Yes,Pass,Business,11053
Jeanne Brayne,12/07/2019,"{'Python': 3, 'C#': 5, 'Java': 9, 'R': 3, 'PHP': 2}","['Listening', 'Collaboration']",['Passive'],Yes,Yes,Yes,Pass,Business,11054
Joana Frawley,04/07/2019,"{'Python': 3, 'R': 4, 'PHP': 4, 'C++': 2}",['Problem Solving'],['Indifferent'],Yes,Yes,Yes,Pass,Business,11055
Kingston Comsty,06/07/2019,"{'C#': 2, 'Java': 2, 'SPSS': 2}","['Reliable', 'Problem Solving', 'Innovative']","['Impatient', 'Competitive', 'Stubborn']",Yes,Yes,Yes,Pass,Data,11056
York Sygroves,18/07/2019,"{'Python': 4, 'Java': 2, 'PHP': 3, 'JavaScript': 3}",['Patient'],"['Critical', 'Competitive', 'Anxious']",Yes,No,Yes,Fail,Business,11057
Camel Miguet,12/07/2019,{'C#': 4},['Critical Thinking'],"['Procrastination', 'Passive']",Yes,Yes,Yes,Pass,Business,11058
Vina Fodden,20/07/2019,"{'Python': 1, 'Java': 4, 'Ruby': 2, 'PHP': 1}","['Consistent', 'Competitive']","['Immature', 'Controlling']",Yes,Yes,Yes,Fail,Engineering,11059
Sawyere Paskell,05/07/2019,"{'C#': 3, 'Java': 3, 'R': 1, 'SPSS': 1, 'PHP': 3}","['Organisation', 'Problem Solving', 'Collaboration']","['Passive', 'Undisciplined', 'Immature']",Yes,Yes,Yes,Pass,Engineering,11060
Zeb Tippings,12/07/2019,"{'R': 2, 'JavaScript': 3}","['Altruism', 'Competitive']","['Impatient', 'Anxious']",Yes,Yes,Yes,Pass,Engineering,11061
Nil Iacovo,18/07/2019,"{'Java': 1, 'PHP': 2, 'C++': 2}","['Independent', 'Collaboration']","['Sensitive', 'Indecisive', 'Procrastination']",Yes,Yes,Yes,Fail,Business,11062
Aurora Jimson,27/07/2019,"{'C#': 5, 'Ruby': 1, 'R': 1, 'JavaScript': 2}","['Versatile', 'Curious', 'Organisation']",['Distracted'],Yes,Yes,Yes,Pass,Engineering,11063
Helena Swire,18/07/2019,"{'Python': 3, 'C++': 1, 'JavaScript': 2}","['Listening', 'Problem Solving']","['Chaotic', 'Indecisive']",Yes,Yes,Yes,Pass,Business,11064
Francklin Warrington,25/07/2019,"{'Java': 6, 'Ruby': 4, 'C++': 3, 'JavaScript': 5}","['Altruism', 'Listening']","['Impulsive', 'Critical']",Yes,Yes,Yes,Pass,Data,11065
Dorene Franschini,12/07/2019,"{'C#': 3, 'C++': 2}","['Creative', 'Determined', 'Altruism']","['Slow', 'Overbearing']",Yes,Yes,Yes,Pass,Data,11066
Diana Webby,11/07/2019,"{'Java': 1, 'Ruby': 1, 'SPSS': 3, 'C++': 3}","['Courteous', 'Listening']","['Intolerant', 'Introverted']",No,Yes,Yes,Fail,Business,11067
Ginevra Paice,18/07/2019,"{'Python': 2, 'R': 4, 'SPSS': 4, 'C++': 1}",['Independent'],"['Impatient', 'Selfish', 'Undisciplined']",Yes,No,Yes,Fail,Data,11068
Chane Wetwood,18/07/2019,{'Java': 4},"['Rational', 'Reliable', 'Passionate']","['Impatient', 'Introverted', 'Undisciplined']",Yes,Yes,Yes,Pass,Engineering,11069
Barbra Polleye,18/07/2019,"{'C#': 4, 'Ruby': 3}","['Perfectionism', 'Determined']","['Anxious', 'Slow', 'Distracted']",Yes,Yes,Yes,Pass,Business,11070
Shelbi Waddingham,18/07/2019,"{'Ruby': 1, 'PHP': 5}",['Competitive'],"['Slow', 'Indecisive']",Yes,Yes,Yes,Pass,Engineering,11071
Lenora Gannicott,19/07/2019,"{'Ruby': 1, 'C++': 1, 'JavaScript': 1}",['Organisation'],"['Perfectionist', 'Procrastination']",Yes,Yes,No,Fail,Engineering,11072
Aindrea Normanvill,18/07/2019,"{'C#': 5, 'SPSS': 2, 'PHP': 1, 'C++': 5}","['Collaboration', 'Courteous', 'Versatile']","['Slow', 'Introverted']",Yes,Yes,Yes,Pass,Business,11073
Annamaria Redhole,26/07/2019,"{'C#': 3, 'Ruby': 3, 'PHP': 4}","['Rational', 'Versatile', 'Charisma']","['Anxious', 'Chatty']",Yes,No,Yes,Fail,Engineering,11074
Sarah Magor,20/07/2019,"{'C#': 2, 'R': 5, 'JavaScript': 2}",['Critical Thinking'],['Overbearing'],Yes,Yes,Yes,Pass,Engineering,11075
Zacharie Bann,27/07/2019,"{'C#': 4, 'Ruby': 2, 'PHP': 1, 'JavaScript': 1}",['Problem Solving'],"['Intolerant', 'Controlling', 'Indifferent']",Yes,Yes,Yes,Pass,Data,11076
Vernon Curl,04/07/2019,"{'Java': 2, 'SPSS': 2, 'PHP': 1, 'JavaScript': 2}","['Determined', 'Reliable', 'Creative']","['Overbearing', 'Undisciplined', 'Impatient']",Yes,Yes,Yes,Pass,Data,11077
Savina Phythien,27/07/2019,"{'C#': 4, 'Java': 3, 'Ruby': 1, 'PHP': 4, 'JavaScript': 2}","['Collaboration', 'Competitive', 'Rational']","['Introverted', 'Impatient', 'Passive']",Yes,Yes,Yes,Pass,Data,11078
Cleveland Vasyukhin,19/07/2019,"{'Python': 1, 'Java': 2, 'Ruby': 5, 'R': 2}","['Determined', 'Independent', 'Versatile']","['Conventional', 'Intolerant', 'Sensitive']",Yes,Yes,Yes,Pass,Data,11079
Katherina Bowton,26/07/2019,"{'C#': 6, 'JavaScript': 1}",['Empathy'],['Overbearing'],Yes,No,Yes,Fail,Business,11080
Giustina Catford,06/07/2019,"{'C#': 5, 'Java': 2}","['Patient', 'Listening']","['Impatient', 'Procrastination']",Yes,Yes,Yes,Pass,Engineering,11081
Fidel Norval,19/07/2019,{'SPSS': 4},"['Innovative', 'Determined']","['Selfish', 'Controlling', 'Introverted']",No,Yes,Yes,Fail,Engineering,11082
Fidel Norval,19/07/2019,{'SPSS': 4},"['Innovative', 'Determined']","['Selfish', 'Controlling', 'Introverted']",No,Yes,Yes,Fail,Engineering,11083
Kim Bester,26/07/2019,"{'Python': 4, 'C#': 3, 'Java': 3, 'Ruby': 1, 'R': 2, 'PHP': 1, 'C++': 4, 'JavaScript': 2}",['Empathy'],"['Stubborn', 'Chatty']",Yes,Yes,Yes,Fail,Engineering,11084
Nomi Verne,05/07/2019,"{'Java': 1, 'SPSS': 3, 'C++': 2, 'JavaScript': 4}",['Ambitious'],"['Passive', 'Immature']",Yes,Yes,Yes,Pass,Data,11085
Verla Di Antonio,05/07/2019,"{'C#': 1, 'Java': 1, 'Ruby': 1, 'SPSS': 6, 'C++': 7}","['Problem Solving', 'Composure', 'Collaboration']","['Sensitive', 'Undisciplined']",Yes,Yes,Yes,Pass,Business,11086
Cherrita Allchorne,26/07/2019,"{'Java': 2, 'Ruby': 2, 'R': 6, 'PHP': 1}","['Problem Solving', 'Competitive', 'Rational']",['Intolerant'],No,Yes,Yes,Fail,Engineering,11087
Charmain Diben,12/07/2019,"{'Python': 4, 'C#': 3, 'R': 2, 'SPSS': 4, 'C++': 7}",['Composure'],"['Stubborn', 'Critical']",Yes,Yes,Yes,Pass,Engineering,11088
Hulda Bales,25/07/2019,"{'Python': 4, 'Java': 2, 'PHP': 2, 'C++': 1}",['Composure'],"['Distracted', 'Impatient']",No,Yes,Yes,Fail,Data,11089
Bunny Barns,13/07/2019,"{'C#': 6, 'SPSS': 1}",['Perfectionism'],"['Critical', 'Indecisive', 'Procrastination']",Yes,Yes,Yes,Pass,Engineering,11090
Malvina Whiteford,11/07/2019,"{'C#': 2, 'Java': 1, 'PHP': 4, 'C++': 4, 'JavaScript': 4}","['Organisation', 'Consistent', 'Determined']",['Selfish'],Yes,Yes,Yes,Pass,Data,11091
Elsie Fursland,04/07/2019,"{'Java': 4, 'PHP': 2, 'C++': 6}","['Organisation', 'Passionate', 'Patient']","['Competitive', 'Conventional', 'Selfish']",Yes,Yes,Yes,Pass,Business,11092
Ebeneser Handy,05/07/2019,"{'Python': 5, 'C#': 1, 'Java': 3, 'Ruby': 5, 'PHP': 1, 'JavaScript': 2}","['Determined', 'Ambitious']",['Overbearing'],Yes,Yes,Yes,Pass,Data,11093
Marvin Gorger,19/07/2019,"{'Python': 3, 'Ruby': 5, 'R': 2, 'SPSS': 3, 'C++': 2, 'JavaScript': 1}",['Innovative'],"['Anxious', 'Introverted', 'Procrastination']",Yes,Yes,Yes,Pass,Business,11094
Rosalinde Smallshaw,19/07/2019,"{'Ruby': 5, 'R': 4, 'C++': 4, 'JavaScript': 2}",['Critical Thinking'],"['Impatient', 'Passive']",Yes,Yes,Yes,Pass,Engineering,11095
Rosalinda Frizzell,26/07/2019,"{'Python': 1, 'PHP': 1}","['Reliable', 'Organisation']","['Distracted', 'Conventional', 'Immature']",Yes,Yes,Yes,Fail,Business,11096
Wade Friedenbach,04/07/2019,"{'Ruby': 4, 'SPSS': 1, 'PHP': 2}","['Problem Solving', 'Empathy']",['Indifferent'],Yes,Yes,Yes,Pass,Engineering,11097
Guido Lassells,13/07/2019,"{'R': 5, 'PHP': 1, 'C++': 4}","['Innovative', 'Courteous', 'Consistent']","['Passive', 'Competitive']",Yes,Yes,Yes,Pass,Business,11098
Shelden Sheraton,20/07/2019,"{'C#': 1, 'Ruby': 3, 'C++': 1}","['Reliable', 'Versatile', 'Determined']","['Selfish', 'Competitive']",No,Yes,Yes,Fail,Data,11099
Kacey Smurthwaite,27/07/2019,"{'Java': 4, 'Ruby': 5, 'C++': 3}",['Rational'],['Indifferent'],Yes,Yes,Yes,Pass,Engineering,11100
Audrye Walkingshaw,13/07/2019,"{'R': 2, 'SPSS': 1}","['Reliable', 'Critical Thinking']","['Distracted', 'Chatty']",Yes,Yes,Yes,Pass,Business,11101
Selle Mckeowon,20/07/2019,"{'C#': 3, 'Java': 3, 'Ruby': 4, 'SPSS': 5, 'JavaScript': 8}","['Passionate', 'Creative']","['Distracted', 'Introverted']",Yes,Yes,Yes,Pass,Data,11102
Bird Hatfield,20/07/2019,"{'C#': 1, 'Java': 6, 'Ruby': 6, 'PHP': 4}","['Curious', 'Ambitious']",['Chatty'],Yes,Yes,Yes,Pass,Engineering,11103
Briant Pope,26/07/2019,"{'C#': 6, 'Ruby': 2, 'JavaScript': 7}","['Efficient', 'Competitive']","['Impatient', 'Controlling', 'Critical']",Yes,Yes,Yes,Fail,Data,11104
Vladamir Waddams,04/07/2019,"{'Python': 2, 'C#': 1, 'JavaScript': 3}","['Organisation', 'Consistent', 'Ambitious']",['Sensitive'],Yes,Yes,Yes,Pass,Business,11105
Jecho Rousel,05//07/2019,"{'Python': 2, 'Java': 3}",['Organisation'],"['Introverted', 'Impatient', 'Distracted']",Yes,Yes,Yes,Pass,Engineering,11106
Ronda Budcock,04/07/2019,"{'Ruby': 2, 'JavaScript': 3}",['Ambitious'],['Controlling'],Yes,Yes,Yes,Pass,Business,11107
Lexine Rapson,18/07/2019,"{'SPSS': 4, 'PHP': 4}","['Courteous', 'Creative', 'Versatile']","['Competitive', 'Selfish', 'Immature']",Yes,Yes,No,Fail,Business,11108
Osbourne Witherdon,27/07/2019,"{'Python': 2, 'Java': 2}",['Organisation'],['Conventional'],Yes,Yes,Yes,Pass,Engineering,11109
Cati Dumphries,18/07/2019,{'C#': 3},"['Consistent', 'Rational', 'Critical Thinking']","['Conventional', 'Controlling']",Yes,Yes,Yes,Pass,Data,11110
Jayne Andriveau,11/07/2019,{'Ruby': 6},"['Curious', 'Empathy', 'Determined']","['Sensitive', 'Intolerant', 'Immature']",Yes,No,Yes,Fail,Business,11111
Elliot Sarsfield,06/07/2019,"{'Python': 4, 'C#': 2, 'Java': 6, 'Ruby': 2, 'PHP': 4}",['Problem Solving'],"['Immature', 'Perfectionist', 'Introverted']",Yes,Yes,Yes,Pass,Engineering,11112
Tate Coade,06/07/2019,"{'SPSS': 4, 'C++': 4, 'JavaScript': 3}","['Rational', 'Empathy', 'Critical Thinking']","['Impulsive', 'Introverted']",Yes,Yes,Yes,Fail,Data,11113
Emeline Whistance,20/07/2019,"{'Java': 3, 'SPSS': 6, 'PHP': 5}","['Altruism', 'Innovative', 'Competitive']",['Distracted'],Yes,Yes,Yes,Pass,Data,11114
Conrad Chadney,06/07/2019,"{'Java': 2, 'Ruby': 8, 'SPSS': 4}","['Listening', 'Altruism', 'Passionate']","['Impulsive', 'Intolerant', 'Procrastination']",No,Yes,Yes,Fail,Business,11115
Staffard Load,13/07/2019,"{'Ruby': 3, 'R': 7, 'PHP': 3, 'JavaScript': 3}","['Composure', 'Perfectionism']",['Conventional'],Yes,Yes,Yes,Pass,Data,11116
Fraser Hurnell,04/07/2019,"{'Python': 2, 'R': 2, 'JavaScript': 2}","['Innovative', 'Consistent']",['Distracted'],Yes,Yes,Yes,Pass,Business,11117
Worthington Richford,11/07/2019,{'Java': 2},"['Charisma', 'Collaboration', 'Problem Solving']",['Passive'],Yes,Yes,Yes,Pass,Engineering,11118
Robenia Landor,27/07/2019,"{'Python': 4, 'C#': 3, 'R': 4, 'SPSS': 2, 'C++': 4}","['Competitive', 'Versatile']",['Undisciplined'],Yes,Yes,Yes,Pass,Engineering,11119
Claudio Handrick,05/07/2019,{'PHP': 1},"['Composure', 'Organisation']","['Undisciplined', 'Controlling']",Yes,Yes,Yes,Pass,Data,11120
Nevil Rickerby,06/07/2019,"{'Python': 5, 'C#': 2}",['Determined'],"['Controlling', 'Overbearing', 'Intolerant']",Yes,Yes,Yes,Pass,Data,11121
Prescott Alfuso,25/07/2019,"{'C#': 2, 'Java': 8, 'SPSS': 2, 'PHP': 1}","['Patient', 'Consistent']",['Intolerant'],Yes,Yes,Yes,Pass,Engineering,11122
Herold Prudham,06/07/2019,"{'Python': 3, 'Java': 1, 'R': 4, 'JavaScript': 2}","['Patient', 'Independent', 'Curious']","['Conventional', 'Indecisive']",Yes,Yes,Yes,Pass,Data,11123
Shermy Swancock,19/07/2019,"{'Python': 6, 'Java': 5, 'R': 1, 'C++': 6}","['Innovative', 'Listening']","['Controlling', 'Anxious', 'Competitive']",Yes,Yes,Yes,Pass,Business,11124
Terrell Orridge,18/07/2019,"{'Java': 3, 'R': 4, 'C++': 3, 'JavaScript': 6}","['Creative', 'Innovative', 'Determined']","['Controlling', 'Slow', 'Impulsive']",Yes,Yes,Yes,Pass,Engineering,11125
Donalt Julyan,11/07/2019,"{'Ruby': 3, 'R': 2, 'SPSS': 2, 'JavaScript': 1}","['Listening', 'Creative', 'Efficient']",['Immature'],Yes,Yes,Yes,Pass,Engineering,11126
Dev Mcpherson,11/07/2019,"{'Python': 5, 'Ruby': 3}",['Independent'],['Indecisive'],No,Yes,Yes,Fail,Data,11127
Muhammad Percy,12/07/2019,"{'Python': 4, 'R': 1, 'C++': 4}","['Curious', 'Perfectionism']",['Conventional'],Yes,Yes,Yes,Fail,Engineering,11128
Judie Lowy,25/07/2019,"{'PHP': 1, 'C++': 3}","['Collaboration', 'Determined', 'Independent']",['Impatient'],Yes,Yes,Yes,Pass,Engineering,11129
Tadio Goullee,20/07/2019,"{'Python': 1, 'C#': 3, 'Java': 4, 'Ruby': 1, 'SPSS': 1}",['Patient'],['Procrastination'],Yes,Yes,Yes,Pass,Engineering,11130
Katalin Redley,04/07/2019,"{'C#': 1, 'Ruby': 2, 'PHP': 2}","['Critical Thinking', 'Determined', 'Curious']","['Impulsive', 'Undisciplined', 'Distracted']",Yes,Yes,Yes,Pass,Business,11131
Lea Normington,26/07/2019,"{'Java': 2, 'Ruby': 6}","['Creative', 'Independent', 'Reliable']","['Chatty', 'Passive']",Yes,Yes,Yes,Pass,Business,11132
Cornelia Artist,18/07/2019,"{'Python': 5, 'SPSS': 5, 'PHP': 3}","['Listening', 'Empathy']","['Overbearing', 'Slow']",Yes,Yes,Yes,Pass,Business,11133
Vincenty Roubay,11/07/2019,{'C++': 7},['Passionate'],"['Indecisive', 'Competitive']",Yes,Yes,Yes,Pass,Engineering,11134
Phineas Filshin,12/07/2019,"{'Python': 2, 'C#': 3, 'Ruby': 6, 'C++': 4}","['Ambitious', 'Consistent', 'Passionate']",['Procrastination'],Yes,Yes,Yes,Pass,Engineering,11135
Wilona Crean,26/07/2019,"{'Python': 5, 'Java': 4, 'SPSS': 1, 'C++': 4, 'JavaScript': 2}","['Patient', 'Ambitious']","['Controlling', 'Indecisive']",No,Yes,No,Fail,Engineering,11136
Carlynne Keal,26/07/2019,"{'Python': 3, 'C#': 2, 'Java': 3, 'PHP': 2}","['Altruism', 'Independent']","['Distracted', 'Procrastination']",Yes,Yes,Yes,Pass,Data,11137
Westbrook Paynton,12/07/2019,"{'C#': 1, 'R': 3}","['Problem Solving', 'Innovative', 'Listening']","['Anxious', 'Distracted', 'Passive']",Yes,Yes,Yes,Pass,Engineering,11138
Corby Mccambridge,06/07/2019,"{'R': 2, 'PHP': 1, 'C++': 6}",['Empathy'],"['Indecisive', 'Critical', 'Selfish']",Yes,Yes,Yes,Pass,Business,11139
Melamie Keers,11/07/2019,"{'Python': 3, 'C#': 5, 'Java': 5, 'Ruby': 4, 'R': 3, 'JavaScript': 2}","['Rational', 'Reliable', 'Competitive']","['Selfish', 'Chaotic', 'Controlling']",Yes,Yes,Yes,Pass,Business,11140
Marillin Rosendall,05/07/2019,"{'Python': 4, 'C#': 4, 'C++': 4, 'JavaScript': 8}",['Empathy'],"['Selfish', 'Conventional']",Yes,Yes,Yes,Pass,Engineering,11141
Keen Bentham3,19/07/2019,"{'Python': 5, 'C#': 7, 'R': 2}","['Courteous', 'Efficient', 'Problem Solving']",['Critical'],Yes,Yes,Yes,Pass,Data,11142
Homere Stentiford,25//07/2019,"{'C#': 4, 'Java': 3, 'R': 1, 'SPSS': 2}",['Ambitious'],"['Slow', 'Critical', 'Indifferent']",Yes,Yes,Yes,Pass,Engineering,11143
Muhammad Linn,18/07/2019,"{'Python': 4, 'Ruby': 1, 'SPSS': 2, 'PHP': 2, 'JavaScript': 4}","['Composure', 'Courteous']","['Indifferent', 'Impulsive']",Yes,Yes,Yes,Pass,Data,11144
Barbette Sorton,27/07/2019,"{'R': 3, 'C++': 3, 'JavaScript': 2}",['Consistent'],"['Immature', 'Impatient']",Yes,Yes,Yes,Pass,Engineering,11145
Bax Sweetman,26/07/2019,"{'C#': 3, 'Java': 1, 'R': 5, 'SPSS': 3, 'C++': 3, 'JavaScript': 3}",['Creative'],"['Conventional', 'Immature', 'Critical']",Yes,Yes,Yes,Pass,Engineering,11146
Ambrosi Carnow,04/07/2019,"{'Python': 2, 'C#': 3, 'PHP': 2, 'C++': 1}","['Reliable', 'Perfectionism', 'Ambitious']",['Indifferent'],Yes,No,Yes,Fail,Business,11147
Kellen Bentick,25/07/2019,"{'SPSS': 2, 'C++': 1}","['Organisation', 'Reliable', 'Creative']","['Chatty', 'Chaotic']",Yes,Yes,Yes,Pass,Data,11148
Fleming Taillard,20/07/2019,"{'Java': 3, 'SPSS': 6, 'PHP': 2}",['Reliable'],['Chaotic'],Yes,Yes,Yes,Pass,Business,11149
Elicia Broggio,18/07/2019,{'R': 7},['Listening'],['Passive'],No,Yes,Yes,Fail,Data,11150
Paxton Mcginlay,25/07/2019,"{'Java': 5, 'R': 4, 'SPSS': 5, 'JavaScript': 3}",['Versatile'],"['Competitive', 'Conventional']",Yes,No,Yes,Fail,Business,11151
Abbott Yea,12/07/2019,"{'C#': 2, 'Ruby': 4, 'SPSS': 1, 'C++': 5, 'JavaScript': 2}","['Innovative', 'Creative']",['Anxious'],Yes,Yes,Yes,Pass,Data,11152
Doy Tams,11/07/2019,"{'Java': 3, 'Ruby': 1, 'R': 1, 'C++': 4}","['Composure', 'Empathy', 'Courteous']","['Impulsive', 'Procrastination']",Yes,Yes,No,Fail,Data,11153
Jon Raikes,04/07/2019,"{'Python': 1, 'Ruby': 2, 'R': 2, 'SPSS': 3, 'C++': 3, 'JavaScript': 2}",['Altruism'],['Selfish'],Yes,Yes,Yes,Pass,Engineering,11154
Myrvyn Sutherns,06/07/2019,"{'Python': 1, 'Java': 3, 'Ruby': 4, 'C++': 6}",['Collaboration'],"['Chaotic', 'Critical']",Yes,Yes,Yes,Fail,Business,11155
Adler Wingatt,18/07/2019,"{'Ruby': 2, 'R': 4, 'JavaScript': 2}","['Courteous', 'Problem Solving']",['Indifferent'],Yes,Yes,Yes,Pass,Business,11156
Dermot Gunthorp,20/07/2019,,"['Collaboration', 'Composure']","['Anxious', 'Controlling']",No,Yes,Yes,Fail,Business,11157
Gavan Soltan,05/07/2019,"{'Python': 3, 'R': 4, 'SPSS': 1}","['Efficient', 'Empathy', 'Curious']",['Controlling'],Yes,Yes,No,Fail,Engineering,11158
Gavan Soltan,05/07/2019,"{'Python': 3, 'R': 4, 'SPSS': 1}","['Efficient', 'Empathy', 'Curious']",['Controlling'],Yes,Yes,No,Fail,Engineering,11159
Jamima Sturgess,26/07/2019,"{'C++': 5, 'JavaScript': 3}",['Consistent'],"['Undisciplined', 'Impatient', 'Conventional']",Yes,Yes,Yes,Fail,Business,11160
Athene Bozworth,06/07/2019,{'Python': 3},"['Curious', 'Versatile']","['Selfish', 'Impatient', 'Chaotic']",Yes,Yes,Yes,Pass,Business,11161
Opaline Gammon,12/07/2019,"{'Python': 1, 'C#': 4, 'Ruby': 5, 'R': 4, 'C++': 2}","['Patient', 'Courteous']",['Chatty'],Yes,Yes,Yes,Pass,Data,11162
Cari Bradlaugh,27/07/2019,"{'Python': 5, 'Ruby': 5, 'R': 2, 'C++': 1, 'JavaScript': 3}","['Altruism', 'Efficient', 'Courteous']",['Anxious'],Yes,Yes,Yes,Pass,Business,11163
Daren Houson,13/07/2019,"{'Python': 5, 'Java': 2, 'R': 1}",['Reliable'],"['Indifferent', 'Competitive']",Yes,Yes,No,Fail,Business,11164
Melony Tristram,19/07/2019,"{'Ruby': 2, 'SPSS': 3, 'JavaScript': 5}",['Charisma'],['Controlling'],Yes,Yes,No,Fail,Engineering,11165
Ashbey Seakes,18/07/2019,"{'Ruby': 2, 'R': 1, 'PHP': 1, 'C++': 4}",['Innovative'],['Undisciplined'],Yes,Yes,No,Fail,Business,11166
Philly Jerrim,25/07/2019,"{'C#': 4, 'Ruby': 2, 'PHP': 3}",['Charisma'],"['Controlling', 'Conventional', 'Perfectionist']",Yes,Yes,Yes,Pass,Business,11167
Sandi Gurton,25/07/2019,"{'Java': 1, 'Ruby': 2}",['Versatile'],['Overbearing'],Yes,Yes,Yes,Pass,Data,11168
Hilliard Brockett,05//07/2019,"{'Java': 1, 'Ruby': 3, 'R': 4, 'SPSS': 4}",['Courteous'],['Chaotic'],Yes,Yes,Yes,Pass,Data,11169
Berkie Brusby,06/07/2019,"{'Ruby': 3, 'C++': 2}",['Charisma'],"['Selfish', 'Indecisive', 'Intolerant']",Yes,Yes,Yes,Pass,Business,11170
Bidget Macarthur,12/07/2019,"{'C#': 2, 'SPSS': 3, 'PHP': 1, 'JavaScript': 3}","['Organisation', 'Charisma']",['Sensitive'],Yes,Yes,Yes,Pass,Business,11171
Julie Condliffe,04/07/2019,,"['Organisation', 'Efficient', 'Critical Thinking']",['Controlling'],Yes,Yes,Yes,Pass,Data,11172
Andris Bradley,12/07/2019,"{'Python': 2, 'C#': 1, 'PHP': 4, 'C++': 2}","['Rational', 'Problem Solving', 'Critical Thinking']","['Anxious', 'Competitive']",Yes,Yes,Yes,Pass,Engineering,11173
Al Hugonet,04/07/2019,"{'Python': 7, 'Java': 4, 'Ruby': 2, 'R': 1, 'JavaScript': 5}","['Innovative', 'Creative', 'Passionate']","['Impulsive', 'Introverted']",Yes,Yes,Yes,Pass,Engineering,11174
Maryanna Seeney,11/07/2019,"{'C#': 2, 'Java': 6, 'Ruby': 1}","['Organisation', 'Charisma']",['Slow'],Yes,Yes,Yes,Fail,Data,11175
Cassaundra Yuill,19/07/2019,"{'Python': 3, 'Ruby': 3}",['Patient'],"['Critical', 'Overbearing']",Yes,Yes,Yes,Fail,Business,11176
Baily Camidge,20/07/2019,"{'C#': 2, 'SPSS': 1}","['Determined', 'Perfectionism']","['Distracted', 'Critical', 'Indecisive']",Yes,Yes,Yes,Pass,Engineering,11177
Padgett Crennan,12/07/2019,"{'SPSS': 2, 'PHP': 4, 'JavaScript': 6}","['Courteous', 'Ambitious']","['Undisciplined', 'Chatty']",Yes,No,No,Fail,Data,11178
Gabrila Chasier,20/07/2019,"{'Python': 4, 'C#': 7, 'Java': 2, 'R': 1, 'SPSS': 8, 'C++': 1, 'JavaScript': 3}",['Listening'],"['Distracted', 'Intolerant', 'Undisciplined']",Yes,Yes,Yes,Pass,Business,11179
Kimmi Edgecumbe,12/07/2019,"{'C#': 3, 'R': 3, 'PHP': 3, 'C++': 4}","['Organisation', 'Collaboration']","['Indifferent', 'Competitive', 'Sensitive']",Yes,Yes,Yes,Pass,Business,11180
Levy Standage,25/07/2019,"{'Python': 5, 'C#': 2, 'Java': 7}",['Reliable'],"['Controlling', 'Chaotic']",Yes,Yes,Yes,Pass,Data,11181
Muffin Jandel,20/07/2019,"{'Python': 3, 'Java': 1, 'SPSS': 4}","['Independent', 'Creative', 'Composure']",['Impulsive'],Yes,Yes,Yes,Pass,Data,11182
Calida Behr,18/07/2019,"{'Python': 2, 'C#': 6, 'Java': 1, 'Ruby': 3, 'R': 3, 'SPSS': 2, 'C++': 1, 'JavaScript': 3}","['Innovative', 'Empathy']","['Immature', 'Chaotic', 'Slow']",Yes,Yes,Yes,Pass,Engineering,11183
Jeannette Willans,26/07/2019,{'Ruby': 2},"['Empathy', 'Critical Thinking']","['Distracted', 'Competitive']",Yes,Yes,Yes,Pass,Engineering,11184
Mora Joutapavicius,18/07/2019,"{'Java': 5, 'R': 1, 'PHP': 1}",['Critical Thinking'],"['Passive', 'Competitive', 'Overbearing']",Yes,No,Yes,Fail,Business,11185
Tadeas Bidmead,18/07/2019,"{'Python': 1, 'C++': 1, 'JavaScript': 1}","['Composure', 'Charisma']","['Chaotic', 'Procrastination', 'Critical']",Yes,Yes,Yes,Pass,Data,11186
Matthiew Tumbridge,04/07/2019,"{'Python': 6, 'C#': 2, 'R': 3, 'SPSS': 3, 'C++': 3}",['Courteous'],"['Procrastination', 'Overbearing']",Yes,Yes,Yes,Pass,Data,11187
Orton Borer,12/07/2019,{'C#': 1},"['Perfectionism', 'Empathy']",['Immature'],Yes,Yes,No,Fail,Data,11188
Tirrell Tabart,26/07/2019,"{'C#': 5, 'Ruby': 2, 'JavaScript': 2}","['Critical Thinking', 'Courteous', 'Empathy']",['Selfish'],Yes,Yes,Yes,Pass,Data,11189
Leeanne Allsepp,06/07/2019,"{'C#': 3, 'R': 3, 'SPSS': 2, 'C++': 1, 'JavaScript': 5}","['Versatile', 'Passionate']","['Undisciplined', 'Chatty']",Yes,Yes,Yes,Pass,Data,11190
Evangelin Gorges,11//07/2019,"{'Python': 1, 'C#': 1, 'Ruby': 3, 'C++': 4}",['Independent'],['Impulsive'],Yes,Yes,No,Fail,Engineering,11191
Clywd Musgrove,18/07/2019,"{'C#': 2, 'Ruby': 1, 'SPSS': 6, 'C++': 2, 'JavaScript': 1}",['Determined'],"['Chatty', 'Sensitive', 'Stubborn']",Yes,Yes,Yes,Pass,Data,11192
Lanni Otton,25/07/2019,"{'C#': 4, 'Ruby': 6}",['Altruism'],"['Anxious', 'Perfectionist', 'Indifferent']",Yes,Yes,Yes,Pass,Data,11193
Yankee Reihm,05/07/2019,"{'Java': 6, 'PHP': 1}","['Rational', 'Determined', 'Charisma']","['Indecisive', 'Intolerant', 'Controlling']",Yes,Yes,Yes,Pass,Data,11194
Alikee Sawood,12/07/2019,"{'Ruby': 1, 'JavaScript': 6}","['Versatile', 'Perfectionism', 'Critical Thinking']","['Chatty', 'Chaotic', 'Undisciplined']",Yes,Yes,Yes,Pass,Business,11195
Roland Skeene,26/07/2019,"{'Python': 3, 'Ruby': 1, 'PHP': 1, 'C++': 1}",['Patient'],"['Chaotic', 'Controlling']",Yes,Yes,Yes,Fail,Engineering,11196
Chrissy Sate,20/07/2019,,['Altruism'],"['Perfectionist', 'Procrastination']",Yes,Yes,Yes,Pass,Business,11197
Eric Spritt,20/07/2019,"{'Ruby': 2, 'SPSS': 5, 'PHP': 2}","['Curious', 'Consistent']","['Overbearing', 'Selfish']",Yes,Yes,Yes,Pass,Business,11198
Farica Harding,19/07/2019,"{'C#': 2, 'Java': 3, 'R': 4, 'SPSS': 5, 'JavaScript': 4}","['Perfectionism', 'Composure', 'Passionate']","['Sensitive', 'Introverted']",Yes,Yes,Yes,Pass,Data,11199
Kore Amburgy,06/07/2019,"{'R': 3, 'SPSS': 6, 'PHP': 2}","['Curious', 'Creative', 'Critical Thinking']","['Conventional', 'Introverted', 'Chaotic']",Yes,Yes,Yes,Pass,Engineering,11200
Juli Ruler,12/07/2019,{'C++': 4},"['Listening', 'Independent']",['Passive'],Yes,Yes,Yes,Pass,Business,11201
Gery Beckenham,06/07/2019,"{'Python': 2, 'Java': 2, 'Ruby': 2, 'SPSS': 6, 'C++': 5, 'JavaScript': 3}","['Patient', 'Collaboration']","['Procrastination', 'Sensitive']",Yes,Yes,Yes,Pass,Engineering,11202
Jacquelynn Banasiak,12/07/2019,"{'Python': 2, 'Ruby': 1, 'SPSS': 3}","['Critical Thinking', 'Ambitious']",['Critical'],Yes,No,No,Fail,Business,11203
Krystalle Deeney,20/07/2019,"{'Python': 1, 'JavaScript': 3}",['Ambitious'],"['Sensitive', 'Distracted']",Yes,No,Yes,Fail,Engineering,11204
Gerianne Christoforou,13//07/2019,"{'Java': 3, 'Ruby': 5, 'R': 6, 'C++': 2}","['Critical Thinking', 'Passionate']","['Perfectionist', 'Competitive']",Yes,Yes,Yes,Pass,Engineering,11205
Louella Cuppitt,05/07/2019,{'PHP': 2},"['Versatile', 'Charisma', 'Collaboration']",['Perfectionist'],Yes,Yes,Yes,Pass,Business,11206
Clarke Whitelock,06/07/2019,"{'Python': 6, 'C++': 4}","['Consistent', 'Creative', 'Passionate']","['Passive', 'Chatty', 'Immature']",No,No,Yes,Fail,Data,11207
Farrel Bertl,04/07/2019,"{'Python': 4, 'C#': 4, 'R': 6, 'SPSS': 1, 'PHP': 2}","['Listening', 'Critical Thinking', 'Consistent']",['Impatient'],No,Yes,Yes,Fail,Data,11208
Chadd Ellen,05/07/2019,"{'C#': 2, 'Ruby': 4, 'PHP': 1, 'JavaScript': 3}",['Critical Thinking'],['Chatty'],Yes,Yes,Yes,Pass,Data,11209
Sean Dillaway,11/07/2019,"{'Python': 1, 'C#': 2, 'Java': 2, 'R': 7}",['Curious'],"['Indecisive', 'Distracted']",Yes,Yes,No,Fail,Data,11210
Adah Fost,13/07/2019,"{'Ruby': 4, 'R': 2}","['Courteous', 'Determined']","['Critical', 'Conventional']",Yes,Yes,Yes,Pass,Data,11211
Abram Sueter,26/07/2019,"{'Python': 2, 'C#': 4, 'Java': 1, 'SPSS': 1, 'PHP': 2, 'C++': 3}",['Independent'],"['Immature', 'Passive', 'Procrastination']",Yes,No,Yes,Fail,Data,11212
Darn Kirkby,18/07/2019,"{'C#': 3, 'Ruby': 4, 'SPSS': 4}","['Competitive', 'Patient', 'Problem Solving']",['Stubborn'],Yes,Yes,Yes,Pass,Engineering,11213
Darn Kirkby,18/07/2019,"{'C#': 3, 'Ruby': 4, 'SPSS': 4}","['Competitive', 'Patient', 'Problem Solving']",['Stubborn'],Yes,Yes,Yes,Pass,Engineering,11214
Jessamyn Reightley,19/07/2019,{'C#': 3},['Reliable'],['Impulsive'],Yes,No,Yes,Fail,Data,11215
Rockwell Gutteridge,27/07/2019,"{'Python': 3, 'Java': 1, 'Ruby': 4}",['Courteous'],['Intolerant'],Yes,Yes,Yes,Pass,Engineering,11216
Serge Muehle,19/07/2019,"{'Python': 3, 'C#': 5, 'JavaScript': 1}",['Reliable'],"['Chaotic', 'Introverted', 'Chatty']",Yes,Yes,Yes,Pass,Data,11217
Sydney Burchmore,19/07/2019,"{'Python': 6, 'Java': 3, 'PHP': 1, 'JavaScript': 4}","['Perfectionism', 'Passionate']","['Stubborn', 'Overbearing', 'Chatty']",Yes,Yes,Yes,Pass,Data,11218
Gisela Schachter,11/07/2019,{'PHP': 3},"['Charisma', 'Reliable', 'Organisation']","['Slow', 'Impatient']",Yes,Yes,Yes,Pass,Engineering,11219
Abram Goldster,04/07/2019,"{'R': 4, 'C++': 1}","['Patient', 'Collaboration']","['Impatient', 'Impulsive']",Yes,Yes,Yes,Pass,Data,11220
Yvor Shepstone,18/07/2019,"{'C#': 6, 'PHP': 4, 'C++': 2, 'JavaScript': 3}",['Consistent'],"['Indecisive', 'Selfish']",Yes,Yes,Yes,Fail,Data,11221
Cosimo Labram,12/07/2019,"{'C#': 3, 'R': 2, 'PHP': 1}",['Efficient'],"['Passive', 'Impulsive', 'Perfectionist']",Yes,Yes,Yes,Pass,Engineering,11222
Maible Antic,18/07/2019,"{'Python': 6, 'SPSS': 3, 'PHP': 4, 'C++': 3, 'JavaScript': 6}","['Versatile', 'Composure', 'Efficient']","['Perfectionist', 'Distracted']",Yes,Yes,Yes,Pass,Data,11223
Carlo Beekman,18/07/2019,"{'C#': 8, 'Ruby': 7, 'C++': 4}","['Independent', 'Determined', 'Listening']","['Stubborn', 'Intolerant', 'Chaotic']",Yes,Yes,Yes,Fail,Data,11224
Cordie Bolduc,26/07/2019,"{'Python': 4, 'Java': 2, 'SPSS': 1, 'JavaScript': 2}",['Critical Thinking'],"['Undisciplined', 'Competitive', 'Introverted']",Yes,Yes,Yes,Pass,Engineering,11225
Bourke Belsey,19/07/2019,"{'Ruby': 6, 'R': 3, 'SPSS': 4, 'PHP': 1, 'JavaScript': 6}","['Versatile', 'Altruism', 'Critical Thinking']","['Chatty', 'Sensitive']",No,Yes,Yes,Fail,Data,11226
Phedra Berriball,11/07/2019,"{'Python': 3, 'C#': 5, 'Java': 4, 'Ruby': 3, 'R': 3}","['Empathy', 'Determined', 'Courteous']","['Competitive', 'Conventional']",Yes,Yes,No,Fail,Data,11227
Silvester Ondra,12/07/2019,"{'Ruby': 1, 'PHP': 5, 'JavaScript': 2}","['Critical Thinking', 'Collaboration']","['Overbearing', 'Distracted', 'Impatient']",Yes,Yes,No,Fail,Business,11228
Clyve Bradden,05/07/2019,{'Ruby': 1},"['Competitive', 'Problem Solving']","['Slow', 'Indecisive', 'Selfish']",Yes,Yes,No,Fail,Business,11229
Winna Lemmertz,12/07/2019,"{'Ruby': 2, 'SPSS': 2, 'C++': 3}","['Determined', 'Passionate', 'Rational']",['Chaotic'],Yes,Yes,Yes,Pass,Business,11230
Fremont Vicary,26/07/2019,"{'Java': 1, 'R': 5, 'PHP': 4, 'JavaScript': 4}","['Perfectionism', 'Versatile']","['Impatient', 'Selfish', 'Anxious']",Yes,No,Yes,Fail,Engineering,11231
Byrom Sawday,11//07/2019,"{'Python': 3, 'R': 1, 'C++': 1, 'JavaScript': 1}","['Consistent', 'Creative']","['Stubborn', 'Impatient']",Yes,Yes,Yes,Pass,Business,11232
Kat Sutherland,18/07/2019,"{'Python': 3, 'Java': 2, 'SPSS': 6}","['Competitive', 'Efficient']","['Distracted', 'Competitive', 'Intolerant']",Yes,Yes,No,Fail,Data,11233
Corby Torel,20/07/2019,"{'C++': 3, 'JavaScript': 6}",['Altruism'],"['Indecisive', 'Slow']",Yes,Yes,No,Fail,Business,11234
Corby Torel,20/07/2019,"{'C++': 3, 'JavaScript': 6}",['Altruism'],"['Indecisive', 'Slow']",Yes,Yes,No,Fail,Business,11235
Leland Wither,18/07/2019,"{'Python': 3, 'SPSS': 4, 'C++': 2, 'JavaScript': 5}","['Composure', 'Passionate', 'Courteous']","['Intolerant', 'Indifferent']",Yes,Yes,Yes,Pass,Engineering,11236
Clio Lafflina,26/07/2019,"{'Ruby': 1, 'JavaScript': 1}",['Perfectionism'],"['Competitive', 'Distracted', 'Critical']",Yes,No,Yes,Fail,Business,11237
Farlee Petren,20/07/2019,,"['Independent', 'Perfectionism', 'Collaboration']",['Indifferent'],Yes,Yes,Yes,Pass,Business,11238
Elisabeth Ebbutt,04/07/2019,"{'Python': 2, 'C#': 2, 'Java': 1, 'C++': 2}",['Creative'],['Anxious'],Yes,Yes,Yes,Pass,Data,11239
Benedikt Cohani,06/07/2019,"{'Ruby': 2, 'SPSS': 3, 'C++': 3, 'JavaScript': 5}","['Critical Thinking', 'Courteous']","['Sensitive', 'Stubborn', 'Indecisive']",Yes,Yes,Yes,Pass,Data,11240
Joanna Eggerton,11/07/2019,"{'Ruby': 3, 'SPSS': 2, 'PHP': 3, 'C++': 3}","['Listening', 'Perfectionism']","['Immature', 'Introverted', 'Indifferent']",Yes,Yes,Yes,Pass,Business,11241
Candi Camillo,19/07/2019,{'JavaScript': 2},"['Perfectionism', 'Collaboration', 'Ambitious']","['Sensitive', 'Distracted']",No,Yes,Yes,Fail,Engineering,11242
Augustin Tabrett,05/07/2019,"{'SPSS': 2, 'C++': 3}",['Competitive'],['Indecisive'],Yes,Yes,No,Fail,Engineering,11243
Ervin Acosta,26/07/2019,"{'PHP': 1, 'C++': 1}","['Empathy', 'Composure']","['Anxious', 'Stubborn']",Yes,No,No,Fail,Data,11244
Nanni Caldera,05/07/2019,"{'SPSS': 3, 'PHP': 5, 'JavaScript': 4}","['Consistent', 'Charisma', 'Composure']","['Immature', 'Impatient']",Yes,No,No,Fail,Data,11245
Joachim Guslon,05/07/2019,"{'R': 7, 'SPSS': 3, 'PHP': 5}","['Critical Thinking', 'Patient', 'Collaboration']",['Procrastination'],Yes,Yes,Yes,Pass,Data,11246
Dean Duchant,27/07/2019,"{'C#': 2, 'Java': 1, 'PHP': 2}",['Independent'],"['Anxious', 'Chaotic', 'Passive']",No,Yes,Yes,Fail,Business,11247
Hartwell Jewess,04/07/2019,"{'C#': 5, 'Java': 3, 'Ruby': 2, 'R': 6}","['Empathy', 'Composure']",['Conventional'],Yes,Yes,Yes,Pass,Data,11248
Allx Macdearmaid,25/07/2019,"{'Python': 6, 'C++': 1}","['Determined', 'Charisma']",['Chatty'],Yes,Yes,Yes,Pass,Data,11249
Derrek Scarce,27/07/2019,"{'Python': 5, 'Ruby': 4}","['Creative', 'Innovative', 'Charisma']","['Chaotic', 'Immature']",Yes,Yes,Yes,Pass,Business,11250
Aguie Prati,26/07/2019,"{'C#': 2, 'Ruby': 4, 'R': 2, 'SPSS': 3}",['Charisma'],['Controlling'],Yes,No,Yes,Fail,Engineering,11251
Shayne De Domenico,11/07/2019,"{'Python': 3, 'R': 8}",['Creative'],"['Slow', 'Procrastination', 'Overbearing']",No,Yes,Yes,Fail,Engineering,11252
Brandise Moston,18/07/2019,"{'Python': 8, 'C++': 4}",['Competitive'],['Intolerant'],Yes,Yes,Yes,Pass,Business,11253
Petronilla Ziemens,11/07/2019,"{'Python': 5, 'Java': 2, 'R': 2, 'PHP': 4}","['Listening', 'Ambitious', 'Efficient']","['Controlling', 'Indecisive', 'Chaotic']",Yes,Yes,Yes,Pass,Engineering,11254
Jarrod Driffe,25/07/2019,"{'R': 3, 'PHP': 5, 'C++': 5, 'JavaScript': 2}",['Courteous'],"['Procrastination', 'Distracted']",Yes,No,Yes,Fail,Data,11255
Celestina Aysik,04/07/2019,"{'C#': 5, 'Java': 2, 'PHP': 1, 'C++': 4, 'JavaScript': 1}","['Listening', 'Independent']","['Indifferent', 'Immature']",Yes,Yes,Yes,Pass,Engineering,11256
Nikolaus Gullefant,11/07/2019,"{'Python': 7, 'C#': 2, 'Java': 4, 'SPSS': 1, 'JavaScript': 1}",['Competitive'],['Sensitive'],Yes,Yes,Yes,Pass,Business,11257
Palmer Snaddin,13/07/2019,"{'Python': 3, 'R': 1, 'C++': 3}",['Curious'],"['Selfish', 'Slow', 'Critical']",Yes,Yes,Yes,Pass,Data,11258
Daniele Iskowicz,18/07/2019,"{'Java': 3, 'Ruby': 5, 'C++': 3, 'JavaScript': 6}",['Creative'],"['Distracted', 'Controlling', 'Conventional']",Yes,Yes,Yes,Pass,Engineering,11259
Brandy Iannazzi,04/07/2019,"{'Python': 3, 'PHP': 3}","['Perfectionism', 'Rational', 'Reliable']",['Selfish'],Yes,Yes,Yes,Pass,Data,11260
Jerome Kasting,19/07/2019,{'Java': 5},"['Reliable', 'Problem Solving', 'Empathy']","['Impatient', 'Conventional', 'Procrastination']",Yes,Yes,Yes,Pass,Data,11261
Auberon Werny,11/07/2019,"{'Ruby': 6, 'PHP': 2, 'JavaScript': 2}","['Listening', 'Competitive']","['Selfish', 'Impatient']",Yes,Yes,Yes,Pass,Business,11262
Eimile Sanper,27/07/2019,"{'Java': 2, 'C++': 3, 'JavaScript': 2}",['Competitive'],"['Introverted', 'Impatient']",Yes,Yes,No,Fail,Data,11263
Wallas Hacket,06/07/2019,{'C++': 2},['Problem Solving'],"['Competitive', 'Impulsive', 'Conventional']",Yes,No,Yes,Fail,Data,11264
Devlen Froome,19/07/2019,"{'Python': 4, 'C#': 1, 'R': 4, 'SPSS': 6, 'PHP': 2}","['Reliable', 'Critical Thinking', 'Organisation']",['Anxious'],Yes,Yes,No,Fail,Business,11265
Amalia Orris,06/07/2019,"{'Java': 2, 'R': 5}",['Determined'],"['Passive', 'Indifferent']",Yes,Yes,Yes,Pass,Business,11266
Kendra Twort,26/07/2019,{'C++': 4},"['Altruism', 'Independent', 'Ambitious']","['Perfectionist', 'Selfish']",Yes,Yes,Yes,Pass,Engineering,11267
Wilden Claisse,18/07/2019,"{'C#': 3, 'Ruby': 2, 'PHP': 2, 'JavaScript': 3}","['Passionate', 'Competitive', 'Ambitious']","['Chatty', 'Passive', 'Distracted']",Yes,Yes,Yes,Pass,Engineering,11268
Dulsea Westfalen,27/07/2019,"{'Java': 5, 'Ruby': 4}","['Curious', 'Innovative']","['Controlling', 'Passive', 'Critical']",No,Yes,Yes,Fail,Data,11269
Kendell Ruppele,06/07/2019,"{'R': 3, 'JavaScript': 6}","['Listening', 'Innovative', 'Composure']","['Chaotic', 'Introverted']",Yes,No,Yes,Fail,Engineering,11270
Kendell Ruppele,06/07/2019,"{'R': 3, 'JavaScript': 6}","['Listening', 'Innovative', 'Composure']","['Chaotic', 'Introverted']",Yes,No,Yes,Fail,Engineering,11271
Judd Abrahm,25/07/2019,"{'Python': 1, 'Java': 1, 'PHP': 1, 'C++': 2, 'JavaScript': 2}","['Competitive', 'Creative']",['Procrastination'],Yes,Yes,Yes,Fail,Business,11272
Letizia Persence,20/07/2019,"{'Python': 2, 'C#': 3, 'Ruby': 1, 'PHP': 2, 'C++': 4, 'JavaScript': 2}","['Efficient', 'Altruism']","['Anxious', 'Procrastination']",Yes,Yes,No,Fail,Engineering,11273
Forster Clines,11/07/2019,"{'R': 4, 'SPSS': 4}","['Empathy', 'Listening']","['Impatient', 'Chatty', 'Conventional']",Yes,Yes,Yes,Pass,Data,11274
Carly Assandri,27/07/2019,"{'Python': 5, 'C#': 2, 'Java': 7, 'R': 2, 'SPSS': 2}","['Critical Thinking', 'Consistent', 'Courteous']","['Passive', 'Critical', 'Anxious']",Yes,Yes,Yes,Pass,Data,11275
Tremain Barosch,27/07/2019,"{'R': 3, 'JavaScript': 1}",['Organisation'],"['Competitive', 'Perfectionist', 'Critical']",Yes,Yes,Yes,Pass,Business,11276
Kyla Jankovsky,20/07/2019,"{'Java': 2, 'JavaScript': 3}","['Determined', 'Rational']",['Chatty'],Yes,No,Yes,Fail,Engineering,11277
Kyla Jankovsky,20/07/2019,"{'Java': 2, 'JavaScript': 3}","['Determined', 'Rational']",['Chatty'],Yes,No,Yes,Fail,Engineering,11278
Dixie Macrae,05/07/2019,"{'Java': 2, 'PHP': 1, 'JavaScript': 3}","['Altruism', 'Critical Thinking']",['Competitive'],No,Yes,Yes,Fail,Engineering,11279
Lewiss Sabban,05/07/2019,"{'C#': 5, 'Java': 5, 'Ruby': 7, 'SPSS': 1, 'PHP': 1}","['Efficient', 'Charisma']",['Introverted'],Yes,Yes,Yes,Pass,Data,11280
Kat Rigard,25/07/2019,"{'Python': 2, 'R': 4, 'JavaScript': 1}","['Competitive', 'Reliable', 'Listening']","['Distracted', 'Anxious', 'Conventional']",No,No,Yes,Fail,Data,11281
Belia Losseljong,27/07/2019,"{'C#': 8, 'R': 3, 'SPSS': 3, 'C++': 2}",['Organisation'],['Impatient'],No,Yes,Yes,Fail,Business,11282
Peggy Hariot,06/07/2019,{'C++': 5},['Passionate'],"['Competitive', 'Perfectionist', 'Impatient']",Yes,Yes,No,Fail,Data,11283
Selby Floyd,04/07/2019,"{'Python': 4, 'Java': 4, 'R': 2, 'SPSS': 1, 'JavaScript': 1}","['Rational', 'Independent']",['Undisciplined'],Yes,Yes,Yes,Pass,Data,11284
Prentice Van Der Hoeven,11/07/2019,{'Python': 1},['Critical Thinking'],"['Chaotic', 'Conventional', 'Selfish']",Yes,Yes,Yes,Pass,Business,11285
Amos Debill,25/07/2019,"{'Ruby': 5, 'R': 3, 'SPSS': 3, 'C++': 2}","['Consistent', 'Ambitious', 'Critical Thinking']","['Intolerant', 'Distracted', 'Perfectionist']",Yes,Yes,Yes,Pass,Data,11286
Samson Mosen,26/07/2019,{'R': 4},"['Organisation', 'Perfectionism']",['Indifferent'],Yes,Yes,Yes,Pass,Business,11287
Quint Pontain,06/07/2019,{'Python': 5},"['Empathy', 'Rational', 'Listening']","['Indecisive', 'Undisciplined', 'Impatient']",Yes,Yes,Yes,Pass,Business,11288
Tana Cullinane,12/07/2019,"{'Python': 2, 'Ruby': 1, 'PHP': 3, 'JavaScript': 1}","['Ambitious', 'Organisation']","['Slow', 'Competitive']",Yes,Yes,Yes,Pass,Business,11289
Costanza Pyke,25/07/2019,"{'Python': 2, 'Java': 4, 'Ruby': 2, 'R': 2, 'PHP': 1, 'JavaScript': 3}","['Passionate', 'Efficient', 'Independent']",['Anxious'],Yes,Yes,Yes,Pass,Engineering,11290
Kenton Kilgrove,04/07/2019,"{'C#': 2, 'R': 3}","['Collaboration', 'Competitive']","['Selfish', 'Impulsive', 'Competitive']",Yes,Yes,Yes,Pass,Data,11291
Darda Di Giacomo,06/07/2019,"{'C#': 4, 'Java': 2, 'Ruby': 2, 'R': 2, 'JavaScript': 3}","['Passionate', 'Creative', 'Empathy']","['Undisciplined', 'Slow', 'Overbearing']",Yes,Yes,No,Fail,Engineering,11292
Othilia Hucker,25/07/2019,"{'C#': 1, 'Java': 1, 'SPSS': 7, 'PHP': 1, 'C++': 2}",['Determined'],"['Perfectionist', 'Chaotic']",Yes,Yes,Yes,Pass,Engineering,11293
Lavinie Marshman,18/07/2019,"{'Ruby': 3, 'R': 1, 'C++': 7}",['Composure'],"['Distracted', 'Anxious']",Yes,Yes,Yes,Pass,Business,11294
Silvain Kuhwald,25/07/2019,"{'C#': 2, 'Java': 6, 'Ruby': 3}","['Organisation', 'Reliable']","['Introverted', 'Anxious']",Yes,Yes,Yes,Pass,Data,11295
Audra Boodell,20/07/2019,"{'Python': 3, 'R': 2, 'SPSS': 3}",['Innovative'],"['Sensitive', 'Immature', 'Impatient']",Yes,Yes,Yes,Pass,Engineering,11296
Wilt Gotliffe,06/07/2019,"{'Python': 1, 'C#': 4, 'Java': 1, 'Ruby': 3, 'C++': 2}","['Rational', 'Reliable']","['Immature', 'Introverted']",Yes,Yes,Yes,Pass,Business,11297
Rosene Yearnsley,27/07/2019,"{'Python': 2, 'Java': 3, 'Ruby': 2, 'SPSS': 2, 'C++': 1}",['Independent'],"['Impatient', 'Passive']",Yes,No,Yes,Fail,Business,11298
Larry Claridge,18/07/2019,{'JavaScript': 2},"['Charisma', 'Curious']",['Anxious'],Yes,Yes,Yes,Pass,Engineering,11299
Hattie Dullard,05/07/2019,"{'Java': 6, 'Ruby': 5, 'C++': 2, 'JavaScript': 6}","['Curious', 'Consistent']","['Distracted', 'Overbearing']",Yes,Yes,Yes,Pass,Engineering,11300
Dacy Pococke,13/07/2019,{'Ruby': 1},"['Independent', 'Passionate', 'Courteous']","['Passive', 'Critical', 'Selfish']",Yes,Yes,No,Fail,Engineering,11301
Kingsly Lowdwell,20/07/2019,"{'C#': 1, 'SPSS': 4, 'PHP': 3, 'JavaScript': 2}","['Problem Solving', 'Composure']",['Chatty'],Yes,No,Yes,Fail,Data,11302
Cleon Kemson,20/07/2019,"{'Python': 4, 'Java': 2, 'PHP': 3, 'C++': 3, 'JavaScript': 3}","['Problem Solving', 'Curious', 'Independent']",['Overbearing'],Yes,Yes,Yes,Pass,Engineering,11303
Seymour Rodda,06/07/2019,"{'C#': 2, 'SPSS': 6, 'C++': 3}","['Passionate', 'Courteous']","['Introverted', 'Conventional']",Yes,Yes,No,Fail,Engineering,11304
Linc Hallex,20/07/2019,"{'Python': 2, 'C++': 4, 'JavaScript': 3}","['Curious', 'Collaboration']","['Selfish', 'Immature']",Yes,Yes,Yes,Pass,Engineering,11305
Tobe Markovic,05//12/2019,"{'C#': 6, 'SPSS': 3, 'PHP': 3}","['Collaboration', 'Competitive']","['Anxious', 'Critical']",No,Yes,Yes,Fail,Data,11306
Candy Berends,10/12/2019,"{'SPSS': 2, 'PHP': 3}","['Passionate', 'Listening']","['Impulsive', 'Procrastination', 'Indifferent']",Yes,Yes,Yes,Pass,Business,11307
Charmian Martinuzzi,17/12/2019,"{'Python': 2, 'Ruby': 5, 'PHP': 1}","['Consistent', 'Independent', 'Perfectionism']","['Critical', 'Conventional', 'Distracted']",No,Yes,Yes,Fail,Data,11308
Mirabelle Shakeshaft,18/12/2019,"{'Python': 3, 'C#': 4, 'R': 2, 'SPSS': 2, 'JavaScript': 6}","['Empathy', 'Versatile', 'Consistent']","['Critical', 'Immature']",Yes,Yes,Yes,Pass,Engineering,11309
Benita Downgate,05/12/2019,"{'Python': 2, 'Ruby': 5}","['Collaboration', 'Creative']","['Stubborn', 'Competitive']",Yes,Yes,Yes,Pass,Engineering,11310
Adolpho Litterick,10/12/2019,,"['Consistent', 'Altruism']","['Indecisive', 'Indifferent', 'Sensitive']",Yes,Yes,No,Fail,Engineering,11311
Rockey Courtes,10/12/2019,"{'Python': 2, 'Ruby': 4, 'R': 5, 'JavaScript': 8}","['Organisation', 'Passionate', 'Curious']","['Selfish', 'Overbearing', 'Procrastination']",Yes,No,No,Fail,Business,11312
Berry Gammel,11/12/2019,"{'Python': 5, 'C#': 3, 'Java': 3, 'Ruby': 2, 'SPSS': 2, 'PHP': 1, 'C++': 1}",['Determined'],['Conventional'],Yes,No,Yes,Fail,Business,11313
Moritz Mosedall,11/12/2019,"{'Ruby': 2, 'SPSS': 2, 'JavaScript': 5}","['Reliable', 'Rational']","['Competitive', 'Indifferent']",Yes,Yes,Yes,Pass,Engineering,11314
Trefor Kalinowsky,04/12/2019,"{'C#': 3, 'Ruby': 3}","['Organisation', 'Perfectionism']","['Chaotic', 'Indifferent']",Yes,Yes,Yes,Pass,Data,11315
Gertruda Syddie,12/12/2019,"{'C#': 8, 'Java': 6}","['Patient', 'Perfectionism', 'Empathy']","['Procrastination', 'Introverted', 'Perfectionist']",Yes,Yes,Yes,Pass,Engineering,11316
Hersch Holburn,18/12/2019,"{'C#': 4, 'Ruby': 1, 'SPSS': 5, 'C++': 4}","['Collaboration', 'Problem Solving']",['Anxious'],Yes,Yes,Yes,Pass,Business,11317
Alayne Farrans,19/12/2019,"{'C#': 4, 'SPSS': 5}","['Determined', 'Problem Solving', 'Ambitious']",['Intolerant'],Yes,Yes,Yes,Pass,Data,11318
Adina Seton,18/12/2019,{'C#': 4},['Composure'],"['Undisciplined', 'Perfectionist']",Yes,Yes,Yes,Fail,Engineering,11319
Leighton Iddy,04/12/2019,"{'C#': 1, 'JavaScript': 5}","['Determined', 'Charisma']","['Slow', 'Conventional']",No,Yes,Yes,Fail,Engineering,11320
Nerti Welfair,11//12/2019,"{'Python': 1, 'C#': 1, 'C++': 3}","['Listening', 'Curious', 'Critical Thinking']",['Impatient'],No,Yes,Yes,Fail,Business,11321
Olly Lannen,19/12/2019,"{'Python': 1, 'Java': 1, 'Ruby': 4, 'R': 3, 'SPSS': 3, 'C++': 3, 'JavaScript': 3}",['Determined'],"['Competitive', 'Intolerant', 'Indecisive']",Yes,Yes,Yes,Pass,Business,11322
Ringo Goosey,03/12/2019,"{'Python': 1, 'C#': 4, 'Java': 4, 'PHP': 1}","['Passionate', 'Altruism', 'Creative']","['Impulsive', 'Passive']",Yes,No,Yes,Fail,Data,11323
Sandro Pratchett,11/12/2019,{'Java': 4},"['Curious', 'Reliable']","['Sensitive', 'Impatient']",Yes,Yes,Yes,Pass,Business,11324
Reba Cosser,19/12/2019,"{'Python': 5, 'C#': 1, 'Java': 3, 'SPSS': 11, 'JavaScript': 1}","['Organisation', 'Critical Thinking', 'Curious']",['Chaotic'],Yes,Yes,Yes,Pass,Business,11325
Olia Lincoln,11/12/2019,"{'Python': 2, 'C#': 2, 'JavaScript': 4}","['Passionate', 'Courteous', 'Critical Thinking']","['Controlling', 'Introverted', 'Competitive']",Yes,Yes,Yes,Pass,Engineering,11326
Nady Smallpiece,18/12/2019,"{'Python': 4, 'C#': 3, 'R': 3, 'SPSS': 7}",['Independent'],"['Anxious', 'Intolerant']",Yes,Yes,No,Fail,Engineering,11327
Ali Bonds,03/12/2019,"{'Ruby': 1, 'SPSS': 2, 'C++': 3}",['Composure'],['Introverted'],Yes,Yes,No,Fail,Business,11328
Dniren Barlas,12/12/2019,"{'Python': 2, 'C#': 4, 'Ruby': 3, 'SPSS': 1, 'C++': 1}",['Collaboration'],"['Overbearing', 'Procrastination']",Yes,Yes,Yes,Pass,Data,11329
Leif Forsyth,19/12/2019,"{'Python': 1, 'C#': 2, 'Ruby': 2, 'PHP': 2, 'JavaScript': 2}",['Courteous'],"['Distracted', 'Selfish', 'Overbearing']",Yes,Yes,Yes,Pass,Business,11330
Salmon Glenfield,10/12/2019,"{'Python': 1, 'C#': 4, 'Ruby': 1, 'R': 1, 'PHP': 5}",['Composure'],['Chatty'],Yes,Yes,No,Fail,Business,11331
Jacquetta Pill,05/12/2019,"{'Python': 1, 'C#': 3, 'Ruby': 4}","['Passionate', 'Courteous']","['Undisciplined', 'Anxious']",No,Yes,Yes,Fail,Data,11332
Caril Bayly,11/12/2019,"{'C#': 2, 'Java': 2, 'SPSS': 2}","['Collaboration', 'Determined', 'Efficient']","['Chaotic', 'Impulsive']",Yes,Yes,Yes,Pass,Business,11333
Jordain Rochester,04/12/2019,"{'Java': 1, 'Ruby': 3, 'JavaScript': 2}",['Independent'],"['Indifferent', 'Selfish', 'Impatient']",Yes,Yes,No,Fail,Data,11334
Clementia Beasleigh,04/12/2019,"{'C#': 5, 'Java': 3, 'JavaScript': 1}",['Reliable'],['Conventional'],Yes,Yes,Yes,Pass,Business,11335
Vidovic Niblett,19/12/2019,"{'Ruby': 3, 'R': 3, 'SPSS': 5, 'PHP': 2, 'JavaScript': 5}","['Listening', 'Patient', 'Collaboration']","['Impatient', 'Indecisive', 'Overbearing']",Yes,No,No,Fail,Engineering,11336
Christian Tunny,04/12/2019,"{'C#': 1, 'R': 4, 'PHP': 1, 'C++': 1}","['Composure', 'Efficient']",['Undisciplined'],Yes,Yes,Yes,Pass,Engineering,11337
Eba Tarbath,17/12/2019,"{'Ruby': 5, 'R': 4}",['Patient'],"['Chaotic', 'Procrastination']",Yes,No,Yes,Fail,Data,11338
Barton Moar,03/12/2019,"{'Python': 6, 'JavaScript': 1}",['Listening'],"['Critical', 'Sensitive']",Yes,Yes,Yes,Pass,Business,11339
Jo Ann Beeke,12/12/2019,"{'R': 2, 'C++': 5}","['Independent', 'Perfectionism']",['Intolerant'],No,Yes,No,Fail,Business,11340
Terencio Mulles,05/12/2019,"{'Python': 4, 'SPSS': 5}",['Determined'],"['Intolerant', 'Controlling', 'Overbearing']",Yes,Yes,Yes,Pass,Data,11341
Mart Haggerstone,12/12/2019,"{'Python': 1, 'Ruby': 2, 'SPSS': 3}","['Organisation', 'Creative', 'Ambitious']","['Sensitive', 'Introverted']",Yes,Yes,Yes,Pass,Data,11342
Norean Caston,18/12/2019,"{'Python': 3, 'C++': 3}","['Organisation', 'Creative', 'Consistent']",['Introverted'],Yes,Yes,Yes,Pass,Business,11343
Tiphanie Selway,18/12/2019,,['Altruism'],['Immature'],No,Yes,Yes,Fail,Business,11344
Deeyn Klimkin,05/12/2019,,['Problem Solving'],['Chatty'],Yes,No,Yes,Fail,Business,11345
Charlotte Laxe,11/12/2019,{'JavaScript': 4},"['Reliable', 'Creative']",['Competitive'],Yes,Yes,Yes,Pass,Engineering,11346
Trenna Mccurt,04/12/2019,"{'Python': 1, 'Ruby': 4, 'R': 1, 'PHP': 1}","['Determined', 'Charisma']","['Intolerant', 'Introverted']",Yes,No,No,Fail,Engineering,11347
Cori Docwra,11/12/2019,"{'Python': 1, 'Java': 4, 'PHP': 3, 'C++': 2}","['Independent', 'Organisation', 'Ambitious']","['Competitive', 'Introverted']",No,Yes,Yes,Fail,Business,11348
Bessy Turpie,11/12/2019,"{'C#': 5, 'Ruby': 1, 'JavaScript': 4}","['Collaboration', 'Empathy']",['Distracted'],Yes,No,Yes,Fail,Data,11349
Whit Brisse,19/12/2019,"{'C#': 2, 'C++': 3, 'JavaScript': 1}","['Ambitious', 'Composure']","['Slow', 'Indifferent']",Yes,Yes,Yes,Pass,Business,11350
Bernhard Birchall,04/12/2019,"{'C#': 3, 'Java': 1}",['Independent'],['Controlling'],Yes,Yes,Yes,Pass,Data,11351
Jena Livings,10/12/2019,"{'Java': 2, 'R': 4, 'SPSS': 1, 'PHP': 2, 'JavaScript': 3}",['Altruism'],"['Critical', 'Conventional', 'Passive']",Yes,Yes,No,Fail,Business,11352
Kaitlyn Chagg,10/12/2019,"{'Python': 3, 'C#': 2, 'Java': 4, 'R': 3, 'PHP': 3, 'JavaScript': 2}","['Rational', 'Altruism']","['Distracted', 'Perfectionist']",Yes,Yes,Yes,Pass,Data,11353
Beilul Crannach,03/12/2019,"{'Python': 2, 'C#': 1, 'Ruby': 7, 'C++': 1, 'JavaScript': 5}","['Courteous', 'Independent', 'Critical Thinking']","['Stubborn', 'Impatient', 'Anxious']",Yes,Yes,Yes,Pass,Engineering,11354
El Shepstone,11/12/2019,"{'Python': 7, 'C#': 2, 'Java': 5, 'SPSS': 1}",['Empathy'],"['Chatty', 'Chaotic', 'Perfectionist']",Yes,Yes,Yes,Pass,Data,11355
Patrice Milhench,12/12/2019,"{'Python': 4, 'Java': 2, 'R': 2, 'JavaScript': 2}","['Independent', 'Listening', 'Passionate']",['Sensitive'],Yes,Yes,Yes,Pass,Business,11356
Trudey Brockman,19/12/2019,"{'Python': 6, 'C#': 1, 'Ruby': 2}","['Composure', 'Patient']","['Passive', 'Selfish']",Yes,Yes,Yes,Fail,Data,11357
Nahum Riddock,11/12/2019,"{'SPSS': 2, 'C++': 2}","['Efficient', 'Passionate', 'Critical Thinking']","['Slow', 'Introverted', 'Selfish']",Yes,Yes,Yes,Pass,Business,11358
Felicle Kops,04/12/2019,"{'Java': 4, 'R': 2, 'SPSS': 2, 'PHP': 5, 'JavaScript': 8}","['Critical Thinking', 'Composure', 'Perfectionism']","['Immature', 'Stubborn']",Yes,Yes,Yes,Pass,Business,11359
Berni Torra,11/12/2019,"{'Python': 3, 'C#': 3, 'Java': 3, 'JavaScript': 3}","['Versatile', 'Ambitious']",['Intolerant'],Yes,Yes,Yes,Pass,Data,11360
Steffane Laity,10/12/2019,"{'Python': 1, 'C#': 2, 'C++': 1}","['Independent', 'Ambitious', 'Charisma']","['Introverted', 'Indifferent']",Yes,Yes,Yes,Pass,Data,11361
Nobe Guerrazzi,17/12/2019,"{'Python': 1, 'C#': 7, 'Ruby': 5, 'JavaScript': 4}","['Competitive', 'Independent', 'Critical Thinking']","['Slow', 'Stubborn']",Yes,Yes,Yes,Pass,Business,11362
Solly Reek,12/12/2019,"{'C#': 2, 'Ruby': 2}","['Empathy', 'Courteous', 'Innovative']","['Critical', 'Indecisive', 'Slow']",Yes,Yes,No,Fail,Engineering,11363
Harrie Chatin,10/12/2019,"{'Ruby': 4, 'JavaScript': 2}","['Problem Solving', 'Versatile', 'Consistent']","['Immature', 'Impulsive', 'Distracted']",Yes,Yes,Yes,Pass,Business,11364
Horten Koomar,11/12/2019,"{'Python': 4, 'Java': 2, 'SPSS': 6, 'C++': 6}",['Innovative'],"['Chaotic', 'Introverted', 'Conventional']",Yes,Yes,Yes,Pass,Engineering,11365
Brandon Lotherington,03/12/2019,"{'C#': 3, 'R': 2, 'C++': 2, 'JavaScript': 2}","['Rational', 'Patient', 'Altruism']",['Introverted'],Yes,Yes,Yes,Pass,Data,11366
Allie Sheber,05/12/2019,"{'Python': 5, 'C#': 2, 'Java': 3, 'R': 4, 'SPSS': 3}","['Courteous', 'Reliable']",['Chaotic'],Yes,Yes,Yes,Pass,Business,11367
Gunilla Lucken,19/12/2019,"{'C#': 7, 'Java': 2, 'JavaScript': 2}","['Organisation', 'Consistent']","['Intolerant', 'Impatient']",Yes,No,Yes,Fail,Data,11368
Yorgos O'Rourke,19/12/2019,"{'R': 1, 'C++': 1, 'JavaScript': 4}","['Rational', 'Independent']","['Competitive', 'Anxious', 'Sensitive']",Yes,Yes,Yes,Pass,Data,11369
Finn Maasze,03/12/2019,"{'C#': 2, 'Java': 2, 'Ruby': 3}","['Creative', 'Rational', 'Problem Solving']",['Impatient'],Yes,Yes,Yes,Pass,Data,11370
Bambi Earthfield,10/12/2019,{'PHP': 1},"['Listening', 'Curious', 'Courteous']","['Stubborn', 'Undisciplined', 'Anxious']",Yes,Yes,Yes,Pass,Business,11371
Fair Ivashintsov,19/12/2019,"{'Python': 3, 'R': 2}","['Organisation', 'Ambitious', 'Rational']",['Distracted'],Yes,Yes,Yes,Pass,Data,11372
Alexine Mcglue,03/12/2019,"{'C#': 4, 'SPSS': 2, 'PHP': 3, 'C++': 1}",['Consistent'],"['Critical', 'Intolerant', 'Immature']",Yes,Yes,Yes,Pass,Data,11373
Lethia Crow,19/12/2019,"{'Python': 3, 'Java': 1, 'Ruby': 3, 'R': 5, 'JavaScript': 4}",['Altruism'],['Procrastination'],Yes,Yes,Yes,Pass,Business,11374
Candy Vann,18/12/2019,"{'SPSS': 2, 'C++': 3}","['Perfectionism', 'Organisation']","['Anxious', 'Critical']",Yes,Yes,Yes,Fail,Data,11375
Fawne Keen,12/12/2019,"{'R': 1, 'SPSS': 3}","['Consistent', 'Collaboration']",['Undisciplined'],Yes,Yes,Yes,Pass,Engineering,11376
Kenton Elvish,05/12/2019,"{'Python': 4, 'C#': 3, 'C++': 2, 'JavaScript': 6}","['Passionate', 'Independent']",['Selfish'],Yes,Yes,Yes,Pass,Data,11377
Eyde Boughton,19/12/2019,"{'Python': 1, 'R': 1}","['Collaboration', 'Passionate', 'Versatile']","['Overbearing', 'Conventional']",Yes,Yes,Yes,Fail,Engineering,11378
Allina Buttfield,11/12/2019,"{'C#': 1, 'Ruby': 4, 'R': 4, 'PHP': 1, 'C++': 1}","['Composure', 'Determined']","['Anxious', 'Introverted', 'Sensitive']",Yes,No,Yes,Fail,Engineering,11379
Winona Strotton,18/12/2019,"{'Python': 2, 'R': 4}","['Reliable', 'Listening', 'Consistent']",['Selfish'],Yes,Yes,Yes,Pass,Business,11380
Thom Derwin,19/12/2019,"{'Java': 1, 'SPSS': 1, 'JavaScript': 5}",['Efficient'],"['Competitive', 'Undisciplined']",Yes,Yes,Yes,Pass,Engineering,11381
Jacquelynn Savin,12/12/2019,{'C#': 2},['Competitive'],"['Overbearing', 'Impatient']",Yes,Yes,Yes,Pass,Business,11382
Uriel Lamplough,19/12/2019,,"['Rational', 'Ambitious']","['Procrastination', 'Intolerant', 'Immature']",No,Yes,Yes,Fail,Business,11383
Gerda Yuille,17/12/2019,"{'Python': 3, 'C#': 4, 'Java': 4, 'R': 5, 'SPSS': 3, 'C++': 4}","['Ambitious', 'Determined']",['Chatty'],Yes,Yes,Yes,Pass,Business,11384
Gustavo Barok,04/12/2019,"{'Java': 6, 'JavaScript': 8}","['Critical Thinking', 'Reliable']",['Impulsive'],Yes,Yes,Yes,Pass,Engineering,11385
Matthew Tumilson,12/12/2019,"{'Python': 3, 'Java': 1, 'Ruby': 3, 'JavaScript': 1}",['Rational'],"['Sensitive', 'Impulsive']",Yes,Yes,Yes,Pass,Data,11386
Mari Lotterington,11/12/2019,"{'PHP': 3, 'JavaScript': 1}","['Creative', 'Curious', 'Competitive']",['Impulsive'],Yes,Yes,Yes,Pass,Business,11387
Wernher Thaxter,03/12/2019,"{'Ruby': 3, 'R': 1, 'JavaScript': 4}","['Critical Thinking', 'Composure', 'Reliable']",['Impatient'],No,Yes,Yes,Fail,Data,11388
Bridgette Antos,12/12/2019,"{'Python': 1, 'Java': 5, 'C++': 2}","['Innovative', 'Rational']","['Chatty', 'Anxious']",No,No,No,Fail,Data,11389
Flore Masden,05/12/2019,"{'Python': 2, 'C#': 5, 'Java': 2, 'SPSS': 5}","['Reliable', 'Rational']",['Selfish'],Yes,Yes,Yes,Pass,Engineering,11390
Berkly Fishleigh,17/12/2019,"{'Ruby': 2, 'R': 2}","['Efficient', 'Competitive']","['Stubborn', 'Critical', 'Perfectionist']",Yes,No,Yes,Fail,Engineering,11391
Christopher Pinner,03/12/2019,"{'Ruby': 1, 'R': 4}","['Collaboration', 'Problem Solving']",['Undisciplined'],Yes,Yes,Yes,Pass,Data,11392
Eddie Mara,11/12/2019,"{'Python': 3, 'Java': 2, 'Ruby': 3, 'R': 6, 'SPSS': 6, 'PHP': 1, 'C++': 1, 'JavaScript': 1}",['Creative'],['Controlling'],Yes,Yes,No,Fail,Business,11393
Sherwood Sandercock,17/12/2019,"{'Java': 4, 'PHP': 2}",['Creative'],"['Overbearing', 'Procrastination', 'Impulsive']",Yes,Yes,Yes,Pass,Data,11394
Natal Sabin,03/12/2019,{'C#': 3},['Competitive'],['Impatient'],Yes,Yes,Yes,Pass,Engineering,11395
Blondelle Jaan,17/12/2019,"{'Python': 5, 'Java': 3, 'Ruby': 3, 'SPSS': 3, 'JavaScript': 3}","['Charisma', 'Creative']","['Controlling', 'Stubborn', 'Immature']",No,No,Yes,Fail,Engineering,11396
Harri Heinschke,18/12/2019,{'Ruby': 1},['Problem Solving'],"['Stubborn', 'Perfectionist']",Yes,No,Yes,Fail,Engineering,11397
Alethea Rangell,04/12/2019,{'Java': 4},['Critical Thinking'],['Impatient'],No,Yes,No,Fail,Data,11398
Danila Leamon,04/12/2019,"{'Python': 5, 'C#': 5, 'Ruby': 1}",['Empathy'],"['Immature', 'Impatient', 'Competitive']",Yes,No,Yes,Fail,Data,11399
Lawton Hiddsley,17/12/2019,"{'Python': 3, 'C#': 4, 'Java': 3, 'R': 4, 'JavaScript': 1}","['Independent', 'Versatile', 'Altruism']","['Distracted', 'Passive']",No,Yes,No,Fail,Data,11400
Flem Cary,03/12/2019,{'Java': 3},"['Problem Solving', 'Innovative']",['Chatty'],Yes,Yes,No,Fail,Data,11401
Flem Cary,03/12/2019,{'Java': 3},"['Problem Solving', 'Innovative']",['Chatty'],Yes,Yes,No,Fail,Data,11402
Ulberto Stroton,10/12/2019,"{'Ruby': 5, 'R': 3, 'SPSS': 3}","['Rational', 'Patient', 'Listening']","['Sensitive', 'Slow']",Yes,Yes,Yes,Pass,Data,11403
Lurleen Moro,18/12/2019,"{'Ruby': 2, 'R': 2, 'JavaScript': 4}",['Listening'],['Passive'],Yes,Yes,Yes,Fail,Business,11404
Leena Joselevitch,03/12/2019,{'Java': 5},['Problem Solving'],"['Stubborn', 'Distracted']",Yes,Yes,Yes,Pass,Engineering,11405
Willi Dibnah,11/12/2019,"{'C#': 2, 'Ruby': 3, 'SPSS': 4, 'C++': 1}","['Altruism', 'Empathy', 'Courteous']","['Competitive', 'Anxious']",Yes,Yes,Yes,Pass,Business,11406
Dannye Fraczek,18/12/2019,"{'PHP': 3, 'C++': 2}","['Independent', 'Altruism']",['Procrastination'],Yes,Yes,Yes,Pass,Data,11407
Domenic Coulter,11/12/2019,"{'Python': 2, 'Java': 7, 'Ruby': 5, 'SPSS': 4}","['Rational', 'Independent']","['Selfish', 'Critical']",Yes,Yes,Yes,Pass,Business,11408
Berni Bonham,03/12/2019,"{'C#': 3, 'Ruby': 4, 'SPSS': 3, 'PHP': 3, 'C++': 1, 'JavaScript': 5}","['Reliable', 'Versatile']",['Sensitive'],Yes,Yes,No,Fail,Engineering,11409
Reinold Jenicek,10/12/2019,{'Ruby': 2},"['Listening', 'Determined', 'Innovative']","['Conventional', 'Indecisive', 'Sensitive']",Yes,Yes,Yes,Fail,Business,11410
Gipsy Seres,17/12/2019,{'Python': 4},"['Collaboration', 'Ambitious']","['Undisciplined', 'Chaotic']",Yes,Yes,Yes,Pass,Data,11411
Erica Soughton,19/12/2019,"{'C#': 2, 'Ruby': 6, 'R': 4, 'SPSS': 2, 'C++': 2}",['Ambitious'],"['Distracted', 'Overbearing', 'Chatty']",Yes,Yes,Yes,Pass,Business,11412
Rube Beals,17/12/2019,"{'Python': 3, 'C#': 4, 'Java': 2, 'Ruby': 1, 'SPSS': 4}","['Ambitious', 'Organisation', 'Listening']","['Controlling', 'Impulsive']",Yes,Yes,Yes,Fail,Engineering,11413
Johnna Tarbin,11/12/2019,"{'Python': 1, 'PHP': 3, 'JavaScript': 2}","['Passionate', 'Creative']",['Competitive'],Yes,Yes,No,Fail,Data,11414
Ives Weddell,17/12/2019,"{'Python': 4, 'R': 7, 'C++': 8, 'JavaScript': 3}","['Rational', 'Ambitious']",['Anxious'],Yes,Yes,Yes,Pass,Business,11415
Guido Allans,10/12/2019,{'Ruby': 3},"['Altruism', 'Consistent', 'Problem Solving']",['Passive'],Yes,Yes,Yes,Pass,Engineering,11416
Maxie Yerborn,05/12/2019,"{'R': 2, 'PHP': 2, 'JavaScript': 5}",['Consistent'],['Competitive'],Yes,Yes,Yes,Pass,Data,11417
Clark Kovacs,05/12/2019,"{'C#': 4, 'Java': 4, 'SPSS': 3, 'PHP': 2}",['Creative'],"['Impatient', 'Undisciplined', 'Procrastination']",Yes,Yes,Yes,Pass,Engineering,11418
Prudence Harrill,19/12/2019,{'C++': 3},"['Altruism', 'Reliable']",['Anxious'],No,Yes,No,Fail,Business,11419
Rochette Bellfield,18/12/2019,"{'Python': 2, 'C#': 4, 'Ruby': 2, 'PHP': 2}","['Collaboration', 'Patient']","['Sensitive', 'Controlling']",Yes,Yes,Yes,Pass,Engineering,11420
Orella Goshawke,10/12/2019,"{'Python': 4, 'Ruby': 2, 'SPSS': 4, 'PHP': 4, 'C++': 5}","['Versatile', 'Problem Solving']","['Controlling', 'Chaotic']",Yes,Yes,Yes,Pass,Business,11421
Tabbie Enzley,03/12/2019,{'C++': 4},['Critical Thinking'],"['Indecisive', 'Chatty']",Yes,Yes,Yes,Pass,Data,11422
Chet Bean,12/12/2019,"{'Python': 2, 'Java': 4, 'SPSS': 1, 'C++': 2}","['Determined', 'Versatile']",['Passive'],Yes,Yes,Yes,Pass,Data,11423
Blisse Vinick,05/12/2019,"{'C#': 4, 'Java': 5, 'SPSS': 4, 'C++': 5, 'JavaScript': 4}",['Organisation'],"['Perfectionist', 'Passive']",No,Yes,Yes,Fail,Data,11424
Godfry Sephton,19/12/2019,"{'PHP': 1, 'C++': 4}",['Rational'],"['Stubborn', 'Immature', 'Passive']",Yes,Yes,Yes,Pass,Engineering,11425
Vera Broadfoot,17/12/2019,"{'Python': 2, 'Java': 1, 'Ruby': 3, 'JavaScript': 2}",['Innovative'],"['Immature', 'Indecisive']",Yes,Yes,Yes,Pass,Engineering,11426
Riobard Collcott,11/12/2019,"{'Python': 5, 'SPSS': 1, 'C++': 1}","['Consistent', 'Reliable']","['Immature', 'Selfish', 'Procrastination']",Yes,Yes,Yes,Fail,Data,11427
Kathryn Sture,12/12/2019,"{'C#': 5, 'Java': 1, 'Ruby': 9}","['Ambitious', 'Empathy']","['Selfish', 'Conventional', 'Intolerant']",Yes,Yes,Yes,Pass,Data,11428
Essy Haggus,04/12/2019,,['Reliable'],['Indecisive'],Yes,Yes,Yes,Fail,Engineering,11429
Amalia Sheppard,11/12/2019,"{'Python': 4, 'C#': 4}","['Collaboration', 'Passionate']",['Indecisive'],Yes,Yes,Yes,Pass,Business,11430
Mose Trase,04/12/2019,"{'Python': 1, 'Ruby': 4, 'C++': 1, 'JavaScript': 2}",['Independent'],"['Procrastination', 'Slow']",Yes,Yes,Yes,Pass,Data,11431
Felita Jzhakov,10/12/2019,"{'R': 6, 'SPSS': 1, 'C++': 2}","['Versatile', 'Independent', 'Organisation']","['Immature', 'Passive', 'Critical']",Yes,Yes,Yes,Pass,Business,11432
Cris Van Schafflaer,18/12/2019,"{'Ruby': 4, 'PHP': 2}","['Independent', 'Patient']",['Intolerant'],Yes,Yes,Yes,Pass,Business,11433
Shanna Juniper,04/12/2019,"{'Python': 4, 'R': 1, 'SPSS': 4, 'PHP': 2, 'JavaScript': 3}","['Patient', 'Altruism', 'Composure']",['Introverted'],No,Yes,Yes,Fail,Engineering,11434
Gerrie Domenget,12/12/2019,"{'Ruby': 2, 'R': 1, 'C++': 1, 'JavaScript': 5}","['Competitive', 'Consistent']",['Undisciplined'],Yes,Yes,Yes,Pass,Engineering,11435
Esmaria Rapp,19/12/2019,"{'Python': 6, 'C#': 3, 'Java': 3, 'Ruby': 7}",['Determined'],"['Indifferent', 'Introverted', 'Overbearing']",Yes,Yes,Yes,Pass,Data,11436
Clifford Randle,19/12/2019,{'JavaScript': 7},"['Courteous', 'Listening', 'Critical Thinking']","['Distracted', 'Stubborn', 'Procrastination']",Yes,Yes,Yes,Pass,Data,11437
Cirilo Croy,18/12/2019,,"['Curious', 'Composure']","['Controlling', 'Stubborn', 'Passive']",Yes,Yes,Yes,Fail,Business,11438
Lazare Nellies,03/12/2019,"{'SPSS': 4, 'PHP': 2}","['Innovative', 'Curious', 'Rational']","['Indecisive', 'Passive', 'Introverted']",Yes,Yes,Yes,Pass,Engineering,11439
Genovera Mattek,12/12/2019,"{'C#': 5, 'Java': 3, 'Ruby': 5, 'R': 3, 'PHP': 1, 'C++': 2}","['Competitive', 'Passionate']",['Conventional'],Yes,Yes,Yes,Pass,Data,11440
Sherlocke Lerner,03/12/2019,"{'Python': 3, 'C#': 3, 'Java': 4}","['Problem Solving', 'Versatile', 'Composure']",['Indifferent'],No,Yes,Yes,Fail,Engineering,11441
Dawn Petlyura,12/12/2019,"{'Python': 1, 'C#': 4, 'C++': 4}",['Altruism'],['Indifferent'],Yes,Yes,Yes,Pass,Data,11442
Daryn Dugmore,04/12/2019,"{'R': 2, 'PHP': 2, 'JavaScript': 1}",['Composure'],"['Controlling', 'Critical']",Yes,Yes,Yes,Pass,Engineering,11443
Brew Botterell,17/12/2019,"{'C#': 2, 'Ruby': 6, 'R': 3, 'C++': 4}",['Empathy'],"['Conventional', 'Introverted']",Yes,Yes,Yes,Pass,Data,11444
Filide Roony,10/12/2019,"{'C#': 2, 'Java': 2, 'SPSS': 2, 'C++': 3, 'JavaScript': 1}","['Reliable', 'Patient']","['Slow', 'Sensitive']",Yes,Yes,Yes,Pass,Data,11445
Dottie Le Prevost,19/12/2019,"{'R': 4, 'PHP': 4, 'JavaScript': 6}","['Composure', 'Rational', 'Critical Thinking']","['Undisciplined', 'Competitive', 'Immature']",Yes,Yes,Yes,Pass,Business,11446
Charley Fredi,10/12/2019,"{'Java': 3, 'Ruby': 6}","['Ambitious', 'Passionate', 'Critical Thinking']","['Intolerant', 'Chatty']",Yes,Yes,Yes,Pass,Data,11447
Eryn Licence,12/12/2019,"{'Python': 9, 'C#': 4, 'Java': 7, 'PHP': 1}",['Ambitious'],"['Anxious', 'Critical']",Yes,Yes,No,Fail,Engineering,11448
Ronda Aggis,03/12/2019,"{'Python': 2, 'R': 1, 'C++': 1, 'JavaScript': 1}","['Empathy', 'Curious', 'Courteous']","['Passive', 'Chaotic', 'Impulsive']",Yes,Yes,Yes,Pass,Business,11449
Gussy Stoving,03/12/2019,"{'Java': 3, 'C++': 2, 'JavaScript': 2}",['Collaboration'],"['Critical', 'Selfish']",Yes,Yes,Yes,Pass,Engineering,11450
Celesta Binion,17/12/2019,{'Ruby': 1},"['Versatile', 'Altruism', 'Creative']","['Intolerant', 'Impatient']",Yes,Yes,Yes,Pass,Data,11451
Lora Kiebes,18/12/2019,"{'Python': 3, 'C#': 2, 'Java': 3, 'C++': 6}",['Determined'],"['Introverted', 'Impulsive']",Yes,Yes,Yes,Pass,Business,11452
Rene Stennings,11/12/2019,"{'Java': 2, 'C++': 3}","['Innovative', 'Problem Solving', 'Collaboration']","['Indifferent', 'Procrastination']",Yes,Yes,Yes,Pass,Engineering,11453
Maison Purse,17/12/2019,{'R': 3},"['Altruism', 'Collaboration']",['Indecisive'],Yes,Yes,No,Fail,Engineering,11454
Piper Hawson,11/12/2019,"{'Java': 3, 'C++': 1, 'JavaScript': 1}","['Independent', 'Efficient', 'Organisation']",['Indecisive'],No,Yes,Yes,Fail,Engineering,11455
Doretta Langdon,11/12/2019,"{'Python': 3, 'Java': 3, 'SPSS': 1, 'C++': 5}","['Composure', 'Competitive', 'Determined']","['Impatient', 'Procrastination']",Yes,Yes,Yes,Pass,Engineering,11456
Melly Ible,10/12/2019,"{'Java': 4, 'PHP': 3}","['Altruism', 'Empathy']",['Intolerant'],Yes,Yes,Yes,Pass,Engineering,11457
Jordan Cristoforetti,12/12/2019,"{'C#': 1, 'Ruby': 4, 'SPSS': 3, 'PHP': 4}","['Charisma', 'Innovative', 'Problem Solving']","['Controlling', 'Chaotic']",Yes,Yes,No,Fail,Engineering,11458
Arden Tolossi,19/12/2019,"{'C#': 2, 'SPSS': 2, 'C++': 2}","['Problem Solving', 'Patient']","['Slow', 'Stubborn']",Yes,Yes,Yes,Fail,Engineering,11459
Granville Slad,04/12/2019,{'Ruby': 3},"['Patient', 'Consistent', 'Organisation']","['Anxious', 'Procrastination', 'Slow']",Yes,Yes,Yes,Fail,Business,11460
Lee Ambrogioli,17/12/2019,"{'Java': 2, 'SPSS': 5}","['Courteous', 'Ambitious', 'Critical Thinking']",['Impulsive'],Yes,Yes,Yes,Pass,Business,11461
Free Simmgen,11/12/2019,"{'Python': 7, 'C#': 3, 'Java': 3, 'R': 1, 'PHP': 3}","['Empathy', 'Independent']","['Competitive', 'Perfectionist']",No,No,Yes,Fail,Data,11462
Michael Ettles,04/12/2019,"{'C#': 3, 'PHP': 2}","['Versatile', 'Reliable']",['Chaotic'],Yes,Yes,Yes,Fail,Engineering,11463
Wallie Chittenden,10/12/2019,"{'C#': 7, 'R': 4, 'PHP': 1}",['Charisma'],"['Undisciplined', 'Chaotic']",Yes,Yes,Yes,Pass,Engineering,11464
Hendrick Skellon,18/12/2019,"{'C#': 5, 'Java': 3, 'R': 2, 'SPSS': 3}","['Altruism', 'Patient']","['Controlling', 'Chaotic']",Yes,Yes,Yes,Pass,Data,11465
Augustine Sultana,05/12/2019,"{'Python': 2, 'C#': 1, 'Java': 1, 'Ruby': 3}","['Empathy', 'Reliable', 'Collaboration']","['Procrastination', 'Indecisive']",Yes,Yes,Yes,Pass,Engineering,11466
Stephan Middle,04/12/2019,"{'R': 5, 'SPSS': 1}","['Altruism', 'Passionate']","['Impulsive', 'Impatient', 'Indifferent']",Yes,Yes,Yes,Pass,Data,11467
Scotti Bromfield,10/12/2019,"{'Python': 3, 'C#': 4, 'R': 4, 'PHP': 3, 'JavaScript': 4}","['Courteous', 'Patient', 'Critical Thinking']",['Procrastination'],Yes,Yes,Yes,Pass,Data,11468
Chaim Inseal,12/12/2019,"{'Python': 2, 'Java': 3, 'Ruby': 1, 'SPSS': 4, 'PHP': 3}",['Innovative'],['Intolerant'],Yes,Yes,Yes,Pass,Engineering,11469
Beverlie Newhouse,18/12/2019,"{'C#': 2, 'R': 5}","['Versatile', 'Organisation', 'Charisma']","['Sensitive', 'Selfish', 'Controlling']",Yes,Yes,Yes,Pass,Business,11470
Edna Dilston,17/12/2019,"{'R': 1, 'JavaScript': 3}","['Consistent', 'Organisation', 'Versatile']",['Passive'],Yes,Yes,Yes,Pass,Business,11471
Elisa Gowman,10/12/2019,"{'Python': 7, 'Ruby': 3, 'C++': 1}",['Altruism'],"['Competitive', 'Anxious', 'Indecisive']",Yes,Yes,Yes,Pass,Data,11472
Amil Coysh,05/12/2019,"{'Python': 3, 'C#': 2, 'Ruby': 2}","['Consistent', 'Composure']","['Chatty', 'Distracted', 'Perfectionist']",Yes,No,No,Fail,Business,11473
Gusta Klagges,18/12/2019,"{'C#': 5, 'R': 3, 'SPSS': 5, 'PHP': 1, 'C++': 3, 'JavaScript': 2}",['Courteous'],"['Passive', 'Conventional', 'Indecisive']",Yes,Yes,Yes,Pass,Data,11474
Milly Hugnin,11/12/2019,{'C#': 3},['Competitive'],"['Conventional', 'Chaotic', 'Critical']",Yes,Yes,Yes,Pass,Engineering,11475
Ferd Walkden,03/12/2019,"{'Ruby': 1, 'C++': 3, 'JavaScript': 2}","['Versatile', 'Reliable']","['Competitive', 'Critical']",Yes,No,Yes,Fail,Business,11476
Elissa Knowles,11/12/2019,{'SPSS': 3},"['Competitive', 'Courteous', 'Consistent']","['Impulsive', 'Distracted']",Yes,Yes,Yes,Pass,Data,11477
Eleanor Denington,05/12/2019,"{'Python': 10, 'C++': 1}","['Charisma', 'Composure', 'Efficient']","['Sensitive', 'Passive']",Yes,Yes,Yes,Pass,Engineering,11478
Marve Boatswain,18/12/2019,"{'C#': 5, 'Java': 1, 'Ruby': 5, 'JavaScript': 2}",['Collaboration'],"['Chaotic', 'Indecisive']",Yes,Yes,No,Fail,Data,11479
Rafaelita D'Ambrogi,17/12/2019,"{'R': 3, 'C++': 6}","['Organisation', 'Consistent', 'Passionate']","['Impatient', 'Sensitive', 'Overbearing']",Yes,Yes,Yes,Pass,Business,11480
Gianina Wandless,05/12/2019,"{'Java': 3, 'R': 3, 'JavaScript': 1}",['Charisma'],"['Undisciplined', 'Slow', 'Chaotic']",Yes,Yes,Yes,Pass,Data,11481
Louella Parradye,18/12/2019,"{'R': 3, 'SPSS': 7, 'PHP': 1, 'C++': 2, 'JavaScript': 4}",['Reliable'],"['Anxious', 'Controlling']",Yes,Yes,Yes,Pass,Data,11482
Wynn Blei,18//12/2019,"{'SPSS': 6, 'PHP': 6, 'C++': 3}",['Consistent'],"['Conventional', 'Perfectionist']",Yes,Yes,Yes,Pass,Business,11483
Gib Krol,04/12/2019,{'Ruby': 2},['Patient'],['Intolerant'],Yes,Yes,Yes,Pass,Data,11484
Vachel Mc Meekin,28/02/2019,"{'C#': 4, 'Java': 2, 'JavaScript': 7}",['Organisation'],"['Conventional', 'Critical']",Yes,Yes,Yes,Fail,Engineering,11485
Cameron Gleaves,13/02/2019,"{'Java': 3, 'Ruby': 2, 'PHP': 5}","['Collaboration', 'Passionate', 'Problem Solving']",['Sensitive'],Yes,Yes,No,Fail,Business,11486
Hakeem Ivermee,19/02/2019,"{'Python': 1, 'Java': 2, 'R': 4, 'SPSS': 2}",['Versatile'],['Perfectionist'],Yes,Yes,Yes,Pass,Business,11487
Ian Giorgietto,28/02/2019,"{'Python': 1, 'R': 4}","['Composure', 'Empathy']","['Procrastination', 'Impatient', 'Overbearing']",Yes,Yes,No,Fail,Engineering,11488
Kalina Gentile,06/02/2019,"{'Python': 3, 'Java': 2, 'Ruby': 4, 'SPSS': 4, 'JavaScript': 2}","['Courteous', 'Charisma', 'Rational']",['Chatty'],Yes,Yes,Yes,Pass,Business,11489
Wash Richardes,12/02/2019,"{'Java': 1, 'SPSS': 3}",['Collaboration'],"['Introverted', 'Impulsive']",Yes,Yes,Yes,Pass,Business,11490
Morgana Mcaw,27/02/2019,"{'C#': 1, 'Ruby': 5, 'R': 2}","['Determined', 'Organisation', 'Independent']","['Stubborn', 'Intolerant']",Yes,No,Yes,Fail,Business,11491
Jehanna Verrechia,20/02/2019,"{'Python': 4, 'Java': 5, 'R': 7, 'PHP': 1}",['Ambitious'],['Critical'],Yes,Yes,Yes,Pass,Engineering,11492
Redd Jurges,12/02/2019,"{'C#': 1, 'Java': 1, 'R': 6, 'JavaScript': 1}","['Consistent', 'Perfectionism', 'Listening']",['Anxious'],Yes,Yes,Yes,Pass,Engineering,11493
Kean Ploughwright,06/02/2019,"{'C#': 1, 'PHP': 1, 'JavaScript': 3}",['Listening'],"['Chaotic', 'Indecisive', 'Passive']",Yes,Yes,No,Fail,Business,11494
Rolland Dinkin,07/02/2019,"{'R': 4, 'SPSS': 1}",['Curious'],['Immature'],Yes,Yes,No,Fail,Business,11495
Nicolai Nussey,14/02/2019,"{'C#': 2, 'Ruby': 3, 'SPSS': 3}","['Passionate', 'Collaboration', 'Efficient']","['Impulsive', 'Perfectionist', 'Critical']",Yes,Yes,Yes,Pass,Business,11496
Naomi Shortt,13/02/2019,"{'Python': 5, 'R': 5, 'C++': 5, 'JavaScript': 5}","['Empathy', 'Organisation']","['Impulsive', 'Perfectionist']",Yes,Yes,Yes,Pass,Engineering,11497
Tommy Evans,12/02/2019,"{'Java': 7, 'C++': 4, 'JavaScript': 3}",['Efficient'],"['Impulsive', 'Procrastination']",Yes,Yes,Yes,Pass,Business,11498
Vikki Godsal,20/02/2019,"{'SPSS': 5, 'C++': 2}",['Creative'],"['Controlling', 'Stubborn']",Yes,Yes,Yes,Pass,Engineering,11499
Adelbert Oakwell,27/02/2019,"{'Java': 2, 'Ruby': 1, 'SPSS': 4}","['Rational', 'Versatile']","['Impatient', 'Undisciplined', 'Critical']",Yes,Yes,Yes,Pass,Engineering,11500
Stephanus Kenwood,12/02/2019,{'SPSS': 2},"['Competitive', 'Consistent']","['Procrastination', 'Distracted', 'Overbearing']",Yes,Yes,Yes,Pass,Data,11501
Magda Mckirton,05/02/2019,"{'C#': 3, 'Java': 2, 'Ruby': 3, 'SPSS': 6, 'PHP': 1, 'C++': 2}","['Empathy', 'Ambitious', 'Independent']",['Controlling'],Yes,Yes,Yes,Pass,Engineering,11502
Ferdinand Whyberd,20/02/2019,"{'Java': 1, 'R': 2, 'JavaScript': 4}","['Passionate', 'Composure']","['Stubborn', 'Critical']",No,Yes,Yes,Fail,Business,11503
Gabrila Hehir,05/02/2019,"{'Java': 1, 'R': 6, 'PHP': 2}","['Creative', 'Consistent']",['Overbearing'],Yes,Yes,No,Fail,Engineering,11504
Larine Burcombe,19/02/2019,"{'Python': 6, 'R': 3, 'SPSS': 6, 'JavaScript': 5}","['Ambitious', 'Problem Solving', 'Curious']",['Competitive'],Yes,Yes,No,Fail,Engineering,11505
Hermy Witherby,07/02/2019,"{'Ruby': 2, 'SPSS': 4}","['Competitive', 'Consistent', 'Problem Solving']","['Conventional', 'Impatient']",Yes,Yes,Yes,Pass,Engineering,11506
Frasier Greedyer,26/02/2019,"{'Python': 4, 'C#': 2, 'R': 4}","['Determined', 'Rational', 'Problem Solving']",['Procrastination'],Yes,Yes,Yes,Pass,Engineering,11507
Sully Rosenbarg,14/02/2019,"{'Python': 1, 'Java': 3, 'SPSS': 4, 'PHP': 3}",['Independent'],['Chatty'],Yes,Yes,Yes,Pass,Engineering,11508
Nicolai Stockey,19/02/2019,"{'Ruby': 3, 'R': 4, 'JavaScript': 6}","['Independent', 'Versatile', 'Charisma']",['Indecisive'],Yes,No,Yes,Fail,Data,11509
Reese Proswell,26/02/2019,"{'C#': 2, 'PHP': 3, 'JavaScript': 3}","['Collaboration', 'Competitive']","['Indifferent', 'Selfish', 'Impatient']",Yes,Yes,Yes,Pass,Business,11510
Fannie Mcgoogan,07/02/2019,"{'Java': 2, 'Ruby': 2, 'R': 3, 'PHP': 2}",['Patient'],"['Indecisive', 'Immature', 'Chaotic']",Yes,No,Yes,Fail,Data,11511
Aluino Sainter,05/02/2019,"{'Java': 1, 'Ruby': 4, 'JavaScript': 3}","['Consistent', 'Altruism', 'Efficient']",['Impulsive'],Yes,Yes,Yes,Pass,Engineering,11512
Andros Wickson,19/02/2019,"{'C#': 2, 'Java': 6, 'JavaScript': 2}","['Perfectionism', 'Collaboration', 'Creative']","['Stubborn', 'Anxious', 'Passive']",Yes,Yes,Yes,Pass,Business,11513
Enoch Batte,07/02/2019,"{'C#': 4, 'Java': 4}","['Empathy', 'Ambitious', 'Creative']",['Undisciplined'],Yes,No,Yes,Fail,Engineering,11514
Henryetta Allwell,27/02/2019,"{'Java': 2, 'Ruby': 4}",['Ambitious'],"['Sensitive', 'Immature']",Yes,Yes,Yes,Pass,Business,11515
Poul Basnett,05/02/2019,"{'Java': 3, 'C++': 5, 'JavaScript': 3}",['Altruism'],['Slow'],No,Yes,Yes,Fail,Engineering,11516
Hunt Ainsby,21/02/2019,"{'C#': 2, 'C++': 3, 'JavaScript': 7}",['Determined'],"['Indecisive', 'Indifferent']",Yes,Yes,Yes,Fail,Data,11517
Vincents Bahl,20/02/2019,"{'Ruby': 2, 'PHP': 3, 'JavaScript': 3}","['Efficient', 'Collaboration', 'Reliable']","['Sensitive', 'Stubborn']",Yes,Yes,Yes,Pass,Business,11518
Sherlock Sibley,13/02/2019,"{'Java': 1, 'Ruby': 4, 'R': 1}","['Critical Thinking', 'Reliable', 'Perfectionism']","['Distracted', 'Conventional', 'Overbearing']",Yes,No,Yes,Fail,Data,11519
Gillie Mcauliffe,27//02/2019,"{'C#': 2, 'Ruby': 2, 'R': 4, 'PHP': 3, 'C++': 5}","['Innovative', 'Creative', 'Independent']",['Controlling'],Yes,Yes,Yes,Pass,Business,11520
Flori Faithorn,21/02/2019,"{'Python': 1, 'Java': 4, 'Ruby': 3, 'C++': 2, 'JavaScript': 2}","['Ambitious', 'Organisation', 'Independent']","['Indecisive', 'Procrastination']",Yes,Yes,Yes,Pass,Data,11521
Nicolette Bonehill,05/02/2019,"{'Python': 10, 'Java': 1}","['Critical Thinking', 'Courteous', 'Perfectionism']","['Anxious', 'Indecisive', 'Perfectionist']",No,Yes,Yes,Fail,Engineering,11522
Tobiah Aistrop,06/02/2019,"{'Python': 1, 'C#': 3, 'C++': 3, 'JavaScript': 6}","['Collaboration', 'Altruism']",['Indecisive'],Yes,Yes,Yes,Pass,Business,11523
Brandyn Macclinton,14/02/2019,"{'C#': 4, 'Java': 5, 'Ruby': 4, 'R': 5, 'PHP': 3}","['Perfectionism', 'Altruism']","['Chatty', 'Impulsive', 'Undisciplined']",Yes,Yes,Yes,Pass,Business,11524
Timoteo Pack,27/02/2019,"{'SPSS': 4, 'C++': 1}",['Passionate'],"['Intolerant', 'Passive']",Yes,Yes,Yes,Pass,Business,11525
Maudie Dadswell,19/02/2019,"{'C#': 2, 'Java': 3, 'Ruby': 1, 'C++': 1}",['Charisma'],['Indecisive'],Yes,Yes,Yes,Pass,Engineering,11526
Glen Spuner,27/02/2019,"{'C#': 4, 'R': 3}","['Courteous', 'Composure']",['Sensitive'],Yes,Yes,Yes,Fail,Engineering,11527
Tobey Mabbett,14/02/2019,"{'Java': 1, 'JavaScript': 3}",['Composure'],"['Overbearing', 'Intolerant']",Yes,No,Yes,Fail,Data,11528
Garey Bischop,06/02/2019,"{'Python': 3, 'Ruby': 2, 'C++': 2, 'JavaScript': 1}","['Reliable', 'Curious']","['Competitive', 'Distracted']",Yes,Yes,Yes,Fail,Business,11529
Adria Zorro,12/02/2019,"{'C#': 6, 'Ruby': 1, 'C++': 1, 'JavaScript': 2}","['Patient', 'Organisation', 'Creative']",['Critical'],Yes,No,Yes,Fail,Business,11530
Lane Myrkus,13/02/2019,"{'Python': 2, 'C#': 3, 'Java': 4, 'Ruby': 3, 'JavaScript': 2}",['Independent'],['Indecisive'],Yes,Yes,Yes,Pass,Engineering,11531
Kimmi Bodell,26/02/2019,"{'Java': 4, 'R': 5}","['Rational', 'Organisation']","['Selfish', 'Competitive', 'Intolerant']",Yes,Yes,Yes,Pass,Engineering,11532
Mart Greser,26/02/2019,"{'Python': 5, 'Java': 1}","['Reliable', 'Creative']","['Slow', 'Intolerant']",Yes,Yes,No,Fail,Data,11533
Joanne Le Jean,19/02/2019,"{'C#': 3, 'Java': 2, 'PHP': 1}","['Problem Solving', 'Altruism', 'Composure']",['Controlling'],Yes,Yes,Yes,Pass,Engineering,11534
Audre Thomerson,12/02/2019,"{'Python': 4, 'JavaScript': 2}","['Patient', 'Organisation', 'Curious']",['Anxious'],Yes,Yes,No,Fail,Business,11535
Geraldine Pinnocke,14/02/2019,{'Ruby': 4},['Innovative'],"['Distracted', 'Sensitive']",Yes,Yes,Yes,Pass,Data,11536
Booth Coweuppe,21/02/2019,"{'C#': 3, 'Java': 4, 'Ruby': 2, 'C++': 2}",['Listening'],"['Selfish', 'Undisciplined']",Yes,Yes,Yes,Pass,Business,11537
Carmella Guidi,20/02/2019,"{'C#': 1, 'Java': 4, 'Ruby': 3, 'SPSS': 4, 'C++': 1}","['Collaboration', 'Versatile', 'Competitive']",['Controlling'],Yes,Yes,No,Fail,Data,11538
Lanae Christophle,14/02/2019,"{'Python': 3, 'R': 1}","['Organisation', 'Curious', 'Determined']","['Anxious', 'Critical']",Yes,Yes,Yes,Pass,Data,11539
Crosby Eliasson,28/02/2019,"{'C#': 3, 'Ruby': 1, 'C++': 4}",['Problem Solving'],"['Anxious', 'Introverted', 'Overbearing']",Yes,Yes,Yes,Pass,Business,11540
Jan Horrod,27/02/2019,"{'C#': 4, 'Ruby': 2, 'JavaScript': 4}","['Curious', 'Altruism']","['Stubborn', 'Controlling']",Yes,Yes,Yes,Pass,Data,11541
Aggi Willetts,27/02/2019,"{'Python': 2, 'R': 3}","['Ambitious', 'Independent']","['Impatient', 'Competitive', 'Impulsive']",Yes,Yes,Yes,Pass,Data,11542
Scottie Orknay,06/02/2019,"{'Python': 1, 'C#': 1, 'Java': 2, 'C++': 5}","['Consistent', 'Versatile']","['Intolerant', 'Conventional', 'Selfish']",Yes,Yes,Yes,Pass,Data,11543
Arley Dangl,06/02/2019,"{'SPSS': 6, 'PHP': 2, 'JavaScript': 5}","['Problem Solving', 'Ambitious']","['Indecisive', 'Slow', 'Impatient']",Yes,Yes,Yes,Pass,Business,11544
Kimberley Mcgeouch,28/02/2019,{'C++': 3},['Consistent'],"['Anxious', 'Immature', 'Intolerant']",Yes,Yes,Yes,Pass,Data,11545
Burtie Clubley,27/02/2019,"{'SPSS': 4, 'PHP': 3, 'JavaScript': 2}","['Collaboration', 'Innovative', 'Ambitious']","['Distracted', 'Anxious', 'Immature']",Yes,Yes,Yes,Pass,Data,11546
Cary Heberden,06/02/2019,"{'Python': 1, 'C#': 1, 'Java': 1, 'Ruby': 1}",['Independent'],['Passive'],Yes,Yes,Yes,Pass,Engineering,11547
Benjamen Harrow,20/02/2019,"{'C++': 2, 'JavaScript': 1}","['Problem Solving', 'Competitive', 'Versatile']",['Introverted'],Yes,Yes,Yes,Pass,Engineering,11548
Ermentrude Larrosa,27/02/2019,"{'Python': 1, 'C#': 2, 'Ruby': 3, 'R': 3, 'SPSS': 1}","['Curious', 'Creative', 'Charisma']",['Introverted'],Yes,Yes,Yes,Pass,Engineering,11549
Moe Finnie,27/02/2019,"{'Python': 4, 'Java': 2, 'R': 7, 'C++': 2, 'JavaScript': 3}","['Rational', 'Versatile', 'Passionate']",['Overbearing'],Yes,Yes,Yes,Fail,Business,11550
Antonia Mackaig,13/02/2019,"{'Python': 5, 'Java': 2, 'Ruby': 2, 'C++': 5}","['Passionate', 'Patient', 'Versatile']","['Perfectionist', 'Intolerant']",Yes,Yes,Yes,Pass,Data,11551
Barrie Schruurs,14/02/2019,"{'Java': 2, 'R': 1, 'JavaScript': 5}",['Altruism'],['Undisciplined'],Yes,Yes,Yes,Pass,Data,11552
Audrye Tobias,26/02/2019,"{'Python': 4, 'PHP': 2, 'JavaScript': 5}","['Independent', 'Empathy']","['Procrastination', 'Sensitive', 'Impulsive']",Yes,Yes,Yes,Pass,Business,11553
Debby Mcglynn,26/02/2019,"{'C#': 1, 'Ruby': 3, 'SPSS': 6, 'C++': 2}","['Critical Thinking', 'Rational']","['Sensitive', 'Procrastination']",Yes,Yes,Yes,Fail,Data,11554
Fabien Hardaway,05/02/2019,"{'Ruby': 1, 'SPSS': 4}","['Consistent', 'Reliable', 'Charisma']","['Stubborn', 'Introverted', 'Indecisive']",Yes,Yes,Yes,Pass,Engineering,11555
Shelley O'Dyvoie,19/02/2019,{'PHP': 2},['Patient'],"['Introverted', 'Controlling', 'Undisciplined']",Yes,Yes,Yes,Pass,Data,11556
Maurits Alger,21/02/2019,"{'C#': 1, 'Ruby': 1, 'SPSS': 3, 'C++': 6}",['Rational'],"['Overbearing', 'Conventional', 'Competitive']",Yes,Yes,Yes,Pass,Engineering,11557
Horatia Tompkin,20/02/2019,"{'Java': 2, 'PHP': 1, 'JavaScript': 1}","['Versatile', 'Independent', 'Determined']","['Anxious', 'Stubborn']",Yes,No,Yes,Fail,Business,11558
Darryl Gleed,20/02/2019,"{'Python': 6, 'C#': 1, 'Java': 2, 'JavaScript': 2}","['Courteous', 'Independent']","['Sensitive', 'Immature', 'Stubborn']",Yes,No,Yes,Fail,Data,11559
Hughie Baggelley,06/02/2019,"{'Ruby': 3, 'R': 4, 'JavaScript': 4}","['Critical Thinking', 'Empathy']",['Impatient'],Yes,Yes,Yes,Pass,Engineering,11560
Fayre Swadlinge,14/02/2019,"{'C#': 3, 'Ruby': 3, 'R': 6, 'SPSS': 3}",['Reliable'],"['Chaotic', 'Indifferent']",Yes,Yes,Yes,Fail,Business,11561
Rainer Beecheno,20/02/2019,"{'Python': 3, 'Ruby': 8, 'PHP': 1, 'C++': 5, 'JavaScript': 2}",['Innovative'],['Distracted'],Yes,Yes,No,Fail,Data,11562
Beryle D'Antonio,13/02/2019,"{'C#': 6, 'Ruby': 3, 'SPSS': 6, 'C++': 3, 'JavaScript': 3}","['Efficient', 'Reliable', 'Charisma']","['Perfectionist', 'Critical']",Yes,No,No,Fail,Engineering,11563
Keriann Crambie,05/02/2019,"{'C#': 2, 'R': 1}","['Independent', 'Curious', 'Reliable']",['Procrastination'],Yes,Yes,Yes,Pass,Business,11564
Elora Ellen,14/02/2019,"{'Java': 4, 'Ruby': 4, 'SPSS': 2, 'PHP': 3}","['Passionate', 'Listening']","['Controlling', 'Stubborn']",Yes,Yes,Yes,Pass,Business,11565
Robbin Duchesne,12/02/2019,"{'Python': 3, 'C#': 3, 'R': 6}","['Independent', 'Passionate', 'Charisma']",['Impatient'],Yes,Yes,Yes,Fail,Engineering,11566
Harwilll Pownall,19/02/2019,"{'Python': 3, 'C#': 3, 'SPSS': 4, 'C++': 5}","['Curious', 'Problem Solving']","['Anxious', 'Immature', 'Passive']",Yes,Yes,Yes,Pass,Data,11567
Arda Disbrow,13/02/2019,"{'R': 4, 'SPSS': 5}","['Creative', 'Innovative', 'Ambitious']","['Competitive', 'Procrastination', 'Introverted']",Yes,Yes,Yes,Pass,Data,11568
Gertrud Nind,12/02/2019,"{'Python': 1, 'R': 6, 'C++': 3}","['Curious', 'Patient']",['Critical'],Yes,No,Yes,Fail,Engineering,11569
Slade Cannavan,20/02/2019,{'Python': 2},"['Innovative', 'Perfectionism', 'Determined']","['Impulsive', 'Passive']",Yes,Yes,Yes,Pass,Data,11570
Kalil Mcpaike,14/02/2019,{'R': 3},['Ambitious'],['Distracted'],Yes,Yes,Yes,Pass,Business,11571
Trix Bowerbank,06/02/2019,{'C#': 4},"['Composure', 'Organisation', 'Charisma']",['Immature'],No,Yes,Yes,Fail,Business,11572
Wolf Cattermull,07/02/2019,"{'R': 2, 'SPSS': 5}","['Patient', 'Efficient', 'Passionate']",['Slow'],Yes,Yes,Yes,Fail,Engineering,11573
Dionysus Garter,13/02/2019,{'C++': 2},"['Competitive', 'Independent', 'Efficient']",['Perfectionist'],Yes,Yes,Yes,Pass,Data,11574
Avram Dank,07/02/2019,"{'C#': 1, 'SPSS': 2}",['Curious'],"['Distracted', 'Introverted']",No,No,Yes,Fail,Engineering,11575
Bert Spall,21/02/2019,"{'Ruby': 3, 'C++': 4, 'JavaScript': 3}",['Independent'],"['Impulsive', 'Distracted', 'Intolerant']",Yes,Yes,Yes,Pass,Data,11576
Georg Battman,26/02/2019,"{'Python': 3, 'C#': 3, 'R': 3, 'SPSS': 2, 'PHP': 1, 'C++': 3}","['Creative', 'Passionate', 'Listening']",['Introverted'],Yes,Yes,Yes,Pass,Business,11577
Nikola Giroldi,05/02/2019,"{'C#': 9, 'PHP': 1}","['Determined', 'Collaboration']","['Chaotic', 'Sensitive']",Yes,Yes,Yes,Pass,Business,11578
Lydie Broadfield,27/02/2019,"{'C#': 2, 'Java': 1, 'Ruby': 1, 'C++': 2, 'JavaScript': 1}","['Perfectionism', 'Creative', 'Critical Thinking']","['Passive', 'Chatty', 'Anxious']",Yes,Yes,Yes,Pass,Data,11579
Andrew Giurio,06/02/2019,"{'C#': 6, 'Java': 4, 'PHP': 2, 'JavaScript': 4}","['Versatile', 'Reliable']","['Slow', 'Distracted']",Yes,Yes,Yes,Fail,Engineering,11580
Millie Standell,21/02/2019,"{'C#': 4, 'Ruby': 4, 'R': 5, 'SPSS': 1, 'PHP': 3}","['Courteous', 'Charisma']","['Indifferent', 'Critical', 'Slow']",Yes,Yes,No,Fail,Data,11581
Aloin Ashment,12/02/2019,"{'C#': 4, 'Ruby': 5, 'R': 2}","['Critical Thinking', 'Collaboration', 'Innovative']","['Sensitive', 'Stubborn', 'Impatient']",Yes,Yes,Yes,Pass,Engineering,11582
Jere Jordine,13/02/2019,"{'Python': 3, 'C#': 4, 'Java': 3, 'R': 4, 'PHP': 1, 'C++': 1}",['Reliable'],"['Competitive', 'Conventional']",Yes,Yes,Yes,Fail,Data,11583
Rowe Fritter,05/02/2019,"{'C#': 2, 'PHP': 3}","['Organisation', 'Rational']","['Passive', 'Perfectionist']",Yes,Yes,Yes,Pass,Business,11584
Annie Rosa,06/02/2019,"{'Python': 7, 'C#': 2, 'Java': 6, 'PHP': 3}",['Rational'],"['Perfectionist', 'Impatient']",Yes,No,Yes,Fail,Data,11585
Daisie Wildsmith,05/02/2019,"{'Python': 3, 'R': 2, 'C++': 1}","['Courteous', 'Reliable']",['Introverted'],Yes,Yes,Yes,Pass,Business,11586
Herminia Brettel,13/02/2019,"{'Python': 2, 'Java': 3, 'JavaScript': 1}","['Innovative', 'Efficient']","['Stubborn', 'Controlling']",Yes,Yes,Yes,Pass,Business,11587
Marco Torra,19/02/2019,"{'Python': 3, 'Java': 5, 'R': 1, 'SPSS': 1, 'PHP': 2, 'C++': 5}",['Consistent'],['Anxious'],Yes,No,Yes,Fail,Data,11588
Marco Torra,19/02/2019,"{'Python': 3, 'Java': 5, 'R': 1, 'SPSS': 1, 'PHP': 2, 'C++': 5}",['Consistent'],['Anxious'],Yes,No,Yes,Fail,Data,11589
Nerissa Culvey,19/02/2019,"{'Python': 6, 'C#': 4, 'Ruby': 3, 'SPSS': 2}","['Versatile', 'Patient']","['Conventional', 'Chaotic', 'Chatty']",Yes,Yes,Yes,Fail,Data,11590
Shanon Oldknow,05/02/2019,"{'Python': 3, 'C#': 2, 'Java': 4, 'Ruby': 6, 'C++': 1, 'JavaScript': 4}","['Curious', 'Ambitious']","['Introverted', 'Chatty', 'Indecisive']",Yes,Yes,Yes,Pass,Data,11591
Jefferson Paynton,19/02/2019,"{'Python': 3, 'Ruby': 3, 'SPSS': 4, 'JavaScript': 6}","['Courteous', 'Ambitious']","['Undisciplined', 'Conventional']",Yes,Yes,Yes,Pass,Data,11592
Nicol Bragge,14/02/2019,"{'Java': 5, 'Ruby': 5, 'R': 3, 'SPSS': 5}","['Perfectionism', 'Passionate']","['Intolerant', 'Indifferent', 'Competitive']",Yes,Yes,Yes,Pass,Data,11593
Rollo Quarry,05/02/2019,,"['Patient', 'Problem Solving']",['Perfectionist'],Yes,Yes,Yes,Pass,Data,11594
Sophie Bosse,12/02/2019,"{'C#': 6, 'Ruby': 3, 'R': 4, 'SPSS': 3, 'PHP': 4, 'JavaScript': 8}",['Determined'],"['Chatty', 'Conventional']",Yes,Yes,Yes,Pass,Engineering,11595
Aldwin Pilgram,21/02/2019,{'JavaScript': 5},['Charisma'],"['Undisciplined', 'Overbearing', 'Immature']",Yes,Yes,Yes,Pass,Engineering,11596
Kyla Chadburn,27/02/2019,"{'Python': 7, 'R': 4, 'SPSS': 6, 'C++': 2, 'JavaScript': 3}","['Altruism', 'Courteous']",['Selfish'],Yes,Yes,Yes,Pass,Data,11597
Denyse Worley,21/02/2019,"{'Python': 3, 'C#': 2, 'R': 1}",['Empathy'],['Chaotic'],Yes,Yes,Yes,Pass,Data,11598
Thaxter Plaid,07/02/2019,"{'C#': 5, 'R': 3, 'C++': 2}","['Ambitious', 'Composure', 'Patient']","['Stubborn', 'Perfectionist', 'Competitive']",Yes,Yes,Yes,Pass,Business,11599
Gannie Lamberteschi,13/02/2019,"{'R': 4, 'JavaScript': 3}",['Composure'],"['Chatty', 'Introverted']",Yes,Yes,Yes,Pass,Engineering,11600
Dina Durbyn,12/02/2019,"{'Java': 1, 'Ruby': 1, 'SPSS': 1, 'PHP': 1}","['Ambitious', 'Altruism']","['Conventional', 'Slow']",Yes,Yes,Yes,Pass,Engineering,11601
Ashley Dempsey,27/02/2019,"{'C++': 2, 'JavaScript': 2}","['Independent', 'Charisma', 'Listening']","['Indecisive', 'Competitive']",Yes,Yes,Yes,Pass,Data,11602
Elroy Hatchell,19/02/2019,"{'C#': 5, 'Java': 4, 'SPSS': 1, 'PHP': 1}","['Innovative', 'Ambitious']",['Chatty'],Yes,Yes,Yes,Pass,Business,11603
Sigismond O'Heagertie,06/02/2019,"{'Python': 1, 'PHP': 1, 'JavaScript': 3}","['Empathy', 'Courteous', 'Reliable']","['Sensitive', 'Immature']",Yes,Yes,Yes,Fail,Data,11604
Chlo Fair,21/02/2019,"{'Python': 4, 'C#': 2, 'Java': 5, 'Ruby': 4, 'C++': 2}","['Critical Thinking', 'Versatile', 'Independent']",['Indifferent'],Yes,Yes,Yes,Pass,Engineering,11605
Loraine Colville,26/02/2019,"{'PHP': 2, 'JavaScript': 5}","['Curious', 'Efficient']","['Impulsive', 'Intolerant', 'Chatty']",Yes,Yes,Yes,Pass,Engineering,11606
Barbabas Huygens,19/02/2019,"{'Python': 3, 'Java': 4, 'R': 3, 'C++': 2}",['Competitive'],['Critical'],Yes,Yes,Yes,Pass,Engineering,11607
Olivier Veazey,06/02/2019,{'C++': 1},"['Creative', 'Collaboration', 'Empathy']",['Slow'],Yes,Yes,Yes,Pass,Engineering,11608
Hildagarde Churchlow,13/02/2019,"{'Python': 2, 'C#': 1, 'R': 3, 'JavaScript': 1}","['Courteous', 'Empathy']","['Indecisive', 'Critical', 'Chatty']",Yes,Yes,Yes,Pass,Business,11609
Abran Munson,20/02/2019,{'JavaScript': 3},"['Consistent', 'Reliable', 'Charisma']","['Critical', 'Chatty']",Yes,Yes,Yes,Pass,Business,11610
Brena Creeber,13/02/2019,"{'Python': 4, 'C#': 3}",['Versatile'],['Anxious'],Yes,Yes,Yes,Pass,Business,11611
Connor Gegg,14/02/2019,{'Python': 6},"['Rational', 'Organisation', 'Creative']","['Chaotic', 'Passive', 'Chatty']",Yes,Yes,Yes,Pass,Data,11612
Julita Benoy,19/02/2019,"{'C#': 5, 'Ruby': 2}","['Charisma', 'Efficient']",['Impulsive'],Yes,Yes,Yes,Pass,Business,11613
Terry Macvanamy,26/02/2019,"{'SPSS': 4, 'C++': 6}","['Competitive', 'Innovative', 'Reliable']","['Overbearing', 'Selfish', 'Passive']",No,Yes,No,Fail,Engineering,11614
Malachi Carlisso,19/02/2019,"{'Python': 2, 'Java': 1, 'Ruby': 1, 'SPSS': 3, 'PHP': 2}","['Critical Thinking', 'Ambitious', 'Versatile']","['Passive', 'Impulsive']",Yes,Yes,Yes,Pass,Engineering,11615
Leonhard Sogg,12/02/2019,"{'Ruby': 2, 'R': 2, 'C++': 1, 'JavaScript': 2}",['Listening'],"['Distracted', 'Indecisive', 'Perfectionist']",Yes,Yes,Yes,Pass,Data,11616
Sheridan Angeau,26/02/2019,"{'Java': 3, 'Ruby': 3}","['Rational', 'Independent', 'Patient']",['Stubborn'],Yes,Yes,Yes,Pass,Data,11617
Lilllie Kun,13/02/2019,"{'Java': 4, 'Ruby': 2, 'R': 2, 'C++': 3, 'JavaScript': 5}",['Independent'],"['Undisciplined', 'Chaotic', 'Introverted']",Yes,Yes,No,Fail,Data,11618
Abbe Ballard,21/02/2019,{'Ruby': 2},"['Determined', 'Courteous']",['Anxious'],Yes,Yes,Yes,Pass,Data,11619
Farah Ely,14/02/2019,,"['Ambitious', 'Perfectionism', 'Independent']","['Overbearing', 'Conventional']",Yes,No,Yes,Fail,Data,11620
Vale Trevarthen,13/02/2019,"{'Python': 3, 'C#': 3, 'Java': 2, 'R': 5, 'PHP': 1}","['Patient', 'Charisma']","['Critical', 'Impatient', 'Overbearing']",No,Yes,No,Fail,Data,11621
Verney Stieger,14/02/2019,"{'Python': 5, 'Ruby': 5, 'SPSS': 3, 'PHP': 2, 'JavaScript': 5}","['Passionate', 'Altruism']","['Procrastination', 'Distracted', 'Controlling']",No,Yes,Yes,Fail,Engineering,11622
Saxon Mctiernan,19/02/2019,{'C#': 1},"['Innovative', 'Determined', 'Listening']",['Sensitive'],Yes,Yes,Yes,Fail,Engineering,11623
Kaleb Cappel,05/02/2019,{'SPSS': 2},"['Perfectionism', 'Problem Solving']","['Conventional', 'Procrastination', 'Undisciplined']",Yes,Yes,Yes,Pass,Data,11624
Gussy Mathias,06/02/2019,"{'Python': 2, 'C#': 1, 'Ruby': 1, 'C++': 3, 'JavaScript': 4}","['Determined', 'Reliable']","['Sensitive', 'Conventional']",Yes,Yes,Yes,Pass,Data,11625
Hermann Caser,26/02/2019,"{'PHP': 1, 'C++': 4}","['Critical Thinking', 'Collaboration']",['Critical'],Yes,Yes,Yes,Pass,Data,11626
Verine Darter,27/02/2019,"{'Python': 4, 'R': 1}","['Collaboration', 'Ambitious', 'Perfectionism']","['Stubborn', 'Undisciplined']",Yes,No,Yes,Fail,Data,11627
Pace Delion,20/02/2019,{'Python': 1},['Empathy'],"['Slow', 'Sensitive', 'Competitive']",No,Yes,No,Fail,Data,11628
Rooney Sheldrick,21/02/2019,,"['Critical Thinking', 'Competitive', 'Independent']","['Immature', 'Passive', 'Critical']",Yes,Yes,Yes,Pass,Data,11629
Rooney Sheldrick,21/02/2019,,"['Critical Thinking', 'Competitive', 'Independent']","['Immature', 'Passive', 'Critical']",Yes,Yes,Yes,Pass,Data,11630
Tabitha Vowdon,12/02/2019,{'Java': 2},['Passionate'],"['Chaotic', 'Conventional', 'Chatty']",No,Yes,Yes,Fail,Engineering,11631
Alphard Marrison,05/02/2019,"{'C#': 3, 'Ruby': 4, 'PHP': 1}",['Empathy'],"['Passive', 'Perfectionist', 'Stubborn']",Yes,Yes,No,Fail,Data,11632
Christy Kyston,07/02/2019,"{'Python': 2, 'SPSS': 5}","['Consistent', 'Empathy']","['Indecisive', 'Immature', 'Conventional']",Yes,Yes,Yes,Pass,Business,11633
Inna Kidman,12/02/2019,"{'C#': 3, 'JavaScript': 5}","['Passionate', 'Critical Thinking']",['Stubborn'],Yes,Yes,Yes,Pass,Data,11634
Inna Kidman,12/02/2019,"{'C#': 3, 'JavaScript': 5}","['Passionate', 'Critical Thinking']",['Stubborn'],Yes,Yes,Yes,Pass,Data,11635
Sammy Gowrie,26/02/2019,"{'Python': 1, 'C#': 1, 'Java': 2}","['Efficient', 'Independent']","['Selfish', 'Distracted']",Yes,Yes,Yes,Pass,Engineering,11636
Zaneta Rowbottom,27/02/2019,"{'Python': 1, 'Ruby': 1, 'R': 2, 'SPSS': 3}",['Perfectionism'],"['Slow', 'Sensitive', 'Anxious']",No,Yes,Yes,Fail,Data,11637
Solly Kollas,14/02/2019,"{'C#': 1, 'Ruby': 1, 'R': 3, 'SPSS': 2, 'JavaScript': 3}","['Critical Thinking', 'Ambitious', 'Organisation']","['Impulsive', 'Passive']",Yes,Yes,Yes,Pass,Engineering,11638
Gaspard Dunn,28/02/2019,"{'R': 5, 'SPSS': 1, 'PHP': 1, 'C++': 2, 'JavaScript': 4}","['Consistent', 'Versatile', 'Perfectionism']",['Anxious'],Yes,Yes,Yes,Pass,Data,11639
Ali Shegog,26/02/2019,"{'C#': 3, 'C++': 3, 'JavaScript': 1}","['Independent', 'Altruism']","['Undisciplined', 'Indecisive', 'Conventional']",Yes,Yes,Yes,Pass,Engineering,11640
Liuka Drissell,20/02/2019,"{'R': 1, 'C++': 1}","['Problem Solving', 'Curious', 'Determined']","['Conventional', 'Impulsive']",Yes,Yes,Yes,Pass,Engineering,11641
Fabian Exell,13/02/2019,{'C++': 2},"['Listening', 'Efficient']","['Impatient', 'Perfectionist']",Yes,Yes,Yes,Pass,Engineering,11642
Howard Shipperbottom,26/02/2019,"{'C#': 3, 'Java': 4, 'R': 2, 'C++': 6, 'JavaScript': 4}","['Altruism', 'Consistent']",['Chatty'],No,No,No,Fail,Engineering,11643
Fletcher Ayllett,20/02/2019,"{'C#': 2, 'Java': 3, 'Ruby': 3, 'R': 2}",['Innovative'],['Introverted'],Yes,Yes,Yes,Pass,Data,11644
Kipp Le Huquet,14/02/2019,"{'C#': 1, 'C++': 5, 'JavaScript': 3}",['Ambitious'],['Immature'],No,No,Yes,Fail,Business,11645
Marmaduke Bratch,26/02/2019,"{'Python': 3, 'PHP': 6, 'C++': 2}","['Perfectionism', 'Creative']","['Indifferent', 'Selfish']",Yes,Yes,Yes,Pass,Data,11646
Rici Willingale,28/02/2019,"{'Ruby': 1, 'SPSS': 7}","['Rational', 'Competitive', 'Courteous']",['Introverted'],Yes,Yes,Yes,Fail,Business,11647
Randi Lebourn,12/02/2019,"{'Ruby': 3, 'R': 2}",['Courteous'],"['Introverted', 'Distracted', 'Chatty']",No,Yes,Yes,Fail,Data,11648
Bryanty Croal,06/02/2019,"{'Python': 1, 'C#': 3, 'Java': 4, 'Ruby': 4, 'R': 1, 'SPSS': 2, 'PHP': 1, 'JavaScript': 4}",['Listening'],['Impulsive'],Yes,Yes,Yes,Pass,Data,11649
Sonja Scibsey,14/02/2019,{'Ruby': 7},"['Creative', 'Empathy', 'Curious']","['Indecisive', 'Procrastination']",Yes,No,Yes,Fail,Business,11650
Elinore Dunnan,19/02/2019,"{'Python': 1, 'Java': 1, 'JavaScript': 1}",['Ambitious'],"['Controlling', 'Procrastination', 'Immature']",Yes,Yes,Yes,Fail,Engineering,11651
Auguste Armstead,28/02/2019,{'C++': 2},['Independent'],['Procrastination'],Yes,Yes,Yes,Pass,Business,11652
Kiel Mcmullen,12/02/2019,"{'Python': 3, 'C#': 3, 'Java': 3, 'C++': 1, 'JavaScript': 5}","['Curious', 'Consistent']",['Selfish'],Yes,Yes,Yes,Pass,Data,11653
Kerby Tranfield,28/02/2019,,['Innovative'],"['Procrastination', 'Anxious']",Yes,Yes,Yes,Pass,Data,11654
Jeromy Gauntley,28/02/2019,"{'Python': 4, 'C#': 1, 'Java': 2}",['Competitive'],['Intolerant'],Yes,No,Yes,Fail,Data,11655
Jacob Esley,28/02/2019,"{'Python': 1, 'R': 6, 'JavaScript': 1}","['Curious', 'Critical Thinking']","['Passive', 'Controlling', 'Immature']",Yes,Yes,No,Fail,Engineering,11656
Alessandra Krollmann,13/02/2019,"{'Java': 4, 'Ruby': 3, 'SPSS': 4}","['Problem Solving', 'Innovative', 'Creative']",['Perfectionist'],Yes,Yes,Yes,Pass,Engineering,11657
Hilary Foxen,06/02/2019,"{'Ruby': 2, 'PHP': 1}",['Efficient'],"['Conventional', 'Chaotic', 'Slow']",Yes,Yes,Yes,Pass,Business,11658
Katleen Siddon,28/02/2019,"{'C#': 4, 'Java': 1, 'JavaScript': 5}","['Consistent', 'Organisation', 'Rational']","['Passive', 'Controlling']",Yes,Yes,Yes,Pass,Data,11659
Kendal Timmens,27/02/2019,"{'C#': 4, 'Java': 4}","['Perfectionism', 'Determined', 'Consistent']","['Impatient', 'Immature']",No,Yes,Yes,Fail,Engineering,11660
Joy Critten,05/02/2019,"{'Python': 5, 'Java': 6, 'JavaScript': 2}","['Determined', 'Curious']","['Overbearing', 'Impulsive', 'Selfish']",Yes,Yes,Yes,Fail,Engineering,11661
Rosmunda Dionisetti,28/02/2019,"{'Ruby': 6, 'JavaScript': 4}","['Rational', 'Reliable']","['Controlling', 'Anxious']",Yes,Yes,Yes,Fail,Business,11662
Bryanty Garbutt,21/02/2019,"{'Ruby': 4, 'R': 2, 'SPSS': 7, 'JavaScript': 2}","['Composure', 'Courteous']",['Introverted'],Yes,Yes,Yes,Pass,Data,11663
Ilaire Ord,27/02/2019,"{'Ruby': 1, 'R': 1}","['Listening', 'Empathy']",['Sensitive'],Yes,Yes,Yes,Pass,Business,11664
Hilarius Zywicki,19/02/2019,"{'Python': 2, 'SPSS': 2, 'C++': 6}",['Charisma'],['Undisciplined'],Yes,Yes,Yes,Pass,Engineering,11665
Vail Noen,12/02/2019,"{'Ruby': 1, 'C++': 2}",['Organisation'],['Chaotic'],Yes,Yes,Yes,Pass,Engineering,11666
Jilly Lampett,07/02/2019,"{'Python': 4, 'Ruby': 2, 'PHP': 5}","['Charisma', 'Courteous', 'Curious']",['Stubborn'],Yes,Yes,Yes,Pass,Business,11667
Elysee Mardoll,19/02/2019,"{'Python': 4, 'Java': 5, 'PHP': 2, 'C++': 5}",['Passionate'],['Slow'],Yes,Yes,No,Fail,Data,11668
Cissy Arnoult,20/02/2019,"{'Python': 3, 'Ruby': 2, 'SPSS': 5, 'C++': 5, 'JavaScript': 3}","['Versatile', 'Independent', 'Passionate']",['Sensitive'],Yes,Yes,Yes,Pass,Data,11669
Weston Bakes,26/02/2019,"{'Python': 2, 'Java': 1, 'JavaScript': 1}","['Independent', 'Composure', 'Ambitious']","['Sensitive', 'Perfectionist']",Yes,Yes,Yes,Pass,Data,11670
Padget Gillyatt,05/02/2019,"{'Python': 4, 'C#': 3}","['Passionate', 'Problem Solving', 'Creative']",['Indecisive'],Yes,Yes,Yes,Pass,Data,11671
Brinna Bridle,21/02/2019,"{'Python': 3, 'R': 3, 'SPSS': 1, 'JavaScript': 1}","['Rational', 'Perfectionism']","['Critical', 'Procrastination', 'Chatty']",Yes,Yes,Yes,Pass,Engineering,11672
Brinna Bridle,21/02/2019,"{'Python': 3, 'R': 3, 'SPSS': 1, 'JavaScript': 1}","['Rational', 'Perfectionism']","['Critical', 'Procrastination', 'Chatty']",Yes,Yes,Yes,Pass,Engineering,11673
Emmalynn Valentetti,05/02/2019,"{'Java': 2, 'Ruby': 4, 'C++': 7, 'JavaScript': 3}",['Determined'],"['Controlling', 'Passive']",Yes,Yes,Yes,Pass,Engineering,11674
Ealasaid Badcock,26/02/2019,"{'C#': 6, 'Ruby': 3, 'SPSS': 1}","['Ambitious', 'Perfectionism']",['Undisciplined'],Yes,Yes,Yes,Pass,Engineering,11675
Stanfield Collison,27/02/2019,"{'R': 4, 'C++': 3, 'JavaScript': 5}","['Passionate', 'Competitive']",['Undisciplined'],Yes,Yes,No,Fail,Data,11676
Edin Elie,26/02/2019,"{'Python': 3, 'JavaScript': 2}","['Patient', 'Rational']","['Anxious', 'Overbearing']",Yes,Yes,Yes,Pass,Data,11677
Ruy Wythill,20/02/2019,"{'C#': 2, 'R': 4}",['Reliable'],"['Stubborn', 'Selfish', 'Passive']",Yes,Yes,Yes,Pass,Engineering,11678
Shawn Bowmer,07/02/2019,"{'Python': 3, 'SPSS': 4, 'JavaScript': 2}","['Listening', 'Empathy']",['Passive'],Yes,Yes,Yes,Pass,Data,11679
Marianne Pietruszka,27/02/2019,"{'Python': 3, 'R': 1}",['Patient'],['Chatty'],Yes,Yes,Yes,Pass,Data,11680
Arley Pinnegar,05/02/2019,"{'C#': 5, 'Java': 5, 'Ruby': 2, 'R': 2, 'JavaScript': 2}","['Innovative', 'Determined']",['Selfish'],Yes,Yes,No,Fail,Engineering,11681
Wash Mchaffy,21/02/2019,"{'Python': 2, 'C#': 7, 'Java': 1, 'JavaScript': 2}","['Composure', 'Problem Solving', 'Ambitious']","['Passive', 'Chaotic']",Yes,Yes,Yes,Pass,Data,11682
El Durante,13/02/2019,"{'Python': 1, 'C#': 1, 'SPSS': 3, 'JavaScript': 4}",['Curious'],"['Indecisive', 'Anxious']",Yes,Yes,Yes,Pass,Data,11683
Benedick Arnhold,13/02/2019,"{'Ruby': 3, 'SPSS': 3}","['Determined', 'Innovative']","['Procrastination', 'Conventional']",Yes,Yes,Yes,Pass,Business,11684
Shea Skillett,19/02/2019,"{'Python': 2, 'C#': 9, 'Java': 3}",['Creative'],"['Procrastination', 'Anxious', 'Chaotic']",Yes,Yes,Yes,Pass,Engineering,11685
Carmel Rishworth,27/02/2019,{'Ruby': 2},"['Consistent', 'Innovative']","['Impulsive', 'Stubborn']",Yes,Yes,Yes,Pass,Business,11686
Marika Massard,26/02/2019,"{'R': 4, 'PHP': 3}","['Versatile', 'Innovative']","['Perfectionist', 'Passive', 'Stubborn']",No,Yes,Yes,Fail,Data,11687
Jasper Moehle,27/02/2019,"{'Python': 2, 'R': 4}","['Patient', 'Courteous', 'Altruism']",['Indifferent'],Yes,Yes,Yes,Pass,Business,11688
Luce Midden,13/02/2019,"{'Python': 5, 'C#': 2, 'SPSS': 3, 'JavaScript': 3}",['Consistent'],"['Intolerant', 'Sensitive', 'Conventional']",No,Yes,Yes,Fail,Business,11689
Des Dimond,07/02/2019,{'Java': 2},['Composure'],"['Undisciplined', 'Anxious', 'Competitive']",Yes,Yes,Yes,Pass,Engineering,11690
Cleve Hallbord,19/02/2019,"{'R': 1, 'SPSS': 1, 'PHP': 4, 'JavaScript': 4}","['Composure', 'Empathy', 'Efficient']","['Slow', 'Passive']",Yes,Yes,Yes,Pass,Data,11691
Amos Vasnev,13/02/2019,"{'Ruby': 2, 'R': 3, 'PHP': 2}",['Rational'],['Chaotic'],No,Yes,Yes,Fail,Data,11692
Dukey Paddemore,12/02/2019,"{'Python': 2, 'C#': 6, 'Java': 2, 'Ruby': 1, 'R': 4, 'SPSS': 1}","['Organisation', 'Reliable']","['Sensitive', 'Passive', 'Introverted']",Yes,No,Yes,Fail,Business,11693
Elinore Bevis,28/02/2019,"{'Python': 6, 'C#': 4, 'PHP': 2, 'JavaScript': 2}","['Rational', 'Consistent', 'Innovative']",['Introverted'],No,Yes,Yes,Fail,Engineering,11694
Felicity Biggans,05/02/2019,"{'Python': 6, 'R': 2, 'SPSS': 4}","['Rational', 'Efficient']","['Sensitive', 'Impulsive']",Yes,No,Yes,Fail,Data,11695
Gal Wallwood,26/02/2019,"{'Java': 5, 'JavaScript': 1}",['Critical Thinking'],['Indecisive'],Yes,Yes,Yes,Pass,Engineering,11696
Easter Ragless,14/02/2019,"{'Python': 1, 'Java': 3, 'SPSS': 3}","['Curious', 'Independent']","['Stubborn', 'Sensitive']",Yes,Yes,Yes,Pass,Engineering,11697
Othella Gorriessen,21/02/2019,"{'R': 3, 'SPSS': 2, 'JavaScript': 1}","['Passionate', 'Reliable', 'Problem Solving']","['Slow', 'Selfish']",Yes,Yes,Yes,Pass,Engineering,11698
Idaline Gadeaux,27/02/2019,"{'Java': 1, 'Ruby': 3}","['Versatile', 'Collaboration', 'Organisation']",['Indecisive'],Yes,Yes,Yes,Pass,Data,11699
Alfons Marchington,14/02/2019,{'PHP': 2},"['Organisation', 'Versatile', 'Ambitious']","['Introverted', 'Undisciplined', 'Impatient']",Yes,Yes,Yes,Pass,Business,11700
Adolph Andreia,27/02/2019,{'SPSS': 3},"['Organisation', 'Innovative', 'Determined']","['Procrastination', 'Impatient']",Yes,Yes,Yes,Pass,Business,11701
Casar Broseman,28/02/2019,"{'Python': 2, 'C#': 1, 'PHP': 1}","['Reliable', 'Listening', 'Rational']","['Selfish', 'Undisciplined', 'Conventional']",Yes,Yes,Yes,Pass,Data,11702
Eydie Tanton,14/02/2019,"{'Python': 2, 'C#': 6, 'Ruby': 1, 'C++': 4, 'JavaScript': 3}","['Efficient', 'Courteous']","['Intolerant', 'Chaotic', 'Indecisive']",Yes,Yes,Yes,Pass,Data,11703
Aubert Greally,12/02/2019,"{'C#': 4, 'Ruby': 6, 'SPSS': 1}","['Empathy', 'Efficient', 'Problem Solving']","['Conventional', 'Intolerant', 'Indifferent']",No,Yes,Yes,Fail,Data,11704
Colene Degli Antoni,05/02/2019,"{'Java': 1, 'SPSS': 2, 'PHP': 1}","['Competitive', 'Composure', 'Efficient']","['Impatient', 'Conventional']",Yes,Yes,Yes,Pass,Business,11705
Manya Ajsik,12/02/2019,"{'Python': 2, 'C#': 2, 'Java': 2, 'Ruby': 2}","['Consistent', 'Ambitious', 'Innovative']",['Procrastination'],Yes,Yes,Yes,Pass,Data,11706
Ervin Jerche,12/02/2019,"{'Python': 4, 'C#': 2, 'Ruby': 1, 'R': 5}","['Organisation', 'Efficient']","['Introverted', 'Procrastination']",Yes,Yes,Yes,Pass,Engineering,11707
Gardiner Di Ruggiero,07/02/2019,"{'C#': 2, 'SPSS': 2, 'PHP': 3, 'C++': 3}","['Critical Thinking', 'Independent']","['Controlling', 'Procrastination']",Yes,Yes,Yes,Pass,Data,11708
Zak Hawes,14/02/2019,"{'C#': 4, 'Ruby': 1, 'R': 3, 'SPSS': 4}","['Ambitious', 'Versatile', 'Passionate']","['Overbearing', 'Distracted']",Yes,Yes,Yes,Pass,Engineering,11709
Silvester Caller,13/02/2019,"{'R': 3, 'PHP': 1, 'C++': 4}",['Rational'],"['Slow', 'Perfectionist', 'Indecisive']",Yes,Yes,Yes,Pass,Data,11710
Raimundo Stacey,05/02/2019,"{'Python': 6, 'Java': 1, 'Ruby': 3}","['Versatile', 'Collaboration', 'Charisma']",['Indecisive'],Yes,Yes,Yes,Fail,Business,11711
Garrett Sprulls,19/02/2019,"{'Ruby': 1, 'R': 5, 'SPSS': 1, 'PHP': 1, 'JavaScript': 2}","['Altruism', 'Patient', 'Determined']","['Sensitive', 'Passive']",Yes,No,Yes,Fail,Engineering,11712
Felicio Mcgillivray,05/02/2019,{'Java': 4},['Composure'],"['Competitive', 'Undisciplined']",Yes,Yes,No,Fail,Engineering,11713
Bryanty Antonnikov,20//02/2019,"{'C#': 1, 'R': 3, 'PHP': 4}","['Charisma', 'Courteous', 'Curious']","['Anxious', 'Procrastination']",Yes,Yes,No,Fail,Engineering,11714
Maggy O'Cleary,26/02/2019,"{'Python': 5, 'Java': 2, 'R': 4, 'SPSS': 4, 'C++': 7, 'JavaScript': 3}",['Efficient'],"['Slow', 'Chatty']",Yes,Yes,Yes,Pass,Business,11715
Costa Macvey,06/02/2019,"{'C#': 5, 'Java': 5}","['Perfectionism', 'Composure']",['Indifferent'],Yes,Yes,Yes,Pass,Business,11716
Phillis Melin,13/02/2019,{'JavaScript': 1},"['Composure', 'Courteous']","['Intolerant', 'Chaotic', 'Distracted']",Yes,Yes,Yes,Pass,Business,11717
Bobbye Hains,26/02/2019,"{'C#': 5, 'Java': 2, 'JavaScript': 1}","['Ambitious', 'Organisation']","['Perfectionist', 'Distracted']",Yes,Yes,Yes,Pass,Business,11718
Thorpe Pettett,28/02/2019,"{'Python': 5, 'Ruby': 5, 'PHP': 2, 'C++': 2, 'JavaScript': 5}","['Creative', 'Charisma']","['Perfectionist', 'Indifferent']",Yes,Yes,Yes,Pass,Business,11719
Llywellyn Hoggins,21/02/2019,"{'C#': 1, 'JavaScript': 2}","['Perfectionism', 'Versatile']",['Impulsive'],Yes,Yes,Yes,Pass,Business,11720
Marni Mumberson,06/02/2019,"{'Python': 6, 'C#': 2, 'PHP': 2}",['Rational'],"['Undisciplined', 'Distracted']",Yes,Yes,Yes,Pass,Engineering,11721
Corette Gislebert,27/02/2019,"{'C#': 3, 'Ruby': 3, 'R': 1}",['Determined'],['Impulsive'],Yes,Yes,Yes,Pass,Engineering,11722
Abby Pallatina,07/02/2019,"{'C#': 2, 'Java': 6, 'JavaScript': 4}",['Ambitious'],['Selfish'],Yes,Yes,Yes,Pass,Business,11723
Josy Nell,07/02/2019,"{'Python': 2, 'Java': 3, 'JavaScript': 4}",['Ambitious'],['Immature'],Yes,Yes,Yes,Pass,Engineering,11724
Adiana Almey,28/02/2019,"{'Java': 1, 'SPSS': 2, 'PHP': 2, 'C++': 2, 'JavaScript': 4}",['Empathy'],"['Passive', 'Critical', 'Impatient']",Yes,Yes,Yes,Pass,Business,11725
Paxon Witcombe,07/02/2019,"{'C#': 3, 'Java': 5, 'R': 2, 'C++': 6}","['Composure', 'Collaboration']",['Critical'],Yes,Yes,Yes,Pass,Data,11726
Caryn Adriaan,05/02/2019,"{'Python': 1, 'JavaScript': 2}",['Organisation'],"['Immature', 'Indifferent', 'Critical']",Yes,Yes,Yes,Pass,Engineering,11727
Broderic Bradick,06/02/2019,"{'Python': 2, 'C#': 3, 'SPSS': 1}",['Curious'],"['Undisciplined', 'Chatty']",Yes,Yes,Yes,Pass,Engineering,11728
Bond Kimmel,07/02/2019,"{'Python': 5, 'C#': 3, 'Java': 3, 'C++': 1}","['Perfectionism', 'Determined']","['Immature', 'Intolerant']",Yes,Yes,Yes,Pass,Business,11729
Lorrin Filler,21/02/2019,"{'Java': 5, 'Ruby': 5, 'R': 6, 'SPSS': 5}","['Organisation', 'Listening']","['Passive', 'Indifferent', 'Perfectionist']",Yes,No,Yes,Fail,Engineering,11730
Shelba Westnage,14/02/2019,"{'Java': 8, 'R': 4}",['Efficient'],['Stubborn'],Yes,Yes,Yes,Fail,Engineering,11731
Jacklyn Millhouse,21/02/2019,"{'Java': 1, 'R': 3, 'SPSS': 3}",['Curious'],['Critical'],Yes,Yes,Yes,Pass,Engineering,11732
Jard Antonowicz,26/02/2019,{'C++': 2},"['Independent', 'Listening']","['Indifferent', 'Introverted']",Yes,Yes,Yes,Pass,Data,11733
Sampson Prettejohns,27/02/2019,"{'Python': 2, 'Ruby': 2, 'SPSS': 1}","['Efficient', 'Innovative', 'Listening']","['Overbearing', 'Procrastination']",Yes,Yes,Yes,Fail,Engineering,11734
Allyn Mccrum,12/02/2019,"{'SPSS': 1, 'PHP': 1, 'C++': 3}","['Organisation', 'Passionate', 'Perfectionism']","['Competitive', 'Chaotic']",Yes,Yes,No,Fail,Business,11735
Norah Bowen,26/02/2019,"{'Ruby': 4, 'SPSS': 6, 'C++': 1, 'JavaScript': 4}",['Rational'],"['Undisciplined', 'Selfish']",Yes,Yes,Yes,Pass,Business,11736
Diandra Searles,05/02/2019,"{'R': 2, 'C++': 1}","['Ambitious', 'Passionate']",['Undisciplined'],Yes,Yes,Yes,Pass,Business,11737
Andrey Lawlance,05/02/2019,"{'Java': 8, 'Ruby': 1, 'R': 5}",['Determined'],"['Stubborn', 'Procrastination']",Yes,Yes,Yes,Pass,Business,11738
Hillel Connechie,07/02/2019,"{'Java': 3, 'R': 3, 'SPSS': 7}","['Passionate', 'Efficient', 'Charisma']","['Passive', 'Overbearing', 'Procrastination']",Yes,Yes,Yes,Pass,Data,11739
Gardie Charsley,20/02/2019,"{'Python': 3, 'Java': 2, 'Ruby': 2, 'SPSS': 4}","['Collaboration', 'Reliable', 'Organisation']",['Immature'],Yes,Yes,Yes,Pass,Engineering,11740
Jozef Vedekhin,19/02/2019,"{'Python': 3, 'Java': 6, 'JavaScript': 4}","['Empathy', 'Creative']","['Controlling', 'Impatient']",Yes,Yes,Yes,Fail,Engineering,11741
Alick Padkin,28/02/2019,"{'C#': 3, 'Java': 4, 'R': 4, 'C++': 2, 'JavaScript': 6}","['Problem Solving', 'Patient', 'Composure']","['Critical', 'Procrastination']",Yes,No,Yes,Fail,Engineering,11742
Edgardo Hemphall,28/02/2019,"{'Java': 1, 'SPSS': 5, 'PHP': 1}","['Reliable', 'Efficient']","['Selfish', 'Overbearing']",Yes,Yes,Yes,Pass,Engineering,11743
Carroll Benyon,05/02/2019,"{'PHP': 3, 'C++': 3, 'JavaScript': 3}","['Empathy', 'Collaboration', 'Charisma']",['Indifferent'],Yes,Yes,Yes,Pass,Data,11744
Beverie Moberley,22/01/2019,"{'R': 4, 'SPSS': 1, 'C++': 2}","['Collaboration', 'Versatile', 'Problem Solving']","['Conventional', 'Slow']",Yes,Yes,Yes,Pass,Business,11745
Sue Barfitt,10/01/2019,"{'PHP': 1, 'JavaScript': 4}",['Reliable'],"['Anxious', 'Controlling', 'Immature']",Yes,Yes,Yes,Pass,Business,11746
Kiley Clavey,31/01/2019,"{'C#': 1, 'Java': 5}","['Rational', 'Collaboration', 'Competitive']",['Chaotic'],Yes,No,Yes,Fail,Data,11747
Windham Biagi,23/01/2019,"{'Python': 3, 'Ruby': 3, 'PHP': 1}","['Patient', 'Critical Thinking']","['Distracted', 'Introverted']",Yes,Yes,Yes,Pass,Engineering,11748
Skippy Worrell,29/01/2019,"{'C#': 3, 'C++': 4, 'JavaScript': 6}","['Charisma', 'Curious', 'Efficient']","['Selfish', 'Stubborn']",Yes,Yes,Yes,Fail,Data,11749
Agneta Fantini,17/01/2019,"{'C#': 4, 'Java': 2, 'Ruby': 3, 'C++': 1}","['Charisma', 'Perfectionism']",['Procrastination'],Yes,Yes,Yes,Pass,Business,11750
Tucky Duffet,22/01/2019,"{'Ruby': 6, 'SPSS': 7, 'JavaScript': 7}",['Innovative'],"['Distracted', 'Sensitive']",Yes,Yes,Yes,Pass,Engineering,11751
Em Dun,15/01/2019,"{'Python': 2, 'Java': 3}","['Innovative', 'Altruism']",['Indecisive'],Yes,Yes,Yes,Pass,Data,11752
Kit Oddboy,24/01/2019,"{'C#': 1, 'R': 8}","['Versatile', 'Reliable']","['Controlling', 'Passive', 'Perfectionist']",Yes,Yes,Yes,Pass,Business,11753
Lorianna Weinham,16/01/2019,{'Python': 3},['Collaboration'],['Slow'],Yes,Yes,Yes,Pass,Engineering,11754
Talya Placidi,02/01/2019,"{'R': 1, 'C++': 2, 'JavaScript': 3}","['Composure', 'Independent']",['Conventional'],Yes,No,Yes,Fail,Business,11755
Andee Plowman,30/01/2019,"{'Java': 2, 'Ruby': 4, 'SPSS': 5}","['Perfectionism', 'Determined']","['Chatty', 'Chaotic']",Yes,Yes,Yes,Pass,Data,11756
Mallory Challis,30/01/2019,"{'C#': 4, 'C++': 1}","['Organisation', 'Ambitious', 'Efficient']",['Indecisive'],Yes,Yes,Yes,Pass,Data,11757
Zea Barette,10/01/2019,{'R': 4},"['Ambitious', 'Collaboration']","['Procrastination', 'Anxious', 'Controlling']",Yes,Yes,No,Fail,Business,11758
Allyn Nazair,29/01/2019,"{'Python': 7, 'C#': 8, 'Ruby': 4, 'R': 3, 'SPSS': 6, 'PHP': 2, 'JavaScript': 2}","['Organisation', 'Independent', 'Rational']","['Overbearing', 'Undisciplined']",Yes,Yes,Yes,Pass,Business,11759
Almire Tewkesberry,31/01/2019,"{'Ruby': 1, 'C++': 1}",['Ambitious'],"['Competitive', 'Sensitive', 'Immature']",Yes,Yes,Yes,Pass,Business,11760
Ernst Gidney,09/01/2019,"{'Python': 2, 'Java': 1, 'R': 1}",['Courteous'],"['Chaotic', 'Slow', 'Perfectionist']",No,Yes,Yes,Fail,Business,11761
Roxanne Edie,16/01/2019,"{'SPSS': 1, 'JavaScript': 1}","['Patient', 'Creative', 'Reliable']",['Perfectionist'],No,Yes,Yes,Fail,Data,11762
Tara Surmeir,22/01/2019,"{'PHP': 3, 'JavaScript': 2}","['Ambitious', 'Perfectionism', 'Critical Thinking']","['Conventional', 'Chaotic', 'Passive']",Yes,Yes,Yes,Pass,Engineering,11763
Reeta Mcgawn,03/01/2019,"{'Java': 4, 'Ruby': 12, 'R': 4, 'PHP': 1, 'C++': 6}","['Problem Solving', 'Rational']",['Anxious'],Yes,Yes,Yes,Pass,Data,11764
Cly Greatrex,29/01/2019,"{'Ruby': 7, 'SPSS': 2}",['Efficient'],"['Distracted', 'Introverted']",Yes,Yes,Yes,Pass,Data,11765
Kristin Hillborne,22/01/2019,"{'Ruby': 5, 'SPSS': 3}",['Competitive'],"['Introverted', 'Anxious']",Yes,Yes,Yes,Pass,Business,11766
Sibley Kneaphsey,24/01/2019,"{'Ruby': 3, 'R': 3}",['Passionate'],"['Procrastination', 'Undisciplined', 'Chaotic']",Yes,Yes,Yes,Pass,Engineering,11767
Abigail Dunsmore,16/01/2019,"{'Python': 4, 'Ruby': 2, 'C++': 6}","['Curious', 'Determined']","['Indecisive', 'Perfectionist']",Yes,Yes,Yes,Pass,Business,11768
Crysta Aikett,02/01/2019,"{'Python': 5, 'SPSS': 4}",['Determined'],['Impatient'],Yes,Yes,Yes,Pass,Data,11769
Abbie Clifton,22/01/2019,"{'PHP': 2, 'C++': 2}","['Creative', 'Versatile']",['Impatient'],Yes,Yes,No,Fail,Engineering,11770
Cassius Whatling,29/01/2019,"{'Python': 4, 'Java': 2}","['Listening', 'Courteous']",['Critical'],Yes,Yes,Yes,Pass,Engineering,11771
Arte Dimbylow,22/01/2019,{'R': 2},"['Consistent', 'Organisation', 'Independent']","['Competitive', 'Passive', 'Anxious']",No,Yes,Yes,Fail,Engineering,11772
Meggie Sidsaff,10/01/2019,"{'C#': 2, 'R': 2, 'SPSS': 2, 'PHP': 2, 'C++': 1, 'JavaScript': 2}","['Rational', 'Ambitious', 'Creative']",['Slow'],Yes,No,Yes,Fail,Engineering,11773
Lurleen Symson,22/01/2019,"{'Python': 1, 'Java': 3, 'Ruby': 1, 'R': 1, 'PHP': 2}","['Collaboration', 'Passionate']","['Anxious', 'Indifferent']",Yes,Yes,Yes,Pass,Engineering,11774
Clemmie Kayley,15/01/2019,"{'Python': 2, 'C#': 3, 'Java': 4, 'SPSS': 4, 'C++': 5}","['Ambitious', 'Listening']","['Slow', 'Chatty']",Yes,Yes,Yes,Pass,Engineering,11775
Thorny Uwins,15/01/2019,"{'Python': 2, 'C#': 3, 'Ruby': 2, 'C++': 6, 'JavaScript': 3}","['Passionate', 'Composure']","['Stubborn', 'Selfish']",Yes,No,Yes,Fail,Business,11776
Alonso Hulkes,08/01/2019,"{'Java': 6, 'R': 4, 'C++': 4}","['Composure', 'Problem Solving']","['Intolerant', 'Immature', 'Indifferent']",Yes,Yes,Yes,Pass,Business,11777
Edsel Gingell,08/01/2019,"{'C#': 2, 'Java': 4, 'C++': 2}","['Patient', 'Curious', 'Creative']",['Perfectionist'],Yes,Yes,Yes,Pass,Engineering,11778
Goran Eton,16/01/2019,"{'Python': 7, 'C#': 1, 'Java': 3, 'R': 1, 'SPSS': 4}","['Critical Thinking', 'Altruism', 'Innovative']",['Stubborn'],Yes,Yes,Yes,Pass,Business,11779
Maxy Heeley,30/01/2019,"{'Python': 5, 'Java': 2, 'Ruby': 3}","['Passionate', 'Efficient']","['Stubborn', 'Undisciplined', 'Perfectionist']",Yes,Yes,Yes,Fail,Data,11780
Gui Graine,10/01/2019,,['Listening'],"['Perfectionist', 'Overbearing', 'Sensitive']",Yes,Yes,No,Fail,Engineering,11781
Stinky Goulter,30/01/2019,{'Ruby': 3},['Reliable'],"['Chaotic', 'Impulsive']",Yes,Yes,Yes,Pass,Data,11782
Carmelia Huzzay,23/01/2019,"{'C#': 3, 'Java': 5, 'R': 4, 'PHP': 2}",['Determined'],['Undisciplined'],Yes,Yes,Yes,Pass,Engineering,11783
Raquela Elcox,16/01/2019,{'C++': 6},['Courteous'],"['Competitive', 'Slow']",Yes,Yes,Yes,Pass,Data,11784
Rodrick Henworth,03/01/2019,{'JavaScript': 2},['Curious'],['Introverted'],Yes,Yes,Yes,Pass,Engineering,11785
Salvidor Dalrymple,29/01/2019,"{'Python': 2, 'C#': 2}","['Independent', 'Patient']","['Sensitive', 'Distracted']",No,Yes,Yes,Fail,Business,11786
Carolann Bumby,10/01/2019,"{'Python': 2, 'C#': 4, 'Java': 4, 'SPSS': 3, 'JavaScript': 1}",['Competitive'],"['Controlling', 'Procrastination']",Yes,Yes,Yes,Pass,Business,11787
Briana Brader,31/01/2019,"{'C#': 4, 'Java': 3, 'SPSS': 3}","['Determined', 'Creative', 'Charisma']","['Impatient', 'Indecisive', 'Passive']",Yes,Yes,Yes,Fail,Business,11788
Luther Waddilow,23/01/2019,"{'Java': 2, 'R': 4}","['Efficient', 'Reliable']","['Indifferent', 'Impatient', 'Passive']",No,Yes,Yes,Fail,Data,11789
Deonne Simionato,31/01/2019,"{'C#': 4, 'C++': 2}","['Competitive', 'Courteous', 'Patient']","['Critical', 'Chatty']",Yes,Yes,Yes,Pass,Data,11790
Florance Nann,03/01/2019,"{'Python': 4, 'R': 2}","['Listening', 'Collaboration', 'Perfectionism']","['Selfish', 'Overbearing', 'Conventional']",Yes,Yes,Yes,Pass,Data,11791
Cozmo Abel,31/01/2019,"{'Python': 2, 'SPSS': 4, 'PHP': 1}","['Determined', 'Innovative', 'Competitive']","['Chaotic', 'Stubborn']",Yes,Yes,Yes,Fail,Business,11792
Dalila Hyett,08/01/2019,"{'Python': 1, 'Ruby': 1, 'R': 3, 'SPSS': 3, 'C++': 1, 'JavaScript': 2}","['Collaboration', 'Efficient']",['Critical'],Yes,Yes,Yes,Fail,Business,11793
Dorey Mcquillan,15/01/2019,"{'Ruby': 1, 'PHP': 1, 'C++': 2}","['Composure', 'Reliable']",['Chatty'],Yes,Yes,Yes,Pass,Business,11794
Danya Sedgefield,10/01/2019,"{'Python': 6, 'Java': 3, 'Ruby': 2, 'C++': 5, 'JavaScript': 3}","['Problem Solving', 'Ambitious']",['Competitive'],Yes,Yes,Yes,Pass,Engineering,11795
Giorgio Piller,22/01/2019,"{'Python': 2, 'C#': 3, 'R': 3, 'JavaScript': 5}","['Creative', 'Versatile']","['Chatty', 'Conventional', 'Chaotic']",Yes,Yes,No,Fail,Business,11796
Giorgio Piller,22/01/2019,"{'Python': 2, 'C#': 3, 'R': 3, 'JavaScript': 5}","['Creative', 'Versatile']","['Chatty', 'Conventional', 'Chaotic']",Yes,Yes,No,Fail,Business,11797
Fran Gebbie,24/01/2019,,"['Efficient', 'Organisation']",['Stubborn'],Yes,Yes,No,Fail,Data,11798
Rheta Assel,02/01/2019,"{'Python': 4, 'Ruby': 1, 'R': 3, 'C++': 3}",['Independent'],"['Passive', 'Perfectionist', 'Overbearing']",Yes,Yes,Yes,Pass,Business,11799
Yolanda Fosse,16/01/2019,"{'C#': 4, 'Java': 1, 'Ruby': 1, 'R': 1, 'SPSS': 1, 'JavaScript': 4}","['Passionate', 'Critical Thinking']","['Indecisive', 'Controlling', 'Introverted']",Yes,Yes,Yes,Pass,Business,11800
Lemmie Jendrich,31/01/2019,{'Java': 2},['Efficient'],['Overbearing'],No,Yes,Yes,Fail,Business,11801
Marga Simmig,15/01/2019,"{'C#': 5, 'R': 1}","['Altruism', 'Creative']","['Competitive', 'Immature', 'Controlling']",Yes,Yes,Yes,Pass,Business,11802
Merry Chesher,30/01/2019,"{'Ruby': 4, 'SPSS': 2, 'C++': 1}","['Critical Thinking', 'Efficient', 'Competitive']","['Slow', 'Chaotic']",Yes,Yes,Yes,Pass,Business,11803
Sileas Golson,29/01/2019,{'C++': 4},['Courteous'],"['Perfectionist', 'Competitive', 'Sensitive']",Yes,Yes,Yes,Pass,Engineering,11804
Corri Pund,16/01/2019,"{'SPSS': 4, 'C++': 3}","['Listening', 'Innovative']","['Introverted', 'Indecisive', 'Critical']",Yes,Yes,Yes,Pass,Engineering,11805
Abeu Rimmer,22/01/2019,"{'Python': 5, 'Java': 1, 'R': 1, 'PHP': 2, 'C++': 2, 'JavaScript': 4}","['Consistent', 'Empathy']",['Stubborn'],Yes,Yes,No,Fail,Engineering,11806
Pamela Gadman,31/01/2019,"{'Python': 1, 'C#': 6}",['Competitive'],['Conventional'],Yes,Yes,Yes,Fail,Data,11807
Cissy Deeble,03/01/2019,"{'Java': 5, 'C++': 4}","['Determined', 'Curious', 'Creative']","['Sensitive', 'Competitive']",Yes,Yes,Yes,Pass,Data,11808
Stephan Bahls,16/01/2019,,"['Listening', 'Rational', 'Creative']",['Chaotic'],Yes,Yes,Yes,Pass,Data,11809
Patrice Prescott,24/01/2019,"{'C#': 2, 'Ruby': 3, 'R': 2, 'C++': 5, 'JavaScript': 5}",['Passionate'],['Competitive'],Yes,Yes,Yes,Pass,Business,11810
Farrell Normington,03/01/2019,,"['Creative', 'Curious']","['Passive', 'Immature']",Yes,No,Yes,Fail,Business,11811
Devland Benkin,15/01/2019,"{'Python': 1, 'C#': 4, 'C++': 4}","['Critical Thinking', 'Perfectionism']",['Impatient'],Yes,Yes,Yes,Pass,Engineering,11812
Teddy Ham,17/01/2019,"{'C#': 3, 'R': 7, 'SPSS': 2}","['Versatile', 'Passionate', 'Efficient']","['Procrastination', 'Impatient', 'Stubborn']",Yes,Yes,Yes,Pass,Data,11813
Frank Tolchard,10/01/2019,"{'Python': 3, 'Java': 4, 'Ruby': 3, 'R': 2}",['Empathy'],"['Conventional', 'Indifferent']",Yes,Yes,Yes,Pass,Business,11814
Hetti Beach,23/01/2019,"{'Python': 4, 'Ruby': 6, 'R': 4, 'SPSS': 2, 'PHP': 1}","['Composure', 'Efficient', 'Passionate']","['Chaotic', 'Competitive']",Yes,Yes,Yes,Pass,Data,11815
Daphene Friedlos,23//01/2019,{'Ruby': 5},['Organisation'],"['Perfectionist', 'Impulsive']",Yes,Yes,Yes,Pass,Business,11816
Isac Bronger,24/01/2019,"{'Python': 5, 'Java': 4, 'Ruby': 3}","['Collaboration', 'Ambitious', 'Critical Thinking']","['Chatty', 'Critical']",Yes,Yes,Yes,Pass,Business,11817
Vin Kattenhorn,30/01/2019,{'Ruby': 4},"['Versatile', 'Competitive', 'Perfectionism']","['Critical', 'Distracted']",Yes,Yes,No,Fail,Data,11818
Shelli Abbess,10/01/2019,"{'Java': 2, 'Ruby': 1, 'R': 3, 'C++': 2}","['Reliable', 'Perfectionism']","['Stubborn', 'Immature']",Yes,Yes,Yes,Pass,Data,11819
Caren Sterte,29/01/2019,"{'SPSS': 2, 'JavaScript': 1}","['Ambitious', 'Innovative', 'Consistent']",['Controlling'],Yes,Yes,No,Fail,Data,11820
Muhammad Garthland,24/01/2019,"{'Python': 1, 'C#': 3}","['Critical Thinking', 'Listening']","['Immature', 'Intolerant', 'Impulsive']",Yes,Yes,Yes,Pass,Engineering,11821
Worth Kos,15/01/2019,"{'Ruby': 3, 'JavaScript': 3}","['Collaboration', 'Courteous', 'Perfectionism']",['Impatient'],Yes,Yes,Yes,Pass,Data,11822
Jacki Pinkstone,23/01/2019,{'Ruby': 4},"['Patient', 'Creative', 'Charisma']",['Slow'],Yes,Yes,Yes,Pass,Data,11823
Hernando Guage,02/01/2019,"{'Java': 3, 'Ruby': 2}","['Passionate', 'Charisma', 'Composure']",['Undisciplined'],Yes,Yes,Yes,Pass,Engineering,11824
Franciska Davidy,30/01/2019,"{'C#': 5, 'Ruby': 3, 'PHP': 1, 'C++': 2, 'JavaScript': 1}","['Reliable', 'Empathy']","['Passive', 'Chaotic', 'Critical']",No,Yes,Yes,Fail,Data,11825
Florinda Brabban,22/01/2019,"{'Python': 3, 'Java': 2, 'Ruby': 3, 'R': 1, 'C++': 7, 'JavaScript': 4}","['Creative', 'Efficient', 'Reliable']",['Procrastination'],Yes,Yes,Yes,Pass,Business,11826
Kimble Bonde,03/01/2019,{'Python': 1},"['Passionate', 'Creative']","['Selfish', 'Overbearing']",Yes,Yes,Yes,Fail,Data,11827
Austin Brister,23/01/2019,{'Python': 2},"['Curious', 'Passionate']","['Chaotic', 'Intolerant', 'Passive']",Yes,Yes,Yes,Pass,Engineering,11828
Kelsey Cranke,03/01/2019,"{'Java': 2, 'Ruby': 2, 'R': 5, 'PHP': 1}",['Efficient'],"['Indifferent', 'Sensitive', 'Overbearing']",Yes,Yes,Yes,Pass,Engineering,11829
Samuel Simone,23/01/2019,"{'Ruby': 1, 'PHP': 1, 'JavaScript': 3}",['Competitive'],['Indecisive'],Yes,Yes,No,Fail,Business,11830
Berky Slatten,08/01/2019,"{'Python': 4, 'Ruby': 3, 'SPSS': 4, 'JavaScript': 3}",['Listening'],"['Sensitive', 'Undisciplined']",Yes,Yes,Yes,Pass,Data,11831
Wit Napolitano,09/01/2019,"{'C#': 3, 'Java': 5, 'R': 3, 'JavaScript': 1}","['Organisation', 'Consistent']","['Overbearing', 'Procrastination', 'Chaotic']",Yes,Yes,Yes,Pass,Business,11832
Lucita Pettman,29/01/2019,"{'R': 5, 'SPSS': 1}","['Problem Solving', 'Charisma']","['Introverted', 'Chatty']",Yes,Yes,Yes,Pass,Engineering,11833
Conchita Gumey,16/01/2019,"{'Ruby': 3, 'C++': 4}",['Altruism'],['Sensitive'],Yes,Yes,No,Fail,Business,11834
Ingeberg Othen,16/01/2019,{'JavaScript': 2},['Curious'],"['Passive', 'Undisciplined', 'Overbearing']",No,Yes,Yes,Fail,Business,11835
Ambros Ethington,10/01/2019,"{'Python': 3, 'Ruby': 6, 'PHP': 1}",['Competitive'],"['Anxious', 'Chatty']",Yes,Yes,Yes,Fail,Business,11836
Karia O'Toole,03/01/2019,"{'Python': 2, 'Java': 5, 'SPSS': 1, 'C++': 7}","['Curious', 'Independent', 'Listening']","['Anxious', 'Slow', 'Chatty']",No,Yes,Yes,Fail,Data,11837
Adrianna Lyddiard,29/01/2019,"{'R': 2, 'PHP': 2}",['Ambitious'],"['Procrastination', 'Selfish', 'Chatty']",Yes,Yes,Yes,Pass,Engineering,11838
Leroi Shurmer,02/01/2019,"{'Python': 2, 'C#': 1, 'PHP': 1, 'C++': 1, 'JavaScript': 4}","['Altruism', 'Independent']","['Impulsive', 'Critical', 'Anxious']",Yes,Yes,Yes,Fail,Data,11839
Regan Pittaway,15/01/2019,"{'Ruby': 4, 'JavaScript': 2}","['Ambitious', 'Consistent']","['Impulsive', 'Undisciplined', 'Procrastination']",Yes,No,Yes,Fail,Business,11840
Emmy Luckings,02/01/2019,"{'C#': 1, 'R': 3}","['Perfectionism', 'Independent', 'Patient']","['Impulsive', 'Distracted']",Yes,Yes,No,Fail,Engineering,11841
Linnea Dulling,15/01/2019,"{'Python': 4, 'R': 3, 'C++': 1}","['Creative', 'Independent', 'Curious']","['Chaotic', 'Indifferent']",Yes,Yes,Yes,Pass,Engineering,11842
Thornton Thuillier,09/01/2019,{'SPSS': 1},"['Critical Thinking', 'Composure']",['Chaotic'],Yes,Yes,Yes,Pass,Engineering,11843
Noah Petricek,29/01/2019,"{'C#': 2, 'Java': 4, 'Ruby': 5, 'SPSS': 3}","['Problem Solving', 'Empathy']","['Chaotic', 'Conventional']",Yes,Yes,Yes,Pass,Business,11844
Harry Orcas,02/01/2019,"{'Python': 6, 'C#': 4, 'Ruby': 6, 'R': 1, 'PHP': 1, 'C++': 4, 'JavaScript': 2}","['Perfectionism', 'Empathy']","['Impulsive', 'Chatty', 'Stubborn']",Yes,Yes,No,Fail,Engineering,11845
Tobit Dowden,08/01/2019,"{'Java': 5, 'SPSS': 5, 'C++': 5}","['Patient', 'Creative']","['Indifferent', 'Anxious', 'Intolerant']",Yes,Yes,Yes,Pass,Data,11846
Pet Wise,31/01/2019,"{'Python': 7, 'C++': 3}","['Curious', 'Collaboration']","['Introverted', 'Competitive']",Yes,Yes,Yes,Fail,Business,11847
Sylvia Akett,30/01/2019,"{'Python': 6, 'C++': 4, 'JavaScript': 8}","['Charisma', 'Innovative', 'Ambitious']","['Stubborn', 'Controlling', 'Overbearing']",No,Yes,Yes,Fail,Business,11848
Daisi Scarlet,30/01/2019,"{'C#': 1, 'SPSS': 5, 'C++': 1}","['Reliable', 'Competitive', 'Efficient']","['Perfectionist', 'Procrastination', 'Chaotic']",Yes,Yes,Yes,Pass,Data,11849
Patrice Masham,09/01/2019,"{'Python': 2, 'Java': 2, 'PHP': 1}","['Efficient', 'Problem Solving', 'Listening']","['Slow', 'Stubborn']",Yes,No,Yes,Fail,Engineering,11850
Garvin Dracey,16/01/2019,"{'Python': 5, 'C#': 5, 'Java': 3, 'Ruby': 4, 'C++': 2}","['Organisation', 'Rational', 'Reliable']","['Critical', 'Selfish', 'Passive']",Yes,Yes,Yes,Pass,Data,11851
Bentlee Meugens,08/01/2019,{'Python': 3},"['Perfectionism', 'Problem Solving']",['Immature'],No,Yes,Yes,Fail,Engineering,11852
Garrott Demaine,16/01/2019,"{'Python': 2, 'C#': 1, 'R': 2, 'SPSS': 3, 'PHP': 3}",['Organisation'],"['Selfish', 'Overbearing', 'Impatient']",Yes,No,Yes,Fail,Engineering,11853
Roxanna Tunstall,24/01/2019,{'C++': 1},"['Critical Thinking', 'Passionate', 'Organisation']","['Slow', 'Impulsive', 'Conventional']",Yes,No,Yes,Fail,Data,11854
Melisandra Walling,23/01/2019,{'R': 5},"['Consistent', 'Listening']",['Overbearing'],Yes,Yes,Yes,Pass,Business,11855
Abel Mcvaugh,03/01/2019,"{'R': 7, 'SPSS': 2, 'PHP': 2, 'C++': 4}","['Efficient', 'Reliable', 'Composure']","['Sensitive', 'Procrastination']",Yes,Yes,Yes,Pass,Engineering,11856
Nestor Thornewill,23/01/2019,"{'R': 3, 'C++': 3, 'JavaScript': 3}","['Reliable', 'Charisma', 'Courteous']","['Sensitive', 'Introverted', 'Impulsive']",Yes,Yes,Yes,Fail,Business,11857
Wilona Pammenter,16/01/2019,"{'Java': 2, 'SPSS': 5, 'PHP': 3}","['Ambitious', 'Creative']","['Overbearing', 'Distracted', 'Passive']",Yes,No,Yes,Fail,Data,11858
Davie Brahams,03/01/2019,"{'C#': 3, 'Java': 1, 'Ruby': 2, 'C++': 1, 'JavaScript': 1}",['Listening'],"['Perfectionist', 'Critical', 'Overbearing']",No,Yes,Yes,Fail,Business,11859
Lynnett Swin,16/01/2019,"{'C#': 1, 'Java': 5, 'R': 1, 'PHP': 2}","['Efficient', 'Critical Thinking', 'Determined']","['Overbearing', 'Undisciplined']",Yes,Yes,Yes,Pass,Business,11860
Gustaf Lude,16/01/2019,"{'C#': 4, 'Java': 3, 'Ruby': 4, 'R': 1}",['Curious'],['Sensitive'],Yes,Yes,Yes,Pass,Business,11861
Halli Purcell,29/01/2019,"{'Ruby': 4, 'SPSS': 2, 'C++': 3, 'JavaScript': 4}","['Composure', 'Creative', 'Versatile']","['Overbearing', 'Anxious']",No,Yes,Yes,Fail,Business,11862
Tanner Byram,09/01/2019,"{'Java': 2, 'Ruby': 3, 'PHP': 1, 'JavaScript': 1}",['Determined'],"['Sensitive', 'Critical']",Yes,Yes,Yes,Pass,Data,11863
Lauretta Bartell,17/01/2019,"{'Python': 5, 'C#': 1, 'SPSS': 5, 'PHP': 3}","['Determined', 'Perfectionism']",['Controlling'],Yes,Yes,Yes,Pass,Engineering,11864
Ulick Pickervance,31/01/2019,"{'C#': 3, 'Ruby': 5, 'SPSS': 3, 'JavaScript': 2}","['Courteous', 'Competitive']","['Overbearing', 'Chatty', 'Perfectionist']",Yes,Yes,Yes,Pass,Business,11865
Sibbie Di Biasio,22/01/2019,"{'R': 3, 'SPSS': 3, 'PHP': 2, 'JavaScript': 1}","['Creative', 'Competitive', 'Passionate']",['Distracted'],No,Yes,Yes,Fail,Data,11866
Konrad Mccready,24/01/2019,{'PHP': 1},['Patient'],['Slow'],Yes,Yes,Yes,Pass,Business,11867
Mariele Steedman,02/01/2019,"{'Java': 5, 'Ruby': 5, 'C++': 2}","['Problem Solving', 'Innovative']",['Anxious'],Yes,No,Yes,Fail,Data,11868
Ximenez Chippin,03/01/2019,"{'Python': 3, 'C++': 2}","['Consistent', 'Altruism']","['Passive', 'Sensitive', 'Selfish']",Yes,Yes,Yes,Pass,Engineering,11869
Ruben Mccoy,22/01/2019,{'C#': 6},"['Collaboration', 'Charisma']","['Intolerant', 'Controlling']",Yes,Yes,Yes,Pass,Data,11870
Sigrid Veitch,02/01/2019,"{'C#': 4, 'Java': 1, 'Ruby': 2, 'SPSS': 3, 'PHP': 4, 'C++': 1}",['Altruism'],['Selfish'],Yes,Yes,Yes,Pass,Engineering,11871
Allegra Aspland,02/01/2019,"{'Python': 2, 'C#': 5, 'Java': 2, 'Ruby': 1, 'C++': 1}","['Curious', 'Courteous', 'Consistent']",['Competitive'],Yes,No,No,Fail,Data,11872
Randall Waller,16/01/2019,"{'C#': 1, 'Java': 4, 'Ruby': 6, 'PHP': 4, 'C++': 5}","['Patient', 'Composure']","['Competitive', 'Undisciplined']",Yes,Yes,Yes,Pass,Data,11873
Thomasine Poundford,16/01/2019,"{'Python': 4, 'C#': 3, 'Java': 2, 'SPSS': 4, 'PHP': 1, 'C++': 5}","['Listening', 'Collaboration', 'Innovative']",['Passive'],Yes,Yes,Yes,Pass,Engineering,11874
Kelley Bourgeois,23/01/2019,"{'Java': 3, 'PHP': 1}","['Reliable', 'Curious']",['Competitive'],Yes,Yes,Yes,Fail,Business,11875
Anatole Peterffy,16/01/2019,{'JavaScript': 2},['Competitive'],"['Stubborn', 'Anxious']",Yes,Yes,Yes,Pass,Engineering,11876
Hinze Treat,23/01/2019,"{'Python': 3, 'C#': 6, 'R': 3}","['Collaboration', 'Patient']",['Anxious'],Yes,Yes,Yes,Pass,Engineering,11877
Linoel Fissenden,17/01/2019,"{'R': 1, 'JavaScript': 1}",['Consistent'],"['Procrastination', 'Indifferent']",Yes,Yes,Yes,Pass,Business,11878
Alexandro Guyan,29/01/2019,"{'C#': 2, 'Java': 5, 'C++': 4}","['Courteous', 'Consistent', 'Organisation']",['Overbearing'],Yes,Yes,Yes,Pass,Engineering,11879
Konstantin Fusco,09/01/2019,"{'Java': 3, 'PHP': 2}","['Versatile', 'Listening', 'Patient']","['Undisciplined', 'Stubborn', 'Procrastination']",Yes,No,No,Fail,Business,11880
Gardie Damsell,29/01/2019,"{'C#': 2, 'R': 2}",['Critical Thinking'],"['Overbearing', 'Chatty']",No,Yes,Yes,Fail,Engineering,11881
Zoe Schlag,24/01/2019,"{'Java': 4, 'SPSS': 2, 'PHP': 1, 'JavaScript': 1}","['Determined', 'Creative', 'Organisation']","['Slow', 'Impatient', 'Intolerant']",Yes,Yes,Yes,Pass,Data,11882
Pyotr De Zuani,09/01/2019,"{'Python': 4, 'C#': 4, 'R': 6, 'PHP': 3, 'C++': 1, 'JavaScript': 2}","['Curious', 'Creative', 'Empathy']","['Impatient', 'Chatty']",Yes,Yes,Yes,Pass,Data,11883
Simon Murrey,16/01/2019,"{'SPSS': 8, 'C++': 2, 'JavaScript': 2}","['Altruism', 'Organisation']","['Immature', 'Stubborn']",Yes,Yes,Yes,Pass,Business,11884
Thurston Venes,24/01/2019,"{'C#': 2, 'Java': 4, 'R': 4}","['Perfectionism', 'Collaboration', 'Courteous']","['Anxious', 'Slow', 'Indecisive']",Yes,Yes,Yes,Pass,Business,11885
Nanni Ashby,03/01/2019,{'JavaScript': 6},"['Consistent', 'Rational', 'Courteous']","['Undisciplined', 'Distracted', 'Introverted']",Yes,No,Yes,Fail,Engineering,11886
Laetitia Poston,09/01/2019,"{'Python': 2, 'Ruby': 3, 'JavaScript': 1}","['Efficient', 'Versatile', 'Rational']","['Introverted', 'Impatient']",Yes,Yes,Yes,Pass,Engineering,11887
Reinaldos Rayne,17/01/2019,"{'Python': 1, 'JavaScript': 5}","['Critical Thinking', 'Passionate', 'Charisma']",['Impatient'],Yes,Yes,Yes,Pass,Data,11888
Allen Edelman,23/01/2019,"{'C#': 4, 'Java': 2}","['Ambitious', 'Organisation']","['Indecisive', 'Conventional', 'Selfish']",Yes,Yes,Yes,Pass,Data,11889
Cheston Ceillier,10/01/2019,"{'R': 1, 'C++': 2, 'JavaScript': 4}","['Creative', 'Competitive', 'Ambitious']","['Distracted', 'Passive', 'Competitive']",Yes,No,Yes,Fail,Engineering,11890
Johnette Durrans,22/01/2019,"{'Python': 1, 'Ruby': 3, 'R': 2}",['Reliable'],"['Competitive', 'Selfish']",Yes,Yes,Yes,Pass,Engineering,11891
Layne Le Fleming,08/01/2019,{'C++': 4},['Ambitious'],"['Impatient', 'Competitive']",Yes,Yes,Yes,Pass,Business,11892
Zaccaria Bussons,16/01/2019,"{'Python': 2, 'Java': 1, 'SPSS': 4, 'JavaScript': 1}","['Versatile', 'Collaboration', 'Passionate']","['Conventional', 'Impulsive', 'Impatient']",No,Yes,No,Fail,Engineering,11893
Sylvan Asher,17/01/2019,"{'Python': 3, 'C#': 5, 'Ruby': 4, 'SPSS': 4, 'PHP': 1}","['Competitive', 'Rational']","['Impatient', 'Anxious']",Yes,Yes,Yes,Pass,Engineering,11894
Georgie Perel,17/01/2019,"{'Python': 4, 'Java': 2, 'PHP': 1}","['Empathy', 'Composure', 'Creative']","['Intolerant', 'Impulsive']",Yes,Yes,Yes,Pass,Engineering,11895
Sully Rechert,29/01/2019,"{'PHP': 3, 'JavaScript': 3}","['Courteous', 'Charisma', 'Efficient']",['Slow'],Yes,Yes,Yes,Pass,Data,11896
Royall Stirley,30/01/2019,"{'Ruby': 1, 'C++': 6}","['Passionate', 'Collaboration', 'Consistent']","['Passive', 'Sensitive', 'Selfish']",Yes,Yes,Yes,Pass,Engineering,11897
Kellie Althorp,15/01/2019,"{'C#': 4, 'Ruby': 2, 'C++': 1, 'JavaScript': 1}","['Critical Thinking', 'Versatile', 'Organisation']","['Impatient', 'Impulsive']",Yes,Yes,Yes,Pass,Data,11898
Jorry Varley,24/01/2019,"{'R': 2, 'SPSS': 3}","['Charisma', 'Creative', 'Perfectionism']","['Stubborn', 'Indifferent']",Yes,Yes,Yes,Pass,Engineering,11899
Bernadette Gerardi,17/01/2019,"{'C#': 2, 'SPSS': 3, 'C++': 1}","['Creative', 'Ambitious', 'Courteous']","['Distracted', 'Slow', 'Conventional']",Yes,Yes,Yes,Pass,Data,11900
Hallie Robbeke,24/01/2019,"{'SPSS': 4, 'PHP': 1}",['Listening'],"['Impatient', 'Slow']",Yes,Yes,No,Fail,Business,11901
Winnah Spooner,23/01/2019,"{'Python': 5, 'JavaScript': 1}","['Passionate', 'Organisation']",['Chatty'],Yes,Yes,Yes,Pass,Engineering,11902
Riccardo Oade,29/01/2019,"{'Python': 5, 'Java': 4, 'R': 3, 'SPSS': 2, 'PHP': 2, 'C++': 1}","['Reliable', 'Listening', 'Innovative']",['Stubborn'],Yes,Yes,Yes,Fail,Data,11903
Bettye Di Napoli,23/01/2019,"{'C#': 4, 'SPSS': 1, 'JavaScript': 3}",['Perfectionism'],"['Distracted', 'Anxious', 'Immature']",Yes,No,Yes,Fail,Engineering,11904
Lutero Winning,24/01/2019,"{'C#': 2, 'Java': 3, 'SPSS': 4}","['Rational', 'Listening']","['Overbearing', 'Distracted']",Yes,No,Yes,Fail,Business,11905
Gwyn Baversor,03/01/2019,"{'Java': 1, 'Ruby': 2, 'R': 4, 'SPSS': 3, 'C++': 3}","['Composure', 'Rational']","['Stubborn', 'Overbearing']",Yes,Yes,No,Fail,Engineering,11906
Gilbertine Assaf,03/01/2019,"{'Ruby': 1, 'C++': 5, 'JavaScript': 2}","['Consistent', 'Efficient']",['Chatty'],Yes,Yes,Yes,Pass,Engineering,11907
Deni Roust,30/01/2019,"{'C#': 7, 'C++': 2}","['Curious', 'Charisma', 'Efficient']",['Immature'],Yes,Yes,Yes,Pass,Business,11908
Babita Heigho,10/01/2019,"{'Python': 2, 'Java': 2}","['Independent', 'Organisation']","['Introverted', 'Overbearing']",Yes,Yes,No,Fail,Business,11909
Candide Vannoort,03/01/2019,{'C++': 4},"['Altruism', 'Charisma']","['Conventional', 'Passive']",No,Yes,Yes,Fail,Data,11910
Sydney Renachowski,09/01/2019,{'Python': 1},"['Creative', 'Passionate', 'Ambitious']","['Undisciplined', 'Intolerant']",Yes,Yes,Yes,Fail,Engineering,11911
Vince Scott,10/01/2019,"{'Java': 3, 'SPSS': 2, 'C++': 6, 'JavaScript': 7}","['Altruism', 'Empathy', 'Creative']","['Indifferent', 'Undisciplined', 'Controlling']",Yes,Yes,Yes,Pass,Data,11912
Art Mitkin,31/01/2019,"{'Java': 3, 'R': 3, 'SPSS': 2, 'C++': 4, 'JavaScript': 2}","['Empathy', 'Charisma']","['Distracted', 'Overbearing']",Yes,No,Yes,Fail,Business,11913
Trstram Goodyer,16/01/2019,"{'C#': 3, 'JavaScript': 2}","['Collaboration', 'Competitive']","['Anxious', 'Competitive']",No,Yes,Yes,Fail,Engineering,11914
Ronalda Richmond,24/01/2019,"{'Ruby': 1, 'JavaScript': 1}",['Ambitious'],"['Selfish', 'Stubborn', 'Passive']",Yes,Yes,Yes,Pass,Engineering,11915
Sibley Addison,31/01/2019,{'R': 4},['Innovative'],['Stubborn'],Yes,Yes,Yes,Pass,Engineering,11916
Hi Tee,30/01/2019,"{'Python': 3, 'C#': 4}","['Empathy', 'Competitive']","['Chaotic', 'Competitive', 'Conventional']",Yes,Yes,Yes,Pass,Engineering,11917
Hi Tee,30/01/2019,"{'Python': 3, 'C#': 4}","['Empathy', 'Competitive']","['Chaotic', 'Competitive', 'Conventional']",Yes,Yes,Yes,Pass,Engineering,11918
Carey Severn,29/01/2019,"{'R': 3, 'PHP': 5}","['Determined', 'Collaboration']",['Indecisive'],Yes,Yes,Yes,Pass,Business,11919
Foss Darycott,08/01/2019,"{'Python': 2, 'SPSS': 1, 'PHP': 1, 'C++': 3}","['Creative', 'Passionate']","['Sensitive', 'Perfectionist', 'Intolerant']",Yes,Yes,Yes,Fail,Engineering,11920
Leeland Looks,03/01/2019,"{'C#': 2, 'R': 6, 'SPSS': 6, 'PHP': 2}",['Curious'],['Indifferent'],Yes,Yes,Yes,Pass,Business,11921
Gelya Pyson,17/01/2019,"{'C#': 2, 'Ruby': 1, 'SPSS': 1}",['Reliable'],['Procrastination'],Yes,No,Yes,Fail,Business,11922
Olia Meugens,03/01/2019,"{'Java': 1, 'Ruby': 4, 'JavaScript': 1}","['Independent', 'Rational', 'Charisma']","['Distracted', 'Selfish', 'Anxious']",Yes,Yes,Yes,Pass,Business,11923
Theodosia Creenan,16/01/2019,"{'Python': 4, 'Java': 2, 'R': 1}",['Reliable'],"['Passive', 'Chatty', 'Chaotic']",Yes,No,Yes,Fail,Data,11924
Aida Bothams,17/01/2019,"{'Java': 3, 'Ruby': 1, 'C++': 3}","['Rational', 'Innovative', 'Empathy']","['Competitive', 'Indifferent']",Yes,Yes,Yes,Pass,Data,11925
Onida Tregear,22/01/2019,"{'R': 3, 'PHP': 3, 'C++': 3}",['Ambitious'],"['Overbearing', 'Procrastination', 'Competitive']",Yes,Yes,Yes,Pass,Data,11926
Salomon Costellow,29/01/2019,"{'C#': 4, 'Ruby': 2, 'SPSS': 2, 'PHP': 3}","['Curious', 'Passionate']",['Anxious'],Yes,Yes,Yes,Pass,Engineering,11927
Orion Ephgrave,22/01/2019,{'Python': 1},"['Collaboration', 'Problem Solving']",['Undisciplined'],Yes,Yes,No,Fail,Data,11928
Quintus Penella,15/01/2019,"{'Ruby': 6, 'PHP': 3}",['Altruism'],"['Intolerant', 'Impulsive', 'Selfish']",Yes,Yes,Yes,Pass,Business,11929
Muffin Wigglesworth,17/01/2019,"{'Python': 4, 'PHP': 3, 'C++': 2}","['Critical Thinking', 'Ambitious', 'Curious']",['Chatty'],Yes,Yes,Yes,Pass,Engineering,11930
Agretha Deinert,22/01/2019,"{'C#': 2, 'Java': 6, 'Ruby': 2, 'R': 4, 'SPSS': 1, 'C++': 5}","['Innovative', 'Ambitious', 'Curious']",['Competitive'],No,Yes,Yes,Fail,Business,11931
Aindrea Davio,31/01/2019,"{'Python': 1, 'Ruby': 1, 'SPSS': 2, 'C++': 1}",['Competitive'],"['Impulsive', 'Slow', 'Passive']",Yes,Yes,Yes,Pass,Data,11932
Burg Flipek,08/01/2019,"{'Java': 1, 'Ruby': 4}",['Creative'],"['Sensitive', 'Indifferent', 'Passive']",Yes,Yes,Yes,Pass,Business,11933
Bary Boatman,08/01/2019,"{'C#': 4, 'PHP': 5, 'C++': 2}",['Consistent'],['Controlling'],Yes,Yes,Yes,Fail,Engineering,11934
Ogdon Gonnelly,03/01/2019,"{'Ruby': 1, 'R': 5}",['Composure'],"['Competitive', 'Impulsive']",Yes,Yes,No,Fail,Engineering,11935
Sybil Maydway,24/01/2019,"{'Python': 2, 'Ruby': 4, 'C++': 3}","['Charisma', 'Competitive', 'Critical Thinking']","['Indecisive', 'Perfectionist']",Yes,Yes,Yes,Pass,Data,11936
Bart Godilington,17/01/2019,"{'Java': 3, 'Ruby': 1, 'C++': 4}","['Ambitious', 'Altruism', 'Consistent']","['Slow', 'Chatty']",Yes,Yes,Yes,Pass,Business,11937
Jenda Fernandez,30/01/2019,"{'Java': 2, 'SPSS': 2, 'C++': 3}",['Determined'],"['Overbearing', 'Immature']",No,No,Yes,Fail,Engineering,11938
Kiah Pittwood,24/01/2019,"{'Python': 1, 'C#': 3, 'Java': 1, 'SPSS': 2, 'C++': 1}","['Courteous', 'Critical Thinking', 'Curious']","['Controlling', 'Slow', 'Impulsive']",Yes,Yes,Yes,Pass,Business,11939
Stephan Jaxon,10/01/2019,"{'Ruby': 3, 'R': 2, 'JavaScript': 3}","['Reliable', 'Curious', 'Passionate']","['Intolerant', 'Indecisive', 'Impatient']",Yes,Yes,Yes,Pass,Engineering,11940
Allianora Rowdell,17/01/2019,"{'C#': 1, 'JavaScript': 4}",['Composure'],"['Perfectionist', 'Overbearing', 'Sensitive']",Yes,Yes,Yes,Pass,Engineering,11941
Orran Rofe,09/01/2019,"{'Python': 4, 'C#': 6, 'Java': 1, 'C++': 2, 'JavaScript': 2}","['Empathy', 'Collaboration', 'Organisation']","['Controlling', 'Competitive', 'Conventional']",Yes,Yes,Yes,Pass,Business,11942
Randy Semken,17/01/2019,"{'Java': 6, 'JavaScript': 2}",['Consistent'],"['Conventional', 'Impatient']",Yes,Yes,Yes,Pass,Data,11943
Gaspard Alvaro,22/01/2019,"{'Python': 1, 'R': 5, 'C++': 3, 'JavaScript': 1}","['Curious', 'Empathy']","['Passive', 'Selfish']",No,Yes,Yes,Fail,Engineering,11944
Ricca Sowden,16/01/2019,"{'SPSS': 3, 'PHP': 2, 'C++': 4, 'JavaScript': 3}",['Altruism'],['Passive'],Yes,Yes,Yes,Fail,Data,11945
Gardner Kienle,09/01/2019,"{'Python': 8, 'Ruby': 1, 'PHP': 2, 'C++': 3, 'JavaScript': 2}",['Curious'],['Passive'],Yes,No,Yes,Fail,Engineering,11946
Guillermo Riha,15/01/2019,"{'Python': 9, 'C#': 1, 'Java': 3, 'R': 3, 'C++': 1, 'JavaScript': 2}","['Altruism', 'Patient', 'Consistent']","['Introverted', 'Distracted']",Yes,Yes,Yes,Pass,Engineering,11947
Wakefield Jeves,17/01/2019,"{'C#': 3, 'Java': 2, 'R': 5}","['Versatile', 'Rational', 'Curious']",['Indecisive'],Yes,Yes,Yes,Pass,Engineering,11948
Craig Ferriby,24/01/2019,"{'Python': 3, 'Ruby': 3, 'C++': 5}","['Consistent', 'Independent']","['Undisciplined', 'Stubborn', 'Impulsive']",No,Yes,Yes,Fail,Data,11949
Katinka Macrow,22/01/2019,"{'Python': 4, 'Java': 2, 'R': 2}","['Altruism', 'Determined', 'Collaboration']","['Immature', 'Chatty']",Yes,Yes,Yes,Fail,Data,11950
Mel Lafontaine,24/01/2019,"{'R': 5, 'SPSS': 4}","['Patient', 'Perfectionism']","['Anxious', 'Sensitive']",Yes,Yes,Yes,Pass,Data,11951
Drona Lemonby,16/01/2019,"{'Python': 2, 'SPSS': 5, 'PHP': 2}","['Charisma', 'Critical Thinking']","['Distracted', 'Introverted', 'Passive']",Yes,Yes,Yes,Pass,Business,11952
Nettie Civitillo,17/01/2019,"{'Python': 4, 'Java': 5, 'JavaScript': 4}","['Problem Solving', 'Collaboration']",['Intolerant'],Yes,Yes,Yes,Pass,Data,11953
Kalli Mcgarrie,29/01/2019,"{'Python': 5, 'R': 1, 'SPSS': 5, 'PHP': 1}",['Listening'],"['Passive', 'Slow', 'Overbearing']",Yes,Yes,Yes,Pass,Engineering,11954
Pascale Snelgrove,23/01/2019,"{'Python': 3, 'C#': 3, 'Ruby': 1, 'R': 5, 'SPSS': 3, 'C++': 9, 'JavaScript': 3}","['Curious', 'Independent']","['Procrastination', 'Chatty']",Yes,Yes,Yes,Pass,Business,11955
Bernelle Longhorne,23/01/2019,"{'C#': 3, 'Java': 6, 'R': 6, 'PHP': 1, 'JavaScript': 1}",['Problem Solving'],['Procrastination'],Yes,Yes,Yes,Pass,Engineering,11956
Valeda Adshad,08/01/2019,{'C++': 4},"['Collaboration', 'Competitive', 'Efficient']",['Passive'],Yes,Yes,Yes,Pass,Business,11957
Barnabas Crinion,17/01/2019,"{'Python': 2, 'PHP': 3, 'C++': 2}","['Reliable', 'Independent', 'Charisma']",['Procrastination'],Yes,Yes,Yes,Pass,Data,11958
Wanids Simison,15/01/2019,"{'Python': 7, 'Java': 2, 'Ruby': 4, 'R': 6}","['Efficient', 'Composure']","['Competitive', 'Sensitive']",Yes,No,No,Fail,Business,11959
Alexander Johnstone,08/01/2019,{'R': 4},"['Empathy', 'Courteous', 'Altruism']",['Anxious'],Yes,Yes,Yes,Pass,Business,11960
Aviva Duddan,23/01/2019,"{'Python': 6, 'Java': 2, 'PHP': 1}","['Creative', 'Collaboration']",['Impulsive'],Yes,Yes,Yes,Fail,Data,11961
Tyrone Bailes,30/01/2019,{'C#': 1},['Problem Solving'],['Chaotic'],Yes,Yes,Yes,Pass,Business,11962
Jena Attard,08/01/2019,"{'SPSS': 1, 'C++': 6, 'JavaScript': 3}","['Creative', 'Innovative']","['Critical', 'Introverted', 'Passive']",Yes,Yes,Yes,Fail,Business,11963
Kylynn Jewes,17/01/2019,"{'Java': 5, 'SPSS': 1}",['Efficient'],"['Distracted', 'Chaotic']",No,Yes,Yes,Fail,Business,11964
Daryle Janoch,31/01/2019,"{'C#': 3, 'SPSS': 3, 'PHP': 1, 'C++': 5, 'JavaScript': 1}",['Perfectionism'],['Impatient'],Yes,Yes,Yes,Pass,Engineering,11965
Ivory Linnemann,22/01/2019,"{'Python': 5, 'C#': 4, 'Ruby': 5, 'JavaScript': 2}","['Charisma', 'Efficient', 'Curious']","['Indifferent', 'Anxious']",Yes,Yes,Yes,Pass,Data,11966
Loy Mulvy,30/01/2019,{'R': 1},"['Curious', 'Patient', 'Innovative']","['Chatty', 'Overbearing', 'Controlling']",Yes,Yes,Yes,Pass,Engineering,11967
Marlon Tomala,24/01/2019,"{'Python': 4, 'Java': 3, 'Ruby': 1, 'SPSS': 3, 'JavaScript': 1}",['Determined'],['Conventional'],Yes,Yes,Yes,Fail,Data,11968
Kincaid Osipov,02/01/2019,"{'C#': 1, 'Ruby': 5, 'R': 1}",['Innovative'],['Passive'],Yes,Yes,Yes,Pass,Engineering,11969
Kincaid Osipov,02/01/2019,"{'C#': 1, 'Ruby': 5, 'R': 1}",['Innovative'],['Passive'],Yes,Yes,Yes,Pass,Engineering,11970
Olin Gariff,24/01/2019,"{'Java': 3, 'SPSS': 4, 'PHP': 3, 'C++': 3}","['Organisation', 'Curious', 'Efficient']","['Immature', 'Conventional', 'Slow']",Yes,Yes,Yes,Fail,Business,11971
Reggie Lawlor,08/01/2019,"{'Java': 6, 'Ruby': 2, 'JavaScript': 2}",['Problem Solving'],"['Indecisive', 'Anxious']",Yes,Yes,Yes,Pass,Engineering,11972
Carlo Twining,30/01/2019,"{'C#': 1, 'Java': 3, 'SPSS': 7}","['Independent', 'Perfectionism', 'Competitive']","['Distracted', 'Undisciplined']",No,Yes,No,Fail,Business,11973
Farley Nuccitelli,22/01/2019,"{'Python': 5, 'Ruby': 3, 'R': 5, 'SPSS': 3, 'JavaScript': 4}",['Rational'],"['Intolerant', 'Selfish']",Yes,Yes,Yes,Pass,Business,11974
Wendy Ducastel,23/01/2019,"{'PHP': 1, 'JavaScript': 3}","['Independent', 'Patient', 'Courteous']","['Distracted', 'Perfectionist']",Yes,Yes,Yes,Pass,Engineering,11975
Sal Curee,09/01/2019,"{'C#': 1, 'C++': 3, 'JavaScript': 3}","['Collaboration', 'Rational']",['Overbearing'],Yes,Yes,Yes,Pass,Business,11976
Gayel Meineking,29/01/2019,{'Java': 5},"['Patient', 'Determined']","['Distracted', 'Introverted', 'Critical']",Yes,Yes,Yes,Pass,Business,11977
Gerhard Mcgrath,31/01/2019,"{'C#': 2, 'Ruby': 4, 'R': 2, 'SPSS': 1, 'PHP': 1}",['Rational'],"['Critical', 'Procrastination']",Yes,Yes,Yes,Pass,Business,11978
Ced Danielut,22/01/2019,"{'Java': 3, 'PHP': 2, 'C++': 3, 'JavaScript': 3}","['Charisma', 'Organisation', 'Ambitious']",['Controlling'],Yes,Yes,Yes,Pass,Engineering,11979
Cory Greene,16/01/2019,"{'Ruby': 1, 'R': 2, 'SPSS': 4}","['Organisation', 'Ambitious', 'Listening']","['Conventional', 'Slow']",Yes,Yes,Yes,Pass,Data,11980
Archaimbaud Buller,17/01/2019,"{'Python': 3, 'PHP': 2, 'C++': 5, 'JavaScript': 2}",['Altruism'],['Indecisive'],Yes,Yes,No,Fail,Business,11981
Abbe Hanny,26/03/2019,{'JavaScript': 1},['Passionate'],['Undisciplined'],Yes,Yes,Yes,Pass,Data,11982
Eimile Pincott,12/03/2019,"{'C#': 4, 'Java': 6, 'Ruby': 5, 'C++': 2}","['Independent', 'Reliable', 'Courteous']",['Undisciplined'],Yes,Yes,Yes,Pass,Engineering,11983
Constancia Tesauro,06/03/2019,{'JavaScript': 2},"['Courteous', 'Collaboration', 'Organisation']","['Indifferent', 'Controlling', 'Impatient']",Yes,Yes,Yes,Pass,Data,11984
Cordey Rigardeau,28/03/2019,"{'Python': 6, 'Java': 5, 'R': 2, 'SPSS': 5}","['Determined', 'Passionate']",['Chaotic'],Yes,Yes,Yes,Pass,Business,11985
Gun Cargill,21/03/2019,"{'Python': 4, 'Java': 1, 'R': 3, 'PHP': 2, 'C++': 2}",['Passionate'],['Chatty'],Yes,Yes,Yes,Pass,Business,11986
Tonia Goodie,19/03/2019,"{'Python': 5, 'Java': 1}","['Collaboration', 'Altruism', 'Passionate']",['Slow'],Yes,Yes,Yes,Pass,Data,11987
Christyna Thirlwell,07/03/2019,"{'Ruby': 1, 'R': 1, 'C++': 2}","['Independent', 'Collaboration']",['Chatty'],Yes,Yes,Yes,Pass,Business,11988
Henrik Mott,19/03/2019,{'SPSS': 3},['Efficient'],['Procrastination'],Yes,Yes,Yes,Pass,Engineering,11989
Romeo Roache,28/03/2019,{'Ruby': 4},['Competitive'],"['Critical', 'Chaotic', 'Introverted']",Yes,Yes,Yes,Pass,Business,11990
Ken Gotter,21/03/2019,"{'Java': 4, 'R': 3}","['Listening', 'Empathy', 'Charisma']","['Perfectionist', 'Indifferent']",Yes,Yes,Yes,Pass,Business,11991
Ken Gotter,21/03/2019,"{'Java': 4, 'R': 3}","['Listening', 'Empathy', 'Charisma']","['Perfectionist', 'Indifferent']",Yes,Yes,Yes,Pass,Business,11992
Kiele Letford,12/03/2019,"{'C#': 4, 'Ruby': 4, 'R': 1}",['Versatile'],"['Indecisive', 'Introverted']",Yes,Yes,Yes,Pass,Engineering,11993
Harrison Macnamee,12/03/2019,"{'Ruby': 8, 'PHP': 1, 'C++': 2, 'JavaScript': 2}","['Competitive', 'Composure', 'Empathy']","['Stubborn', 'Competitive']",Yes,Yes,Yes,Pass,Business,11994
Bunni Locard,28/03/2019,"{'Python': 4, 'R': 5, 'PHP': 1, 'C++': 1}","['Consistent', 'Perfectionism']","['Impatient', 'Overbearing', 'Distracted']",Yes,Yes,Yes,Pass,Engineering,11995
Farley Hearnes,20/03/2019,"{'Python': 3, 'R': 4, 'SPSS': 3, 'PHP': 2}","['Rational', 'Critical Thinking', 'Ambitious']","['Immature', 'Impulsive', 'Controlling']",Yes,Yes,No,Fail,Engineering,11996
Anica Vallis,26/03/2019,"{'Java': 3, 'R': 6, 'SPSS': 1, 'C++': 1, 'JavaScript': 5}",['Composure'],"['Critical', 'Conventional']",Yes,Yes,Yes,Pass,Data,11997
Willy Murphey,19/03/2019,"{'PHP': 3, 'JavaScript': 5}","['Patient', 'Problem Solving', 'Charisma']",['Anxious'],Yes,Yes,Yes,Pass,Engineering,11998
Randee Mackison,07/03/2019,"{'Java': 7, 'SPSS': 1, 'C++': 3}",['Problem Solving'],"['Impulsive', 'Immature', 'Critical']",Yes,No,Yes,Fail,Engineering,11999
Franciskus Lethardy,27/03/2019,{'Java': 3},"['Consistent', 'Charisma', 'Listening']",['Overbearing'],Yes,Yes,Yes,Pass,Business,12000
Lilian Eyer,06/03/2019,"{'C#': 1, 'Java': 1, 'PHP': 4}","['Listening', 'Critical Thinking', 'Independent']","['Impulsive', 'Indecisive']",Yes,Yes,Yes,Pass,Engineering,12001
Roselia Tanswell,13/03/2019,"{'Python': 1, 'Java': 4, 'R': 4}","['Creative', 'Reliable', 'Altruism']","['Chatty', 'Conventional']",Yes,Yes,Yes,Pass,Data,12002
Ingelbert Fri,07/03/2019,"{'C#': 4, 'Java': 1, 'Ruby': 3, 'SPSS': 7, 'C++': 1}",['Reliable'],"['Distracted', 'Selfish', 'Intolerant']",Yes,Yes,Yes,Pass,Data,12003
Corrie Duiguid,20/03/2019,"{'C#': 1, 'Java': 2, 'R': 5, 'PHP': 1, 'JavaScript': 5}","['Altruism', 'Competitive']",['Passive'],Yes,Yes,Yes,Pass,Data,12004
Frankie Mabee,27/03/2019,"{'Python': 4, 'C#': 5, 'JavaScript': 7}",['Problem Solving'],['Critical'],Yes,Yes,Yes,Pass,Business,12005
Stefan Insley,13/03/2019,"{'R': 3, 'SPSS': 5, 'C++': 1}",['Patient'],"['Stubborn', 'Anxious', 'Conventional']",Yes,Yes,Yes,Pass,Engineering,12006
Zacharias Arnauduc,07/03/2019,"{'Java': 5, 'Ruby': 5, 'R': 5, 'C++': 1}","['Perfectionism', 'Curious', 'Listening']","['Perfectionist', 'Impatient']",No,Yes,No,Fail,Business,12007
Quinton Kuhnt,26/03/2019,"{'Python': 2, 'Ruby': 2, 'SPSS': 6}","['Organisation', 'Charisma', 'Problem Solving']","['Slow', 'Intolerant']",Yes,Yes,Yes,Pass,Business,12008
Ferdie Glyne,27/03/2019,"{'Java': 5, 'Ruby': 5, 'PHP': 2, 'C++': 1}",['Perfectionism'],"['Passive', 'Anxious', 'Impatient']",Yes,Yes,Yes,Pass,Data,12009
Rhonda Revance,07/03/2019,"{'Python': 4, 'Java': 1, 'SPSS': 1, 'C++': 1, 'JavaScript': 4}","['Efficient', 'Perfectionism', 'Empathy']","['Controlling', 'Immature', 'Selfish']",Yes,Yes,Yes,Pass,Engineering,12010
Bary Brambley,07/03/2019,"{'Java': 3, 'SPSS': 2}",['Passionate'],['Intolerant'],Yes,Yes,No,Fail,Data,12011
Jeromy Mebius,19/03/2019,"{'Python': 1, 'SPSS': 3}","['Innovative', 'Passionate']","['Passive', 'Critical']",Yes,Yes,Yes,Fail,Business,12012
Gavin Sides,26/03/2019,"{'C#': 12, 'SPSS': 1, 'JavaScript': 4}","['Collaboration', 'Patient']",['Indifferent'],No,Yes,Yes,Fail,Business,12013
Audi Westmacott,07/03/2019,"{'Java': 4, 'C++': 3, 'JavaScript': 4}","['Innovative', 'Versatile']","['Indecisive', 'Competitive', 'Introverted']",Yes,Yes,Yes,Pass,Business,12014
Burtie Irnys,20/03/2019,"{'Ruby': 5, 'R': 4, 'SPSS': 3, 'PHP': 1}","['Organisation', 'Listening', 'Determined']",['Overbearing'],Yes,No,No,Fail,Data,12015
Eliot Frank,19/03/2019,"{'Java': 5, 'C++': 4}",['Independent'],"['Slow', 'Undisciplined', 'Indecisive']",Yes,Yes,Yes,Pass,Business,12016
Neall Stuehmeyer,06/03/2019,"{'C#': 2, 'C++': 5}","['Courteous', 'Ambitious']","['Controlling', 'Anxious']",No,Yes,Yes,Fail,Data,12017
Penni Grioli,05/03/2019,"{'Python': 6, 'C#': 3, 'Java': 3, 'PHP': 4, 'JavaScript': 2}","['Efficient', 'Altruism']","['Perfectionist', 'Intolerant', 'Critical']",Yes,Yes,Yes,Pass,Data,12018
Joletta Matzaitis,20/03/2019,{'SPSS': 5},['Altruism'],['Slow'],Yes,Yes,Yes,Pass,Business,12019
Ofelia Helm,20/03/2019,"{'C#': 4, 'PHP': 1, 'C++': 3, 'JavaScript': 2}",['Ambitious'],"['Immature', 'Indifferent']",Yes,Yes,Yes,Pass,Business,12020
Anselm Marrow,14/03/2019,"{'Python': 5, 'Java': 5, 'SPSS': 3}","['Critical Thinking', 'Charisma', 'Listening']","['Introverted', 'Anxious', 'Slow']",Yes,Yes,Yes,Fail,Engineering,12021
Farris Gogerty,06/03/2019,"{'Python': 3, 'C++': 1}",['Determined'],['Impulsive'],Yes,Yes,Yes,Pass,Engineering,12022
Honoria Staziker,07/03/2019,"{'Python': 1, 'C#': 8, 'PHP': 4}","['Charisma', 'Innovative']","['Indifferent', 'Passive']",Yes,Yes,Yes,Pass,Engineering,12023
Angeline Rewbottom,12/03/2019,"{'Python': 4, 'C#': 1}",['Charisma'],"['Perfectionist', 'Overbearing', 'Immature']",Yes,No,Yes,Fail,Engineering,12024
Alan Heald,28/03/2019,{'PHP': 3},"['Composure', 'Problem Solving']",['Impatient'],Yes,Yes,Yes,Pass,Engineering,12025
Sholom Banting,20/03/2019,"{'Python': 2, 'Java': 3, 'R': 3}","['Ambitious', 'Courteous', 'Altruism']","['Passive', 'Sensitive', 'Procrastination']",Yes,Yes,Yes,Pass,Engineering,12026
Tonia Oakes,12/03/2019,"{'Ruby': 3, 'PHP': 1}",['Collaboration'],"['Indecisive', 'Chatty', 'Overbearing']",Yes,Yes,Yes,Pass,Engineering,12027
Delmore O'Loinn,13/03/2019,"{'Java': 3, 'SPSS': 5, 'JavaScript': 2}","['Competitive', 'Charisma']","['Stubborn', 'Selfish', 'Overbearing']",No,Yes,No,Fail,Business,12028
Vale Fishbie,05/03/2019,"{'Python': 1, 'Java': 5, 'Ruby': 3}","['Ambitious', 'Innovative']","['Impulsive', 'Anxious', 'Introverted']",Yes,Yes,Yes,Pass,Engineering,12029
Heindrick Keay,07/03/2019,"{'C#': 4, 'Java': 4, 'SPSS': 3, 'C++': 1}","['Curious', 'Efficient']","['Intolerant', 'Immature', 'Anxious']",Yes,No,Yes,Fail,Engineering,12030
Nikoletta Mccaffrey,06/03/2019,"{'PHP': 1, 'C++': 4, 'JavaScript': 1}","['Empathy', 'Determined', 'Innovative']","['Perfectionist', 'Indifferent']",Yes,Yes,No,Fail,Business,12031
Roze Somerbell,28/03/2019,"{'C#': 2, 'C++': 2, 'JavaScript': 1}","['Problem Solving', 'Competitive', 'Creative']","['Immature', 'Procrastination']",Yes,Yes,Yes,Pass,Business,12032
Ganny Brumham,19/03/2019,"{'C#': 5, 'SPSS': 2, 'C++': 4}","['Critical Thinking', 'Rational', 'Curious']","['Distracted', 'Chatty', 'Overbearing']",Yes,Yes,Yes,Pass,Data,12033
Hamilton Godbehere,20/03/2019,"{'Java': 1, 'SPSS': 5, 'PHP': 1}",['Critical Thinking'],['Slow'],Yes,Yes,Yes,Pass,Engineering,12034
Olivia Dobrowski,06/03/2019,{'Python': 6},"['Efficient', 'Altruism']",['Anxious'],Yes,Yes,Yes,Pass,Data,12035
Gabie Maletratt,05/03/2019,"{'Python': 4, 'Ruby': 5, 'C++': 2, 'JavaScript': 2}","['Organisation', 'Versatile', 'Rational']","['Distracted', 'Undisciplined']",Yes,No,Yes,Fail,Business,12036
Jeniece Petty,12/03/2019,"{'C#': 2, 'Ruby': 2, 'JavaScript': 1}","['Passionate', 'Curious', 'Competitive']",['Sensitive'],Yes,Yes,Yes,Pass,Data,12037
Ezequiel Gutch,28/03/2019,"{'Python': 1, 'C#': 3}",['Patient'],"['Overbearing', 'Anxious', 'Immature']",Yes,Yes,Yes,Pass,Data,12038
Vinnie Gimbrett,05/03/2019,{'R': 5},"['Determined', 'Innovative', 'Charisma']",['Impatient'],Yes,Yes,Yes,Fail,Data,12039
Britte Kelleway,21/03/2019,"{'Python': 2, 'SPSS': 1, 'PHP': 1, 'C++': 1}",['Rational'],"['Introverted', 'Sensitive', 'Passive']",Yes,Yes,Yes,Pass,Engineering,12040
Laural O'Teague,13/03/2019,"{'C#': 3, 'PHP': 1}","['Ambitious', 'Altruism']","['Sensitive', 'Indecisive']",Yes,Yes,No,Fail,Engineering,12041
Vanda Boate,05/03/2019,"{'Python': 1, 'C#': 5, 'R': 6}",['Empathy'],"['Anxious', 'Impulsive', 'Sensitive']",Yes,Yes,Yes,Pass,Engineering,12042
Verne Francescuzzi,07/03/2019,"{'SPSS': 2, 'C++': 1, 'JavaScript': 2}","['Empathy', 'Composure']",['Anxious'],Yes,Yes,Yes,Pass,Business,12043
Gasparo Overill,27/03/2019,"{'Python': 4, 'C#': 3, 'R': 4, 'C++': 2}",['Competitive'],"['Indifferent', 'Introverted']",Yes,Yes,Yes,Pass,Data,12044
Lyndsie Bailles,13/03/2019,"{'C#': 3, 'Ruby': 6, 'SPSS': 3}","['Rational', 'Competitive']","['Introverted', 'Overbearing', 'Sensitive']",Yes,Yes,Yes,Pass,Business,12045
Tyson Spyby,21/03/2019,"{'Python': 1, 'Ruby': 3, 'SPSS': 3, 'C++': 6}",['Altruism'],"['Introverted', 'Anxious', 'Passive']",No,Yes,No,Fail,Engineering,12046
Callie Glasscock,05/03/2019,"{'Java': 6, 'Ruby': 4}",['Ambitious'],"['Sensitive', 'Impatient', 'Distracted']",Yes,Yes,Yes,Pass,Business,12047
Cassondra Triplet,13/03/2019,{'SPSS': 2},['Perfectionism'],"['Chatty', 'Competitive']",Yes,Yes,Yes,Pass,Engineering,12048
Dix Dinan,06/03/2019,"{'Python': 2, 'Ruby': 2, 'R': 5, 'SPSS': 4}","['Empathy', 'Determined', 'Patient']",['Conventional'],Yes,Yes,Yes,Pass,Data,12049
Umeko Sydall,13/03/2019,"{'Python': 4, 'C#': 3}",['Efficient'],['Anxious'],Yes,Yes,No,Fail,Engineering,12050
Darb Heinssen,27/03/2019,"{'Python': 4, 'C#': 2, 'PHP': 2, 'C++': 4}",['Altruism'],"['Competitive', 'Indecisive']",Yes,No,Yes,Fail,Business,12051
Tildi Dallicoat,12/03/2019,"{'Python': 5, 'C#': 3, 'R': 2, 'SPSS': 2, 'JavaScript': 5}",['Charisma'],"['Distracted', 'Controlling']",Yes,Yes,Yes,Pass,Business,12052
Chancey Morey,28/03/2019,"{'R': 4, 'PHP': 2, 'C++': 2}",['Independent'],['Immature'],Yes,Yes,Yes,Pass,Business,12053
Lisha Keaveny,12/03/2019,"{'C#': 2, 'Ruby': 2, 'R': 4, 'JavaScript': 4}","['Empathy', 'Efficient', 'Determined']",['Chaotic'],Yes,No,Yes,Fail,Data,12054
Cyrill Wilkison,26/03/2019,"{'Python': 5, 'C#': 3, 'Java': 1, 'R': 2}","['Independent', 'Rational']",['Intolerant'],No,Yes,Yes,Fail,Data,12055
Ainslie Simeon,07/03/2019,"{'C#': 4, 'Java': 1, 'Ruby': 5, 'SPSS': 4, 'PHP': 3}",['Patient'],['Undisciplined'],Yes,Yes,Yes,Pass,Engineering,12056
Rhea Cleynman,21/03/2019,"{'C#': 2, 'Java': 3, 'R': 7}","['Competitive', 'Collaboration', 'Consistent']",['Distracted'],Yes,Yes,Yes,Pass,Business,12057
Cornelia Cowley,14/03/2019,"{'C#': 1, 'R': 2, 'JavaScript': 4}","['Charisma', 'Patient']","['Intolerant', 'Perfectionist', 'Sensitive']",Yes,Yes,No,Fail,Business,12058
Leonhard Filkin,28/03/2019,{'C++': 3},['Versatile'],"['Selfish', 'Distracted']",Yes,Yes,Yes,Fail,Data,12059
Mahala Benadette,21/03/2019,"{'Ruby': 6, 'R': 2, 'SPSS': 4, 'C++': 3}","['Altruism', 'Competitive']",['Procrastination'],Yes,No,Yes,Fail,Engineering,12060
Halsy Hursthouse,06/03/2019,{'JavaScript': 3},['Versatile'],"['Indifferent', 'Anxious', 'Slow']",Yes,Yes,Yes,Pass,Engineering,12061
Inessa Mccurtin,12/03/2019,"{'Python': 1, 'C#': 3, 'Java': 4, 'C++': 2}",['Collaboration'],['Competitive'],Yes,No,Yes,Fail,Business,12062
Nada Niese,28/03/2019,"{'SPSS': 3, 'C++': 4}","['Perfectionism', 'Altruism']","['Distracted', 'Impatient', 'Impulsive']",No,Yes,No,Fail,Engineering,12063
Eleonora Bleazard,05/03/2019,"{'SPSS': 4, 'PHP': 2, 'JavaScript': 2}","['Efficient', 'Competitive']","['Overbearing', 'Chaotic', 'Slow']",Yes,Yes,Yes,Pass,Engineering,12064
Latrina Shingler,06/03/2019,"{'Python': 4, 'C#': 5, 'Java': 2, 'Ruby': 1, 'R': 4, 'SPSS': 1}","['Versatile', 'Problem Solving']","['Impatient', 'Selfish']",Yes,Yes,Yes,Pass,Data,12065
Zitella Hembery,19/03/2019,"{'Python': 6, 'C#': 2, 'Ruby': 7, 'R': 2, 'PHP': 4, 'C++': 1, 'JavaScript': 2}",['Rational'],"['Stubborn', 'Overbearing', 'Distracted']",Yes,Yes,Yes,Pass,Engineering,12066
Elfreda Aburrow,19/03/2019,"{'Python': 7, 'SPSS': 5, 'JavaScript': 1}","['Creative', 'Independent']",['Sensitive'],Yes,Yes,Yes,Pass,Data,12067
Xerxes Dobrowlski,12/03/2019,"{'C#': 1, 'Java': 3, 'Ruby': 5, 'JavaScript': 3}",['Efficient'],"['Undisciplined', 'Selfish', 'Sensitive']",Yes,Yes,No,Fail,Business,12068
Isahella Haddleston,28/03/2019,"{'Python': 3, 'Ruby': 5, 'SPSS': 5, 'PHP': 1, 'C++': 2}",['Patient'],"['Anxious', 'Impatient', 'Chaotic']",No,Yes,Yes,Fail,Data,12069
Stephani Libby,27/03/2019,"{'C#': 1, 'C++': 6}","['Empathy', 'Determined']","['Sensitive', 'Intolerant', 'Undisciplined']",Yes,No,Yes,Fail,Business,12070
Bette-Ann Lemmers,19/03/2019,"{'R': 2, 'SPSS': 3, 'C++': 1, 'JavaScript': 3}","['Altruism', 'Charisma']","['Undisciplined', 'Competitive']",Yes,No,No,Fail,Data,12071
Romona Buye,19/03/2019,"{'C#': 1, 'Ruby': 5, 'R': 4}","['Courteous', 'Creative']","['Indifferent', 'Distracted']",Yes,Yes,Yes,Pass,Business,12072
Whitney Woodger,27/03/2019,"{'Java': 10, 'Ruby': 1, 'R': 3, 'JavaScript': 2}","['Altruism', 'Patient', 'Independent']","['Anxious', 'Conventional']",Yes,Yes,Yes,Pass,Data,12073
Carmelina Thorington,19/03/2019,"{'C#': 3, 'R': 3, 'PHP': 3}","['Critical Thinking', 'Composure', 'Problem Solving']","['Perfectionist', 'Selfish']",Yes,No,Yes,Fail,Data,12074
Royal Lougheed,21/03/2019,"{'Python': 1, 'Java': 5, 'Ruby': 4}","['Perfectionism', 'Curious']",['Critical'],Yes,Yes,Yes,Pass,Engineering,12075
Damaris Vallance,13/03/2019,"{'Python': 1, 'R': 3, 'SPSS': 5, 'PHP': 1}","['Listening', 'Consistent', 'Courteous']","['Controlling', 'Perfectionist', 'Anxious']",Yes,Yes,Yes,Pass,Data,12076
Stacee Kidson,21/03/2019,"{'C#': 1, 'Java': 3, 'Ruby': 1, 'R': 3, 'SPSS': 2}","['Altruism', 'Competitive']","['Critical', 'Impulsive']",Yes,Yes,Yes,Pass,Data,12077
Kial Gowdy,06/03/2019,"{'C#': 1, 'Ruby': 8}",['Listening'],"['Conventional', 'Competitive']",Yes,Yes,Yes,Pass,Data,12078
Ernie Proschek,28/03/2019,"{'Java': 2, 'Ruby': 1, 'C++': 2}","['Critical Thinking', 'Innovative', 'Ambitious']","['Overbearing', 'Controlling']",Yes,No,Yes,Fail,Business,12079
Teodoor Fleay,26/03/2019,"{'Python': 3, 'R': 3, 'C++': 2, 'JavaScript': 2}","['Perfectionism', 'Courteous', 'Rational']","['Controlling', 'Passive']",No,Yes,Yes,Fail,Business,12080
Lotte Witherop,12/03/2019,"{'Java': 5, 'SPSS': 2, 'JavaScript': 3}",['Determined'],"['Impatient', 'Intolerant', 'Overbearing']",Yes,Yes,Yes,Pass,Engineering,12081
Kassia Wynch,26/03/2019,"{'C#': 3, 'Ruby': 2, 'C++': 1}","['Critical Thinking', 'Composure', 'Perfectionism']",['Critical'],Yes,Yes,Yes,Pass,Data,12082
Lia Ginnaly,21/03/2019,"{'Java': 5, 'Ruby': 5, 'R': 4}","['Competitive', 'Listening']","['Stubborn', 'Slow', 'Intolerant']",Yes,Yes,Yes,Pass,Data,12083
Rozamond Wilton,27/03/2019,"{'Ruby': 3, 'PHP': 3, 'JavaScript': 2}","['Problem Solving', 'Collaboration', 'Efficient']","['Conventional', 'Slow']",Yes,Yes,Yes,Pass,Engineering,12084
Michele Gonsalvo,14/03/2019,"{'Python': 1, 'C#': 5, 'R': 4, 'C++': 3}",['Composure'],"['Slow', 'Indifferent', 'Procrastination']",Yes,Yes,Yes,Pass,Engineering,12085
Betteann Bridgeland,12/03/2019,"{'Java': 4, 'Ruby': 6, 'R': 4, 'PHP': 1}","['Consistent', 'Patient']","['Chaotic', 'Controlling']",No,Yes,Yes,Fail,Data,12086
Aubert Cawtheray,27/03/2019,"{'C#': 5, 'SPSS': 2, 'C++': 7}",['Competitive'],['Slow'],Yes,Yes,Yes,Pass,Business,12087
Yulma Kerrey,20/03/2019,"{'C#': 3, 'SPSS': 2, 'C++': 2}",['Independent'],"['Critical', 'Passive', 'Indecisive']",Yes,No,Yes,Fail,Business,12088
Roxanna Rashleigh,12/03/2019,"{'Java': 1, 'R': 2, 'SPSS': 4, 'C++': 3, 'JavaScript': 2}","['Listening', 'Creative', 'Problem Solving']",['Perfectionist'],Yes,Yes,Yes,Pass,Engineering,12089
Tracey Spratley,19/03/2019,"{'Java': 3, 'Ruby': 1}","['Problem Solving', 'Perfectionism']","['Chatty', 'Indecisive']",Yes,Yes,Yes,Pass,Engineering,12090
Anastasia Howsam,05/03/2019,"{'Ruby': 2, 'JavaScript': 1}",['Innovative'],"['Chaotic', 'Perfectionist', 'Undisciplined']",No,Yes,Yes,Fail,Engineering,12091
Weylin Culpin,05/03/2019,"{'Python': 5, 'C#': 2, 'PHP': 3, 'JavaScript': 2}","['Independent', 'Patient']","['Indifferent', 'Impatient']",Yes,Yes,Yes,Pass,Business,12092
Pepe Bendig,21/03/2019,"{'C#': 2, 'Java': 5, 'R': 3, 'C++': 5}","['Reliable', 'Competitive', 'Consistent']","['Selfish', 'Chatty', 'Chaotic']",Yes,Yes,Yes,Pass,Engineering,12093
Haskell Mcdonnell,06/03/2019,"{'C#': 6, 'Java': 4, 'Ruby': 4, 'PHP': 1, 'C++': 3}",['Composure'],['Indifferent'],Yes,Yes,Yes,Pass,Data,12094
Avivah Lynas,14/03/2019,"{'Python': 5, 'C#': 2, 'JavaScript': 4}",['Altruism'],"['Critical', 'Chatty']",Yes,Yes,Yes,Pass,Engineering,12095
Aleece Addicott,28/03/2019,"{'Python': 5, 'C#': 9, 'Java': 3, 'R': 2, 'SPSS': 3, 'PHP': 1}","['Versatile', 'Efficient', 'Organisation']","['Chatty', 'Procrastination', 'Stubborn']",Yes,Yes,Yes,Fail,Business,12096
Aidan Elrick,05/03/2019,"{'Python': 6, 'Java': 2, 'SPSS': 6}","['Listening', 'Creative']",['Controlling'],Yes,Yes,No,Fail,Engineering,12097
Aidan Elrick,05/03/2019,"{'Python': 6, 'Java': 2, 'SPSS': 6}","['Listening', 'Creative']",['Controlling'],Yes,Yes,No,Fail,Engineering,12098
Hughie Yeliashev,19/03/2019,"{'Python': 2, 'C#': 3, 'C++': 1, 'JavaScript': 4}",['Innovative'],"['Introverted', 'Indifferent', 'Impulsive']",Yes,Yes,Yes,Pass,Engineering,12099
Elsa Hallgarth,27/03/2019,"{'Python': 3, 'C#': 4, 'Java': 2, 'SPSS': 2}","['Consistent', 'Altruism']",['Selfish'],Yes,Yes,Yes,Fail,Business,12100
Evin Bennallck,19/03/2019,"{'C#': 2, 'Java': 5, 'Ruby': 1}","['Ambitious', 'Passionate', 'Efficient']","['Chatty', 'Stubborn', 'Impatient']",Yes,Yes,Yes,Pass,Data,12101
Elfreda Colomb,06/03/2019,"{'Java': 2, 'Ruby': 4, 'R': 1, 'SPSS': 5, 'C++': 2, 'JavaScript': 4}","['Altruism', 'Competitive', 'Perfectionism']","['Stubborn', 'Impulsive', 'Critical']",Yes,Yes,Yes,Pass,Data,12102
Pam Hupka,06/03/2019,"{'Python': 5, 'C#': 5, 'R': 4, 'PHP': 4}",['Passionate'],"['Controlling', 'Impulsive']",Yes,Yes,Yes,Pass,Business,12103
Michail Arkle,07/03/2019,"{'Python': 2, 'Java': 7, 'PHP': 4}","['Courteous', 'Collaboration']",['Anxious'],No,Yes,Yes,Fail,Business,12104
Garth Messager,12/03/2019,{'Ruby': 4},"['Competitive', 'Courteous']","['Distracted', 'Chaotic']",Yes,Yes,Yes,Pass,Data,12105
Antoni Sparhawk,13/03/2019,"{'Python': 4, 'Java': 5}","['Curious', 'Versatile']","['Critical', 'Chaotic']",Yes,Yes,Yes,Pass,Engineering,12106
Candida Chilley,07/03/2019,"{'Ruby': 4, 'R': 2, 'SPSS': 6, 'JavaScript': 6}","['Rational', 'Creative', 'Collaboration']",['Undisciplined'],Yes,Yes,Yes,Pass,Data,12107
Eugenie Innocenti,12/03/2019,"{'C#': 3, 'Java': 4, 'SPSS': 3}",['Versatile'],['Conventional'],Yes,Yes,Yes,Pass,Engineering,12108
Almire Vautrey,26/03/2019,"{'Ruby': 2, 'R': 1}","['Altruism', 'Innovative', 'Reliable']","['Chatty', 'Procrastination']",Yes,No,Yes,Fail,Data,12109
Welbie Curgenven,05/03/2019,"{'Ruby': 3, 'R': 4, 'C++': 2}","['Empathy', 'Perfectionism']",['Impulsive'],Yes,Yes,Yes,Pass,Data,12110
Web Segrave,27/03/2019,"{'Python': 3, 'SPSS': 6, 'PHP': 3, 'C++': 5, 'JavaScript': 4}",['Determined'],"['Introverted', 'Chaotic', 'Perfectionist']",Yes,Yes,Yes,Pass,Business,12111
Kellen Brocklebank,06/03/2019,"{'C#': 6, 'Java': 1, 'Ruby': 2, 'SPSS': 2, 'C++': 2}","['Rational', 'Creative']",['Controlling'],Yes,No,Yes,Fail,Data,12112
Doralynne Torricina,12/03/2019,"{'Java': 2, 'SPSS': 3, 'PHP': 4, 'C++': 3, 'JavaScript': 2}","['Ambitious', 'Versatile']","['Immature', 'Perfectionist']",Yes,Yes,Yes,Pass,Business,12113
Cymbre Reuben,20/03/2019,"{'Java': 4, 'SPSS': 4, 'PHP': 2}","['Listening', 'Organisation']","['Immature', 'Critical', 'Impatient']",Yes,Yes,Yes,Pass,Business,12114
Nicholas Welbeck,21/03/2019,{'PHP': 1},['Creative'],"['Controlling', 'Introverted', 'Impulsive']",Yes,Yes,Yes,Pass,Engineering,12115
Agosto Meaddowcroft,05/03/2019,"{'R': 2, 'SPSS': 1, 'PHP': 3, 'C++': 1, 'JavaScript': 2}","['Composure', 'Determined']",['Intolerant'],Yes,Yes,Yes,Pass,Business,12116
Ezekiel Lemerie,19/03/2019,"{'SPSS': 2, 'PHP': 6, 'C++': 4}","['Problem Solving', 'Perfectionism']",['Chatty'],No,Yes,Yes,Fail,Data,12117
Tiphany Gribben,05/03/2019,"{'Python': 2, 'C#': 5, 'R': 5, 'JavaScript': 1}","['Composure', 'Independent']","['Impatient', 'Procrastination', 'Immature']",Yes,Yes,Yes,Pass,Business,12118
Julina Hartles,19/03/2019,"{'Java': 3, 'R': 4, 'SPSS': 1}","['Reliable', 'Listening', 'Organisation']","['Intolerant', 'Introverted', 'Impatient']",Yes,No,Yes,Fail,Engineering,12119
Ashley Fitzharris,07/03/2019,"{'R': 2, 'JavaScript': 3}","['Ambitious', 'Courteous', 'Determined']","['Passive', 'Impulsive', 'Sensitive']",Yes,No,Yes,Fail,Engineering,12120
Sallie Mcnair,21/03/2019,{'SPSS': 4},"['Passionate', 'Composure', 'Ambitious']","['Selfish', 'Passive', 'Immature']",Yes,Yes,Yes,Pass,Data,12121
Rudy Davidde,26/03/2019,,"['Determined', 'Courteous']","['Overbearing', 'Selfish', 'Passive']",Yes,Yes,Yes,Pass,Business,12122
Dyna Tallboy,06/03/2019,"{'C#': 1, 'Java': 1}","['Creative', 'Innovative', 'Passionate']","['Immature', 'Intolerant', 'Stubborn']",No,No,Yes,Fail,Business,12123
Vincenz Mcgeown,06/03/2019,"{'Python': 4, 'C#': 3, 'Java': 6, 'SPSS': 6, 'PHP': 2, 'C++': 4}","['Efficient', 'Innovative']",['Competitive'],Yes,No,Yes,Fail,Business,12124
Jeannette Bazelle,14/03/2019,"{'C#': 3, 'Java': 3, 'R': 4}","['Charisma', 'Versatile', 'Ambitious']",['Competitive'],Yes,No,Yes,Fail,Data,12125
Rennie Kennsley,05/03/2019,"{'Ruby': 1, 'JavaScript': 2}",['Problem Solving'],"['Chatty', 'Indifferent', 'Passive']",Yes,Yes,Yes,Pass,Business,12126
Corbie Hinchshaw,20/03/2019,"{'Python': 2, 'C#': 3, 'R': 2, 'PHP': 1, 'JavaScript': 4}","['Collaboration', 'Critical Thinking', 'Rational']",['Overbearing'],Yes,Yes,Yes,Pass,Business,12127
Matthaeus Stickens,05/03/2019,"{'Java': 3, 'Ruby': 3}","['Critical Thinking', 'Altruism', 'Passionate']","['Sensitive', 'Controlling', 'Chatty']",Yes,Yes,Yes,Pass,Engineering,12128
Vinson Fooks,06/03/2019,"{'C#': 1, 'Java': 5, 'Ruby': 2, 'C++': 6}","['Determined', 'Empathy', 'Curious']","['Controlling', 'Impatient', 'Critical']",Yes,Yes,Yes,Pass,Business,12129
Jacquelin Clampin,05/03/2019,,"['Competitive', 'Critical Thinking']","['Intolerant', 'Impatient', 'Passive']",Yes,Yes,Yes,Pass,Engineering,12130
Page Roubay,07/03/2019,"{'Python': 3, 'R': 6, 'SPSS': 4, 'C++': 2, 'JavaScript': 8}","['Critical Thinking', 'Independent']",['Indecisive'],Yes,Yes,Yes,Fail,Engineering,12131
Phylys Flory,27/03/2019,"{'Python': 3, 'C#': 3, 'Java': 2, 'Ruby': 4, 'SPSS': 1, 'PHP': 1}","['Critical Thinking', 'Versatile']","['Distracted', 'Competitive']",Yes,Yes,No,Fail,Business,12132
Raul Airlie,26/03/2019,"{'Python': 3, 'C#': 2, 'Java': 4, 'Ruby': 4, 'R': 3, 'SPSS': 1, 'PHP': 3, 'JavaScript': 2}",['Determined'],"['Procrastination', 'Immature', 'Perfectionist']",Yes,No,No,Fail,Business,12133
Danella Munton,07/03/2019,{'R': 1},"['Creative', 'Determined']","['Distracted', 'Controlling']",Yes,Yes,Yes,Fail,Business,12134
Frannie Doby,05/03/2019,{'C#': 4},"['Passionate', 'Listening']",['Chatty'],Yes,Yes,Yes,Pass,Engineering,12135
Zonda Babbidge,07/03/2019,"{'PHP': 2, 'C++': 4}","['Independent', 'Collaboration', 'Listening']","['Passive', 'Chatty', 'Sensitive']",Yes,Yes,Yes,Pass,Business,12136
Cleve Craigs,26/03/2019,"{'R': 1, 'SPSS': 2, 'PHP': 2, 'JavaScript': 3}","['Organisation', 'Competitive', 'Patient']","['Sensitive', 'Competitive']",No,Yes,No,Fail,Data,12137
Micky Mccaskell,06/03/2019,"{'Python': 1, 'Ruby': 1, 'SPSS': 1}","['Competitive', 'Independent']","['Conventional', 'Indecisive', 'Competitive']",Yes,Yes,No,Fail,Business,12138
Jesse Tiron,05/03/2019,"{'Python': 1, 'Java': 1, 'R': 1, 'C++': 2}",['Independent'],"['Impatient', 'Overbearing', 'Distracted']",Yes,Yes,Yes,Pass,Business,12139
Keeley Osburn,27/03/2019,"{'C#': 1, 'SPSS': 2, 'C++': 2}","['Determined', 'Curious']","['Anxious', 'Indifferent']",Yes,Yes,Yes,Fail,Engineering,12140
Woodie Reely,20/03/2019,"{'C#': 5, 'Ruby': 3, 'SPSS': 3, 'PHP': 3, 'C++': 2}",['Efficient'],"['Indecisive', 'Procrastination', 'Chatty']",Yes,Yes,Yes,Pass,Business,12141
Shelia Beadles,21/03/2019,"{'Java': 1, 'Ruby': 5, 'R': 3, 'C++': 3, 'JavaScript': 5}","['Perfectionism', 'Patient']",['Chatty'],Yes,Yes,Yes,Pass,Engineering,12142
Charo Lorent,27/03/2019,"{'Python': 1, 'Java': 2, 'Ruby': 3, 'C++': 1, 'JavaScript': 4}","['Organisation', 'Rational', 'Listening']",['Impatient'],Yes,Yes,Yes,Pass,Business,12143
Cary Edwicke,28/03/2019,{'C#': 3},['Organisation'],['Anxious'],Yes,Yes,Yes,Pass,Engineering,12144
Randi Tomkowicz,20/03/2019,"{'C#': 3, 'Java': 4, 'Ruby': 4, 'R': 2, 'JavaScript': 1}",['Reliable'],['Impulsive'],Yes,Yes,Yes,Pass,Engineering,12145
Stacey De Vuyst,27/03/2019,{'C#': 1},['Rational'],"['Sensitive', 'Slow']",Yes,Yes,Yes,Pass,Business,12146
Gayle Vinsen,06/03/2019,"{'Python': 1, 'R': 2}","['Organisation', 'Listening']","['Impulsive', 'Controlling', 'Chatty']",Yes,Yes,Yes,Pass,Business,12147
Myrlene Olyfant,27/03/2019,"{'Python': 1, 'Ruby': 6, 'R': 4, 'SPSS': 4, 'C++': 4}",['Listening'],['Anxious'],Yes,Yes,Yes,Pass,Business,12148
Karina Andrejevic,13/03/2019,"{'C#': 6, 'Ruby': 2, 'JavaScript': 2}","['Ambitious', 'Listening']",['Indecisive'],No,No,Yes,Fail,Data,12149
Sher Biesinger,19/03/2019,"{'Python': 5, 'C#': 7}","['Reliable', 'Empathy']","['Procrastination', 'Slow', 'Critical']",Yes,Yes,Yes,Pass,Engineering,12150
Gladys Roote,06/03/2019,"{'Python': 2, 'C#': 1, 'Ruby': 4, 'SPSS': 3, 'C++': 3, 'JavaScript': 3}","['Versatile', 'Curious', 'Altruism']",['Passive'],Yes,Yes,Yes,Pass,Business,12151
Sheffield Furzer,19/03/2019,"{'Python': 2, 'Java': 2, 'R': 3, 'JavaScript': 5}","['Creative', 'Listening', 'Innovative']","['Selfish', 'Chaotic', 'Critical']",Yes,Yes,Yes,Pass,Engineering,12152
Danielle Absolom,19/03/2019,"{'Java': 2, 'SPSS': 4}",['Listening'],"['Slow', 'Distracted', 'Undisciplined']",Yes,Yes,Yes,Pass,Engineering,12153
Fowler Crewdson,12/03/2019,"{'SPSS': 7, 'PHP': 4, 'JavaScript': 3}",['Passionate'],['Stubborn'],Yes,Yes,Yes,Pass,Business,12154
Kaylil Gissing,13/03/2019,"{'Ruby': 5, 'R': 1, 'C++': 2, 'JavaScript': 6}",['Consistent'],"['Passive', 'Intolerant']",No,Yes,Yes,Fail,Business,12155
Johnny Shea,05/03/2019,"{'Ruby': 3, 'SPSS': 5, 'C++': 1}","['Empathy', 'Passionate']","['Controlling', 'Distracted']",Yes,Yes,Yes,Pass,Business,12156
Jill Pawelec,26/03/2019,"{'R': 5, 'SPSS': 1, 'JavaScript': 3}",['Innovative'],['Sensitive'],Yes,Yes,Yes,Fail,Engineering,12157
Olenolin Wressell,26/03/2019,"{'R': 1, 'SPSS': 2}",['Rational'],['Distracted'],No,No,Yes,Fail,Data,12158
Lelah Nisot,21/03/2019,"{'C#': 2, 'Java': 6}",['Empathy'],['Chatty'],Yes,Yes,Yes,Pass,Data,12159
Durant Dell 'Orto,28/03/2019,"{'Python': 3, 'C#': 2, 'SPSS': 3}","['Reliable', 'Collaboration']",['Controlling'],Yes,Yes,Yes,Fail,Data,12160
Gabby Neilson,13//03/2019,"{'C#': 7, 'Java': 2, 'R': 2, 'SPSS': 1, 'C++': 1, 'JavaScript': 5}","['Reliable', 'Creative']","['Sensitive', 'Undisciplined', 'Passive']",Yes,Yes,Yes,Pass,Engineering,12161
Tobi Short,06/03/2019,"{'C#': 3, 'R': 3}","['Creative', 'Collaboration']",['Sensitive'],Yes,Yes,Yes,Pass,Data,12162
Riannon Sibylla,20/03/2019,"{'C#': 1, 'Java': 4}","['Efficient', 'Composure']","['Critical', 'Perfectionist', 'Undisciplined']",Yes,Yes,Yes,Pass,Engineering,12163
Tommie Hammerman,19/03/2019,"{'Python': 2, 'C#': 2, 'Java': 2, 'R': 2}","['Competitive', 'Composure', 'Perfectionism']",['Competitive'],Yes,Yes,No,Fail,Engineering,12164
Anton Isaacs,13/03/2019,"{'C#': 5, 'R': 2, 'PHP': 1, 'C++': 1}","['Innovative', 'Charisma']",['Chaotic'],Yes,Yes,Yes,Fail,Data,12165
Winne Kelloch,13/03/2019,"{'C#': 2, 'Java': 3, 'PHP': 2}",['Listening'],['Critical'],Yes,No,Yes,Fail,Engineering,12166
Althea Kopelman,26/03/2019,"{'Java': 5, 'Ruby': 5, 'R': 6, 'JavaScript': 1}","['Organisation', 'Ambitious', 'Curious']","['Immature', 'Selfish']",Yes,Yes,Yes,Pass,Engineering,12167
Barde Mcgeneay,14/03/2019,"{'C#': 3, 'Java': 1, 'JavaScript': 3}",['Independent'],"['Overbearing', 'Anxious']",Yes,Yes,Yes,Fail,Business,12168
Reg Mcreynold,05/03/2019,"{'C#': 2, 'Ruby': 4, 'R': 6, 'C++': 5, 'JavaScript': 2}",['Collaboration'],"['Critical', 'Overbearing', 'Undisciplined']",Yes,Yes,Yes,Pass,Data,12169
Ania Silver,19/03/2019,"{'Python': 2, 'Ruby': 1, 'C++': 1}",['Critical Thinking'],['Chatty'],Yes,No,Yes,Fail,Engineering,12170
Chilton Fridaye,07/03/2019,"{'Python': 5, 'C#': 2, 'Ruby': 1, 'PHP': 3}",['Patient'],['Indecisive'],Yes,No,Yes,Fail,Business,12171
Gae Crutch,07/03/2019,"{'C#': 2, 'R': 2}","['Organisation', 'Curious', 'Reliable']",['Introverted'],Yes,Yes,Yes,Pass,Business,12172
Port Taylot,21/03/2019,"{'Ruby': 2, 'R': 2}","['Consistent', 'Curious']","['Perfectionist', 'Distracted', 'Impatient']",Yes,Yes,No,Fail,Business,12173
Cirilo Worley,14/03/2019,"{'Java': 4, 'R': 6}","['Versatile', 'Determined']","['Competitive', 'Immature']",Yes,Yes,Yes,Pass,Engineering,12174
Amelina Posnett,19/03/2019,"{'Python': 2, 'Java': 3, 'SPSS': 1, 'PHP': 2, 'C++': 4, 'JavaScript': 2}","['Empathy', 'Altruism', 'Collaboration']","['Impulsive', 'Slow', 'Distracted']",No,Yes,Yes,Fail,Business,12175
Regan Dyball,27/03/2019,"{'Python': 2, 'Ruby': 6, 'SPSS': 4, 'PHP': 2}","['Ambitious', 'Empathy']","['Passive', 'Perfectionist', 'Indifferent']",Yes,Yes,Yes,Pass,Engineering,12176
Frazer Trahmel,14/03/2019,"{'Java': 2, 'SPSS': 6, 'C++': 5, 'JavaScript': 1}",['Patient'],['Introverted'],Yes,Yes,Yes,Fail,Data,12177
Ashley Fudge,19/03/2019,"{'Python': 4, 'Ruby': 1, 'R': 6, 'SPSS': 2, 'C++': 1}",['Empathy'],"['Intolerant', 'Indifferent']",Yes,Yes,Yes,Pass,Engineering,12178
Cherianne Raddon,06/03/2019,"{'C#': 4, 'Java': 3, 'Ruby': 2}","['Courteous', 'Collaboration', 'Rational']","['Impulsive', 'Chatty']",Yes,Yes,Yes,Pass,Data,12179
Cybil Mandrake,27/03/2019,"{'Python': 3, 'C#': 2, 'R': 5, 'JavaScript': 1}","['Rational', 'Independent', 'Reliable']",['Selfish'],Yes,Yes,Yes,Pass,Data,12180
Deerdre Mussard,05/03/2019,"{'Python': 3, 'C#': 5, 'Ruby': 4, 'PHP': 1}","['Versatile', 'Courteous']","['Competitive', 'Impatient']",Yes,Yes,No,Fail,Data,12181
Nadia Wheelton,19/03/2019,"{'C#': 1, 'JavaScript': 3}","['Versatile', 'Critical Thinking', 'Competitive']",['Perfectionist'],Yes,Yes,Yes,Pass,Data,12182
Bella Tarbox,12/03/2019,"{'Ruby': 3, 'R': 1, 'SPSS': 4}","['Consistent', 'Courteous', 'Listening']",['Impulsive'],Yes,Yes,Yes,Pass,Engineering,12183
Agustin Craine,21/03/2019,"{'C#': 6, 'SPSS': 1, 'C++': 3}",['Innovative'],"['Indifferent', 'Impulsive']",Yes,Yes,Yes,Pass,Data,12184
Allene Hand,13/03/2019,"{'Python': 2, 'C#': 5, 'Java': 2, 'R': 4, 'SPSS': 2, 'C++': 4}",['Innovative'],"['Controlling', 'Indecisive', 'Distracted']",Yes,Yes,Yes,Pass,Business,12185
Gearard Slegg,19/03/2019,"{'Ruby': 2, 'SPSS': 2, 'C++': 1, 'JavaScript': 3}",['Organisation'],['Chatty'],Yes,Yes,Yes,Pass,Business,12186
Dick Rubinshtein,19/03/2019,"{'SPSS': 2, 'C++': 3}","['Altruism', 'Ambitious', 'Consistent']",['Indecisive'],Yes,Yes,No,Fail,Engineering,12187
Dick Rubinshtein,19/03/2019,"{'SPSS': 2, 'C++': 3}","['Altruism', 'Ambitious', 'Consistent']",['Indecisive'],Yes,Yes,No,Fail,Engineering,12188
Phineas Purton,05/03/2019,"{'Python': 1, 'R': 4, 'PHP': 2}","['Problem Solving', 'Innovative']","['Overbearing', 'Indecisive']",Yes,Yes,No,Fail,Engineering,12189
Carly Rogge,28/03/2019,"{'Java': 1, 'C++': 2}",['Ambitious'],['Critical'],Yes,Yes,Yes,Pass,Engineering,12190
Gaylord Alleway,06/03/2019,"{'C#': 1, 'C++': 2}","['Perfectionism', 'Efficient', 'Creative']","['Chaotic', 'Indifferent']",Yes,Yes,Yes,Pass,Engineering,12191
Dre Southerton,26/03/2019,"{'C#': 1, 'Java': 4, 'PHP': 3}",['Perfectionism'],"['Anxious', 'Controlling', 'Indifferent']",Yes,Yes,No,Fail,Data,12192
Mame Kneaphsey,28/03/2019,"{'Ruby': 2, 'R': 5, 'C++': 1}","['Listening', 'Charisma']","['Competitive', 'Critical']",Yes,Yes,Yes,Pass,Business,12193
Elfrida Enden,13/03/2019,{'C#': 2},"['Empathy', 'Perfectionism']","['Sensitive', 'Selfish', 'Immature']",Yes,Yes,Yes,Pass,Engineering,12194
Rustie Cormode,13/03/2019,"{'C#': 4, 'Java': 3, 'SPSS': 3, 'JavaScript': 2}",['Reliable'],"['Selfish', 'Stubborn']",Yes,Yes,Yes,Pass,Engineering,12195
Quincey Gayle,20/03/2019,{'Python': 3},['Charisma'],"['Controlling', 'Competitive']",Yes,Yes,Yes,Pass,Engineering,12196
Rosita Cabel,07/03/2019,"{'Python': 2, 'C#': 1, 'JavaScript': 1}",['Charisma'],"['Immature', 'Procrastination']",Yes,Yes,Yes,Pass,Data,12197
Des Tomovic,13/03/2019,"{'Python': 4, 'R': 1, 'SPSS': 2, 'PHP': 1}",['Consistent'],['Chatty'],Yes,Yes,No,Fail,Business,12198
Artair Rois,20/03/2019,"{'C#': 3, 'R': 4, 'C++': 2}","['Perfectionism', 'Listening', 'Versatile']","['Chatty', 'Anxious', 'Introverted']",Yes,Yes,Yes,Pass,Engineering,12199
Glenn Coaker,28/03/2019,"{'C#': 3, 'Java': 4, 'R': 4, 'PHP': 2, 'C++': 2, 'JavaScript': 2}","['Charisma', 'Determined', 'Consistent']","['Introverted', 'Chaotic', 'Undisciplined']",Yes,Yes,Yes,Pass,Engineering,12200
Artair Cartman,19/03/2019,"{'C#': 1, 'Java': 5, 'Ruby': 4, 'SPSS': 3, 'PHP': 1}","['Innovative', 'Ambitious']","['Competitive', 'Selfish', 'Sensitive']",Yes,Yes,Yes,Pass,Engineering,12201
Lynea Heustice,06/03/2019,{'Python': 3},['Rational'],"['Overbearing', 'Sensitive']",Yes,Yes,Yes,Pass,Business,12202
Neal Ginglell,26/03/2019,{'C#': 2},['Patient'],"['Distracted', 'Indifferent', 'Controlling']",Yes,Yes,Yes,Pass,Engineering,12203
Cello Durrand,12/03/2019,"{'Python': 1, 'C#': 1, 'Ruby': 3, 'R': 3, 'PHP': 1}",['Altruism'],"['Indecisive', 'Intolerant', 'Introverted']",Yes,No,Yes,Fail,Business,12204
Yance Grenfell,28/03/2019,"{'Python': 6, 'Java': 1, 'Ruby': 3, 'C++': 2}",['Creative'],['Introverted'],Yes,Yes,Yes,Fail,Business,12205
L;Urette Daveley,12/03/2019,"{'Java': 6, 'Ruby': 3, 'JavaScript': 5}","['Passionate', 'Altruism']",['Passive'],Yes,Yes,Yes,Pass,Engineering,12206
Rozanne Burhouse,27/03/2019,{'Java': 1},"['Passionate', 'Innovative', 'Ambitious']","['Anxious', 'Chaotic']",Yes,No,Yes,Fail,Data,12207
Emily Yon,26/03/2019,"{'Python': 1, 'Java': 5, 'Ruby': 2, 'R': 4, 'SPSS': 5}","['Collaboration', 'Ambitious']","['Controlling', 'Chaotic']",No,Yes,Yes,Fail,Business,12208
Emily Yon,26/03/2019,"{'Python': 1, 'Java': 5, 'Ruby': 2, 'R': 4, 'SPSS': 5}","['Collaboration', 'Ambitious']","['Controlling', 'Chaotic']",No,Yes,Yes,Fail,Business,12209
Lemmie Wylam,07/03/2019,"{'Java': 3, 'R': 4, 'PHP': 1, 'JavaScript': 2}",['Curious'],['Competitive'],Yes,Yes,No,Fail,Business,12210
Mattias Blanpein,19/03/2019,"{'Python': 4, 'C#': 3, 'C++': 1}","['Collaboration', 'Listening', 'Versatile']","['Undisciplined', 'Passive', 'Controlling']",Yes,Yes,Yes,Fail,Business,12211
Adelbert Verrick,27/03/2019,{'Java': 6},"['Problem Solving', 'Ambitious']","['Indecisive', 'Intolerant']",Yes,Yes,Yes,Pass,Business,12212
Jaymee Riden,19/03/2019,"{'Python': 7, 'SPSS': 4, 'C++': 3, 'JavaScript': 2}","['Perfectionism', 'Composure']",['Stubborn'],Yes,Yes,Yes,Pass,Engineering,12213
Melinda Ocklin,21/03/2019,"{'Java': 1, 'SPSS': 3}",['Ambitious'],"['Sensitive', 'Undisciplined']",Yes,Yes,Yes,Pass,Data,12214
Estele Prester,20/03/2019,"{'Python': 2, 'C#': 2, 'Java': 3, 'SPSS': 1}","['Courteous', 'Passionate']","['Chatty', 'Immature']",Yes,Yes,Yes,Pass,Business,12215
Stern Ashfull,13/03/2019,"{'Python': 1, 'C#': 6, 'SPSS': 1, 'JavaScript': 4}","['Rational', 'Creative']","['Impulsive', 'Distracted']",Yes,Yes,Yes,Pass,Business,12216
Franzen Iddy,20/03/2019,"{'Python': 4, 'Java': 3, 'JavaScript': 2}",['Efficient'],['Indecisive'],Yes,Yes,Yes,Pass,Engineering,12217
Ashlie Siveter,26/03/2019,{'Python': 8},"['Empathy', 'Creative']","['Passive', 'Anxious']",Yes,Yes,Yes,Pass,Data,12218
Maxwell Fadell,26/03/2019,{'C#': 7},['Perfectionism'],['Procrastination'],Yes,Yes,Yes,Pass,Engineering,12219
Ofelia Crow,28/03/2019,"{'C#': 1, 'C++': 5}",['Empathy'],"['Impatient', 'Procrastination', 'Stubborn']",Yes,Yes,Yes,Pass,Data,12220
Neely Aleksich,28/03/2019,"{'Python': 2, 'R': 3, 'C++': 6}",['Courteous'],"['Impulsive', 'Competitive']",No,Yes,Yes,Fail,Engineering,12221
Hobart Caldeyroux,26/03/2019,"{'Python': 6, 'C#': 3}","['Organisation', 'Determined']","['Indecisive', 'Overbearing']",Yes,Yes,Yes,Pass,Business,12222
Jeffy Dudding,13/03/2019,"{'Java': 3, 'PHP': 1, 'C++': 8, 'JavaScript': 1}",['Altruism'],"['Intolerant', 'Chaotic', 'Indifferent']",Yes,Yes,Yes,Pass,Data,12223
Lauren Bister,20/03/2019,"{'Ruby': 3, 'PHP': 3, 'C++': 4}","['Perfectionism', 'Patient']",['Perfectionist'],Yes,Yes,Yes,Pass,Business,12224
Bowie Nolton,07/03/2019,"{'C#': 5, 'Java': 3, 'R': 5}","['Creative', 'Charisma', 'Curious']","['Introverted', 'Chatty']",Yes,Yes,Yes,Pass,Data,12225
Maurine Vedenyakin,13/03/2019,"{'C#': 3, 'R': 4, 'PHP': 2}","['Critical Thinking', 'Reliable']","['Stubborn', 'Impulsive', 'Anxious']",No,Yes,No,Fail,Data,12226
Vannie Hounsome,05/03/2019,,"['Independent', 'Competitive', 'Rational']","['Chatty', 'Impulsive', 'Conventional']",Yes,Yes,No,Fail,Data,12227
Tye Klejna,21/05/2019,"{'Python': 2, 'Ruby': 5, 'JavaScript': 2}",['Competitive'],"['Passive', 'Perfectionist', 'Anxious']",No,Yes,Yes,Fail,Engineering,12228
Katya Curtois,21/05/2019,"{'Java': 1, 'JavaScript': 1}","['Perfectionism', 'Consistent', 'Critical Thinking']",['Chaotic'],Yes,Yes,Yes,Pass,Engineering,12229
Laurella Daintrey,07/05/2019,"{'Python': 9, 'JavaScript': 3}",['Perfectionism'],['Slow'],Yes,No,Yes,Fail,Data,12230
Worthington Stollenwerck,22/05/2019,"{'Python': 3, 'C#': 2, 'JavaScript': 3}",['Collaboration'],['Intolerant'],Yes,Yes,Yes,Pass,Engineering,12231
Hartwell Candwell,28/05/2019,"{'R': 5, 'SPSS': 2, 'C++': 3, 'JavaScript': 4}","['Problem Solving', 'Ambitious']","['Procrastination', 'Immature']",Yes,Yes,Yes,Pass,Business,12232
Loree Hinkens,01/05/2019,,"['Reliable', 'Organisation']","['Undisciplined', 'Slow', 'Anxious']",No,Yes,Yes,Fail,Data,12233
Bernadette O' Timony,23/05/2019,"{'Python': 1, 'Java': 2, 'Ruby': 5, 'R': 4, 'SPSS': 5, 'C++': 2}","['Empathy', 'Passionate', 'Courteous']","['Impatient', 'Introverted', 'Passive']",Yes,Yes,Yes,Pass,Business,12234
Andrei Musslewhite,16/05/2019,"{'C#': 2, 'Java': 2, 'R': 4, 'SPSS': 9, 'PHP': 1}",['Courteous'],"['Indifferent', 'Chaotic', 'Introverted']",Yes,Yes,Yes,Pass,Data,12235
Nata Bohman,30/05/2019,"{'C#': 2, 'Java': 4, 'C++': 5, 'JavaScript': 1}","['Creative', 'Efficient']","['Controlling', 'Impatient']",Yes,No,No,Fail,Engineering,12236
Kellie Tanguy,08/05/2019,"{'C#': 3, 'PHP': 4, 'JavaScript': 1}","['Independent', 'Perfectionism', 'Courteous']","['Procrastination', 'Conventional', 'Impatient']",Yes,Yes,Yes,Pass,Engineering,12237
Shurlocke Cringle,21/05/2019,"{'Java': 5, 'R': 1, 'SPSS': 5, 'JavaScript': 3}",['Altruism'],['Chatty'],Yes,Yes,Yes,Pass,Data,12238
Eden Goodboddy,08/05/2019,"{'Java': 3, 'SPSS': 5}","['Versatile', 'Efficient', 'Critical Thinking']","['Impulsive', 'Perfectionist']",Yes,Yes,Yes,Pass,Data,12239
Omar Bromilow,07/05/2019,"{'Python': 1, 'C#': 3, 'Ruby': 3, 'JavaScript': 1}","['Rational', 'Patient', 'Problem Solving']","['Indecisive', 'Undisciplined', 'Stubborn']",No,No,Yes,Fail,Engineering,12240
Jaquenetta Catonne,14/05/2019,"{'Java': 1, 'R': 5, 'SPSS': 2, 'JavaScript': 5}","['Innovative', 'Patient', 'Determined']",['Perfectionist'],Yes,Yes,Yes,Pass,Data,12241
Vilhelmina Kissell,16/05/2019,"{'Python': 3, 'R': 3}","['Rational', 'Independent']",['Critical'],Yes,Yes,Yes,Pass,Engineering,12242
Bibi Mastrantone,09/05/2019,"{'C#': 5, 'PHP': 1, 'C++': 1}",['Courteous'],"['Impulsive', 'Slow']",Yes,Yes,Yes,Pass,Business,12243
Brittany Mccluskey,23/05/2019,"{'Java': 6, 'C++': 4}",['Courteous'],"['Undisciplined', 'Impatient', 'Controlling']",No,Yes,Yes,Fail,Data,12244
Timmi Warr,23/05/2019,"{'Java': 3, 'Ruby': 5, 'C++': 1, 'JavaScript': 2}","['Curious', 'Collaboration', 'Consistent']","['Intolerant', 'Competitive']",Yes,Yes,Yes,Pass,Engineering,12245
Laurel Ebbers,29/05/2019,"{'C#': 5, 'Java': 3, 'Ruby': 4, 'SPSS': 6}",['Critical Thinking'],['Competitive'],Yes,Yes,Yes,Pass,Engineering,12246
Fax Schankelborg,07/05/2019,"{'Python': 3, 'Java': 1, 'R': 3, 'SPSS': 3}","['Problem Solving', 'Determined']",['Intolerant'],Yes,Yes,Yes,Pass,Engineering,12247
Nickolas Fears,08/05/2019,"{'C#': 2, 'SPSS': 1, 'C++': 3, 'JavaScript': 2}","['Curious', 'Independent']","['Chatty', 'Perfectionist', 'Sensitive']",Yes,Yes,Yes,Pass,Data,12248
Ardys Ruppele,29/05/2019,"{'C#': 4, 'Java': 4, 'R': 3, 'SPSS': 5, 'PHP': 1, 'JavaScript': 2}","['Problem Solving', 'Altruism']","['Selfish', 'Sensitive']",No,Yes,Yes,Fail,Engineering,12249
Dallas Sheekey,23/05/2019,"{'C#': 4, 'SPSS': 4, 'C++': 4}",['Consistent'],"['Sensitive', 'Impulsive', 'Anxious']",Yes,Yes,Yes,Pass,Engineering,12250
Cello Ricioppo,14/05/2019,"{'Python': 4, 'SPSS': 5, 'PHP': 1}",['Perfectionism'],['Controlling'],Yes,Yes,Yes,Fail,Data,12251
Bennie Latan,30/05/2019,"{'Java': 3, 'Ruby': 4, 'R': 4, 'C++': 4, 'JavaScript': 2}","['Creative', 'Composure', 'Curious']",['Sensitive'],Yes,No,Yes,Fail,Engineering,12252
Standford Brewitt,16/05/2019,"{'Python': 4, 'C#': 3, 'Ruby': 1, 'R': 4, 'C++': 1}","['Competitive', 'Collaboration', 'Rational']","['Perfectionist', 'Immature', 'Sensitive']",Yes,Yes,Yes,Pass,Data,12253
Cristin Screas,21/05/2019,"{'Python': 1, 'Java': 3, 'SPSS': 5, 'C++': 4}","['Collaboration', 'Versatile']","['Sensitive', 'Chatty', 'Perfectionist']",Yes,Yes,Yes,Pass,Data,12254
Florina Sudlow,29/05/2019,"{'Java': 5, 'PHP': 1}",['Empathy'],['Anxious'],Yes,Yes,Yes,Pass,Business,12255
Maxi Macgaughey,15/05/2019,"{'Python': 3, 'Java': 2, 'Ruby': 2, 'R': 1, 'PHP': 1}",['Critical Thinking'],['Indifferent'],Yes,Yes,Yes,Pass,Engineering,12256
Artemas Bewlay,08/05/2019,{'JavaScript': 1},"['Collaboration', 'Passionate']","['Immature', 'Slow']",Yes,Yes,Yes,Pass,Data,12257
Morse Joly,22/05/2019,"{'Python': 4, 'C#': 1, 'Java': 2, 'R': 4, 'SPSS': 5, 'PHP': 2, 'JavaScript': 1}","['Courteous', 'Innovative', 'Passionate']","['Conventional', 'Anxious', 'Perfectionist']",Yes,Yes,Yes,Pass,Engineering,12258
Albie Romanski,07/05/2019,"{'Python': 2, 'Java': 6, 'Ruby': 6, 'C++': 5}",['Versatile'],['Intolerant'],Yes,Yes,Yes,Pass,Business,12259
Winnifred Hingeley,07/05/2019,{'Java': 2},"['Creative', 'Consistent', 'Composure']","['Chaotic', 'Chatty', 'Passive']",No,Yes,Yes,Fail,Engineering,12260
Liane Lorente,29/05/2019,"{'C#': 3, 'R': 1, 'C++': 6, 'JavaScript': 4}",['Critical Thinking'],['Overbearing'],Yes,Yes,Yes,Pass,Engineering,12261
Brendin Curran,21/05/2019,"{'Python': 2, 'Java': 1, 'R': 3}","['Determined', 'Innovative']",['Impatient'],Yes,No,Yes,Fail,Business,12262
Shayne St Louis,02/05/2019,"{'Python': 2, 'Ruby': 7, 'JavaScript': 7}",['Perfectionism'],"['Stubborn', 'Impatient', 'Controlling']",Yes,Yes,No,Fail,Data,12263
Ulrika Lemerie,15/05/2019,"{'Ruby': 4, 'PHP': 1, 'C++': 1}","['Listening', 'Altruism', 'Competitive']","['Impulsive', 'Overbearing', 'Perfectionist']",Yes,Yes,Yes,Pass,Business,12264
Micheil Rotlauf,01/05/2019,"{'Ruby': 1, 'JavaScript': 2}","['Patient', 'Critical Thinking']",['Distracted'],Yes,Yes,Yes,Pass,Data,12265
Darbee Goslin,29/05/2019,{'Ruby': 2},['Composure'],"['Stubborn', 'Selfish', 'Impulsive']",Yes,No,Yes,Fail,Engineering,12266
Prisca Ginnally,07/05/2019,"{'Python': 4, 'Java': 2, 'PHP': 3, 'C++': 2}",['Altruism'],"['Introverted', 'Chaotic', 'Impulsive']",Yes,Yes,Yes,Pass,Engineering,12267
Megen Durtnall,08/05/2019,"{'R': 3, 'SPSS': 3, 'C++': 3}","['Creative', 'Charisma']","['Impatient', 'Chaotic']",Yes,Yes,Yes,Pass,Business,12268
Megen Durtnall,08/05/2019,"{'R': 3, 'SPSS': 3, 'C++': 3}","['Creative', 'Charisma']","['Impatient', 'Chaotic']",Yes,Yes,Yes,Pass,Business,12269
Noel Hayland,30/05/2019,"{'C#': 1, 'Ruby': 6, 'R': 1, 'JavaScript': 2}","['Composure', 'Collaboration', 'Perfectionism']",['Chaotic'],Yes,Yes,Yes,Pass,Engineering,12270
Clint Gorbell,22/05/2019,"{'C++': 2, 'JavaScript': 5}",['Courteous'],['Introverted'],Yes,No,Yes,Fail,Business,12271
Judas Espadero,09/05/2019,"{'Java': 3, 'R': 3, 'SPSS': 3, 'PHP': 3}","['Determined', 'Reliable', 'Courteous']","['Slow', 'Impatient', 'Sensitive']",Yes,Yes,Yes,Pass,Data,12272
Berri Cocklin,14/05/2019,"{'C#': 5, 'R': 2}",['Problem Solving'],['Critical'],No,Yes,Yes,Fail,Engineering,12273
Wolfie Showers,23/05/2019,"{'Java': 2, 'SPSS': 2}","['Composure', 'Altruism']","['Anxious', 'Slow', 'Indifferent']",Yes,Yes,Yes,Pass,Business,12274
Dion Pavlasek,15/05/2019,"{'C#': 4, 'Java': 2, 'SPSS': 2}","['Problem Solving', 'Collaboration', 'Altruism']","['Immature', 'Distracted']",Yes,Yes,No,Fail,Data,12275
Timmy Benzies,02/05/2019,"{'C#': 3, 'Java': 4, 'Ruby': 4, 'R': 2, 'PHP': 4, 'JavaScript': 7}",['Ambitious'],['Introverted'],No,Yes,Yes,Fail,Engineering,12276
Shepherd Aliman,09/05/2019,"{'C#': 2, 'SPSS': 3}",['Versatile'],['Impulsive'],No,Yes,Yes,Fail,Business,12277
Angel Matteau,22/05/2019,"{'Python': 2, 'R': 3, 'PHP': 1, 'JavaScript': 4}","['Perfectionism', 'Patient', 'Determined']",['Competitive'],Yes,Yes,Yes,Pass,Business,12278
Granger Carayol,28/05/2019,"{'R': 7, 'SPSS': 4}","['Independent', 'Collaboration', 'Rational']",['Controlling'],Yes,Yes,Yes,Fail,Engineering,12279
Gaven Eckford,23/05/2019,"{'SPSS': 1, 'PHP': 2, 'C++': 2}","['Listening', 'Passionate', 'Reliable']",['Overbearing'],Yes,Yes,Yes,Pass,Business,12280
Nicolea Gibbins,23/05/2019,"{'Python': 4, 'Ruby': 2, 'SPSS': 5, 'C++': 1}","['Versatile', 'Competitive', 'Problem Solving']","['Undisciplined', 'Sensitive']",Yes,Yes,Yes,Pass,Business,12281
Retha Dunnico,01/05/2019,"{'Python': 2, 'C#': 1, 'C++': 4}",['Perfectionism'],['Competitive'],Yes,Yes,No,Fail,Data,12282
Katharina Aleswell,09/05/2019,"{'Python': 9, 'C#': 7, 'Java': 2}","['Courteous', 'Consistent', 'Determined']",['Selfish'],Yes,Yes,Yes,Pass,Engineering,12283
Joshuah Pourveer,14/05/2019,"{'Python': 4, 'R': 1, 'JavaScript': 4}","['Independent', 'Passionate', 'Ambitious']",['Competitive'],Yes,Yes,Yes,Fail,Data,12284
Valentine Brosini,07/05/2019,"{'C#': 1, 'Java': 3, 'PHP': 1}",['Determined'],"['Immature', 'Passive']",Yes,Yes,Yes,Pass,Business,12285
Alfi Mccracken,16/05/2019,"{'Ruby': 1, 'R': 6, 'SPSS': 1}",['Perfectionism'],['Introverted'],Yes,Yes,Yes,Pass,Engineering,12286
Jolene Alyonov,21/05/2019,"{'Ruby': 7, 'SPSS': 4, 'C++': 1}","['Patient', 'Independent', 'Innovative']","['Undisciplined', 'Distracted', 'Competitive']",Yes,Yes,Yes,Pass,Business,12287
Celina Burder,08/05/2019,"{'Python': 2, 'Java': 4, 'JavaScript': 2}","['Determined', 'Listening']","['Indecisive', 'Chatty']",No,Yes,Yes,Fail,Business,12288
Adamo Osment,15/05/2019,{'JavaScript': 4},"['Creative', 'Reliable']","['Procrastination', 'Competitive', 'Anxious']",Yes,Yes,Yes,Pass,Data,12289
Nance Tothe,01/05/2019,"{'C#': 6, 'Java': 1, 'SPSS': 2}","['Ambitious', 'Reliable']","['Introverted', 'Controlling']",Yes,Yes,Yes,Pass,Data,12290
Adlai Gahagan,29/05/2019,"{'Python': 4, 'SPSS': 3}","['Consistent', 'Rational']","['Critical', 'Chatty']",Yes,Yes,Yes,Pass,Business,12291
Blayne Jenne,29/05/2019,"{'Python': 3, 'Java': 2, 'JavaScript': 2}","['Versatile', 'Organisation']",['Anxious'],Yes,Yes,Yes,Pass,Business,12292
Wren O'Curran,21/05/2019,{'Python': 1},"['Independent', 'Efficient']",['Procrastination'],Yes,Yes,Yes,Pass,Data,12293
Pansy Tranckle,29/05/2019,"{'Java': 5, 'SPSS': 4, 'C++': 3}",['Versatile'],"['Immature', 'Anxious', 'Impulsive']",No,Yes,Yes,Fail,Engineering,12294
Niven Ransbury,22/05/2019,"{'Java': 4, 'PHP': 2, 'C++': 4}","['Charisma', 'Empathy']","['Distracted', 'Controlling']",No,Yes,Yes,Fail,Business,12295
Jamima Thursby,23/05/2019,"{'Python': 3, 'Java': 4, 'SPSS': 5, 'C++': 3}",['Patient'],"['Competitive', 'Selfish', 'Conventional']",Yes,Yes,Yes,Pass,Engineering,12296
Donica Andreas,01/05/2019,"{'C#': 3, 'JavaScript': 4}",['Innovative'],"['Anxious', 'Indifferent']",Yes,Yes,Yes,Pass,Data,12297
Lawton Redpath,02/05/2019,"{'SPSS': 4, 'PHP': 3, 'JavaScript': 5}","['Determined', 'Organisation']",['Perfectionist'],Yes,Yes,Yes,Pass,Data,12298
Theresina Breckell,02/05/2019,"{'SPSS': 6, 'JavaScript': 4}",['Rational'],"['Impulsive', 'Conventional', 'Competitive']",Yes,Yes,Yes,Pass,Engineering,12299
Merrie Mathon,08/05/2019,"{'Python': 3, 'Java': 2, 'Ruby': 3, 'C++': 6}","['Courteous', 'Independent']",['Perfectionist'],Yes,Yes,Yes,Pass,Business,12300
Gawen Murricanes,30/05/2019,"{'Java': 4, 'Ruby': 3}","['Patient', 'Determined']",['Passive'],No,Yes,No,Fail,Data,12301
Alfi Janku,15/05/2019,"{'Java': 4, 'R': 2, 'JavaScript': 1}",['Innovative'],"['Procrastination', 'Anxious']",Yes,Yes,Yes,Pass,Data,12302
Yuma Henrion,29/05/2019,"{'Python': 1, 'Ruby': 1, 'R': 2, 'SPSS': 5, 'C++': 5}","['Altruism', 'Curious', 'Problem Solving']","['Passive', 'Indecisive']",Yes,Yes,No,Fail,Engineering,12303
Lise Ogilvie,09/05/2019,"{'Java': 3, 'Ruby': 5, 'R': 4, 'PHP': 2, 'JavaScript': 3}",['Composure'],"['Conventional', 'Impatient', 'Intolerant']",Yes,Yes,Yes,Pass,Business,12304
Rollins Dalgardno,09/05/2019,"{'C#': 4, 'PHP': 2}",['Determined'],"['Anxious', 'Perfectionist', 'Controlling']",Yes,Yes,Yes,Pass,Data,12305
Fifine Wreight,07/05/2019,"{'Python': 5, 'C#': 1, 'Ruby': 4, 'C++': 4}",['Perfectionism'],['Chatty'],Yes,Yes,Yes,Pass,Engineering,12306
Free Nicholes,07/05/2019,"{'Python': 2, 'C#': 1, 'SPSS': 3, 'JavaScript': 4}",['Critical Thinking'],"['Perfectionist', 'Distracted', 'Introverted']",Yes,Yes,Yes,Pass,Business,12307
Rice Plampin,21/05/2019,{'PHP': 2},['Consistent'],"['Distracted', 'Slow', 'Controlling']",Yes,Yes,Yes,Pass,Data,12308
Cassius Hollibone,01/05/2019,"{'Java': 4, 'R': 3, 'C++': 3, 'JavaScript': 1}","['Reliable', 'Ambitious', 'Competitive']",['Slow'],Yes,No,Yes,Fail,Engineering,12309
Harlene Brymner,23/05/2019,"{'Python': 2, 'Ruby': 3, 'PHP': 1, 'JavaScript': 6}","['Collaboration', 'Consistent', 'Problem Solving']","['Anxious', 'Passive', 'Slow']",Yes,Yes,Yes,Pass,Data,12310
Mata Farrell,08/05/2019,"{'Python': 5, 'C#': 3, 'Java': 4, 'Ruby': 3, 'R': 2}",['Organisation'],"['Undisciplined', 'Passive', 'Intolerant']",No,Yes,Yes,Fail,Data,12311
Maggy Clapison,07/05/2019,"{'Python': 3, 'C#': 2, 'Java': 5, 'R': 2, 'SPSS': 4, 'JavaScript': 2}",['Composure'],"['Immature', 'Passive']",Yes,Yes,Yes,Pass,Business,12312
Chauncey Janoschek,21/05/2019,"{'Python': 6, 'R': 2, 'PHP': 2}","['Passionate', 'Courteous', 'Efficient']","['Procrastination', 'Impatient']",Yes,Yes,No,Fail,Business,12313
Mellicent Desaur,01/05/2019,"{'Python': 2, 'C++': 4}",['Organisation'],['Slow'],Yes,Yes,Yes,Pass,Engineering,12314
Fay Beautyman,29/05/2019,"{'Ruby': 1, 'R': 4, 'SPSS': 5, 'JavaScript': 3}","['Perfectionism', 'Collaboration', 'Passionate']","['Immature', 'Indifferent', 'Introverted']",No,Yes,Yes,Fail,Data,12315
Linus Pietruszewicz,16/05/2019,"{'Python': 4, 'Java': 1, 'R': 4, 'SPSS': 5, 'PHP': 4, 'C++': 3}","['Determined', 'Listening', 'Independent']",['Sensitive'],Yes,Yes,Yes,Pass,Data,12316
Lem Burbidge,02/05/2019,"{'C#': 4, 'Java': 5}","['Patient', 'Creative', 'Consistent']","['Conventional', 'Slow', 'Introverted']",Yes,Yes,Yes,Pass,Data,12317
Kamila Silversmidt,01/05/2019,"{'Python': 4, 'Java': 1, 'Ruby': 2, 'SPSS': 4, 'C++': 4, 'JavaScript': 3}",['Passionate'],"['Procrastination', 'Immature', 'Distracted']",Yes,No,Yes,Fail,Data,12318
Tobie Culcheth,14/05/2019,"{'Ruby': 1, 'PHP': 1, 'JavaScript': 1}","['Courteous', 'Problem Solving']","['Impulsive', 'Competitive', 'Passive']",Yes,Yes,Yes,Pass,Engineering,12319
Vite Comino,21/05/2019,"{'R': 3, 'C++': 2}","['Patient', 'Consistent', 'Independent']",['Impatient'],Yes,Yes,Yes,Pass,Engineering,12320
Dory Cooksey,07/05/2019,"{'Python': 1, 'C++': 3}","['Creative', 'Innovative']",['Distracted'],Yes,Yes,Yes,Pass,Engineering,12321
Megan Hallihan,30//05/2019,"{'Python': 2, 'Java': 3, 'Ruby': 4, 'PHP': 1, 'JavaScript': 4}","['Organisation', 'Reliable', 'Empathy']","['Impulsive', 'Procrastination', 'Controlling']",Yes,Yes,Yes,Pass,Business,12322
Leandra Futty,09/05/2019,"{'SPSS': 1, 'PHP': 3, 'C++': 1, 'JavaScript': 2}","['Ambitious', 'Rational']","['Introverted', 'Impatient', 'Stubborn']",No,Yes,Yes,Fail,Engineering,12323
Bernadine Sinkin,01/05/2019,"{'Python': 5, 'Ruby': 2, 'SPSS': 4, 'PHP': 2, 'C++': 4}",['Versatile'],['Intolerant'],Yes,Yes,Yes,Pass,Data,12324
William Dryden,01/05/2019,"{'Java': 2, 'R': 1}",['Reliable'],"['Slow', 'Procrastination', 'Controlling']",Yes,Yes,Yes,Pass,Business,12325
Sosanna Rawlings,29/05/2019,"{'Java': 1, 'SPSS': 1, 'PHP': 1}","['Courteous', 'Empathy']","['Sensitive', 'Conventional']",Yes,Yes,Yes,Pass,Engineering,12326
Charissa Briiginshaw,30/05/2019,"{'Python': 4, 'C#': 2, 'Ruby': 1, 'C++': 3}","['Altruism', 'Charisma', 'Versatile']",['Chatty'],Yes,Yes,Yes,Pass,Data,12327
Gilburt Chamney,02/05/2019,"{'Java': 2, 'Ruby': 4, 'C++': 3}",['Problem Solving'],['Overbearing'],Yes,Yes,No,Fail,Engineering,12328
Matthias Burns,01/05/2019,"{'Python': 3, 'Java': 3, 'Ruby': 2}",['Problem Solving'],"['Slow', 'Overbearing']",Yes,Yes,Yes,Pass,Business,12329
Angie Pockey,21/05/2019,"{'Python': 1, 'C#': 5, 'C++': 3}","['Consistent', 'Rational']","['Selfish', 'Chatty']",No,Yes,Yes,Fail,Business,12330
Maxwell Wyer,01/05/2019,"{'Ruby': 1, 'JavaScript': 5}",['Independent'],"['Perfectionist', 'Chaotic', 'Controlling']",Yes,Yes,Yes,Pass,Data,12331
Buddy Kettle,23/05/2019,"{'Python': 4, 'Ruby': 5, 'R': 2, 'C++': 4}",['Patient'],"['Slow', 'Chaotic', 'Stubborn']",Yes,Yes,Yes,Pass,Engineering,12332
Freedman Bidder,22/05/2019,"{'Ruby': 3, 'SPSS': 4, 'PHP': 3}",['Organisation'],['Conventional'],Yes,Yes,No,Fail,Data,12333
Francisco Tebboth,07/05/2019,,['Courteous'],"['Competitive', 'Chaotic', 'Immature']",Yes,Yes,Yes,Pass,Engineering,12334
Philippa Mccalister,16/05/2019,"{'Python': 3, 'C#': 1, 'R': 2, 'SPSS': 3, 'PHP': 3}",['Listening'],['Controlling'],Yes,Yes,Yes,Pass,Engineering,12335
Padraic Labat,14/05/2019,"{'Java': 2, 'Ruby': 4, 'SPSS': 3, 'PHP': 3}",['Ambitious'],"['Conventional', 'Passive']",Yes,Yes,Yes,Pass,Data,12336
Evey Reisk,23/05/2019,"{'C#': 6, 'Java': 3, 'R': 2, 'C++': 2}","['Empathy', 'Organisation']","['Slow', 'Impatient', 'Chaotic']",Yes,No,Yes,Fail,Engineering,12337
Garret Pleasaunce,15/05/2019,"{'Python': 3, 'Java': 2, 'Ruby': 2}",['Perfectionism'],"['Impatient', 'Immature', 'Indecisive']",Yes,Yes,Yes,Pass,Engineering,12338
Emogene Grouvel,14/05/2019,"{'Ruby': 4, 'PHP': 2, 'JavaScript': 2}","['Charisma', 'Efficient', 'Patient']",['Sensitive'],Yes,Yes,No,Fail,Business,12339
Sydel Tilne,29/05/2019,{'Python': 4},['Courteous'],"['Perfectionist', 'Immature']",Yes,Yes,Yes,Pass,Engineering,12340
Gussi Pattrick,09/05/2019,"{'Python': 1, 'C#': 3, 'PHP': 3}","['Reliable', 'Determined']","['Distracted', 'Chatty']",Yes,Yes,Yes,Pass,Engineering,12341
Danella Winkett,21/05/2019,"{'Ruby': 1, 'JavaScript': 6}","['Patient', 'Organisation']","['Introverted', 'Distracted', 'Undisciplined']",Yes,Yes,Yes,Pass,Data,12342
Danica Isbell,14/05/2019,"{'C++': 3, 'JavaScript': 3}",['Critical Thinking'],['Indifferent'],Yes,Yes,Yes,Pass,Data,12343
Artur Domaschke,23/05/2019,"{'Python': 1, 'C#': 4, 'SPSS': 3, 'PHP': 3}",['Listening'],['Intolerant'],Yes,Yes,Yes,Pass,Engineering,12344
Dianna Brewett,29/05/2019,"{'C#': 4, 'Java': 3, 'C++': 5, 'JavaScript': 1}",['Organisation'],"['Controlling', 'Indifferent']",Yes,Yes,Yes,Pass,Business,12345
Justinn Rosiello,09/05/2019,"{'Java': 1, 'R': 3, 'PHP': 1}",['Ambitious'],"['Anxious', 'Sensitive']",Yes,No,Yes,Fail,Business,12346
Osgood Mahood,14/05/2019,"{'Python': 3, 'C#': 7, 'JavaScript': 2}",['Problem Solving'],['Perfectionist'],Yes,Yes,Yes,Fail,Engineering,12347
Yalonda Beacom,09/05/2019,"{'Python': 5, 'C++': 6, 'JavaScript': 2}",['Critical Thinking'],"['Anxious', 'Slow']",Yes,Yes,Yes,Pass,Engineering,12348
Tedmund Emanulsson,09/05/2019,"{'Python': 2, 'R': 5, 'JavaScript': 5}","['Creative', 'Composure']",['Conventional'],Yes,Yes,Yes,Pass,Engineering,12349
Gael Eick,07/05/2019,"{'Python': 2, 'Ruby': 2, 'C++': 5}","['Composure', 'Competitive', 'Perfectionism']","['Sensitive', 'Immature', 'Stubborn']",Yes,No,Yes,Fail,Data,12350
Moshe Backshell,22/05/2019,"{'Python': 3, 'Ruby': 2, 'C++': 1, 'JavaScript': 1}",['Problem Solving'],"['Controlling', 'Immature']",No,No,Yes,Fail,Data,12351
Tan Woltering,09/05/2019,"{'Python': 3, 'Java': 4, 'Ruby': 6, 'SPSS': 3, 'C++': 5}","['Organisation', 'Passionate', 'Versatile']",['Intolerant'],Yes,Yes,Yes,Fail,Data,12352
Fax Sogg,22/05/2019,"{'Java': 2, 'Ruby': 2, 'PHP': 1, 'C++': 4}","['Altruism', 'Consistent']",['Undisciplined'],Yes,Yes,No,Fail,Data,12353
Park Jaumet,23/05/2019,"{'Python': 6, 'C#': 1, 'R': 1, 'PHP': 1}","['Collaboration', 'Composure', 'Competitive']","['Sensitive', 'Anxious']",Yes,No,Yes,Fail,Data,12354
Terrie Mackibbon,23/05/2019,"{'Python': 3, 'Ruby': 1, 'R': 5, 'SPSS': 1}","['Courteous', 'Ambitious']","['Critical', 'Stubborn']",Yes,Yes,Yes,Pass,Engineering,12355
Miguela Quantrill,01/05/2019,"{'C#': 8, 'PHP': 3, 'C++': 5}","['Collaboration', 'Patient', 'Empathy']","['Competitive', 'Perfectionist']",No,Yes,Yes,Fail,Engineering,12356
Gray Eadmeads,02/05/2019,"{'C#': 3, 'PHP': 1, 'C++': 2, 'JavaScript': 1}",['Creative'],"['Perfectionist', 'Critical']",Yes,Yes,Yes,Pass,Engineering,12357
Bertie Macafee,30/05/2019,"{'C#': 2, 'Ruby': 3, 'R': 2}","['Charisma', 'Empathy']",['Impulsive'],Yes,Yes,Yes,Pass,Engineering,12358
William Tomlett,21/05/2019,"{'R': 1, 'C++': 3}","['Organisation', 'Curious', 'Reliable']","['Immature', 'Controlling']",Yes,Yes,Yes,Pass,Engineering,12359
Ignacius Pleasaunce,28/05/2019,"{'Java': 1, 'Ruby': 5, 'SPSS': 2, 'C++': 3}","['Patient', 'Charisma']","['Indecisive', 'Indifferent', 'Chatty']",Yes,Yes,Yes,Pass,Engineering,12360
Aarika Preist,08/05/2019,"{'Python': 5, 'R': 5, 'SPSS': 2}",['Passionate'],['Introverted'],Yes,Yes,Yes,Fail,Engineering,12361
Sheba Everal,15/05/2019,"{'Python': 2, 'C#': 3, 'PHP': 1}","['Critical Thinking', 'Composure']","['Chatty', 'Competitive']",Yes,Yes,Yes,Pass,Data,12362
Euphemia Fargher,08/05/2019,"{'Python': 1, 'Java': 1, 'SPSS': 4, 'C++': 1}",['Determined'],"['Anxious', 'Indifferent', 'Undisciplined']",Yes,No,Yes,Fail,Data,12363
Colette Danniell,14/05/2019,"{'Python': 8, 'C#': 4, 'Java': 2, 'Ruby': 2, 'R': 4, 'SPSS': 4}","['Competitive', 'Passionate']","['Sensitive', 'Anxious', 'Chaotic']",Yes,Yes,No,Fail,Data,12364
Skylar Dodwell,22/05/2019,"{'Python': 5, 'C#': 3, 'Ruby': 2, 'C++': 1}","['Patient', 'Passionate', 'Efficient']","['Perfectionist', 'Introverted', 'Conventional']",Yes,Yes,Yes,Pass,Data,12365
Adham Petrolli,15/05/2019,"{'Python': 4, 'C#': 2, 'R': 1, 'C++': 3}",['Charisma'],['Critical'],Yes,Yes,Yes,Pass,Business,12366
Benita Robbel,30/05/2019,"{'Python': 3, 'C#': 4, 'Java': 2}","['Creative', 'Versatile', 'Charisma']",['Controlling'],Yes,Yes,Yes,Pass,Engineering,12367
Bondon Smethurst,07/05/2019,"{'Python': 2, 'C#': 1, 'JavaScript': 10}","['Versatile', 'Competitive']","['Passive', 'Anxious', 'Conventional']",Yes,Yes,Yes,Pass,Engineering,12368
Sloane Philbrook,28/05/2019,{'JavaScript': 4},"['Patient', 'Empathy']",['Competitive'],Yes,Yes,No,Fail,Engineering,12369
Darya Tayt,08/05/2019,"{'Python': 2, 'C#': 1, 'Java': 5, 'SPSS': 1}",['Organisation'],"['Immature', 'Critical']",Yes,Yes,Yes,Pass,Business,12370
Melodee Klink,14/05/2019,"{'Python': 2, 'C#': 1, 'Ruby': 1, 'R': 1, 'PHP': 5, 'JavaScript': 5}","['Courteous', 'Creative', 'Innovative']","['Procrastination', 'Impulsive']",Yes,Yes,No,Fail,Business,12371
Clemmie Beach,14/05/2019,"{'PHP': 1, 'C++': 1}","['Composure', 'Charisma']",['Critical'],Yes,Yes,Yes,Pass,Engineering,12372
Robby Arias,29/05/2019,{'JavaScript': 2},"['Ambitious', 'Critical Thinking', 'Efficient']",['Passive'],Yes,Yes,Yes,Pass,Business,12373
Shantee Macmichael,21/05/2019,"{'Python': 2, 'C++': 2, 'JavaScript': 1}",['Altruism'],"['Procrastination', 'Critical', 'Sensitive']",No,No,Yes,Fail,Engineering,12374
Laurie Hoggan,14/05/2019,"{'Python': 1, 'C#': 4, 'Java': 1, 'Ruby': 2, 'R': 3}","['Charisma', 'Passionate']","['Perfectionist', 'Impulsive']",No,Yes,Yes,Fail,Business,12375
Garvin Ianizzi,15/05/2019,"{'C#': 5, 'R': 3, 'SPSS': 4}",['Consistent'],['Undisciplined'],Yes,Yes,Yes,Pass,Data,12376
Patin Storek,16/05/2019,"{'Ruby': 1, 'PHP': 2}","['Listening', 'Independent', 'Patient']",['Chaotic'],Yes,Yes,Yes,Pass,Data,12377
Juliet Scottrell,01/05/2019,"{'Python': 6, 'Ruby': 4, 'R': 3, 'PHP': 1, 'JavaScript': 2}","['Curious', 'Versatile']","['Controlling', 'Stubborn']",No,Yes,Yes,Fail,Business,12378
Kizzee Oliva,02/05/2019,"{'Java': 3, 'Ruby': 2, 'SPSS': 5, 'C++': 2}",['Collaboration'],['Stubborn'],No,Yes,Yes,Fail,Data,12379
Alidia Govett,16/05/2019,"{'C#': 1, 'Java': 4, 'Ruby': 3, 'C++': 3}","['Organisation', 'Innovative', 'Rational']","['Perfectionist', 'Distracted']",Yes,Yes,Yes,Pass,Business,12380
Jeana Schowenburg,02/05/2019,"{'Python': 5, 'R': 4, 'PHP': 2, 'C++': 2}","['Perfectionism', 'Curious']","['Undisciplined', 'Chatty']",Yes,No,Yes,Fail,Business,12381
Gage Vittel,22/05/2019,"{'Java': 4, 'R': 6, 'PHP': 1}",['Versatile'],"['Indifferent', 'Undisciplined']",Yes,Yes,Yes,Pass,Engineering,12382
Marysa Heathorn,15/05/2019,"{'Java': 3, 'Ruby': 1, 'SPSS': 3, 'JavaScript': 1}","['Consistent', 'Ambitious', 'Reliable']","['Critical', 'Passive', 'Introverted']",Yes,Yes,Yes,Pass,Data,12383
Roland Mcmurray,23/05/2019,"{'Python': 4, 'JavaScript': 4}","['Charisma', 'Innovative']",['Impulsive'],Yes,Yes,Yes,Pass,Business,12384
Teddie Kemet,22/05/2019,"{'C#': 1, 'R': 1, 'JavaScript': 2}",['Efficient'],['Perfectionist'],Yes,Yes,Yes,Pass,Engineering,12385
Gunter Yokley,07/05/2019,"{'Ruby': 1, 'R': 2, 'JavaScript': 1}","['Perfectionism', 'Consistent', 'Creative']","['Competitive', 'Stubborn']",No,Yes,Yes,Fail,Engineering,12386
Trumaine Chastney,30/05/2019,"{'C#': 2, 'SPSS': 5, 'PHP': 2}","['Consistent', 'Empathy', 'Critical Thinking']",['Selfish'],Yes,Yes,Yes,Pass,Data,12387
Siouxie Tunstall,01/05/2019,"{'C#': 2, 'Java': 5, 'R': 7, 'C++': 2, 'JavaScript': 4}","['Critical Thinking', 'Organisation', 'Courteous']","['Intolerant', 'Distracted', 'Critical']",No,Yes,Yes,Fail,Engineering,12388
Cesaro Dodgshon,30/05/2019,{'Ruby': 3},"['Listening', 'Rational', 'Empathy']","['Passive', 'Undisciplined', 'Competitive']",Yes,Yes,Yes,Pass,Engineering,12389
Cherianne Zamora,21/05/2019,"{'Java': 4, 'Ruby': 3, 'C++': 3}","['Courteous', 'Creative']","['Intolerant', 'Indifferent', 'Competitive']",No,Yes,Yes,Fail,Engineering,12390
Rickert Bradforth,09/05/2019,"{'Java': 2, 'SPSS': 2, 'JavaScript': 1}","['Determined', 'Altruism', 'Problem Solving']",['Indecisive'],Yes,Yes,No,Fail,Business,12391
Keenan Stubbes,01/05/2019,"{'C#': 6, 'Ruby': 4, 'JavaScript': 1}","['Composure', 'Passionate']",['Perfectionist'],Yes,No,Yes,Fail,Data,12392
Marius Soltan,30/05/2019,"{'Python': 3, 'C#': 5, 'R': 4}","['Composure', 'Determined', 'Versatile']","['Impatient', 'Introverted']",Yes,Yes,Yes,Pass,Engineering,12393
Auberon Hatter,07/05/2019,"{'C#': 3, 'Java': 2, 'Ruby': 3, 'R': 4, 'PHP': 4, 'C++': 2, 'JavaScript': 1}",['Consistent'],"['Critical', 'Controlling']",Yes,Yes,Yes,Pass,Business,12394
Ludovico Orridge,02/05/2019,"{'C#': 1, 'PHP': 2, 'C++': 1}",['Composure'],['Perfectionist'],Yes,Yes,Yes,Pass,Engineering,12395
Ulrikaumeko Yeandel,30/05/2019,"{'C#': 2, 'C++': 5}",['Patient'],"['Sensitive', 'Chatty', 'Controlling']",No,Yes,Yes,Fail,Engineering,12396
Sanford Larking,15/05/2019,"{'Python': 1, 'Ruby': 4, 'R': 3, 'PHP': 1}","['Passionate', 'Curious']",['Conventional'],Yes,Yes,Yes,Pass,Business,12397
Jdavie Frisby,14/05/2019,"{'C#': 4, 'Java': 1, 'Ruby': 2, 'JavaScript': 4}",['Problem Solving'],"['Procrastination', 'Indecisive']",Yes,Yes,Yes,Pass,Engineering,12398
Enoch Brigg,07/05/2019,{'Python': 6},"['Curious', 'Independent', 'Creative']","['Selfish', 'Impulsive', 'Conventional']",Yes,Yes,Yes,Pass,Business,12399
Samantha Evennett,22/05/2019,"{'C#': 1, 'SPSS': 5, 'C++': 2}","['Collaboration', 'Versatile']",['Impulsive'],Yes,Yes,Yes,Fail,Engineering,12400
Juieta Tellett,16/05/2019,"{'Python': 1, 'Java': 3, 'JavaScript': 3}","['Empathy', 'Creative', 'Passionate']","['Selfish', 'Distracted', 'Intolerant']",Yes,Yes,Yes,Pass,Engineering,12401
Kylie Murname,08/05/2019,"{'Ruby': 4, 'SPSS': 3, 'C++': 4, 'JavaScript': 5}",['Determined'],['Overbearing'],Yes,Yes,Yes,Pass,Engineering,12402
Dalt Le Grand,15/05/2019,"{'Python': 2, 'C#': 5, 'Java': 4, 'Ruby': 2, 'PHP': 1}",['Critical Thinking'],"['Undisciplined', 'Passive']",Yes,Yes,Yes,Pass,Engineering,12403
Lee Mcilmorow,28/05/2019,"{'Python': 2, 'Java': 7, 'R': 3, 'C++': 4}","['Listening', 'Empathy']","['Selfish', 'Impatient', 'Passive']",Yes,Yes,Yes,Fail,Data,12404
Alison Tranckle,23/05/2019,"{'Java': 3, 'R': 3, 'JavaScript': 6}","['Passionate', 'Listening', 'Patient']",['Critical'],Yes,Yes,Yes,Pass,Data,12405
Deonne Prott,30/05/2019,"{'Java': 5, 'SPSS': 7}",['Ambitious'],"['Intolerant', 'Indifferent']",Yes,Yes,Yes,Pass,Business,12406
Verney Skehan,01/05/2019,"{'Java': 4, 'Ruby': 5, 'SPSS': 1, 'JavaScript': 4}","['Ambitious', 'Consistent']","['Overbearing', 'Critical']",No,Yes,Yes,Fail,Engineering,12407
Christina Fumagalli,21/05/2019,"{'Python': 1, 'Java': 3}",['Composure'],"['Selfish', 'Stubborn', 'Distracted']",Yes,Yes,Yes,Pass,Data,12408
Raquela Armand,14/05/2019,"{'Ruby': 2, 'SPSS': 3}","['Critical Thinking', 'Empathy']","['Slow', 'Distracted', 'Conventional']",Yes,Yes,Yes,Fail,Data,12409
Chantal Mailes,02/05/2019,"{'Java': 3, 'C++': 1, 'JavaScript': 5}","['Courteous', 'Perfectionism', 'Ambitious']","['Indifferent', 'Distracted', 'Impulsive']",Yes,Yes,Yes,Pass,Engineering,12410
Lambert Santori,09/05/2019,"{'Java': 7, 'R': 2, 'SPSS': 4, 'PHP': 5, 'C++': 5}",['Rational'],"['Impulsive', 'Undisciplined']",Yes,Yes,Yes,Pass,Data,12411
Rainer Josefovic,15/05/2019,"{'Ruby': 4, 'C++': 1}",['Charisma'],"['Introverted', 'Undisciplined', 'Impulsive']",No,Yes,Yes,Fail,Data,12412
Selestina Mcbean,15/05/2019,"{'R': 1, 'SPSS': 5, 'C++': 7}","['Problem Solving', 'Altruism']","['Indecisive', 'Intolerant', 'Overbearing']",Yes,Yes,Yes,Pass,Data,12413
Gaylor Wildblood,21/05/2019,"{'R': 3, 'SPSS': 4}",['Innovative'],"['Undisciplined', 'Distracted']",Yes,Yes,No,Fail,Data,12414
Terrance Wolfinger,07/05/2019,"{'Python': 1, 'Java': 2, 'SPSS': 5, 'JavaScript': 5}","['Reliable', 'Determined']",['Impulsive'],Yes,Yes,No,Fail,Engineering,12415
Marlyn Palleske,14/05/2019,"{'C#': 3, 'Java': 3}","['Perfectionism', 'Reliable']","['Stubborn', 'Perfectionist']",Yes,Yes,Yes,Pass,Engineering,12416
Jim Joint,28/05/2019,"{'PHP': 3, 'C++': 1, 'JavaScript': 1}","['Listening', 'Passionate']","['Passive', 'Chaotic']",Yes,Yes,Yes,Pass,Engineering,12417
Alain Peinton,15/05/2019,{'R': 5},"['Consistent', 'Independent']","['Competitive', 'Selfish', 'Chatty']",Yes,Yes,No,Fail,Data,12418
Heindrick Mckiddin,16/05/2019,"{'R': 2, 'JavaScript': 1}","['Empathy', 'Determined', 'Creative']","['Introverted', 'Indifferent']",Yes,Yes,Yes,Pass,Data,12419
Benedikt Scogings,16/05/2019,"{'R': 1, 'SPSS': 3}",['Critical Thinking'],"['Intolerant', 'Slow']",Yes,Yes,Yes,Pass,Data,12420
Sandor Atack,29/05/2019,"{'C#': 1, 'Ruby': 5}","['Versatile', 'Passionate']","['Slow', 'Controlling']",Yes,No,Yes,Fail,Data,12421
Abey Lightollers,16/05/2019,"{'Python': 7, 'C#': 7, 'Ruby': 3, 'R': 4, 'SPSS': 1}","['Versatile', 'Consistent']","['Sensitive', 'Perfectionist', 'Passive']",Yes,No,Yes,Fail,Data,12422
Brittney Reimer,28/05/2019,"{'Java': 2, 'Ruby': 4, 'JavaScript': 4}",['Competitive'],['Intolerant'],Yes,No,Yes,Fail,Engineering,12423
Renado Arnaldo,23/05/2019,"{'Python': 4, 'C#': 5, 'SPSS': 1}",['Reliable'],"['Controlling', 'Indifferent']",No,Yes,No,Fail,Data,12424
Dean Burnup,02/05/2019,{'R': 3},"['Passionate', 'Organisation']","['Conventional', 'Overbearing', 'Immature']",Yes,Yes,Yes,Pass,Business,12425
Lucian Luckin,23/05/2019,"{'Python': 4, 'C#': 2, 'R': 4, 'SPSS': 3, 'PHP': 1}",['Creative'],"['Competitive', 'Selfish']",Yes,Yes,Yes,Pass,Data,12426
Janelle Forbear,30/05/2019,"{'C#': 5, 'Java': 1, 'C++': 1}","['Curious', 'Competitive']",['Competitive'],Yes,Yes,Yes,Pass,Data,12427
Wanids Glidder,29/05/2019,"{'C#': 5, 'Ruby': 2}","['Innovative', 'Perfectionism']","['Procrastination', 'Distracted']",No,Yes,No,Fail,Business,12428
Julia Llorens,09/05/2019,"{'Python': 1, 'Ruby': 3, 'R': 5}","['Independent', 'Versatile', 'Problem Solving']","['Chaotic', 'Anxious']",Yes,Yes,Yes,Pass,Business,12429
Bernice Niblett,01/05/2019,"{'Python': 1, 'Java': 1, 'Ruby': 2, 'R': 4, 'C++': 4, 'JavaScript': 2}","['Rational', 'Curious']",['Impatient'],Yes,Yes,Yes,Pass,Engineering,12430
Emile Vint,22/05/2019,"{'Python': 3, 'C#': 1, 'Java': 6, 'R': 2}","['Curious', 'Empathy', 'Altruism']","['Slow', 'Perfectionist', 'Chaotic']",Yes,Yes,Yes,Pass,Engineering,12431
Rina Soffe,09/05/2019,"{'Python': 7, 'Java': 4, 'C++': 3}",['Creative'],"['Critical', 'Controlling', 'Impatient']",Yes,Yes,Yes,Pass,Data,12432
Gerianne Bagge,16/05/2019,"{'Python': 3, 'Java': 2, 'R': 5}","['Competitive', 'Organisation']","['Conventional', 'Undisciplined']",Yes,Yes,Yes,Pass,Engineering,12433
Auberon O'Quin,02/05/2019,"{'Python': 2, 'R': 2, 'C++': 6, 'JavaScript': 3}","['Courteous', 'Composure']",['Introverted'],Yes,Yes,Yes,Pass,Data,12434
Rik Jurick,29/05/2019,"{'Python': 7, 'Ruby': 1, 'R': 3, 'SPSS': 1, 'PHP': 1}","['Ambitious', 'Curious']","['Impatient', 'Competitive', 'Immature']",Yes,Yes,No,Fail,Data,12435
Herby Tomaini,14/05/2019,,"['Ambitious', 'Competitive', 'Innovative']",['Sensitive'],Yes,Yes,Yes,Pass,Business,12436
Gloria Hazlehurst,09//05/2019,"{'SPSS': 1, 'PHP': 3, 'C++': 2}","['Perfectionism', 'Critical Thinking']",['Controlling'],Yes,Yes,Yes,Pass,Business,12437
Tabor Veltman,23/05/2019,"{'Java': 5, 'Ruby': 2, 'SPSS': 4, 'C++': 3, 'JavaScript': 2}",['Problem Solving'],"['Competitive', 'Selfish']",Yes,Yes,Yes,Pass,Business,12438
Rhys Yakebovich,02/05/2019,"{'C#': 3, 'Java': 6, 'R': 2, 'SPSS': 4, 'PHP': 1}",['Reliable'],"['Conventional', 'Chaotic', 'Anxious']",No,Yes,Yes,Fail,Data,12439
Denny Enga,15/05/2019,"{'Python': 3, 'C#': 3, 'Ruby': 5, 'R': 2, 'SPSS': 1, 'PHP': 2, 'C++': 2}","['Problem Solving', 'Listening']",['Indecisive'],Yes,Yes,Yes,Pass,Business,12440
Correy Moulds,29/05/2019,"{'Java': 5, 'PHP': 1, 'JavaScript': 6}","['Organisation', 'Perfectionism']","['Conventional', 'Indecisive']",Yes,Yes,No,Fail,Engineering,12441
Silvie Allderidge,07/05/2019,"{'Java': 6, 'PHP': 3}","['Competitive', 'Courteous', 'Listening']",['Controlling'],No,Yes,Yes,Fail,Data,12442
Gilbertine Matteoni,02/05/2019,"{'C#': 2, 'R': 1, 'SPSS': 3, 'PHP': 3, 'C++': 2}","['Rational', 'Creative', 'Passionate']","['Passive', 'Slow', 'Competitive']",Yes,No,Yes,Fail,Engineering,12443
Rooney Crosston,09/05/2019,"{'PHP': 3, 'C++': 1, 'JavaScript': 2}",['Charisma'],['Overbearing'],No,Yes,No,Fail,Engineering,12444
Hedwig Albutt,29/05/2019,{'R': 5},"['Ambitious', 'Efficient', 'Composure']",['Indecisive'],Yes,Yes,Yes,Pass,Data,12445
Jeromy Fomichkin,28/05/2019,"{'Python': 1, 'SPSS': 5, 'PHP': 1, 'C++': 7, 'JavaScript': 6}","['Charisma', 'Versatile']","['Conventional', 'Slow']",Yes,Yes,Yes,Pass,Engineering,12446
Benedicto Hundey,21/05/2019,"{'C#': 2, 'Ruby': 3, 'R': 5, 'SPSS': 5}","['Collaboration', 'Composure']","['Conventional', 'Selfish', 'Competitive']",Yes,Yes,Yes,Pass,Data,12447
Brandi Alvarado,08/05/2019,"{'Python': 2, 'Ruby': 2, 'R': 3, 'SPSS': 2, 'C++': 5, 'JavaScript': 5}","['Efficient', 'Determined', 'Versatile']","['Introverted', 'Impatient', 'Critical']",Yes,Yes,No,Fail,Data,12448
Robinson Stickles,28/05/2019,"{'Python': 2, 'JavaScript': 2}","['Composure', 'Collaboration', 'Reliable']",['Slow'],Yes,Yes,Yes,Fail,Data,12449
Dalis Gambles,29/05/2019,"{'Python': 3, 'PHP': 1}","['Consistent', 'Collaboration', 'Perfectionism']",['Introverted'],Yes,Yes,No,Fail,Data,12450
Sydney Pigot,29/05/2019,"{'Ruby': 6, 'C++': 2}","['Perfectionism', 'Reliable', 'Courteous']","['Procrastination', 'Anxious']",Yes,No,Yes,Fail,Data,12451
Jemmie Boome,08/05/2019,"{'Python': 3, 'SPSS': 5}","['Organisation', 'Empathy', 'Passionate']","['Chaotic', 'Indecisive', 'Distracted']",Yes,No,Yes,Fail,Data,12452
Nicolea Blazynski,22/05/2019,"{'Python': 1, 'C#': 3, 'Java': 3, 'SPSS': 6, 'C++': 1, 'JavaScript': 1}","['Ambitious', 'Critical Thinking']","['Slow', 'Sensitive', 'Perfectionist']",Yes,Yes,Yes,Pass,Business,12453
Susie Ciccoloi,01/05/2019,"{'C#': 1, 'Ruby': 4, 'C++': 4, 'JavaScript': 3}","['Organisation', 'Rational']",['Slow'],Yes,Yes,Yes,Pass,Data,12454
Sigmund Moulin,23/05/2019,"{'Python': 3, 'R': 2}",['Listening'],"['Critical', 'Selfish']",Yes,Yes,Yes,Pass,Business,12455
Danya Collick,21/05/2019,"{'SPSS': 4, 'C++': 2}","['Critical Thinking', 'Composure', 'Courteous']",['Procrastination'],Yes,Yes,Yes,Pass,Data,12456
Donalt Kincey,29/05/2019,"{'Python': 3, 'C#': 6, 'Ruby': 5, 'C++': 2, 'JavaScript': 5}","['Efficient', 'Collaboration']","['Anxious', 'Impatient']",Yes,Yes,Yes,Pass,Data,12457
Jedidiah Bennett,22/05/2019,"{'C#': 4, 'R': 1, 'C++': 3, 'JavaScript': 1}","['Efficient', 'Versatile']","['Anxious', 'Impulsive']",Yes,Yes,Yes,Pass,Engineering,12458
Tessy Spurgeon,08/05/2019,"{'Python': 2, 'C#': 4, 'SPSS': 4, 'PHP': 3, 'C++': 1, 'JavaScript': 3}","['Critical Thinking', 'Independent']",['Critical'],Yes,Yes,Yes,Pass,Data,12459
Karrah Chatters,14/05/2019,"{'Python': 1, 'Java': 8, 'PHP': 3, 'JavaScript': 7}",['Innovative'],"['Overbearing', 'Perfectionist', 'Selfish']",No,Yes,Yes,Fail,Data,12460
Filberto Annis,16/05/2019,"{'Java': 1, 'R': 2, 'JavaScript': 1}",['Passionate'],['Controlling'],No,Yes,Yes,Fail,Data,12461
Burtie Garfitt,02/05/2019,"{'C#': 1, 'Ruby': 1, 'R': 2, 'SPSS': 3}",['Altruism'],"['Slow', 'Stubborn', 'Overbearing']",Yes,Yes,Yes,Pass,Business,12462
Tab Shitliff,14/05/2019,"{'Python': 3, 'Ruby': 6}",['Determined'],"['Distracted', 'Controlling']",Yes,Yes,Yes,Pass,Engineering,12463
Allistir Langrick,30/05/2019,"{'Java': 1, 'R': 3}","['Courteous', 'Listening']","['Anxious', 'Intolerant', 'Immature']",Yes,Yes,Yes,Pass,Engineering,12464
Loree Abbot,07/05/2019,"{'C#': 3, 'Java': 3, 'Ruby': 1, 'SPSS': 2, 'JavaScript': 2}","['Perfectionism', 'Courteous', 'Passionate']","['Stubborn', 'Sensitive', 'Immature']",Yes,Yes,Yes,Pass,Engineering,12465
Augustus Korba,14/05/2019,"{'Python': 2, 'C#': 6}",['Competitive'],['Chaotic'],Yes,No,Yes,Fail,Data,12466
Corney Kolinsky,01/05/2019,"{'Java': 10, 'JavaScript': 2}","['Composure', 'Problem Solving', 'Ambitious']",['Impulsive'],No,No,Yes,Fail,Data,12467
Haskel Oldroyde,29/05/2019,"{'Python': 4, 'Ruby': 8, 'R': 3, 'SPSS': 4}","['Courteous', 'Listening']",['Perfectionist'],Yes,Yes,Yes,Pass,Data,12468
Melanie Dawbury,14/05/2019,"{'Python': 4, 'C#': 5, 'Java': 2, 'R': 7}",['Empathy'],['Intolerant'],Yes,Yes,Yes,Pass,Business,12469
Burnard Antonsson,02/05/2019,"{'Python': 4, 'C#': 3, 'Java': 3, 'R': 2, 'C++': 3, 'JavaScript': 5}","['Courteous', 'Innovative']","['Intolerant', 'Chaotic', 'Indecisive']",Yes,No,Yes,Fail,Engineering,12470
Saree Schwand,02/05/2019,"{'C#': 1, 'Java': 5, 'R': 1}","['Critical Thinking', 'Independent', 'Competitive']",['Selfish'],Yes,Yes,No,Fail,Engineering,12471
Darrin Perrelle,29/05/2019,"{'C#': 2, 'C++': 1, 'JavaScript': 2}","['Critical Thinking', 'Determined']","['Impulsive', 'Anxious', 'Selfish']",Yes,Yes,Yes,Pass,Data,12472
Roze Kyles,07/05/2019,"{'R': 1, 'C++': 5, 'JavaScript': 1}",['Empathy'],"['Distracted', 'Sensitive', 'Intolerant']",Yes,No,Yes,Fail,Engineering,12473
Janina Muncer,30/05/2019,"{'Ruby': 5, 'R': 3, 'PHP': 2}","['Altruism', 'Rational', 'Passionate']",['Chaotic'],Yes,Yes,Yes,Pass,Engineering,12474
Scarlett Ciccarello,02/05/2019,"{'Ruby': 3, 'JavaScript': 2}","['Rational', 'Perfectionism', 'Passionate']","['Stubborn', 'Chaotic', 'Passive']",Yes,Yes,Yes,Pass,Engineering,12475
Benson Syncke,01/05/2019,"{'C#': 7, 'R': 3, 'PHP': 1, 'JavaScript': 3}",['Problem Solving'],['Indifferent'],Yes,Yes,No,Fail,Data,12476
Halsey Broader,01/05/2019,{'SPSS': 3},"['Curious', 'Efficient', 'Perfectionism']","['Critical', 'Chaotic', 'Anxious']",Yes,Yes,Yes,Pass,Data,12477
Sukey Donisi,23/05/2019,"{'C#': 3, 'R': 4, 'PHP': 3}","['Composure', 'Efficient']","['Chatty', 'Overbearing', 'Impulsive']",No,No,Yes,Fail,Data,12478
Marcy Treat,14/05/2019,"{'C#': 4, 'Ruby': 4, 'R': 3, 'C++': 5}","['Altruism', 'Competitive', 'Determined']","['Indecisive', 'Intolerant']",Yes,Yes,Yes,Pass,Data,12479
Gabbey Caesman,13/11/2019,"{'Java': 2, 'Ruby': 3, 'R': 2, 'SPSS': 1}","['Patient', 'Determined', 'Innovative']","['Procrastination', 'Slow']",Yes,Yes,Yes,Pass,Engineering,12480
Morley Battell,12/11/2019,"{'C#': 3, 'Java': 2, 'R': 1, 'C++': 1, 'JavaScript': 4}","['Perfectionism', 'Versatile']",['Conventional'],Yes,Yes,Yes,Pass,Data,12481
Sidnee Hollows,12/11/2019,"{'C#': 4, 'SPSS': 4}",['Innovative'],"['Anxious', 'Immature', 'Stubborn']",No,Yes,Yes,Fail,Engineering,12482
Dorie Speares,14/11/2019,"{'Python': 2, 'Ruby': 1, 'R': 5, 'PHP': 1, 'C++': 4, 'JavaScript': 4}","['Innovative', 'Curious']","['Chatty', 'Competitive', 'Immature']",Yes,Yes,Yes,Pass,Data,12483
Junie Jeanequin,14/11/2019,"{'Python': 1, 'Java': 5, 'PHP': 1, 'JavaScript': 4}","['Courteous', 'Listening', 'Altruism']",['Indecisive'],Yes,Yes,No,Fail,Engineering,12484
Cati Geane,20/11/2019,"{'C#': 3, 'R': 3, 'SPSS': 3, 'C++': 5, 'JavaScript': 5}","['Composure', 'Creative', 'Patient']",['Critical'],Yes,Yes,Yes,Pass,Engineering,12485
Conny Samms,13/11/2019,"{'C#': 1, 'Java': 1, 'Ruby': 2, 'R': 2, 'JavaScript': 4}",['Collaboration'],"['Impatient', 'Procrastination', 'Indifferent']",Yes,Yes,Yes,Pass,Engineering,12486
Myrna Stiff,14/11/2019,"{'Ruby': 3, 'JavaScript': 4}","['Efficient', 'Critical Thinking', 'Competitive']",['Chatty'],Yes,Yes,Yes,Pass,Engineering,12487
Monah Brimmacombe,13/11/2019,{'Python': 2},['Altruism'],['Perfectionist'],Yes,Yes,Yes,Fail,Business,12488
Gaspar Moir,13/11/2019,"{'Python': 5, 'C#': 7, 'Java': 3, 'R': 3, 'PHP': 2, 'C++': 2}",['Patient'],['Immature'],Yes,No,No,Fail,Engineering,12489
Elle Totton,21/11/2019,"{'C#': 2, 'Java': 3, 'R': 3, 'SPSS': 1}","['Altruism', 'Determined', 'Creative']",['Distracted'],Yes,Yes,No,Fail,Engineering,12490
Pieter Snozzwell,14/11/2019,"{'Python': 7, 'SPSS': 4}","['Altruism', 'Versatile', 'Efficient']","['Overbearing', 'Anxious', 'Impatient']",Yes,Yes,Yes,Pass,Data,12491
Anthiathia Guirau,05/11/2019,"{'Python': 4, 'C#': 2, 'Ruby': 1, 'SPSS': 3, 'C++': 1}","['Creative', 'Rational']","['Undisciplined', 'Distracted', 'Chaotic']",Yes,Yes,Yes,Pass,Engineering,12492
Jon Mcmenamy,13/11/2019,"{'Ruby': 1, 'R': 7, 'SPSS': 1}",['Critical Thinking'],"['Sensitive', 'Procrastination', 'Intolerant']",Yes,No,Yes,Fail,Business,12493
Kimmi Graddell,06/11/2019,"{'Python': 5, 'Java': 4, 'Ruby': 3, 'R': 3}","['Perfectionism', 'Charisma', 'Competitive']","['Selfish', 'Controlling']",Yes,Yes,Yes,Pass,Data,12494
Lindsey Anstey,27/11/2019,"{'Python': 6, 'C#': 2}","['Perfectionism', 'Courteous', 'Reliable']","['Chaotic', 'Slow']",No,No,Yes,Fail,Business,12495
Mona Orviss,19/11/2019,"{'C#': 5, 'Ruby': 4}","['Competitive', 'Perfectionism']","['Procrastination', 'Overbearing']",Yes,Yes,Yes,Pass,Business,12496
Chandler Grinov,20/11/2019,{'Python': 1},['Perfectionism'],['Impulsive'],Yes,Yes,Yes,Pass,Engineering,12497
Garry Nornasell,05/11/2019,"{'C#': 3, 'Java': 2, 'R': 2, 'C++': 2}","['Listening', 'Critical Thinking']","['Slow', 'Immature']",Yes,Yes,Yes,Pass,Data,12498
Everett O'Clery,20/11/2019,"{'PHP': 1, 'JavaScript': 3}","['Rational', 'Listening']","['Chatty', 'Anxious', 'Procrastination']",Yes,Yes,Yes,Pass,Business,12499
Serge De Leek,26/11/2019,"{'PHP': 5, 'C++': 1, 'JavaScript': 1}","['Collaboration', 'Altruism']","['Sensitive', 'Procrastination']",Yes,Yes,Yes,Fail,Data,12500
Ezekiel Himsworth,05/11/2019,"{'Java': 1, 'SPSS': 1, 'C++': 2}","['Creative', 'Charisma', 'Consistent']",['Introverted'],No,Yes,No,Fail,Business,12501
Aggi Shilling,21/11/2019,"{'Ruby': 1, 'PHP': 1, 'JavaScript': 3}",['Efficient'],['Stubborn'],Yes,Yes,Yes,Fail,Engineering,12502
Aggi Shilling,21/11/2019,"{'Ruby': 1, 'PHP': 1, 'JavaScript': 3}",['Efficient'],['Stubborn'],Yes,Yes,Yes,Fail,Engineering,12503
Ximenes Beckers,06/11/2019,"{'Java': 5, 'Ruby': 7, 'R': 3, 'SPSS': 1}","['Versatile', 'Rational', 'Empathy']",['Selfish'],Yes,Yes,Yes,Pass,Data,12504
Mabel Wattins,27/11/2019,"{'Python': 4, 'Java': 1, 'SPSS': 2, 'PHP': 3, 'C++': 3, 'JavaScript': 1}",['Perfectionism'],['Stubborn'],Yes,Yes,Yes,Fail,Business,12505
Sim Baudains,12/11/2019,"{'PHP': 1, 'JavaScript': 2}","['Perfectionism', 'Problem Solving', 'Curious']","['Critical', 'Stubborn']",Yes,Yes,Yes,Pass,Engineering,12506
Garvy Dinsdale,28/11/2019,"{'C#': 3, 'Ruby': 2, 'SPSS': 4}","['Listening', 'Innovative', 'Curious']","['Critical', 'Selfish']",Yes,Yes,Yes,Pass,Business,12507
Benton Cullen,27/11/2019,"{'Python': 3, 'C#': 5, 'JavaScript': 6}","['Rational', 'Problem Solving']",['Sensitive'],Yes,Yes,Yes,Pass,Data,12508
Adria Raiker,20/11/2019,"{'Python': 1, 'C#': 3, 'Java': 4, 'C++': 1}","['Charisma', 'Reliable', 'Curious']","['Indifferent', 'Introverted']",Yes,Yes,Yes,Pass,Data,12509
Chrysa Guildford,05/11/2019,"{'Python': 6, 'Ruby': 3, 'C++': 3}","['Curious', 'Competitive', 'Ambitious']",['Undisciplined'],Yes,Yes,Yes,Pass,Business,12510
Sharron Starling,26/11/2019,"{'Python': 1, 'Ruby': 6, 'R': 5}","['Efficient', 'Innovative']",['Chaotic'],Yes,Yes,Yes,Pass,Data,12511
Daffi Flaune,07/11/2019,"{'C#': 4, 'Ruby': 2, 'SPSS': 5, 'JavaScript': 1}","['Composure', 'Critical Thinking']","['Indecisive', 'Stubborn']",Yes,Yes,No,Fail,Data,12512
Bethany Challicum,21/11/2019,"{'C#': 2, 'R': 1, 'SPSS': 5}",['Perfectionism'],"['Critical', 'Indecisive']",Yes,Yes,Yes,Pass,Engineering,12513
Maegan Chadd,26/11/2019,"{'Ruby': 5, 'C++': 1}","['Independent', 'Problem Solving']","['Indecisive', 'Overbearing']",Yes,Yes,Yes,Pass,Engineering,12514
Claudelle Vasnetsov,27/11/2019,"{'C#': 4, 'Java': 3, 'Ruby': 3, 'SPSS': 2, 'PHP': 3, 'C++': 1}","['Determined', 'Creative', 'Innovative']","['Anxious', 'Critical', 'Perfectionist']",Yes,Yes,Yes,Pass,Business,12515
Ulrick Swane,26/11/2019,{'Java': 1},"['Versatile', 'Courteous', 'Independent']",['Selfish'],Yes,Yes,Yes,Pass,Engineering,12516
Arne Dybell,20/11/2019,,"['Composure', 'Ambitious', 'Innovative']",['Undisciplined'],Yes,Yes,Yes,Pass,Business,12517
Meade Isakovic,21/11/2019,"{'C#': 2, 'R': 1, 'JavaScript': 4}","['Innovative', 'Altruism', 'Organisation']","['Chatty', 'Indecisive', 'Introverted']",Yes,Yes,No,Fail,Business,12518
Waring Ilsley,06/11/2019,"{'Python': 1, 'Java': 4, 'C++': 5, 'JavaScript': 2}",['Consistent'],['Anxious'],Yes,No,Yes,Fail,Data,12519
Lindy Croyden,14/11/2019,"{'Python': 3, 'JavaScript': 4}","['Curious', 'Determined', 'Innovative']",['Immature'],Yes,Yes,Yes,Pass,Business,12520
Rebekah Sugge,19/11/2019,"{'Python': 2, 'Java': 4, 'R': 2, 'PHP': 5, 'C++': 3}","['Consistent', 'Courteous', 'Perfectionism']",['Anxious'],Yes,No,Yes,Fail,Data,12521
Frasco Ekkel,05/11/2019,"{'C#': 5, 'Java': 4, 'Ruby': 4}","['Perfectionism', 'Collaboration']","['Undisciplined', 'Slow']",Yes,Yes,No,Fail,Data,12522
Annora Mensler,20/11/2019,"{'Ruby': 3, 'R': 3, 'SPSS': 4, 'JavaScript': 2}","['Versatile', 'Listening']","['Indecisive', 'Conventional', 'Impatient']",No,Yes,Yes,Fail,Business,12523
Trudie Syers,14/11/2019,"{'Python': 2, 'C#': 3, 'Java': 4, 'Ruby': 2, 'R': 1, 'SPSS': 3, 'JavaScript': 2}",['Curious'],['Stubborn'],Yes,Yes,Yes,Pass,Data,12524
Heidie Zanetto,12/11/2019,"{'C#': 3, 'C++': 3}","['Organisation', 'Efficient']","['Indecisive', 'Perfectionist']",Yes,Yes,Yes,Pass,Data,12525
Konstanze Trynor,27/11/2019,"{'Python': 1, 'C#': 1, 'SPSS': 2}","['Rational', 'Critical Thinking', 'Composure']",['Procrastination'],Yes,Yes,Yes,Pass,Business,12526
Giff Dukes,26/11/2019,"{'Ruby': 2, 'C++': 1}","['Collaboration', 'Passionate']",['Impulsive'],Yes,Yes,Yes,Pass,Engineering,12527
Hashim Jollye,20/11/2019,"{'Python': 4, 'Java': 5, 'PHP': 4, 'C++': 2}","['Problem Solving', 'Creative', 'Empathy']","['Passive', 'Selfish', 'Chatty']",Yes,Yes,Yes,Pass,Business,12528
Livvie Schneidau,20/11/2019,"{'Java': 3, 'R': 2, 'C++': 1}",['Critical Thinking'],"['Sensitive', 'Impulsive', 'Overbearing']",Yes,Yes,Yes,Pass,Data,12529
Yvon Fry,14/11/2019,"{'C#': 5, 'Ruby': 2}",['Versatile'],"['Competitive', 'Controlling']",Yes,Yes,Yes,Pass,Data,12530
Christa Troughton,13/11/2019,"{'Python': 4, 'C#': 1, 'SPSS': 3}","['Determined', 'Patient']","['Undisciplined', 'Immature']",No,Yes,Yes,Fail,Engineering,12531
Consuelo Pengelley,27/11/2019,"{'Java': 3, 'R': 5, 'SPSS': 5, 'JavaScript': 9}","['Collaboration', 'Creative']","['Procrastination', 'Distracted']",No,Yes,Yes,Fail,Data,12532
Jourdain Bertlin,20/11/2019,{'C++': 3},"['Independent', 'Passionate', 'Creative']","['Sensitive', 'Impatient']",No,Yes,Yes,Fail,Business,12533
Madison Getch,12/11/2019,"{'Ruby': 3, 'SPSS': 1, 'PHP': 1, 'C++': 3}",['Independent'],"['Overbearing', 'Chatty', 'Stubborn']",Yes,Yes,Yes,Pass,Data,12534
Koralle Bartocci,27/11/2019,"{'Python': 3, 'R': 2, 'SPSS': 5, 'JavaScript': 5}","['Ambitious', 'Competitive']","['Impatient', 'Passive']",Yes,Yes,Yes,Pass,Business,12535
Aimee Pedrazzi,14/11/2019,"{'Python': 4, 'C#': 1}","['Collaboration', 'Listening']",['Slow'],Yes,Yes,Yes,Fail,Business,12536
Bibbie Gosford,27/11/2019,"{'Python': 1, 'Ruby': 5, 'PHP': 2, 'JavaScript': 4}",['Charisma'],"['Chatty', 'Impatient']",Yes,Yes,Yes,Pass,Data,12537
Fin Lung,28/11/2019,"{'Python': 2, 'Ruby': 2, 'R': 1, 'PHP': 4}",['Composure'],"['Overbearing', 'Impatient']",Yes,Yes,Yes,Pass,Engineering,12538
Mordy Karlsson,20/11/2019,"{'Python': 2, 'R': 5}","['Courteous', 'Versatile', 'Independent']",['Indecisive'],Yes,Yes,No,Fail,Engineering,12539
Emmalee Peaple,13/11/2019,"{'Python': 3, 'C#': 2, 'R': 2, 'PHP': 3, 'JavaScript': 4}","['Altruism', 'Charisma', 'Rational']",['Indecisive'],Yes,Yes,Yes,Pass,Data,12540
Tabbatha Dendon,21/11/2019,{'Python': 5},"['Curious', 'Innovative', 'Courteous']","['Critical', 'Distracted']",Yes,Yes,No,Fail,Data,12541
Lorita Litchmore,14/11/2019,"{'Python': 2, 'SPSS': 2}","['Collaboration', 'Organisation', 'Creative']",['Conventional'],Yes,Yes,No,Fail,Data,12542
Stewart Lock,06/11/2019,"{'Python': 3, 'C#': 2, 'R': 3}","['Courteous', 'Ambitious', 'Composure']","['Perfectionist', 'Intolerant', 'Indecisive']",Yes,Yes,Yes,Fail,Engineering,12543
Shandie Muir,28/11/2019,"{'Python': 4, 'PHP': 3, 'C++': 4}","['Courteous', 'Problem Solving']","['Controlling', 'Selfish']",Yes,Yes,Yes,Pass,Engineering,12544
Trixie Macmechan,20/11/2019,"{'C#': 5, 'PHP': 3, 'JavaScript': 3}","['Reliable', 'Independent']","['Impatient', 'Sensitive', 'Critical']",Yes,Yes,Yes,Pass,Data,12545
Dwain Busby,20/11/2019,"{'C#': 3, 'Ruby': 3, 'JavaScript': 6}",['Curious'],"['Intolerant', 'Indecisive', 'Controlling']",No,Yes,Yes,Fail,Engineering,12546
Teirtza Docharty,19/11/2019,"{'Java': 3, 'Ruby': 1, 'JavaScript': 1}","['Empathy', 'Curious', 'Ambitious']",['Controlling'],Yes,Yes,Yes,Pass,Data,12547
Murvyn Aers,12/11/2019,"{'Ruby': 3, 'SPSS': 3}","['Organisation', 'Rational']","['Controlling', 'Indifferent']",Yes,Yes,Yes,Pass,Data,12548
Vincents Prigg,14/11/2019,"{'Python': 4, 'R': 2, 'C++': 2, 'JavaScript': 2}","['Empathy', 'Organisation']",['Chatty'],Yes,Yes,Yes,Pass,Business,12549
Marshal Darycott,05/11/2019,"{'SPSS': 2, 'C++': 1}","['Composure', 'Curious', 'Consistent']","['Overbearing', 'Impulsive', 'Perfectionist']",Yes,Yes,Yes,Pass,Engineering,12550
Rosy Osband,07/11/2019,"{'Python': 3, 'JavaScript': 1}","['Independent', 'Versatile', 'Consistent']",['Stubborn'],Yes,No,Yes,Fail,Business,12551
Bamby Halksworth,21/11/2019,"{'Python': 2, 'C#': 6, 'C++': 4}",['Independent'],"['Indecisive', 'Critical']",Yes,Yes,Yes,Pass,Business,12552
Carola Andrews,06/11/2019,"{'Python': 4, 'SPSS': 4}","['Collaboration', 'Innovative', 'Listening']",['Stubborn'],No,Yes,Yes,Fail,Engineering,12553
Bil Pears,27/11/2019,{'Python': 3},['Independent'],"['Impatient', 'Passive', 'Impulsive']",Yes,Yes,Yes,Pass,Business,12554
Ingamar Mackrell,13/11/2019,"{'Python': 3, 'C#': 2, 'PHP': 4, 'C++': 3}",['Ambitious'],"['Slow', 'Chatty']",Yes,No,Yes,Fail,Business,12555
Lib Halliburton,28/11/2019,"{'Python': 6, 'C#': 3, 'PHP': 1, 'C++': 3}","['Innovative', 'Organisation', 'Composure']",['Conventional'],Yes,Yes,Yes,Pass,Engineering,12556
Selma O'Brogane,12/11/2019,"{'Python': 4, 'C#': 1, 'Java': 5, 'SPSS': 5, 'C++': 6}","['Determined', 'Charisma']","['Stubborn', 'Introverted', 'Sensitive']",Yes,Yes,Yes,Pass,Data,12557
Archibold Spikeings,06/11/2019,"{'Python': 3, 'Java': 1, 'JavaScript': 2}","['Versatile', 'Empathy', 'Collaboration']",['Perfectionist'],Yes,Yes,Yes,Pass,Engineering,12558
Patricio Dyter,27/11/2019,"{'SPSS': 2, 'C++': 6}","['Empathy', 'Consistent']","['Introverted', 'Intolerant']",Yes,Yes,Yes,Pass,Business,12559
Murray Armfirld,12/11/2019,"{'Python': 4, 'Java': 1, 'Ruby': 1, 'SPSS': 6, 'C++': 6}",['Reliable'],"['Sensitive', 'Anxious', 'Conventional']",No,Yes,Yes,Fail,Engineering,12560
Michele Bristowe,27/11/2019,"{'Ruby': 1, 'SPSS': 1, 'C++': 4}","['Efficient', 'Rational', 'Creative']","['Impatient', 'Critical', 'Procrastination']",Yes,Yes,Yes,Pass,Engineering,12561
Zilvia Byrcher,05/11/2019,"{'Java': 2, 'Ruby': 4, 'C++': 3}","['Rational', 'Creative']",['Overbearing'],Yes,Yes,No,Fail,Data,12562
Rosalinda Clutten,06/11/2019,"{'Python': 3, 'C#': 1, 'JavaScript': 3}","['Efficient', 'Versatile']","['Overbearing', 'Stubborn']",Yes,No,Yes,Fail,Engineering,12563
Donalt Pinkstone,28/11/2019,"{'Java': 3, 'SPSS': 1}","['Collaboration', 'Efficient']","['Competitive', 'Immature', 'Introverted']",Yes,Yes,Yes,Pass,Engineering,12564
Mose Bolle,06/11/2019,"{'Python': 1, 'C#': 3, 'Ruby': 3, 'R': 4, 'PHP': 2}","['Charisma', 'Critical Thinking', 'Independent']","['Sensitive', 'Distracted', 'Indecisive']",Yes,Yes,Yes,Pass,Business,12565
Rafaelia Cowe,28/11/2019,"{'Java': 1, 'R': 2, 'SPSS': 4, 'PHP': 1}","['Courteous', 'Efficient', 'Problem Solving']","['Slow', 'Conventional']",Yes,Yes,Yes,Pass,Business,12566
Alyse Thiese,07/11/2019,"{'Ruby': 1, 'C++': 2}",['Rational'],"['Stubborn', 'Competitive']",Yes,No,Yes,Fail,Data,12567
Channa Piser,21/11/2019,"{'C#': 2, 'Java': 2}",['Perfectionism'],['Chaotic'],Yes,Yes,Yes,Fail,Data,12568
Kanya Jobling,26/11/2019,{'C++': 7},"['Curious', 'Collaboration']","['Distracted', 'Competitive']",Yes,Yes,Yes,Pass,Data,12569
Lucias Haggarty,12/11/2019,"{'Java': 3, 'SPSS': 3, 'JavaScript': 6}","['Empathy', 'Reliable', 'Critical Thinking']","['Chatty', 'Competitive', 'Impulsive']",Yes,Yes,Yes,Pass,Engineering,12570
Tuckie Postgate,28/11/2019,"{'Java': 3, 'Ruby': 2, 'R': 7, 'C++': 2, 'JavaScript': 2}",['Versatile'],"['Impulsive', 'Indifferent']",Yes,Yes,Yes,Pass,Business,12571
Maitilde Blabey,26/11/2019,"{'C#': 4, 'PHP': 2, 'JavaScript': 2}",['Efficient'],"['Perfectionist', 'Introverted', 'Impatient']",Yes,Yes,Yes,Pass,Business,12572
Bev Ferri,19/11/2019,"{'Python': 4, 'Java': 3, 'R': 4, 'C++': 1}",['Creative'],"['Indecisive', 'Distracted', 'Slow']",Yes,Yes,Yes,Pass,Data,12573
Garrick Yakobovicz,07/11/2019,"{'Python': 2, 'Java': 3, 'PHP': 3, 'JavaScript': 4}","['Altruism', 'Innovative', 'Consistent']","['Undisciplined', 'Immature', 'Intolerant']",Yes,No,Yes,Fail,Business,12574
Derby Mcglashan,20/11/2019,"{'C#': 3, 'Java': 5, 'JavaScript': 6}","['Perfectionism', 'Curious', 'Determined']",['Slow'],Yes,Yes,Yes,Pass,Data,12575
Pall Mccluin,21/11/2019,{'SPSS': 2},"['Organisation', 'Courteous']","['Introverted', 'Impatient']",Yes,Yes,No,Fail,Data,12576
Ludvig La Grange,12/11/2019,"{'C#': 7, 'R': 3, 'JavaScript': 2}",['Determined'],"['Chaotic', 'Critical', 'Sensitive']",Yes,No,Yes,Fail,Business,12577
Juliane Jacobssen,14/11/2019,"{'Java': 4, 'Ruby': 2, 'SPSS': 3, 'PHP': 3, 'C++': 5}",['Composure'],"['Undisciplined', 'Impatient', 'Distracted']",Yes,Yes,Yes,Pass,Data,12578
Vivianne Folliss,26/11/2019,"{'Java': 1, 'Ruby': 2, 'PHP': 1, 'C++': 2, 'JavaScript': 1}","['Ambitious', 'Empathy']","['Overbearing', 'Procrastination']",No,Yes,Yes,Fail,Engineering,12579
Junie Rammell,13/11/2019,"{'Python': 4, 'Java': 4, 'SPSS': 4}","['Composure', 'Creative']","['Selfish', 'Indecisive', 'Chatty']",Yes,Yes,Yes,Pass,Engineering,12580
Joice Stennet,05/11/2019,"{'Python': 4, 'R': 7, 'SPSS': 4}","['Rational', 'Empathy']",['Selfish'],No,Yes,Yes,Fail,Engineering,12581
Audie Pearman,21/11/2019,"{'Python': 3, 'Ruby': 5, 'PHP': 2, 'JavaScript': 1}","['Problem Solving', 'Ambitious', 'Rational']","['Overbearing', 'Indifferent']",Yes,Yes,Yes,Pass,Business,12582
Horatia Tresise,28/11/2019,"{'Python': 4, 'C#': 5, 'Ruby': 5, 'SPSS': 4, 'PHP': 3, 'JavaScript': 4}","['Versatile', 'Problem Solving', 'Passionate']","['Competitive', 'Chaotic', 'Selfish']",Yes,Yes,Yes,Pass,Data,12583
Shae Di Ruggiero,13/11/2019,"{'Python': 4, 'Ruby': 1, 'R': 5, 'PHP': 2}","['Empathy', 'Efficient', 'Problem Solving']","['Competitive', 'Critical']",No,Yes,Yes,Fail,Engineering,12584
Justino Di Biasi,07/11/2019,"{'Python': 5, 'Java': 3, 'Ruby': 6, 'R': 2, 'C++': 3, 'JavaScript': 4}",['Rational'],['Chaotic'],No,Yes,Yes,Fail,Business,12585
Ferrell Iacobini,20/11/2019,{'SPSS': 2},"['Altruism', 'Rational']","['Indecisive', 'Impulsive']",Yes,Yes,Yes,Pass,Data,12586
Cacilie Rewcassell,19/11/2019,"{'C#': 2, 'PHP': 1}","['Passionate', 'Composure', 'Critical Thinking']","['Conventional', 'Perfectionist', 'Passive']",Yes,Yes,Yes,Pass,Business,12587
Tyler Traynor,05/11/2019,"{'Python': 1, 'Ruby': 2, 'SPSS': 3, 'PHP': 2}",['Efficient'],['Selfish'],Yes,Yes,Yes,Pass,Business,12588
Kristin Bardill,07/11/2019,"{'Java': 3, 'Ruby': 2, 'C++': 2}",['Determined'],['Indifferent'],Yes,Yes,Yes,Pass,Business,12589
Elfrieda Becraft,21/11/2019,"{'Java': 2, 'R': 4, 'JavaScript': 7}","['Independent', 'Efficient']","['Undisciplined', 'Indecisive']",Yes,Yes,Yes,Pass,Engineering,12590
Jayme Lieber,12/11/2019,"{'C#': 2, 'Java': 5, 'C++': 3, 'JavaScript': 2}","['Curious', 'Altruism']","['Indecisive', 'Selfish']",Yes,Yes,Yes,Pass,Business,12591
Syman Guynemer,19/11/2019,"{'Java': 3, 'R': 2, 'PHP': 2, 'JavaScript': 5}",['Composure'],"['Passive', 'Stubborn', 'Intolerant']",Yes,Yes,Yes,Pass,Business,12592
Lannie Mcdonell,14/11/2019,,"['Consistent', 'Critical Thinking']","['Competitive', 'Chatty']",Yes,Yes,No,Fail,Data,12593
Jedd Inggall,27/11/2019,"{'Python': 1, 'Java': 3, 'Ruby': 3, 'R': 3, 'SPSS': 1}","['Efficient', 'Creative']",['Chaotic'],Yes,Yes,Yes,Pass,Engineering,12594
Cherrita Wingate,28/11/2019,"{'Ruby': 9, 'JavaScript': 3}","['Patient', 'Creative']",['Stubborn'],Yes,Yes,Yes,Pass,Engineering,12595
Timmie Knudsen,12/11/2019,"{'Python': 4, 'C#': 5, 'Java': 3, 'Ruby': 5, 'SPSS': 4, 'PHP': 1, 'C++': 2}","['Problem Solving', 'Reliable', 'Independent']","['Intolerant', 'Passive', 'Perfectionist']",Yes,Yes,Yes,Pass,Business,12596
Tobias Whithorn,06/11/2019,"{'Java': 2, 'C++': 2}","['Passionate', 'Courteous']","['Stubborn', 'Undisciplined', 'Critical']",Yes,Yes,Yes,Pass,Data,12597
Marketa Patton,20/11/2019,"{'Java': 2, 'Ruby': 6, 'PHP': 3, 'C++': 1}",['Composure'],"['Impulsive', 'Introverted', 'Slow']",Yes,Yes,No,Fail,Business,12598
Say Kleinhausen,05/11/2019,"{'Python': 2, 'C#': 2, 'Java': 5, 'Ruby': 4, 'SPSS': 3, 'PHP': 1}","['Ambitious', 'Critical Thinking']","['Conventional', 'Impulsive']",Yes,Yes,Yes,Pass,Business,12599
Lyndsey Relph,05/11/2019,"{'Ruby': 4, 'PHP': 3}","['Creative', 'Curious']",['Sensitive'],Yes,Yes,Yes,Fail,Data,12600
Peggy Earnshaw,14/11/2019,"{'C#': 7, 'Java': 5, 'R': 6, 'PHP': 4, 'JavaScript': 3}",['Rational'],"['Competitive', 'Impulsive', 'Overbearing']",Yes,Yes,Yes,Fail,Engineering,12601
Amalea Harrell,27/11/2019,"{'Java': 4, 'SPSS': 4, 'PHP': 3}",['Critical Thinking'],"['Undisciplined', 'Stubborn', 'Indecisive']",Yes,Yes,Yes,Pass,Data,12602
Hilton Vedstra,05/11/2019,{'R': 5},['Versatile'],['Impatient'],Yes,Yes,Yes,Pass,Business,12603
Edvard Kerford,07/11/2019,"{'Python': 3, 'Java': 5, 'SPSS': 4, 'PHP': 4, 'C++': 2}",['Empathy'],['Impulsive'],Yes,Yes,No,Fail,Engineering,12604
Evita Gisby,12/11/2019,"{'Python': 3, 'C#': 1, 'Java': 8, 'R': 1, 'JavaScript': 2}",['Patient'],['Undisciplined'],Yes,No,Yes,Fail,Data,12605
Kirsteni Loren,12/11/2019,{'Ruby': 4},"['Rational', 'Composure']",['Selfish'],Yes,Yes,Yes,Pass,Engineering,12606
Sigismundo Shellibeer,19/11/2019,"{'Python': 2, 'Java': 4, 'Ruby': 4, 'R': 2}","['Organisation', 'Innovative', 'Competitive']","['Introverted', 'Chatty', 'Undisciplined']",Yes,Yes,Yes,Pass,Business,12607
Leicester Banker,12/11/2019,"{'C#': 4, 'SPSS': 4, 'JavaScript': 7}","['Consistent', 'Perfectionism']","['Immature', 'Passive']",Yes,Yes,Yes,Pass,Data,12608
Robinett Mcphate,28/11/2019,{'Java': 1},"['Listening', 'Ambitious', 'Composure']","['Overbearing', 'Intolerant']",Yes,Yes,Yes,Pass,Business,12609
Tallie Mortimer,19/11/2019,"{'Python': 1, 'C#': 5, 'Ruby': 7, 'R': 3, 'PHP': 2}","['Reliable', 'Rational', 'Versatile']","['Selfish', 'Perfectionist', 'Introverted']",Yes,Yes,Yes,Pass,Business,12610
Emyle Byrth,26/11/2019,{'C++': 2},"['Empathy', 'Independent']","['Selfish', 'Passive', 'Slow']",Yes,Yes,Yes,Pass,Data,12611
Kelli Twiddell,12/11/2019,"{'C#': 2, 'Java': 6, 'Ruby': 6, 'SPSS': 2, 'JavaScript': 2}","['Courteous', 'Efficient', 'Ambitious']","['Indifferent', 'Sensitive']",Yes,No,Yes,Fail,Engineering,12612
Clementine Bradick,27/11/2019,"{'Ruby': 7, 'JavaScript': 5}",['Critical Thinking'],"['Indecisive', 'Slow']",Yes,Yes,Yes,Pass,Engineering,12613
Orton Vermer,26/11/2019,"{'C#': 1, 'C++': 1}","['Efficient', 'Listening']","['Controlling', 'Overbearing']",Yes,Yes,Yes,Pass,Data,12614
Burk Mackilpatrick,19/11/2019,"{'Python': 4, 'PHP': 1, 'JavaScript': 4}","['Innovative', 'Versatile', 'Reliable']",['Critical'],Yes,Yes,Yes,Pass,Data,12615
Britni Hedditch,20/11/2019,"{'R': 2, 'SPSS': 3}","['Determined', 'Creative', 'Competitive']","['Procrastination', 'Competitive', 'Chatty']",Yes,Yes,Yes,Pass,Engineering,12616
Edin Bendle,07/11/2019,"{'C#': 3, 'SPSS': 4, 'JavaScript': 3}",['Organisation'],['Competitive'],Yes,Yes,Yes,Pass,Engineering,12617
Jerrylee De Cruz,26/11/2019,"{'Python': 1, 'SPSS': 2}","['Collaboration', 'Efficient', 'Composure']","['Impatient', 'Anxious', 'Indecisive']",Yes,Yes,Yes,Pass,Data,12618
Jessie Plampeyn,05/11/2019,"{'Python': 2, 'Ruby': 1, 'SPSS': 1, 'PHP': 4}","['Efficient', 'Curious']","['Selfish', 'Critical', 'Anxious']",No,Yes,Yes,Fail,Engineering,12619
Cristobal Furnival,07/11/2019,"{'Python': 2, 'Java': 3, 'R': 2, 'SPSS': 5}","['Competitive', 'Altruism', 'Reliable']",['Selfish'],Yes,No,No,Fail,Engineering,12620
Brandi Fennessy,13/11/2019,"{'C#': 3, 'Java': 1, 'C++': 5}","['Collaboration', 'Innovative', 'Organisation']","['Chatty', 'Indecisive']",Yes,Yes,Yes,Fail,Engineering,12621
Julie Elcy,21/11/2019,"{'Python': 2, 'PHP': 4}",['Passionate'],['Intolerant'],Yes,Yes,Yes,Pass,Business,12622
Karyn Huortic,19/11/2019,"{'Python': 2, 'C#': 5}",['Critical Thinking'],['Introverted'],Yes,Yes,Yes,Pass,Engineering,12623
Adan Gremane,07/11/2019,"{'Java': 2, 'Ruby': 5, 'JavaScript': 1}","['Rational', 'Consistent']",['Introverted'],Yes,Yes,Yes,Pass,Data,12624
Herrick Rixon,20/11/2019,"{'C#': 2, 'Ruby': 1, 'R': 2, 'SPSS': 2, 'C++': 2}","['Consistent', 'Passionate']","['Sensitive', 'Controlling']",Yes,Yes,No,Fail,Data,12625
Tabb Morgans,14/11/2019,"{'C#': 3, 'PHP': 2}","['Perfectionism', 'Creative']",['Selfish'],Yes,Yes,Yes,Pass,Business,12626
Cirstoforo Kerslake,05/11/2019,"{'Java': 4, 'R': 2}","['Consistent', 'Efficient']","['Competitive', 'Intolerant']",Yes,Yes,No,Fail,Business,12627
Brittaney Roskruge,26/11/2019,"{'Java': 2, 'Ruby': 6, 'SPSS': 1}","['Consistent', 'Versatile']","['Slow', 'Perfectionist', 'Selfish']",Yes,Yes,Yes,Pass,Business,12628
Jesse Ten Broek,05/11/2019,"{'Java': 3, 'Ruby': 2, 'SPSS': 3}",['Critical Thinking'],"['Selfish', 'Perfectionist']",Yes,Yes,Yes,Pass,Data,12629
Candace Seppey,20/11/2019,"{'C#': 3, 'SPSS': 3}","['Courteous', 'Listening', 'Versatile']","['Immature', 'Perfectionist', 'Controlling']",Yes,Yes,Yes,Pass,Engineering,12630
Clare Downey,20/11/2019,"{'Python': 2, 'C#': 3}",['Collaboration'],"['Chatty', 'Immature', 'Perfectionist']",Yes,No,No,Fail,Data,12631
Carmita Chillistone,19/11/2019,"{'Python': 2, 'C#': 2, 'Java': 5, 'SPSS': 3, 'C++': 3}","['Ambitious', 'Charisma', 'Efficient']","['Critical', 'Competitive', 'Impulsive']",No,Yes,Yes,Fail,Engineering,12632
Brenna Mcgroarty,06/11/2019,"{'Java': 3, 'Ruby': 3, 'PHP': 1, 'C++': 3}","['Efficient', 'Empathy', 'Reliable']","['Selfish', 'Conventional']",Yes,Yes,Yes,Pass,Data,12633
Trumann Carillo,13/11/2019,"{'Python': 2, 'Ruby': 4, 'PHP': 1, 'JavaScript': 7}","['Critical Thinking', 'Altruism', 'Determined']","['Immature', 'Sensitive']",Yes,Yes,Yes,Pass,Engineering,12634
Oralie Mussolini,07/11/2019,"{'Ruby': 4, 'PHP': 1, 'JavaScript': 1}","['Perfectionism', 'Ambitious']","['Indifferent', 'Chaotic', 'Competitive']",Yes,Yes,No,Fail,Engineering,12635
Eunice Marguerite,13/11/2019,"{'PHP': 3, 'C++': 1}","['Rational', 'Consistent']","['Selfish', 'Competitive']",Yes,Yes,Yes,Pass,Data,12636
Reginauld Pedroli,14/11/2019,"{'Python': 5, 'C#': 1, 'Java': 5, 'Ruby': 3, 'SPSS': 3, 'PHP': 3, 'JavaScript': 3}","['Courteous', 'Perfectionism', 'Altruism']","['Chatty', 'Conventional', 'Distracted']",Yes,Yes,Yes,Pass,Data,12637
Reginauld Pedroli,14/11/2019,"{'Python': 5, 'C#': 1, 'Java': 5, 'Ruby': 3, 'SPSS': 3, 'PHP': 3, 'JavaScript': 3}","['Courteous', 'Perfectionism', 'Altruism']","['Chatty', 'Conventional', 'Distracted']",Yes,Yes,Yes,Pass,Data,12638
Cati Nucator,13/11/2019,"{'C#': 5, 'R': 4, 'SPSS': 1, 'C++': 6}","['Ambitious', 'Patient', 'Passionate']",['Slow'],Yes,Yes,Yes,Pass,Data,12639
Electra De Werk,07/11/2019,"{'C#': 1, 'Ruby': 3}",['Organisation'],['Indifferent'],Yes,Yes,Yes,Pass,Engineering,12640
Ainsley Gogerty,27/11/2019,"{'C#': 3, 'Ruby': 2, 'R': 6, 'SPSS': 5}","['Passionate', 'Critical Thinking']","['Conventional', 'Competitive']",Yes,Yes,No,Fail,Business,12641
Frayda Crickmoor,28/11/2019,"{'C#': 2, 'Ruby': 4, 'R': 1, 'SPSS': 4, 'JavaScript': 1}","['Determined', 'Consistent', 'Curious']","['Selfish', 'Critical']",Yes,Yes,Yes,Pass,Engineering,12642
Suzanna Dunstall,28//11/2019,{'JavaScript': 4},"['Versatile', 'Patient']",['Selfish'],Yes,Yes,Yes,Fail,Business,12643
Alastair Filipowicz,27/11/2019,"{'Ruby': 2, 'C++': 1}",['Competitive'],"['Intolerant', 'Slow']",Yes,Yes,Yes,Pass,Business,12644
Amble Dimitru,07/11/2019,"{'Java': 2, 'SPSS': 4, 'C++': 3}","['Innovative', 'Reliable', 'Curious']","['Indifferent', 'Sensitive']",Yes,Yes,Yes,Pass,Business,12645
Brander Vicent,27/11/2019,"{'C#': 2, 'PHP': 1, 'C++': 4, 'JavaScript': 4}","['Consistent', 'Versatile']","['Critical', 'Procrastination', 'Chatty']",Yes,Yes,Yes,Pass,Business,12646
Michel Gouth,05/11/2019,"{'Java': 3, 'R': 1}","['Passionate', 'Rational', 'Versatile']","['Chatty', 'Slow', 'Controlling']",No,Yes,Yes,Fail,Data,12647
Staci Furlow,13/11/2019,"{'C#': 1, 'Ruby': 5, 'SPSS': 3}","['Determined', 'Courteous']","['Impatient', 'Overbearing']",Yes,Yes,Yes,Pass,Data,12648
Hurleigh Segar,13/11/2019,"{'Ruby': 1, 'PHP': 1, 'C++': 2, 'JavaScript': 2}","['Consistent', 'Organisation']",['Undisciplined'],Yes,Yes,Yes,Pass,Business,12649
Geneva Beldon,27/11/2019,"{'Ruby': 2, 'R': 2}",['Curious'],"['Chatty', 'Passive', 'Introverted']",Yes,Yes,Yes,Pass,Business,12650
Far Rapi,13/11/2019,"{'C#': 3, 'Java': 5, 'Ruby': 2, 'SPSS': 1, 'C++': 5}","['Courteous', 'Altruism', 'Collaboration']","['Immature', 'Critical', 'Impatient']",Yes,Yes,Yes,Pass,Engineering,12651
Adams Lux,27/11/2019,"{'Python': 1, 'R': 2, 'SPSS': 2}","['Empathy', 'Perfectionism']","['Competitive', 'Stubborn']",No,Yes,Yes,Fail,Data,12652
Jonie Getley,13/11/2019,"{'C#': 6, 'SPSS': 3, 'JavaScript': 1}",['Independent'],['Perfectionist'],No,Yes,Yes,Fail,Engineering,12653
Gar Sill,26/11/2019,"{'C#': 1, 'Java': 7, 'Ruby': 1}","['Perfectionism', 'Independent']","['Indifferent', 'Intolerant']",Yes,Yes,Yes,Pass,Data,12654
Adaline Warrender,07/11/2019,"{'Java': 3, 'JavaScript': 2}","['Perfectionism', 'Determined', 'Curious']","['Distracted', 'Impulsive']",Yes,Yes,Yes,Pass,Data,12655
Ainslee Spurgin,20/11/2019,"{'SPSS': 1, 'JavaScript': 2}","['Reliable', 'Versatile', 'Composure']","['Slow', 'Competitive']",Yes,Yes,Yes,Pass,Data,12656
Tad Worsley,14/11/2019,"{'Python': 3, 'Java': 2, 'Ruby': 2, 'C++': 4}","['Efficient', 'Reliable']","['Controlling', 'Indifferent', 'Undisciplined']",Yes,Yes,Yes,Pass,Data,12657
Niven Cooling,12/11/2019,"{'Java': 6, 'SPSS': 4}","['Independent', 'Problem Solving', 'Patient']","['Critical', 'Overbearing', 'Slow']",Yes,Yes,No,Fail,Business,12658
Delphinia Manie,07/11/2019,"{'Python': 2, 'Java': 3, 'SPSS': 6, 'PHP': 1}",['Composure'],"['Undisciplined', 'Slow']",Yes,Yes,Yes,Pass,Engineering,12659
Lanny Willingham,28/11/2019,"{'Python': 3, 'R': 4, 'SPSS': 3}","['Organisation', 'Versatile']","['Passive', 'Introverted', 'Stubborn']",No,Yes,Yes,Fail,Engineering,12660
Anthiathia Broad,12/11/2019,"{'Python': 2, 'Ruby': 4, 'R': 3, 'JavaScript': 4}",['Determined'],"['Introverted', 'Immature', 'Indecisive']",Yes,Yes,Yes,Pass,Engineering,12661
Ernestus Crilley,20/11/2019,{'Java': 2},"['Courteous', 'Charisma']",['Indecisive'],Yes,Yes,Yes,Pass,Engineering,12662
Jessalyn Prewett,26/11/2019,"{'Java': 3, 'Ruby': 3, 'R': 3}","['Organisation', 'Consistent', 'Competitive']",['Slow'],Yes,Yes,Yes,Pass,Data,12663
Lawton Howley,19/11/2019,"{'Python': 3, 'C++': 5}","['Reliable', 'Efficient', 'Listening']",['Immature'],Yes,Yes,Yes,Pass,Engineering,12664
Friedrick Yeates,05/11/2019,"{'Python': 2, 'SPSS': 3, 'PHP': 1, 'JavaScript': 7}","['Determined', 'Problem Solving']","['Impulsive', 'Perfectionist']",Yes,Yes,Yes,Fail,Engineering,12665
Alair Patey,19/11/2019,"{'Ruby': 4, 'SPSS': 4}","['Composure', 'Creative', 'Listening']","['Anxious', 'Passive']",Yes,Yes,Yes,Pass,Business,12666
Susannah Bengough,12/11/2019,"{'Python': 2, 'C#': 5, 'PHP': 1, 'JavaScript': 1}","['Innovative', 'Problem Solving']",['Controlling'],Yes,Yes,Yes,Pass,Data,12667
Iggie Haslum,07/11/2019,{'Ruby': 1},"['Independent', 'Reliable', 'Altruism']","['Competitive', 'Sensitive']",Yes,Yes,Yes,Pass,Business,12668
Jed Durram,14/11/2019,"{'R': 1, 'PHP': 2}",['Determined'],"['Chatty', 'Indecisive', 'Immature']",Yes,Yes,Yes,Pass,Business,12669
Olga Pykett,26/11/2019,"{'Java': 1, 'PHP': 1, 'C++': 4}",['Curious'],['Procrastination'],Yes,Yes,Yes,Pass,Engineering,12670
Ronica Martynikhin,05/11/2019,"{'Java': 3, 'Ruby': 6}","['Critical Thinking', 'Consistent', 'Collaboration']","['Anxious', 'Impatient', 'Overbearing']",Yes,Yes,Yes,Pass,Data,12671
Milton Piers,26/11/2019,"{'Python': 3, 'Java': 2, 'SPSS': 3}","['Empathy', 'Problem Solving']","['Procrastination', 'Indecisive', 'Slow']",Yes,Yes,Yes,Pass,Business,12672
Johnath Tufts,06/11/2019,"{'Python': 1, 'C++': 1}","['Collaboration', 'Consistent', 'Innovative']","['Impulsive', 'Stubborn', 'Intolerant']",Yes,Yes,Yes,Pass,Business,12673
Robina Maccostye,26/11/2019,"{'C#': 7, 'SPSS': 5, 'PHP': 1, 'JavaScript': 3}","['Charisma', 'Creative', 'Critical Thinking']","['Impatient', 'Procrastination', 'Chatty']",Yes,Yes,Yes,Pass,Engineering,12674
Giacopo Kyndred,26/11/2019,{'Python': 4},"['Determined', 'Competitive']","['Controlling', 'Passive']",Yes,Yes,Yes,Pass,Engineering,12675
Cesare Baylay,27/11/2019,"{'Python': 5, 'R': 4}","['Independent', 'Passionate', 'Curious']",['Anxious'],Yes,Yes,Yes,Pass,Engineering,12676
Rosmunda Brimicombe,27/11/2019,"{'Python': 2, 'C#': 3, 'Ruby': 5, 'R': 2}","['Innovative', 'Patient']","['Indifferent', 'Passive']",Yes,Yes,Yes,Pass,Business,12677
Luther Aimeric,26/11/2019,"{'Python': 3, 'Java': 6, 'PHP': 1}","['Listening', 'Competitive']","['Slow', 'Critical', 'Indecisive']",Yes,Yes,Yes,Pass,Data,12678
Anatole Burston,12/11/2019,"{'Java': 1, 'PHP': 2}","['Perfectionism', 'Versatile']","['Controlling', 'Impulsive']",Yes,Yes,Yes,Pass,Engineering,12679
Meridith Alonso,06/11/2019,"{'SPSS': 1, 'C++': 5}","['Passionate', 'Composure', 'Innovative']","['Impulsive', 'Indifferent']",Yes,Yes,Yes,Fail,Engineering,12680
Tatum Jeannet,27/11/2019,"{'C#': 6, 'R': 8, 'SPSS': 3, 'PHP': 1}","['Curious', 'Independent', 'Rational']",['Anxious'],Yes,Yes,Yes,Pass,Data,12681
Augustus Clowney,21/11/2019,"{'Python': 3, 'C#': 3, 'Java': 4, 'JavaScript': 4}",['Courteous'],"['Anxious', 'Indecisive', 'Distracted']",No,Yes,No,Fail,Business,12682
Christan Mityashin,19/11/2019,"{'PHP': 4, 'C++': 5}","['Collaboration', 'Problem Solving', 'Empathy']","['Overbearing', 'Indifferent']",Yes,Yes,Yes,Pass,Business,12683
Veronica Petroff,12/11/2019,"{'Python': 6, 'C#': 3, 'Ruby': 4, 'PHP': 2}","['Perfectionism', 'Creative']","['Perfectionist', 'Sensitive', 'Introverted']",No,Yes,Yes,Fail,Business,12684
Shepherd Egalton,07/11/2019,"{'R': 1, 'C++': 2}","['Efficient', 'Innovative', 'Problem Solving']","['Distracted', 'Impulsive', 'Competitive']",Yes,Yes,Yes,Fail,Engineering,12685
Farlie Bukowski,05/11/2019,"{'Java': 2, 'Ruby': 4, 'R': 5, 'PHP': 1, 'C++': 4}","['Organisation', 'Reliable']",['Passive'],Yes,No,Yes,Fail,Engineering,12686
Irwinn Goaks,19/11/2019,"{'Java': 5, 'Ruby': 4, 'R': 3}","['Charisma', 'Altruism', 'Competitive']","['Conventional', 'Anxious', 'Chaotic']",Yes,Yes,Yes,Fail,Business,12687
Harriot Tolchard,05/11/2019,"{'Java': 3, 'PHP': 1}",['Efficient'],"['Stubborn', 'Indifferent']",Yes,Yes,Yes,Pass,Engineering,12688
Morton Trump,20/11/2019,"{'Ruby': 4, 'R': 4, 'C++': 3}",['Listening'],"['Controlling', 'Slow', 'Critical']",Yes,Yes,Yes,Pass,Business,12689
Leigh Ajean,20/11/2019,"{'Python': 3, 'JavaScript': 5}","['Efficient', 'Passionate', 'Creative']",['Controlling'],Yes,Yes,Yes,Pass,Data,12690
Arny Dobrowolny,19/11/2019,{'C++': 3},"['Composure', 'Consistent', 'Versatile']","['Anxious', 'Slow', 'Chatty']",Yes,Yes,Yes,Pass,Data,12691
Elva Boldero,05/11/2019,"{'Java': 2, 'Ruby': 4, 'SPSS': 3, 'C++': 2}","['Empathy', 'Determined']","['Stubborn', 'Distracted']",Yes,Yes,Yes,Pass,Engineering,12692
Darill Drane,27/11/2019,"{'Python': 5, 'C#': 3, 'Java': 3}","['Independent', 'Versatile']","['Chaotic', 'Anxious', 'Impatient']",Yes,Yes,Yes,Pass,Business,12693
Paulette Lundbeck,26/11/2019,"{'C#': 5, 'Java': 1, 'R': 1, 'C++': 1, 'JavaScript': 3}","['Patient', 'Passionate', 'Creative']","['Undisciplined', 'Critical', 'Anxious']",Yes,Yes,Yes,Pass,Business,12694
Marja Morfield,28/11/2019,"{'Python': 4, 'R': 4, 'C++': 2}",['Empathy'],"['Impatient', 'Indifferent', 'Controlling']",Yes,Yes,Yes,Pass,Engineering,12695
Moira Rodenhurst,07/11/2019,"{'R': 3, 'SPSS': 1}","['Courteous', 'Critical Thinking', 'Perfectionism']","['Intolerant', 'Stubborn']",Yes,No,Yes,Fail,Engineering,12696
Sollie Spindler,27/11/2019,"{'Java': 3, 'Ruby': 1, 'R': 2, 'SPSS': 1, 'C++': 2, 'JavaScript': 2}","['Critical Thinking', 'Competitive', 'Patient']",['Impatient'],Yes,Yes,Yes,Pass,Engineering,12697
Fredrick Giller,05/11/2019,"{'SPSS': 2, 'C++': 8}","['Organisation', 'Altruism']","['Passive', 'Chaotic', 'Impulsive']",Yes,Yes,Yes,Pass,Data,12698
Dixie O' Flaherty,08/10/2019,"{'Python': 3, 'C#': 6, 'Ruby': 4, 'R': 5, 'JavaScript': 1}","['Reliable', 'Determined']","['Chaotic', 'Impatient']",Yes,Yes,Yes,Pass,Engineering,12699
Sukey Benedicto,29/10/2019,"{'SPSS': 1, 'PHP': 1}","['Innovative', 'Organisation', 'Determined']","['Overbearing', 'Impatient', 'Undisciplined']",Yes,Yes,Yes,Pass,Engineering,12700
Floria Keunemann,23/10/2019,"{'C#': 3, 'JavaScript': 1}","['Independent', 'Creative', 'Curious']","['Chaotic', 'Selfish', 'Intolerant']",Yes,Yes,Yes,Pass,Data,12701
Raffaello Byneth,23/10/2019,"{'Python': 5, 'C#': 5, 'Java': 2, 'C++': 4, 'JavaScript': 2}","['Rational', 'Consistent']","['Slow', 'Chaotic']",Yes,Yes,Yes,Pass,Business,12702
Adlai Ferns,29/10/2019,"{'Python': 9, 'Ruby': 4, 'R': 1, 'SPSS': 2, 'PHP': 1, 'C++': 3}",['Charisma'],"['Impulsive', 'Anxious', 'Critical']",Yes,Yes,Yes,Pass,Engineering,12703
Any Shotbolt,17/10/2019,{'JavaScript': 1},"['Consistent', 'Collaboration']","['Overbearing', 'Anxious']",Yes,No,Yes,Fail,Data,12704
Korry Kenworth,17/10/2019,"{'Python': 1, 'C#': 2, 'SPSS': 2, 'JavaScript': 4}",['Perfectionism'],"['Impatient', 'Perfectionist', 'Anxious']",Yes,Yes,Yes,Pass,Business,12705
Curry Dunnan,30/10/2019,"{'C#': 3, 'Java': 4, 'R': 1, 'PHP': 1, 'JavaScript': 2}","['Independent', 'Critical Thinking', 'Efficient']","['Introverted', 'Perfectionist', 'Critical']",Yes,Yes,Yes,Pass,Data,12706
Chickie Dickens,02/10/2019,{'Java': 4},"['Critical Thinking', 'Listening', 'Creative']","['Undisciplined', 'Passive', 'Selfish']",Yes,Yes,No,Fail,Business,12707
Morie Beer,23/10/2019,"{'Python': 2, 'Java': 5, 'SPSS': 3}","['Determined', 'Efficient', 'Competitive']",['Distracted'],Yes,Yes,Yes,Pass,Data,12708
Vic Massot,23/10/2019,"{'Ruby': 5, 'SPSS': 3, 'C++': 4, 'JavaScript': 3}","['Versatile', 'Critical Thinking']","['Perfectionist', 'Passive']",Yes,Yes,Yes,Pass,Engineering,12709
Ruby Batecok,24/10/2019,"{'Python': 2, 'C#': 4, 'Java': 4, 'Ruby': 1}",['Collaboration'],"['Overbearing', 'Undisciplined', 'Impulsive']",Yes,Yes,Yes,Pass,Business,12710
Mil Goodday,08/10/2019,"{'Python': 1, 'Java': 5, 'R': 4, 'JavaScript': 1}","['Rational', 'Efficient']",['Overbearing'],Yes,No,Yes,Fail,Business,12711
Willabella Lanchberry,30/10/2019,"{'C#': 2, 'Ruby': 5, 'R': 2, 'PHP': 4, 'C++': 3, 'JavaScript': 2}","['Altruism', 'Consistent']",['Anxious'],Yes,Yes,No,Fail,Business,12712
Laurens Routham,23/10/2019,"{'Python': 1, 'Ruby': 3, 'SPSS': 3, 'JavaScript': 3}",['Collaboration'],['Impulsive'],Yes,Yes,Yes,Pass,Data,12713
Luigi Methley,22/10/2019,"{'Ruby': 4, 'C++': 4, 'JavaScript': 1}",['Collaboration'],['Overbearing'],Yes,Yes,No,Fail,Engineering,12714
Ashely Brittles,17/10/2019,{'C++': 1},"['Listening', 'Composure', 'Collaboration']","['Competitive', 'Anxious', 'Controlling']",Yes,Yes,Yes,Pass,Engineering,12715
Janna Wiffield,31/10/2019,"{'C#': 2, 'SPSS': 1, 'PHP': 1}",['Curious'],['Impatient'],No,Yes,Yes,Fail,Business,12716
Chancey Bitten,15/10/2019,"{'Ruby': 2, 'R': 3, 'SPSS': 1, 'PHP': 2, 'C++': 5, 'JavaScript': 6}","['Collaboration', 'Composure']","['Stubborn', 'Overbearing']",Yes,Yes,Yes,Pass,Data,12717
Danella Leisk,23/10/2019,"{'C#': 9, 'Ruby': 5, 'JavaScript': 1}","['Consistent', 'Versatile']","['Distracted', 'Selfish']",Yes,Yes,Yes,Pass,Data,12718
Augusta Gilfoy,29/10/2019,"{'Python': 2, 'C#': 1, 'R': 2, 'C++': 5}","['Efficient', 'Organisation']","['Controlling', 'Overbearing']",Yes,Yes,Yes,Pass,Data,12719
Noland Origin,15/10/2019,"{'Python': 5, 'SPSS': 4, 'C++': 1}","['Rational', 'Charisma']","['Competitive', 'Indecisive', 'Selfish']",Yes,Yes,Yes,Fail,Engineering,12720
Kasey Mattacks,30/10/2019,"{'Python': 8, 'Ruby': 1, 'JavaScript': 1}","['Ambitious', 'Perfectionism', 'Creative']","['Perfectionist', 'Competitive', 'Stubborn']",Yes,No,Yes,Fail,Engineering,12721
Sammie Beams,17/10/2019,"{'Java': 1, 'Ruby': 7, 'PHP': 1}",['Listening'],"['Intolerant', 'Conventional']",Yes,Yes,Yes,Pass,Data,12722
Clay Perillo,16/10/2019,"{'Python': 3, 'C#': 4, 'Ruby': 3, 'SPSS': 1}","['Patient', 'Composure']",['Indecisive'],Yes,Yes,Yes,Pass,Data,12723
Ramsey Divall,10/10/2019,"{'C#': 4, 'R': 2}","['Composure', 'Competitive']","['Slow', 'Indifferent', 'Passive']",Yes,Yes,Yes,Pass,Business,12724
Guilbert Leet,02/10/2019,"{'Python': 2, 'Java': 3, 'R': 7, 'PHP': 1}","['Charisma', 'Determined', 'Listening']","['Perfectionist', 'Slow']",Yes,Yes,Yes,Pass,Business,12725
Agnesse Beeken,30/10/2019,"{'Ruby': 2, 'SPSS': 4, 'JavaScript': 2}","['Patient', 'Altruism', 'Versatile']","['Controlling', 'Stubborn']",Yes,Yes,Yes,Pass,Business,12726
Agnesse Beeken,30/10/2019,"{'Ruby': 2, 'SPSS': 4, 'JavaScript': 2}","['Patient', 'Altruism', 'Versatile']","['Controlling', 'Stubborn']",Yes,Yes,Yes,Pass,Business,12727
Sam Mulvihill,03/10/2019,"{'C#': 4, 'Ruby': 2, 'R': 1, 'SPSS': 3, 'PHP': 1}",['Charisma'],"['Indecisive', 'Procrastination', 'Sensitive']",Yes,Yes,Yes,Pass,Data,12728
Adda Bromont,17/10/2019,"{'C#': 1, 'Java': 1, 'R': 1, 'PHP': 4, 'C++': 3, 'JavaScript': 2}","['Competitive', 'Altruism']","['Passive', 'Competitive']",Yes,No,Yes,Fail,Business,12729
Ferdy Dootson,03/10/2019,"{'Python': 2, 'JavaScript': 1}","['Curious', 'Charisma', 'Problem Solving']","['Immature', 'Chatty', 'Undisciplined']",Yes,Yes,Yes,Pass,Engineering,12730
Tami Studdal,29/10/2019,"{'C#': 1, 'Ruby': 2, 'R': 3}","['Reliable', 'Curious', 'Rational']","['Slow', 'Overbearing']",Yes,Yes,Yes,Fail,Data,12731
Sydelle Russo,02/10/2019,"{'R': 4, 'JavaScript': 2}","['Versatile', 'Innovative', 'Courteous']","['Indifferent', 'Perfectionist', 'Intolerant']",Yes,Yes,Yes,Pass,Data,12732
Belia Murrigans,03/10/2019,"{'Python': 5, 'C#': 2, 'Java': 5, 'Ruby': 1, 'R': 3, 'SPSS': 1, 'JavaScript': 1}","['Determined', 'Altruism']","['Sensitive', 'Intolerant', 'Impatient']",Yes,Yes,Yes,Pass,Data,12733
Hendrika Macleod,29/10/2019,"{'C#': 1, 'Ruby': 5, 'PHP': 5, 'C++': 4, 'JavaScript': 2}","['Innovative', 'Altruism', 'Charisma']",['Controlling'],No,Yes,No,Fail,Engineering,12734
Evey Whiteland,17/10/2019,"{'Python': 5, 'C#': 1, 'R': 4, 'C++': 4}","['Courteous', 'Creative', 'Charisma']","['Sensitive', 'Procrastination', 'Impulsive']",Yes,Yes,Yes,Pass,Engineering,12735
Ethan Brookwood,08/10/2019,{'Ruby': 2},['Efficient'],['Critical'],Yes,Yes,Yes,Pass,Engineering,12736
Cathryn Leehane,09/10/2019,{'C++': 1},['Critical Thinking'],"['Passive', 'Distracted', 'Procrastination']",Yes,Yes,Yes,Pass,Engineering,12737
Carmelle Jado,01/10/2019,"{'Python': 3, 'Java': 1, 'R': 2, 'SPSS': 2, 'C++': 3}",['Efficient'],"['Impulsive', 'Undisciplined']",Yes,Yes,Yes,Pass,Engineering,12738
Margaretta Gedling,16/10/2019,"{'C#': 5, 'Java': 3, 'Ruby': 2, 'R': 3, 'PHP': 1}",['Organisation'],['Procrastination'],Yes,Yes,Yes,Pass,Business,12739
Verine Pickring,17/10/2019,"{'Java': 2, 'R': 7, 'PHP': 1}","['Perfectionism', 'Rational', 'Ambitious']","['Intolerant', 'Chaotic', 'Perfectionist']",No,No,Yes,Fail,Data,12740
Fair Lucia,31/10/2019,{'Java': 2},"['Consistent', 'Curious', 'Determined']","['Perfectionist', 'Intolerant', 'Competitive']",Yes,Yes,Yes,Pass,Engineering,12741
Drucie Bianco,10//10/2019,"{'C#': 2, 'SPSS': 1, 'PHP': 2, 'JavaScript': 1}",['Altruism'],"['Overbearing', 'Sensitive', 'Perfectionist']",Yes,Yes,Yes,Pass,Data,12742
Odell Dwire,24/10/2019,"{'Python': 5, 'C#': 4, 'Ruby': 4, 'PHP': 2}",['Charisma'],"['Passive', 'Chaotic', 'Selfish']",Yes,Yes,No,Fail,Engineering,12743
Powell Wank,10/10/2019,"{'Java': 4, 'R': 6}",['Listening'],"['Introverted', 'Procrastination']",Yes,Yes,Yes,Pass,Engineering,12744
Homer Sebborn,31/10/2019,"{'Python': 1, 'Ruby': 2, 'R': 2}",['Creative'],"['Selfish', 'Distracted']",Yes,Yes,Yes,Pass,Business,12745
Tonye Hearl,10/10/2019,"{'C#': 4, 'Ruby': 1, 'R': 1}","['Collaboration', 'Independent']",['Distracted'],Yes,Yes,Yes,Pass,Business,12746
Sofia Cullivan,22/10/2019,"{'C#': 1, 'R': 5}",['Listening'],"['Overbearing', 'Competitive']",Yes,Yes,Yes,Pass,Engineering,12747
Walt Kirkby,17/10/2019,"{'Python': 2, 'Ruby': 4, 'SPSS': 1, 'JavaScript': 2}",['Perfectionism'],"['Anxious', 'Indecisive', 'Conventional']",Yes,Yes,Yes,Pass,Business,12748
Jens Tomaskunas,23/10/2019,"{'Python': 9, 'C#': 1, 'R': 4}",['Empathy'],"['Chatty', 'Conventional']",No,No,Yes,Fail,Data,12749
Kathrine Sugar,24/10/2019,"{'C#': 3, 'Ruby': 2}","['Listening', 'Consistent', 'Independent']","['Conventional', 'Intolerant']",Yes,Yes,Yes,Fail,Business,12750
Ruttger Whitrod,08/10/2019,"{'Java': 3, 'R': 2, 'PHP': 4, 'C++': 3}","['Composure', 'Charisma', 'Competitive']","['Sensitive', 'Slow']",No,Yes,Yes,Fail,Engineering,12751
Haze Childes,22/10/2019,{'Ruby': 5},"['Innovative', 'Independent', 'Critical Thinking']",['Introverted'],Yes,Yes,Yes,Pass,Data,12752
Wallache Soldi,03/10/2019,"{'SPSS': 2, 'C++': 1, 'JavaScript': 1}","['Passionate', 'Perfectionism']",['Selfish'],No,Yes,No,Fail,Data,12753
Lindon Mee,23/10/2019,{'PHP': 1},['Problem Solving'],"['Passive', 'Competitive', 'Undisciplined']",Yes,Yes,Yes,Pass,Data,12754
Bear Birrane,08/10/2019,"{'Java': 1, 'JavaScript': 4}",['Efficient'],"['Passive', 'Perfectionist']",Yes,Yes,Yes,Pass,Data,12755
Cliff Knowlton,10/10/2019,"{'Python': 3, 'R': 2, 'PHP': 4}","['Independent', 'Courteous', 'Listening']","['Passive', 'Impulsive']",Yes,No,Yes,Fail,Data,12756
Martita Hugle,23/10/2019,"{'Python': 1, 'C#': 1, 'Java': 1, 'Ruby': 2, 'R': 3, 'SPSS': 1, 'C++': 1, 'JavaScript': 4}","['Rational', 'Composure']",['Controlling'],No,Yes,Yes,Fail,Engineering,12757
Claudia May,01/10/2019,"{'C#': 8, 'Java': 3, 'PHP': 3, 'C++': 2}","['Innovative', 'Listening', 'Perfectionism']","['Overbearing', 'Selfish', 'Conventional']",Yes,Yes,Yes,Pass,Business,12758
Mic Wilshire,30/10/2019,"{'C#': 3, 'JavaScript': 4}",['Competitive'],"['Undisciplined', 'Indifferent']",Yes,Yes,Yes,Pass,Engineering,12759
Lew Bartlomieczak,10/10/2019,"{'Java': 1, 'R': 3, 'SPSS': 2, 'C++': 1, 'JavaScript': 2}",['Patient'],"['Chatty', 'Chaotic']",Yes,Yes,Yes,Pass,Data,12760
Correna Sutherel,15/10/2019,"{'Java': 4, 'JavaScript': 4}","['Versatile', 'Altruism']","['Indifferent', 'Controlling', 'Anxious']",Yes,No,Yes,Fail,Data,12761
Bartholomeo Keatley,10/10/2019,"{'Python': 3, 'C#': 3, 'Ruby': 4, 'R': 1}","['Ambitious', 'Passionate', 'Listening']","['Intolerant', 'Conventional']",Yes,Yes,Yes,Pass,Data,12762
Adel Kinrade,10/10/2019,"{'C#': 3, 'Java': 2, 'R': 3, 'SPSS': 2}","['Reliable', 'Composure']","['Impatient', 'Overbearing', 'Indifferent']",Yes,Yes,Yes,Pass,Data,12763
Phillip Headech,31/10/2019,"{'Python': 1, 'C#': 6, 'SPSS': 3}","['Collaboration', 'Determined', 'Patient']",['Perfectionist'],Yes,Yes,Yes,Fail,Engineering,12764
Rossie Caitlin,09/10/2019,"{'R': 2, 'SPSS': 7, 'C++': 2}",['Competitive'],"['Immature', 'Distracted']",Yes,Yes,Yes,Pass,Business,12765
Dina Mcgookin,17/10/2019,"{'C#': 4, 'Java': 3, 'SPSS': 3, 'PHP': 1}","['Curious', 'Collaboration']","['Overbearing', 'Conventional']",Yes,Yes,Yes,Pass,Business,12766
Lanie Romeuf,24/10/2019,"{'C#': 4, 'Java': 2, 'R': 2, 'SPSS': 2}","['Collaboration', 'Organisation']",['Competitive'],Yes,Yes,Yes,Fail,Business,12767
Warner Harse,08/10/2019,"{'Java': 4, 'SPSS': 5, 'C++': 4}","['Courteous', 'Perfectionism']","['Critical', 'Anxious', 'Distracted']",Yes,Yes,Yes,Pass,Data,12768
Horace Scotford,08/10/2019,"{'C#': 5, 'Java': 5, 'PHP': 4}","['Ambitious', 'Listening', 'Charisma']","['Stubborn', 'Impatient', 'Critical']",Yes,Yes,Yes,Pass,Business,12769
Patten Tinman,17/10/2019,"{'Ruby': 1, 'SPSS': 3, 'PHP': 1}",['Determined'],"['Procrastination', 'Anxious', 'Impatient']",Yes,Yes,Yes,Pass,Engineering,12770
Farlay Pitman,24/10/2019,"{'Ruby': 6, 'R': 1, 'C++': 2, 'JavaScript': 3}","['Patient', 'Innovative', 'Listening']","['Indifferent', 'Slow', 'Introverted']",Yes,Yes,Yes,Pass,Business,12771
Lanni Arrowsmith,30/10/2019,"{'C#': 2, 'SPSS': 2}","['Patient', 'Courteous', 'Versatile']",['Chatty'],Yes,Yes,No,Fail,Business,12772
Deana Lynds,16/10/2019,"{'Java': 3, 'PHP': 2}","['Consistent', 'Creative']","['Immature', 'Controlling']",Yes,Yes,Yes,Pass,Engineering,12773
Manuel Brownsword,09/10/2019,"{'Java': 4, 'SPSS': 3, 'C++': 3}","['Innovative', 'Independent', 'Ambitious']","['Impatient', 'Overbearing']",Yes,Yes,Yes,Pass,Data,12774
Rogerio Woollhead,09/10/2019,"{'Python': 2, 'C#': 1, 'Java': 4, 'PHP': 1}",['Competitive'],"['Controlling', 'Distracted']",Yes,Yes,Yes,Pass,Business,12775
Nefen Wolton,30/10/2019,"{'Java': 1, 'Ruby': 1, 'SPSS': 1, 'C++': 6, 'JavaScript': 2}","['Critical Thinking', 'Curious', 'Determined']","['Sensitive', 'Stubborn']",Yes,Yes,Yes,Fail,Business,12776
Kameko Wilmore,23/10/2019,"{'SPSS': 2, 'PHP': 1, 'C++': 3}","['Collaboration', 'Empathy']","['Distracted', 'Anxious']",Yes,Yes,No,Fail,Data,12777
Perla Haibel,02/10/2019,{'Python': 4},"['Innovative', 'Organisation']",['Intolerant'],Yes,No,Yes,Fail,Data,12778
Parrnell Wroe,10/10/2019,"{'C#': 4, 'Java': 5, 'Ruby': 3, 'PHP': 1}","['Versatile', 'Creative']",['Intolerant'],Yes,Yes,Yes,Fail,Engineering,12779
Carrie Fitzhenry,23/10/2019,"{'C#': 3, 'Java': 3, 'R': 4, 'PHP': 4, 'C++': 1}","['Reliable', 'Collaboration']",['Intolerant'],Yes,Yes,No,Fail,Business,12780
Stephi Duckering,29/10/2019,"{'Python': 2, 'C#': 5, 'PHP': 3, 'C++': 5}","['Curious', 'Rational', 'Altruism']",['Critical'],Yes,Yes,Yes,Pass,Business,12781
Casper Willcott,31/10/2019,"{'Java': 4, 'Ruby': 3, 'SPSS': 4, 'C++': 3}","['Charisma', 'Ambitious', 'Innovative']","['Selfish', 'Impatient', 'Passive']",Yes,Yes,Yes,Pass,Business,12782
Reuven Kneaphsey,23/10/2019,"{'Ruby': 1, 'PHP': 1}","['Determined', 'Competitive']","['Anxious', 'Chaotic', 'Controlling']",Yes,Yes,Yes,Pass,Business,12783
Alexis Adess,10/10/2019,"{'Python': 1, 'Java': 2, 'R': 1}",['Perfectionism'],"['Anxious', 'Critical', 'Procrastination']",No,Yes,Yes,Fail,Business,12784
Nelie Chate,23/10/2019,"{'Python': 4, 'C#': 1, 'Java': 4, 'R': 2, 'PHP': 2, 'C++': 4}","['Charisma', 'Rational', 'Innovative']","['Critical', 'Competitive']",Yes,Yes,No,Fail,Business,12785
Hatty Kinner,23/10/2019,"{'Python': 2, 'Java': 1, 'Ruby': 2, 'R': 4}","['Critical Thinking', 'Determined', 'Creative']",['Stubborn'],Yes,Yes,Yes,Fail,Business,12786
Chucho Kegan,16/10/2019,"{'Python': 1, 'C#': 6, 'C++': 3, 'JavaScript': 4}",['Patient'],"['Critical', 'Immature']",Yes,Yes,Yes,Pass,Engineering,12787
Pauly Rebbeck,10/10/2019,"{'Python': 4, 'C#': 1, 'Ruby': 1, 'JavaScript': 2}","['Competitive', 'Empathy']","['Selfish', 'Introverted', 'Undisciplined']",Yes,Yes,Yes,Pass,Engineering,12788
Malvin Penrith,10/10/2019,"{'Python': 2, 'C#': 5, 'PHP': 1}","['Perfectionism', 'Charisma']","['Indifferent', 'Chaotic']",Yes,Yes,Yes,Pass,Data,12789
Nora Leyes,23/10/2019,"{'Python': 3, 'Java': 5, 'Ruby': 5}","['Charisma', 'Innovative']","['Slow', 'Undisciplined']",Yes,Yes,Yes,Pass,Engineering,12790
Ginevra Kops,01/10/2019,"{'Python': 4, 'Java': 1, 'Ruby': 2, 'R': 4, 'SPSS': 4, 'PHP': 4, 'JavaScript': 3}",['Listening'],"['Chatty', 'Introverted']",Yes,Yes,Yes,Pass,Engineering,12791
Lambert Fortnon,01/10/2019,{'Python': 2},"['Creative', 'Efficient', 'Curious']",['Procrastination'],Yes,Yes,Yes,Pass,Business,12792
Kristian Girhard,31/10/2019,"{'C#': 3, 'Ruby': 7, 'JavaScript': 3}","['Collaboration', 'Empathy']","['Anxious', 'Conventional', 'Perfectionist']",Yes,Yes,Yes,Pass,Engineering,12793
Elliot Chetwynd,22/10/2019,"{'C#': 4, 'Ruby': 3, 'SPSS': 3}","['Rational', 'Creative', 'Organisation']","['Selfish', 'Chaotic']",Yes,Yes,Yes,Pass,Data,12794
Fabio Cattemull,17/10/2019,"{'Java': 1, 'Ruby': 3, 'C++': 1, 'JavaScript': 3}",['Ambitious'],"['Chatty', 'Intolerant', 'Critical']",Yes,Yes,Yes,Pass,Business,12795
Alasteir Cootes,02/10/2019,"{'R': 7, 'JavaScript': 3}","['Passionate', 'Ambitious', 'Independent']","['Indecisive', 'Slow', 'Passive']",Yes,Yes,Yes,Pass,Business,12796
Marianna Casa,31/10/2019,"{'C#': 1, 'JavaScript': 2}","['Independent', 'Rational', 'Organisation']","['Anxious', 'Controlling', 'Passive']",Yes,Yes,Yes,Pass,Business,12797
Eugene Tomlinson,08/10/2019,{'R': 3},['Passionate'],"['Selfish', 'Impulsive']",Yes,Yes,Yes,Pass,Business,12798
Mariejeanne Seatter,22/10/2019,"{'Ruby': 4, 'R': 4, 'JavaScript': 1}","['Composure', 'Organisation', 'Problem Solving']","['Distracted', 'Overbearing']",Yes,Yes,No,Fail,Business,12799
Eleni Alyukin,22/10/2019,"{'Python': 2, 'Java': 4, 'PHP': 3, 'C++': 1}","['Courteous', 'Competitive', 'Reliable']","['Chatty', 'Conventional']",Yes,Yes,No,Fail,Data,12800
Doretta Hallor,15/10/2019,"{'Java': 2, 'SPSS': 1, 'PHP': 3, 'C++': 1, 'JavaScript': 5}","['Reliable', 'Composure']","['Chatty', 'Chaotic']",Yes,Yes,Yes,Pass,Engineering,12801
Wallie Pecha,10/10/2019,"{'Python': 2, 'R': 6, 'PHP': 2}","['Critical Thinking', 'Reliable', 'Efficient']","['Sensitive', 'Anxious']",Yes,No,Yes,Fail,Data,12802
Pru Bilbee,08/10/2019,"{'Python': 5, 'C#': 4, 'Java': 1, 'R': 4}",['Independent'],"['Indifferent', 'Undisciplined']",Yes,Yes,No,Fail,Business,12803
Dudley Whiles,17/10/2019,"{'Java': 2, 'PHP': 1}","['Passionate', 'Competitive', 'Ambitious']",['Perfectionist'],Yes,Yes,Yes,Pass,Engineering,12804
Vaughan Borchardt,29/10/2019,"{'Python': 7, 'C#': 3, 'R': 2}",['Competitive'],"['Immature', 'Indifferent']",No,Yes,Yes,Fail,Data,12805
Tabbatha Kullmann,09/10/2019,"{'C#': 4, 'Java': 1, 'C++': 1}","['Ambitious', 'Perfectionism']","['Passive', 'Indifferent']",Yes,Yes,Yes,Pass,Data,12806
Teirtza Ghion,17/10/2019,"{'Java': 3, 'R': 4, 'SPSS': 1, 'JavaScript': 3}","['Efficient', 'Ambitious']","['Critical', 'Undisciplined', 'Immature']",Yes,No,Yes,Fail,Data,12807
Mary Darnbrough,30/10/2019,"{'Java': 1, 'Ruby': 3}","['Charisma', 'Reliable']","['Chaotic', 'Stubborn', 'Selfish']",Yes,Yes,Yes,Pass,Business,12808
Maiga Griffin,24/10/2019,"{'SPSS': 6, 'PHP': 1}",['Efficient'],['Indecisive'],Yes,Yes,Yes,Pass,Data,12809
Far Lubeck,01/10/2019,"{'Python': 1, 'R': 3, 'SPSS': 4, 'C++': 1, 'JavaScript': 3}",['Efficient'],"['Procrastination', 'Slow']",Yes,No,Yes,Fail,Data,12810
Tamas Stendall,03/10/2019,"{'Python': 2, 'R': 5, 'PHP': 1}","['Passionate', 'Critical Thinking']",['Critical'],Yes,Yes,Yes,Pass,Engineering,12811
Markos Orwin,22/10/2019,"{'C#': 1, 'Java': 3, 'C++': 2, 'JavaScript': 2}","['Charisma', 'Patient']","['Stubborn', 'Anxious', 'Overbearing']",Yes,Yes,Yes,Pass,Data,12812
Tierney Twatt,15/10/2019,"{'Python': 3, 'Java': 6, 'Ruby': 4, 'SPSS': 3}","['Perfectionism', 'Innovative']",['Immature'],Yes,Yes,No,Fail,Data,12813
Noel Dabnot,08/10/2019,"{'C#': 3, 'Ruby': 4, 'R': 3, 'JavaScript': 1}",['Composure'],['Impatient'],Yes,Yes,Yes,Pass,Data,12814
Kala Bock,09/10/2019,"{'Ruby': 2, 'R': 2, 'SPSS': 3, 'PHP': 1, 'C++': 4}",['Organisation'],"['Controlling', 'Perfectionist']",Yes,Yes,Yes,Pass,Business,12815
Audrye Knightley,02/10/2019,"{'C#': 2, 'Java': 4, 'SPSS': 3}","['Organisation', 'Reliable']","['Immature', 'Impulsive', 'Indecisive']",Yes,Yes,Yes,Fail,Engineering,12816
Ashley Woodvine,29/10/2019,"{'Java': 2, 'PHP': 3, 'C++': 2, 'JavaScript': 4}",['Determined'],"['Impatient', 'Undisciplined', 'Intolerant']",Yes,Yes,Yes,Pass,Engineering,12817
Tiffany Laugherane,24/10/2019,{'Ruby': 3},"['Perfectionism', 'Independent']","['Distracted', 'Critical', 'Overbearing']",Yes,Yes,No,Fail,Engineering,12818
Daphene Barkly,30/10/2019,"{'Java': 1, 'SPSS': 2}",['Efficient'],['Impatient'],Yes,Yes,Yes,Fail,Data,12819
Janna Houlaghan,30/10/2019,"{'C#': 4, 'Java': 1, 'Ruby': 1, 'R': 1, 'PHP': 3}",['Curious'],"['Critical', 'Chatty', 'Conventional']",Yes,Yes,No,Fail,Business,12820
Florella Boays,30/10/2019,"{'Python': 1, 'C#': 4, 'Java': 3, 'Ruby': 2, 'JavaScript': 2}",['Innovative'],['Selfish'],Yes,Yes,Yes,Pass,Engineering,12821
Karita Crissil,24/10/2019,"{'Python': 4, 'Java': 3, 'Ruby': 1, 'R': 4, 'JavaScript': 3}",['Independent'],"['Indecisive', 'Chatty']",Yes,No,Yes,Fail,Data,12822
Demetra Darmody,29/10/2019,"{'Java': 3, 'SPSS': 1, 'PHP': 1}",['Independent'],"['Sensitive', 'Selfish', 'Intolerant']",No,Yes,Yes,Fail,Engineering,12823
Bobine Advani,10/10/2019,"{'Python': 2, 'C#': 2, 'Ruby': 2, 'R': 1, 'SPSS': 2, 'C++': 4, 'JavaScript': 1}","['Patient', 'Rational', 'Critical Thinking']","['Perfectionist', 'Indifferent']",Yes,Yes,Yes,Pass,Engineering,12824
Lazarus Varley,31/10/2019,"{'Java': 1, 'Ruby': 4}","['Altruism', 'Critical Thinking', 'Innovative']",['Indifferent'],Yes,Yes,Yes,Pass,Engineering,12825
Gail Basso,02/10/2019,"{'C#': 5, 'Ruby': 1, 'R': 1, 'JavaScript': 5}",['Empathy'],"['Undisciplined', 'Overbearing', 'Sensitive']",Yes,Yes,Yes,Fail,Data,12826
Nonnah Gentreau,02/10/2019,{'JavaScript': 1},"['Reliable', 'Ambitious']",['Intolerant'],Yes,No,Yes,Fail,Business,12827
Toinette Hallut,10/10/2019,"{'Python': 3, 'Java': 2, 'SPSS': 3, 'C++': 2, 'JavaScript': 1}","['Charisma', 'Perfectionism', 'Rational']",['Intolerant'],Yes,Yes,No,Fail,Data,12828
Emalia Naile,29/10/2019,"{'Python': 2, 'C#': 1, 'Java': 2, 'Ruby': 3}","['Altruism', 'Passionate', 'Rational']","['Anxious', 'Controlling', 'Conventional']",Yes,Yes,Yes,Pass,Business,12829
Wileen Gartenfeld,15/10/2019,"{'C#': 1, 'SPSS': 4, 'C++': 5, 'JavaScript': 6}","['Critical Thinking', 'Patient']","['Perfectionist', 'Stubborn', 'Critical']",Yes,No,Yes,Fail,Business,12830
Lucas Duthie,31/10/2019,"{'C#': 1, 'Java': 1}","['Courteous', 'Innovative']",['Impatient'],Yes,Yes,Yes,Fail,Business,12831
Gaston Kunc,24/10/2019,"{'C#': 5, 'Java': 3, 'Ruby': 5, 'SPSS': 1, 'PHP': 2, 'C++': 3, 'JavaScript': 8}","['Empathy', 'Ambitious']","['Overbearing', 'Passive', 'Procrastination']",Yes,Yes,Yes,Pass,Engineering,12832
Abdel Shovel,30/10/2019,"{'Python': 4, 'C#': 4, 'PHP': 1}","['Passionate', 'Patient', 'Courteous']","['Competitive', 'Impulsive', 'Chatty']",No,Yes,Yes,Fail,Business,12833
Ileane Margarson,15/10/2019,"{'Python': 3, 'C#': 5, 'R': 2, 'PHP': 1, 'JavaScript': 6}","['Passionate', 'Perfectionism']","['Overbearing', 'Controlling', 'Chaotic']",Yes,Yes,Yes,Pass,Business,12834
Thaxter Vanyushin,24/10/2019,"{'Python': 4, 'Ruby': 6, 'R': 2, 'JavaScript': 4}","['Consistent', 'Reliable']",['Immature'],Yes,Yes,Yes,Pass,Business,12835
Marquita Gatehouse,09/10/2019,"{'Python': 1, 'JavaScript': 3}","['Altruism', 'Patient']","['Chaotic', 'Critical']",Yes,Yes,Yes,Pass,Data,12836
Gordan Delgadillo,03/10/2019,"{'Python': 5, 'C#': 3, 'Java': 1}","['Problem Solving', 'Determined']",['Procrastination'],Yes,Yes,Yes,Pass,Data,12837
Mateo Hanburry,15/10/2019,"{'C#': 3, 'Java': 5, 'C++': 3}",['Perfectionism'],['Conventional'],No,Yes,Yes,Fail,Business,12838
Joann Aspinwall,01/10/2019,"{'Python': 1, 'Java': 2, 'Ruby': 3, 'R': 2, 'SPSS': 2, 'C++': 4}","['Reliable', 'Problem Solving']","['Critical', 'Passive', 'Anxious']",Yes,Yes,Yes,Pass,Data,12839
Jordain Offen,16/10/2019,"{'Java': 3, 'Ruby': 1}","['Rational', 'Ambitious', 'Problem Solving']",['Slow'],Yes,Yes,Yes,Pass,Engineering,12840
Barnie Jersh,10/10/2019,"{'C#': 2, 'Ruby': 2, 'R': 2}","['Perfectionism', 'Curious', 'Courteous']",['Overbearing'],Yes,Yes,Yes,Pass,Engineering,12841
Ferdie Mullinger,03/10/2019,"{'Ruby': 1, 'C++': 3}","['Empathy', 'Versatile']","['Slow', 'Impatient']",Yes,No,Yes,Fail,Business,12842
Gisela Andrea,29/10/2019,"{'Java': 1, 'R': 1, 'PHP': 2}","['Empathy', 'Competitive']","['Overbearing', 'Indifferent', 'Slow']",Yes,Yes,Yes,Pass,Data,12843
Decca Rayburn,08/10/2019,"{'Java': 3, 'R': 1, 'PHP': 1}","['Curious', 'Versatile', 'Altruism']","['Chatty', 'Impulsive', 'Indecisive']",Yes,No,Yes,Fail,Engineering,12844
Antony Eckert,02/10/2019,"{'Ruby': 3, 'R': 1, 'PHP': 5}","['Ambitious', 'Composure', 'Competitive']",['Intolerant'],Yes,Yes,Yes,Pass,Business,12845
Pryce Playden,02/10/2019,"{'Python': 1, 'Java': 4, 'C++': 4, 'JavaScript': 3}","['Empathy', 'Organisation', 'Composure']","['Passive', 'Impulsive', 'Chaotic']",Yes,Yes,Yes,Pass,Business,12846
Vanny Grimsditch,24/10/2019,"{'Java': 2, 'PHP': 4}","['Problem Solving', 'Charisma']","['Selfish', 'Procrastination']",Yes,Yes,Yes,Fail,Data,12847
Blondy Docker,02/10/2019,"{'R': 5, 'SPSS': 2, 'JavaScript': 7}","['Courteous', 'Versatile']","['Perfectionist', 'Selfish', 'Undisciplined']",Yes,Yes,Yes,Fail,Data,12848
Patrice Hawkshaw,02/10/2019,"{'C#': 3, 'Java': 4, 'Ruby': 3, 'SPSS': 2}","['Perfectionism', 'Curious']","['Overbearing', 'Undisciplined']",Yes,Yes,Yes,Pass,Engineering,12849
Sallyann Jacobi,01/10/2019,"{'C#': 2, 'Java': 2, 'Ruby': 6, 'R': 1, 'SPSS': 1, 'JavaScript': 4}","['Competitive', 'Ambitious', 'Rational']",['Sensitive'],Yes,No,Yes,Fail,Business,12850
Jori Riseley,24/10/2019,,"['Courteous', 'Patient']","['Controlling', 'Anxious']",Yes,Yes,Yes,Pass,Engineering,12851
Robbie Vizor,29/10/2019,"{'Python': 3, 'C#': 6, 'Java': 3, 'Ruby': 2}",['Listening'],"['Impulsive', 'Competitive', 'Conventional']",Yes,Yes,Yes,Pass,Engineering,12852
Tory Aireton,23/10/2019,"{'C#': 3, 'C++': 1}",['Ambitious'],"['Immature', 'Perfectionist']",Yes,Yes,Yes,Pass,Engineering,12853
Kelly Coneybeer,24/10/2019,"{'C#': 4, 'Ruby': 4, 'SPSS': 2, 'PHP': 5, 'C++': 4}",['Passionate'],"['Stubborn', 'Indifferent']",Yes,Yes,Yes,Pass,Engineering,12854
Tucky Henstridge,17/10/2019,"{'Python': 3, 'C#': 3, 'Ruby': 3, 'C++': 1}","['Altruism', 'Determined', 'Efficient']","['Conventional', 'Distracted']",Yes,Yes,Yes,Pass,Data,12855
Hale Severns,31/10/2019,"{'Java': 4, 'R': 2}","['Organisation', 'Listening']",['Competitive'],Yes,Yes,Yes,Pass,Data,12856
Idalina Nesby,08/10/2019,"{'Ruby': 2, 'C++': 5, 'JavaScript': 1}","['Passionate', 'Innovative', 'Collaboration']","['Anxious', 'Competitive']",Yes,Yes,Yes,Pass,Engineering,12857
Luisa Griffe,30/10/2019,{'SPSS': 1},"['Charisma', 'Independent']","['Introverted', 'Critical', 'Chatty']",Yes,Yes,Yes,Pass,Business,12858
Gibbie Creyke,08/10/2019,"{'R': 1, 'PHP': 1, 'C++': 1}","['Patient', 'Versatile']","['Controlling', 'Indifferent']",Yes,Yes,Yes,Pass,Data,12859
Agustin Boog,01/10/2019,"{'R': 3, 'PHP': 2, 'C++': 1, 'JavaScript': 1}","['Charisma', 'Collaboration']","['Immature', 'Controlling']",Yes,Yes,Yes,Pass,Engineering,12860
Hogan Raffan,15/10/2019,"{'Python': 3, 'Java': 3}","['Rational', 'Efficient']","['Passive', 'Chatty']",No,Yes,Yes,Fail,Business,12861
Evelina Owens,02/10/2019,"{'Ruby': 6, 'C++': 2, 'JavaScript': 4}","['Competitive', 'Versatile', 'Independent']","['Sensitive', 'Controlling']",No,Yes,Yes,Fail,Engineering,12862
Fiann Parmeter,01/10/2019,"{'C#': 5, 'SPSS': 3}","['Innovative', 'Ambitious', 'Altruism']",['Undisciplined'],Yes,Yes,Yes,Pass,Data,12863
Englebert Hedman,16/10/2019,"{'Java': 5, 'Ruby': 2, 'C++': 3}",['Competitive'],"['Impatient', 'Distracted']",No,Yes,Yes,Fail,Data,12864
Linette Gilhoolie,01/10/2019,"{'Python': 5, 'Java': 1, 'R': 2, 'SPSS': 2, 'C++': 1}",['Empathy'],['Indifferent'],Yes,Yes,Yes,Pass,Business,12865
Ame O'Keaveny,22/10/2019,"{'Python': 5, 'C#': 4, 'Ruby': 3, 'R': 5, 'JavaScript': 4}",['Listening'],"['Chaotic', 'Controlling']",No,Yes,Yes,Fail,Business,12866
Sheff Waleworke,22/10/2019,"{'Python': 5, 'SPSS': 5}","['Reliable', 'Listening', 'Charisma']",['Controlling'],Yes,Yes,Yes,Pass,Data,12867
Leese Tuffey,22/10/2019,"{'Python': 4, 'C#': 2, 'Ruby': 4}","['Competitive', 'Courteous']","['Immature', 'Introverted', 'Chaotic']",Yes,Yes,Yes,Pass,Engineering,12868
Almeda Jeppe,24/10/2019,"{'Python': 2, 'R': 3}","['Creative', 'Consistent']","['Overbearing', 'Introverted']",Yes,No,Yes,Fail,Engineering,12869
Celesta Linturn,23/10/2019,"{'Python': 6, 'JavaScript': 2}",['Critical Thinking'],"['Indecisive', 'Stubborn', 'Anxious']",Yes,Yes,Yes,Pass,Engineering,12870
Heddi Vernay,22/10/2019,"{'Java': 3, 'Ruby': 3, 'R': 1, 'C++': 5}","['Critical Thinking', 'Courteous']","['Selfish', 'Sensitive']",No,Yes,Yes,Fail,Engineering,12871
Sandy Droogan,17/10/2019,"{'C#': 8, 'PHP': 2, 'C++': 5}","['Versatile', 'Listening']","['Chaotic', 'Passive']",Yes,Yes,Yes,Pass,Data,12872
Elvera Gorman,16/10/2019,"{'R': 6, 'JavaScript': 2}","['Courteous', 'Empathy', 'Composure']",['Chatty'],Yes,Yes,Yes,Pass,Engineering,12873
Giselbert Scarborough,22/10/2019,"{'Java': 3, 'JavaScript': 4}","['Listening', 'Reliable', 'Determined']",['Chatty'],Yes,Yes,Yes,Fail,Engineering,12874
Drucy Adolthine,17/10/2019,"{'Python': 1, 'C#': 2, 'Java': 4, 'Ruby': 2, 'C++': 4, 'JavaScript': 3}",['Versatile'],['Conventional'],Yes,Yes,Yes,Pass,Data,12875
Nevile Clelle,08/10/2019,"{'C#': 1, 'Ruby': 5, 'C++': 2, 'JavaScript': 3}",['Altruism'],"['Passive', 'Selfish', 'Perfectionist']",Yes,Yes,Yes,Pass,Data,12876
Jacklin Kupka,09/10/2019,"{'Python': 1, 'C#': 5, 'SPSS': 1, 'C++': 4, 'JavaScript': 2}","['Reliable', 'Independent', 'Determined']","['Stubborn', 'Introverted']",Yes,Yes,Yes,Pass,Engineering,12877
Barrie Baumler,22/10/2019,"{'Python': 1, 'Ruby': 4, 'PHP': 2, 'C++': 3, 'JavaScript': 3}","['Independent', 'Versatile', 'Composure']",['Chatty'],Yes,Yes,Yes,Pass,Business,12878
Othilia Hutton,22/10/2019,"{'Python': 1, 'Ruby': 2, 'C++': 1}",['Versatile'],"['Introverted', 'Anxious']",Yes,Yes,Yes,Pass,Data,12879
Dyna Cristofano,17/10/2019,"{'Ruby': 4, 'SPSS': 2, 'PHP': 6, 'JavaScript': 2}","['Altruism', 'Collaboration', 'Perfectionism']","['Competitive', 'Impatient']",Yes,No,Yes,Fail,Engineering,12880
Creighton Estrella,15/10/2019,"{'Java': 3, 'Ruby': 2, 'PHP': 3, 'C++': 2}","['Rational', 'Courteous', 'Ambitious']",['Indecisive'],Yes,Yes,Yes,Pass,Business,12881
Kaycee Mattusevich,30/10/2019,"{'C#': 3, 'PHP': 4, 'C++': 5, 'JavaScript': 4}","['Curious', 'Empathy']",['Undisciplined'],Yes,Yes,Yes,Pass,Data,12882
Bryna Delle,15/10/2019,"{'R': 3, 'C++': 7, 'JavaScript': 6}",['Creative'],"['Stubborn', 'Indifferent', 'Perfectionist']",Yes,Yes,Yes,Pass,Engineering,12883
Rodrick Macnucator,09/10/2019,"{'Python': 5, 'C#': 1, 'Java': 1, 'C++': 1}","['Composure', 'Consistent', 'Versatile']","['Chaotic', 'Indifferent', 'Intolerant']",Yes,No,Yes,Fail,Engineering,12884
Arielle Donati,30/10/2019,{'R': 3},"['Creative', 'Empathy', 'Composure']","['Immature', 'Selfish', 'Chatty']",Yes,No,Yes,Fail,Engineering,12885
Cristy Rutledge,15/10/2019,"{'Python': 3, 'SPSS': 3}",['Innovative'],"['Slow', 'Impulsive', 'Indifferent']",Yes,Yes,Yes,Pass,Engineering,12886
Amaleta Alred,02/10/2019,{'Python': 4},"['Organisation', 'Reliable']",['Impatient'],Yes,Yes,Yes,Pass,Data,12887
Daren Ouchterlony,02/10/2019,"{'C#': 5, 'Java': 5, 'Ruby': 3, 'C++': 2}","['Critical Thinking', 'Versatile', 'Rational']","['Immature', 'Sensitive', 'Distracted']",Yes,Yes,Yes,Fail,Engineering,12888
Hyacinth Meron,17/10/2019,"{'Ruby': 1, 'SPSS': 3, 'C++': 4}","['Consistent', 'Empathy']",['Intolerant'],Yes,Yes,Yes,Pass,Business,12889
Dru Pabel,17/10/2019,"{'Python': 2, 'Java': 4}",['Creative'],"['Indecisive', 'Competitive']",Yes,Yes,Yes,Pass,Business,12890
Di Simonich,30/10/2019,"{'Python': 3, 'Ruby': 1, 'PHP': 5}","['Empathy', 'Ambitious', 'Altruism']","['Procrastination', 'Anxious']",Yes,Yes,Yes,Pass,Engineering,12891
Annadiana Lumsden,30/10/2019,"{'Python': 4, 'C#': 1, 'SPSS': 1, 'PHP': 2}","['Problem Solving', 'Creative', 'Charisma']","['Indifferent', 'Impatient', 'Sensitive']",Yes,Yes,No,Fail,Engineering,12892
Justinian Luscott,02/10/2019,"{'Java': 1, 'C++': 1}",['Courteous'],['Overbearing'],Yes,Yes,Yes,Pass,Data,12893
Otha Kimm,29/10/2019,"{'C#': 2, 'Ruby': 3, 'PHP': 4}","['Critical Thinking', 'Curious']",['Introverted'],Yes,Yes,Yes,Pass,Business,12894
Chico Headley,29/10/2019,"{'Python': 1, 'Java': 3, 'C++': 2, 'JavaScript': 2}","['Versatile', 'Composure', 'Competitive']","['Stubborn', 'Indifferent']",Yes,Yes,Yes,Fail,Business,12895
Bren Tomei,03/10/2019,"{'R': 2, 'SPSS': 4, 'JavaScript': 3}",['Competitive'],"['Conventional', 'Chaotic']",Yes,Yes,Yes,Pass,Data,12896
Izabel Masters,03/10/2019,"{'Python': 5, 'C#': 6, 'C++': 2}","['Passionate', 'Organisation']","['Impulsive', 'Critical', 'Chatty']",Yes,Yes,Yes,Fail,Engineering,12897
Codi Kear,15/10/2019,"{'C#': 4, 'R': 3, 'SPSS': 4, 'JavaScript': 5}","['Creative', 'Rational', 'Determined']",['Anxious'],Yes,Yes,Yes,Pass,Business,12898
Chrisy Kesey,10/10/2019,{'Python': 4},['Independent'],"['Chaotic', 'Competitive']",Yes,Yes,Yes,Pass,Data,12899
Michell Fishlock,02/10/2019,,"['Problem Solving', 'Innovative', 'Efficient']","['Procrastination', 'Immature', 'Controlling']",Yes,Yes,Yes,Pass,Data,12900
Madalyn Facey,15/10/2019,"{'Python': 2, 'R': 1, 'PHP': 1}",['Reliable'],"['Selfish', 'Distracted']",Yes,Yes,Yes,Pass,Data,12901
Engelbert Palatino,16/10/2019,"{'Python': 5, 'SPSS': 1, 'PHP': 1, 'JavaScript': 3}","['Determined', 'Passionate']","['Chaotic', 'Passive']",Yes,Yes,Yes,Pass,Engineering,12902
Mariel Dei,02/10/2019,{'C++': 2},"['Ambitious', 'Passionate', 'Perfectionism']","['Perfectionist', 'Impatient']",Yes,No,Yes,Fail,Data,12903
Odella Hurne,02/10/2019,"{'Python': 1, 'C#': 6, 'PHP': 3, 'C++': 2}","['Ambitious', 'Problem Solving', 'Empathy']",['Slow'],Yes,Yes,Yes,Pass,Business,12904
Terza Girdwood,22/10/2019,"{'Ruby': 3, 'R': 5, 'SPSS': 3}","['Reliable', 'Problem Solving', 'Rational']","['Distracted', 'Impatient']",Yes,Yes,Yes,Fail,Business,12905
Skyler Pendre,08/10/2019,{'Java': 1},"['Listening', 'Creative']","['Intolerant', 'Sensitive', 'Conventional']",Yes,Yes,Yes,Fail,Data,12906
Nial Ipsly,23/10/2019,"{'Ruby': 3, 'R': 1}","['Collaboration', 'Charisma']","['Chatty', 'Slow', 'Anxious']",No,No,Yes,Fail,Engineering,12907
Archambault Evanson,31/10/2019,"{'C#': 3, 'Java': 3, 'Ruby': 5}","['Listening', 'Altruism']",['Chatty'],Yes,Yes,Yes,Pass,Data,12908
Caren Puig,16/10/2019,"{'Python': 3, 'C#': 2, 'Java': 2, 'SPSS': 2, 'C++': 2}","['Critical Thinking', 'Collaboration']","['Stubborn', 'Conventional']",Yes,Yes,Yes,Pass,Business,12909
Ashlin Shone,03/10/2019,"{'Python': 1, 'C++': 2}","['Charisma', 'Efficient', 'Reliable']","['Controlling', 'Indifferent']",Yes,Yes,Yes,Pass,Business,12910
Marmaduke Kiefer,16/10/2019,{'SPSS': 1},"['Perfectionism', 'Charisma', 'Competitive']",['Slow'],Yes,Yes,Yes,Pass,Business,12911
Lola Ebsworth,30/10/2019,"{'Python': 1, 'C#': 2, 'PHP': 1}","['Determined', 'Efficient']","['Conventional', 'Distracted', 'Stubborn']",No,Yes,Yes,Fail,Business,12912
Gabi Fice,16/10/2019,"{'Ruby': 3, 'C++': 4}","['Curious', 'Passionate', 'Efficient']",['Critical'],No,Yes,Yes,Fail,Data,12913
Heida Cossom,03/10/2019,"{'Python': 1, 'R': 1, 'C++': 6}","['Determined', 'Courteous', 'Passionate']","['Stubborn', 'Chatty']",Yes,Yes,Yes,Pass,Business,12914
Tildie Joselevitz,22/10/2019,,['Creative'],['Immature'],Yes,Yes,Yes,Fail,Business,12915
Lorin Jozef,17/10/2019,"{'Python': 2, 'C#': 2, 'Java': 3, 'Ruby': 2, 'SPSS': 1}","['Empathy', 'Listening', 'Versatile']",['Chaotic'],No,No,Yes,Fail,Engineering,12916
Tiffi Reddlesden,16/10/2019,"{'Python': 2, 'Java': 4}","['Empathy', 'Passionate', 'Altruism']","['Sensitive', 'Indecisive', 'Chatty']",Yes,Yes,Yes,Pass,Data,12917
Nicola Lavall,08/10/2019,"{'Python': 1, 'Ruby': 4, 'R': 4}","['Independent', 'Perfectionism', 'Listening']","['Anxious', 'Perfectionist']",Yes,Yes,Yes,Pass,Business,12918
Mirabelle Tidder,16/10/2019,"{'Java': 3, 'PHP': 2, 'C++': 3}","['Listening', 'Problem Solving', 'Curious']","['Chaotic', 'Intolerant']",Yes,Yes,Yes,Fail,Engineering,12919
Oby Tomlin,23/10/2019,"{'Python': 7, 'Ruby': 1, 'C++': 2}",['Empathy'],"['Chaotic', 'Conventional', 'Sensitive']",Yes,Yes,Yes,Pass,Data,12920
Ron Fincke,08/10/2019,"{'Python': 3, 'Java': 4}","['Patient', 'Independent']",['Undisciplined'],Yes,Yes,Yes,Pass,Business,12921
Lorrin Tremblot,29/10/2019,"{'R': 3, 'SPSS': 5, 'PHP': 1}",['Empathy'],['Sensitive'],Yes,Yes,Yes,Pass,Engineering,12922
Tymothy Titchard,15/10/2019,"{'Python': 1, 'C#': 3, 'Java': 2, 'R': 4, 'SPSS': 3, 'C++': 3}",['Determined'],"['Impulsive', 'Perfectionist', 'Indecisive']",Yes,Yes,Yes,Pass,Data,12923
Yolane Lowsely,31/10/2019,"{'Java': 4, 'R': 3}",['Passionate'],"['Selfish', 'Procrastination', 'Sensitive']",Yes,Yes,No,Fail,Business,12924
Ammamaria Tassell,10/10/2019,"{'Java': 6, 'Ruby': 5}","['Creative', 'Rational']","['Undisciplined', 'Introverted']",No,Yes,No,Fail,Business,12925
Misty Pitt,17//10/2019,"{'Python': 3, 'Java': 7, 'R': 4, 'PHP': 3}","['Innovative', 'Perfectionism', 'Charisma']","['Intolerant', 'Controlling']",Yes,Yes,Yes,Pass,Business,12926
Vernor D'Almeida,17/10/2019,"{'PHP': 2, 'C++': 5}","['Determined', 'Patient']",['Procrastination'],Yes,Yes,Yes,Pass,Business,12927
Brittan Mouat,17/10/2019,"{'Java': 2, 'Ruby': 3, 'C++': 5, 'JavaScript': 6}","['Altruism', 'Patient']","['Impulsive', 'Slow', 'Controlling']",Yes,Yes,Yes,Pass,Data,12928
Pearla Durtnell,01/10/2019,"{'Ruby': 4, 'R': 2, 'SPSS': 2, 'C++': 3, 'JavaScript': 1}",['Courteous'],['Anxious'],Yes,No,Yes,Fail,Data,12929
Waylan Gors,24/10/2019,"{'C#': 6, 'Ruby': 3, 'SPSS': 3, 'JavaScript': 3}",['Passionate'],"['Slow', 'Selfish', 'Passive']",Yes,Yes,Yes,Pass,Data,12930
Cortney Rudeyeard,02/10/2019,"{'Python': 3, 'Java': 1, 'R': 2, 'JavaScript': 2}",['Listening'],"['Distracted', 'Conventional']",Yes,No,No,Fail,Engineering,12931
Elita Foch,16/10/2019,"{'Java': 2, 'SPSS': 5, 'PHP': 3}","['Problem Solving', 'Innovative']","['Impulsive', 'Overbearing']",Yes,Yes,Yes,Pass,Data,12932
Loralie Exroll,10/10/2019,"{'Python': 5, 'C#': 2, 'Ruby': 4, 'SPSS': 2, 'PHP': 1}",['Competitive'],['Distracted'],Yes,Yes,Yes,Pass,Engineering,12933
Locke Lacelett,15/10/2019,"{'C#': 1, 'Java': 2, 'R': 4, 'PHP': 1}","['Empathy', 'Charisma']","['Selfish', 'Indifferent', 'Critical']",Yes,Yes,Yes,Pass,Engineering,12934
Doralia Gapper,09/10/2019,"{'Python': 2, 'Java': 2, 'Ruby': 2, 'SPSS': 1}","['Consistent', 'Versatile', 'Critical Thinking']",['Indifferent'],Yes,Yes,Yes,Pass,Business,12935
Daren Windrum,15/10/2019,"{'C#': 2, 'R': 2, 'C++': 1}","['Patient', 'Altruism', 'Versatile']","['Competitive', 'Impatient', 'Indifferent']",Yes,Yes,No,Fail,Data,12936
Den Roman,17/10/2019,"{'Ruby': 2, 'R': 2}","['Efficient', 'Consistent']","['Undisciplined', 'Anxious']",Yes,Yes,Yes,Pass,Engineering,12937
Katleen Trunks,02/10/2019,"{'Python': 5, 'C#': 1, 'SPSS': 3, 'C++': 2, 'JavaScript': 3}",['Innovative'],"['Perfectionist', 'Overbearing', 'Impulsive']",Yes,Yes,Yes,Pass,Business,12938
Romy Nother,24//10/2019,"{'Java': 3, 'Ruby': 2}",['Passionate'],"['Intolerant', 'Critical', 'Perfectionist']",Yes,No,Yes,Fail,Business,12939
Caria Trillow,15/10/2019,"{'Java': 5, 'Ruby': 3, 'SPSS': 2, 'C++': 5}",['Listening'],"['Stubborn', 'Distracted', 'Chaotic']",Yes,Yes,No,Fail,Engineering,12940
Gail Paffot,02/10/2019,"{'R': 1, 'PHP': 4, 'C++': 5}","['Efficient', 'Ambitious']",['Procrastination'],No,Yes,No,Fail,Business,12941
Candie Senner,01/10/2019,"{'C#': 5, 'Java': 1, 'Ruby': 2, 'SPSS': 1}","['Determined', 'Collaboration']","['Critical', 'Impatient', 'Passive']",Yes,Yes,Yes,Pass,Data,12942
Doe Eisold,09/10/2019,,['Consistent'],"['Chatty', 'Selfish', 'Slow']",Yes,Yes,Yes,Pass,Engineering,12943
Judy Finders,09/10/2019,"{'Python': 1, 'Java': 1, 'R': 1, 'SPSS': 1, 'PHP': 3, 'JavaScript': 1}","['Innovative', 'Problem Solving']","['Chaotic', 'Chatty']",No,Yes,Yes,Fail,Engineering,12944
Ezequiel Cotsford,17/10/2019,"{'C#': 6, 'R': 3, 'SPSS': 3, 'JavaScript': 1}","['Rational', 'Perfectionism']","['Anxious', 'Indecisive', 'Overbearing']",No,Yes,Yes,Fail,Engineering,12945
Adel Cranmor,08/10/2019,"{'Java': 4, 'Ruby': 6, 'R': 3}",['Passionate'],"['Stubborn', 'Passive', 'Distracted']",Yes,Yes,Yes,Pass,Data,12946
Graehme Seamer,30/10/2019,"{'Ruby': 5, 'R': 3}",['Competitive'],"['Procrastination', 'Passive']",Yes,No,Yes,Fail,Business,12947
Graehme Seamer,30/10/2019,"{'Ruby': 5, 'R': 3}",['Competitive'],"['Procrastination', 'Passive']",Yes,No,Yes,Fail,Business,12948
Sadella Dufoure,08/10/2019,"{'Java': 8, 'SPSS': 1, 'C++': 4}","['Empathy', 'Competitive']","['Conventional', 'Chaotic', 'Indecisive']",No,Yes,No,Fail,Business,12949
Hobard Gaynes,10/10/2019,"{'Java': 4, 'R': 2, 'JavaScript': 1}",['Curious'],"['Passive', 'Impulsive']",No,Yes,Yes,Fail,Data,12950
Lelia Shingles,23/10/2019,"{'Ruby': 4, 'R': 3}","['Listening', 'Versatile', 'Empathy']","['Immature', 'Stubborn', 'Perfectionist']",Yes,Yes,Yes,Pass,Business,12951
Pier Spatig,30/10/2019,"{'Python': 2, 'C#': 3}","['Problem Solving', 'Independent', 'Consistent']","['Indifferent', 'Anxious']",Yes,Yes,Yes,Pass,Data,12952
Clevie Bowsher,10/10/2019,"{'C#': 3, 'SPSS': 2, 'C++': 1}",['Courteous'],"['Introverted', 'Overbearing', 'Impatient']",Yes,Yes,Yes,Pass,Business,12953
Winona Carlaw,16/10/2019,"{'Java': 2, 'C++': 4, 'JavaScript': 4}","['Consistent', 'Altruism']",['Introverted'],Yes,Yes,Yes,Pass,Data,12954
Dulcine Duffil,04/09/2019,,"['Determined', 'Collaboration', 'Passionate']",['Selfish'],Yes,Yes,Yes,Pass,Engineering,12955
Sunshine Backshall,24/09/2019,"{'C#': 8, 'R': 2, 'SPSS': 7, 'C++': 2}","['Perfectionism', 'Efficient']","['Conventional', 'Chaotic']",Yes,Yes,Yes,Pass,Data,12956
Manon Clutterham,11/09/2019,"{'SPSS': 7, 'JavaScript': 3}","['Organisation', 'Passionate']",['Intolerant'],Yes,Yes,Yes,Pass,Data,12957
Baird Reynoollds,12/09/2019,"{'Python': 4, 'R': 3, 'JavaScript': 1}","['Ambitious', 'Empathy']","['Critical', 'Impulsive', 'Indecisive']",Yes,Yes,Yes,Pass,Data,12958
Dorri Mcmillian,19/09/2019,{'Java': 3},['Creative'],['Overbearing'],Yes,Yes,Yes,Pass,Engineering,12959
Gifford Ganter,18/09/2019,"{'C#': 3, 'C++': 1}","['Problem Solving', 'Rational', 'Innovative']","['Competitive', 'Stubborn', 'Anxious']",Yes,Yes,Yes,Pass,Engineering,12960
Rickie Burkert,25/09/2019,{'Ruby': 3},['Determined'],['Undisciplined'],Yes,Yes,Yes,Pass,Data,12961
Ramon Hinchcliffe,11/09/2019,"{'Java': 5, 'R': 4, 'JavaScript': 2}",['Empathy'],['Introverted'],Yes,Yes,Yes,Fail,Business,12962
Vivian Syson,04/09/2019,{'Python': 5},"['Passionate', 'Creative', 'Collaboration']","['Chaotic', 'Procrastination']",Yes,Yes,Yes,Pass,Engineering,12963
Herta Stainer,04/09/2019,"{'C#': 1, 'Ruby': 2, 'SPSS': 2, 'PHP': 1}","['Curious', 'Consistent', 'Rational']","['Intolerant', 'Undisciplined']",Yes,Yes,Yes,Pass,Data,12964
Alejandro Broggetti,03/09/2019,"{'Java': 4, 'R': 4, 'C++': 1}","['Composure', 'Collaboration', 'Determined']","['Impatient', 'Overbearing', 'Perfectionist']",Yes,Yes,Yes,Pass,Data,12965
Jenine Ivashkov,11/09/2019,"{'Python': 4, 'C#': 2, 'Java': 2, 'Ruby': 6, 'JavaScript': 2}","['Determined', 'Versatile']",['Conventional'],Yes,Yes,Yes,Pass,Engineering,12966
Weylin Chong,18/09/2019,"{'Java': 3, 'PHP': 4}","['Perfectionism', 'Creative']","['Procrastination', 'Anxious']",Yes,No,Yes,Fail,Data,12967
Duffie Hanscombe,17/09/2019,"{'C#': 5, 'Java': 5}",['Determined'],['Indifferent'],Yes,No,No,Fail,Data,12968
Pebrook Eydel,11/09/2019,"{'C#': 3, 'R': 3}",['Empathy'],['Anxious'],Yes,Yes,Yes,Pass,Business,12969
Simonne Merman,03/09/2019,"{'C#': 3, 'Java': 5, 'R': 5, 'C++': 4}",['Listening'],"['Impulsive', 'Chaotic', 'Indecisive']",Yes,No,Yes,Fail,Engineering,12970
Isacco Matuschek,17/09/2019,"{'Python': 3, 'R': 4, 'PHP': 4, 'JavaScript': 6}","['Ambitious', 'Creative', 'Consistent']","['Distracted', 'Conventional']",Yes,Yes,Yes,Pass,Data,12971
Dorice Slides,18/09/2019,"{'Python': 3, 'PHP': 4}",['Organisation'],['Selfish'],Yes,Yes,Yes,Pass,Business,12972
Fernando Howchin,12/09/2019,"{'C#': 3, 'PHP': 2, 'JavaScript': 1}","['Organisation', 'Curious', 'Competitive']","['Chatty', 'Critical']",Yes,Yes,Yes,Pass,Data,12973
Omero Shill,04/09/2019,"{'R': 4, 'PHP': 4}",['Ambitious'],['Sensitive'],Yes,Yes,Yes,Pass,Business,12974
Zorah Grasser,19/09/2019,"{'Python': 2, 'C#': 4}","['Independent', 'Reliable']",['Conventional'],Yes,Yes,Yes,Pass,Engineering,12975
Sumner Kop,18/09/2019,{'R': 4},"['Critical Thinking', 'Patient']","['Distracted', 'Stubborn', 'Perfectionist']",No,Yes,Yes,Fail,Data,12976
Dana Boldra,19/09/2019,"{'Java': 2, 'Ruby': 3}","['Composure', 'Perfectionism', 'Listening']","['Competitive', 'Controlling', 'Indifferent']",Yes,Yes,No,Fail,Data,12977
Delmore Mcknish,18/09/2019,"{'Java': 2, 'JavaScript': 4}","['Charisma', 'Passionate', 'Versatile']","['Competitive', 'Procrastination']",Yes,No,Yes,Fail,Engineering,12978
Schuyler Mckimm,18/09/2019,"{'C#': 1, 'SPSS': 6, 'PHP': 3, 'C++': 5, 'JavaScript': 2}",['Perfectionism'],"['Competitive', 'Introverted', 'Procrastination']",Yes,Yes,Yes,Pass,Engineering,12979
Andriana Dunniom,25/09/2019,"{'Python': 2, 'Ruby': 1}",['Creative'],['Undisciplined'],No,Yes,Yes,Fail,Engineering,12980
Sherwin Mcilwraith,25/09/2019,"{'Java': 3, 'R': 4, 'JavaScript': 3}","['Versatile', 'Independent']","['Intolerant', 'Introverted']",Yes,Yes,Yes,Pass,Business,12981
Barton Harpin,12/09/2019,"{'C#': 4, 'Ruby': 6}",['Reliable'],"['Indecisive', 'Slow', 'Critical']",Yes,Yes,No,Fail,Engineering,12982
Iolande Trevers,25/09/2019,"{'Python': 1, 'PHP': 2, 'C++': 2}","['Creative', 'Ambitious', 'Consistent']","['Intolerant', 'Distracted', 'Conventional']",Yes,No,Yes,Fail,Engineering,12983
Vachel Caren,04/09/2019,"{'C#': 1, 'SPSS': 2, 'JavaScript': 2}",['Critical Thinking'],"['Conventional', 'Immature']",Yes,Yes,No,Fail,Business,12984
Oralla Copelli,25/09/2019,{'C++': 7},['Collaboration'],"['Indecisive', 'Chatty', 'Sensitive']",Yes,Yes,Yes,Pass,Business,12985
Donovan Whistan,18/09/2019,"{'R': 2, 'SPSS': 4}","['Altruism', 'Rational', 'Versatile']","['Indifferent', 'Overbearing', 'Selfish']",Yes,Yes,Yes,Pass,Engineering,12986
Vinson Trappe,26/09/2019,"{'Python': 3, 'Ruby': 3, 'C++': 2, 'JavaScript': 1}",['Composure'],['Indecisive'],Yes,Yes,Yes,Pass,Data,12987
Ruperta Illesley,26/09/2019,"{'Python': 2, 'C#': 3, 'PHP': 1}","['Curious', 'Determined']","['Immature', 'Anxious']",Yes,No,No,Fail,Engineering,12988
Chrissy Bartholin,11/09/2019,,['Versatile'],"['Chaotic', 'Anxious']",Yes,Yes,Yes,Pass,Data,12989
Marsha Coulter,10/09/2019,"{'C#': 1, 'PHP': 6}","['Passionate', 'Competitive']",['Indifferent'],Yes,Yes,Yes,Pass,Business,12990
Arvy Myrkus,05//09/2019,"{'Python': 5, 'C#': 1, 'Ruby': 1}","['Creative', 'Patient', 'Collaboration']","['Immature', 'Chatty']",Yes,Yes,Yes,Fail,Engineering,12991
Jere Amor,11/09/2019,"{'Java': 1, 'JavaScript': 7}","['Problem Solving', 'Rational', 'Efficient']",['Indifferent'],Yes,Yes,Yes,Pass,Data,12992
Adah Silverton,17/09/2019,"{'Python': 4, 'PHP': 1, 'C++': 1}","['Innovative', 'Composure', 'Perfectionism']","['Distracted', 'Anxious', 'Chaotic']",Yes,Yes,Yes,Fail,Business,12993
Amanda Lill,11/09/2019,"{'Python': 1, 'R': 5, 'SPSS': 1, 'PHP': 3}",['Charisma'],"['Overbearing', 'Chatty']",Yes,Yes,No,Fail,Data,12994
Corabella Abells,05/09/2019,"{'Python': 1, 'C#': 3, 'Java': 2}","['Ambitious', 'Creative']","['Chaotic', 'Impatient', 'Indifferent']",Yes,Yes,Yes,Pass,Data,12995
Sherie Veregan,05/09/2019,"{'Python': 2, 'Java': 5, 'Ruby': 1, 'SPSS': 5, 'JavaScript': 2}","['Versatile', 'Composure', 'Altruism']","['Passive', 'Undisciplined']",Yes,Yes,Yes,Pass,Data,12996
Armando Schirak,04/09/2019,"{'Python': 5, 'C#': 1, 'Ruby': 1, 'R': 1}","['Efficient', 'Problem Solving']",['Competitive'],Yes,Yes,Yes,Pass,Engineering,12997
Norene Dericut,10/09/2019,"{'Java': 2, 'Ruby': 1, 'R': 2, 'C++': 3}",['Creative'],['Perfectionist'],Yes,Yes,Yes,Pass,Engineering,12998
Had Veazey,18/09/2019,"{'C#': 1, 'Ruby': 5, 'SPSS': 2}",['Innovative'],"['Chaotic', 'Competitive', 'Slow']",Yes,Yes,Yes,Pass,Engineering,12999
Fiona Sandle,11/09/2019,"{'Ruby': 6, 'SPSS': 6, 'C++': 4, 'JavaScript': 2}",['Competitive'],['Passive'],Yes,Yes,Yes,Pass,Engineering,13000
Immanuel Valek,04/09/2019,"{'Python': 2, 'SPSS': 5, 'PHP': 3, 'C++': 5}",['Altruism'],"['Chatty', 'Controlling']",Yes,No,Yes,Fail,Engineering,13001
Sven Antonescu,18/09/2019,"{'Python': 5, 'R': 2, 'SPSS': 5}",['Courteous'],"['Distracted', 'Introverted', 'Critical']",Yes,Yes,Yes,Pass,Engineering,13002
Fifi Kingsly,26/09/2019,"{'C#': 3, 'Java': 5, 'C++': 1}","['Listening', 'Versatile']","['Impatient', 'Stubborn']",Yes,Yes,Yes,Pass,Business,13003
Malina Casaccia,11/09/2019,"{'Python': 3, 'Java': 6, 'R': 2}",['Collaboration'],['Intolerant'],Yes,Yes,No,Fail,Engineering,13004
Cristal Jeans,17/09/2019,"{'Python': 4, 'Java': 3, 'JavaScript': 4}","['Versatile', 'Ambitious']",['Indecisive'],Yes,Yes,Yes,Pass,Engineering,13005
Chilton Paladino,05/09/2019,"{'C#': 1, 'SPSS': 3}","['Independent', 'Critical Thinking']","['Indifferent', 'Indecisive', 'Distracted']",No,Yes,Yes,Fail,Data,13006
Dale Fewlass,10/09/2019,"{'C#': 2, 'Java': 4}","['Collaboration', 'Charisma']",['Critical'],No,Yes,No,Fail,Business,13007
Matelda Chastenet,12/09/2019,"{'Python': 1, 'C#': 4, 'Java': 4, 'R': 3, 'PHP': 2, 'C++': 6}",['Empathy'],['Procrastination'],Yes,Yes,Yes,Pass,Data,13008
Shamus Attenbarrow,12/09/2019,"{'Python': 3, 'R': 3, 'PHP': 3, 'C++': 4}","['Collaboration', 'Perfectionism', 'Patient']","['Introverted', 'Impatient', 'Distracted']",No,Yes,Yes,Fail,Data,13009
Wilfred Godwyn,10/09/2019,"{'C#': 4, 'Ruby': 5, 'PHP': 2, 'C++': 6, 'JavaScript': 3}",['Consistent'],['Chaotic'],Yes,No,Yes,Fail,Engineering,13010
Grazia Macginney,18/09/2019,"{'C#': 5, 'Ruby': 3, 'JavaScript': 3}","['Critical Thinking', 'Passionate']",['Slow'],Yes,Yes,Yes,Pass,Business,13011
Erek Chadney,19/09/2019,"{'Java': 5, 'Ruby': 2, 'R': 2}","['Critical Thinking', 'Curious', 'Collaboration']",['Procrastination'],Yes,Yes,Yes,Pass,Data,13012
Ruby Larciere,17/09/2019,"{'Ruby': 5, 'SPSS': 4, 'JavaScript': 2}","['Courteous', 'Empathy', 'Creative']","['Chaotic', 'Controlling', 'Perfectionist']",Yes,Yes,Yes,Pass,Engineering,13013
Aila Longo,03/09/2019,"{'R': 2, 'PHP': 1, 'JavaScript': 3}","['Perfectionism', 'Problem Solving', 'Ambitious']","['Impulsive', 'Perfectionist']",Yes,Yes,Yes,Pass,Data,13014
Damon Thompson,03/09/2019,{'C#': 4},"['Organisation', 'Independent']",['Procrastination'],Yes,Yes,Yes,Pass,Engineering,13015
Aldwin Ginman,18/09/2019,{'C++': 6},"['Critical Thinking', 'Independent', 'Efficient']","['Slow', 'Indecisive']",Yes,Yes,Yes,Pass,Data,13016
Wolfie Macieja,17/09/2019,{'JavaScript': 4},"['Passionate', 'Composure', 'Rational']","['Undisciplined', 'Critical']",Yes,Yes,Yes,Pass,Engineering,13017
Andreas Mehmet,11/09/2019,"{'Python': 2, 'C#': 1, 'Ruby': 1, 'R': 3}","['Listening', 'Competitive', 'Ambitious']",['Overbearing'],Yes,Yes,Yes,Pass,Engineering,13018
Elvina Judd,25/09/2019,"{'C#': 5, 'Ruby': 1, 'JavaScript': 6}",['Efficient'],"['Controlling', 'Procrastination']",Yes,Yes,Yes,Pass,Business,13019
Eimile Jobey,25/09/2019,"{'C++': 6, 'JavaScript': 1}","['Critical Thinking', 'Altruism', 'Passionate']","['Selfish', 'Competitive']",Yes,Yes,No,Fail,Engineering,13020
Salmon Blinder,18/09/2019,"{'Python': 1, 'R': 2, 'PHP': 4, 'C++': 2, 'JavaScript': 3}",['Determined'],['Critical'],Yes,Yes,Yes,Pass,Engineering,13021
Irvine Harmson,10/09/2019,"{'Python': 1, 'Ruby': 6, 'SPSS': 2, 'C++': 4}","['Independent', 'Courteous', 'Versatile']",['Procrastination'],Yes,Yes,Yes,Pass,Business,13022
Loria Menlow,12/09/2019,"{'C#': 1, 'Ruby': 6, 'PHP': 4}",['Problem Solving'],"['Intolerant', 'Chaotic', 'Distracted']",Yes,Yes,Yes,Pass,Business,13023
Leyla Threadgold,10/09/2019,"{'C#': 3, 'Ruby': 1, 'R': 1}","['Critical Thinking', 'Problem Solving']",['Perfectionist'],Yes,Yes,Yes,Pass,Data,13024
Davidde Tuohy,17/09/2019,,"['Critical Thinking', 'Competitive', 'Listening']","['Chatty', 'Immature', 'Undisciplined']",No,Yes,Yes,Fail,Business,13025
Keefe Mirfin,11/09/2019,"{'Python': 1, 'Java': 6, 'R': 3, 'SPSS': 4, 'JavaScript': 1}","['Collaboration', 'Efficient']","['Passive', 'Procrastination']",Yes,Yes,Yes,Pass,Business,13026
Trish Cuxon,03/09/2019,"{'Python': 3, 'Ruby': 1, 'C++': 5, 'JavaScript': 7}","['Organisation', 'Independent']","['Impulsive', 'Undisciplined']",No,Yes,Yes,Fail,Data,13027
Wyatt Trippack,11/09/2019,"{'Java': 1, 'JavaScript': 2}","['Critical Thinking', 'Problem Solving', 'Charisma']",['Intolerant'],Yes,Yes,Yes,Pass,Data,13028
Otes Kemster,17/09/2019,"{'Ruby': 2, 'R': 7}","['Collaboration', 'Curious']","['Competitive', 'Controlling']",Yes,Yes,Yes,Pass,Data,13029
Ethelred Cartman,10/09/2019,"{'C#': 6, 'Ruby': 2, 'PHP': 3}",['Independent'],['Stubborn'],Yes,Yes,Yes,Pass,Engineering,13030
Marius De Rechter,05/09/2019,"{'Python': 5, 'C#': 1, 'Java': 1, 'PHP': 1}","['Creative', 'Organisation']","['Overbearing', 'Critical', 'Intolerant']",Yes,No,No,Fail,Business,13031
Arleyne Witch,26/09/2019,"{'Python': 2, 'Java': 3, 'PHP': 3}","['Rational', 'Reliable', 'Critical Thinking']","['Distracted', 'Slow', 'Procrastination']",Yes,Yes,Yes,Pass,Data,13032
Lanni Lavis,26/09/2019,"{'C#': 3, 'Java': 4, 'PHP': 2}","['Patient', 'Charisma']",['Slow'],Yes,Yes,Yes,Pass,Engineering,13033
Jenilee Albury,19/09/2019,"{'C#': 6, 'Ruby': 7, 'SPSS': 1}","['Perfectionism', 'Empathy']",['Intolerant'],Yes,Yes,Yes,Pass,Data,13034
Llywellyn Beckitt,24/09/2019,"{'Python': 3, 'PHP': 2, 'C++': 1}","['Curious', 'Independent', 'Versatile']","['Intolerant', 'Passive', 'Impatient']",Yes,Yes,Yes,Pass,Engineering,13035
Brendan Tithecott,17/09/2019,"{'Python': 2, 'Ruby': 3, 'SPSS': 5, 'PHP': 3, 'JavaScript': 2}","['Rational', 'Consistent']",['Passive'],Yes,Yes,Yes,Pass,Business,13036
Jacinthe Packham,17/09/2019,"{'Python': 3, 'C#': 2, 'SPSS': 2}","['Competitive', 'Creative', 'Patient']","['Selfish', 'Impatient']",Yes,Yes,No,Fail,Engineering,13037
Tadio Colloby,24/09/2019,"{'Ruby': 1, 'SPSS': 1, 'C++': 1, 'JavaScript': 4}",['Altruism'],"['Impulsive', 'Slow']",Yes,Yes,Yes,Pass,Business,13038
Dietrich Sabater,11/09/2019,"{'Python': 3, 'Ruby': 4, 'SPSS': 1, 'C++': 4, 'JavaScript': 4}","['Listening', 'Perfectionism', 'Patient']","['Stubborn', 'Intolerant', 'Slow']",Yes,Yes,Yes,Pass,Data,13039
Baldwin Macbey,10/09/2019,"{'Python': 3, 'C#': 1, 'Java': 7, 'Ruby': 3, 'R': 2, 'PHP': 2}","['Empathy', 'Perfectionism', 'Ambitious']","['Impatient', 'Selfish', 'Indecisive']",Yes,Yes,Yes,Pass,Business,13040
Dotti Crauford,24/09/2019,"{'Python': 3, 'Java': 3, 'SPSS': 3}","['Passionate', 'Problem Solving', 'Consistent']","['Competitive', 'Sensitive']",Yes,Yes,Yes,Pass,Engineering,13041
Torrence Lanegran,10/09/2019,"{'Java': 4, 'Ruby': 4, 'R': 1, 'C++': 1}",['Ambitious'],['Impulsive'],Yes,Yes,Yes,Pass,Data,13042
Lurline Souness,24/09/2019,"{'Python': 5, 'C#': 3, 'Ruby': 2, 'JavaScript': 6}","['Ambitious', 'Patient', 'Reliable']",['Chaotic'],Yes,Yes,Yes,Fail,Data,13043
Pennie Crookshanks,26/09/2019,"{'C#': 5, 'Java': 2, 'Ruby': 2, 'SPSS': 3, 'JavaScript': 2}","['Reliable', 'Patient', 'Listening']",['Immature'],Yes,Yes,Yes,Pass,Data,13044
Wyn Tebb,03/09/2019,"{'Python': 1, 'Ruby': 4, 'C++': 4, 'JavaScript': 3}","['Perfectionism', 'Curious', 'Composure']","['Immature', 'Impatient']",Yes,Yes,No,Fail,Engineering,13045
Buiron Hoofe,26/09/2019,"{'R': 3, 'C++': 3}","['Versatile', 'Determined']","['Passive', 'Stubborn']",Yes,Yes,Yes,Pass,Business,13046
Toma Perrat,03/09/2019,"{'Ruby': 2, 'R': 3, 'C++': 3, 'JavaScript': 3}","['Determined', 'Versatile']","['Impulsive', 'Procrastination']",Yes,Yes,Yes,Pass,Engineering,13047
Cherlyn Mclaverty,19/09/2019,"{'Python': 3, 'Ruby': 2, 'R': 3}","['Composure', 'Organisation', 'Efficient']","['Stubborn', 'Passive', 'Immature']",Yes,No,Yes,Fail,Data,13048
Dorothea Bidnall,11/09/2019,"{'Python': 2, 'C#': 4, 'Ruby': 5}","['Efficient', 'Problem Solving', 'Curious']","['Indifferent', 'Controlling', 'Critical']",Yes,Yes,Yes,Pass,Data,13049
Yorgos Dockery,03/09/2019,"{'Python': 2, 'Ruby': 3, 'PHP': 3}",['Consistent'],['Conventional'],Yes,Yes,Yes,Fail,Data,13050
Vance Fey,04/09/2019,{'SPSS': 4},['Independent'],['Chaotic'],Yes,Yes,Yes,Pass,Engineering,13051
Kahaleel Tatem,18/09/2019,"{'Ruby': 3, 'SPSS': 1, 'C++': 1, 'JavaScript': 3}",['Curious'],['Chatty'],Yes,Yes,Yes,Pass,Data,13052
Renie Ellin,11/09/2019,"{'Ruby': 1, 'SPSS': 3, 'JavaScript': 1}","['Rational', 'Altruism', 'Independent']","['Stubborn', 'Overbearing', 'Chatty']",Yes,No,Yes,Fail,Data,13053
Bevon Clayworth,17//09/2019,"{'Ruby': 7, 'JavaScript': 4}","['Consistent', 'Reliable', 'Determined']","['Conventional', 'Impatient', 'Perfectionist']",Yes,Yes,Yes,Pass,Data,13054
Erek O'Doran,18/09/2019,"{'Python': 2, 'C#': 3, 'Java': 2, 'SPSS': 2, 'C++': 6, 'JavaScript': 1}","['Composure', 'Curious', 'Reliable']",['Conventional'],Yes,No,Yes,Fail,Business,13055
Anestassia Gadman,25/09/2019,"{'Java': 6, 'SPSS': 4}",['Listening'],"['Impulsive', 'Competitive', 'Indifferent']",Yes,Yes,Yes,Pass,Data,13056
Patric Goult,10/09/2019,"{'C#': 3, 'Java': 3, 'JavaScript': 6}",['Composure'],['Critical'],Yes,Yes,Yes,Pass,Data,13057
Keelia Beine,05/09/2019,"{'C#': 2, 'Ruby': 5, 'PHP': 4}","['Critical Thinking', 'Determined']","['Overbearing', 'Distracted', 'Indifferent']",Yes,Yes,Yes,Pass,Engineering,13058
Rayshell Balfe,26/09/2019,"{'Python': 6, 'C#': 3, 'SPSS': 1, 'C++': 2}","['Curious', 'Creative']","['Immature', 'Indecisive', 'Introverted']",Yes,Yes,Yes,Pass,Business,13059
Gery Marchment,11/09/2019,"{'Ruby': 3, 'PHP': 1}","['Organisation', 'Innovative', 'Curious']",['Passive'],Yes,Yes,Yes,Pass,Business,13060
Manfred Swyer-Sexey,04/09/2019,{'C++': 1},['Efficient'],"['Distracted', 'Indecisive']",Yes,No,Yes,Fail,Data,13061
Philomena Cessford,17/09/2019,"{'Python': 5, 'Java': 4, 'JavaScript': 5}",['Charisma'],"['Perfectionist', 'Selfish', 'Chaotic']",Yes,Yes,Yes,Fail,Engineering,13062
Dollie Stailey,05/09/2019,{'Ruby': 4},['Empathy'],"['Undisciplined', 'Conventional']",Yes,Yes,Yes,Pass,Business,13063
Lucina Banaszewski,26/09/2019,"{'C#': 4, 'SPSS': 1, 'PHP': 4}","['Creative', 'Rational']","['Controlling', 'Anxious', 'Chatty']",Yes,Yes,Yes,Pass,Data,13064
Webster Hanratty,04/09/2019,"{'C#': 4, 'Java': 3, 'Ruby': 1, 'R': 6, 'C++': 5, 'JavaScript': 3}",['Altruism'],['Controlling'],No,Yes,Yes,Fail,Engineering,13065
Jennine Erni,10/09/2019,"{'C#': 2, 'Java': 2, 'R': 6, 'SPSS': 1}",['Problem Solving'],"['Conventional', 'Introverted', 'Impulsive']",Yes,Yes,Yes,Pass,Engineering,13066
Carter Kingswold,19/09/2019,"{'Java': 2, 'R': 2, 'SPSS': 3}","['Versatile', 'Empathy', 'Reliable']","['Indifferent', 'Impulsive', 'Chatty']",Yes,Yes,Yes,Pass,Engineering,13067
Reg Gaines,25/09/2019,"{'Python': 1, 'C#': 1, 'PHP': 1, 'C++': 2, 'JavaScript': 1}",['Independent'],"['Anxious', 'Impatient', 'Introverted']",Yes,Yes,No,Fail,Data,13068
Kippy Dallon,03/09/2019,,"['Determined', 'Organisation', 'Problem Solving']",['Competitive'],Yes,Yes,Yes,Pass,Data,13069
Camellia Bette,03/09/2019,"{'C#': 2, 'Java': 3, 'Ruby': 3, 'R': 1, 'SPSS': 3}","['Patient', 'Independent', 'Composure']","['Sensitive', 'Critical', 'Chaotic']",Yes,Yes,Yes,Pass,Engineering,13070
Darya Delafont,25/09/2019,"{'Java': 5, 'PHP': 2, 'C++': 4}",['Critical Thinking'],"['Intolerant', 'Selfish', 'Impatient']",Yes,Yes,Yes,Pass,Data,13071
Myrta Tissell,25/09/2019,,"['Perfectionism', 'Passionate', 'Altruism']",['Slow'],Yes,Yes,Yes,Pass,Engineering,13072
Fiona Goodboddy,17/09/2019,"{'C#': 1, 'C++': 2, 'JavaScript': 6}",['Reliable'],"['Intolerant', 'Impulsive']",Yes,Yes,Yes,Pass,Data,13073
Glynnis Wicken,10/09/2019,"{'Ruby': 2, 'R': 2, 'SPSS': 2, 'C++': 5}","['Rational', 'Perfectionism', 'Reliable']","['Competitive', 'Conventional']",Yes,No,Yes,Fail,Engineering,13074
Hillary Thouless,11/09/2019,{'C#': 3},['Reliable'],"['Passive', 'Chaotic']",No,Yes,Yes,Fail,Data,13075
Myrvyn Jealous,05/09/2019,"{'Python': 6, 'R': 1, 'C++': 2, 'JavaScript': 2}","['Efficient', 'Competitive', 'Listening']","['Controlling', 'Competitive']",Yes,Yes,No,Fail,Engineering,13076
Stephine Kirton,10/09/2019,"{'Java': 5, 'SPSS': 4, 'C++': 1}","['Problem Solving', 'Perfectionism']","['Controlling', 'Overbearing', 'Conventional']",Yes,Yes,Yes,Pass,Data,13077
Agnella Dairton,24/09/2019,"{'Python': 3, 'C#': 1, 'Ruby': 1, 'JavaScript': 4}","['Independent', 'Determined']",['Controlling'],Yes,Yes,Yes,Pass,Engineering,13078
Bryant Losseljong,04/09/2019,"{'Ruby': 3, 'SPSS': 3, 'PHP': 2}","['Innovative', 'Consistent', 'Perfectionism']",['Stubborn'],Yes,Yes,Yes,Pass,Business,13079
Carroll Treasaden,10/09/2019,"{'Ruby': 5, 'PHP': 4}",['Curious'],"['Impulsive', 'Selfish', 'Impatient']",Yes,Yes,No,Fail,Data,13080
Riva Mangeot,10/09/2019,"{'C#': 3, 'C++': 4, 'JavaScript': 1}","['Efficient', 'Collaboration', 'Rational']","['Overbearing', 'Chaotic']",Yes,Yes,Yes,Pass,Business,13081
Boniface Tansley,17/09/2019,"{'C#': 1, 'Ruby': 4, 'R': 4, 'PHP': 1, 'JavaScript': 3}","['Efficient', 'Empathy', 'Courteous']",['Introverted'],Yes,Yes,Yes,Pass,Engineering,13082
Mariel Bartel,11/09/2019,"{'C#': 5, 'Java': 4, 'Ruby': 3, 'R': 6, 'PHP': 1, 'JavaScript': 2}","['Charisma', 'Reliable', 'Curious']",['Chatty'],Yes,Yes,Yes,Pass,Business,13083
Arabella Walklate,03/09/2019,"{'Python': 3, 'Ruby': 3}",['Patient'],"['Indecisive', 'Selfish', 'Chatty']",No,Yes,Yes,Fail,Data,13084
Lilias Mc Gorley,10/09/2019,{'SPSS': 3},['Listening'],"['Slow', 'Undisciplined', 'Immature']",Yes,Yes,Yes,Pass,Data,13085
Dasi Goldston,05/09/2019,,['Empathy'],"['Competitive', 'Perfectionist', 'Conventional']",No,Yes,Yes,Fail,Business,13086
Bella Durtnal,26//09/2019,"{'Python': 3, 'R': 1}","['Rational', 'Empathy']","['Undisciplined', 'Slow']",Yes,Yes,Yes,Pass,Data,13087
Blane Manderson,17/09/2019,"{'Python': 3, 'C++': 4}","['Charisma', 'Rational', 'Innovative']",['Slow'],Yes,Yes,No,Fail,Engineering,13088
Sasha Macgaughy,05/09/2019,"{'Java': 2, 'PHP': 2, 'C++': 2}","['Perfectionism', 'Patient', 'Curious']","['Overbearing', 'Indifferent']",Yes,Yes,Yes,Fail,Data,13089
Millicent Buchanan,12/09/2019,"{'Python': 2, 'Ruby': 3, 'SPSS': 4}","['Organisation', 'Composure']",['Indifferent'],Yes,Yes,Yes,Pass,Data,13090
Dion Eccersley,24/09/2019,"{'Python': 5, 'Java': 4, 'Ruby': 2, 'R': 5}","['Charisma', 'Determined', 'Ambitious']","['Conventional', 'Controlling', 'Indifferent']",No,Yes,Yes,Fail,Business,13091
Bradan Wickman,19/09/2019,"{'C#': 3, 'Java': 2, 'R': 5, 'PHP': 3, 'C++': 4}",['Curious'],"['Controlling', 'Passive']",Yes,No,Yes,Fail,Data,13092
Doralia Deackes,24/09/2019,{'C++': 1},"['Listening', 'Organisation']","['Controlling', 'Selfish']",Yes,Yes,Yes,Pass,Business,13093
Reynard Ilyenko,18/09/2019,"{'Python': 8, 'R': 4}","['Versatile', 'Determined', 'Innovative']","['Conventional', 'Distracted']",Yes,Yes,Yes,Pass,Data,13094
Babara Veazey,26/09/2019,"{'C#': 2, 'JavaScript': 3}","['Composure', 'Independent']","['Stubborn', 'Intolerant']",Yes,Yes,Yes,Pass,Data,13095
Teodora Whaplington,11/09/2019,"{'Python': 3, 'PHP': 1}",['Reliable'],"['Impatient', 'Perfectionist']",Yes,Yes,Yes,Pass,Business,13096
Porty Du Plantier,19/09/2019,"{'Python': 5, 'Java': 4, 'Ruby': 4}","['Problem Solving', 'Ambitious']",['Overbearing'],Yes,No,No,Fail,Business,13097
Elfrida Reece,11/09/2019,"{'Java': 4, 'SPSS': 4, 'PHP': 3, 'C++': 2}","['Collaboration', 'Empathy', 'Competitive']","['Stubborn', 'Indecisive', 'Undisciplined']",Yes,Yes,Yes,Pass,Engineering,13098
Lisle Stolli,18/09/2019,{'Ruby': 3},"['Collaboration', 'Versatile', 'Listening']","['Passive', 'Indecisive']",Yes,Yes,Yes,Fail,Data,13099
Minnie Gittose,19/09/2019,"{'Python': 1, 'C#': 4, 'Java': 6, 'C++': 1}","['Organisation', 'Efficient', 'Charisma']","['Intolerant', 'Critical']",Yes,Yes,Yes,Pass,Business,13100
Jillian Wenn,11/09/2019,"{'Java': 1, 'C++': 2}","['Competitive', 'Empathy']",['Conventional'],Yes,Yes,Yes,Pass,Engineering,13101
Gene Levens,24/09/2019,"{'Python': 1, 'Java': 5, 'Ruby': 6}","['Organisation', 'Innovative', 'Independent']","['Passive', 'Indifferent', 'Selfish']",Yes,Yes,Yes,Pass,Engineering,13102
Gerta Leonards,25/09/2019,"{'SPSS': 3, 'C++': 4, 'JavaScript': 3}","['Courteous', 'Collaboration', 'Versatile']","['Intolerant', 'Perfectionist', 'Controlling']",Yes,Yes,Yes,Pass,Business,13103
Aleen Mckeurton,25/09/2019,"{'C#': 2, 'SPSS': 4, 'C++': 1}",['Patient'],['Overbearing'],Yes,Yes,Yes,Pass,Business,13104
Prudi Bernardon,25/09/2019,{'R': 4},"['Empathy', 'Creative']",['Indifferent'],Yes,Yes,Yes,Pass,Business,13105
Elsa Woonton,11/09/2019,"{'C#': 2, 'Java': 4, 'SPSS': 5}","['Independent', 'Critical Thinking']","['Introverted', 'Critical']",Yes,Yes,Yes,Pass,Engineering,13106
Constantine Caslett,17/09/2019,"{'Ruby': 3, 'SPSS': 1, 'PHP': 1, 'C++': 3}","['Altruism', 'Charisma']","['Impulsive', 'Competitive']",Yes,Yes,Yes,Pass,Engineering,13107
Lilly Andreasen,26/09/2019,{'Python': 2},"['Determined', 'Curious', 'Organisation']",['Indecisive'],Yes,Yes,Yes,Pass,Engineering,13108
Merola Jancey,05/09/2019,"{'SPSS': 7, 'JavaScript': 1}","['Collaboration', 'Perfectionism']","['Passive', 'Critical']",No,No,No,Fail,Business,13109
Keene Slimm,17/09/2019,"{'C#': 3, 'Java': 6}","['Ambitious', 'Collaboration']","['Immature', 'Stubborn', 'Perfectionist']",Yes,Yes,Yes,Pass,Engineering,13110
Sibylle Juris,17/09/2019,{'Python': 2},"['Reliable', 'Courteous', 'Passionate']","['Chaotic', 'Sensitive']",Yes,No,Yes,Fail,Data,13111
Prescott Turpey,25/09/2019,"{'Python': 2, 'C#': 4, 'R': 4, 'C++': 5}","['Listening', 'Efficient']",['Slow'],No,Yes,No,Fail,Engineering,13112
Zondra Fippe,17/09/2019,"{'Python': 2, 'C#': 2, 'Java': 3, 'Ruby': 4, 'R': 3, 'JavaScript': 3}","['Perfectionism', 'Empathy', 'Altruism']",['Undisciplined'],Yes,Yes,Yes,Pass,Business,13113
Kris Balassi,04/09/2019,"{'Ruby': 8, 'R': 3, 'PHP': 2, 'C++': 5}","['Composure', 'Independent']","['Indifferent', 'Slow']",Yes,Yes,No,Fail,Engineering,13114
Kendall Daughtrey,17/09/2019,"{'Python': 5, 'Ruby': 4, 'JavaScript': 2}",['Creative'],"['Perfectionist', 'Overbearing', 'Anxious']",Yes,Yes,Yes,Pass,Engineering,13115
Chevalier Eykelbosch,12/09/2019,"{'Java': 7, 'C++': 3}","['Courteous', 'Organisation', 'Competitive']","['Indifferent', 'Passive', 'Competitive']",Yes,Yes,Yes,Pass,Business,13116
Claiborne Jesper,19/09/2019,,['Collaboration'],"['Intolerant', 'Impulsive', 'Controlling']",Yes,Yes,Yes,Pass,Engineering,13117
Garrard Keward,10/09/2019,"{'Python': 4, 'Ruby': 1, 'PHP': 1, 'JavaScript': 1}","['Collaboration', 'Perfectionism']",['Intolerant'],Yes,Yes,Yes,Pass,Data,13118
Husein Gartside,19/09/2019,"{'Python': 2, 'C#': 5, 'Java': 3, 'C++': 2}","['Passionate', 'Empathy']","['Critical', 'Competitive']",Yes,Yes,Yes,Pass,Business,13119
Silas Blowin,19/09/2019,"{'Java': 3, 'SPSS': 1, 'PHP': 1}","['Organisation', 'Reliable']","['Anxious', 'Controlling']",No,Yes,No,Fail,Engineering,13120
Silas Blowin,19/09/2019,"{'Java': 3, 'SPSS': 1, 'PHP': 1}","['Organisation', 'Reliable']","['Anxious', 'Controlling']",No,Yes,No,Fail,Engineering,13121
Rachele Shaplin,11/09/2019,"{'Python': 2, 'C#': 1, 'PHP': 5, 'C++': 6}","['Ambitious', 'Innovative', 'Problem Solving']","['Chaotic', 'Overbearing']",Yes,Yes,Yes,Pass,Business,13122
Auria Shafto,19/09/2019,"{'Python': 5, 'C#': 5, 'Java': 1, 'R': 2}","['Problem Solving', 'Rational', 'Curious']",['Anxious'],Yes,Yes,Yes,Fail,Engineering,13123
Collin Commins,10/09/2019,"{'Python': 7, 'Ruby': 5, 'R': 3, 'SPSS': 5, 'JavaScript': 2}","['Consistent', 'Charisma']","['Immature', 'Critical']",Yes,Yes,Yes,Pass,Data,13124
Merwyn Bremeyer,11/09/2019,"{'Python': 3, 'Java': 4, 'PHP': 2, 'C++': 4, 'JavaScript': 4}","['Innovative', 'Courteous', 'Listening']","['Selfish', 'Critical', 'Impatient']",No,Yes,Yes,Fail,Data,13125
Nona Coghlan,04/09/2019,"{'Python': 1, 'PHP': 2, 'C++': 1}","['Curious', 'Innovative']","['Indecisive', 'Impulsive', 'Perfectionist']",Yes,Yes,Yes,Pass,Engineering,13126
Whitney Hadlee,05/09/2019,"{'Python': 4, 'Java': 3, 'SPSS': 2}",['Passionate'],"['Stubborn', 'Immature']",Yes,Yes,Yes,Pass,Business,13127
Dunc Smallacombe,24/09/2019,"{'Python': 7, 'SPSS': 4, 'PHP': 1}","['Versatile', 'Efficient']","['Impulsive', 'Intolerant', 'Sensitive']",Yes,Yes,No,Fail,Business,13128
Danni Gurdon,11/09/2019,"{'Python': 1, 'SPSS': 3, 'JavaScript': 6}","['Independent', 'Empathy']",['Undisciplined'],Yes,Yes,Yes,Pass,Business,13129
Averill Pickance,17/09/2019,"{'Java': 8, 'JavaScript': 8}",['Independent'],"['Impatient', 'Conventional', 'Immature']",Yes,No,Yes,Fail,Engineering,13130
Reta Blais,24/09/2019,{'C++': 4},['Reliable'],"['Selfish', 'Overbearing', 'Undisciplined']",Yes,No,Yes,Fail,Business,13131
Casey Putten,05/09/2019,"{'Python': 5, 'C#': 1, 'R': 3, 'SPSS': 1, 'C++': 1, 'JavaScript': 5}",['Competitive'],"['Perfectionist', 'Critical', 'Undisciplined']",Yes,Yes,Yes,Pass,Business,13132
Patricio Stenet,17/09/2019,"{'C#': 2, 'SPSS': 1, 'JavaScript': 3}",['Determined'],"['Chaotic', 'Stubborn', 'Impulsive']",Yes,Yes,Yes,Fail,Data,13133
Russell Sherebrook,05/09/2019,"{'C#': 1, 'SPSS': 5, 'PHP': 1}","['Versatile', 'Innovative']",['Intolerant'],Yes,Yes,Yes,Pass,Engineering,13134
Dolly Casaro,24/09/2019,"{'Java': 3, 'Ruby': 3}","['Organisation', 'Charisma']","['Competitive', 'Stubborn', 'Immature']",Yes,Yes,Yes,Fail,Data,13135
Penny Trathen,12/09/2019,"{'Python': 4, 'Java': 2, 'R': 3}","['Creative', 'Perfectionism', 'Versatile']","['Impatient', 'Slow', 'Procrastination']",Yes,No,Yes,Fail,Data,13136
Veronike Alenov,11/09/2019,"{'Python': 4, 'PHP': 2, 'JavaScript': 2}","['Charisma', 'Rational']",['Slow'],Yes,Yes,Yes,Pass,Data,13137
Urson Sibthorp,18/09/2019,"{'Python': 1, 'C#': 1, 'R': 2, 'C++': 6}","['Collaboration', 'Perfectionism', 'Ambitious']","['Controlling', 'Competitive']",Yes,Yes,Yes,Pass,Engineering,13138
Jenn Blitz,12/09/2019,"{'SPSS': 5, 'JavaScript': 3}","['Rational', 'Problem Solving', 'Creative']",['Controlling'],Yes,Yes,Yes,Pass,Engineering,13139
Elicia Nutkin,17/09/2019,"{'Python': 4, 'C#': 2, 'Java': 4, 'Ruby': 6, 'SPSS': 7, 'C++': 1, 'JavaScript': 6}","['Critical Thinking', 'Patient']","['Competitive', 'Sensitive']",Yes,Yes,Yes,Pass,Data,13140
Una Caldicot,05/09/2019,"{'C#': 6, 'Java': 2}","['Innovative', 'Composure']","['Introverted', 'Conventional', 'Passive']",Yes,Yes,Yes,Pass,Business,13141
Chance Fleay,26/09/2019,"{'Python': 5, 'Ruby': 4}",['Perfectionism'],"['Critical', 'Procrastination']",Yes,No,Yes,Fail,Data,13142
Carmelia Gheorghe,04/09/2019,"{'Ruby': 2, 'PHP': 1, 'C++': 2}","['Patient', 'Versatile', 'Rational']","['Procrastination', 'Impatient']",Yes,No,Yes,Fail,Business,13143
Stephan Tidbald,11/09/2019,"{'R': 3, 'SPSS': 2, 'JavaScript': 3}",['Composure'],"['Impulsive', 'Passive']",Yes,Yes,Yes,Pass,Engineering,13144
Care Ife,04/09/2019,"{'Python': 3, 'Java': 2, 'SPSS': 1, 'C++': 2}","['Altruism', 'Rational', 'Reliable']","['Conventional', 'Indifferent']",Yes,Yes,Yes,Pass,Engineering,13145
Quill Buzin,19/09/2019,"{'Python': 1, 'C++': 5, 'JavaScript': 4}","['Altruism', 'Charisma', 'Composure']","['Undisciplined', 'Impatient']",Yes,Yes,Yes,Pass,Engineering,13146
Trent Southwick,12/09/2019,"{'Ruby': 1, 'C++': 2}","['Reliable', 'Problem Solving']",['Distracted'],Yes,Yes,Yes,Pass,Engineering,13147
Trent Southwick,12/09/2019,"{'Ruby': 1, 'C++': 2}","['Reliable', 'Problem Solving']",['Distracted'],Yes,Yes,Yes,Pass,Engineering,13148
King Janatka,18/09/2019,"{'Java': 4, 'Ruby': 3, 'PHP': 1}",['Courteous'],"['Indecisive', 'Procrastination', 'Chatty']",Yes,Yes,Yes,Pass,Data,13149
Honor Jeandon,25/09/2019,{'JavaScript': 1},"['Curious', 'Critical Thinking', 'Courteous']",['Distracted'],Yes,No,Yes,Fail,Engineering,13150
Chrisse Santostefano.,11/09/2019,"{'C#': 2, 'C++': 2}","['Determined', 'Patient', 'Altruism']","['Selfish', 'Critical']",No,Yes,Yes,Fail,Engineering,13151
Dinnie Baleine,18/09/2019,"{'C#': 3, 'R': 6, 'SPSS': 2}","['Collaboration', 'Patient']",['Impulsive'],Yes,No,Yes,Fail,Business,13152
Siegfried Everal,17/09/2019,"{'Ruby': 4, 'R': 3, 'SPSS': 3, 'JavaScript': 10}",['Patient'],['Passive'],Yes,Yes,Yes,Pass,Engineering,13153
Lester Weddeburn - Scrimgeour,26/09/2019,"{'C#': 2, 'Java': 1, 'R': 2, 'C++': 2}","['Independent', 'Rational', 'Collaboration']",['Sensitive'],Yes,Yes,No,Fail,Data,13154
Chandra Best,17/09/2019,"{'C#': 3, 'Ruby': 4, 'JavaScript': 2}","['Independent', 'Organisation']","['Conventional', 'Critical', 'Indecisive']",Yes,Yes,Yes,Pass,Engineering,13155
Helyn Sahnow,11/09/2019,"{'Python': 3, 'C#': 5, 'R': 3, 'SPSS': 1}","['Collaboration', 'Competitive', 'Reliable']","['Indecisive', 'Anxious', 'Procrastination']",Yes,Yes,Yes,Fail,Data,13156
Bertha Burchfield,10/09/2019,"{'Ruby': 3, 'SPSS': 1}","['Perfectionism', 'Curious', 'Reliable']",['Perfectionist'],Yes,Yes,Yes,Pass,Data,13157
Valdemar Smithen,05/09/2019,"{'Python': 3, 'C#': 2, 'C++': 4}","['Ambitious', 'Problem Solving', 'Altruism']","['Impatient', 'Controlling']",Yes,Yes,Yes,Pass,Engineering,13158
Zollie Danks,26/09/2019,"{'Python': 2, 'R': 5, 'SPSS': 2, 'PHP': 3, 'C++': 2}","['Patient', 'Consistent']","['Conventional', 'Indecisive']",Yes,Yes,Yes,Pass,Business,13159
Malcolm Whittier,25/09/2019,{'C#': 3},"['Determined', 'Passionate']","['Controlling', 'Conventional']",Yes,Yes,No,Fail,Business,13160
Gun Burkitt,25/09/2019,"{'R': 4, 'SPSS': 7, 'C++': 4}","['Ambitious', 'Versatile']","['Critical', 'Slow']",Yes,Yes,Yes,Pass,Business,13161
Winna Olive,19/09/2019,"{'Python': 1, 'C#': 3, 'Ruby': 3, 'SPSS': 5}","['Problem Solving', 'Courteous']","['Immature', 'Impulsive']",Yes,No,Yes,Fail,Engineering,13162
Beltran Jolly,18/09/2019,,"['Courteous', 'Ambitious']",['Distracted'],Yes,Yes,Yes,Pass,Data,13163
Elizabet Sanbroke,12/09/2019,,"['Determined', 'Altruism']",['Impatient'],Yes,Yes,Yes,Pass,Data,13164
Ofella Shelmardine,12/09/2019,{'JavaScript': 2},['Listening'],"['Overbearing', 'Introverted', 'Undisciplined']",Yes,Yes,Yes,Pass,Data,13165
Janka Clemencet,17/09/2019,{'Java': 1},"['Efficient', 'Courteous', 'Determined']",['Indecisive'],Yes,Yes,Yes,Pass,Engineering,13166
Raddie Major,05/09/2019,"{'Python': 4, 'R': 1, 'PHP': 4, 'C++': 1}",['Altruism'],"['Passive', 'Impulsive']",Yes,Yes,Yes,Pass,Business,13167
Antonetta Rustedge,24/09/2019,"{'C#': 4, 'Ruby': 3, 'R': 4, 'SPSS': 3, 'C++': 4, 'JavaScript': 4}",['Empathy'],"['Controlling', 'Stubborn', 'Chatty']",Yes,Yes,Yes,Pass,Data,13168
Mildred Macalaster,24/09/2019,"{'C#': 3, 'Java': 3, 'R': 3, 'SPSS': 2, 'C++': 3}","['Creative', 'Altruism']","['Indecisive', 'Distracted', 'Sensitive']",Yes,Yes,Yes,Pass,Business,13169
Homerus Heighton,11/09/2019,{'Java': 3},"['Innovative', 'Composure']","['Intolerant', 'Critical', 'Procrastination']",Yes,Yes,Yes,Pass,Business,13170
Reeva Amort,26/09/2019,"{'Java': 3, 'R': 2, 'SPSS': 3, 'PHP': 2}",['Critical Thinking'],['Conventional'],Yes,Yes,Yes,Fail,Business,13171
Buiron Presho,05/09/2019,"{'C#': 3, 'Ruby': 5, 'R': 3, 'C++': 2}","['Courteous', 'Competitive', 'Listening']",['Selfish'],Yes,Yes,Yes,Pass,Data,13172
Vyky Filipiak,05/09/2019,"{'SPSS': 2, 'JavaScript': 4}",['Efficient'],"['Immature', 'Indifferent']",Yes,Yes,Yes,Pass,Business,13173
Merlina Yashanov,04/09/2019,"{'Ruby': 4, 'JavaScript': 3}","['Problem Solving', 'Courteous', 'Composure']",['Impatient'],Yes,Yes,Yes,Pass,Data,13174
Urban Bootland,18/09/2019,"{'Ruby': 6, 'PHP': 1, 'C++': 3}","['Critical Thinking', 'Consistent']","['Competitive', 'Critical', 'Controlling']",Yes,Yes,Yes,Fail,Data,13175
Fredia Ruos,11/09/2019,"{'Python': 1, 'C#': 1, 'Ruby': 3, 'C++': 9}","['Ambitious', 'Problem Solving', 'Versatile']","['Chaotic', 'Undisciplined']",Yes,Yes,Yes,Pass,Business,13176
Harrietta Buten,11/09/2019,"{'Java': 2, 'Ruby': 5, 'PHP': 2}","['Problem Solving', 'Rational']","['Distracted', 'Anxious']",Yes,Yes,No,Fail,Engineering,13177
Jourdain Tripp,26/09/2019,"{'Java': 3, 'SPSS': 1}",['Creative'],"['Undisciplined', 'Passive', 'Distracted']",Yes,Yes,No,Fail,Business,13178
Vasili Cartledge,12/09/2019,{'SPSS': 1},"['Rational', 'Creative', 'Critical Thinking']","['Passive', 'Selfish']",Yes,Yes,Yes,Pass,Data,13179
Juieta Mulliss,19/09/2019,"{'Ruby': 1, 'SPSS': 3}","['Competitive', 'Organisation', 'Consistent']","['Indifferent', 'Chatty', 'Critical']",Yes,Yes,Yes,Pass,Business,13180
Ignatius Doxsey,10/09/2019,"{'C#': 4, 'SPSS': 9, 'C++': 2}","['Problem Solving', 'Consistent']",['Chaotic'],Yes,Yes,No,Fail,Business,13181
Friedrick Hawkey,19/09/2019,"{'Java': 3, 'R': 3}",['Critical Thinking'],"['Slow', 'Conventional', 'Passive']",Yes,Yes,Yes,Pass,Engineering,13182
Payton Turbard,25/09/2019,"{'Python': 4, 'C#': 4, 'Java': 1, 'JavaScript': 3}","['Collaboration', 'Versatile', 'Rational']","['Impatient', 'Undisciplined']",Yes,Yes,Yes,Pass,Engineering,13183
Teddy Baraclough,04/09/2019,{'Ruby': 3},"['Collaboration', 'Consistent', 'Efficient']",['Indifferent'],Yes,Yes,Yes,Pass,Engineering,13184
Stepha Willison,26/09/2019,"{'Python': 3, 'C#': 1, 'Java': 4, 'C++': 1, 'JavaScript': 6}",['Organisation'],"['Stubborn', 'Impatient', 'Perfectionist']",Yes,Yes,Yes,Pass,Data,13185
Petrina Sterland,04/09/2019,"{'Python': 2, 'R': 1, 'SPSS': 2}",['Independent'],"['Anxious', 'Conventional']",Yes,Yes,Yes,Pass,Engineering,13186
Dorette Landall,05/09/2019,"{'C#': 7, 'Java': 1, 'Ruby': 4, 'C++': 1}",['Organisation'],"['Impulsive', 'Distracted', 'Stubborn']",Yes,Yes,Yes,Pass,Engineering,13187
Hermann Cudde,26/09/2019,"{'C#': 2, 'R': 2}",['Empathy'],"['Indifferent', 'Overbearing']",Yes,Yes,Yes,Fail,Business,13188
Nealon Tompkiss,25/09/2019,"{'Python': 4, 'Ruby': 3, 'R': 3, 'PHP': 1}","['Versatile', 'Organisation']","['Procrastination', 'Impulsive']",Yes,Yes,Yes,Fail,Engineering,13189
Sarita Weedon,11/09/2019,"{'Java': 3, 'Ruby': 4, 'C++': 1}","['Perfectionism', 'Composure', 'Organisation']","['Anxious', 'Impulsive']",Yes,Yes,Yes,Pass,Data,13190
Lamar Macgebenay,17/09/2019,{'C#': 7},"['Perfectionism', 'Efficient', 'Competitive']","['Stubborn', 'Impulsive']",Yes,Yes,Yes,Pass,Engineering,13191
Erna Milne,04/09/2019,,"['Problem Solving', 'Listening', 'Empathy']",['Overbearing'],Yes,Yes,Yes,Pass,Business,13192
Maude Ithell,12/09/2019,"{'C#': 6, 'Java': 4, 'SPSS': 4, 'C++': 3}","['Competitive', 'Perfectionism', 'Innovative']",['Distracted'],Yes,Yes,Yes,Pass,Engineering,13193
Anna Lamperti,04/09/2019,"{'Python': 2, 'C#': 3}","['Independent', 'Collaboration']","['Intolerant', 'Impulsive', 'Passive']",Yes,Yes,Yes,Pass,Data,13194
Hermina Boar,26/09/2019,"{'Java': 3, 'SPSS': 2}",['Rational'],['Anxious'],Yes,Yes,Yes,Pass,Business,13195
Kelila Cunah,26/09/2019,"{'Java': 2, 'Ruby': 3, 'R': 3, 'PHP': 1}",['Problem Solving'],['Anxious'],No,Yes,Yes,Fail,Business,13196
Sutherlan Mewe,05/09/2019,"{'Python': 2, 'JavaScript': 2}","['Courteous', 'Ambitious']","['Impulsive', 'Procrastination', 'Immature']",Yes,Yes,Yes,Pass,Business,13197
Thorpe Sigars,24/09/2019,"{'Python': 3, 'SPSS': 3, 'JavaScript': 5}",['Competitive'],"['Procrastination', 'Conventional', 'Intolerant']",Yes,Yes,Yes,Pass,Data,13198
Maisie Skelton,05/09/2019,"{'Python': 5, 'Java': 4, 'SPSS': 3}","['Critical Thinking', 'Charisma', 'Altruism']","['Distracted', 'Critical']",No,Yes,Yes,Fail,Engineering,13199
Scarface Gallihaulk,03/09/2019,"{'Python': 3, 'Ruby': 2, 'SPSS': 3, 'PHP': 3}",['Competitive'],"['Anxious', 'Slow', 'Conventional']",Yes,Yes,Yes,Pass,Data,13200
Zandra Makepeace,19/09/2019,"{'C#': 3, 'Java': 3}",['Courteous'],"['Impatient', 'Sensitive']",Yes,Yes,Yes,Pass,Engineering,13201
Englebert Orme,24/09/2019,"{'C#': 2, 'Ruby': 1, 'SPSS': 3, 'JavaScript': 3}",['Reliable'],"['Indecisive', 'Slow']",Yes,Yes,Yes,Pass,Business,13202
Brandie Birkin,18/09/2019,{'Python': 3},"['Ambitious', 'Versatile', 'Patient']","['Procrastination', 'Perfectionist']",Yes,No,Yes,Fail,Business,13203
Eugen Boggs,04/09/2019,"{'Java': 2, 'Ruby': 5, 'SPSS': 3, 'JavaScript': 2}","['Passionate', 'Creative']","['Selfish', 'Sensitive']",Yes,Yes,Yes,Pass,Data,13204
Storm Henryson,24/09/2019,"{'Python': 3, 'Java': 3, 'Ruby': 4, 'SPSS': 4, 'PHP': 1, 'JavaScript': 2}","['Determined', 'Listening']","['Stubborn', 'Overbearing']",Yes,Yes,Yes,Pass,Data,13205
Neel Campana,25/09/2019,"{'Python': 6, 'Java': 7, 'Ruby': 3, 'R': 1, 'SPSS': 1}",['Perfectionism'],"['Overbearing', 'Procrastination']",Yes,Yes,No,Fail,Data,13206
Ann Iannello,05/09/2019,{'C++': 2},"['Rational', 'Reliable']","['Intolerant', 'Perfectionist']",Yes,Yes,Yes,Pass,Business,13207
Babita Bramsen,04/09/2019,"{'Python': 1, 'Java': 6, 'Ruby': 3, 'PHP': 2, 'C++': 1}","['Listening', 'Collaboration']","['Impulsive', 'Competitive']",Yes,No,Yes,Fail,Business,13208
Briana Shorter,25/09/2019,"{'R': 1, 'PHP': 1, 'JavaScript': 1}",['Organisation'],['Chaotic'],Yes,Yes,No,Fail,Business,13209
Saraann Elcombe,12/09/2019,"{'Java': 1, 'Ruby': 3, 'PHP': 1, 'C++': 2}",['Problem Solving'],['Impulsive'],Yes,Yes,Yes,Pass,Engineering,13210
Erny Mourant,26/09/2019,"{'Python': 3, 'Java': 2, 'Ruby': 1, 'PHP': 2, 'C++': 3, 'JavaScript': 2}","['Organisation', 'Determined']",['Procrastination'],Yes,Yes,Yes,Pass,Business,13211
Oren Medwell,26/09/2019,"{'C#': 2, 'Java': 1, 'R': 2}","['Versatile', 'Patient']",['Chatty'],Yes,Yes,No,Fail,Engineering,13212
Kalinda Leebetter,24/09/2019,"{'Python': 2, 'C#': 3, 'Java': 3}","['Versatile', 'Ambitious', 'Organisation']","['Competitive', 'Stubborn', 'Overbearing']",Yes,Yes,Yes,Pass,Business,13213
Deana Salerno,18/09/2019,"{'Python': 1, 'Java': 2, 'Ruby': 2, 'SPSS': 3, 'PHP': 1, 'C++': 3}",['Determined'],['Overbearing'],Yes,Yes,Yes,Pass,Engineering,13214
Darwin Vlasov,11/09/2019,"{'Ruby': 1, 'JavaScript': 3}","['Determined', 'Passionate']",['Indecisive'],Yes,Yes,No,Fail,Engineering,13215
Yankee Garmon,18/09/2019,"{'Python': 1, 'C#': 6, 'Java': 7, 'Ruby': 6, 'PHP': 2}","['Problem Solving', 'Critical Thinking', 'Composure']",['Impulsive'],Yes,Yes,Yes,Pass,Business,13216
Ulrika Southam,24/09/2019,"{'Ruby': 4, 'SPSS': 1}","['Reliable', 'Listening']","['Selfish', 'Controlling', 'Passive']",Yes,Yes,Yes,Pass,Business,13217
Jo-Ann Gallihaulk,10/09/2019,"{'C#': 2, 'R': 3, 'SPSS': 3, 'PHP': 2}","['Altruism', 'Independent', 'Empathy']","['Undisciplined', 'Sensitive', 'Immature']",Yes,Yes,Yes,Pass,Business,13218
Larisa Cordero,03/09/2019,{'Python': 3},['Reliable'],['Selfish'],Yes,Yes,Yes,Pass,Data,13219
Mark Beckingham,10/09/2019,"{'Python': 2, 'C#': 2, 'Ruby': 1, 'PHP': 4, 'JavaScript': 6}","['Charisma', 'Passionate']",['Distracted'],Yes,Yes,No,Fail,Business,13220
Vevay Feirn,12/09/2019,"{'C#': 4, 'Java': 5, 'Ruby': 3, 'PHP': 2, 'JavaScript': 3}","['Reliable', 'Organisation', 'Charisma']","['Competitive', 'Undisciplined']",Yes,Yes,Yes,Fail,Data,13221
Toby Stadden,04/09/2019,"{'PHP': 4, 'C++': 6, 'JavaScript': 1}",['Curious'],"['Chatty', 'Stubborn']",Yes,Yes,Yes,Pass,Engineering,13222
Umeko Bozier,17/09/2019,{'C++': 3},"['Listening', 'Problem Solving', 'Patient']","['Impulsive', 'Chaotic']",Yes,No,Yes,Fail,Engineering,13223
Ryley Dael,10/09/2019,{'C#': 2},"['Charisma', 'Efficient']","['Indecisive', 'Anxious']",No,Yes,Yes,Fail,Engineering,13224
Engracia Polycote,04/09/2019,"{'C#': 4, 'Ruby': 1, 'PHP': 4, 'JavaScript': 1}","['Problem Solving', 'Reliable', 'Patient']","['Anxious', 'Indifferent']",Yes,Yes,Yes,Pass,Business,13225
Arman Boribal,04/09/2019,"{'Python': 3, 'Ruby': 2, 'R': 3, 'JavaScript': 3}","['Rational', 'Courteous', 'Perfectionism']","['Competitive', 'Passive']",Yes,Yes,Yes,Pass,Data,13226
Vernon Bennough,24/09/2019,"{'Python': 2, 'Java': 3, 'Ruby': 1, 'JavaScript': 8}","['Innovative', 'Problem Solving']","['Perfectionist', 'Anxious', 'Passive']",Yes,Yes,Yes,Pass,Engineering,13227
Monty Gorriessen,12/09/2019,"{'Java': 6, 'R': 4, 'PHP': 1}","['Versatile', 'Curious']",['Chaotic'],Yes,Yes,Yes,Pass,Data,13228
Clyve Gillhespy,26/09/2019,"{'C#': 4, 'Java': 4, 'R': 3}",['Perfectionism'],"['Indecisive', 'Introverted']",Yes,Yes,Yes,Pass,Business,13229
Vaclav Pietesch,12/09/2019,"{'Python': 1, 'Java': 2, 'PHP': 3, 'C++': 4}","['Competitive', 'Independent']","['Passive', 'Selfish', 'Chaotic']",Yes,Yes,No,Fail,Engineering,13230
Matthaeus Audas,30/04/2019,"{'Python': 3, 'Java': 3, 'SPSS': 4, 'C++': 2}","['Reliable', 'Curious', 'Patient']","['Critical', 'Introverted', 'Immature']",Yes,Yes,Yes,Pass,Data,13231
Cherey Tollfree,25/04/2019,"{'C#': 1, 'Java': 3, 'Ruby': 3}","['Consistent', 'Organisation']",['Undisciplined'],Yes,Yes,Yes,Pass,Business,13232
Kassi Pinnock,18/04/2019,"{'C#': 5, 'R': 1, 'SPSS': 3, 'PHP': 5}",['Versatile'],"['Stubborn', 'Passive']",Yes,Yes,Yes,Pass,Engineering,13233
Rivi Epinay,17/04/2019,"{'Python': 4, 'PHP': 1}","['Passionate', 'Patient']","['Conventional', 'Undisciplined']",Yes,No,Yes,Fail,Business,13234
Lay Trosdall,16/04/2019,"{'Java': 3, 'Ruby': 2, 'C++': 8, 'JavaScript': 2}",['Organisation'],"['Overbearing', 'Introverted']",Yes,Yes,Yes,Pass,Engineering,13235
Nance Crate,02/04/2019,"{'Java': 5, 'Ruby': 4}","['Consistent', 'Determined']","['Sensitive', 'Indecisive']",No,Yes,Yes,Fail,Engineering,13236
Shelia Carlesi,02/04/2019,{'Python': 5},['Courteous'],"['Introverted', 'Impatient']",Yes,Yes,Yes,Fail,Data,13237
Clemente Akitt,02/04/2019,"{'Ruby': 4, 'SPSS': 3, 'PHP': 2, 'C++': 1}","['Collaboration', 'Problem Solving', 'Ambitious']","['Anxious', 'Competitive']",No,No,Yes,Fail,Data,13238
Kimbell Lasseter,16/04/2019,"{'C#': 2, 'C++': 4}",['Perfectionism'],"['Conventional', 'Passive', 'Chatty']",Yes,No,Yes,Fail,Data,13239
Johanna Inold,03/04/2019,"{'Ruby': 2, 'SPSS': 1}","['Courteous', 'Perfectionism', 'Reliable']","['Impulsive', 'Distracted']",Yes,Yes,Yes,Pass,Engineering,13240
Tiler Andrejevic,10/04/2019,"{'Ruby': 2, 'SPSS': 2}","['Critical Thinking', 'Independent']","['Undisciplined', 'Passive']",Yes,Yes,Yes,Pass,Data,13241
Ash Hannon,17/04/2019,{'C++': 1},"['Altruism', 'Independent']","['Immature', 'Stubborn']",Yes,Yes,Yes,Pass,Business,13242
Marie-Ann Vaar,17/04/2019,"{'Java': 1, 'Ruby': 4}","['Competitive', 'Collaboration']","['Chaotic', 'Perfectionist', 'Procrastination']",Yes,No,Yes,Fail,Data,13243
Orazio Brawn,16/04/2019,"{'C#': 6, 'Java': 3, 'R': 2, 'SPSS': 1, 'JavaScript': 1}",['Reliable'],"['Indifferent', 'Chaotic', 'Introverted']",Yes,Yes,Yes,Pass,Engineering,13244
Edgar Willeman,30/04/2019,"{'C#': 4, 'PHP': 3}","['Ambitious', 'Courteous', 'Patient']","['Perfectionist', 'Immature']",No,Yes,Yes,Fail,Data,13245
Rip Mcilvenny,18/04/2019,"{'R': 2, 'SPSS': 3}","['Consistent', 'Altruism']",['Passive'],Yes,Yes,Yes,Pass,Data,13246
Delila Garret,09/04/2019,"{'C#': 3, 'SPSS': 2, 'PHP': 1, 'JavaScript': 4}","['Collaboration', 'Courteous']","['Chaotic', 'Indecisive', 'Overbearing']",Yes,Yes,No,Fail,Data,13247
Homer Hymer,09/04/2019,"{'Python': 3, 'Ruby': 5, 'PHP': 2, 'C++': 5}",['Versatile'],['Impulsive'],No,Yes,Yes,Fail,Business,13248
Sibyl Braddick,18/04/2019,"{'Python': 2, 'PHP': 2}",['Efficient'],['Indecisive'],Yes,Yes,Yes,Pass,Data,13249
Meridel Randell,11/04/2019,"{'Python': 2, 'R': 4, 'SPSS': 2}",['Efficient'],"['Slow', 'Procrastination']",Yes,Yes,Yes,Pass,Business,13250
Alli Sleeford,17/04/2019,"{'Java': 3, 'Ruby': 2, 'SPSS': 3, 'C++': 4, 'JavaScript': 1}","['Altruism', 'Courteous', 'Innovative']",['Anxious'],No,Yes,Yes,Fail,Engineering,13251
Janet Copner,18/04/2019,"{'Python': 4, 'C#': 5, 'Ruby': 3, 'PHP': 2, 'JavaScript': 2}","['Altruism', 'Problem Solving', 'Perfectionism']","['Critical', 'Selfish', 'Impulsive']",Yes,Yes,Yes,Pass,Data,13252
Irina Marritt,16/04/2019,"{'Python': 1, 'R': 1, 'C++': 2}",['Empathy'],"['Critical', 'Conventional', 'Chatty']",Yes,Yes,No,Fail,Engineering,13253
Babette Mcgloughlin,03/04/2019,{'R': 3},['Passionate'],"['Controlling', 'Indifferent']",Yes,Yes,Yes,Pass,Engineering,13254
Chicky Sawbridge,02/04/2019,"{'Python': 9, 'Ruby': 4, 'R': 2, 'SPSS': 6, 'PHP': 3}","['Consistent', 'Composure', 'Innovative']","['Impatient', 'Distracted', 'Critical']",Yes,Yes,Yes,Pass,Engineering,13255
Tori Weatherhill,02/04/2019,"{'C#': 6, 'Java': 2, 'Ruby': 1, 'R': 1, 'PHP': 4}","['Patient', 'Competitive']",['Stubborn'],Yes,Yes,Yes,Pass,Business,13256
Parke Van Son,24/04/2019,"{'Python': 3, 'C#': 3, 'PHP': 1}","['Versatile', 'Competitive']",['Impatient'],Yes,Yes,Yes,Pass,Engineering,13257
Hazel Boyack,24/04/2019,"{'Python': 2, 'Ruby': 4, 'R': 3}","['Patient', 'Altruism']","['Chatty', 'Overbearing', 'Sensitive']",Yes,Yes,Yes,Pass,Business,13258
Ivett Bridel,18/04/2019,{'SPSS': 6},"['Critical Thinking', 'Empathy']","['Overbearing', 'Impatient']",Yes,No,Yes,Fail,Engineering,13259
Isacco Boichat,11/04/2019,"{'R': 5, 'SPSS': 1, 'C++': 4, 'JavaScript': 5}",['Patient'],"['Critical', 'Competitive', 'Sensitive']",No,Yes,Yes,Fail,Data,13260
Ardelis Gylle,04/04/2019,"{'SPSS': 3, 'JavaScript': 6}","['Listening', 'Critical Thinking', 'Passionate']","['Immature', 'Sensitive', 'Undisciplined']",Yes,No,Yes,Fail,Data,13261
Brose Benaine,18/04/2019,"{'Python': 3, 'PHP': 4}",['Composure'],"['Overbearing', 'Sensitive']",Yes,Yes,Yes,Pass,Engineering,13262
Adela Valance,30/04/2019,"{'C#': 4, 'SPSS': 5, 'PHP': 3}","['Ambitious', 'Patient', 'Efficient']",['Selfish'],Yes,Yes,Yes,Pass,Engineering,13263
Aggy Hefferan,18/04/2019,"{'Python': 2, 'Java': 5, 'Ruby': 3}","['Determined', 'Efficient', 'Independent']","['Impatient', 'Indifferent', 'Controlling']",Yes,Yes,Yes,Pass,Engineering,13264
Leah Earney,09/04/2019,"{'Python': 4, 'R': 3, 'PHP': 3}","['Reliable', 'Empathy', 'Independent']","['Stubborn', 'Undisciplined']",Yes,Yes,Yes,Pass,Data,13265
Mile O'Brien,10/04/2019,"{'Java': 2, 'Ruby': 2}",['Courteous'],"['Immature', 'Chatty', 'Indifferent']",Yes,Yes,Yes,Pass,Engineering,13266
Horatio Christley,30/04/2019,"{'Java': 1, 'Ruby': 4, 'C++': 6}",['Passionate'],['Critical'],Yes,Yes,Yes,Pass,Engineering,13267
Regan Rawlins,09/04/2019,{'PHP': 1},"['Organisation', 'Patient', 'Determined']","['Competitive', 'Procrastination']",Yes,Yes,Yes,Pass,Data,13268
Mercy Coronas,04/04/2019,"{'Python': 3, 'C#': 5, 'Java': 2, 'R': 6, 'SPSS': 1, 'JavaScript': 4}","['Determined', 'Problem Solving']","['Distracted', 'Overbearing', 'Perfectionist']",Yes,Yes,Yes,Pass,Data,13269
Darcy Srutton,16//04/2019,{'C#': 3},"['Rational', 'Altruism']","['Overbearing', 'Indecisive']",Yes,Yes,Yes,Pass,Data,13270
Westbrooke Wonham,16/04/2019,"{'Python': 3, 'Java': 1, 'SPSS': 1, 'JavaScript': 1}",['Creative'],['Chatty'],Yes,Yes,Yes,Pass,Engineering,13271
Jessee Chisnall,16/04/2019,"{'Python': 5, 'PHP': 1, 'C++': 5, 'JavaScript': 3}","['Organisation', 'Competitive']",['Impulsive'],Yes,Yes,Yes,Pass,Business,13272
Isac Peschmann,04/04/2019,"{'Java': 1, 'Ruby': 3, 'R': 1, 'SPSS': 3, 'C++': 1}",['Consistent'],"['Undisciplined', 'Indecisive', 'Anxious']",Yes,Yes,Yes,Pass,Engineering,13273
Valenka Jirsa,11/04/2019,"{'Python': 1, 'C#': 5, 'Ruby': 3, 'SPSS': 5, 'PHP': 4, 'JavaScript': 5}","['Ambitious', 'Determined', 'Composure']","['Passive', 'Chatty', 'Indifferent']",Yes,Yes,No,Fail,Business,13274
Sheeree Collop,10/04/2019,"{'R': 7, 'SPSS': 5, 'JavaScript': 4}","['Problem Solving', 'Passionate', 'Innovative']","['Selfish', 'Intolerant']",Yes,Yes,Yes,Pass,Engineering,13275
Orion Dines,03/04/2019,"{'C#': 2, 'R': 3, 'JavaScript': 3}",['Independent'],"['Intolerant', 'Competitive']",Yes,No,No,Fail,Business,13276
Ali Outram,16/04/2019,"{'C#': 7, 'Ruby': 8, 'SPSS': 4}","['Determined', 'Listening', 'Consistent']","['Introverted', 'Sensitive']",Yes,Yes,No,Fail,Data,13277
Rhona Bisgrove,04/04/2019,"{'R': 6, 'C++': 3}",['Critical Thinking'],"['Chatty', 'Passive']",Yes,Yes,Yes,Pass,Business,13278
Fredrick Carvil,25/04/2019,"{'Python': 7, 'C#': 4, 'SPSS': 1, 'JavaScript': 3}","['Composure', 'Versatile']","['Slow', 'Chatty']",Yes,No,Yes,Fail,Engineering,13279
Annalise Easom,16/04/2019,"{'Python': 1, 'C#': 5, 'Ruby': 3, 'R': 3, 'SPSS': 2, 'PHP': 2}","['Reliable', 'Passionate', 'Determined']","['Stubborn', 'Intolerant']",No,Yes,No,Fail,Business,13280
Gardie Swaysland,04/04/2019,"{'Ruby': 7, 'PHP': 2, 'C++': 3}",['Creative'],"['Controlling', 'Slow', 'Conventional']",Yes,Yes,Yes,Pass,Data,13281
Gayla Bownas,03/04/2019,"{'Java': 2, 'R': 3, 'C++': 1}",['Consistent'],['Anxious'],Yes,Yes,Yes,Pass,Business,13282
Mira Bofield,02/04/2019,"{'Ruby': 2, 'R': 3, 'SPSS': 4, 'JavaScript': 2}",['Courteous'],"['Sensitive', 'Distracted']",Yes,Yes,Yes,Pass,Engineering,13283
Theobald Rawles,11/04/2019,{'C++': 5},['Critical Thinking'],"['Passive', 'Immature', 'Slow']",Yes,Yes,Yes,Pass,Business,13284
Libbie Pluck,10/04/2019,{'Python': 2},"['Creative', 'Critical Thinking', 'Collaboration']","['Overbearing', 'Indecisive', 'Chaotic']",Yes,Yes,Yes,Fail,Data,13285
Corty Frearson,16/04/2019,"{'Python': 1, 'C#': 6, 'R': 7, 'SPSS': 2, 'PHP': 1, 'C++': 5, 'JavaScript': 1}","['Charisma', 'Innovative']","['Distracted', 'Introverted', 'Slow']",Yes,Yes,Yes,Pass,Business,13286
Salomi Shalders,30/04/2019,"{'C#': 2, 'Ruby': 1, 'SPSS': 1, 'PHP': 1, 'C++': 2, 'JavaScript': 3}",['Creative'],"['Selfish', 'Slow']",Yes,Yes,Yes,Pass,Data,13287
Corby Adnett,09/04/2019,"{'C#': 3, 'Java': 1, 'PHP': 2, 'C++': 6}",['Composure'],"['Immature', 'Indecisive']",Yes,Yes,Yes,Pass,Data,13288
Charlotte Possa,04/04/2019,"{'C#': 6, 'R': 1, 'SPSS': 5, 'C++': 1}",['Ambitious'],['Selfish'],Yes,Yes,Yes,Pass,Data,13289
Idelle Kidstoun,25/04/2019,"{'C#': 1, 'Ruby': 5, 'SPSS': 4, 'C++': 6}",['Passionate'],"['Indecisive', 'Passive']",Yes,Yes,Yes,Pass,Business,13290
Maurita Gimblet,02/04/2019,"{'Ruby': 3, 'PHP': 1}","['Altruism', 'Curious', 'Critical Thinking']",['Impulsive'],No,Yes,Yes,Fail,Engineering,13291
Nara Bagger,09/04/2019,"{'Python': 6, 'C#': 5, 'Ruby': 2}","['Perfectionism', 'Curious']","['Chaotic', 'Intolerant']",Yes,Yes,Yes,Pass,Engineering,13292
Willow Karp,03/04/2019,"{'R': 3, 'SPSS': 4, 'JavaScript': 7}","['Curious', 'Perfectionism', 'Independent']","['Controlling', 'Perfectionist', 'Overbearing']",Yes,Yes,Yes,Fail,Business,13293
Brooks Gethouse,17/04/2019,"{'Python': 4, 'Java': 5, 'SPSS': 1, 'C++': 2}","['Altruism', 'Collaboration', 'Perfectionism']","['Slow', 'Controlling']",No,Yes,Yes,Fail,Data,13294
Norbie Iacobucci,04/04/2019,"{'C#': 1, 'PHP': 5}","['Problem Solving', 'Rational']","['Perfectionist', 'Sensitive', 'Undisciplined']",Yes,Yes,Yes,Pass,Data,13295
Nanette Borrill,18/04/2019,"{'Java': 4, 'Ruby': 4}","['Competitive', 'Versatile']",['Slow'],Yes,Yes,Yes,Fail,Engineering,13296
Andreas Kincey,04/04/2019,"{'Java': 1, 'R': 3}","['Curious', 'Creative']","['Chaotic', 'Impulsive']",No,Yes,No,Fail,Business,13297
Grady Romeo,02/04/2019,"{'C#': 5, 'JavaScript': 5}",['Empathy'],"['Introverted', 'Chaotic', 'Slow']",Yes,Yes,Yes,Pass,Business,13298
Harper Armell,30/04/2019,"{'Python': 5, 'C#': 2, 'PHP': 1, 'C++': 4, 'JavaScript': 3}",['Collaboration'],['Undisciplined'],Yes,Yes,Yes,Pass,Data,13299
Augustin Winters,09/04/2019,"{'Java': 3, 'JavaScript': 3}",['Determined'],"['Sensitive', 'Procrastination', 'Slow']",Yes,Yes,Yes,Pass,Engineering,13300
Ilka Moodie,17/04/2019,"{'C#': 3, 'Java': 5, 'PHP': 1}","['Independent', 'Efficient']","['Critical', 'Sensitive']",No,Yes,Yes,Fail,Business,13301
Alanna Frane,03/04/2019,"{'Python': 1, 'R': 1}",['Patient'],"['Intolerant', 'Slow']",Yes,Yes,Yes,Fail,Business,13302
Broddie Tetla,30/04/2019,"{'C#': 3, 'Ruby': 1, 'R': 3, 'JavaScript': 2}",['Passionate'],"['Impulsive', 'Distracted']",Yes,Yes,Yes,Pass,Business,13303
Chelsea Millward,03/04/2019,"{'Python': 3, 'C#': 3, 'Ruby': 2}","['Rational', 'Empathy', 'Courteous']","['Conventional', 'Controlling']",Yes,Yes,Yes,Pass,Data,13304
Franciska Kezor,09/04/2019,"{'Python': 4, 'Java': 2, 'Ruby': 4, 'SPSS': 2, 'C++': 5, 'JavaScript': 1}",['Competitive'],['Controlling'],No,Yes,Yes,Fail,Engineering,13305
Stefan Gersam,03/04/2019,"{'C#': 1, 'Ruby': 4, 'SPSS': 5, 'C++': 1, 'JavaScript': 1}","['Empathy', 'Rational', 'Perfectionism']","['Sensitive', 'Immature', 'Intolerant']",Yes,Yes,Yes,Pass,Data,13306
Carline Zuker,03/04/2019,"{'Python': 3, 'SPSS': 4}","['Efficient', 'Rational', 'Reliable']","['Indifferent', 'Chatty']",No,Yes,Yes,Fail,Data,13307
Bear Blacksell,23/04/2019,"{'Python': 2, 'C#': 1, 'Java': 1, 'Ruby': 1, 'JavaScript': 3}","['Listening', 'Passionate']",['Stubborn'],Yes,Yes,Yes,Pass,Engineering,13308
Lon Gillimgham,10/04/2019,"{'C#': 1, 'R': 4, 'SPSS': 4}","['Rational', 'Reliable', 'Courteous']","['Impulsive', 'Indecisive']",Yes,Yes,Yes,Pass,Data,13309
Alyce Hares,23/04/2019,{'C++': 3},"['Reliable', 'Competitive']","['Competitive', 'Indifferent', 'Impatient']",Yes,Yes,Yes,Pass,Data,13310
Mimi Beamand,09/04/2019,,['Courteous'],"['Critical', 'Introverted', 'Overbearing']",Yes,Yes,Yes,Pass,Data,13311
Morgana Mcdarmid,09/04/2019,"{'C#': 8, 'R': 3, 'C++': 4, 'JavaScript': 2}","['Collaboration', 'Empathy']",['Introverted'],Yes,No,Yes,Fail,Business,13312
Hervey Climer,18/04/2019,"{'Python': 2, 'Java': 5, 'PHP': 1, 'C++': 8}","['Altruism', 'Collaboration']","['Sensitive', 'Perfectionist', 'Distracted']",Yes,Yes,Yes,Pass,Business,13313
Cami Burberow,02/04/2019,"{'Java': 5, 'R': 3, 'C++': 2}","['Competitive', 'Courteous', 'Rational']","['Conventional', 'Critical', 'Anxious']",Yes,Yes,Yes,Pass,Business,13314
Lynnell Samber,09/04/2019,"{'Java': 1, 'JavaScript': 1}","['Innovative', 'Determined', 'Critical Thinking']","['Immature', 'Passive', 'Impulsive']",Yes,Yes,Yes,Pass,Data,13315
Rosina Ellaway,24/04/2019,{'C++': 3},"['Determined', 'Problem Solving']",['Immature'],Yes,No,Yes,Fail,Engineering,13316
Shelagh Barthel,18/04/2019,"{'C#': 3, 'R': 3, 'SPSS': 2}","['Innovative', 'Efficient']","['Indecisive', 'Chaotic']",Yes,Yes,Yes,Pass,Data,13317
Terri Spensley,16/04/2019,"{'C#': 8, 'Java': 3, 'SPSS': 1, 'PHP': 1}",['Problem Solving'],['Immature'],No,Yes,Yes,Fail,Business,13318
Arlin Leman,30/04/2019,"{'Java': 4, 'Ruby': 4, 'SPSS': 3}","['Rational', 'Versatile']","['Introverted', 'Anxious']",Yes,Yes,Yes,Pass,Data,13319
Sonnnie Stelljes,18/04/2019,"{'Ruby': 2, 'R': 1}","['Courteous', 'Charisma']",['Controlling'],Yes,Yes,Yes,Pass,Business,13320
Elfrida Santarelli,30/04/2019,{'Python': 2},"['Courteous', 'Charisma', 'Organisation']","['Intolerant', 'Conventional', 'Chaotic']",Yes,Yes,Yes,Fail,Business,13321
Dorolisa Cutmere,25/04/2019,"{'Java': 3, 'SPSS': 4}","['Consistent', 'Patient']","['Introverted', 'Controlling', 'Impatient']",Yes,No,Yes,Fail,Engineering,13322
Alberto O Sullivan,04/04/2019,"{'Python': 3, 'C#': 4, 'Ruby': 4, 'SPSS': 3, 'PHP': 1, 'JavaScript': 4}","['Reliable', 'Perfectionism']","['Conventional', 'Procrastination', 'Impulsive']",Yes,Yes,No,Fail,Business,13323
Doretta Lourenco,30/04/2019,"{'C#': 4, 'Ruby': 3, 'R': 2, 'JavaScript': 2}","['Reliable', 'Collaboration', 'Rational']",['Intolerant'],Yes,Yes,Yes,Pass,Data,13324
Cordie Capon,30/04/2019,"{'Python': 3, 'Java': 3, 'R': 4, 'PHP': 1}","['Collaboration', 'Versatile']","['Immature', 'Selfish']",Yes,Yes,Yes,Pass,Data,13325
Hogan Bushnell,10/04/2019,{'PHP': 2},"['Charisma', 'Composure', 'Competitive']","['Conventional', 'Selfish']",Yes,Yes,Yes,Pass,Data,13326
Axel Scatchar,09/04/2019,"{'Python': 4, 'Java': 2, 'Ruby': 1, 'R': 1, 'C++': 2}","['Determined', 'Problem Solving', 'Charisma']","['Intolerant', 'Competitive', 'Impatient']",Yes,Yes,Yes,Pass,Business,13327
Emmey Wadforth,03/04/2019,"{'C#': 3, 'Java': 3, 'Ruby': 2, 'C++': 6, 'JavaScript': 1}","['Curious', 'Innovative', 'Versatile']","['Impatient', 'Distracted']",Yes,Yes,Yes,Pass,Data,13328
Klement Harley,04/04/2019,"{'Java': 2, 'Ruby': 2, 'R': 4, 'JavaScript': 2}","['Curious', 'Determined', 'Reliable']","['Indecisive', 'Impulsive', 'Introverted']",Yes,Yes,Yes,Pass,Business,13329
Tiffany Gronaller,10/04/2019,{'Python': 5},"['Listening', 'Charisma']","['Immature', 'Stubborn']",Yes,Yes,Yes,Fail,Engineering,13330
Winnie Waskett,02/04/2019,"{'Python': 2, 'Java': 1, 'PHP': 1}","['Composure', 'Critical Thinking']",['Competitive'],Yes,Yes,Yes,Pass,Business,13331
Anabelle Masey,24/04/2019,{'C#': 2},"['Consistent', 'Innovative', 'Curious']","['Distracted', 'Sensitive', 'Impatient']",Yes,Yes,Yes,Pass,Data,13332
Devan Claricoats,23/04/2019,"{'Python': 1, 'C#': 4, 'JavaScript': 3}","['Curious', 'Empathy', 'Problem Solving']","['Indifferent', 'Controlling']",Yes,Yes,Yes,Pass,Data,13333
Reube Launchbury,24/04/2019,"{'C++': 3, 'JavaScript': 5}","['Altruism', 'Perfectionism', 'Innovative']","['Introverted', 'Overbearing']",No,Yes,Yes,Fail,Business,13334
Janna Heyfield,24/04/2019,"{'Python': 2, 'C#': 2, 'Ruby': 1, 'PHP': 2}","['Collaboration', 'Consistent']","['Distracted', 'Anxious', 'Controlling']",Yes,Yes,Yes,Fail,Business,13335
Karina Ingyon,16/04/2019,{'Java': 3},['Altruism'],"['Procrastination', 'Chatty', 'Competitive']",Yes,Yes,No,Fail,Data,13336
Miguel Bowen,09/04/2019,"{'Python': 3, 'R': 3}","['Collaboration', 'Determined', 'Charisma']",['Introverted'],Yes,Yes,Yes,Pass,Data,13337
Gianina Bessent,17/04/2019,"{'Python': 4, 'C#': 2, 'Ruby': 3, 'R': 3, 'JavaScript': 2}","['Patient', 'Efficient']","['Slow', 'Controlling']",Yes,Yes,Yes,Fail,Business,13338
Shay Merrgen,09/04/2019,"{'C#': 2, 'SPSS': 1, 'PHP': 1}","['Perfectionism', 'Charisma']","['Passive', 'Conventional', 'Indifferent']",Yes,Yes,Yes,Pass,Business,13339
Brendon Ferrieri,17/04/2019,{'SPSS': 2},"['Problem Solving', 'Independent']","['Passive', 'Distracted']",Yes,Yes,Yes,Pass,Engineering,13340
Lavena Moehler,09/04/2019,"{'Python': 3, 'C#': 6}",['Perfectionism'],"['Indecisive', 'Critical']",Yes,Yes,Yes,Pass,Engineering,13341
Hersh Bramo,24/04/2019,"{'Python': 7, 'SPSS': 5, 'PHP': 3}","['Creative', 'Problem Solving', 'Ambitious']","['Indifferent', 'Competitive', 'Controlling']",No,Yes,Yes,Fail,Business,13342
Bruce Wingatt,09/04/2019,"{'C++': 4, 'JavaScript': 2}","['Ambitious', 'Empathy', 'Competitive']",['Indifferent'],Yes,Yes,Yes,Pass,Data,13343
Benedick Bernardeau,02/04/2019,"{'Python': 3, 'SPSS': 1, 'PHP': 3}","['Organisation', 'Empathy']",['Overbearing'],Yes,Yes,Yes,Pass,Business,13344
Tabby Henrych,03/04/2019,"{'R': 5, 'C++': 5}",['Innovative'],"['Selfish', 'Overbearing']",Yes,Yes,Yes,Fail,Engineering,13345
Rikki Balharrie,23/04/2019,"{'Java': 3, 'JavaScript': 1}","['Altruism', 'Critical Thinking']","['Distracted', 'Conventional']",Yes,No,Yes,Fail,Data,13346
Jon Aries,04/04/2019,"{'Python': 4, 'PHP': 5}",['Passionate'],"['Controlling', 'Indecisive', 'Selfish']",Yes,Yes,Yes,Pass,Engineering,13347
Virgilio Zavattieri,30/04/2019,"{'Python': 2, 'C++': 3}","['Patient', 'Passionate']","['Overbearing', 'Selfish']",Yes,Yes,Yes,Pass,Data,13348
Arleen Mcallan,09/04/2019,"{'C#': 4, 'PHP': 1, 'C++': 1, 'JavaScript': 4}",['Curious'],['Overbearing'],Yes,Yes,Yes,Pass,Engineering,13349
Deck Eannetta,04/04/2019,"{'SPSS': 1, 'C++': 1}","['Creative', 'Collaboration', 'Innovative']",['Sensitive'],Yes,Yes,No,Fail,Business,13350
Dania Skellern,23/04/2019,"{'Python': 2, 'C#': 2, 'R': 2, 'PHP': 1}","['Perfectionism', 'Consistent']",['Impulsive'],Yes,Yes,Yes,Pass,Business,13351
Uri Ingley,30/04/2019,"{'Python': 5, 'C#': 2, 'R': 4, 'C++': 5}","['Collaboration', 'Listening', 'Problem Solving']","['Impulsive', 'Slow']",Yes,No,Yes,Fail,Engineering,13352
Pren Abramovicz,18/04/2019,"{'Java': 3, 'R': 2, 'SPSS': 3, 'PHP': 4}",['Creative'],"['Passive', 'Chatty', 'Competitive']",Yes,Yes,Yes,Pass,Business,13353
Pren Abramovicz,18/04/2019,"{'Java': 3, 'R': 2, 'SPSS': 3, 'PHP': 4}",['Creative'],"['Passive', 'Chatty', 'Competitive']",Yes,Yes,Yes,Pass,Business,13354
Rowney Von Hagt,04/04/2019,"{'C#': 2, 'Java': 2, 'JavaScript': 8}",['Curious'],"['Anxious', 'Procrastination', 'Sensitive']",Yes,No,Yes,Fail,Data,13355
Markus Game,30/04/2019,"{'C#': 6, 'Java': 6, 'Ruby': 2, 'R': 1, 'C++': 3, 'JavaScript': 1}",['Rational'],"['Competitive', 'Sensitive', 'Critical']",Yes,Yes,Yes,Pass,Data,13356
Kalle Waine,03/04/2019,"{'Python': 1, 'SPSS': 2}","['Altruism', 'Listening']","['Impatient', 'Perfectionist']",Yes,Yes,Yes,Pass,Data,13357
Hayward Macdunleavy,24/04/2019,"{'Ruby': 6, 'C++': 5, 'JavaScript': 3}",['Versatile'],"['Undisciplined', 'Chatty', 'Slow']",Yes,Yes,Yes,Pass,Data,13358
Huberto Vollam,24/04/2019,"{'C#': 3, 'Java': 2, 'JavaScript': 3}",['Courteous'],['Selfish'],Yes,Yes,Yes,Pass,Business,13359
Abeu Bourcq,03/04/2019,"{'Python': 1, 'PHP': 1, 'C++': 5}","['Organisation', 'Perfectionism', 'Passionate']","['Indifferent', 'Conventional']",Yes,Yes,No,Fail,Business,13360
Stella Ulster,03/04/2019,"{'Ruby': 2, 'JavaScript': 8}",['Independent'],"['Overbearing', 'Immature']",Yes,Yes,Yes,Pass,Engineering,13361
Sayer Weedon,03/04/2019,"{'C#': 3, 'Ruby': 1, 'PHP': 4, 'JavaScript': 8}","['Rational', 'Independent', 'Organisation']","['Undisciplined', 'Overbearing']",Yes,Yes,Yes,Pass,Data,13362
Chilton Niece,10/04/2019,"{'R': 3, 'SPSS': 2, 'PHP': 5}","['Curious', 'Competitive']","['Impatient', 'Controlling']",Yes,Yes,Yes,Pass,Business,13363
Joyce Turbitt,03/04/2019,"{'Java': 2, 'SPSS': 2, 'PHP': 2, 'JavaScript': 3}",['Reliable'],"['Selfish', 'Controlling']",Yes,Yes,Yes,Fail,Data,13364
Lorianne Potticary,24/04/2019,"{'Java': 3, 'PHP': 4}",['Independent'],['Selfish'],Yes,Yes,Yes,Pass,Engineering,13365
Josselyn O'Sheils,04/04/2019,"{'Java': 3, 'R': 1, 'SPSS': 4}",['Consistent'],"['Immature', 'Introverted', 'Impatient']",No,Yes,No,Fail,Business,13366
Harmon Jaggi,04/04/2019,"{'Ruby': 5, 'C++': 3, 'JavaScript': 2}",['Patient'],['Overbearing'],No,Yes,Yes,Fail,Engineering,13367
Daisy Brims,04/04/2019,"{'C#': 6, 'PHP': 3}",['Altruism'],['Indifferent'],Yes,Yes,Yes,Pass,Engineering,13368
Eda Banner,10/04/2019,"{'C#': 1, 'Java': 6, 'R': 6, 'SPSS': 3, 'JavaScript': 2}","['Perfectionism', 'Consistent']","['Selfish', 'Indifferent', 'Stubborn']",Yes,Yes,Yes,Pass,Engineering,13369
Hubie Surgood,11/04/2019,"{'Python': 6, 'PHP': 1, 'JavaScript': 1}",['Patient'],"['Introverted', 'Slow']",Yes,Yes,Yes,Pass,Engineering,13370
Lalo Halton,09/04/2019,"{'C#': 3, 'R': 4}","['Independent', 'Composure', 'Courteous']",['Stubborn'],Yes,Yes,Yes,Pass,Engineering,13371
Paco St Ange,11/04/2019,"{'Ruby': 1, 'SPSS': 4, 'PHP': 2, 'C++': 1}",['Innovative'],"['Impatient', 'Anxious']",Yes,Yes,Yes,Pass,Business,13372
Karlene Mcdermott-Row,16/04/2019,"{'Java': 3, 'Ruby': 6, 'SPSS': 2}","['Versatile', 'Composure']",['Chatty'],Yes,Yes,Yes,Pass,Data,13373
Cinderella Chedzoy,03/04/2019,"{'C#': 1, 'Java': 1, 'SPSS': 1, 'PHP': 1, 'JavaScript': 3}","['Consistent', 'Altruism', 'Reliable']","['Slow', 'Perfectionist']",Yes,Yes,No,Fail,Business,13374
Tanya Altofts,24/04/2019,"{'Python': 2, 'Java': 3, 'Ruby': 1, 'R': 2, 'C++': 2}","['Collaboration', 'Efficient', 'Altruism']","['Passive', 'Anxious']",Yes,Yes,Yes,Pass,Engineering,13375
Kitty Triggol,09/04/2019,"{'C#': 1, 'Java': 2, 'Ruby': 1, 'JavaScript': 2}","['Rational', 'Independent']","['Impulsive', 'Intolerant']",Yes,No,Yes,Fail,Data,13376
Amerigo Graysmark,02/04/2019,"{'Python': 2, 'Ruby': 2, 'SPSS': 4, 'PHP': 3, 'C++': 4}","['Competitive', 'Altruism', 'Rational']",['Chatty'],Yes,Yes,Yes,Pass,Data,13377
Forbes Scimoni,11/04/2019,"{'C#': 1, 'R': 2, 'PHP': 3}","['Determined', 'Ambitious']","['Undisciplined', 'Slow']",Yes,Yes,No,Fail,Engineering,13378
Rochell Reston,03/04/2019,"{'Python': 3, 'Ruby': 6, 'R': 2, 'SPSS': 1, 'PHP': 1, 'C++': 5}","['Problem Solving', 'Reliable']","['Indecisive', 'Selfish', 'Anxious']",Yes,Yes,Yes,Pass,Engineering,13379
Aggy Alessandrucci,11/04/2019,"{'Python': 3, 'R': 1, 'SPSS': 5, 'C++': 3, 'JavaScript': 3}","['Charisma', 'Courteous', 'Passionate']","['Stubborn', 'Undisciplined']",No,Yes,Yes,Fail,Data,13380
Kevan Elsey,30/04/2019,{'R': 4},"['Patient', 'Problem Solving', 'Composure']",['Indecisive'],Yes,Yes,Yes,Pass,Business,13381
Marga Henryson,30/04/2019,"{'Python': 3, 'Java': 1, 'SPSS': 2}","['Patient', 'Altruism', 'Competitive']","['Chatty', 'Passive']",Yes,Yes,Yes,Fail,Data,13382
Haroun Mccrohon,18/04/2019,"{'Python': 4, 'C#': 1, 'Java': 3, 'Ruby': 1}","['Rational', 'Innovative', 'Composure']","['Anxious', 'Introverted']",Yes,Yes,Yes,Pass,Data,13383
Oralle Kose,10/04/2019,{'C#': 4},"['Competitive', 'Rational']","['Critical', 'Impulsive']",No,Yes,Yes,Fail,Data,13384
Emiline Bolderoe,25/04/2019,"{'C#': 1, 'PHP': 4, 'C++': 4}","['Determined', 'Empathy']","['Indifferent', 'Indecisive']",Yes,Yes,No,Fail,Engineering,13385
Stacie Heads,16/04/2019,"{'Python': 3, 'Java': 1, 'Ruby': 1, 'R': 6, 'SPSS': 1}",['Charisma'],"['Indecisive', 'Chatty', 'Sensitive']",Yes,Yes,No,Fail,Business,13386
Erik Gervaise,03/04/2019,"{'Java': 2, 'R': 3, 'PHP': 2}",['Independent'],['Undisciplined'],Yes,Yes,Yes,Pass,Data,13387
Aldridge Du Fray,30/04/2019,"{'Python': 4, 'PHP': 4}","['Creative', 'Versatile']",['Critical'],Yes,Yes,Yes,Pass,Engineering,13388
Elliot Ruckert,18/04/2019,"{'C#': 2, 'Java': 2, 'Ruby': 1, 'JavaScript': 1}",['Empathy'],"['Procrastination', 'Intolerant']",Yes,Yes,Yes,Fail,Engineering,13389
Florence Joseph,24/04/2019,"{'Python': 1, 'JavaScript': 5}","['Problem Solving', 'Determined']","['Perfectionist', 'Stubborn']",Yes,Yes,Yes,Pass,Business,13390
Lavinie De Quesne,02/04/2019,"{'Ruby': 2, 'R': 3}",['Composure'],"['Impatient', 'Indecisive', 'Passive']",Yes,Yes,Yes,Pass,Engineering,13391
Wileen Tolley,09/04/2019,"{'C#': 6, 'Ruby': 4, 'SPSS': 1, 'C++': 2}",['Reliable'],"['Chatty', 'Impatient']",Yes,Yes,Yes,Pass,Engineering,13392
Othilia Skypp,18/04/2019,"{'C#': 1, 'PHP': 1}","['Listening', 'Creative', 'Charisma']","['Selfish', 'Immature', 'Sensitive']",Yes,Yes,No,Fail,Engineering,13393
Susette Tregunnah,03/04/2019,"{'R': 3, 'SPSS': 2, 'C++': 4, 'JavaScript': 1}",['Collaboration'],['Stubborn'],Yes,Yes,Yes,Pass,Business,13394
Vernor Farrance,10/04/2019,"{'C#': 1, 'R': 4, 'SPSS': 2, 'C++': 2, 'JavaScript': 3}","['Composure', 'Listening', 'Empathy']","['Indifferent', 'Stubborn', 'Intolerant']",No,Yes,Yes,Fail,Business,13395
Winnifred Outright,25/04/2019,{'PHP': 1},['Reliable'],['Immature'],Yes,Yes,Yes,Pass,Business,13396
Dillon Gemnett,16/04/2019,"{'Python': 6, 'PHP': 3, 'C++': 5}","['Patient', 'Charisma']",['Distracted'],Yes,Yes,Yes,Pass,Business,13397
Elliot Howarth,23/04/2019,"{'Python': 2, 'C#': 1, 'Java': 2, 'SPSS': 2, 'PHP': 3, 'C++': 1}",['Independent'],"['Chaotic', 'Indifferent', 'Impatient']",Yes,Yes,Yes,Pass,Business,13398
Guinna Garford,17/04/2019,"{'R': 1, 'SPSS': 3, 'C++': 1, 'JavaScript': 4}","['Curious', 'Composure']","['Introverted', 'Stubborn', 'Slow']",Yes,Yes,Yes,Pass,Data,13399
Gunilla Davidi,24/04/2019,"{'Python': 2, 'C#': 1, 'Java': 3, 'Ruby': 2, 'R': 3, 'SPSS': 4, 'C++': 3, 'JavaScript': 2}","['Versatile', 'Competitive', 'Reliable']","['Slow', 'Undisciplined', 'Selfish']",Yes,Yes,Yes,Pass,Engineering,13400
Barbey Rickertsen,30/04/2019,"{'Python': 2, 'C#': 1}","['Charisma', 'Collaboration', 'Composure']",['Selfish'],Yes,Yes,Yes,Fail,Data,13401
Salvidor Cully,10/04/2019,"{'SPSS': 4, 'C++': 2}","['Independent', 'Altruism', 'Critical Thinking']","['Sensitive', 'Impulsive', 'Overbearing']",Yes,Yes,Yes,Pass,Business,13402
Bailey Antrim,25/04/2019,"{'Python': 3, 'C#': 1, 'Java': 4, 'R': 2, 'PHP': 2}","['Passionate', 'Listening', 'Perfectionism']",['Intolerant'],Yes,Yes,Yes,Pass,Business,13403
Leonid Coule,30/04/2019,"{'C#': 1, 'Ruby': 1, 'PHP': 4, 'C++': 5}","['Efficient', 'Perfectionism', 'Listening']",['Distracted'],Yes,No,Yes,Fail,Data,13404
Phyllida Mcdiarmid,25/04/2019,{'JavaScript': 2},"['Creative', 'Charisma']","['Anxious', 'Sensitive']",Yes,Yes,Yes,Pass,Business,13405
Vivien Beiderbeck,02/04/2019,"{'Python': 3, 'PHP': 2}","['Versatile', 'Passionate', 'Perfectionism']","['Distracted', 'Indecisive']",Yes,Yes,No,Fail,Data,13406
Suzy Blaisdell,17/04/2019,"{'C#': 2, 'Java': 1, 'R': 1}",['Listening'],"['Sensitive', 'Competitive', 'Selfish']",Yes,Yes,Yes,Pass,Engineering,13407
Todd Kohnert,10/04/2019,"{'Python': 3, 'C#': 2, 'R': 2, 'JavaScript': 2}","['Courteous', 'Ambitious']",['Overbearing'],Yes,Yes,Yes,Pass,Data,13408
Gunter Marzellano,10/04/2019,"{'Ruby': 3, 'R': 2, 'C++': 2, 'JavaScript': 4}",['Versatile'],['Controlling'],Yes,No,Yes,Fail,Business,13409
Shanda Glanester,23/04/2019,"{'C#': 1, 'Ruby': 5, 'C++': 1, 'JavaScript': 4}","['Critical Thinking', 'Competitive']",['Stubborn'],Yes,Yes,Yes,Pass,Engineering,13410
Enrique Garside,10/04/2019,"{'C#': 3, 'Ruby': 7}",['Reliable'],['Slow'],Yes,Yes,Yes,Fail,Engineering,13411
Viv Newby,11/04/2019,"{'Python': 6, 'SPSS': 5, 'JavaScript': 7}","['Courteous', 'Competitive']","['Intolerant', 'Distracted', 'Critical']",Yes,Yes,Yes,Pass,Data,13412
Hilda Winkett,10/04/2019,"{'Python': 2, 'SPSS': 3}","['Determined', 'Consistent', 'Perfectionism']","['Introverted', 'Indecisive']",Yes,No,Yes,Fail,Data,13413
Palm Jakovijevic,09/04/2019,"{'Python': 2, 'Ruby': 3, 'R': 1, 'PHP': 3}","['Innovative', 'Problem Solving']",['Anxious'],Yes,Yes,Yes,Pass,Engineering,13414
Herold Dionisetto,30/04/2019,{'Python': 2},"['Innovative', 'Determined', 'Organisation']",['Intolerant'],Yes,Yes,No,Fail,Data,13415
Darb Noor,04/04/2019,"{'Python': 1, 'JavaScript': 5}","['Versatile', 'Determined', 'Composure']",['Undisciplined'],Yes,Yes,Yes,Pass,Business,13416
Lynea Fitzsymon,09/04/2019,{'Python': 4},"['Empathy', 'Ambitious', 'Perfectionism']","['Procrastination', 'Indifferent', 'Stubborn']",Yes,Yes,No,Fail,Data,13417
Meredithe Ullyatt,23/04/2019,"{'Java': 1, 'SPSS': 1, 'C++': 2, 'JavaScript': 1}","['Curious', 'Patient', 'Innovative']","['Stubborn', 'Conventional']",Yes,Yes,Yes,Pass,Data,13418
Templeton Krzysztofiak,25/04/2019,"{'C#': 1, 'C++': 2}",['Charisma'],"['Overbearing', 'Critical', 'Controlling']",Yes,Yes,Yes,Pass,Engineering,13419
Gradey Connor,17/04/2019,"{'C#': 5, 'Java': 3, 'Ruby': 4, 'R': 3, 'JavaScript': 5}","['Reliable', 'Problem Solving', 'Creative']","['Introverted', 'Competitive']",Yes,Yes,Yes,Pass,Engineering,13420
Guthrie Klebes,23/04/2019,"{'Python': 1, 'Ruby': 1, 'R': 4, 'C++': 5}",['Independent'],"['Indifferent', 'Selfish']",Yes,Yes,Yes,Pass,Business,13421
Brion Grishechkin,03/04/2019,"{'Python': 4, 'Java': 1, 'R': 1, 'PHP': 2, 'JavaScript': 5}",['Creative'],"['Competitive', 'Procrastination', 'Stubborn']",Yes,Yes,Yes,Pass,Data,13422
Daniela Raffan,24/04/2019,"{'C#': 1, 'JavaScript': 3}",['Charisma'],['Immature'],Yes,Yes,Yes,Pass,Engineering,13423
Daniela Raffan,24/04/2019,"{'C#': 1, 'JavaScript': 3}",['Charisma'],['Immature'],Yes,Yes,Yes,Pass,Engineering,13424
Jimmy Sand,09/04/2019,"{'Java': 2, 'Ruby': 4}","['Determined', 'Passionate', 'Innovative']","['Overbearing', 'Indifferent']",Yes,Yes,Yes,Pass,Business,13425
Mamie Sperrett,23/04/2019,"{'Python': 3, 'Java': 4, 'Ruby': 3, 'R': 1, 'C++': 1}","['Versatile', 'Independent']",['Sensitive'],Yes,Yes,Yes,Pass,Engineering,13426
Roda Tours,23/04/2019,"{'C#': 5, 'Java': 1, 'Ruby': 7, 'PHP': 3}","['Independent', 'Innovative', 'Reliable']",['Undisciplined'],Yes,Yes,Yes,Fail,Data,13427
Idelle Pidgeley,25/04/2019,"{'Java': 1, 'SPSS': 5, 'PHP': 1, 'JavaScript': 6}",['Collaboration'],"['Overbearing', 'Passive']",Yes,Yes,Yes,Pass,Engineering,13428
Adah Spencers,04/04/2019,{'PHP': 4},"['Passionate', 'Perfectionism', 'Collaboration']","['Impulsive', 'Slow', 'Indifferent']",Yes,Yes,Yes,Pass,Business,13429
Teodora Redwood,25/04/2019,"{'C#': 2, 'Java': 3, 'R': 1}","['Curious', 'Efficient', 'Composure']",['Stubborn'],Yes,Yes,No,Fail,Business,13430
Ruth Harnor,24/04/2019,"{'Python': 3, 'SPSS': 5, 'PHP': 2, 'C++': 5}",['Reliable'],"['Controlling', 'Sensitive']",No,Yes,Yes,Fail,Data,13431
Mordecai Chamberlin,09/04/2019,"{'Python': 4, 'Java': 1, 'R': 2, 'C++': 1, 'JavaScript': 4}","['Determined', 'Perfectionism', 'Consistent']","['Procrastination', 'Indecisive']",Yes,Yes,Yes,Pass,Engineering,13432
Gillan Rosendorf,23/04/2019,"{'Java': 1, 'C++': 1}","['Curious', 'Creative', 'Problem Solving']","['Indecisive', 'Distracted', 'Undisciplined']",Yes,Yes,Yes,Fail,Data,13433
Gabbie Over,04/04/2019,{'Ruby': 5},['Innovative'],['Conventional'],Yes,Yes,Yes,Pass,Business,13434
Arlen Meacher,11/04/2019,"{'Python': 2, 'R': 2, 'PHP': 3, 'JavaScript': 5}","['Problem Solving', 'Ambitious', 'Creative']",['Impatient'],Yes,Yes,Yes,Pass,Data,13435
Law Massen,30/04/2019,"{'Python': 5, 'C#': 3, 'Java': 6, 'R': 1}",['Charisma'],"['Chatty', 'Competitive', 'Chaotic']",Yes,Yes,Yes,Pass,Engineering,13436
Leigha Pafford,11/04/2019,{'R': 1},['Innovative'],"['Slow', 'Competitive', 'Distracted']",No,Yes,Yes,Fail,Business,13437
Giles De Angelis,10/04/2019,"{'C#': 4, 'SPSS': 2}",['Courteous'],['Conventional'],Yes,Yes,Yes,Pass,Engineering,13438
Davey Mcdowell,10/04/2019,"{'Python': 5, 'C#': 4, 'Java': 2, 'JavaScript': 3}","['Collaboration', 'Reliable']","['Undisciplined', 'Sensitive']",Yes,Yes,No,Fail,Data,13439
Bud Carletto,04/04/2019,"{'Ruby': 1, 'R': 3, 'PHP': 1, 'JavaScript': 8}","['Organisation', 'Listening', 'Perfectionism']","['Introverted', 'Critical', 'Undisciplined']",Yes,Yes,Yes,Pass,Engineering,13440
Meagan Osmon,23/04/2019,"{'Python': 3, 'Java': 9, 'Ruby': 2, 'R': 1, 'SPSS': 7, 'JavaScript': 3}","['Reliable', 'Altruism', 'Determined']",['Impatient'],No,Yes,Yes,Fail,Engineering,13441
Deana Legonidec,25/04/2019,"{'R': 1, 'PHP': 2}","['Perfectionism', 'Patient', 'Composure']","['Indifferent', 'Distracted', 'Selfish']",Yes,Yes,Yes,Fail,Business,13442
Wileen Reckus,24/04/2019,"{'C#': 2, 'Ruby': 7, 'C++': 2}","['Collaboration', 'Determined']","['Procrastination', 'Overbearing', 'Chatty']",Yes,Yes,No,Fail,Data,13443
Wilmer Gealle,24/04/2019,"{'Ruby': 1, 'JavaScript': 4}",['Perfectionism'],['Undisciplined'],Yes,Yes,Yes,Pass,Business,13444
Shirl Bould,03/04/2019,"{'Python': 2, 'Java': 3, 'Ruby': 3, 'SPSS': 6, 'JavaScript': 4}",['Ambitious'],['Critical'],No,No,No,Fail,Business,13445
Sunny Menat,04/04/2019,"{'Java': 2, 'SPSS': 3, 'PHP': 2}",['Reliable'],"['Passive', 'Anxious']",Yes,No,Yes,Fail,Data,13446
Warde Zecchinii,24/04/2019,{'Ruby': 1},['Charisma'],"['Impulsive', 'Procrastination']",Yes,Yes,Yes,Fail,Data,13447
Amalea Tysack,11/04/2019,"{'C#': 2, 'Ruby': 4, 'SPSS': 1, 'JavaScript': 4}","['Empathy', 'Determined']","['Impulsive', 'Sensitive']",Yes,Yes,No,Fail,Business,13448
Mickey Lamport,10/04/2019,"{'Java': 2, 'Ruby': 2}","['Efficient', 'Patient', 'Listening']","['Intolerant', 'Impulsive', 'Critical']",Yes,Yes,Yes,Pass,Data,13449
Bart Bouttell,09/04/2019,"{'Python': 1, 'R': 1, 'SPSS': 7, 'PHP': 1}","['Composure', 'Altruism', 'Rational']","['Sensitive', 'Distracted']",Yes,No,No,Fail,Engineering,13450
Thatcher Frankish,18/04/2019,"{'C#': 5, 'SPSS': 3}","['Collaboration', 'Independent']","['Perfectionist', 'Conventional']",Yes,Yes,Yes,Pass,Business,13451
Myrna Bonafant,10/04/2019,"{'Python': 3, 'R': 5, 'SPSS': 5}","['Independent', 'Creative']",['Controlling'],Yes,Yes,No,Fail,Data,13452
Biddy Rapps,17/04/2019,"{'Python': 4, 'R': 5}","['Consistent', 'Patient', 'Reliable']","['Introverted', 'Competitive', 'Slow']",Yes,Yes,Yes,Pass,Business,13453
Jarib Rayhill,25/04/2019,"{'Python': 7, 'Java': 3, 'Ruby': 4, 'SPSS': 1, 'PHP': 3}",['Altruism'],"['Controlling', 'Indifferent', 'Competitive']",Yes,Yes,Yes,Fail,Engineering,13454
Lise Wildman,09/04/2019,"{'Python': 1, 'R': 2}",['Versatile'],['Critical'],Yes,Yes,Yes,Pass,Engineering,13455
Joycelin Doerffer,18/04/2019,"{'Python': 5, 'Java': 4, 'R': 1, 'JavaScript': 3}","['Altruism', 'Courteous']","['Conventional', 'Chatty', 'Passive']",Yes,No,Yes,Fail,Data,13456
Remington Hensmans,04/04/2019,"{'Python': 5, 'Ruby': 2, 'SPSS': 4}","['Collaboration', 'Creative']","['Chatty', 'Perfectionist']",Yes,Yes,Yes,Pass,Data,13457
Auberta Ruddick,11/04/2019,"{'C#': 5, 'Java': 3, 'SPSS': 6, 'PHP': 2}",['Versatile'],"['Passive', 'Slow']",Yes,Yes,Yes,Pass,Engineering,13458
Louise Dowse,16/04/2019,"{'Python': 4, 'Java': 5}","['Reliable', 'Altruism', 'Curious']",['Anxious'],Yes,Yes,Yes,Pass,Data,13459
Yelena Kelleway,16/04/2019,"{'C#': 1, 'Ruby': 2}",['Competitive'],"['Intolerant', 'Perfectionist', 'Distracted']",Yes,Yes,Yes,Pass,Engineering,13460
Luke Able,10/04/2019,"{'C#': 1, 'SPSS': 2, 'PHP': 4, 'C++': 2, 'JavaScript': 1}","['Organisation', 'Charisma', 'Patient']","['Indecisive', 'Perfectionist', 'Impatient']",Yes,Yes,No,Fail,Business,13461
Ave Waudby,25/04/2019,"{'C#': 1, 'Java': 2, 'R': 3, 'JavaScript': 5}",['Empathy'],['Impulsive'],Yes,Yes,Yes,Pass,Business,13462
Pearce Maxwale,04/04/2019,"{'R': 1, 'SPSS': 1, 'C++': 3}","['Reliable', 'Critical Thinking', 'Charisma']","['Impulsive', 'Intolerant']",Yes,Yes,Yes,Pass,Engineering,13463
Isabelita Alexandrou,16/04/2019,"{'C#': 2, 'SPSS': 3, 'JavaScript': 1}","['Reliable', 'Listening']","['Indifferent', 'Intolerant']",Yes,Yes,No,Fail,Data,13464
Kathlin Gibling,11/04/2019,"{'C#': 5, 'Ruby': 2, 'SPSS': 6, 'C++': 4}","['Curious', 'Perfectionism', 'Ambitious']",['Overbearing'],Yes,Yes,Yes,Pass,Data,13465
Thea Persey,04/04/2019,"{'C#': 1, 'Java': 2, 'Ruby': 3, 'C++': 5, 'JavaScript': 4}","['Patient', 'Courteous', 'Competitive']","['Intolerant', 'Sensitive']",Yes,Yes,Yes,Fail,Data,13466
Latisha Ibel,03/04/2019,"{'Ruby': 3, 'R': 2, 'JavaScript': 5}","['Passionate', 'Determined']","['Controlling', 'Introverted']",Yes,Yes,Yes,Pass,Business,13467
Howie Haith,02/04/2019,"{'Python': 4, 'C#': 2, 'Ruby': 5, 'SPSS': 2, 'PHP': 1}","['Composure', 'Ambitious', 'Charisma']","['Critical', 'Passive', 'Conventional']",Yes,Yes,Yes,Pass,Data,13468
Beth Tiner,17/04/2019,"{'Python': 4, 'Ruby': 1}","['Charisma', 'Problem Solving', 'Competitive']","['Intolerant', 'Controlling']",Yes,Yes,Yes,Pass,Engineering,13469
Josselyn Kaindl,02/04/2019,"{'C#': 4, 'R': 5, 'PHP': 3, 'C++': 2, 'JavaScript': 3}","['Critical Thinking', 'Perfectionism']","['Perfectionist', 'Distracted']",Yes,Yes,Yes,Pass,Business,13470
Fidela Dallywater,25/04/2019,{'C++': 3},['Empathy'],"['Impatient', 'Chatty']",Yes,Yes,Yes,Fail,Business,13471
Berry Codd,04/04/2019,"{'Python': 3, 'C#': 2, 'Ruby': 8, 'R': 5, 'SPSS': 4, 'JavaScript': 4}","['Independent', 'Altruism', 'Patient']",['Undisciplined'],Yes,No,No,Fail,Business,13472
Kariotta Barense,09/04/2019,"{'C#': 2, 'R': 1, 'SPSS': 2, 'C++': 3}","['Critical Thinking', 'Reliable', 'Competitive']","['Critical', 'Introverted', 'Perfectionist']",Yes,Yes,Yes,Pass,Business,13473
Dickie Kearton,16/04/2019,"{'Python': 3, 'Ruby': 2}","['Listening', 'Critical Thinking', 'Creative']","['Impulsive', 'Selfish', 'Distracted']",Yes,Yes,Yes,Pass,Data,13474
Garnette Zanussii,24/04/2019,"{'Java': 3, 'Ruby': 1}","['Efficient', 'Patient', 'Consistent']","['Sensitive', 'Chaotic']",Yes,Yes,Yes,Pass,Data,13475
Knox Mcgraw,30/04/2019,"{'C#': 1, 'R': 1, 'SPSS': 6, 'JavaScript': 5}",['Reliable'],"['Overbearing', 'Anxious']",Yes,Yes,Yes,Fail,Business,13476
Parke Coulthurst,11/04/2019,"{'C#': 3, 'SPSS': 2, 'PHP': 5, 'JavaScript': 4}","['Empathy', 'Collaboration']","['Chaotic', 'Indifferent']",Yes,Yes,No,Fail,Business,13477
Wendell Thomassen,18/04/2019,"{'C#': 2, 'Ruby': 4, 'R': 5, 'JavaScript': 5}","['Ambitious', 'Critical Thinking', 'Passionate']",['Anxious'],Yes,Yes,Yes,Pass,Engineering,13478
Ertha Nudds,25/04/2019,"{'Python': 5, 'C#': 3, 'SPSS': 2, 'C++': 4}","['Efficient', 'Problem Solving', 'Versatile']",['Passive'],Yes,Yes,No,Fail,Engineering,13479
Kayle Ferenc,17/04/2019,"{'Python': 3, 'Java': 1, 'R': 2, 'SPSS': 4, 'JavaScript': 4}","['Organisation', 'Determined']","['Conventional', 'Perfectionist']",Yes,Yes,Yes,Pass,Engineering,13480
Gonzalo Danniell,17/04/2019,"{'Python': 6, 'C#': 1, 'PHP': 4, 'C++': 6}","['Creative', 'Competitive']","['Introverted', 'Chaotic', 'Procrastination']",Yes,Yes,Yes,Fail,Engineering,13481
Lurleen Cestard,30/04/2019,"{'Python': 3, 'Java': 5, 'R': 2, 'SPSS': 3, 'PHP': 1}","['Composure', 'Courteous', 'Perfectionism']",['Slow'],Yes,Yes,No,Fail,Engineering,13482
Jacky Reilingen,04/04/2019,"{'C#': 2, 'Java': 6, 'R': 1, 'SPSS': 4}",['Versatile'],"['Indifferent', 'Intolerant', 'Introverted']",Yes,No,Yes,Fail,Business,13483
Phillis Lyfield,10/04/2019,"{'C#': 4, 'Java': 4, 'Ruby': 4, 'PHP': 1}","['Organisation', 'Independent', 'Determined']","['Sensitive', 'Overbearing', 'Impatient']",Yes,Yes,Yes,Pass,Engineering,13484
Celle Barlas,16/04/2019,"{'R': 2, 'C++': 1, 'JavaScript': 4}",['Problem Solving'],['Critical'],Yes,Yes,Yes,Pass,Engineering,13485
Scott Duny,11/04/2019,{'Ruby': 3},"['Reliable', 'Perfectionism', 'Problem Solving']",['Stubborn'],Yes,Yes,Yes,Pass,Data,13486
Boycey Matushenko,25/04/2019,"{'Python': 2, 'C#': 3, 'Java': 3, 'C++': 4}",['Independent'],"['Controlling', 'Stubborn']",Yes,Yes,No,Fail,Engineering,13487
Stillmann Castano,22/08/2019,"{'C#': 6, 'Java': 5, 'R': 2, 'JavaScript': 2}",['Charisma'],"['Distracted', 'Impulsive', 'Introverted']",Yes,Yes,Yes,Pass,Business,10383
Hilary Willmore,01/08/2019,"{'Python': 1, 'C#': 4, 'Java': 2, 'C++': 4}","['Patient', 'Curious', 'Problem Solving']","['Overbearing', 'Chatty', 'Indifferent']",No,Yes,Yes,Fail,Data,10384
Efrem Whipple,22/08/2019,"{'Ruby': 4, 'C++': 4}","['Courteous', 'Independent', 'Patient']","['Introverted', 'Impulsive', 'Anxious']",Yes,Yes,Yes,Pass,Business,10385
Sydel Fenne,28/08/2019,"{'Java': 3, 'SPSS': 4}",['Passionate'],"['Perfectionist', 'Sensitive']",Yes,Yes,Yes,Pass,Data,10386
Michel Lebarree,07/08/2019,"{'Python': 3, 'Java': 4, 'Ruby': 1, 'R': 2, 'PHP': 2, 'C++': 3}",['Versatile'],"['Controlling', 'Perfectionist', 'Chatty']",Yes,Yes,Yes,Pass,Engineering,10387
Cooper Ingraham,14/08/2019,"{'C#': 3, 'Java': 1, 'PHP': 4}","['Versatile', 'Rational']",['Immature'],Yes,Yes,No,Fail,Business,10388
Bird Le Count,22/08/2019,"{'SPSS': 3, 'PHP': 3, 'C++': 2}",['Collaboration'],"['Impatient', 'Conventional', 'Undisciplined']",Yes,Yes,Yes,Fail,Business,10389
Orly Lorens,01/08/2019,"{'Ruby': 2, 'R': 5, 'SPSS': 1, 'JavaScript': 1}","['Ambitious', 'Independent', 'Passionate']","['Conventional', 'Passive']",No,Yes,Yes,Fail,Business,10390
Hannah Messum,29/08/2019,"{'Python': 8, 'Ruby': 2, 'JavaScript': 2}","['Reliable', 'Passionate']",['Intolerant'],Yes,Yes,Yes,Fail,Data,10391
Gavin Lambregts,21/08/2019,"{'Python': 3, 'C#': 2, 'C++': 5, 'JavaScript': 1}","['Altruism', 'Empathy', 'Problem Solving']","['Chaotic', 'Selfish']",Yes,Yes,Yes,Pass,Data,10392
Letta Halston,08/08/2019,"{'PHP': 3, 'JavaScript': 4}","['Listening', 'Passionate']","['Perfectionist', 'Immature', 'Passive']",Yes,Yes,Yes,Fail,Business,10393
Rivalee Eagleton,08/08/2019,"{'Python': 3, 'Ruby': 4, 'JavaScript': 2}","['Organisation', 'Passionate', 'Versatile']","['Conventional', 'Sensitive', 'Introverted']",Yes,Yes,No,Fail,Engineering,10394
Neda Marmyon,15/08/2019,"{'Python': 4, 'Ruby': 5, 'R': 7, 'C++': 1}","['Curious', 'Ambitious', 'Consistent']",['Sensitive'],Yes,Yes,Yes,Pass,Data,10395
Kermy Caves,29/08/2019,{'PHP': 2},"['Versatile', 'Ambitious']","['Slow', 'Overbearing', 'Conventional']",Yes,No,Yes,Fail,Business,10396
Edithe Dimitrov,07/08/2019,"{'Python': 4, 'C#': 3, 'Java': 3}","['Passionate', 'Versatile']",['Undisciplined'],Yes,Yes,Yes,Pass,Engineering,10397
Aubert Cicerone,06/08/2019,"{'Python': 4, 'C#': 3, 'Ruby': 3, 'JavaScript': 3}","['Efficient', 'Independent']","['Indifferent', 'Sensitive', 'Introverted']",Yes,Yes,No,Fail,Data,10398
Erastus Mcelrath,14/08/2019,"{'Python': 3, 'C#': 3, 'SPSS': 2, 'PHP': 1}","['Problem Solving', 'Altruism']",['Indifferent'],Yes,No,No,Fail,Data,10399
Edgar Annesley,28/08/2019,"{'Python': 2, 'C#': 7, 'Ruby': 4, 'JavaScript': 2}",['Independent'],"['Controlling', 'Impulsive']",No,Yes,Yes,Fail,Data,10400
Haslett Steet,07/08/2019,,"['Problem Solving', 'Efficient', 'Patient']",['Undisciplined'],Yes,Yes,Yes,Pass,Engineering,10401
Kirbee Clementet,08/08/2019,{'C++': 1},['Determined'],['Anxious'],Yes,Yes,No,Fail,Engineering,10402
Marcellina Ping,21/08/2019,"{'C#': 4, 'Java': 5}","['Composure', 'Independent']","['Impulsive', 'Competitive', 'Controlling']",Yes,Yes,Yes,Pass,Business,10403
Violet Luscombe,14/08/2019,"{'Python': 2, 'C#': 1, 'Ruby': 2, 'C++': 3}","['Competitive', 'Empathy']",['Impulsive'],Yes,Yes,Yes,Pass,Data,10404
Phillis Wabey,06/08/2019,"{'Python': 1, 'C#': 3, 'R': 2, 'SPSS': 2}",['Problem Solving'],"['Overbearing', 'Impatient']",Yes,Yes,Yes,Pass,Data,10405
Maurice Yakhin,29/08/2019,"{'Ruby': 6, 'R': 4, 'SPSS': 4, 'C++': 2, 'JavaScript': 3}","['Composure', 'Problem Solving', 'Efficient']","['Impatient', 'Critical']",Yes,Yes,Yes,Pass,Engineering,10406
Wesley Tolerton,13/08/2019,,"['Determined', 'Problem Solving', 'Patient']","['Indecisive', 'Undisciplined']",No,Yes,Yes,Fail,Business,10407
Brittaney Roughey,15/08/2019,"{'R': 4, 'SPSS': 2}","['Perfectionism', 'Charisma']","['Overbearing', 'Conventional', 'Immature']",Yes,Yes,Yes,Pass,Engineering,10408
Saree Daens,15/08/2019,"{'C#': 1, 'R': 2}",['Reliable'],['Passive'],Yes,Yes,Yes,Pass,Engineering,10409
Mona Willimott,08/08/2019,"{'C#': 1, 'Java': 3, 'Ruby': 2, 'R': 1, 'PHP': 2, 'JavaScript': 2}",['Passionate'],"['Passive', 'Chatty']",Yes,Yes,Yes,Pass,Engineering,10410
Alvie Bleackly,01/08/2019,,['Perfectionism'],"['Impatient', 'Selfish', 'Indifferent']",Yes,Yes,Yes,Pass,Engineering,10411
Drud Tellenbrok,06/08/2019,"{'Python': 1, 'C#': 3, 'Ruby': 3}","['Empathy', 'Charisma']","['Slow', 'Anxious', 'Chatty']",Yes,Yes,Yes,Pass,Data,10412
Deck Itzchaki,01/08/2019,{'PHP': 1},['Reliable'],['Indifferent'],Yes,Yes,Yes,Pass,Business,10413
Charlie Danelut,14/08/2019,"{'Python': 3, 'R': 2, 'SPSS': 1}","['Efficient', 'Empathy', 'Independent']","['Indecisive', 'Chaotic']",Yes,No,Yes,Fail,Data,10414
Wilt Penritt,01/08/2019,{'JavaScript': 5},"['Collaboration', 'Curious']","['Slow', 'Sensitive']",No,Yes,Yes,Fail,Data,10415
Stevie Houliston,15/08/2019,"{'C#': 2, 'Java': 4, 'R': 1, 'SPSS': 6}",['Reliable'],['Overbearing'],Yes,Yes,Yes,Pass,Engineering,10416
Fairlie Cogzell,14/08/2019,"{'Python': 3, 'Java': 5, 'R': 2, 'SPSS': 4, 'PHP': 1, 'JavaScript': 1}","['Independent', 'Ambitious']","['Perfectionist', 'Introverted', 'Indecisive']",Yes,Yes,Yes,Pass,Business,10417
Beckie Aveling,22/08/2019,"{'C#': 4, 'Java': 6, 'SPSS': 1, 'JavaScript': 3}",['Curious'],['Slow'],Yes,Yes,Yes,Fail,Business,10418
Axe Mckall,15/08/2019,"{'Python': 2, 'Java': 3, 'Ruby': 4, 'PHP': 2}","['Rational', 'Innovative', 'Collaboration']","['Impatient', 'Distracted']",Yes,Yes,Yes,Pass,Business,10419
Marcela Pass,27/08/2019,"{'Python': 3, 'C++': 1}","['Curious', 'Passionate']",['Selfish'],Yes,No,Yes,Fail,Business,10420
Sauncho Aveson,13/08/2019,"{'Java': 2, 'Ruby': 1, 'PHP': 1}","['Rational', 'Innovative', 'Passionate']","['Immature', 'Competitive', 'Indifferent']",Yes,Yes,Yes,Pass,Data,10421
Shamus Mccomish,15/08/2019,"{'Ruby': 6, 'R': 1, 'C++': 2, 'JavaScript': 2}",['Versatile'],"['Distracted', 'Slow']",No,Yes,Yes,Fail,Engineering,10422
Andy Lown,22/08/2019,,"['Ambitious', 'Independent']","['Perfectionist', 'Procrastination']",Yes,Yes,Yes,Pass,Business,10423
Arny Coorington,14/08/2019,{'Java': 1},['Efficient'],['Competitive'],Yes,Yes,Yes,Pass,Engineering,10424
Devondra Blabey,15/08/2019,"{'Python': 4, 'R': 3, 'PHP': 2, 'JavaScript': 2}","['Creative', 'Passionate', 'Reliable']",['Distracted'],No,Yes,Yes,Fail,Engineering,10425
Irita Lyptrit,07/08/2019,"{'Java': 1, 'Ruby': 2}",['Problem Solving'],['Perfectionist'],Yes,Yes,Yes,Pass,Engineering,10426
Jae Rennolds,29/08/2019,"{'C#': 2, 'R': 3, 'SPSS': 3, 'PHP': 2, 'C++': 5}","['Consistent', 'Collaboration']",['Stubborn'],Yes,Yes,Yes,Pass,Data,10427
Marion Consadine,15/08/2019,"{'Python': 5, 'SPSS': 3, 'JavaScript': 4}","['Independent', 'Passionate']",['Overbearing'],Yes,Yes,Yes,Pass,Business,10428
Leonore Pettiford,13/08/2019,"{'Python': 3, 'C++': 4}",['Passionate'],"['Indifferent', 'Anxious']",Yes,Yes,Yes,Pass,Data,10429
Edvard Northen,07/08/2019,{'SPSS': 7},['Competitive'],['Controlling'],Yes,Yes,Yes,Pass,Data,10430
Oralla Peasgood,07/08/2019,"{'C#': 6, 'Java': 5, 'Ruby': 5, 'SPSS': 6}","['Versatile', 'Consistent', 'Passionate']","['Intolerant', 'Distracted', 'Impulsive']",Yes,No,Yes,Fail,Business,10431
Ly Ferro,13/08/2019,"{'Ruby': 1, 'PHP': 4, 'JavaScript': 1}","['Curious', 'Perfectionism', 'Determined']","['Selfish', 'Conventional']",Yes,No,Yes,Fail,Business,10432
Lindsey Gerwood,29/08/2019,"{'Python': 1, 'Java': 1, 'Ruby': 4, 'R': 4, 'C++': 6}","['Courteous', 'Ambitious', 'Versatile']","['Sensitive', 'Introverted']",Yes,Yes,Yes,Fail,Data,10433
Gianna Clevely,01/08/2019,"{'Python': 3, 'Java': 4}","['Independent', 'Competitive', 'Determined']","['Immature', 'Chaotic']",Yes,Yes,Yes,Pass,Business,10434
Celine Doree,15/08/2019,"{'C#': 8, 'Java': 4}","['Reliable', 'Curious', 'Courteous']",['Impatient'],Yes,Yes,Yes,Pass,Data,10435
Karlene Hughill,21/08/2019,"{'C#': 2, 'Ruby': 1, 'C++': 2, 'JavaScript': 1}","['Courteous', 'Determined']","['Controlling', 'Intolerant', 'Conventional']",Yes,Yes,Yes,Pass,Data,10436
Sayre Webberley,14/08/2019,"{'Python': 5, 'C#': 3, 'Java': 1, 'PHP': 2, 'C++': 5}",['Independent'],"['Perfectionist', 'Distracted']",Yes,Yes,No,Fail,Engineering,10437
Phyllys Baelde,15/08/2019,"{'Python': 1, 'R': 3, 'PHP': 3}","['Charisma', 'Collaboration', 'Listening']",['Indecisive'],Yes,Yes,Yes,Pass,Data,10438
Samuele Whear,20/08/2019,"{'Python': 4, 'Java': 2, 'C++': 1}","['Rational', 'Passionate']","['Stubborn', 'Impulsive']",Yes,No,Yes,Fail,Business,10439
Darcey Mordin,27/08/2019,"{'Java': 1, 'SPSS': 1}","['Curious', 'Empathy', 'Creative']","['Anxious', 'Slow', 'Competitive']",Yes,Yes,Yes,Pass,Business,10440
Pamelina Itzkovsky,13/08/2019,"{'Java': 2, 'Ruby': 5}","['Curious', 'Perfectionism', 'Determined']","['Impatient', 'Passive', 'Intolerant']",Yes,Yes,Yes,Pass,Engineering,10441
Pamelina Itzkovsky,13/08/2019,"{'Java': 2, 'Ruby': 5}","['Curious', 'Perfectionism', 'Determined']","['Impatient', 'Passive', 'Intolerant']",Yes,Yes,Yes,Pass,Engineering,10442
Laurel Gillogley,21/08/2019,"{'Ruby': 4, 'C++': 3, 'JavaScript': 2}",['Ambitious'],"['Chatty', 'Distracted', 'Slow']",Yes,No,Yes,Fail,Engineering,10443
Quinta Cowdray,28/08/2019,"{'Python': 1, 'SPSS': 2, 'JavaScript': 3}",['Consistent'],"['Conventional', 'Intolerant']",Yes,Yes,Yes,Pass,Engineering,10444
Cecile Lates,15/08/2019,"{'SPSS': 5, 'C++': 4}",['Perfectionism'],"['Slow', 'Impulsive']",Yes,Yes,Yes,Fail,Engineering,10445
Seumas Lemonby,14/08/2019,"{'C#': 1, 'PHP': 2, 'C++': 1}","['Altruism', 'Empathy', 'Innovative']",['Distracted'],Yes,Yes,Yes,Pass,Engineering,10446
Gale Quartley,13/08/2019,"{'Java': 7, 'Ruby': 2, 'R': 2}","['Rational', 'Organisation', 'Consistent']",['Procrastination'],Yes,Yes,Yes,Pass,Data,10447
Dorrie Srutton,22/08/2019,{'C#': 1},['Charisma'],"['Introverted', 'Sensitive']",No,Yes,Yes,Fail,Engineering,10448
Benny Tichelaar,21/08/2019,"{'Java': 1, 'SPSS': 1, 'JavaScript': 4}",['Problem Solving'],"['Impulsive', 'Stubborn']",No,No,Yes,Fail,Data,10449
Avrit Gawith,15/08/2019,"{'C#': 2, 'SPSS': 4, 'JavaScript': 3}",['Versatile'],"['Introverted', 'Chaotic']",Yes,Yes,Yes,Pass,Business,10450
Berti Dennehy,22/08/2019,"{'SPSS': 2, 'PHP': 5, 'C++': 8}",['Consistent'],"['Stubborn', 'Anxious', 'Competitive']",Yes,Yes,Yes,Fail,Data,10451
Rockey Robarts,14/08/2019,"{'Python': 6, 'Java': 3}","['Composure', 'Charisma', 'Rational']","['Indifferent', 'Sensitive']",Yes,Yes,Yes,Pass,Engineering,10452
Eloisa Ewert,21/08/2019,"{'C#': 2, 'Ruby': 2, 'PHP': 1}",['Efficient'],"['Anxious', 'Chatty']",Yes,Yes,No,Fail,Business,10453
Mireille Risom,21/08/2019,"{'SPSS': 3, 'PHP': 2}","['Passionate', 'Reliable', 'Altruism']","['Chatty', 'Critical', 'Passive']",Yes,Yes,Yes,Pass,Data,10454
Sharl Daggett,22/08/2019,"{'Ruby': 1, 'R': 1, 'SPSS': 1, 'JavaScript': 3}","['Efficient', 'Perfectionism']",['Controlling'],Yes,Yes,Yes,Pass,Engineering,10455
Nikolos Yashin,15/08/2019,"{'Java': 2, 'R': 5, 'C++': 2, 'JavaScript': 3}","['Empathy', 'Curious']","['Chaotic', 'Stubborn']",Yes,Yes,Yes,Fail,Business,10456
Shela Mccall,14/08/2019,"{'SPSS': 3, 'PHP': 1, 'C++': 1}","['Courteous', 'Curious', 'Organisation']","['Stubborn', 'Procrastination']",Yes,Yes,Yes,Fail,Engineering,10457
Sonnie Malenfant,14/08/2019,"{'Python': 4, 'Ruby': 2, 'SPSS': 3, 'C++': 6}","['Organisation', 'Courteous']",['Perfectionist'],Yes,Yes,Yes,Pass,Business,10458
Mahmud Molineux,20/08/2019,"{'Python': 7, 'Ruby': 7, 'C++': 2, 'JavaScript': 1}","['Rational', 'Charisma']","['Chatty', 'Distracted', 'Sensitive']",Yes,Yes,Yes,Pass,Business,10459
Dylan Llewellen,29/08/2019,"{'Python': 2, 'C#': 1, 'R': 5, 'SPSS': 1}","['Perfectionism', 'Ambitious']","['Undisciplined', 'Intolerant', 'Perfectionist']",Yes,Yes,No,Fail,Data,10460
Yvor Phalip,01/08/2019,"{'C#': 2, 'Java': 3, 'Ruby': 7, 'R': 1}","['Charisma', 'Creative', 'Curious']","['Intolerant', 'Procrastination', 'Immature']",Yes,Yes,No,Fail,Data,10461
Berry Freed,29/08/2019,{'PHP': 3},"['Competitive', 'Versatile']",['Immature'],Yes,Yes,Yes,Pass,Business,10462
Marielle Knivett,01/08/2019,"{'C#': 5, 'Ruby': 4, 'R': 5, 'SPSS': 7, 'PHP': 1}",['Critical Thinking'],"['Overbearing', 'Indecisive']",Yes,No,Yes,Fail,Business,10463
Emmanuel Deniske,15/08/2019,"{'Python': 1, 'Java': 3, 'C++': 1}","['Passionate', 'Altruism', 'Courteous']","['Overbearing', 'Procrastination']",Yes,Yes,Yes,Pass,Data,10464
Kerr Coucha,07/08/2019,"{'Python': 7, 'C#': 1, 'R': 2, 'SPSS': 3, 'C++': 6}",['Curious'],"['Controlling', 'Sensitive', 'Distracted']",Yes,Yes,Yes,Pass,Data,10465
Dulci Mcgrayle,21/08/2019,"{'Java': 2, 'R': 3, 'PHP': 1, 'JavaScript': 6}","['Versatile', 'Creative']","['Chatty', 'Sensitive']",Yes,Yes,Yes,Pass,Data,10466
Shandee Blaschke,21/08/2019,"{'Python': 3, 'C#': 3, 'Ruby': 4, 'C++': 1}",['Critical Thinking'],['Stubborn'],No,Yes,Yes,Fail,Engineering,10467
Paul Chislett,14/08/2019,{'Java': 4},"['Composure', 'Organisation']","['Procrastination', 'Impatient', 'Conventional']",Yes,Yes,No,Fail,Engineering,10468
Florri Loughton,01/08/2019,{'C#': 1},['Ambitious'],"['Indifferent', 'Critical', 'Conventional']",No,Yes,Yes,Fail,Engineering,10469
Hildy Landre,08/08/2019,"{'C#': 3, 'R': 1, 'JavaScript': 3}","['Perfectionism', 'Courteous']",['Indifferent'],No,Yes,Yes,Fail,Data,10470
Berny Botler,06/08/2019,"{'Python': 4, 'Java': 6, 'Ruby': 2, 'SPSS': 3, 'PHP': 4}","['Altruism', 'Collaboration']",['Impulsive'],Yes,Yes,Yes,Pass,Data,10471
Merell Tremmil,13/08/2019,"{'SPSS': 4, 'C++': 6}","['Perfectionism', 'Collaboration', 'Patient']",['Indifferent'],Yes,Yes,Yes,Fail,Engineering,10472
Ileana Chewter,21/08/2019,"{'Python': 4, 'Java': 2, 'Ruby': 5, 'C++': 6, 'JavaScript': 2}","['Passionate', 'Versatile']",['Competitive'],Yes,Yes,Yes,Pass,Business,10473
Ilario Yeates,13/08/2019,"{'Python': 4, 'C#': 1, 'R': 3}",['Listening'],['Procrastination'],No,Yes,Yes,Fail,Engineering,10474
Winnie Lewerenz,06/08/2019,"{'C#': 4, 'R': 2, 'JavaScript': 2}",['Patient'],['Indecisive'],Yes,No,Yes,Fail,Business,10475
Garwood Strowan,20/08/2019,"{'Java': 3, 'C++': 3, 'JavaScript': 2}","['Consistent', 'Creative']","['Chatty', 'Impulsive']",No,Yes,Yes,Fail,Data,10476
Herb Mcilmorie,08/08/2019,"{'Java': 3, 'Ruby': 2, 'R': 2, 'SPSS': 4, 'PHP': 7, 'C++': 1}",['Determined'],"['Sensitive', 'Passive']",Yes,Yes,Yes,Pass,Data,10477
Ingunna Adin,01/08/2019,"{'Java': 6, 'R': 4, 'C++': 3, 'JavaScript': 3}","['Charisma', 'Altruism', 'Perfectionism']","['Competitive', 'Indifferent', 'Chaotic']",Yes,Yes,Yes,Pass,Data,10478
Frazier Bayston,29/08/2019,"{'C#': 2, 'Ruby': 4, 'SPSS': 3, 'C++': 1, 'JavaScript': 5}",['Altruism'],['Impulsive'],Yes,No,Yes,Fail,Data,10479
Hewett Lamputt,13/08/2019,"{'C#': 1, 'Ruby': 2, 'R': 6, 'PHP': 1, 'C++': 5, 'JavaScript': 3}","['Rational', 'Determined', 'Organisation']","['Slow', 'Controlling', 'Anxious']",Yes,Yes,Yes,Pass,Engineering,10480
Rodger Bendelow,22/08/2019,"{'Python': 6, 'SPSS': 3}","['Courteous', 'Rational']","['Selfish', 'Impatient']",Yes,Yes,Yes,Pass,Data,10481
Archer Hobben,14/08/2019,"{'Python': 2, 'Ruby': 4}","['Independent', 'Problem Solving']","['Critical', 'Indecisive']",Yes,Yes,Yes,Fail,Business,10482
Stephani Prettyman,22/08/2019,"{'Python': 1, 'Java': 1, 'SPSS': 2, 'C++': 4, 'JavaScript': 1}","['Listening', 'Independent', 'Organisation']",['Selfish'],Yes,Yes,Yes,Pass,Engineering,10483
Pepi Bome,20/08/2019,"{'C#': 1, 'Ruby': 5, 'SPSS': 2, 'PHP': 1, 'JavaScript': 2}","['Competitive', 'Charisma']","['Slow', 'Indifferent', 'Selfish']",Yes,Yes,Yes,Pass,Engineering,10484
Loella Lonnon,06/08/2019,{'C++': 6},['Empathy'],"['Introverted', 'Conventional', 'Undisciplined']",Yes,Yes,No,Fail,Data,10485
Darrin Stoffel,08/08/2019,"{'SPSS': 3, 'PHP': 2}",['Altruism'],"['Conventional', 'Introverted']",Yes,Yes,Yes,Pass,Business,10486
Mitchel Bates,14/08/2019,"{'Python': 2, 'C#': 2, 'Java': 3, 'SPSS': 2, 'JavaScript': 3}",['Problem Solving'],['Stubborn'],Yes,Yes,No,Fail,Engineering,10487
Miles Water,08/08/2019,"{'C#': 2, 'Java': 2, 'PHP': 2, 'JavaScript': 4}","['Charisma', 'Passionate', 'Creative']","['Slow', 'Intolerant', 'Sensitive']",Yes,Yes,Yes,Pass,Business,10488
Fanni Polhill,28/08/2019,"{'Python': 2, 'C#': 3, 'SPSS': 6}","['Perfectionism', 'Efficient', 'Listening']","['Indecisive', 'Indifferent', 'Undisciplined']",Yes,Yes,Yes,Fail,Engineering,10489
Genvieve Arnke,22/08/2019,"{'Ruby': 3, 'PHP': 2}","['Reliable', 'Patient', 'Rational']","['Selfish', 'Chatty']",No,Yes,Yes,Fail,Business,10490
Alicia Hruska,28/08/2019,"{'C#': 3, 'Java': 4, 'R': 4}","['Altruism', 'Competitive', 'Charisma']",['Indifferent'],Yes,Yes,Yes,Pass,Business,10491
Mella Aubin,15/08/2019,"{'Ruby': 6, 'R': 3, 'SPSS': 4}",['Listening'],['Introverted'],Yes,Yes,Yes,Pass,Data,10492
George Huckstepp,06/08/2019,"{'C#': 1, 'Java': 2, 'R': 2}","['Perfectionism', 'Listening', 'Ambitious']","['Anxious', 'Indifferent']",No,Yes,Yes,Fail,Engineering,10493
Joelie Elfitt,29/08/2019,"{'Python': 1, 'C#': 4}",['Problem Solving'],['Chatty'],Yes,Yes,No,Fail,Business,10494
Omar Rodrigo,27/08/2019,"{'Ruby': 3, 'JavaScript': 1}","['Composure', 'Versatile']","['Impatient', 'Slow', 'Critical']",Yes,No,Yes,Fail,Engineering,10495
Cal Loache,15/08/2019,"{'Python': 3, 'C#': 3, 'Ruby': 2, 'R': 7, 'SPSS': 1, 'PHP': 2, 'JavaScript': 1}","['Ambitious', 'Reliable', 'Determined']","['Sensitive', 'Indifferent']",Yes,Yes,Yes,Fail,Business,10496
Tully Mcdoual,07/08/2019,"{'Python': 4, 'Ruby': 3, 'R': 1}",['Rational'],"['Stubborn', 'Indifferent']",Yes,Yes,Yes,Pass,Engineering,10497
Molli Brayfield,22/08/2019,"{'Java': 4, 'R': 3, 'SPSS': 3, 'PHP': 3}",['Listening'],"['Perfectionist', 'Conventional']",Yes,Yes,Yes,Pass,Data,10498
Janaya Mawford,01/08/2019,"{'Python': 7, 'R': 1}","['Problem Solving', 'Efficient']","['Stubborn', 'Indecisive', 'Undisciplined']",Yes,Yes,Yes,Pass,Data,10499
Lazarus Hooke,29/08/2019,"{'Java': 1, 'R': 1}","['Independent', 'Perfectionism']",['Immature'],No,Yes,Yes,Fail,Data,10500
Sidney Le Batteur,08/08/2019,{'JavaScript': 1},['Listening'],"['Intolerant', 'Conventional', 'Undisciplined']",Yes,Yes,Yes,Pass,Data,10501
Maryellen Vasovic,20/08/2019,"{'Java': 3, 'Ruby': 4, 'PHP': 1, 'JavaScript': 4}","['Problem Solving', 'Altruism', 'Patient']","['Indecisive', 'Procrastination', 'Undisciplined']",Yes,Yes,Yes,Pass,Data,10502
Winona Rubinowitz,29/08/2019,"{'C#': 1, 'Ruby': 3, 'JavaScript': 3}",['Courteous'],['Controlling'],Yes,Yes,Yes,Pass,Engineering,10503
Dur Plom,14/08/2019,"{'C#': 1, 'Ruby': 2, 'R': 4, 'SPSS': 4, 'PHP': 1, 'C++': 3}","['Consistent', 'Innovative']","['Indifferent', 'Indecisive', 'Controlling']",Yes,Yes,Yes,Fail,Engineering,10504
Gisela Aisbett,15/08/2019,"{'Java': 1, 'SPSS': 3, 'JavaScript': 1}","['Efficient', 'Critical Thinking', 'Creative']","['Chaotic', 'Conventional']",Yes,Yes,Yes,Pass,Engineering,10505
Appolonia Jovis,29/08/2019,"{'Java': 7, 'R': 5, 'SPSS': 7, 'PHP': 1, 'C++': 4}","['Passionate', 'Composure', 'Determined']",['Anxious'],Yes,No,No,Fail,Business,10506
Diandra Dyhouse,27/08/2019,"{'Python': 6, 'Java': 3, 'C++': 3}","['Collaboration', 'Determined', 'Consistent']","['Slow', 'Conventional']",Yes,Yes,Yes,Pass,Business,10507
Cornall Offer,01/08/2019,"{'Java': 1, 'C++': 4}",['Creative'],"['Distracted', 'Overbearing']",Yes,No,Yes,Fail,Data,10508
Dominique Narbett,20/08/2019,"{'Ruby': 4, 'R': 6, 'SPSS': 6}","['Competitive', 'Critical Thinking', 'Courteous']","['Immature', 'Chatty', 'Critical']",Yes,Yes,Yes,Pass,Business,10509
Gusti Horrod,27/08/2019,"{'Java': 3, 'R': 3, 'PHP': 1}","['Empathy', 'Courteous']",['Indifferent'],Yes,Yes,Yes,Pass,Data,10510
Brnaby Bownes,01/08/2019,"{'Python': 4, 'C#': 5, 'Java': 5, 'Ruby': 4, 'SPSS': 3, 'C++': 2}","['Efficient', 'Passionate']",['Introverted'],Yes,Yes,Yes,Pass,Engineering,10511
Berky Bailey,28/08/2019,"{'Python': 2, 'C#': 5, 'JavaScript': 5}","['Competitive', 'Empathy']","['Distracted', 'Passive', 'Stubborn']",Yes,Yes,Yes,Pass,Business,10512
Harriett Saffin,28/08/2019,"{'Python': 1, 'C#': 2, 'Ruby': 4, 'R': 1}","['Innovative', 'Consistent', 'Collaboration']",['Impulsive'],Yes,Yes,Yes,Pass,Business,10513
Pooh Christy,28/08/2019,"{'Python': 5, 'C#': 2, 'Java': 2, 'C++': 1}","['Curious', 'Perfectionism', 'Critical Thinking']",['Perfectionist'],Yes,Yes,Yes,Pass,Data,10514
Tris Landrean,29/08/2019,"{'Java': 1, 'SPSS': 1, 'C++': 1}","['Innovative', 'Empathy']","['Passive', 'Selfish', 'Chaotic']",Yes,Yes,Yes,Pass,Data,10515
Derk Andress,13/08/2019,"{'R': 4, 'C++': 2}","['Curious', 'Altruism', 'Collaboration']","['Perfectionist', 'Chatty', 'Undisciplined']",Yes,Yes,Yes,Pass,Business,10516
Engelbert Vahl,21/08/2019,"{'Java': 2, 'C++': 4, 'JavaScript': 3}","['Courteous', 'Reliable']","['Chaotic', 'Undisciplined']",Yes,Yes,Yes,Pass,Data,10517
Prentiss Godman,20/08/2019,"{'Java': 3, 'Ruby': 3, 'C++': 1}","['Altruism', 'Collaboration']","['Controlling', 'Impulsive']",Yes,Yes,Yes,Fail,Engineering,10518
Angel Hulson,14/08/2019,"{'C#': 5, 'Ruby': 1, 'R': 2, 'C++': 2}","['Consistent', 'Independent']","['Chaotic', 'Controlling', 'Critical']",Yes,Yes,Yes,Fail,Business,10519
Mike Milliere,06/08/2019,"{'Java': 2, 'R': 2}","['Patient', 'Perfectionism']","['Selfish', 'Indifferent']",Yes,Yes,Yes,Pass,Engineering,10520
Gayleen Petru,14/08/2019,"{'Python': 1, 'Ruby': 1}","['Versatile', 'Problem Solving']",['Distracted'],Yes,Yes,Yes,Pass,Business,10521
Jozef Burr,07/08/2019,"{'Java': 2, 'R': 1, 'SPSS': 2, 'PHP': 1}","['Organisation', 'Patient', 'Problem Solving']","['Chatty', 'Anxious']",Yes,Yes,Yes,Pass,Engineering,10522
Allina Grelka,28/08/2019,"{'Java': 3, 'R': 4, 'SPSS': 5, 'PHP': 3, 'C++': 1}","['Courteous', 'Empathy', 'Organisation']",['Critical'],Yes,Yes,Yes,Pass,Engineering,10523
Carr Kensall,20/08/2019,"{'C#': 4, 'Ruby': 2, 'R': 1, 'SPSS': 3, 'PHP': 2, 'JavaScript': 3}","['Creative', 'Reliable']",['Chatty'],Yes,No,Yes,Fail,Business,10524
Nil Macpaike,06/08/2019,"{'C#': 2, 'Java': 1, 'R': 1}","['Problem Solving', 'Courteous']","['Controlling', 'Introverted', 'Overbearing']",Yes,Yes,Yes,Pass,Business,10525
Jessie Petriello,06/08/2019,"{'Java': 1, 'PHP': 2}","['Passionate', 'Versatile']",['Critical'],Yes,Yes,Yes,Pass,Engineering,10526
George O'Duane,06/08/2019,"{'Python': 1, 'R': 1, 'JavaScript': 4}","['Altruism', 'Efficient', 'Competitive']","['Controlling', 'Critical', 'Competitive']",Yes,Yes,Yes,Pass,Data,10527
Mendie Mcbean,15/08/2019,{'C++': 5},"['Composure', 'Independent', 'Innovative']","['Impulsive', 'Conventional', 'Introverted']",Yes,Yes,Yes,Pass,Engineering,10528
Roze Yepiskopov,21/08/2019,"{'C#': 2, 'SPSS': 5, 'PHP': 3, 'C++': 8}",['Perfectionism'],['Chatty'],Yes,Yes,Yes,Pass,Engineering,10529
Boote Moan,20/08/2019,"{'Python': 1, 'C#': 5, 'Java': 1, 'C++': 2}",['Altruism'],['Chaotic'],Yes,Yes,Yes,Pass,Business,10530
Tito Greiswood,20/08/2019,"{'Ruby': 2, 'PHP': 3, 'C++': 4, 'JavaScript': 4}","['Composure', 'Independent']","['Conventional', 'Passive', 'Chaotic']",Yes,Yes,Yes,Pass,Engineering,10531
Reg Vandenhoff,27/08/2019,"{'Ruby': 7, 'R': 5, 'SPSS': 4, 'JavaScript': 3}",['Independent'],"['Competitive', 'Overbearing']",Yes,Yes,Yes,Pass,Data,10532
Ravid Leyninye,06/08/2019,"{'Java': 1, 'JavaScript': 2}","['Efficient', 'Competitive']","['Undisciplined', 'Stubborn']",Yes,Yes,Yes,Pass,Data,10533
Ninetta Joyce,06/08/2019,"{'Python': 1, 'C#': 2, 'JavaScript': 4}","['Collaboration', 'Perfectionism']","['Selfish', 'Critical', 'Stubborn']",Yes,Yes,Yes,Pass,Data,10534
Rozalin Summerscales,28/08/2019,"{'Python': 5, 'R': 5}","['Altruism', 'Collaboration', 'Empathy']","['Chaotic', 'Indifferent']",Yes,Yes,Yes,Pass,Engineering,10535
Rafi Andrzejczak,07/08/2019,"{'Python': 6, 'Java': 2}","['Critical Thinking', 'Innovative']","['Chatty', 'Undisciplined', 'Selfish']",Yes,No,Yes,Fail,Business,10536
Rafi Andrzejczak,07/08/2019,"{'Python': 6, 'Java': 2}","['Critical Thinking', 'Innovative']","['Chatty', 'Undisciplined', 'Selfish']",Yes,No,Yes,Fail,Business,10537
Mead Stolting,29/08/2019,"{'Java': 1, 'R': 2, 'SPSS': 7, 'PHP': 2}","['Courteous', 'Efficient']","['Sensitive', 'Indifferent']",Yes,No,Yes,Fail,Data,10538
Chickie Kezar,21/08/2019,"{'SPSS': 7, 'C++': 2, 'JavaScript': 5}","['Problem Solving', 'Altruism', 'Ambitious']","['Undisciplined', 'Procrastination']",Yes,Yes,No,Fail,Business,10539
Cornall Wastall,15/08/2019,"{'SPSS': 3, 'C++': 1}","['Innovative', 'Efficient']","['Indifferent', 'Critical', 'Impatient']",Yes,Yes,Yes,Pass,Engineering,10540
Carlin Stellino,20/08/2019,{'Python': 5},"['Consistent', 'Efficient']","['Chatty', 'Overbearing']",Yes,Yes,No,Fail,Engineering,10541
Sherline Cudihy,01/08/2019,"{'Python': 1, 'Java': 3, 'Ruby': 2, 'R': 2, 'SPSS': 5}",['Perfectionism'],['Sensitive'],Yes,Yes,Yes,Pass,Data,10542
Burnard Fielden,21/08/2019,"{'Python': 5, 'C#': 2, 'SPSS': 2}",['Independent'],"['Slow', 'Indifferent', 'Selfish']",Yes,No,Yes,Fail,Data,10543
Valle Humby,21/08/2019,"{'Python': 2, 'C#': 1, 'Ruby': 2, 'SPSS': 5, 'JavaScript': 2}",['Competitive'],"['Perfectionist', 'Intolerant']",Yes,Yes,Yes,Pass,Engineering,10544
Jillie Howles,27/08/2019,"{'Java': 5, 'Ruby': 2, 'SPSS': 4, 'PHP': 1}","['Consistent', 'Independent', 'Composure']",['Chaotic'],Yes,Yes,No,Fail,Data,10545
Chucho Galfour,13/08/2019,"{'Python': 1, 'Java': 2, 'R': 7, 'SPSS': 2}","['Problem Solving', 'Ambitious', 'Courteous']","['Chatty', 'Procrastination', 'Overbearing']",Yes,Yes,Yes,Pass,Engineering,10546
Orland Glaisner,13/08/2019,{'JavaScript': 2},"['Charisma', 'Courteous', 'Collaboration']","['Distracted', 'Critical', 'Competitive']",Yes,Yes,Yes,Pass,Engineering,10547
Luz Gasparro,08/08/2019,"{'Python': 3, 'PHP': 1}","['Creative', 'Listening', 'Altruism']","['Anxious', 'Critical']",Yes,Yes,Yes,Pass,Engineering,10548
Melesa Mault,07/08/2019,"{'Java': 5, 'SPSS': 1}","['Altruism', 'Problem Solving', 'Versatile']",['Competitive'],Yes,No,Yes,Fail,Data,10549
Trudie Kiellor,06/08/2019,{'Python': 3},"['Collaboration', 'Curious', 'Passionate']",['Intolerant'],Yes,Yes,Yes,Pass,Data,10550
Nancie Sazio,15/08/2019,"{'R': 3, 'PHP': 4}",['Altruism'],"['Overbearing', 'Selfish']",Yes,Yes,Yes,Pass,Engineering,10551
Welby Wishkar,14/08/2019,"{'Java': 7, 'Ruby': 3, 'PHP': 4, 'C++': 3}","['Problem Solving', 'Passionate']",['Competitive'],Yes,Yes,Yes,Fail,Business,10552
Carce Capel,28/08/2019,"{'Python': 5, 'R': 1, 'SPSS': 2, 'PHP': 1, 'C++': 3, 'JavaScript': 2}","['Courteous', 'Versatile', 'Organisation']",['Undisciplined'],No,Yes,Yes,Fail,Business,10553
Oralia Barrat,27/08/2019,"{'C#': 2, 'R': 3}","['Composure', 'Patient']",['Introverted'],Yes,Yes,Yes,Pass,Data,10554
Katuscha Ransfield,07/08/2019,"{'C#': 5, 'Java': 4, 'Ruby': 3, 'C++': 3, 'JavaScript': 2}","['Altruism', 'Innovative']",['Introverted'],Yes,No,Yes,Fail,Engineering,10555
Norene Fierro,01/08/2019,"{'Python': 6, 'C++': 3}","['Efficient', 'Empathy']",['Stubborn'],Yes,No,Yes,Fail,Business,10556
Mylo Sudell,06/08/2019,{'R': 1},"['Creative', 'Critical Thinking']",['Passive'],Yes,Yes,Yes,Pass,Data,10557
Shannon Hartman,21/08/2019,"{'C#': 1, 'Ruby': 2, 'SPSS': 2, 'C++': 2, 'JavaScript': 1}","['Collaboration', 'Problem Solving']",['Indecisive'],Yes,Yes,Yes,Fail,Engineering,10558
Blakeley Strood,06/08/2019,"{'Python': 3, 'SPSS': 3}","['Empathy', 'Competitive']",['Procrastination'],Yes,Yes,Yes,Pass,Data,10559
Rafi Downse,21/08/2019,"{'Python': 2, 'Java': 1, 'Ruby': 3, 'R': 8, 'SPSS': 3, 'JavaScript': 1}","['Rational', 'Innovative', 'Versatile']","['Introverted', 'Undisciplined', 'Stubborn']",Yes,Yes,Yes,Pass,Engineering,10560
Demetrius Tunstall,07/08/2019,"{'C#': 2, 'SPSS': 2}",['Collaboration'],"['Competitive', 'Introverted', 'Overbearing']",Yes,Yes,Yes,Pass,Engineering,10561
Melinde Darton,21/08/2019,{'JavaScript': 4},['Courteous'],"['Controlling', 'Critical', 'Conventional']",Yes,Yes,Yes,Pass,Business,10562
Dulcea Perl,22/08/2019,"{'C#': 4, 'JavaScript': 5}","['Creative', 'Empathy', 'Innovative']",['Distracted'],Yes,Yes,Yes,Pass,Engineering,10563
Milton Conaghan,08/08/2019,"{'C#': 5, 'Java': 2, 'R': 1, 'PHP': 4, 'C++': 4, 'JavaScript': 1}","['Collaboration', 'Consistent']","['Distracted', 'Sensitive']",Yes,Yes,Yes,Pass,Engineering,10564
Chere Siddens,29/08/2019,{'Java': 5},"['Competitive', 'Listening', 'Curious']","['Sensitive', 'Competitive']",No,Yes,No,Fail,Business,10565
Putnem Hessing,08/08/2019,"{'C#': 4, 'Ruby': 5, 'SPSS': 1, 'C++': 1}","['Independent', 'Critical Thinking']","['Chatty', 'Perfectionist', 'Critical']",Yes,Yes,Yes,Pass,Data,10566
Timmi Haveline,22/08/2019,{'C#': 3},"['Curious', 'Reliable', 'Competitive']",['Sensitive'],Yes,Yes,Yes,Pass,Business,10567
Garald Banasevich,08/08/2019,"{'C#': 2, 'Java': 3, 'Ruby': 3, 'R': 5, 'C++': 3}",['Creative'],"['Selfish', 'Perfectionist', 'Anxious']",Yes,Yes,Yes,Pass,Data,10568
Anselma Pavelin,21/08/2019,"{'Java': 5, 'PHP': 2, 'JavaScript': 1}",['Organisation'],['Distracted'],Yes,Yes,Yes,Fail,Business,10569
Querida Antonacci,29/08/2019,"{'Python': 6, 'Ruby': 1, 'R': 7, 'C++': 4, 'JavaScript': 1}",['Problem Solving'],['Introverted'],Yes,Yes,Yes,Pass,Data,10570
Leda Aharoni,13/08/2019,"{'Python': 4, 'C#': 4, 'PHP': 3, 'JavaScript': 3}","['Competitive', 'Consistent']","['Immature', 'Impatient', 'Distracted']",Yes,Yes,Yes,Pass,Business,10571
Norri Temby,27/08/2019,"{'Java': 5, 'SPSS': 5}","['Listening', 'Organisation', 'Consistent']","['Controlling', 'Passive']",Yes,Yes,Yes,Pass,Engineering,10572
Margery Winspur,07/08/2019,"{'Python': 1, 'C#': 1, 'Java': 4, 'PHP': 1}",['Independent'],"['Impulsive', 'Undisciplined']",Yes,Yes,Yes,Pass,Data,10573
Bord Ollin,14/08/2019,"{'C#': 2, 'R': 5, 'JavaScript': 5}",['Innovative'],"['Stubborn', 'Competitive', 'Passive']",Yes,Yes,No,Fail,Business,10574
Dodie Lassells,27/08/2019,"{'Python': 2, 'Java': 1, 'Ruby': 2, 'R': 2, 'C++': 3, 'JavaScript': 2}",['Critical Thinking'],"['Stubborn', 'Immature']",Yes,Yes,Yes,Pass,Data,10575
Corie Snodin,22/08/2019,"{'C#': 1, 'SPSS': 1, 'C++': 4, 'JavaScript': 3}","['Reliable', 'Determined', 'Consistent']","['Anxious', 'Conventional']",Yes,Yes,No,Fail,Data,10576
Arron Cuerdall,08/08/2019,"{'Java': 1, 'PHP': 3}","['Efficient', 'Creative']","['Indifferent', 'Impatient']",Yes,Yes,Yes,Pass,Engineering,10577
Josh Youens,08/08/2019,"{'Python': 4, 'Java': 5, 'SPSS': 3}",['Listening'],"['Sensitive', 'Anxious', 'Indecisive']",Yes,Yes,Yes,Pass,Engineering,10578
Aldo Bradnum,27/08/2019,"{'C#': 1, 'Ruby': 3, 'R': 2, 'SPSS': 2, 'PHP': 2, 'C++': 3}",['Consistent'],"['Distracted', 'Conventional', 'Chaotic']",Yes,Yes,Yes,Pass,Engineering,10579
Xymenes Pretor,07/08/2019,"{'Java': 1, 'C++': 3, 'JavaScript': 1}","['Organisation', 'Ambitious']","['Selfish', 'Sensitive', 'Intolerant']",Yes,Yes,Yes,Pass,Engineering,10580
Heinrik Allwell,08/08/2019,"{'Java': 2, 'SPSS': 1}","['Collaboration', 'Efficient', 'Organisation']","['Critical', 'Competitive']",Yes,Yes,Yes,Pass,Business,10581
Bob Rogerson,07/08/2019,"{'Python': 4, 'C#': 1, 'Java': 2, 'Ruby': 1, 'SPSS': 6, 'JavaScript': 3}",['Efficient'],"['Stubborn', 'Introverted']",Yes,Yes,Yes,Pass,Data,10582
Neall Mayor,07/08/2019,"{'C#': 1, 'Java': 3, 'R': 1, 'PHP': 2, 'C++': 4}","['Independent', 'Competitive', 'Consistent']",['Overbearing'],Yes,Yes,No,Fail,Data,10583
Ilysa Kiggel,07/08/2019,"{'Python': 4, 'C#': 2, 'PHP': 3}",['Consistent'],"['Slow', 'Indecisive', 'Undisciplined']",Yes,Yes,Yes,Pass,Data,10584
Melisse Craze,20/08/2019,"{'Python': 3, 'C#': 5, 'Java': 5, 'C++': 4}","['Rational', 'Courteous', 'Efficient']",['Selfish'],Yes,Yes,Yes,Fail,Data,10585
Petronille Dougharty,29/08/2019,"{'Java': 6, 'JavaScript': 4}","['Courteous', 'Passionate']","['Introverted', 'Immature', 'Sensitive']",No,Yes,Yes,Fail,Business,10586
Urbano Reinisch,13/08/2019,"{'Python': 1, 'Java': 3, 'SPSS': 3}","['Courteous', 'Ambitious', 'Organisation']","['Immature', 'Perfectionist', 'Distracted']",Yes,Yes,Yes,Pass,Engineering,10587
Noami Edworthye,20/08/2019,"{'Python': 3, 'C#': 4, 'Java': 2, 'Ruby': 2, 'R': 2, 'JavaScript': 3}","['Collaboration', 'Patient', 'Determined']",['Impatient'],No,Yes,Yes,Fail,Business,10588
Cynthia Jenny,06/08/2019,"{'C#': 2, 'Ruby': 4, 'JavaScript': 4}","['Ambitious', 'Empathy']","['Immature', 'Conventional']",Yes,No,Yes,Fail,Business,10589
Ivett Prop,22/08/2019,"{'C#': 1, 'Java': 1, 'JavaScript': 3}","['Organisation', 'Altruism']","['Distracted', 'Immature', 'Overbearing']",Yes,Yes,Yes,Pass,Business,10590
Lamond Levensky,13/08/2019,"{'Python': 6, 'C#': 1, 'Java': 1, 'JavaScript': 6}",['Problem Solving'],"['Anxious', 'Impatient', 'Sensitive']",Yes,Yes,Yes,Pass,Data,10591
Estevan Bartalini,21/08/2019,"{'Python': 2, 'R': 1, 'SPSS': 4, 'PHP': 3}","['Altruism', 'Rational', 'Collaboration']",['Stubborn'],Yes,Yes,Yes,Pass,Engineering,10592
Redford Bubbings,15/08/2019,"{'Java': 4, 'Ruby': 1, 'R': 2}","['Rational', 'Curious', 'Courteous']",['Procrastination'],No,Yes,Yes,Fail,Engineering,10593
Redford Bubbings,15/08/2019,"{'Java': 4, 'Ruby': 1, 'R': 2}","['Rational', 'Curious', 'Courteous']",['Procrastination'],No,Yes,Yes,Fail,Engineering,10594
Brandais Reiner,22/08/2019,"{'R': 3, 'PHP': 1, 'JavaScript': 1}","['Ambitious', 'Determined']",['Indecisive'],Yes,Yes,Yes,Pass,Business,10595
Correy Clemont,28/08/2019,{'Java': 1},['Versatile'],"['Conventional', 'Overbearing']",Yes,No,Yes,Fail,Data,10596
Starr Curcher,15/08/2019,"{'Python': 1, 'Ruby': 3, 'R': 4, 'JavaScript': 4}",['Consistent'],['Indifferent'],Yes,No,Yes,Fail,Business,10597
Rosaline Goldsmith,21/08/2019,"{'SPSS': 4, 'C++': 3}",['Empathy'],"['Selfish', 'Immature']",Yes,Yes,Yes,Pass,Engineering,10598
Chancey Climer,27/08/2019,"{'Python': 1, 'C#': 4, 'SPSS': 2, 'PHP': 1, 'C++': 2}","['Versatile', 'Critical Thinking']","['Critical', 'Distracted', 'Perfectionist']",Yes,Yes,Yes,Pass,Business,10599
Gena Humbles,29/08/2019,"{'R': 1, 'C++': 1}","['Collaboration', 'Perfectionism', 'Independent']","['Stubborn', 'Conventional']",Yes,Yes,Yes,Pass,Engineering,10600
Madeleine Younglove,06/08/2019,"{'Ruby': 7, 'SPSS': 1, 'C++': 4, 'JavaScript': 2}",['Organisation'],['Controlling'],Yes,No,Yes,Fail,Engineering,10601
Leonerd Scamel,08/08/2019,"{'Python': 5, 'PHP': 4}",['Efficient'],['Controlling'],No,Yes,Yes,Fail,Engineering,10602
Balduin Culleton,13//08/2019,"{'Python': 5, 'R': 2, 'JavaScript': 6}",['Courteous'],"['Chaotic', 'Perfectionist', 'Critical']",Yes,Yes,Yes,Fail,Data,10603
Oliy Ellar,13/08/2019,"{'Java': 4, 'SPSS': 3, 'JavaScript': 7}","['Rational', 'Courteous']","['Perfectionist', 'Distracted']",Yes,Yes,No,Fail,Engineering,10604
Carena Nizet,08/08/2019,"{'C#': 2, 'Java': 5, 'R': 3, 'PHP': 1, 'JavaScript': 5}",['Empathy'],['Immature'],Yes,Yes,Yes,Pass,Engineering,10605
Theo Ottee,21/08/2019,{'SPSS': 2},"['Perfectionism', 'Innovative', 'Creative']","['Intolerant', 'Chatty', 'Perfectionist']",Yes,Yes,Yes,Pass,Engineering,10606
Britt Summergill,28/08/2019,{'R': 2},['Curious'],"['Introverted', 'Impatient', 'Stubborn']",Yes,Yes,Yes,Pass,Data,10607
Nial Oret,13/08/2019,"{'C#': 2, 'Java': 4, 'Ruby': 4, 'PHP': 1, 'JavaScript': 1}",['Versatile'],"['Passive', 'Impatient', 'Introverted']",Yes,No,Yes,Fail,Data,10608
Pegeen O'Lochan,15/08/2019,"{'Java': 2, 'Ruby': 3, 'R': 2, 'SPSS': 1, 'PHP': 1}","['Independent', 'Patient', 'Passionate']",['Sensitive'],Yes,Yes,No,Fail,Business,10609
Kingsley Hardaker,28/08/2019,{'PHP': 1},['Altruism'],['Slow'],Yes,Yes,Yes,Pass,Business,10610
Lorine Bignall,01/08/2019,"{'SPSS': 1, 'C++': 2}",['Listening'],['Stubborn'],Yes,Yes,Yes,Fail,Business,10611
Christian Bingley,13/08/2019,{'JavaScript': 4},"['Independent', 'Listening']","['Anxious', 'Introverted', 'Conventional']",Yes,Yes,Yes,Pass,Data,10612
Ad Do,21/08/2019,"{'C#': 5, 'Java': 1, 'R': 1, 'C++': 1}","['Curious', 'Ambitious', 'Patient']",['Perfectionist'],Yes,Yes,Yes,Pass,Engineering,10613
Beret Devonside,15/08/2019,"{'PHP': 1, 'C++': 3, 'JavaScript': 6}",['Listening'],"['Undisciplined', 'Indifferent', 'Immature']",Yes,Yes,No,Fail,Business,10614
Denyse Weth,22/08/2019,{'SPSS': 2},"['Patient', 'Competitive']",['Perfectionist'],Yes,Yes,Yes,Pass,Business,10615
Deirdre Van Den Velde,01/08/2019,"{'C#': 3, 'Ruby': 3, 'PHP': 3}",['Perfectionism'],['Competitive'],Yes,Yes,Yes,Pass,Engineering,10616
Bevon Mustill,15/08/2019,"{'Python': 2, 'C#': 1, 'Java': 1, 'Ruby': 5, 'R': 2, 'SPSS': 4, 'C++': 1}","['Perfectionism', 'Competitive']","['Chaotic', 'Competitive', 'Controlling']",No,No,Yes,Fail,Engineering,10617
Ruthe Adolthine,01/08/2019,"{'C#': 6, 'C++': 2}","['Charisma', 'Creative', 'Curious']","['Selfish', 'Immature']",Yes,Yes,No,Fail,Data,10618
Vaughn Wallington,27/08/2019,"{'Python': 3, 'JavaScript': 7}",['Curious'],"['Introverted', 'Sensitive', 'Chaotic']",Yes,Yes,Yes,Pass,Business,10619
Matty Ceney,08/08/2019,"{'C#': 3, 'Java': 2, 'SPSS': 2, 'C++': 2, 'JavaScript': 5}","['Ambitious', 'Patient']","['Procrastination', 'Passive', 'Slow']",Yes,Yes,Yes,Pass,Engineering,10620
Rubia Espy,08/08/2019,"{'Python': 1, 'Java': 1}","['Determined', 'Collaboration']","['Critical', 'Anxious']",Yes,Yes,Yes,Pass,Business,10621
Meridel Dearell,21/08/2019,"{'Ruby': 1, 'C++': 5}","['Curious', 'Perfectionism']","['Anxious', 'Procrastination']",Yes,Yes,Yes,Pass,Data,10622
Noelyn Sinkin,21/08/2019,"{'Python': 2, 'C++': 4}","['Determined', 'Patient', 'Critical Thinking']","['Indifferent', 'Slow']",Yes,Yes,Yes,Pass,Business,10623
Mozelle Grinnov,20/08/2019,"{'Python': 3, 'Ruby': 1}","['Courteous', 'Patient']","['Passive', 'Chatty']",Yes,Yes,Yes,Pass,Engineering,10624
Christyna Arkill,21/08/2019,"{'C#': 2, 'R': 6, 'SPSS': 2, 'C++': 6, 'JavaScript': 3}",['Courteous'],['Conventional'],Yes,Yes,Yes,Pass,Data,10625
Kain Lowne,29/08/2019,"{'Python': 4, 'C#': 4, 'Java': 4, 'Ruby': 5, 'PHP': 2, 'JavaScript': 3}","['Organisation', 'Empathy', 'Innovative']",['Anxious'],Yes,Yes,Yes,Pass,Data,10626
Mitchel Blackesland,14/08/2019,"{'Python': 3, 'Java': 5, 'Ruby': 3, 'PHP': 2, 'JavaScript': 7}","['Determined', 'Critical Thinking', 'Ambitious']","['Impatient', 'Intolerant', 'Undisciplined']",Yes,Yes,Yes,Pass,Data,10627
Albie Lyon,22/08/2019,"{'C#': 4, 'R': 4, 'PHP': 1, 'JavaScript': 5}","['Problem Solving', 'Patient', 'Ambitious']","['Controlling', 'Slow', 'Indecisive']",Yes,Yes,Yes,Pass,Data,10628
Farand Rotlauf,20/08/2019,"{'C#': 6, 'Java': 7, 'R': 6, 'SPSS': 6, 'JavaScript': 1}",['Perfectionism'],['Selfish'],Yes,Yes,Yes,Pass,Engineering,10629
Bo Fargie,28/08/2019,"{'Python': 5, 'Ruby': 2, 'SPSS': 2, 'C++': 4}",['Altruism'],['Impatient'],Yes,Yes,Yes,Pass,Engineering,10630
Arch Cookley,20/08/2019,"{'Python': 3, 'Ruby': 6, 'C++': 1, 'JavaScript': 3}","['Innovative', 'Listening', 'Courteous']","['Competitive', 'Overbearing']",Yes,No,Yes,Fail,Engineering,10631
Martica Cawse,08/08/2019,"{'SPSS': 1, 'PHP': 1}",['Creative'],"['Introverted', 'Overbearing']",Yes,Yes,Yes,Pass,Engineering,10632
Nancie Mehaffey,08/08/2019,"{'Ruby': 6, 'SPSS': 3, 'C++': 6}","['Efficient', 'Independent', 'Critical Thinking']","['Intolerant', 'Selfish', 'Passive']",Yes,Yes,Yes,Pass,Data,10633
Donnamarie Schofield,15/08/2019,"{'Python': 2, 'C#': 3, 'Ruby': 5, 'C++': 4}",['Ambitious'],['Passive'],Yes,Yes,Yes,Pass,Data,10634
Erda Liddel,06/08/2019,"{'C++': 3, 'JavaScript': 2}",['Altruism'],['Anxious'],Yes,No,Yes,Fail,Business,10635
Alister Bru,07/08/2019,,"['Organisation', 'Composure', 'Reliable']","['Critical', 'Distracted', 'Introverted']",Yes,Yes,Yes,Pass,Engineering,10636
Sigismund Izkovici,15/08/2019,"{'Java': 1, 'PHP': 2}","['Problem Solving', 'Charisma', 'Collaboration']",['Overbearing'],Yes,Yes,Yes,Pass,Engineering,10637
Star Jurges,01/08/2019,"{'Python': 1, 'C#': 6, 'SPSS': 5}","['Patient', 'Listening']","['Competitive', 'Impatient']",Yes,Yes,Yes,Pass,Data,10638
Pauly Gillbee,28/08/2019,"{'Python': 2, 'Ruby': 3}","['Problem Solving', 'Listening']",['Stubborn'],Yes,Yes,Yes,Pass,Business,10639
Stan Forkan,01/08/2019,"{'C#': 1, 'Ruby': 4}","['Creative', 'Versatile']","['Chatty', 'Procrastination', 'Chaotic']",Yes,Yes,Yes,Fail,Data,10640
Brinn Trewhela,06/08/2019,"{'C#': 4, 'SPSS': 3, 'PHP': 2, 'C++': 1}","['Consistent', 'Altruism']","['Slow', 'Indifferent', 'Anxious']",Yes,Yes,Yes,Pass,Business,10641
Rodrigo Endrighi,14/08/2019,"{'C#': 3, 'Java': 1, 'R': 2, 'SPSS': 1, 'C++': 2}",['Competitive'],"['Competitive', 'Impulsive', 'Conventional']",Yes,Yes,Yes,Pass,Data,10642
Tansy Dukelow,20/08/2019,"{'Python': 2, 'C#': 3, 'PHP': 2, 'C++': 3}","['Altruism', 'Curious']","['Procrastination', 'Indifferent']",Yes,No,Yes,Fail,Engineering,10643
Sean Ovise,27/08/2019,"{'Python': 1, 'Java': 2, 'C++': 4}",['Problem Solving'],['Conventional'],Yes,Yes,Yes,Pass,Engineering,10644
Anselma Pawlett,21/08/2019,"{'Python': 1, 'R': 1, 'C++': 5, 'JavaScript': 4}",['Innovative'],"['Selfish', 'Immature']",Yes,Yes,Yes,Pass,Data,10645
Kerrie Rosi,22/08/2019,"{'C#': 7, 'R': 4, 'SPSS': 1}","['Empathy', 'Independent', 'Critical Thinking']","['Competitive', 'Conventional']",Yes,Yes,Yes,Pass,Business,10646
Dorothy Hailwood,15/08/2019,"{'C#': 5, 'Java': 1, 'Ruby': 5, 'R': 2, 'SPSS': 1, 'C++': 4, 'JavaScript': 7}",['Versatile'],['Introverted'],Yes,No,Yes,Fail,Business,10647
Jodie Kaygill,01/08/2019,"{'Python': 1, 'C#': 1, 'R': 3, 'SPSS': 1, 'PHP': 2, 'C++': 2}","['Consistent', 'Altruism']","['Competitive', 'Overbearing', 'Selfish']",Yes,Yes,Yes,Pass,Data,10648
Jim Dwerryhouse,27/08/2019,"{'Python': 3, 'C#': 2, 'Java': 3}",['Problem Solving'],"['Perfectionist', 'Sensitive']",Yes,Yes,Yes,Pass,Business,10649
Delinda Conybear,01/08/2019,"{'Python': 3, 'Ruby': 2, 'PHP': 3}","['Passionate', 'Organisation', 'Critical Thinking']","['Procrastination', 'Controlling', 'Sensitive']",Yes,Yes,Yes,Pass,Data,10650
Norby Burle,21/08/2019,"{'Python': 3, 'Ruby': 5, 'R': 5}","['Competitive', 'Versatile']",['Overbearing'],No,No,Yes,Fail,Business,10651
Robinet Renwick,15/08/2019,"{'Python': 2, 'C#': 1, 'Java': 4}",['Courteous'],"['Procrastination', 'Distracted', 'Indifferent']",Yes,Yes,Yes,Pass,Business,10652
Perry Richemond,08/08/2019,"{'C#': 1, 'PHP': 4, 'JavaScript': 5}","['Problem Solving', 'Rational']","['Perfectionist', 'Overbearing', 'Critical']",Yes,Yes,Yes,Pass,Data,10653
Carlyn Reisin,14/08/2019,"{'Python': 5, 'C#': 1, 'Java': 4, 'Ruby': 2, 'SPSS': 3, 'C++': 5, 'JavaScript': 2}","['Consistent', 'Creative', 'Organisation']","['Immature', 'Impatient', 'Sensitive']",Yes,Yes,Yes,Pass,Business,10654
Horatius Starking,08/08/2019,"{'C#': 3, 'PHP': 1, 'C++': 5, 'JavaScript': 2}",['Consistent'],"['Selfish', 'Introverted', 'Slow']",Yes,Yes,No,Fail,Business,10655
Leoline Vigietti,07/08/2019,"{'R': 1, 'PHP': 1}","['Determined', 'Patient']","['Intolerant', 'Immature']",Yes,Yes,Yes,Pass,Business,10656
Rudolf Maple,21/08/2019,{'Python': 4},['Listening'],"['Chatty', 'Intolerant', 'Passive']",Yes,Yes,Yes,Pass,Data,10657
Alwin Bullman,07/08/2019,"{'Python': 4, 'Java': 2, 'Ruby': 2, 'SPSS': 2, 'C++': 2}","['Charisma', 'Perfectionism', 'Rational']",['Controlling'],Yes,Yes,Yes,Pass,Data,10658
Shae Ainslie,15/08/2019,"{'Python': 3, 'C#': 3, 'Ruby': 4, 'R': 3, 'SPSS': 4, 'C++': 4}",['Innovative'],"['Chaotic', 'Slow']",Yes,Yes,Yes,Pass,Business,10659
Ciel Poizer,14/08/2019,"{'C#': 5, 'SPSS': 2}","['Listening', 'Curious']","['Sensitive', 'Conventional', 'Immature']",No,Yes,Yes,Fail,Business,10660
Matteo Yeowell,01/08/2019,"{'Ruby': 2, 'R': 4, 'PHP': 3, 'C++': 6}","['Versatile', 'Empathy']","['Overbearing', 'Sensitive', 'Selfish']",Yes,Yes,Yes,Pass,Business,10661
Saundra Fuzzens,28//08/2019,"{'Python': 6, 'C#': 3, 'Ruby': 3, 'R': 5}","['Passionate', 'Efficient', 'Charisma']","['Procrastination', 'Slow', 'Overbearing']",Yes,Yes,Yes,Fail,Business,10662
Denise Oppy,21/08/2019,"{'C#': 4, 'R': 6, 'PHP': 2, 'JavaScript': 7}","['Courteous', 'Independent']",['Sensitive'],Yes,Yes,Yes,Pass,Engineering,10663
Didi Stronough,29/08/2019,"{'Python': 1, 'C#': 2}",['Reliable'],"['Slow', 'Anxious']",Yes,Yes,Yes,Pass,Engineering,10664
Tarrah Bunny,07/08/2019,{'C#': 6},['Altruism'],"['Perfectionist', 'Distracted']",Yes,Yes,Yes,Pass,Business,10665
Bondon Josselson,15/08/2019,"{'Java': 2, 'R': 6}",['Innovative'],"['Introverted', 'Chatty']",Yes,No,Yes,Fail,Engineering,10666
Denny Begg,08/08/2019,"{'Python': 2, 'C#': 6, 'Java': 7, 'Ruby': 4, 'SPSS': 3, 'PHP': 4}","['Altruism', 'Charisma']",['Introverted'],Yes,Yes,Yes,Pass,Data,10667
Clim Lovie,29/08/2019,"{'Ruby': 1, 'JavaScript': 3}","['Creative', 'Empathy']","['Undisciplined', 'Slow']",Yes,Yes,Yes,Fail,Business,10668
Wolf Radolf,08/08/2019,"{'C#': 4, 'Java': 3, 'Ruby': 1, 'R': 2, 'SPSS': 4}","['Listening', 'Determined']","['Indifferent', 'Chatty']",Yes,Yes,Yes,Pass,Engineering,10669
Ferrel Lissandrini,29/08/2019,"{'Python': 2, 'R': 2}","['Creative', 'Ambitious']",['Slow'],Yes,Yes,Yes,Fail,Business,10670
Carlos Gerckens,01/08/2019,"{'Java': 4, 'C++': 1, 'JavaScript': 7}","['Collaboration', 'Ambitious']","['Intolerant', 'Stubborn', 'Anxious']",Yes,Yes,Yes,Pass,Data,10671
Blake Nunson,01/08/2019,"{'Python': 1, 'Java': 1, 'C++': 3}","['Reliable', 'Determined']","['Competitive', 'Indifferent', 'Controlling']",Yes,Yes,Yes,Pass,Engineering,10672
Paula Danielsen,22/08/2019,"{'Java': 2, 'Ruby': 1, 'PHP': 2, 'C++': 3}","['Altruism', 'Listening', 'Problem Solving']",['Impulsive'],Yes,Yes,No,Fail,Business,10673
Brose Menghi,06/08/2019,"{'C#': 3, 'Java': 3}","['Rational', 'Listening', 'Organisation']","['Passive', 'Slow']",Yes,Yes,Yes,Pass,Engineering,10674
Junia Collins,29/08/2019,"{'Python': 2, 'Java': 4, 'PHP': 1}","['Composure', 'Collaboration']",['Slow'],Yes,Yes,Yes,Pass,Data,10675
Jule Corke,29/08/2019,"{'Python': 1, 'C#': 1, 'Java': 1, 'R': 2}","['Listening', 'Reliable', 'Passionate']",['Undisciplined'],Yes,Yes,No,Fail,Engineering,10676
Matteo Cornewell,27/08/2019,{'Java': 1},['Composure'],"['Impatient', 'Undisciplined']",Yes,Yes,Yes,Pass,Business,10677
Sid Libbie,01/08/2019,"{'Ruby': 3, 'C++': 1, 'JavaScript': 2}","['Competitive', 'Ambitious']","['Chaotic', 'Sensitive']",Yes,Yes,No,Fail,Engineering,10678
Rhody Cushion,27/08/2019,"{'C#': 2, 'Java': 8, 'SPSS': 1}","['Listening', 'Reliable', 'Efficient']","['Passive', 'Introverted']",Yes,Yes,Yes,Pass,Business,10679
Chester Hanselmann,07/08/2019,"{'Python': 4, 'Java': 1, 'Ruby': 5, 'R': 1, 'SPSS': 2, 'PHP': 3, 'C++': 2}",['Creative'],"['Passive', 'Controlling']",Yes,Yes,No,Fail,Data,10680
Courtney Wenman,28/08/2019,"{'Java': 2, 'Ruby': 1, 'R': 2, 'SPSS': 1, 'PHP': 5, 'C++': 1}","['Composure', 'Innovative']","['Passive', 'Indifferent', 'Competitive']",No,Yes,Yes,Fail,Engineering,10681
Vaclav Ortler,20/08/2019,"{'Python': 1, 'Ruby': 1, 'SPSS': 3, 'C++': 4}",['Composure'],"['Indifferent', 'Undisciplined']",Yes,Yes,Yes,Pass,Data,10682
Mariquilla Cowope,14/08/2019,"{'Java': 2, 'SPSS': 3, 'PHP': 1}",['Rational'],"['Impulsive', 'Anxious', 'Sensitive']",Yes,Yes,Yes,Fail,Business,10683
Joey Macgeffen,14/08/2019,{'Python': 4},['Organisation'],"['Intolerant', 'Overbearing']",Yes,Yes,Yes,Pass,Data,10684
Cora Klausewitz,15/08/2019,"{'C#': 3, 'Java': 5, 'Ruby': 1, 'R': 3, 'C++': 5, 'JavaScript': 3}","['Problem Solving', 'Competitive', 'Versatile']","['Slow', 'Sensitive', 'Intolerant']",Yes,Yes,Yes,Pass,Data,10685
Gris Brame,14/08/2019,"{'Java': 1, 'Ruby': 3, 'R': 4, 'C++': 4}","['Consistent', 'Innovative', 'Rational']","['Slow', 'Anxious']",Yes,Yes,No,Fail,Business,10686
Berty Huban,18/07/2019,{'C#': 2},"['Competitive', 'Listening']","['Passive', 'Anxious']",Yes,Yes,Yes,Pass,Business,10687
Matthieu Dulake,31/07/2019,"{'Java': 1, 'C++': 4}","['Collaboration', 'Creative', 'Rational']",['Introverted'],Yes,Yes,Yes,Pass,Engineering,10688
Darwin Sambiedge,10/07/2019,"{'Python': 3, 'Ruby': 1, 'PHP': 3, 'C++': 5}","['Altruism', 'Efficient', 'Critical Thinking']",['Passive'],Yes,Yes,Yes,Fail,Data,10689
Sim Bacchus,23/07/2019,{'PHP': 6},['Passionate'],"['Procrastination', 'Stubborn', 'Critical']",Yes,Yes,Yes,Pass,Data,10690
Anabal Teese,09/07/2019,"{'Java': 2, 'PHP': 1, 'C++': 7}","['Curious', 'Passionate', 'Listening']","['Selfish', 'Intolerant', 'Anxious']",Yes,No,Yes,Fail,Business,10691
Sybila Bragge,23/07/2019,"{'Python': 2, 'Java': 9, 'R': 2, 'PHP': 5}","['Courteous', 'Altruism', 'Independent']","['Passive', 'Procrastination', 'Introverted']",Yes,No,Yes,Fail,Data,10692
Donalt Gummoe,16/07/2019,"{'Python': 5, 'Ruby': 2, 'R': 3, 'C++': 4}","['Independent', 'Problem Solving', 'Passionate']","['Conventional', 'Introverted', 'Sensitive']",No,Yes,Yes,Fail,Data,10693
Romola Coldtart,17/07/2019,"{'Python': 2, 'C#': 1, 'Java': 4, 'PHP': 1}",['Reliable'],"['Sensitive', 'Impulsive', 'Conventional']",Yes,Yes,Yes,Pass,Data,10694
Shea Chasmoor,17/07/2019,"{'Python': 1, 'R': 2, 'PHP': 4}","['Empathy', 'Consistent', 'Patient']","['Passive', 'Impulsive', 'Stubborn']",Yes,Yes,Yes,Fail,Business,10695
Nora Akers,24/07/2019,"{'Python': 1, 'Java': 3, 'R': 4}",['Organisation'],"['Impatient', 'Sensitive', 'Undisciplined']",Yes,Yes,Yes,Pass,Engineering,10696
Sander Rewbottom,25/07/2019,"{'Python': 2, 'C#': 2, 'Ruby': 1, 'C++': 5, 'JavaScript': 4}","['Altruism', 'Problem Solving', 'Listening']","['Sensitive', 'Slow']",Yes,Yes,Yes,Pass,Data,10697
Francklyn Leyninye,24/07/2019,"{'C#': 2, 'Java': 1, 'Ruby': 2, 'R': 3, 'SPSS': 1, 'JavaScript': 1}","['Problem Solving', 'Passionate', 'Altruism']","['Selfish', 'Passive']",Yes,Yes,Yes,Pass,Business,10698
Julissa Dumbleton,24/07/2019,"{'Python': 4, 'Java': 2, 'Ruby': 5}",['Courteous'],"['Critical', 'Intolerant', 'Controlling']",Yes,Yes,Yes,Pass,Data,10699
Zacharias Restorick,11/07/2019,"{'Ruby': 5, 'R': 2}",['Curious'],['Intolerant'],Yes,Yes,Yes,Pass,Business,10700
Andriana Uc,02/07/2019,"{'C#': 1, 'R': 5, 'PHP': 1}",['Problem Solving'],['Impatient'],Yes,Yes,Yes,Pass,Business,10701
Benita Enefer,11/07/2019,"{'SPSS': 1, 'C++': 2}","['Empathy', 'Organisation']",['Distracted'],Yes,Yes,Yes,Pass,Data,10702
Isacco Teese,02/07/2019,"{'Ruby': 2, 'C++': 8, 'JavaScript': 2}","['Versatile', 'Critical Thinking']","['Indifferent', 'Immature', 'Stubborn']",Yes,Yes,Yes,Pass,Business,10703
Farlee Baalham,16/07/2019,"{'Ruby': 6, 'PHP': 1, 'JavaScript': 3}","['Determined', 'Critical Thinking']",['Overbearing'],Yes,No,Yes,Fail,Data,10704
Zsa Zsa Rounsefull,16/07/2019,{'PHP': 2},"['Problem Solving', 'Reliable', 'Charisma']","['Immature', 'Undisciplined', 'Passive']",Yes,Yes,Yes,Fail,Data,10705
Amanda Minto,18/07/2019,"{'PHP': 4, 'C++': 6}",['Determined'],"['Impulsive', 'Indecisive', 'Perfectionist']",No,Yes,Yes,Fail,Business,10706
Annie Ibbotson,25/07/2019,{'Java': 2},"['Independent', 'Competitive']",['Indifferent'],Yes,No,Yes,Fail,Business,10707
Roana Sanger,11/07/2019,"{'Python': 2, 'Java': 1, 'R': 3, 'PHP': 1}","['Rational', 'Composure']",['Impatient'],Yes,No,Yes,Fail,Business,10708
Elise Soppeth,24/07/2019,"{'Python': 4, 'C#': 1, 'Java': 2, 'C++': 9, 'JavaScript': 1}",['Critical Thinking'],"['Conventional', 'Chaotic']",Yes,Yes,Yes,Pass,Data,10709
Betty Lamlin,10/07/2019,"{'Python': 5, 'Ruby': 3, 'SPSS': 4}","['Problem Solving', 'Ambitious', 'Perfectionism']",['Chaotic'],No,Yes,Yes,Fail,Data,10710
Verena Townes,16/07/2019,"{'Python': 1, 'Ruby': 1, 'R': 1, 'PHP': 1, 'C++': 2}",['Critical Thinking'],['Procrastination'],Yes,Yes,Yes,Pass,Business,10711
Constance Fellibrand,09/07/2019,"{'Ruby': 2, 'R': 2, 'SPSS': 5, 'PHP': 1}",['Innovative'],"['Indifferent', 'Immature']",Yes,Yes,Yes,Pass,Engineering,10712
Joannes Yurshev,18/07/2019,"{'Java': 1, 'SPSS': 2, 'PHP': 1, 'JavaScript': 1}","['Determined', 'Curious']","['Slow', 'Undisciplined']",Yes,Yes,Yes,Pass,Business,10713
Brunhilde Zellick,03/07/2019,"{'Java': 2, 'SPSS': 1}","['Creative', 'Perfectionism', 'Consistent']","['Chaotic', 'Undisciplined']",Yes,Yes,Yes,Pass,Engineering,10714
Mathilde Keppin,02/07/2019,"{'Python': 2, 'Java': 4, 'Ruby': 1, 'SPSS': 3, 'C++': 3}","['Creative', 'Efficient', 'Ambitious']","['Indifferent', 'Selfish', 'Overbearing']",Yes,Yes,Yes,Pass,Engineering,10715
Aili Bursnoll,30/07/2019,"{'C#': 5, 'R': 2}","['Ambitious', 'Passionate']",['Intolerant'],Yes,No,Yes,Fail,Engineering,10716
Kerr Allanson,24/07/2019,"{'C#': 2, 'R': 3}","['Curious', 'Composure', 'Independent']","['Procrastination', 'Conventional', 'Chaotic']",No,Yes,Yes,Fail,Data,10717
Eldin Broster,17/07/2019,"{'C#': 4, 'R': 3, 'C++': 2}","['Creative', 'Innovative']","['Controlling', 'Stubborn', 'Slow']",Yes,Yes,Yes,Fail,Data,10718
Cherrita Mcgilleghole,11/07/2019,"{'R': 2, 'SPSS': 3, 'JavaScript': 10}","['Efficient', 'Empathy', 'Curious']","['Indifferent', 'Slow', 'Stubborn']",Yes,Yes,Yes,Pass,Engineering,10719
Ortensia Winscomb,11/07/2019,"{'Ruby': 4, 'R': 6, 'JavaScript': 1}","['Versatile', 'Competitive', 'Rational']","['Slow', 'Introverted', 'Procrastination']",Yes,Yes,Yes,Pass,Data,10720
Fleming Mcmurdo,09/07/2019,"{'C#': 5, 'Java': 2, 'R': 3, 'PHP': 2, 'C++': 2, 'JavaScript': 3}",['Organisation'],['Impatient'],Yes,No,Yes,Fail,Data,10721
Brigid Blabber,23/07/2019,"{'C#': 6, 'Ruby': 2, 'R': 3, 'SPSS': 1}","['Problem Solving', 'Innovative', 'Critical Thinking']","['Selfish', 'Introverted', 'Stubborn']",Yes,Yes,Yes,Pass,Business,10722
Ludvig Grzes,16/07/2019,"{'Java': 3, 'Ruby': 1}","['Organisation', 'Collaboration', 'Altruism']","['Procrastination', 'Immature', 'Impatient']",Yes,Yes,Yes,Pass,Data,10723
Hurley Collyer,24/07/2019,{'Ruby': 3},['Perfectionism'],"['Chaotic', 'Slow', 'Chatty']",Yes,No,Yes,Fail,Engineering,10724
Kitty Allen,02/07/2019,"{'Python': 5, 'C#': 5, 'Java': 4, 'R': 3}","['Determined', 'Creative']",['Sensitive'],Yes,Yes,Yes,Pass,Business,10725
Bary Fendlen,18/07/2019,"{'Python': 4, 'Java': 1, 'Ruby': 3, 'PHP': 2, 'C++': 3, 'JavaScript': 1}",['Listening'],['Immature'],Yes,Yes,Yes,Fail,Business,10726
Horten Goble,24/07/2019,"{'C#': 4, 'Java': 1, 'SPSS': 1}","['Courteous', 'Critical Thinking', 'Innovative']",['Immature'],Yes,Yes,Yes,Pass,Business,10727
Natassia Pawle,03/07/2019,"{'Python': 3, 'C#': 1, 'Java': 5, 'JavaScript': 3}","['Altruism', 'Empathy', 'Perfectionism']","['Intolerant', 'Impulsive', 'Passive']",Yes,Yes,Yes,Pass,Engineering,10728
Karoly Skates,16/07/2019,"{'Python': 5, 'Java': 4, 'Ruby': 4, 'SPSS': 1, 'PHP': 2, 'C++': 2}","['Determined', 'Critical Thinking']",['Competitive'],Yes,Yes,Yes,Pass,Engineering,10729
Albina Alves,02/07/2019,"{'Python': 2, 'Java': 1, 'Ruby': 1, 'PHP': 1}","['Altruism', 'Creative', 'Problem Solving']","['Selfish', 'Procrastination']",Yes,Yes,Yes,Pass,Business,10730
Evered Giovanizio,04/07/2019,"{'Python': 6, 'R': 5, 'C++': 2}","['Competitive', 'Listening']","['Chaotic', 'Intolerant', 'Undisciplined']",No,Yes,Yes,Fail,Business,10731
Elliot Yarnley,23/07/2019,"{'Java': 3, 'SPSS': 5, 'JavaScript': 8}","['Collaboration', 'Consistent']","['Sensitive', 'Chatty', 'Distracted']",Yes,Yes,Yes,Fail,Engineering,10732
Vanessa Gives,30/07/2019,"{'Python': 5, 'R': 3, 'PHP': 1, 'JavaScript': 1}",['Perfectionism'],"['Chatty', 'Critical']",No,Yes,Yes,Fail,Data,10733
Fremont Oxlee,18/07/2019,"{'Java': 1, 'Ruby': 1, 'PHP': 2, 'C++': 3}","['Independent', 'Collaboration', 'Creative']","['Slow', 'Conventional', 'Competitive']",Yes,Yes,Yes,Fail,Business,10734
Fan Hember,04/07/2019,"{'C#': 5, 'Java': 1}","['Determined', 'Independent', 'Courteous']","['Passive', 'Impatient']",Yes,No,Yes,Fail,Business,10735
Fee Karpe,17/07/2019,"{'Python': 7, 'Java': 2, 'Ruby': 2}","['Creative', 'Efficient']","['Procrastination', 'Perfectionist']",Yes,Yes,Yes,Pass,Data,10736
Fee Karpe,17/07/2019,"{'Python': 7, 'Java': 2, 'Ruby': 2}","['Creative', 'Efficient']","['Procrastination', 'Perfectionist']",Yes,Yes,Yes,Pass,Data,10737
Katrine Westley,24/07/2019,"{'C#': 3, 'SPSS': 3}",['Perfectionism'],"['Chaotic', 'Competitive']",Yes,No,Yes,Fail,Engineering,10738
Quill Tompkinson,10/07/2019,"{'Python': 2, 'C#': 2, 'Ruby': 5, 'PHP': 2}",['Courteous'],"['Indecisive', 'Critical']",Yes,Yes,Yes,Fail,Data,10739
Donavon Glazebrook,23/07/2019,{'Java': 2},"['Altruism', 'Collaboration', 'Composure']","['Slow', 'Intolerant', 'Stubborn']",Yes,Yes,Yes,Pass,Business,10740
Gisele Beetham,25/07/2019,"{'C#': 3, 'Ruby': 3, 'JavaScript': 3}","['Independent', 'Problem Solving']","['Indifferent', 'Chaotic', 'Sensitive']",No,No,Yes,Fail,Data,10741
Hilliard Reinard,18/07/2019,"{'SPSS': 5, 'PHP': 2}",['Problem Solving'],"['Passive', 'Undisciplined']",Yes,Yes,Yes,Pass,Engineering,10742
Ira Rathbourne,18/07/2019,"{'SPSS': 3, 'C++': 5}","['Patient', 'Ambitious', 'Passionate']","['Competitive', 'Controlling', 'Slow']",Yes,Yes,Yes,Pass,Data,10743
Shaun Dowley,10/07/2019,"{'Python': 2, 'Java': 3, 'R': 2, 'PHP': 2}",['Determined'],['Indecisive'],Yes,Yes,No,Fail,Business,10744
Hartwell Silver,30/07/2019,"{'Java': 6, 'R': 5, 'PHP': 3}","['Determined', 'Listening']","['Chaotic', 'Competitive']",Yes,Yes,Yes,Pass,Engineering,10745
Shoshanna Janicek,18/07/2019,"{'Python': 3, 'Java': 2, 'C++': 4}",['Rational'],"['Intolerant', 'Impulsive']",Yes,Yes,Yes,Pass,Engineering,10746
Ingrid Cradick,24/07/2019,"{'Python': 5, 'SPSS': 2, 'PHP': 1, 'C++': 2, 'JavaScript': 1}","['Determined', 'Passionate']","['Overbearing', 'Conventional']",Yes,No,Yes,Fail,Data,10747
Chevy Pyburn,02/07/2019,"{'C#': 1, 'JavaScript': 1}","['Perfectionism', 'Patient', 'Organisation']","['Overbearing', 'Stubborn']",Yes,Yes,Yes,Pass,Engineering,10748
Bertram Esgate,30/07/2019,"{'C#': 4, 'R': 3, 'SPSS': 1, 'JavaScript': 2}","['Independent', 'Composure', 'Altruism']","['Selfish', 'Chatty', 'Controlling']",Yes,Yes,Yes,Pass,Data,10749
Larisa Warrington,02/07/2019,"{'Python': 2, 'Java': 3}","['Independent', 'Consistent']","['Distracted', 'Anxious']",No,Yes,Yes,Fail,Business,10750
Lissa Pumfrett,11/07/2019,{'C++': 4},"['Empathy', 'Perfectionism']",['Impulsive'],Yes,Yes,Yes,Pass,Data,10751
Demetrius Dunbavin,02/07/2019,"{'R': 1, 'SPSS': 1}","['Versatile', 'Passionate', 'Efficient']","['Stubborn', 'Passive']",Yes,Yes,Yes,Pass,Business,10752
Morgen Lilywhite,09/07/2019,,"['Composure', 'Versatile', 'Problem Solving']","['Impatient', 'Immature', 'Selfish']",Yes,Yes,Yes,Pass,Data,10753
Rickard Blakes,09/07/2019,"{'Ruby': 8, 'R': 3, 'SPSS': 1, 'PHP': 1, 'JavaScript': 3}","['Collaboration', 'Empathy']","['Undisciplined', 'Indecisive', 'Distracted']",Yes,Yes,Yes,Pass,Engineering,10754
Emily Barras,30/07/2019,"{'Ruby': 2, 'SPSS': 1}",['Altruism'],"['Conventional', 'Indifferent', 'Impatient']",Yes,Yes,Yes,Pass,Business,10755
Tonye Ambrogio,18/07/2019,"{'C#': 5, 'Java': 4, 'PHP': 1, 'C++': 5, 'JavaScript': 3}",['Listening'],"['Critical', 'Procrastination']",Yes,Yes,Yes,Pass,Data,10756
Robers Gentner,09/07/2019,"{'Java': 2, 'PHP': 6, 'C++': 1}",['Perfectionism'],"['Anxious', 'Conventional']",Yes,Yes,Yes,Fail,Data,10757
Kellyann Yorkston,16/07/2019,"{'Python': 3, 'Java': 3, 'Ruby': 4, 'SPSS': 2, 'PHP': 2, 'C++': 1}",['Courteous'],"['Intolerant', 'Controlling']",Yes,Yes,No,Fail,Data,10758
Olly Mougenel,16/07/2019,"{'Java': 3, 'Ruby': 2, 'R': 7, 'SPSS': 2, 'PHP': 1, 'C++': 2}","['Problem Solving', 'Perfectionism']","['Perfectionist', 'Slow', 'Undisciplined']",Yes,Yes,No,Fail,Business,10759
Merrill Mckie,23/07/2019,"{'Python': 2, 'R': 5, 'PHP': 5, 'C++': 4, 'JavaScript': 1}","['Versatile', 'Ambitious']","['Perfectionist', 'Intolerant', 'Overbearing']",Yes,Yes,Yes,Pass,Business,10760
Kass Castellan,03/07/2019,"{'C#': 4, 'Ruby': 3}","['Creative', 'Listening']",['Indecisive'],Yes,Yes,Yes,Pass,Engineering,10761
Marlon Reside,30/07/2019,"{'SPSS': 4, 'JavaScript': 3}","['Courteous', 'Altruism']",['Undisciplined'],Yes,Yes,Yes,Pass,Data,10762
Oswald Lyndon,10/07/2019,"{'R': 9, 'SPSS': 4, 'C++': 3, 'JavaScript': 5}","['Competitive', 'Independent']","['Procrastination', 'Impatient']",Yes,Yes,Yes,Pass,Engineering,10763
Arty Indruch,02/07/2019,"{'C#': 3, 'Java': 4, 'Ruby': 5, 'R': 6, 'SPSS': 2, 'C++': 3}","['Courteous', 'Patient', 'Creative']",['Intolerant'],Yes,Yes,Yes,Pass,Business,10764
Sharl Shambrooke,04/07/2019,"{'Python': 4, 'C#': 9, 'Ruby': 1, 'R': 2}","['Innovative', 'Reliable', 'Curious']",['Undisciplined'],Yes,Yes,Yes,Fail,Engineering,10765
Antonius Heape,17/07/2019,"{'Python': 2, 'C#': 2, 'Ruby': 8}",['Ambitious'],['Procrastination'],Yes,Yes,Yes,Pass,Engineering,10766
Rad Bench,17/07/2019,"{'Ruby': 1, 'R': 2, 'PHP': 2}","['Independent', 'Critical Thinking', 'Ambitious']","['Indecisive', 'Selfish']",Yes,Yes,Yes,Pass,Data,10767
Agace O'Shields,30/07/2019,"{'SPSS': 1, 'PHP': 1}","['Collaboration', 'Innovative']","['Undisciplined', 'Immature', 'Passive']",Yes,Yes,Yes,Pass,Business,10768
Mela Burgill,09/07/2019,"{'SPSS': 3, 'C++': 1}","['Altruism', 'Organisation', 'Collaboration']",['Distracted'],Yes,Yes,Yes,Pass,Business,10769
Justis Gilham,25/07/2019,"{'Python': 2, 'SPSS': 3, 'PHP': 4, 'JavaScript': 6}","['Altruism', 'Competitive', 'Critical Thinking']","['Competitive', 'Procrastination']",Yes,Yes,Yes,Pass,Engineering,10770
Valery Delia,24/07/2019,"{'Java': 2, 'R': 3, 'SPSS': 3, 'C++': 2}","['Composure', 'Rational']",['Anxious'],No,Yes,Yes,Fail,Engineering,10771
Kylie Cordell,18/07/2019,{'C#': 3},['Competitive'],"['Chaotic', 'Impulsive', 'Critical']",Yes,Yes,Yes,Pass,Business,10772
Emmett Stogill,17/07/2019,"{'Python': 6, 'C#': 1, 'R': 4}","['Consistent', 'Perfectionism']","['Chaotic', 'Introverted']",Yes,Yes,No,Fail,Engineering,10773
Julianne Neagle,09/07/2019,"{'Python': 5, 'Java': 2, 'Ruby': 7, 'C++': 1}","['Perfectionism', 'Rational']",['Procrastination'],Yes,Yes,Yes,Fail,Engineering,10774
Cobbie Wolfinger,30/07/2019,"{'C#': 1, 'SPSS': 2}","['Passionate', 'Organisation']","['Perfectionist', 'Immature', 'Indifferent']",No,Yes,Yes,Fail,Data,10775
Blondy Fearnall,04/07/2019,"{'Python': 4, 'C#': 3, 'Java': 4, 'JavaScript': 4}","['Efficient', 'Innovative']",['Introverted'],Yes,Yes,Yes,Pass,Engineering,10776
Bowie Endersby,16/07/2019,{'C#': 1},['Efficient'],['Indifferent'],Yes,Yes,Yes,Pass,Data,10777
Andrey Cochran,24/07/2019,"{'C#': 2, 'Ruby': 3}","['Innovative', 'Listening', 'Competitive']","['Perfectionist', 'Indecisive', 'Impatient']",Yes,Yes,Yes,Pass,Data,10778
Letizia Mckern,04/07/2019,"{'Python': 2, 'C++': 5, 'JavaScript': 4}","['Organisation', 'Charisma', 'Problem Solving']","['Distracted', 'Undisciplined']",Yes,Yes,Yes,Pass,Business,10779
Fons Ghiotto,16/07/2019,"{'Java': 3, 'PHP': 2}","['Listening', 'Collaboration', 'Independent']","['Chaotic', 'Indecisive']",Yes,Yes,Yes,Pass,Engineering,10780
Sal Inglesent,04/07/2019,"{'C#': 3, 'Ruby': 6, 'C++': 6, 'JavaScript': 1}","['Perfectionism', 'Efficient', 'Passionate']",['Overbearing'],Yes,Yes,Yes,Pass,Data,10781
Sela Pavese,25/07/2019,"{'Ruby': 2, 'R': 4, 'SPSS': 2, 'PHP': 1, 'C++': 5}","['Rational', 'Courteous']",['Passive'],Yes,Yes,Yes,Fail,Business,10782
Alison Tett,10/07/2019,"{'Python': 1, 'C#': 2, 'SPSS': 3}","['Versatile', 'Courteous']","['Overbearing', 'Impulsive']",Yes,Yes,Yes,Pass,Business,10783
Gabi Ivins,04/07/2019,"{'Python': 1, 'R': 2, 'SPSS': 1, 'PHP': 3, 'JavaScript': 7}","['Creative', 'Charisma']","['Undisciplined', 'Indecisive', 'Critical']",Yes,Yes,Yes,Pass,Business,10784
Noe Fortnam,09/07/2019,"{'Python': 1, 'R': 3, 'JavaScript': 1}",['Determined'],"['Competitive', 'Stubborn', 'Chatty']",Yes,Yes,Yes,Pass,Engineering,10785
Ronny Vasilchenko,23/07/2019,"{'R': 1, 'C++': 1}","['Versatile', 'Curious', 'Determined']","['Indecisive', 'Impulsive']",Yes,Yes,Yes,Pass,Business,10786
Blair Woollhead,18/07/2019,"{'Python': 5, 'Ruby': 1, 'SPSS': 2}",['Organisation'],['Chatty'],Yes,Yes,No,Fail,Engineering,10787
Henrieta Chatto,04/07/2019,{'Java': 3},"['Innovative', 'Versatile']","['Conventional', 'Undisciplined', 'Indifferent']",Yes,Yes,Yes,Pass,Business,10788
Eba Gary,02/07/2019,"{'Ruby': 5, 'SPSS': 2}","['Patient', 'Determined', 'Innovative']","['Indecisive', 'Controlling']",Yes,Yes,Yes,Pass,Engineering,10789
Marcela Riding,25/07/2019,"{'Python': 4, 'SPSS': 2, 'JavaScript': 4}","['Empathy', 'Competitive']","['Impulsive', 'Introverted']",Yes,Yes,Yes,Pass,Business,10790
Hewet Derwin,11//07/2019,"{'Ruby': 3, 'R': 1, 'PHP': 2}",['Consistent'],"['Chaotic', 'Slow']",Yes,Yes,Yes,Pass,Engineering,10791
Demetria O' Sullivan,18/07/2019,"{'Java': 5, 'R': 4, 'SPSS': 4, 'PHP': 3, 'JavaScript': 2}","['Perfectionism', 'Independent', 'Critical Thinking']",['Perfectionist'],Yes,No,Yes,Fail,Data,10792
Steffen Marcombe,04/07/2019,"{'C#': 5, 'Ruby': 1, 'PHP': 4}","['Listening', 'Rational']","['Immature', 'Overbearing', 'Anxious']",Yes,Yes,Yes,Pass,Business,10793
Aguste Tann,30/07/2019,{'JavaScript': 1},"['Perfectionism', 'Charisma']","['Introverted', 'Controlling', 'Distracted']",Yes,Yes,Yes,Pass,Business,10794
D'Arcy Bover,02/07/2019,"{'C#': 6, 'Ruby': 4, 'JavaScript': 3}",['Creative'],"['Indifferent', 'Immature', 'Introverted']",Yes,Yes,Yes,Pass,Engineering,10795
Chadd Klampt,03/07/2019,"{'C#': 1, 'Java': 3, 'PHP': 4, 'JavaScript': 2}","['Patient', 'Perfectionism']",['Indecisive'],Yes,Yes,Yes,Pass,Engineering,10796
Pren Varcoe,30/07/2019,"{'R': 6, 'SPSS': 2, 'C++': 2, 'JavaScript': 3}","['Determined', 'Listening']","['Critical', 'Impatient']",No,Yes,Yes,Fail,Engineering,10797
Abraham Rockell,02/07/2019,"{'Python': 3, 'R': 2, 'SPSS': 3}",['Independent'],"['Overbearing', 'Critical', 'Controlling']",Yes,Yes,Yes,Pass,Engineering,10798
Laurette Hembling,09/07/2019,"{'Python': 2, 'C#': 1, 'Ruby': 4, 'R': 3, 'C++': 1, 'JavaScript': 1}","['Versatile', 'Determined', 'Problem Solving']","['Sensitive', 'Intolerant', 'Impulsive']",No,Yes,Yes,Fail,Data,10799
Karlis Bottle,18/07/2019,{'PHP': 1},['Composure'],['Sensitive'],No,Yes,No,Fail,Business,10800
Wilhelm Jouanet,11/07/2019,"{'Python': 5, 'Java': 1}",['Perfectionism'],['Immature'],Yes,Yes,Yes,Pass,Data,10801
Peterus Bartolomeazzi,25/07/2019,"{'Python': 2, 'C#': 3, 'Java': 2, 'Ruby': 1}",['Independent'],['Intolerant'],Yes,Yes,Yes,Fail,Business,10802
Bari Streatfield,11/07/2019,"{'R': 2, 'PHP': 3, 'C++': 4}",['Problem Solving'],"['Indifferent', 'Overbearing']",Yes,Yes,Yes,Pass,Business,10803
Teriann Matyashev,04/07/2019,"{'Python': 1, 'Ruby': 1, 'R': 1}",['Independent'],"['Undisciplined', 'Conventional']",Yes,Yes,Yes,Pass,Business,10804
Uriel Eidelman,10/07/2019,"{'Python': 5, 'R': 2, 'C++': 4, 'JavaScript': 4}","['Innovative', 'Patient']","['Competitive', 'Overbearing']",Yes,Yes,Yes,Pass,Business,10805
Toddie Rubanenko,03/07/2019,"{'Python': 2, 'C#': 6}","['Collaboration', 'Organisation', 'Ambitious']",['Procrastination'],Yes,Yes,Yes,Pass,Data,10806
Drake Northcote,10/07/2019,"{'Python': 5, 'C#': 4, 'SPSS': 2, 'C++': 1}","['Independent', 'Listening', 'Reliable']",['Indifferent'],Yes,Yes,No,Fail,Engineering,10807
Engracia Andriolli,30/07/2019,"{'Python': 4, 'C#': 5}","['Rational', 'Organisation']","['Immature', 'Selfish', 'Impatient']",Yes,No,Yes,Fail,Engineering,10808
Cristina Finlan,31/07/2019,"{'Python': 2, 'PHP': 1, 'JavaScript': 3}","['Creative', 'Consistent']","['Introverted', 'Indecisive', 'Procrastination']",Yes,Yes,Yes,Pass,Business,10809
Markos Walter,16/07/2019,,"['Versatile', 'Organisation', 'Critical Thinking']","['Selfish', 'Slow']",Yes,Yes,Yes,Pass,Data,10810
Ofilia Keizman,17/07/2019,"{'Python': 2, 'Java': 5, 'PHP': 1, 'JavaScript': 1}",['Courteous'],"['Anxious', 'Sensitive', 'Passive']",Yes,Yes,Yes,Pass,Business,10811
Chev Spillane,02/07/2019,"{'SPSS': 5, 'C++': 7, 'JavaScript': 3}","['Organisation', 'Creative', 'Consistent']",['Stubborn'],Yes,Yes,Yes,Pass,Engineering,10812
Beauregard Cornehl,02/07/2019,"{'C#': 3, 'PHP': 1}","['Collaboration', 'Rational']","['Distracted', 'Immature', 'Stubborn']",Yes,Yes,Yes,Pass,Business,10813
Barclay Morter,30/07/2019,"{'Python': 4, 'C#': 3, 'Java': 5, 'PHP': 1, 'C++': 2}","['Collaboration', 'Competitive']",['Impulsive'],No,Yes,Yes,Fail,Business,10814
Clary Hertwell,30/07/2019,"{'Python': 3, 'Ruby': 5, 'C++': 2}","['Patient', 'Collaboration', 'Competitive']",['Indifferent'],No,Yes,Yes,Fail,Business,10815
Jessy Dollman,09/07/2019,"{'Python': 3, 'Java': 9, 'Ruby': 5}","['Versatile', 'Composure']",['Competitive'],Yes,Yes,Yes,Pass,Data,10816
Sibyl Gilardi,03/07/2019,"{'Python': 1, 'Java': 4, 'JavaScript': 4}",['Altruism'],['Overbearing'],Yes,Yes,Yes,Fail,Business,10817
Haywood Teager,03/07/2019,"{'Python': 3, 'Java': 3, 'Ruby': 1, 'SPSS': 4, 'PHP': 3, 'C++': 2}","['Composure', 'Efficient']","['Conventional', 'Perfectionist']",Yes,Yes,Yes,Pass,Engineering,10818
Doretta Henner,18/07/2019,"{'C#': 1, 'C++': 6}",['Altruism'],['Overbearing'],Yes,Yes,Yes,Pass,Business,10819
Niall Graine,04/07/2019,{'SPSS': 5},"['Altruism', 'Perfectionism']","['Perfectionist', 'Controlling']",Yes,Yes,Yes,Pass,Business,10820
Karel Toulamain,10/07/2019,"{'C#': 1, 'Ruby': 3, 'JavaScript': 3}","['Determined', 'Reliable', 'Creative']","['Anxious', 'Immature', 'Competitive']",No,Yes,Yes,Fail,Data,10821
Iosep Idle,03/07/2019,"{'Python': 4, 'C#': 4, 'Java': 5, 'SPSS': 2, 'JavaScript': 4}","['Collaboration', 'Problem Solving', 'Organisation']","['Distracted', 'Stubborn']",Yes,Yes,Yes,Pass,Data,10822
Duky Shailer,02/07/2019,"{'Python': 1, 'R': 1, 'SPSS': 5, 'JavaScript': 5}","['Empathy', 'Efficient', 'Listening']",['Competitive'],No,Yes,No,Fail,Data,10823
Christie Blincoe,31/07/2019,"{'Python': 4, 'PHP': 2}","['Innovative', 'Charisma', 'Critical Thinking']","['Critical', 'Indecisive', 'Immature']",Yes,Yes,Yes,Pass,Business,10824
Rik Waren,11/07/2019,"{'C#': 1, 'Ruby': 3, 'SPSS': 9, 'PHP': 1}","['Charisma', 'Critical Thinking']","['Chaotic', 'Sensitive']",Yes,Yes,Yes,Pass,Data,10825
Zelda Prestage,10/07/2019,"{'C#': 1, 'PHP': 3}","['Courteous', 'Organisation', 'Listening']","['Perfectionist', 'Overbearing']",Yes,Yes,Yes,Fail,Business,10826
Dannel Longmaid,18/07/2019,"{'Ruby': 1, 'SPSS': 8, 'C++': 4, 'JavaScript': 3}","['Efficient', 'Consistent']","['Competitive', 'Impulsive']",Yes,Yes,Yes,Pass,Engineering,10827
Ira Grima,25/07/2019,"{'Python': 2, 'C#': 2, 'R': 5, 'PHP': 1, 'JavaScript': 2}","['Courteous', 'Passionate', 'Empathy']","['Immature', 'Chaotic']",No,Yes,Yes,Fail,Engineering,10828
Vivyan Robuchon,11/07/2019,"{'Ruby': 4, 'JavaScript': 1}","['Composure', 'Listening']","['Selfish', 'Chaotic']",Yes,No,Yes,Fail,Engineering,10829
Gardner Estick,31/07/2019,"{'SPSS': 3, 'PHP': 1}","['Composure', 'Organisation', 'Consistent']",['Introverted'],Yes,Yes,Yes,Pass,Engineering,10830
Darin Healing,04/07/2019,"{'Python': 2, 'C#': 3, 'Ruby': 3, 'R': 6, 'PHP': 2}",['Composure'],['Chatty'],Yes,Yes,Yes,Pass,Engineering,10831
Teena Priel,18/07/2019,"{'C#': 2, 'Java': 4, 'Ruby': 2, 'PHP': 2}","['Determined', 'Curious']","['Sensitive', 'Passive', 'Impulsive']",Yes,No,No,Fail,Business,10832
Katinka Tyt,18/07/2019,"{'Java': 1, 'PHP': 3}","['Innovative', 'Competitive']","['Slow', 'Chatty']",Yes,Yes,Yes,Pass,Data,10833
Maxy Bensen,18/07/2019,"{'Python': 4, 'C#': 3, 'Java': 1, 'R': 5, 'PHP': 4, 'C++': 4}","['Reliable', 'Rational', 'Independent']",['Indifferent'],Yes,Yes,Yes,Pass,Engineering,10834
Donnie Sandwick,04/07/2019,"{'R': 2, 'SPSS': 3, 'C++': 3}",['Determined'],['Sensitive'],Yes,Yes,No,Fail,Data,10835
Natasha Christol,31/07/2019,"{'C#': 3, 'Java': 1, 'PHP': 2, 'JavaScript': 2}","['Creative', 'Collaboration']","['Selfish', 'Impatient', 'Chatty']",No,Yes,Yes,Fail,Data,10836
Scarlett Roarty,23/07/2019,"{'R': 2, 'PHP': 1}",['Curious'],"['Indecisive', 'Anxious', 'Sensitive']",Yes,Yes,Yes,Pass,Data,10837
Hurlee Hesey,25/07/2019,"{'Python': 2, 'R': 2}","['Reliable', 'Versatile', 'Innovative']","['Passive', 'Conventional']",Yes,Yes,No,Fail,Engineering,10838
Yehudit Killingbeck,30/07/2019,"{'R': 1, 'PHP': 2, 'C++': 5}","['Ambitious', 'Determined']",['Sensitive'],Yes,Yes,No,Fail,Engineering,10839
Riannon Baraclough,31/07/2019,"{'Python': 3, 'Java': 3, 'Ruby': 3, 'R': 1}","['Reliable', 'Empathy', 'Curious']",['Controlling'],Yes,Yes,Yes,Pass,Business,10840
Shay Obee,11/07/2019,"{'Java': 1, 'SPSS': 1, 'PHP': 4}","['Determined', 'Empathy', 'Organisation']",['Procrastination'],Yes,Yes,Yes,Pass,Business,10841
Collete Causbey,03/07/2019,"{'Python': 4, 'C#': 1, 'Java': 2, 'PHP': 1, 'C++': 4}","['Composure', 'Independent']","['Passive', 'Slow']",Yes,Yes,Yes,Pass,Business,10842
Tallia Rushford,31/07/2019,"{'C#': 2, 'C++': 5, 'JavaScript': 6}",['Versatile'],['Chaotic'],Yes,Yes,No,Fail,Data,10843
Angelica Neissen,31/07/2019,"{'Python': 8, 'C#': 1, 'Java': 5, 'Ruby': 1}","['Collaboration', 'Charisma']",['Distracted'],Yes,Yes,Yes,Fail,Business,10844
Merwyn Gossop,18/07/2019,{'JavaScript': 3},"['Consistent', 'Competitive', 'Charisma']",['Competitive'],Yes,Yes,Yes,Pass,Business,10845
Luca Gokes,09/07/2019,"{'Python': 2, 'Java': 5}","['Passionate', 'Altruism']",['Procrastination'],No,Yes,Yes,Fail,Data,10846
Judon Henze,10/07/2019,"{'Python': 6, 'R': 2, 'SPSS': 3, 'PHP': 3}","['Listening', 'Competitive', 'Charisma']",['Controlling'],Yes,Yes,Yes,Pass,Engineering,10847
Mirilla Bottinelli,16/07/2019,"{'C#': 1, 'Ruby': 4, 'SPSS': 3, 'C++': 2}",['Altruism'],['Chatty'],Yes,Yes,Yes,Pass,Data,10848
Mirilla Bottinelli,16/07/2019,"{'C#': 1, 'Ruby': 4, 'SPSS': 3, 'C++': 2}",['Altruism'],['Chatty'],Yes,Yes,Yes,Pass,Data,10849
Cordie Duckering,25/07/2019,"{'Python': 2, 'R': 2, 'SPSS': 1, 'PHP': 6}","['Problem Solving', 'Reliable', 'Consistent']","['Passive', 'Introverted', 'Anxious']",Yes,Yes,Yes,Pass,Business,10850
Dorian Hamshar,09/07/2019,"{'Python': 2, 'C++': 4}","['Curious', 'Organisation', 'Versatile']",['Undisciplined'],Yes,Yes,Yes,Pass,Business,10851
Anet Satterley,30/07/2019,{'R': 1},"['Efficient', 'Charisma']","['Intolerant', 'Chatty', 'Chaotic']",Yes,Yes,Yes,Pass,Business,10852
Stanislaus Sendley,30/07/2019,"{'C#': 5, 'PHP': 1, 'JavaScript': 2}","['Innovative', 'Composure']","['Impatient', 'Impulsive']",Yes,Yes,Yes,Pass,Engineering,10853
Patrizia Wyre,17/07/2019,"{'Java': 6, 'R': 2, 'C++': 3}",['Reliable'],['Stubborn'],Yes,Yes,Yes,Pass,Business,10854
Rodolfo Garret,16/07/2019,"{'Python': 7, 'Ruby': 3, 'R': 4, 'SPSS': 4, 'PHP': 5, 'C++': 3}","['Curious', 'Passionate']","['Controlling', 'Impatient']",Yes,Yes,Yes,Pass,Data,10855
Waverley Deacock,02/07/2019,"{'Python': 1, 'C#': 1, 'R': 1, 'PHP': 2, 'JavaScript': 3}","['Empathy', 'Organisation']","['Impulsive', 'Stubborn', 'Distracted']",Yes,Yes,Yes,Pass,Engineering,10856
Langston Adamski,31/07/2019,"{'Python': 6, 'R': 1, 'SPSS': 5, 'PHP': 3}",['Listening'],"['Intolerant', 'Overbearing']",Yes,Yes,Yes,Pass,Engineering,10857
Annabela Brackenridge,23/07/2019,"{'Java': 4, 'C++': 5}","['Altruism', 'Passionate', 'Rational']","['Slow', 'Impatient']",Yes,Yes,Yes,Pass,Engineering,10858
Amerigo Heys,31/07/2019,"{'Python': 2, 'Ruby': 4, 'PHP': 1, 'JavaScript': 3}","['Competitive', 'Collaboration']","['Distracted', 'Competitive']",Yes,Yes,Yes,Pass,Engineering,10859
Sorcha Argue,02/07/2019,"{'Java': 3, 'PHP': 3, 'JavaScript': 2}","['Passionate', 'Empathy']","['Anxious', 'Indifferent']",Yes,Yes,Yes,Pass,Data,10860
Miguelita Smedley,10/07/2019,"{'Java': 3, 'Ruby': 3}","['Listening', 'Altruism', 'Problem Solving']","['Indifferent', 'Undisciplined']",Yes,Yes,Yes,Pass,Data,10861
Weylin Comolli,10/07/2019,"{'Python': 1, 'Java': 3}","['Creative', 'Perfectionism', 'Passionate']",['Overbearing'],Yes,Yes,Yes,Pass,Business,10862
Raimondo Mellodey,24/07/2019,"{'Python': 4, 'R': 3, 'PHP': 1}","['Organisation', 'Passionate', 'Consistent']",['Passive'],Yes,Yes,Yes,Pass,Business,10863
Courtnay Duiged,17/07/2019,"{'Ruby': 4, 'SPSS': 5, 'C++': 1}","['Competitive', 'Collaboration', 'Courteous']",['Immature'],Yes,Yes,No,Fail,Business,10864
Sarena Weatherill,17/07/2019,"{'R': 4, 'PHP': 1, 'C++': 3}","['Altruism', 'Efficient', 'Rational']","['Competitive', 'Distracted', 'Impatient']",Yes,Yes,No,Fail,Business,10865
Celina Polley,18/07/2019,"{'Python': 3, 'Java': 2, 'Ruby': 4, 'SPSS': 1}","['Empathy', 'Listening', 'Competitive']","['Sensitive', 'Intolerant', 'Overbearing']",Yes,Yes,Yes,Pass,Data,10866
Daloris Cotesford,10/07/2019,"{'Ruby': 1, 'R': 2, 'JavaScript': 2}",['Versatile'],['Intolerant'],Yes,Yes,Yes,Pass,Business,10867
Natalie Norwich,31/07/2019,"{'C#': 7, 'Java': 1, 'Ruby': 6}","['Problem Solving', 'Critical Thinking']","['Intolerant', 'Chatty', 'Indecisive']",Yes,Yes,Yes,Pass,Data,10868
Kerstin Couper,23/07/2019,"{'Ruby': 4, 'R': 1, 'PHP': 2, 'C++': 4, 'JavaScript': 1}",['Courteous'],['Overbearing'],Yes,Yes,Yes,Pass,Data,10869
Keen Tripony,03/07/2019,,['Efficient'],"['Chaotic', 'Anxious']",Yes,Yes,Yes,Pass,Business,10870
Ody Paroni,18/07/2019,{'R': 4},"['Composure', 'Reliable', 'Creative']","['Conventional', 'Chatty']",Yes,Yes,Yes,Pass,Data,10871
Rodolfo Drillot,03/07/2019,"{'Python': 3, 'Java': 1, 'Ruby': 5, 'PHP': 1}",['Listening'],"['Passive', 'Chatty', 'Indecisive']",Yes,Yes,Yes,Pass,Business,10872
Derward Wyllt,03/07/2019,"{'Python': 5, 'Java': 6, 'R': 1, 'PHP': 1}","['Collaboration', 'Independent', 'Ambitious']","['Procrastination', 'Perfectionist']",Yes,No,No,Fail,Business,10873
Amil Lidden,09/07/2019,,['Charisma'],['Competitive'],No,Yes,Yes,Fail,Data,10874
Salim Sarra,10/07/2019,"{'R': 8, 'JavaScript': 5}","['Courteous', 'Rational', 'Problem Solving']","['Slow', 'Competitive', 'Indecisive']",Yes,Yes,Yes,Pass,Data,10875
Horatius Branch,11/07/2019,"{'C#': 6, 'Java': 2, 'Ruby': 3, 'PHP': 3, 'C++': 3}","['Composure', 'Courteous', 'Passionate']",['Intolerant'],Yes,Yes,Yes,Pass,Data,10876
Frankie Boseley,02/07/2019,"{'Ruby': 2, 'R': 3}","['Problem Solving', 'Patient']",['Impatient'],Yes,Yes,Yes,Pass,Engineering,10877
Bayard Stuckow,09/07/2019,{'Python': 4},['Curious'],"['Critical', 'Conventional']",Yes,Yes,Yes,Pass,Data,10878
Babita Tabourin,18/07/2019,"{'C#': 3, 'Ruby': 3, 'R': 3, 'SPSS': 2, 'PHP': 3}","['Innovative', 'Listening', 'Perfectionism']","['Critical', 'Slow', 'Indifferent']",No,Yes,Yes,Fail,Engineering,10879
Job Restall,10/07/2019,"{'Python': 3, 'Java': 1}","['Rational', 'Perfectionism', 'Curious']","['Competitive', 'Distracted', 'Selfish']",Yes,Yes,Yes,Pass,Data,10880
Evin De Roeck,17/07/2019,{'R': 1},"['Perfectionism', 'Patient', 'Creative']","['Anxious', 'Slow', 'Introverted']",Yes,Yes,Yes,Pass,Engineering,10881
Leopold Boichat,25/07/2019,{'C++': 4},['Critical Thinking'],"['Impatient', 'Slow', 'Selfish']",Yes,Yes,Yes,Pass,Engineering,10882
Nevil Penhaligon,24/07/2019,"{'R': 1, 'C++': 1}","['Creative', 'Problem Solving']","['Sensitive', 'Perfectionist', 'Overbearing']",Yes,Yes,Yes,Pass,Engineering,10883
Thorin Eskriet,10/07/2019,"{'R': 7, 'PHP': 1, 'C++': 3}","['Innovative', 'Patient']",['Impatient'],Yes,Yes,Yes,Fail,Business,10884
Kathy Capstack,18/07/2019,{'Java': 2},"['Organisation', 'Competitive', 'Reliable']","['Indifferent', 'Competitive']",Yes,Yes,Yes,Pass,Engineering,10885
Floris Rizzetti,11/07/2019,"{'R': 3, 'C++': 1}","['Altruism', 'Problem Solving', 'Versatile']","['Conventional', 'Indecisive', 'Stubborn']",Yes,Yes,Yes,Pass,Engineering,10886
Ollie Pinniger,09/07/2019,"{'C#': 1, 'Java': 3, 'Ruby': 6, 'PHP': 1, 'JavaScript': 6}",['Perfectionism'],"['Controlling', 'Stubborn']",Yes,Yes,Yes,Pass,Business,10887
Rancell Lill,18/07/2019,,"['Collaboration', 'Charisma', 'Critical Thinking']",['Competitive'],Yes,Yes,Yes,Pass,Engineering,10888
Van Chesshyre,09/07/2019,"{'C#': 2, 'Ruby': 4, 'PHP': 5}",['Independent'],"['Indecisive', 'Sensitive', 'Anxious']",Yes,Yes,Yes,Pass,Business,10889
Vivienne Blakelock,10/07/2019,{'SPSS': 3},"['Problem Solving', 'Patient']","['Slow', 'Chatty', 'Indecisive']",Yes,Yes,Yes,Pass,Business,10890
Brad Coleyshaw,30/07/2019,{'JavaScript': 1},"['Listening', 'Versatile']",['Anxious'],Yes,Yes,Yes,Pass,Engineering,10891
Adelaida Pirson,11/07/2019,"{'Python': 3, 'C++': 4, 'JavaScript': 6}","['Versatile', 'Reliable', 'Consistent']",['Undisciplined'],Yes,Yes,Yes,Pass,Data,10892
Alli Ludewig,16/07/2019,"{'C#': 3, 'R': 2, 'SPSS': 7, 'C++': 2}",['Courteous'],"['Passive', 'Overbearing', 'Sensitive']",Yes,Yes,Yes,Pass,Engineering,10893
Elnore Schwandner,16/07/2019,"{'Ruby': 5, 'PHP': 2}","['Composure', 'Competitive']","['Indecisive', 'Distracted']",Yes,Yes,Yes,Pass,Business,10894
Sandor Swatradge,18/07/2019,"{'R': 4, 'SPSS': 2, 'JavaScript': 3}","['Organisation', 'Problem Solving']","['Slow', 'Conventional']",Yes,Yes,Yes,Fail,Business,10895
Benjamin Chastand,31/07/2019,"{'C++': 2, 'JavaScript': 5}","['Creative', 'Patient', 'Composure']","['Conventional', 'Indecisive', 'Undisciplined']",Yes,Yes,Yes,Pass,Engineering,10896
Coleman Martynka,25/07/2019,"{'Python': 7, 'Java': 4, 'C++': 3, 'JavaScript': 2}","['Empathy', 'Collaboration']","['Impulsive', 'Immature', 'Selfish']",Yes,Yes,Yes,Pass,Data,10897
Alistair Scanes,23/07/2019,"{'Python': 4, 'C#': 2, 'Java': 4, 'R': 2, 'PHP': 1}",['Problem Solving'],['Controlling'],Yes,Yes,Yes,Pass,Engineering,10898
Gradeigh Hamblin,16/07/2019,"{'Python': 7, 'C#': 2, 'Ruby': 1, 'C++': 2, 'JavaScript': 5}","['Innovative', 'Altruism', 'Determined']","['Distracted', 'Selfish']",Yes,Yes,No,Fail,Engineering,10899
Clementine Greedier,24/07/2019,"{'Python': 3, 'Ruby': 5, 'C++': 2, 'JavaScript': 3}","['Collaboration', 'Efficient']",['Selfish'],Yes,Yes,Yes,Pass,Engineering,10900
Dyna Sange,04/07/2019,"{'C#': 1, 'Ruby': 6, 'R': 4, 'PHP': 3}",['Reliable'],"['Slow', 'Chatty', 'Introverted']",Yes,Yes,No,Fail,Engineering,10901
Aggie Remmers,30/07/2019,"{'C#': 1, 'SPSS': 5, 'C++': 3, 'JavaScript': 4}","['Composure', 'Reliable', 'Consistent']",['Overbearing'],Yes,Yes,Yes,Pass,Business,10902
Randie Klimashevich,10/07/2019,"{'Java': 1, 'PHP': 2}","['Consistent', 'Composure']",['Undisciplined'],Yes,Yes,Yes,Pass,Data,10903
Laird Grece,17/07/2019,"{'Python': 6, 'Java': 2, 'PHP': 1}","['Composure', 'Innovative']","['Conventional', 'Procrastination']",No,Yes,Yes,Fail,Engineering,10904
Abelard Cardenas,09/07/2019,"{'Java': 4, 'PHP': 1, 'JavaScript': 2}","['Courteous', 'Composure']","['Procrastination', 'Indecisive']",Yes,Yes,Yes,Fail,Business,10905
Maje Vallis,10/07/2019,"{'Java': 1, 'JavaScript': 1}",['Competitive'],['Impatient'],Yes,Yes,Yes,Pass,Engineering,10906
Thoma Bolesworth,04/07/2019,"{'Java': 3, 'JavaScript': 3}","['Courteous', 'Problem Solving', 'Rational']",['Competitive'],Yes,Yes,Yes,Pass,Data,10907
Kris Whaley,30/07/2019,"{'Python': 3, 'C++': 6}","['Altruism', 'Consistent']","['Slow', 'Indecisive']",No,Yes,Yes,Fail,Business,10908
Elsworth Bendtsen,31/07/2019,"{'C#': 2, 'Ruby': 6, 'JavaScript': 5}","['Determined', 'Charisma', 'Composure']","['Procrastination', 'Controlling']",Yes,Yes,Yes,Pass,Engineering,10909
Honor Huntall,02/07/2019,"{'Python': 2, 'Ruby': 2}","['Composure', 'Patient']",['Conventional'],Yes,Yes,Yes,Pass,Engineering,10910
Paulina Tear,17/07/2019,{'PHP': 3},"['Courteous', 'Rational', 'Creative']","['Intolerant', 'Anxious']",No,Yes,Yes,Fail,Business,10911
Kirsten Spelman,30/07/2019,"{'Python': 1, 'C++': 3}",['Composure'],"['Stubborn', 'Procrastination', 'Passive']",Yes,Yes,Yes,Pass,Data,10912
Yankee Northing,02/07/2019,"{'C#': 5, 'Java': 2, 'R': 3, 'C++': 1}","['Critical Thinking', 'Versatile']",['Controlling'],Yes,Yes,Yes,Pass,Data,10913
Noby Vacher,04/07/2019,"{'Ruby': 5, 'PHP': 1, 'JavaScript': 2}","['Composure', 'Collaboration', 'Versatile']",['Controlling'],Yes,Yes,No,Fail,Business,10914
Bevon Detoile,03/07/2019,"{'R': 4, 'C++': 4}","['Ambitious', 'Charisma']",['Indecisive'],Yes,Yes,Yes,Pass,Business,10915
Weylin Swatradge,03/07/2019,"{'Java': 2, 'Ruby': 4, 'R': 1}",['Patient'],['Impatient'],No,Yes,No,Fail,Business,10916
Berti Nayer,02/07/2019,"{'Python': 1, 'C#': 1, 'Java': 3, 'R': 5, 'PHP': 2}","['Creative', 'Consistent']",['Indifferent'],Yes,Yes,Yes,Pass,Data,10917
Adaline Durtnell,30/07/2019,"{'Python': 4, 'C#': 4, 'Java': 2, 'Ruby': 4, 'JavaScript': 1}","['Patient', 'Organisation', 'Efficient']",['Perfectionist'],Yes,No,No,Fail,Data,10918
Oralia Chaikovski,25/07/2019,{'Python': 3},"['Versatile', 'Courteous', 'Listening']","['Indifferent', 'Distracted', 'Chaotic']",No,Yes,Yes,Fail,Engineering,10919
Ester Mcterrelly,11/07/2019,"{'Python': 3, 'Java': 2, 'Ruby': 4, 'R': 4, 'SPSS': 3, 'PHP': 2, 'JavaScript': 3}",['Organisation'],"['Anxious', 'Indecisive', 'Passive']",No,Yes,Yes,Fail,Data,10920
Lee Bernocchi,03/07/2019,"{'Python': 4, 'C#': 2, 'SPSS': 2, 'C++': 2}","['Rational', 'Composure']","['Intolerant', 'Controlling']",Yes,No,Yes,Fail,Engineering,10921
Clarke Cradoc,25/07/2019,"{'Python': 3, 'Java': 1, 'Ruby': 3, 'PHP': 1}","['Critical Thinking', 'Organisation', 'Perfectionism']","['Perfectionist', 'Indifferent', 'Anxious']",Yes,Yes,Yes,Pass,Engineering,10922
Dun Kurth,09/07/2019,{'Java': 1},"['Listening', 'Courteous']","['Overbearing', 'Undisciplined']",Yes,Yes,No,Fail,Data,10923
Drusy Benny,02/07/2019,"{'Java': 4, 'Ruby': 3, 'C++': 4}",['Competitive'],"['Impulsive', 'Undisciplined']",Yes,Yes,Yes,Pass,Data,10924
Maxie Thairs,03/07/2019,"{'Ruby': 4, 'R': 2, 'PHP': 1, 'C++': 3, 'JavaScript': 3}",['Problem Solving'],['Critical'],No,Yes,No,Fail,Business,10925
Lurline Stirtle,11/07/2019,"{'R': 5, 'C++': 1}",['Ambitious'],"['Conventional', 'Intolerant', 'Chatty']",Yes,Yes,Yes,Pass,Business,10926
Marna Matskevich,30/07/2019,"{'Java': 2, 'SPSS': 3, 'C++': 4}",['Rational'],['Slow'],Yes,Yes,Yes,Pass,Business,10927
Ara Loggie,02/07/2019,"{'Java': 1, 'R': 4}","['Ambitious', 'Collaboration']",['Undisciplined'],Yes,Yes,Yes,Pass,Data,10928
Brewer Calderbank,16/07/2019,"{'Java': 3, 'PHP': 1, 'JavaScript': 2}","['Reliable', 'Rational', 'Charisma']","['Immature', 'Undisciplined', 'Perfectionist']",Yes,Yes,Yes,Pass,Engineering,10929
Eberhard Cattemull,30/07/2019,"{'Python': 1, 'C#': 1, 'Java': 4, 'C++': 4}","['Altruism', 'Composure']",['Selfish'],Yes,Yes,Yes,Pass,Data,10930
Tuesday Tasseler,09/07/2019,"{'Python': 3, 'R': 1}","['Charisma', 'Critical Thinking', 'Problem Solving']",['Overbearing'],Yes,Yes,Yes,Pass,Data,10931
Brodie Chipperfield,24/07/2019,"{'Python': 2, 'Ruby': 2, 'SPSS': 4, 'PHP': 1, 'C++': 4}","['Efficient', 'Competitive']","['Slow', 'Distracted']",Yes,Yes,Yes,Pass,Engineering,10932
Hill Tiplady,03/07/2019,{'C#': 3},['Patient'],['Procrastination'],No,Yes,Yes,Fail,Data,10933
Briggs Logsdail,18/07/2019,{'Java': 4},['Consistent'],['Impatient'],Yes,No,Yes,Fail,Data,10934
Adela Paley,23/07/2019,"{'Python': 2, 'Java': 4, 'Ruby': 3, 'SPSS': 2}","['Ambitious', 'Efficient', 'Versatile']",['Anxious'],Yes,Yes,Yes,Pass,Data,10935
Meyer Dobbison,30/07/2019,"{'Python': 1, 'C#': 2, 'Java': 5, 'Ruby': 3}","['Rational', 'Listening']","['Chaotic', 'Competitive']",Yes,Yes,No,Fail,Engineering,10936
Sherlocke Baselio,02/07/2019,"{'Ruby': 3, 'C++': 6, 'JavaScript': 2}","['Creative', 'Innovative', 'Collaboration']","['Controlling', 'Undisciplined']",Yes,Yes,Yes,Pass,Business,10937
Amalea Ughi,02/07/2019,"{'Ruby': 2, 'SPSS': 5, 'PHP': 1}","['Innovative', 'Altruism', 'Consistent']","['Introverted', 'Passive']",Yes,Yes,Yes,Pass,Business,10938
Julia Taile,02/07/2019,"{'Ruby': 4, 'PHP': 1}",['Consistent'],"['Procrastination', 'Conventional']",Yes,No,Yes,Fail,Business,10939
Eden Chattock,09/07/2019,"{'Python': 1, 'C++': 3}","['Listening', 'Composure']","['Impulsive', 'Undisciplined']",Yes,Yes,Yes,Pass,Engineering,10940
Rois Covey,25/07/2019,"{'C#': 6, 'Java': 2, 'Ruby': 3, 'R': 2, 'PHP': 1, 'C++': 4}","['Composure', 'Determined']","['Controlling', 'Competitive', 'Conventional']",Yes,Yes,Yes,Fail,Business,10941
Avictor Moorey,17/07/2019,"{'C#': 3, 'Java': 2, 'PHP': 2, 'C++': 4}","['Empathy', 'Versatile', 'Organisation']",['Slow'],Yes,No,Yes,Fail,Business,10942
Regina Calver,31/07/2019,"{'C#': 2, 'Ruby': 3, 'R': 2, 'C++': 3}","['Organisation', 'Curious']",['Sensitive'],Yes,Yes,Yes,Pass,Data,10943
Lonnard O'Neill,18/07/2019,"{'Java': 4, 'PHP': 2, 'C++': 1, 'JavaScript': 2}","['Charisma', 'Determined']","['Procrastination', 'Competitive']",Yes,Yes,Yes,Pass,Data,10944
Ardis Staniland,02/07/2019,"{'C#': 3, 'Ruby': 7, 'R': 3}",['Altruism'],['Chaotic'],Yes,Yes,No,Fail,Data,10945
Bill Pendlebury,18/07/2019,"{'Python': 5, 'C#': 6, 'R': 2, 'PHP': 3}",['Creative'],"['Chatty', 'Distracted', 'Impulsive']",Yes,Yes,No,Fail,Business,10946
Allyce Attwill,25/07/2019,"{'Java': 1, 'Ruby': 2, 'R': 3, 'PHP': 1}","['Rational', 'Competitive']","['Conventional', 'Slow', 'Anxious']",Yes,Yes,Yes,Pass,Engineering,10947
Belle Catherall,11/07/2019,"{'Python': 1, 'C#': 2, 'Java': 4, 'Ruby': 5, 'R': 4, 'C++': 7}","['Efficient', 'Patient']","['Chatty', 'Competitive']",Yes,Yes,Yes,Pass,Data,10948
Layne Mcaline,25/07/2019,"{'Python': 2, 'C#': 4, 'Java': 1, 'Ruby': 1, 'R': 5, 'SPSS': 1, 'JavaScript': 2}",['Rational'],"['Introverted', 'Perfectionist', 'Critical']",Yes,Yes,No,Fail,Business,10949
Ulrikaumeko Bowsher,16/07/2019,"{'C#': 3, 'R': 2, 'JavaScript': 7}","['Curious', 'Problem Solving']","['Chatty', 'Impatient', 'Controlling']",Yes,Yes,Yes,Pass,Data,10950
Lory Bruckman,11/07/2019,"{'C#': 3, 'Java': 2, 'SPSS': 4}","['Problem Solving', 'Creative', 'Versatile']","['Slow', 'Anxious']",Yes,Yes,Yes,Pass,Data,10951
Rufe Devon,11/07/2019,"{'C#': 3, 'PHP': 2, 'C++': 4}",['Consistent'],"['Controlling', 'Impatient', 'Critical']",Yes,Yes,Yes,Pass,Data,10952
Abbott Dodgshon,18/07/2019,"{'Java': 2, 'C++': 5}","['Innovative', 'Creative']","['Indifferent', 'Procrastination']",Yes,Yes,Yes,Pass,Engineering,10953
Antonie Coram,25/07/2019,"{'Python': 2, 'Java': 2, 'C++': 1, 'JavaScript': 3}","['Efficient', 'Reliable', 'Perfectionism']","['Chatty', 'Impatient']",Yes,Yes,Yes,Pass,Data,10954
Cinnamon Gilkison,09/07/2019,"{'Python': 2, 'PHP': 3, 'C++': 1, 'JavaScript': 2}",['Rational'],['Overbearing'],Yes,Yes,Yes,Fail,Business,10955
Dewitt Milborn,24/07/2019,{'SPSS': 1},['Independent'],"['Distracted', 'Perfectionist', 'Indecisive']",Yes,Yes,Yes,Pass,Data,10956
Claude Duran,02/07/2019,"{'Python': 1, 'C#': 5, 'SPSS': 1}",['Curious'],"['Immature', 'Impulsive']",Yes,No,Yes,Fail,Data,10957
Nadya Pineaux,23/07/2019,"{'C#': 3, 'Ruby': 3, 'R': 1, 'SPSS': 3}","['Ambitious', 'Altruism', 'Reliable']",['Indecisive'],Yes,Yes,Yes,Pass,Data,10958
Nani Measom,25/07/2019,"{'Ruby': 1, 'R': 1, 'SPSS': 1}","['Composure', 'Efficient']","['Passive', 'Conventional', 'Indecisive']",Yes,Yes,No,Fail,Data,10959
Ches Wahlberg,23/07/2019,"{'Ruby': 4, 'SPSS': 6, 'PHP': 2, 'C++': 1}",['Courteous'],"['Overbearing', 'Critical', 'Sensitive']",Yes,Yes,Yes,Pass,Engineering,10960
Zacherie Beswell,11/07/2019,"{'Ruby': 2, 'JavaScript': 1}","['Patient', 'Altruism', 'Creative']",['Sensitive'],Yes,Yes,Yes,Pass,Business,10961
Karla Windridge,31/07/2019,"{'C#': 2, 'C++': 2}",['Composure'],['Undisciplined'],Yes,No,Yes,Fail,Business,10962
Lannie Minister,31/07/2019,,"['Consistent', 'Independent', 'Curious']","['Indecisive', 'Anxious']",Yes,Yes,Yes,Pass,Data,10963
Andree Romeo,02/07/2019,{'Python': 1},['Collaboration'],"['Impatient', 'Anxious', 'Undisciplined']",Yes,Yes,Yes,Pass,Business,10964
Roch De Courcy,09/07/2019,"{'C#': 3, 'R': 2}","['Collaboration', 'Determined']",['Impulsive'],Yes,Yes,Yes,Pass,Data,10965
Maggie Dolden,11/07/2019,"{'Java': 1, 'Ruby': 3}","['Reliable', 'Consistent']","['Overbearing', 'Chatty', 'Anxious']",Yes,Yes,Yes,Pass,Data,10966
Gage Feveryear,11/07/2019,"{'SPSS': 4, 'PHP': 1, 'JavaScript': 2}",['Altruism'],"['Indecisive', 'Selfish', 'Chaotic']",Yes,Yes,Yes,Pass,Business,10967
Virginia Burdge,11/07/2019,{'R': 5},"['Passionate', 'Ambitious', 'Reliable']","['Chaotic', 'Conventional']",No,Yes,Yes,Fail,Engineering,10968
Melodee Crippen,04/07/2019,"{'Python': 3, 'Ruby': 2, 'R': 4, 'C++': 6}",['Versatile'],['Procrastination'],Yes,Yes,Yes,Pass,Business,10969
Raven Derx,24/07/2019,"{'Ruby': 4, 'SPSS': 5}","['Independent', 'Collaboration']","['Procrastination', 'Chatty']",Yes,No,Yes,Fail,Business,10970
Joseito Duiged,17//07/2019,,"['Composure', 'Patient', 'Charisma']",['Sensitive'],Yes,Yes,Yes,Pass,Business,10971
Merline Rickell,23/07/2019,"{'SPSS': 5, 'C++': 2}","['Problem Solving', 'Ambitious', 'Patient']","['Selfish', 'Conventional', 'Sensitive']",Yes,Yes,Yes,Pass,Engineering,10972
Vina Flott,16/07/2019,"{'Java': 3, 'JavaScript': 1}","['Ambitious', 'Consistent']","['Chaotic', 'Impatient', 'Indecisive']",Yes,Yes,No,Fail,Data,10973
Hastie Hantusch,17/07/2019,{'Ruby': 3},"['Reliable', 'Patient']","['Slow', 'Procrastination', 'Stubborn']",No,Yes,Yes,Fail,Engineering,10974
Ines Plaschke,24/07/2019,"{'C#': 5, 'JavaScript': 2}","['Innovative', 'Curious', 'Problem Solving']","['Chaotic', 'Impatient']",Yes,Yes,No,Fail,Data,10975
Burnaby Mackay,17/07/2019,"{'Python': 2, 'C#': 6, 'R': 1, 'SPSS': 7, 'PHP': 2}","['Rational', 'Reliable', 'Critical Thinking']","['Introverted', 'Chaotic']",Yes,Yes,Yes,Fail,Business,10976
Linc Ridgway,17/07/2019,{'SPSS': 1},"['Independent', 'Altruism']",['Impulsive'],Yes,No,Yes,Fail,Engineering,10977
Darcy Handrahan,09/07/2019,"{'C#': 4, 'Java': 4, 'C++': 3, 'JavaScript': 2}","['Competitive', 'Rational']","['Indecisive', 'Chatty']",Yes,Yes,No,Fail,Data,10978
Towny Povall,31/07/2019,"{'Python': 3, 'Java': 2, 'R': 2, 'SPSS': 7, 'C++': 2, 'JavaScript': 3}","['Altruism', 'Charisma']",['Slow'],Yes,No,Yes,Fail,Data,10979
Beauregard Hould,30/07/2019,{'Python': 7},['Consistent'],"['Indifferent', 'Sensitive']",Yes,Yes,Yes,Pass,Data,10980
Joletta Kalinowsky,31/07/2019,"{'Java': 4, 'Ruby': 2, 'PHP': 3, 'JavaScript': 4}",['Ambitious'],['Anxious'],Yes,Yes,Yes,Pass,Business,10981
Lock Ellerker,04/07/2019,"{'C#': 6, 'Java': 2, 'SPSS': 2, 'JavaScript': 7}","['Problem Solving', 'Listening']","['Procrastination', 'Impatient']",No,Yes,No,Fail,Data,10982
Freddie Samber,10/07/2019,"{'C#': 1, 'Java': 2, 'R': 3, 'SPSS': 3, 'JavaScript': 2}","['Ambitious', 'Patient']","['Conventional', 'Overbearing']",Yes,Yes,Yes,Pass,Data,10983
Arlette Pickles,11//07/2019,"{'Java': 3, 'JavaScript': 4}",['Listening'],"['Chaotic', 'Impatient', 'Indecisive']",Yes,Yes,No,Fail,Data,10984
Simonette Mawson,31/07/2019,"{'Python': 1, 'Ruby': 2, 'PHP': 3, 'C++': 2}",['Composure'],['Impatient'],Yes,Yes,Yes,Pass,Data,10985
Micheal Di Matteo,30/07/2019,"{'R': 2, 'SPSS': 5, 'JavaScript': 1}","['Problem Solving', 'Empathy', 'Altruism']","['Competitive', 'Slow']",Yes,Yes,Yes,Pass,Data,10986
Madeleine Brunicke,11/07/2019,"{'Python': 6, 'Java': 8, 'Ruby': 2, 'R': 2, 'SPSS': 3, 'C++': 3}",['Organisation'],"['Undisciplined', 'Chatty', 'Competitive']",Yes,Yes,No,Fail,Data,10987
Ashby Capener,18/07/2019,"{'Python': 2, 'Java': 5, 'R': 3, 'C++': 1}",['Independent'],['Impulsive'],Yes,Yes,Yes,Fail,Business,10988
Rachele Bracknell,18/07/2019,,"['Perfectionism', 'Independent']","['Indifferent', 'Procrastination']",Yes,Yes,Yes,Pass,Data,10989
Portia Farfalameev,16/07/2019,"{'Python': 1, 'Java': 3, 'Ruby': 1, 'C++': 5, 'JavaScript': 1}",['Competitive'],"['Introverted', 'Undisciplined', 'Impatient']",Yes,Yes,Yes,Pass,Business,10990
Grant Kilban,10/07/2019,"{'Python': 4, 'C#': 3, 'Java': 5, 'SPSS': 5, 'PHP': 2, 'C++': 3}","['Passionate', 'Ambitious']",['Conventional'],Yes,Yes,No,Fail,Business,10991
Sinclair Bonder,11/07/2019,"{'C#': 2, 'R': 1, 'SPSS': 3}",['Perfectionism'],['Anxious'],Yes,Yes,Yes,Pass,Engineering,10992
Harmonia Winspare,04/07/2019,"{'C#': 3, 'R': 4, 'SPSS': 2, 'JavaScript': 1}",['Problem Solving'],['Undisciplined'],Yes,Yes,Yes,Pass,Engineering,10993
Milly Ison,31/07/2019,"{'Python': 4, 'Ruby': 1}","['Composure', 'Empathy']","['Immature', 'Slow']",Yes,Yes,Yes,Pass,Engineering,10994
Evvy Allcock,25/07/2019,"{'Python': 3, 'C#': 2, 'Ruby': 3, 'R': 5, 'JavaScript': 2}","['Versatile', 'Perfectionism']",['Slow'],Yes,Yes,Yes,Pass,Engineering,10995
Con Haxley,31/07/2019,"{'Python': 3, 'C#': 4, 'Java': 2, 'PHP': 2, 'C++': 3}","['Determined', 'Problem Solving']","['Controlling', 'Immature', 'Perfectionist']",Yes,Yes,Yes,Pass,Data,10996
Bryanty Greenacre,31/07/2019,"{'Python': 3, 'Java': 1}",['Perfectionism'],['Procrastination'],Yes,Yes,Yes,Pass,Business,10997
Vivianne Shills,31/07/2019,"{'C#': 5, 'Java': 5, 'R': 4, 'JavaScript': 1}","['Problem Solving', 'Organisation']",['Indifferent'],Yes,Yes,Yes,Pass,Data,10998
Renado Bulfoot,31/07/2019,"{'Ruby': 2, 'R': 3, 'PHP': 2}",['Efficient'],['Perfectionist'],Yes,No,Yes,Fail,Engineering,10999
Sinclair Breissan,12/07/2019,"{'C#': 1, 'Java': 1, 'Ruby': 1, 'R': 1, 'SPSS': 3, 'PHP': 1, 'JavaScript': 5}","['Independent', 'Efficient']",['Anxious'],No,Yes,Yes,Fail,Engineering,11000
Conn Dobson,18/07/2019,"{'Java': 5, 'R': 5}",['Courteous'],"['Procrastination', 'Impulsive']",Yes,Yes,No,Fail,Business,11001
Nicolle Radford,04/07/2019,"{'Python': 2, 'Ruby': 3, 'C++': 4, 'JavaScript': 5}","['Versatile', 'Charisma']",['Intolerant'],Yes,Yes,Yes,Pass,Business,11002
Marquita Forrington,20/07/2019,"{'C#': 1, 'Ruby': 1}","['Organisation', 'Independent', 'Altruism']","['Stubborn', 'Controlling']",Yes,Yes,Yes,Pass,Data,11003
Ingaborg Pitblado,18/07/2019,"{'C#': 2, 'Ruby': 6, 'R': 5, 'SPSS': 7, 'PHP': 1}",['Ambitious'],"['Chatty', 'Anxious']",No,Yes,Yes,Fail,Business,11004
Bethanne Este,06/07/2019,"{'Python': 2, 'Java': 4, 'SPSS': 6, 'JavaScript': 3}","['Patient', 'Innovative']","['Indifferent', 'Competitive']",Yes,No,Yes,Fail,Business,11005
Ingelbert Clench,27/07/2019,"{'C#': 2, 'SPSS': 3, 'C++': 6}","['Critical Thinking', 'Creative', 'Courteous']","['Controlling', 'Overbearing']",Yes,Yes,Yes,Pass,Data,11006
Aura Louche,04/07/2019,"{'Python': 2, 'R': 2, 'SPSS': 3, 'C++': 2}","['Determined', 'Creative', 'Rational']",['Indifferent'],Yes,Yes,Yes,Pass,Data,11007
Cully Seward,05/07/2019,{'SPSS': 1},['Determined'],"['Undisciplined', 'Controlling', 'Critical']",Yes,No,Yes,Fail,Data,11008
Lenna Daulby,13/07/2019,"{'Python': 3, 'C#': 2, 'Ruby': 3, 'C++': 5}",['Composure'],"['Anxious', 'Slow', 'Controlling']",Yes,Yes,Yes,Pass,Engineering,11009
Billi Narraway,18/07/2019,"{'Python': 4, 'C#': 2, 'Java': 3, 'Ruby': 1}",['Independent'],"['Conventional', 'Selfish']",Yes,Yes,Yes,Fail,Engineering,11010
Aurelea Leason,25/07/2019,"{'Java': 6, 'Ruby': 2, 'SPSS': 1, 'PHP': 1}","['Creative', 'Independent', 'Organisation']","['Intolerant', 'Competitive', 'Chatty']",Yes,Yes,Yes,Pass,Data,11011
Lucius Buswell,04/07/2019,"{'Python': 5, 'Java': 2, 'SPSS': 2, 'PHP': 3}","['Perfectionism', 'Efficient', 'Creative']","['Anxious', 'Conventional', 'Intolerant']",Yes,Yes,Yes,Pass,Engineering,11012
Esdras Pires,13/07/2019,"{'Python': 5, 'Ruby': 1, 'R': 2, 'SPSS': 3, 'C++': 6, 'JavaScript': 1}",['Competitive'],['Passive'],Yes,No,Yes,Fail,Data,11013
Siouxie Rogan,11/07/2019,"{'Ruby': 5, 'PHP': 2}","['Organisation', 'Curious']",['Immature'],Yes,Yes,Yes,Pass,Engineering,11014
Marchall Pocklington,25/07/2019,"{'C#': 3, 'R': 3, 'SPSS': 3, 'PHP': 2, 'C++': 3, 'JavaScript': 1}","['Composure', 'Competitive', 'Independent']","['Indecisive', 'Conventional', 'Distracted']",Yes,Yes,Yes,Fail,Engineering,11015
Granthem Long,05/07/2019,"{'Python': 2, 'R': 2, 'PHP': 3, 'JavaScript': 2}",['Organisation'],"['Passive', 'Chaotic', 'Procrastination']",Yes,Yes,Yes,Pass,Engineering,11016
Charlean Balston,11/07/2019,"{'SPSS': 3, 'JavaScript': 3}","['Listening', 'Altruism', 'Competitive']",['Indecisive'],Yes,No,Yes,Fail,Data,11017
Jimmie Durker,06/07/2019,"{'SPSS': 3, 'PHP': 1}","['Listening', 'Ambitious']",['Perfectionist'],Yes,Yes,Yes,Pass,Engineering,11018
Jeanette Wankel,12/07/2019,"{'C#': 1, 'Ruby': 5, 'SPSS': 3, 'PHP': 3}",['Rational'],"['Introverted', 'Indifferent', 'Controlling']",Yes,Yes,Yes,Fail,Data,11019
Giulietta Dissman,25/07/2019,"{'C#': 6, 'C++': 1, 'JavaScript': 1}","['Passionate', 'Creative']",['Chaotic'],Yes,Yes,No,Fail,Data,11020
Joanna Thwaite,06/07/2019,{'Ruby': 2},"['Competitive', 'Collaboration', 'Problem Solving']","['Perfectionist', 'Impatient', 'Impulsive']",Yes,Yes,Yes,Pass,Business,11021
Salim Edmundson,13/07/2019,"{'Python': 1, 'C#': 2, 'Java': 3, 'PHP': 1}","['Listening', 'Independent']",['Controlling'],Yes,No,Yes,Fail,Data,11022
Jan Manilo,26/07/2019,"{'Python': 2, 'C#': 3, 'R': 4, 'JavaScript': 1}","['Competitive', 'Versatile', 'Determined']","['Chaotic', 'Overbearing']",Yes,Yes,Yes,Pass,Data,11023
Suzette Glander,20/07/2019,"{'Java': 3, 'C++': 5}","['Empathy', 'Creative', 'Patient']",['Sensitive'],Yes,Yes,Yes,Pass,Engineering,11024
Bambi See,04/07/2019,"{'Python': 2, 'C#': 1, 'Java': 2, 'JavaScript': 4}","['Composure', 'Consistent']","['Impatient', 'Undisciplined']",Yes,Yes,Yes,Pass,Business,11025
Ainslee Paice,18/07/2019,"{'R': 1, 'SPSS': 8}","['Collaboration', 'Charisma', 'Curious']","['Critical', 'Indifferent']",Yes,Yes,Yes,Fail,Engineering,11026
Fernanda Hendrich,06/07/2019,"{'SPSS': 2, 'PHP': 2, 'C++': 5, 'JavaScript': 4}","['Perfectionism', 'Courteous', 'Composure']","['Sensitive', 'Indifferent']",Yes,No,Yes,Fail,Engineering,11027
Virge Insole,20/07/2019,"{'C#': 3, 'Java': 4, 'Ruby': 5, 'SPSS': 2, 'PHP': 5, 'JavaScript': 4}","['Reliable', 'Critical Thinking']",['Chaotic'],Yes,No,Yes,Fail,Engineering,11028
Kathy Meeking,26/07/2019,"{'Python': 1, 'Java': 3}","['Curious', 'Versatile', 'Ambitious']","['Conventional', 'Intolerant', 'Sensitive']",Yes,Yes,Yes,Pass,Data,11029
Lind Ferebee,25/07/2019,{'Python': 4},['Independent'],"['Passive', 'Distracted', 'Perfectionist']",Yes,Yes,Yes,Pass,Business,11030
Aguie Morrad,27/07/2019,"{'Java': 3, 'Ruby': 3}","['Competitive', 'Rational', 'Reliable']",['Distracted'],Yes,Yes,Yes,Pass,Data,11031
Vania Ingray,13/07/2019,{'C#': 1},['Courteous'],"['Distracted', 'Indifferent', 'Chaotic']",Yes,Yes,Yes,Pass,Business,11032
Ola Robelet,19/07/2019,"{'Ruby': 1, 'R': 3, 'SPSS': 1}","['Ambitious', 'Rational', 'Consistent']","['Impatient', 'Overbearing', 'Procrastination']",Yes,Yes,No,Fail,Data,11033
Leoline Stelli,19/07/2019,"{'Ruby': 3, 'R': 2}","['Determined', 'Patient']",['Impulsive'],Yes,No,Yes,Fail,Data,11034
Malia Checcucci,25/07/2019,"{'Python': 5, 'Java': 4, 'R': 2, 'SPSS': 1, 'PHP': 3}","['Perfectionism', 'Versatile']","['Sensitive', 'Perfectionist', 'Distracted']",Yes,Yes,Yes,Pass,Business,11035
Antoni Caney,11/07/2019,"{'Python': 1, 'Java': 2, 'Ruby': 4, 'SPSS': 2, 'C++': 2}",['Competitive'],"['Critical', 'Sensitive', 'Indifferent']",Yes,Yes,Yes,Pass,Business,11036
Alanah Matfin,27/07/2019,"{'C#': 3, 'Java': 4, 'SPSS': 3, 'PHP': 2}",['Organisation'],"['Critical', 'Chaotic', 'Stubborn']",Yes,Yes,Yes,Pass,Business,11037
Nickolaus Jeacocke,06/07/2019,"{'Java': 5, 'R': 3}",['Reliable'],"['Anxious', 'Undisciplined', 'Conventional']",Yes,Yes,Yes,Pass,Data,11038
Briano Nissle,13/07/2019,"{'C#': 3, 'Java': 2, 'SPSS': 2, 'PHP': 1, 'C++': 3}",['Consistent'],['Controlling'],Yes,Yes,Yes,Pass,Business,11039
Temple Plumridege,20/07/2019,{'SPSS': 3},['Composure'],"['Indifferent', 'Indecisive']",Yes,Yes,Yes,Pass,Business,11040
Adeline Ordidge,19/07/2019,"{'Python': 4, 'C#': 4, 'R': 4, 'SPSS': 2, 'PHP': 1}","['Empathy', 'Rational', 'Reliable']",['Procrastination'],Yes,No,Yes,Fail,Data,11041
Stanleigh Huson,19/07/2019,"{'Java': 1, 'C++': 3}","['Rational', 'Determined', 'Independent']","['Undisciplined', 'Impulsive', 'Chatty']",Yes,Yes,Yes,Pass,Engineering,11042
Lyell Sandell,06/07/2019,"{'Python': 4, 'C#': 3, 'R': 4, 'C++': 1}",['Consistent'],"['Chaotic', 'Procrastination', 'Selfish']",Yes,Yes,Yes,Pass,Engineering,11043
Putnem Ericsson,18/07/2019,"{'Python': 4, 'Java': 2, 'Ruby': 3, 'R': 1, 'PHP': 2, 'C++': 3}","['Versatile', 'Ambitious']","['Indecisive', 'Passive']",Yes,Yes,Yes,Fail,Engineering,11044
Dodie Mcgowran,27/07/2019,"{'Python': 2, 'Java': 7, 'Ruby': 7, 'JavaScript': 1}","['Versatile', 'Critical Thinking']",['Slow'],Yes,Yes,Yes,Pass,Engineering,11045
Freddie Ludlam,05/07/2019,"{'Python': 2, 'C#': 5, 'SPSS': 5, 'PHP': 2}",['Curious'],"['Impatient', 'Introverted']",Yes,No,Yes,Fail,Data,11046
Fancie Coster,25/07/2019,"{'Python': 1, 'C#': 2, 'PHP': 3}","['Reliable', 'Ambitious', 'Curious']",['Impatient'],Yes,Yes,Yes,Pass,Business,11047
Abran Odams,12/07/2019,"{'PHP': 4, 'C++': 5, 'JavaScript': 5}","['Perfectionism', 'Ambitious', 'Innovative']","['Intolerant', 'Anxious', 'Critical']",No,No,Yes,Fail,Engineering,11048
Brod Blunden,18/07/2019,"{'Python': 2, 'C++': 2}",['Passionate'],"['Controlling', 'Impulsive']",Yes,Yes,Yes,Pass,Business,11049
Shel Bolzen,25/07/2019,"{'Python': 1, 'Ruby': 2, 'R': 5}","['Empathy', 'Perfectionism', 'Consistent']","['Indecisive', 'Conventional', 'Slow']",Yes,Yes,Yes,Pass,Data,11050
Matilda Mattiessen,25/07/2019,"{'C#': 5, 'SPSS': 1}","['Charisma', 'Independent', 'Patient']","['Perfectionist', 'Overbearing']",Yes,Yes,Yes,Pass,Data,11051
Georgette Giacomo,18/07/2019,{'JavaScript': 1},"['Organisation', 'Charisma']","['Slow', 'Stubborn']",Yes,Yes,Yes,Pass,Engineering,11052
Hanni Katt,20/07/2019,"{'Java': 2, 'R': 3, 'C++': 3}","['Perfectionism', 'Charisma']",['Controlling'],Yes,Yes,Yes,Pass,Business,11053
Jeanne Brayne,12/07/2019,"{'Python': 3, 'C#': 5, 'Java': 9, 'R': 3, 'PHP': 2}","['Listening', 'Collaboration']",['Passive'],Yes,Yes,Yes,Pass,Business,11054
Joana Frawley,04/07/2019,"{'Python': 3, 'R': 4, 'PHP': 4, 'C++': 2}",['Problem Solving'],['Indifferent'],Yes,Yes,Yes,Pass,Business,11055
Kingston Comsty,06/07/2019,"{'C#': 2, 'Java': 2, 'SPSS': 2}","['Reliable', 'Problem Solving', 'Innovative']","['Impatient', 'Competitive', 'Stubborn']",Yes,Yes,Yes,Pass,Data,11056
York Sygroves,18/07/2019,"{'Python': 4, 'Java': 2, 'PHP': 3, 'JavaScript': 3}",['Patient'],"['Critical', 'Competitive', 'Anxious']",Yes,No,Yes,Fail,Business,11057
Camel Miguet,12/07/2019,{'C#': 4},['Critical Thinking'],"['Procrastination', 'Passive']",Yes,Yes,Yes,Pass,Business,11058
Vina Fodden,20/07/2019,"{'Python': 1, 'Java': 4, 'Ruby': 2, 'PHP': 1}","['Consistent', 'Competitive']","['Immature', 'Controlling']",Yes,Yes,Yes,Fail,Engineering,11059
Sawyere Paskell,05/07/2019,"{'C#': 3, 'Java': 3, 'R': 1, 'SPSS': 1, 'PHP': 3}","['Organisation', 'Problem Solving', 'Collaboration']","['Passive', 'Undisciplined', 'Immature']",Yes,Yes,Yes,Pass,Engineering,11060
Zeb Tippings,12/07/2019,"{'R': 2, 'JavaScript': 3}","['Altruism', 'Competitive']","['Impatient', 'Anxious']",Yes,Yes,Yes,Pass,Engineering,11061
Nil Iacovo,18/07/2019,"{'Java': 1, 'PHP': 2, 'C++': 2}","['Independent', 'Collaboration']","['Sensitive', 'Indecisive', 'Procrastination']",Yes,Yes,Yes,Fail,Business,11062
Aurora Jimson,27/07/2019,"{'C#': 5, 'Ruby': 1, 'R': 1, 'JavaScript': 2}","['Versatile', 'Curious', 'Organisation']",['Distracted'],Yes,Yes,Yes,Pass,Engineering,11063
Helena Swire,18/07/2019,"{'Python': 3, 'C++': 1, 'JavaScript': 2}","['Listening', 'Problem Solving']","['Chaotic', 'Indecisive']",Yes,Yes,Yes,Pass,Business,11064
Francklin Warrington,25/07/2019,"{'Java': 6, 'Ruby': 4, 'C++': 3, 'JavaScript': 5}","['Altruism', 'Listening']","['Impulsive', 'Critical']",Yes,Yes,Yes,Pass,Data,11065
Dorene Franschini,12/07/2019,"{'C#': 3, 'C++': 2}","['Creative', 'Determined', 'Altruism']","['Slow', 'Overbearing']",Yes,Yes,Yes,Pass,Data,11066
Diana Webby,11/07/2019,"{'Java': 1, 'Ruby': 1, 'SPSS': 3, 'C++': 3}","['Courteous', 'Listening']","['Intolerant', 'Introverted']",No,Yes,Yes,Fail,Business,11067
Ginevra Paice,18/07/2019,"{'Python': 2, 'R': 4, 'SPSS': 4, 'C++': 1}",['Independent'],"['Impatient', 'Selfish', 'Undisciplined']",Yes,No,Yes,Fail,Data,11068
Chane Wetwood,18/07/2019,{'Java': 4},"['Rational', 'Reliable', 'Passionate']","['Impatient', 'Introverted', 'Undisciplined']",Yes,Yes,Yes,Pass,Engineering,11069
Barbra Polleye,18/07/2019,"{'C#': 4, 'Ruby': 3}","['Perfectionism', 'Determined']","['Anxious', 'Slow', 'Distracted']",Yes,Yes,Yes,Pass,Business,11070
Shelbi Waddingham,18/07/2019,"{'Ruby': 1, 'PHP': 5}",['Competitive'],"['Slow', 'Indecisive']",Yes,Yes,Yes,Pass,Engineering,11071
Lenora Gannicott,19/07/2019,"{'Ruby': 1, 'C++': 1, 'JavaScript': 1}",['Organisation'],"['Perfectionist', 'Procrastination']",Yes,Yes,No,Fail,Engineering,11072
Aindrea Normanvill,18/07/2019,"{'C#': 5, 'SPSS': 2, 'PHP': 1, 'C++': 5}","['Collaboration', 'Courteous', 'Versatile']","['Slow', 'Introverted']",Yes,Yes,Yes,Pass,Business,11073
Annamaria Redhole,26/07/2019,"{'C#': 3, 'Ruby': 3, 'PHP': 4}","['Rational', 'Versatile', 'Charisma']","['Anxious', 'Chatty']",Yes,No,Yes,Fail,Engineering,11074
Sarah Magor,20/07/2019,"{'C#': 2, 'R': 5, 'JavaScript': 2}",['Critical Thinking'],['Overbearing'],Yes,Yes,Yes,Pass,Engineering,11075
Zacharie Bann,27/07/2019,"{'C#': 4, 'Ruby': 2, 'PHP': 1, 'JavaScript': 1}",['Problem Solving'],"['Intolerant', 'Controlling', 'Indifferent']",Yes,Yes,Yes,Pass,Data,11076
Vernon Curl,04/07/2019,"{'Java': 2, 'SPSS': 2, 'PHP': 1, 'JavaScript': 2}","['Determined', 'Reliable', 'Creative']","['Overbearing', 'Undisciplined', 'Impatient']",Yes,Yes,Yes,Pass,Data,11077
Savina Phythien,27/07/2019,"{'C#': 4, 'Java': 3, 'Ruby': 1, 'PHP': 4, 'JavaScript': 2}","['Collaboration', 'Competitive', 'Rational']","['Introverted', 'Impatient', 'Passive']",Yes,Yes,Yes,Pass,Data,11078
Cleveland Vasyukhin,19/07/2019,"{'Python': 1, 'Java': 2, 'Ruby': 5, 'R': 2}","['Determined', 'Independent', 'Versatile']","['Conventional', 'Intolerant', 'Sensitive']",Yes,Yes,Yes,Pass,Data,11079
Katherina Bowton,26/07/2019,"{'C#': 6, 'JavaScript': 1}",['Empathy'],['Overbearing'],Yes,No,Yes,Fail,Business,11080
Giustina Catford,06/07/2019,"{'C#': 5, 'Java': 2}","['Patient', 'Listening']","['Impatient', 'Procrastination']",Yes,Yes,Yes,Pass,Engineering,11081
Fidel Norval,19/07/2019,{'SPSS': 4},"['Innovative', 'Determined']","['Selfish', 'Controlling', 'Introverted']",No,Yes,Yes,Fail,Engineering,11082
Fidel Norval,19/07/2019,{'SPSS': 4},"['Innovative', 'Determined']","['Selfish', 'Controlling', 'Introverted']",No,Yes,Yes,Fail,Engineering,11083
Kim Bester,26/07/2019,"{'Python': 4, 'C#': 3, 'Java': 3, 'Ruby': 1, 'R': 2, 'PHP': 1, 'C++': 4, 'JavaScript': 2}",['Empathy'],"['Stubborn', 'Chatty']",Yes,Yes,Yes,Fail,Engineering,11084
Nomi Verne,05/07/2019,"{'Java': 1, 'SPSS': 3, 'C++': 2, 'JavaScript': 4}",['Ambitious'],"['Passive', 'Immature']",Yes,Yes,Yes,Pass,Data,11085
Verla Di Antonio,05/07/2019,"{'C#': 1, 'Java': 1, 'Ruby': 1, 'SPSS': 6, 'C++': 7}","['Problem Solving', 'Composure', 'Collaboration']","['Sensitive', 'Undisciplined']",Yes,Yes,Yes,Pass,Business,11086
Cherrita Allchorne,26/07/2019,"{'Java': 2, 'Ruby': 2, 'R': 6, 'PHP': 1}","['Problem Solving', 'Competitive', 'Rational']",['Intolerant'],No,Yes,Yes,Fail,Engineering,11087
Charmain Diben,12/07/2019,"{'Python': 4, 'C#': 3, 'R': 2, 'SPSS': 4, 'C++': 7}",['Composure'],"['Stubborn', 'Critical']",Yes,Yes,Yes,Pass,Engineering,11088
Hulda Bales,25/07/2019,"{'Python': 4, 'Java': 2, 'PHP': 2, 'C++': 1}",['Composure'],"['Distracted', 'Impatient']",No,Yes,Yes,Fail,Data,11089
Bunny Barns,13/07/2019,"{'C#': 6, 'SPSS': 1}",['Perfectionism'],"['Critical', 'Indecisive', 'Procrastination']",Yes,Yes,Yes,Pass,Engineering,11090
Malvina Whiteford,11/07/2019,"{'C#': 2, 'Java': 1, 'PHP': 4, 'C++': 4, 'JavaScript': 4}","['Organisation', 'Consistent', 'Determined']",['Selfish'],Yes,Yes,Yes,Pass,Data,11091
Elsie Fursland,04/07/2019,"{'Java': 4, 'PHP': 2, 'C++': 6}","['Organisation', 'Passionate', 'Patient']","['Competitive', 'Conventional', 'Selfish']",Yes,Yes,Yes,Pass,Business,11092
Ebeneser Handy,05/07/2019,"{'Python': 5, 'C#': 1, 'Java': 3, 'Ruby': 5, 'PHP': 1, 'JavaScript': 2}","['Determined', 'Ambitious']",['Overbearing'],Yes,Yes,Yes,Pass,Data,11093
Marvin Gorger,19/07/2019,"{'Python': 3, 'Ruby': 5, 'R': 2, 'SPSS': 3, 'C++': 2, 'JavaScript': 1}",['Innovative'],"['Anxious', 'Introverted', 'Procrastination']",Yes,Yes,Yes,Pass,Business,11094
Rosalinde Smallshaw,19/07/2019,"{'Ruby': 5, 'R': 4, 'C++': 4, 'JavaScript': 2}",['Critical Thinking'],"['Impatient', 'Passive']",Yes,Yes,Yes,Pass,Engineering,11095
Rosalinda Frizzell,26/07/2019,"{'Python': 1, 'PHP': 1}","['Reliable', 'Organisation']","['Distracted', 'Conventional', 'Immature']",Yes,Yes,Yes,Fail,Business,11096
Wade Friedenbach,04/07/2019,"{'Ruby': 4, 'SPSS': 1, 'PHP': 2}","['Problem Solving', 'Empathy']",['Indifferent'],Yes,Yes,Yes,Pass,Engineering,11097
Guido Lassells,13/07/2019,"{'R': 5, 'PHP': 1, 'C++': 4}","['Innovative', 'Courteous', 'Consistent']","['Passive', 'Competitive']",Yes,Yes,Yes,Pass,Business,11098
Shelden Sheraton,20/07/2019,"{'C#': 1, 'Ruby': 3, 'C++': 1}","['Reliable', 'Versatile', 'Determined']","['Selfish', 'Competitive']",No,Yes,Yes,Fail,Data,11099
Kacey Smurthwaite,27/07/2019,"{'Java': 4, 'Ruby': 5, 'C++': 3}",['Rational'],['Indifferent'],Yes,Yes,Yes,Pass,Engineering,11100
Audrye Walkingshaw,13/07/2019,"{'R': 2, 'SPSS': 1}","['Reliable', 'Critical Thinking']","['Distracted', 'Chatty']",Yes,Yes,Yes,Pass,Business,11101
Selle Mckeowon,20/07/2019,"{'C#': 3, 'Java': 3, 'Ruby': 4, 'SPSS': 5, 'JavaScript': 8}","['Passionate', 'Creative']","['Distracted', 'Introverted']",Yes,Yes,Yes,Pass,Data,11102
Bird Hatfield,20/07/2019,"{'C#': 1, 'Java': 6, 'Ruby': 6, 'PHP': 4}","['Curious', 'Ambitious']",['Chatty'],Yes,Yes,Yes,Pass,Engineering,11103
Briant Pope,26/07/2019,"{'C#': 6, 'Ruby': 2, 'JavaScript': 7}","['Efficient', 'Competitive']","['Impatient', 'Controlling', 'Critical']",Yes,Yes,Yes,Fail,Data,11104
Vladamir Waddams,04/07/2019,"{'Python': 2, 'C#': 1, 'JavaScript': 3}","['Organisation', 'Consistent', 'Ambitious']",['Sensitive'],Yes,Yes,Yes,Pass,Business,11105
Jecho Rousel,05//07/2019,"{'Python': 2, 'Java': 3}",['Organisation'],"['Introverted', 'Impatient', 'Distracted']",Yes,Yes,Yes,Pass,Engineering,11106
Ronda Budcock,04/07/2019,"{'Ruby': 2, 'JavaScript': 3}",['Ambitious'],['Controlling'],Yes,Yes,Yes,Pass,Business,11107
Lexine Rapson,18/07/2019,"{'SPSS': 4, 'PHP': 4}","['Courteous', 'Creative', 'Versatile']","['Competitive', 'Selfish', 'Immature']",Yes,Yes,No,Fail,Business,11108
Osbourne Witherdon,27/07/2019,"{'Python': 2, 'Java': 2}",['Organisation'],['Conventional'],Yes,Yes,Yes,Pass,Engineering,11109
Cati Dumphries,18/07/2019,{'C#': 3},"['Consistent', 'Rational', 'Critical Thinking']","['Conventional', 'Controlling']",Yes,Yes,Yes,Pass,Data,11110
Jayne Andriveau,11/07/2019,{'Ruby': 6},"['Curious', 'Empathy', 'Determined']","['Sensitive', 'Intolerant', 'Immature']",Yes,No,Yes,Fail,Business,11111
Elliot Sarsfield,06/07/2019,"{'Python': 4, 'C#': 2, 'Java': 6, 'Ruby': 2, 'PHP': 4}",['Problem Solving'],"['Immature', 'Perfectionist', 'Introverted']",Yes,Yes,Yes,Pass,Engineering,11112
Tate Coade,06/07/2019,"{'SPSS': 4, 'C++': 4, 'JavaScript': 3}","['Rational', 'Empathy', 'Critical Thinking']","['Impulsive', 'Introverted']",Yes,Yes,Yes,Fail,Data,11113
Emeline Whistance,20/07/2019,"{'Java': 3, 'SPSS': 6, 'PHP': 5}","['Altruism', 'Innovative', 'Competitive']",['Distracted'],Yes,Yes,Yes,Pass,Data,11114
Conrad Chadney,06/07/2019,"{'Java': 2, 'Ruby': 8, 'SPSS': 4}","['Listening', 'Altruism', 'Passionate']","['Impulsive', 'Intolerant', 'Procrastination']",No,Yes,Yes,Fail,Business,11115
Staffard Load,13/07/2019,"{'Ruby': 3, 'R': 7, 'PHP': 3, 'JavaScript': 3}","['Composure', 'Perfectionism']",['Conventional'],Yes,Yes,Yes,Pass,Data,11116
Fraser Hurnell,04/07/2019,"{'Python': 2, 'R': 2, 'JavaScript': 2}","['Innovative', 'Consistent']",['Distracted'],Yes,Yes,Yes,Pass,Business,11117
Worthington Richford,11/07/2019,{'Java': 2},"['Charisma', 'Collaboration', 'Problem Solving']",['Passive'],Yes,Yes,Yes,Pass,Engineering,11118
Robenia Landor,27/07/2019,"{'Python': 4, 'C#': 3, 'R': 4, 'SPSS': 2, 'C++': 4}","['Competitive', 'Versatile']",['Undisciplined'],Yes,Yes,Yes,Pass,Engineering,11119
Claudio Handrick,05/07/2019,{'PHP': 1},"['Composure', 'Organisation']","['Undisciplined', 'Controlling']",Yes,Yes,Yes,Pass,Data,11120
Nevil Rickerby,06/07/2019,"{'Python': 5, 'C#': 2}",['Determined'],"['Controlling', 'Overbearing', 'Intolerant']",Yes,Yes,Yes,Pass,Data,11121
Prescott Alfuso,25/07/2019,"{'C#': 2, 'Java': 8, 'SPSS': 2, 'PHP': 1}","['Patient', 'Consistent']",['Intolerant'],Yes,Yes,Yes,Pass,Engineering,11122
Herold Prudham,06/07/2019,"{'Python': 3, 'Java': 1, 'R': 4, 'JavaScript': 2}","['Patient', 'Independent', 'Curious']","['Conventional', 'Indecisive']",Yes,Yes,Yes,Pass,Data,11123
Shermy Swancock,19/07/2019,"{'Python': 6, 'Java': 5, 'R': 1, 'C++': 6}","['Innovative', 'Listening']","['Controlling', 'Anxious', 'Competitive']",Yes,Yes,Yes,Pass,Business,11124
Terrell Orridge,18/07/2019,"{'Java': 3, 'R': 4, 'C++': 3, 'JavaScript': 6}","['Creative', 'Innovative', 'Determined']","['Controlling', 'Slow', 'Impulsive']",Yes,Yes,Yes,Pass,Engineering,11125
Donalt Julyan,11/07/2019,"{'Ruby': 3, 'R': 2, 'SPSS': 2, 'JavaScript': 1}","['Listening', 'Creative', 'Efficient']",['Immature'],Yes,Yes,Yes,Pass,Engineering,11126
Dev Mcpherson,11/07/2019,"{'Python': 5, 'Ruby': 3}",['Independent'],['Indecisive'],No,Yes,Yes,Fail,Data,11127
Muhammad Percy,12/07/2019,"{'Python': 4, 'R': 1, 'C++': 4}","['Curious', 'Perfectionism']",['Conventional'],Yes,Yes,Yes,Fail,Engineering,11128
Judie Lowy,25/07/2019,"{'PHP': 1, 'C++': 3}","['Collaboration', 'Determined', 'Independent']",['Impatient'],Yes,Yes,Yes,Pass,Engineering,11129
Tadio Goullee,20/07/2019,"{'Python': 1, 'C#': 3, 'Java': 4, 'Ruby': 1, 'SPSS': 1}",['Patient'],['Procrastination'],Yes,Yes,Yes,Pass,Engineering,11130
Katalin Redley,04/07/2019,"{'C#': 1, 'Ruby': 2, 'PHP': 2}","['Critical Thinking', 'Determined', 'Curious']","['Impulsive', 'Undisciplined', 'Distracted']",Yes,Yes,Yes,Pass,Business,11131
Lea Normington,26/07/2019,"{'Java': 2, 'Ruby': 6}","['Creative', 'Independent', 'Reliable']","['Chatty', 'Passive']",Yes,Yes,Yes,Pass,Business,11132
Cornelia Artist,18/07/2019,"{'Python': 5, 'SPSS': 5, 'PHP': 3}","['Listening', 'Empathy']","['Overbearing', 'Slow']",Yes,Yes,Yes,Pass,Business,11133
Vincenty Roubay,11/07/2019,{'C++': 7},['Passionate'],"['Indecisive', 'Competitive']",Yes,Yes,Yes,Pass,Engineering,11134
Phineas Filshin,12/07/2019,"{'Python': 2, 'C#': 3, 'Ruby': 6, 'C++': 4}","['Ambitious', 'Consistent', 'Passionate']",['Procrastination'],Yes,Yes,Yes,Pass,Engineering,11135
Wilona Crean,26/07/2019,"{'Python': 5, 'Java': 4, 'SPSS': 1, 'C++': 4, 'JavaScript': 2}","['Patient', 'Ambitious']","['Controlling', 'Indecisive']",No,Yes,No,Fail,Engineering,11136
Carlynne Keal,26/07/2019,"{'Python': 3, 'C#': 2, 'Java': 3, 'PHP': 2}","['Altruism', 'Independent']","['Distracted', 'Procrastination']",Yes,Yes,Yes,Pass,Data,11137
Westbrook Paynton,12/07/2019,"{'C#': 1, 'R': 3}","['Problem Solving', 'Innovative', 'Listening']","['Anxious', 'Distracted', 'Passive']",Yes,Yes,Yes,Pass,Engineering,11138
Corby Mccambridge,06/07/2019,"{'R': 2, 'PHP': 1, 'C++': 6}",['Empathy'],"['Indecisive', 'Critical', 'Selfish']",Yes,Yes,Yes,Pass,Business,11139
Melamie Keers,11/07/2019,"{'Python': 3, 'C#': 5, 'Java': 5, 'Ruby': 4, 'R': 3, 'JavaScript': 2}","['Rational', 'Reliable', 'Competitive']","['Selfish', 'Chaotic', 'Controlling']",Yes,Yes,Yes,Pass,Business,11140
Marillin Rosendall,05/07/2019,"{'Python': 4, 'C#': 4, 'C++': 4, 'JavaScript': 8}",['Empathy'],"['Selfish', 'Conventional']",Yes,Yes,Yes,Pass,Engineering,11141
Keen Bentham3,19/07/2019,"{'Python': 5, 'C#': 7, 'R': 2}","['Courteous', 'Efficient', 'Problem Solving']",['Critical'],Yes,Yes,Yes,Pass,Data,11142
Homere Stentiford,25//07/2019,"{'C#': 4, 'Java': 3, 'R': 1, 'SPSS': 2}",['Ambitious'],"['Slow', 'Critical', 'Indifferent']",Yes,Yes,Yes,Pass,Engineering,11143
Muhammad Linn,18/07/2019,"{'Python': 4, 'Ruby': 1, 'SPSS': 2, 'PHP': 2, 'JavaScript': 4}","['Composure', 'Courteous']","['Indifferent', 'Impulsive']",Yes,Yes,Yes,Pass,Data,11144
Barbette Sorton,27/07/2019,"{'R': 3, 'C++': 3, 'JavaScript': 2}",['Consistent'],"['Immature', 'Impatient']",Yes,Yes,Yes,Pass,Engineering,11145
Bax Sweetman,26/07/2019,"{'C#': 3, 'Java': 1, 'R': 5, 'SPSS': 3, 'C++': 3, 'JavaScript': 3}",['Creative'],"['Conventional', 'Immature', 'Critical']",Yes,Yes,Yes,Pass,Engineering,11146
Ambrosi Carnow,04/07/2019,"{'Python': 2, 'C#': 3, 'PHP': 2, 'C++': 1}","['Reliable', 'Perfectionism', 'Ambitious']",['Indifferent'],Yes,No,Yes,Fail,Business,11147
Kellen Bentick,25/07/2019,"{'SPSS': 2, 'C++': 1}","['Organisation', 'Reliable', 'Creative']","['Chatty', 'Chaotic']",Yes,Yes,Yes,Pass,Data,11148
Fleming Taillard,20/07/2019,"{'Java': 3, 'SPSS': 6, 'PHP': 2}",['Reliable'],['Chaotic'],Yes,Yes,Yes,Pass,Business,11149
Elicia Broggio,18/07/2019,{'R': 7},['Listening'],['Passive'],No,Yes,Yes,Fail,Data,11150
Paxton Mcginlay,25/07/2019,"{'Java': 5, 'R': 4, 'SPSS': 5, 'JavaScript': 3}",['Versatile'],"['Competitive', 'Conventional']",Yes,No,Yes,Fail,Business,11151
Abbott Yea,12/07/2019,"{'C#': 2, 'Ruby': 4, 'SPSS': 1, 'C++': 5, 'JavaScript': 2}","['Innovative', 'Creative']",['Anxious'],Yes,Yes,Yes,Pass,Data,11152
Doy Tams,11/07/2019,"{'Java': 3, 'Ruby': 1, 'R': 1, 'C++': 4}","['Composure', 'Empathy', 'Courteous']","['Impulsive', 'Procrastination']",Yes,Yes,No,Fail,Data,11153
Jon Raikes,04/07/2019,"{'Python': 1, 'Ruby': 2, 'R': 2, 'SPSS': 3, 'C++': 3, 'JavaScript': 2}",['Altruism'],['Selfish'],Yes,Yes,Yes,Pass,Engineering,11154
Myrvyn Sutherns,06/07/2019,"{'Python': 1, 'Java': 3, 'Ruby': 4, 'C++': 6}",['Collaboration'],"['Chaotic', 'Critical']",Yes,Yes,Yes,Fail,Business,11155
Adler Wingatt,18/07/2019,"{'Ruby': 2, 'R': 4, 'JavaScript': 2}","['Courteous', 'Problem Solving']",['Indifferent'],Yes,Yes,Yes,Pass,Business,11156
Dermot Gunthorp,20/07/2019,,"['Collaboration', 'Composure']","['Anxious', 'Controlling']",No,Yes,Yes,Fail,Business,11157
Gavan Soltan,05/07/2019,"{'Python': 3, 'R': 4, 'SPSS': 1}","['Efficient', 'Empathy', 'Curious']",['Controlling'],Yes,Yes,No,Fail,Engineering,11158
Gavan Soltan,05/07/2019,"{'Python': 3, 'R': 4, 'SPSS': 1}","['Efficient', 'Empathy', 'Curious']",['Controlling'],Yes,Yes,No,Fail,Engineering,11159
Jamima Sturgess,26/07/2019,"{'C++': 5, 'JavaScript': 3}",['Consistent'],"['Undisciplined', 'Impatient', 'Conventional']",Yes,Yes,Yes,Fail,Business,11160
Athene Bozworth,06/07/2019,{'Python': 3},"['Curious', 'Versatile']","['Selfish', 'Impatient', 'Chaotic']",Yes,Yes,Yes,Pass,Business,11161
Opaline Gammon,12/07/2019,"{'Python': 1, 'C#': 4, 'Ruby': 5, 'R': 4, 'C++': 2}","['Patient', 'Courteous']",['Chatty'],Yes,Yes,Yes,Pass,Data,11162
Cari Bradlaugh,27/07/2019,"{'Python': 5, 'Ruby': 5, 'R': 2, 'C++': 1, 'JavaScript': 3}","['Altruism', 'Efficient', 'Courteous']",['Anxious'],Yes,Yes,Yes,Pass,Business,11163
Daren Houson,13/07/2019,"{'Python': 5, 'Java': 2, 'R': 1}",['Reliable'],"['Indifferent', 'Competitive']",Yes,Yes,No,Fail,Business,11164
Melony Tristram,19/07/2019,"{'Ruby': 2, 'SPSS': 3, 'JavaScript': 5}",['Charisma'],['Controlling'],Yes,Yes,No,Fail,Engineering,11165
Ashbey Seakes,18/07/2019,"{'Ruby': 2, 'R': 1, 'PHP': 1, 'C++': 4}",['Innovative'],['Undisciplined'],Yes,Yes,No,Fail,Business,11166
Philly Jerrim,25/07/2019,"{'C#': 4, 'Ruby': 2, 'PHP': 3}",['Charisma'],"['Controlling', 'Conventional', 'Perfectionist']",Yes,Yes,Yes,Pass,Business,11167
Sandi Gurton,25/07/2019,"{'Java': 1, 'Ruby': 2}",['Versatile'],['Overbearing'],Yes,Yes,Yes,Pass,Data,11168
Hilliard Brockett,05//07/2019,"{'Java': 1, 'Ruby': 3, 'R': 4, 'SPSS': 4}",['Courteous'],['Chaotic'],Yes,Yes,Yes,Pass,Data,11169
Berkie Brusby,06/07/2019,"{'Ruby': 3, 'C++': 2}",['Charisma'],"['Selfish', 'Indecisive', 'Intolerant']",Yes,Yes,Yes,Pass,Business,11170
Bidget Macarthur,12/07/2019,"{'C#': 2, 'SPSS': 3, 'PHP': 1, 'JavaScript': 3}","['Organisation', 'Charisma']",['Sensitive'],Yes,Yes,Yes,Pass,Business,11171
Julie Condliffe,04/07/2019,,"['Organisation', 'Efficient', 'Critical Thinking']",['Controlling'],Yes,Yes,Yes,Pass,Data,11172
Andris Bradley,12/07/2019,"{'Python': 2, 'C#': 1, 'PHP': 4, 'C++': 2}","['Rational', 'Problem Solving', 'Critical Thinking']","['Anxious', 'Competitive']",Yes,Yes,Yes,Pass,Engineering,11173
Al Hugonet,04/07/2019,"{'Python': 7, 'Java': 4, 'Ruby': 2, 'R': 1, 'JavaScript': 5}","['Innovative', 'Creative', 'Passionate']","['Impulsive', 'Introverted']",Yes,Yes,Yes,Pass,Engineering,11174
Maryanna Seeney,11/07/2019,"{'C#': 2, 'Java': 6, 'Ruby': 1}","['Organisation', 'Charisma']",['Slow'],Yes,Yes,Yes,Fail,Data,11175
Cassaundra Yuill,19/07/2019,"{'Python': 3, 'Ruby': 3}",['Patient'],"['Critical', 'Overbearing']",Yes,Yes,Yes,Fail,Business,11176
Baily Camidge,20/07/2019,"{'C#': 2, 'SPSS': 1}","['Determined', 'Perfectionism']","['Distracted', 'Critical', 'Indecisive']",Yes,Yes,Yes,Pass,Engineering,11177
Padgett Crennan,12/07/2019,"{'SPSS': 2, 'PHP': 4, 'JavaScript': 6}","['Courteous', 'Ambitious']","['Undisciplined', 'Chatty']",Yes,No,No,Fail,Data,11178
Gabrila Chasier,20/07/2019,"{'Python': 4, 'C#': 7, 'Java': 2, 'R': 1, 'SPSS': 8, 'C++': 1, 'JavaScript': 3}",['Listening'],"['Distracted', 'Intolerant', 'Undisciplined']",Yes,Yes,Yes,Pass,Business,11179
Kimmi Edgecumbe,12/07/2019,"{'C#': 3, 'R': 3, 'PHP': 3, 'C++': 4}","['Organisation', 'Collaboration']","['Indifferent', 'Competitive', 'Sensitive']",Yes,Yes,Yes,Pass,Business,11180
Levy Standage,25/07/2019,"{'Python': 5, 'C#': 2, 'Java': 7}",['Reliable'],"['Controlling', 'Chaotic']",Yes,Yes,Yes,Pass,Data,11181
Muffin Jandel,20/07/2019,"{'Python': 3, 'Java': 1, 'SPSS': 4}","['Independent', 'Creative', 'Composure']",['Impulsive'],Yes,Yes,Yes,Pass,Data,11182
Calida Behr,18/07/2019,"{'Python': 2, 'C#': 6, 'Java': 1, 'Ruby': 3, 'R': 3, 'SPSS': 2, 'C++': 1, 'JavaScript': 3}","['Innovative', 'Empathy']","['Immature', 'Chaotic', 'Slow']",Yes,Yes,Yes,Pass,Engineering,11183
Jeannette Willans,26/07/2019,{'Ruby': 2},"['Empathy', 'Critical Thinking']","['Distracted', 'Competitive']",Yes,Yes,Yes,Pass,Engineering,11184
Mora Joutapavicius,18/07/2019,"{'Java': 5, 'R': 1, 'PHP': 1}",['Critical Thinking'],"['Passive', 'Competitive', 'Overbearing']",Yes,No,Yes,Fail,Business,11185
Tadeas Bidmead,18/07/2019,"{'Python': 1, 'C++': 1, 'JavaScript': 1}","['Composure', 'Charisma']","['Chaotic', 'Procrastination', 'Critical']",Yes,Yes,Yes,Pass,Data,11186
Matthiew Tumbridge,04/07/2019,"{'Python': 6, 'C#': 2, 'R': 3, 'SPSS': 3, 'C++': 3}",['Courteous'],"['Procrastination', 'Overbearing']",Yes,Yes,Yes,Pass,Data,11187
Orton Borer,12/07/2019,{'C#': 1},"['Perfectionism', 'Empathy']",['Immature'],Yes,Yes,No,Fail,Data,11188
Tirrell Tabart,26/07/2019,"{'C#': 5, 'Ruby': 2, 'JavaScript': 2}","['Critical Thinking', 'Courteous', 'Empathy']",['Selfish'],Yes,Yes,Yes,Pass,Data,11189
Leeanne Allsepp,06/07/2019,"{'C#': 3, 'R': 3, 'SPSS': 2, 'C++': 1, 'JavaScript': 5}","['Versatile', 'Passionate']","['Undisciplined', 'Chatty']",Yes,Yes,Yes,Pass,Data,11190
Evangelin Gorges,11//07/2019,"{'Python': 1, 'C#': 1, 'Ruby': 3, 'C++': 4}",['Independent'],['Impulsive'],Yes,Yes,No,Fail,Engineering,11191
Clywd Musgrove,18/07/2019,"{'C#': 2, 'Ruby': 1, 'SPSS': 6, 'C++': 2, 'JavaScript': 1}",['Determined'],"['Chatty', 'Sensitive', 'Stubborn']",Yes,Yes,Yes,Pass,Data,11192
Lanni Otton,25/07/2019,"{'C#': 4, 'Ruby': 6}",['Altruism'],"['Anxious', 'Perfectionist', 'Indifferent']",Yes,Yes,Yes,Pass,Data,11193
Yankee Reihm,05/07/2019,"{'Java': 6, 'PHP': 1}","['Rational', 'Determined', 'Charisma']","['Indecisive', 'Intolerant', 'Controlling']",Yes,Yes,Yes,Pass,Data,11194
Alikee Sawood,12/07/2019,"{'Ruby': 1, 'JavaScript': 6}","['Versatile', 'Perfectionism', 'Critical Thinking']","['Chatty', 'Chaotic', 'Undisciplined']",Yes,Yes,Yes,Pass,Business,11195
Roland Skeene,26/07/2019,"{'Python': 3, 'Ruby': 1, 'PHP': 1, 'C++': 1}",['Patient'],"['Chaotic', 'Controlling']",Yes,Yes,Yes,Fail,Engineering,11196
Chrissy Sate,20/07/2019,,['Altruism'],"['Perfectionist', 'Procrastination']",Yes,Yes,Yes,Pass,Business,11197
Eric Spritt,20/07/2019,"{'Ruby': 2, 'SPSS': 5, 'PHP': 2}","['Curious', 'Consistent']","['Overbearing', 'Selfish']",Yes,Yes,Yes,Pass,Business,11198
Farica Harding,19/07/2019,"{'C#': 2, 'Java': 3, 'R': 4, 'SPSS': 5, 'JavaScript': 4}","['Perfectionism', 'Composure', 'Passionate']","['Sensitive', 'Introverted']",Yes,Yes,Yes,Pass,Data,11199
Kore Amburgy,06/07/2019,"{'R': 3, 'SPSS': 6, 'PHP': 2}","['Curious', 'Creative', 'Critical Thinking']","['Conventional', 'Introverted', 'Chaotic']",Yes,Yes,Yes,Pass,Engineering,11200
Juli Ruler,12/07/2019,{'C++': 4},"['Listening', 'Independent']",['Passive'],Yes,Yes,Yes,Pass,Business,11201
Gery Beckenham,06/07/2019,"{'Python': 2, 'Java': 2, 'Ruby': 2, 'SPSS': 6, 'C++': 5, 'JavaScript': 3}","['Patient', 'Collaboration']","['Procrastination', 'Sensitive']",Yes,Yes,Yes,Pass,Engineering,11202
Jacquelynn Banasiak,12/07/2019,"{'Python': 2, 'Ruby': 1, 'SPSS': 3}","['Critical Thinking', 'Ambitious']",['Critical'],Yes,No,No,Fail,Business,11203
Krystalle Deeney,20/07/2019,"{'Python': 1, 'JavaScript': 3}",['Ambitious'],"['Sensitive', 'Distracted']",Yes,No,Yes,Fail,Engineering,11204
Gerianne Christoforou,13//07/2019,"{'Java': 3, 'Ruby': 5, 'R': 6, 'C++': 2}","['Critical Thinking', 'Passionate']","['Perfectionist', 'Competitive']",Yes,Yes,Yes,Pass,Engineering,11205
Louella Cuppitt,05/07/2019,{'PHP': 2},"['Versatile', 'Charisma', 'Collaboration']",['Perfectionist'],Yes,Yes,Yes,Pass,Business,11206
Clarke Whitelock,06/07/2019,"{'Python': 6, 'C++': 4}","['Consistent', 'Creative', 'Passionate']","['Passive', 'Chatty', 'Immature']",No,No,Yes,Fail,Data,11207
Farrel Bertl,04/07/2019,"{'Python': 4, 'C#': 4, 'R': 6, 'SPSS': 1, 'PHP': 2}","['Listening', 'Critical Thinking', 'Consistent']",['Impatient'],No,Yes,Yes,Fail,Data,11208
Chadd Ellen,05/07/2019,"{'C#': 2, 'Ruby': 4, 'PHP': 1, 'JavaScript': 3}",['Critical Thinking'],['Chatty'],Yes,Yes,Yes,Pass,Data,11209
Sean Dillaway,11/07/2019,"{'Python': 1, 'C#': 2, 'Java': 2, 'R': 7}",['Curious'],"['Indecisive', 'Distracted']",Yes,Yes,No,Fail,Data,11210
Adah Fost,13/07/2019,"{'Ruby': 4, 'R': 2}","['Courteous', 'Determined']","['Critical', 'Conventional']",Yes,Yes,Yes,Pass,Data,11211
Abram Sueter,26/07/2019,"{'Python': 2, 'C#': 4, 'Java': 1, 'SPSS': 1, 'PHP': 2, 'C++': 3}",['Independent'],"['Immature', 'Passive', 'Procrastination']",Yes,No,Yes,Fail,Data,11212
Darn Kirkby,18/07/2019,"{'C#': 3, 'Ruby': 4, 'SPSS': 4}","['Competitive', 'Patient', 'Problem Solving']",['Stubborn'],Yes,Yes,Yes,Pass,Engineering,11213
Darn Kirkby,18/07/2019,"{'C#': 3, 'Ruby': 4, 'SPSS': 4}","['Competitive', 'Patient', 'Problem Solving']",['Stubborn'],Yes,Yes,Yes,Pass,Engineering,11214
Jessamyn Reightley,19/07/2019,{'C#': 3},['Reliable'],['Impulsive'],Yes,No,Yes,Fail,Data,11215
Rockwell Gutteridge,27/07/2019,"{'Python': 3, 'Java': 1, 'Ruby': 4}",['Courteous'],['Intolerant'],Yes,Yes,Yes,Pass,Engineering,11216
Serge Muehle,19/07/2019,"{'Python': 3, 'C#': 5, 'JavaScript': 1}",['Reliable'],"['Chaotic', 'Introverted', 'Chatty']",Yes,Yes,Yes,Pass,Data,11217
Sydney Burchmore,19/07/2019,"{'Python': 6, 'Java': 3, 'PHP': 1, 'JavaScript': 4}","['Perfectionism', 'Passionate']","['Stubborn', 'Overbearing', 'Chatty']",Yes,Yes,Yes,Pass,Data,11218
Gisela Schachter,11/07/2019,{'PHP': 3},"['Charisma', 'Reliable', 'Organisation']","['Slow', 'Impatient']",Yes,Yes,Yes,Pass,Engineering,11219
Abram Goldster,04/07/2019,"{'R': 4, 'C++': 1}","['Patient', 'Collaboration']","['Impatient', 'Impulsive']",Yes,Yes,Yes,Pass,Data,11220
Yvor Shepstone,18/07/2019,"{'C#': 6, 'PHP': 4, 'C++': 2, 'JavaScript': 3}",['Consistent'],"['Indecisive', 'Selfish']",Yes,Yes,Yes,Fail,Data,11221
Cosimo Labram,12/07/2019,"{'C#': 3, 'R': 2, 'PHP': 1}",['Efficient'],"['Passive', 'Impulsive', 'Perfectionist']",Yes,Yes,Yes,Pass,Engineering,11222
Maible Antic,18/07/2019,"{'Python': 6, 'SPSS': 3, 'PHP': 4, 'C++': 3, 'JavaScript': 6}","['Versatile', 'Composure', 'Efficient']","['Perfectionist', 'Distracted']",Yes,Yes,Yes,Pass,Data,11223
Carlo Beekman,18/07/2019,"{'C#': 8, 'Ruby': 7, 'C++': 4}","['Independent', 'Determined', 'Listening']","['Stubborn', 'Intolerant', 'Chaotic']",Yes,Yes,Yes,Fail,Data,11224
Cordie Bolduc,26/07/2019,"{'Python': 4, 'Java': 2, 'SPSS': 1, 'JavaScript': 2}",['Critical Thinking'],"['Undisciplined', 'Competitive', 'Introverted']",Yes,Yes,Yes,Pass,Engineering,11225
Bourke Belsey,19/07/2019,"{'Ruby': 6, 'R': 3, 'SPSS': 4, 'PHP': 1, 'JavaScript': 6}","['Versatile', 'Altruism', 'Critical Thinking']","['Chatty', 'Sensitive']",No,Yes,Yes,Fail,Data,11226
Phedra Berriball,11/07/2019,"{'Python': 3, 'C#': 5, 'Java': 4, 'Ruby': 3, 'R': 3}","['Empathy', 'Determined', 'Courteous']","['Competitive', 'Conventional']",Yes,Yes,No,Fail,Data,11227
Silvester Ondra,12/07/2019,"{'Ruby': 1, 'PHP': 5, 'JavaScript': 2}","['Critical Thinking', 'Collaboration']","['Overbearing', 'Distracted', 'Impatient']",Yes,Yes,No,Fail,Business,11228
Clyve Bradden,05/07/2019,{'Ruby': 1},"['Competitive', 'Problem Solving']","['Slow', 'Indecisive', 'Selfish']",Yes,Yes,No,Fail,Business,11229
Winna Lemmertz,12/07/2019,"{'Ruby': 2, 'SPSS': 2, 'C++': 3}","['Determined', 'Passionate', 'Rational']",['Chaotic'],Yes,Yes,Yes,Pass,Business,11230
Fremont Vicary,26/07/2019,"{'Java': 1, 'R': 5, 'PHP': 4, 'JavaScript': 4}","['Perfectionism', 'Versatile']","['Impatient', 'Selfish', 'Anxious']",Yes,No,Yes,Fail,Engineering,11231
Byrom Sawday,11//07/2019,"{'Python': 3, 'R': 1, 'C++': 1, 'JavaScript': 1}","['Consistent', 'Creative']","['Stubborn', 'Impatient']",Yes,Yes,Yes,Pass,Business,11232
Kat Sutherland,18/07/2019,"{'Python': 3, 'Java': 2, 'SPSS': 6}","['Competitive', 'Efficient']","['Distracted', 'Competitive', 'Intolerant']",Yes,Yes,No,Fail,Data,11233
Corby Torel,20/07/2019,"{'C++': 3, 'JavaScript': 6}",['Altruism'],"['Indecisive', 'Slow']",Yes,Yes,No,Fail,Business,11234
Corby Torel,20/07/2019,"{'C++': 3, 'JavaScript': 6}",['Altruism'],"['Indecisive', 'Slow']",Yes,Yes,No,Fail,Business,11235
Leland Wither,18/07/2019,"{'Python': 3, 'SPSS': 4, 'C++': 2, 'JavaScript': 5}","['Composure', 'Passionate', 'Courteous']","['Intolerant', 'Indifferent']",Yes,Yes,Yes,Pass,Engineering,11236
Clio Lafflina,26/07/2019,"{'Ruby': 1, 'JavaScript': 1}",['Perfectionism'],"['Competitive', 'Distracted', 'Critical']",Yes,No,Yes,Fail,Business,11237
Farlee Petren,20/07/2019,,"['Independent', 'Perfectionism', 'Collaboration']",['Indifferent'],Yes,Yes,Yes,Pass,Business,11238
Elisabeth Ebbutt,04/07/2019,"{'Python': 2, 'C#': 2, 'Java': 1, 'C++': 2}",['Creative'],['Anxious'],Yes,Yes,Yes,Pass,Data,11239
Benedikt Cohani,06/07/2019,"{'Ruby': 2, 'SPSS': 3, 'C++': 3, 'JavaScript': 5}","['Critical Thinking', 'Courteous']","['Sensitive', 'Stubborn', 'Indecisive']",Yes,Yes,Yes,Pass,Data,11240
Joanna Eggerton,11/07/2019,"{'Ruby': 3, 'SPSS': 2, 'PHP': 3, 'C++': 3}","['Listening', 'Perfectionism']","['Immature', 'Introverted', 'Indifferent']",Yes,Yes,Yes,Pass,Business,11241
Candi Camillo,19/07/2019,{'JavaScript': 2},"['Perfectionism', 'Collaboration', 'Ambitious']","['Sensitive', 'Distracted']",No,Yes,Yes,Fail,Engineering,11242
Augustin Tabrett,05/07/2019,"{'SPSS': 2, 'C++': 3}",['Competitive'],['Indecisive'],Yes,Yes,No,Fail,Engineering,11243
Ervin Acosta,26/07/2019,"{'PHP': 1, 'C++': 1}","['Empathy', 'Composure']","['Anxious', 'Stubborn']",Yes,No,No,Fail,Data,11244
Nanni Caldera,05/07/2019,"{'SPSS': 3, 'PHP': 5, 'JavaScript': 4}","['Consistent', 'Charisma', 'Composure']","['Immature', 'Impatient']",Yes,No,No,Fail,Data,11245
Joachim Guslon,05/07/2019,"{'R': 7, 'SPSS': 3, 'PHP': 5}","['Critical Thinking', 'Patient', 'Collaboration']",['Procrastination'],Yes,Yes,Yes,Pass,Data,11246
Dean Duchant,27/07/2019,"{'C#': 2, 'Java': 1, 'PHP': 2}",['Independent'],"['Anxious', 'Chaotic', 'Passive']",No,Yes,Yes,Fail,Business,11247
Hartwell Jewess,04/07/2019,"{'C#': 5, 'Java': 3, 'Ruby': 2, 'R': 6}","['Empathy', 'Composure']",['Conventional'],Yes,Yes,Yes,Pass,Data,11248
Allx Macdearmaid,25/07/2019,"{'Python': 6, 'C++': 1}","['Determined', 'Charisma']",['Chatty'],Yes,Yes,Yes,Pass,Data,11249
Derrek Scarce,27/07/2019,"{'Python': 5, 'Ruby': 4}","['Creative', 'Innovative', 'Charisma']","['Chaotic', 'Immature']",Yes,Yes,Yes,Pass,Business,11250
Aguie Prati,26/07/2019,"{'C#': 2, 'Ruby': 4, 'R': 2, 'SPSS': 3}",['Charisma'],['Controlling'],Yes,No,Yes,Fail,Engineering,11251
Shayne De Domenico,11/07/2019,"{'Python': 3, 'R': 8}",['Creative'],"['Slow', 'Procrastination', 'Overbearing']",No,Yes,Yes,Fail,Engineering,11252
Brandise Moston,18/07/2019,"{'Python': 8, 'C++': 4}",['Competitive'],['Intolerant'],Yes,Yes,Yes,Pass,Business,11253
Petronilla Ziemens,11/07/2019,"{'Python': 5, 'Java': 2, 'R': 2, 'PHP': 4}","['Listening', 'Ambitious', 'Efficient']","['Controlling', 'Indecisive', 'Chaotic']",Yes,Yes,Yes,Pass,Engineering,11254
Jarrod Driffe,25/07/2019,"{'R': 3, 'PHP': 5, 'C++': 5, 'JavaScript': 2}",['Courteous'],"['Procrastination', 'Distracted']",Yes,No,Yes,Fail,Data,11255
Celestina Aysik,04/07/2019,"{'C#': 5, 'Java': 2, 'PHP': 1, 'C++': 4, 'JavaScript': 1}","['Listening', 'Independent']","['Indifferent', 'Immature']",Yes,Yes,Yes,Pass,Engineering,11256
Nikolaus Gullefant,11/07/2019,"{'Python': 7, 'C#': 2, 'Java': 4, 'SPSS': 1, 'JavaScript': 1}",['Competitive'],['Sensitive'],Yes,Yes,Yes,Pass,Business,11257
Palmer Snaddin,13/07/2019,"{'Python': 3, 'R': 1, 'C++': 3}",['Curious'],"['Selfish', 'Slow', 'Critical']",Yes,Yes,Yes,Pass,Data,11258
Daniele Iskowicz,18/07/2019,"{'Java': 3, 'Ruby': 5, 'C++': 3, 'JavaScript': 6}",['Creative'],"['Distracted', 'Controlling', 'Conventional']",Yes,Yes,Yes,Pass,Engineering,11259
Brandy Iannazzi,04/07/2019,"{'Python': 3, 'PHP': 3}","['Perfectionism', 'Rational', 'Reliable']",['Selfish'],Yes,Yes,Yes,Pass,Data,11260
Jerome Kasting,19/07/2019,{'Java': 5},"['Reliable', 'Problem Solving', 'Empathy']","['Impatient', 'Conventional', 'Procrastination']",Yes,Yes,Yes,Pass,Data,11261
Auberon Werny,11/07/2019,"{'Ruby': 6, 'PHP': 2, 'JavaScript': 2}","['Listening', 'Competitive']","['Selfish', 'Impatient']",Yes,Yes,Yes,Pass,Business,11262
Eimile Sanper,27/07/2019,"{'Java': 2, 'C++': 3, 'JavaScript': 2}",['Competitive'],"['Introverted', 'Impatient']",Yes,Yes,No,Fail,Data,11263
Wallas Hacket,06/07/2019,{'C++': 2},['Problem Solving'],"['Competitive', 'Impulsive', 'Conventional']",Yes,No,Yes,Fail,Data,11264
Devlen Froome,19/07/2019,"{'Python': 4, 'C#': 1, 'R': 4, 'SPSS': 6, 'PHP': 2}","['Reliable', 'Critical Thinking', 'Organisation']",['Anxious'],Yes,Yes,No,Fail,Business,11265
Amalia Orris,06/07/2019,"{'Java': 2, 'R': 5}",['Determined'],"['Passive', 'Indifferent']",Yes,Yes,Yes,Pass,Business,11266
Kendra Twort,26/07/2019,{'C++': 4},"['Altruism', 'Independent', 'Ambitious']","['Perfectionist', 'Selfish']",Yes,Yes,Yes,Pass,Engineering,11267
Wilden Claisse,18/07/2019,"{'C#': 3, 'Ruby': 2, 'PHP': 2, 'JavaScript': 3}","['Passionate', 'Competitive', 'Ambitious']","['Chatty', 'Passive', 'Distracted']",Yes,Yes,Yes,Pass,Engineering,11268
Dulsea Westfalen,27/07/2019,"{'Java': 5, 'Ruby': 4}","['Curious', 'Innovative']","['Controlling', 'Passive', 'Critical']",No,Yes,Yes,Fail,Data,11269
Kendell Ruppele,06/07/2019,"{'R': 3, 'JavaScript': 6}","['Listening', 'Innovative', 'Composure']","['Chaotic', 'Introverted']",Yes,No,Yes,Fail,Engineering,11270
Kendell Ruppele,06/07/2019,"{'R': 3, 'JavaScript': 6}","['Listening', 'Innovative', 'Composure']","['Chaotic', 'Introverted']",Yes,No,Yes,Fail,Engineering,11271
Judd Abrahm,25/07/2019,"{'Python': 1, 'Java': 1, 'PHP': 1, 'C++': 2, 'JavaScript': 2}","['Competitive', 'Creative']",['Procrastination'],Yes,Yes,Yes,Fail,Business,11272
Letizia Persence,20/07/2019,"{'Python': 2, 'C#': 3, 'Ruby': 1, 'PHP': 2, 'C++': 4, 'JavaScript': 2}","['Efficient', 'Altruism']","['Anxious', 'Procrastination']",Yes,Yes,No,Fail,Engineering,11273
Forster Clines,11/07/2019,"{'R': 4, 'SPSS': 4}","['Empathy', 'Listening']","['Impatient', 'Chatty', 'Conventional']",Yes,Yes,Yes,Pass,Data,11274
Carly Assandri,27/07/2019,"{'Python': 5, 'C#': 2, 'Java': 7, 'R': 2, 'SPSS': 2}","['Critical Thinking', 'Consistent', 'Courteous']","['Passive', 'Critical', 'Anxious']",Yes,Yes,Yes,Pass,Data,11275
Tremain Barosch,27/07/2019,"{'R': 3, 'JavaScript': 1}",['Organisation'],"['Competitive', 'Perfectionist', 'Critical']",Yes,Yes,Yes,Pass,Business,11276
Kyla Jankovsky,20/07/2019,"{'Java': 2, 'JavaScript': 3}","['Determined', 'Rational']",['Chatty'],Yes,No,Yes,Fail,Engineering,11277
Kyla Jankovsky,20/07/2019,"{'Java': 2, 'JavaScript': 3}","['Determined', 'Rational']",['Chatty'],Yes,No,Yes,Fail,Engineering,11278
Dixie Macrae,05/07/2019,"{'Java': 2, 'PHP': 1, 'JavaScript': 3}","['Altruism', 'Critical Thinking']",['Competitive'],No,Yes,Yes,Fail,Engineering,11279
Lewiss Sabban,05/07/2019,"{'C#': 5, 'Java': 5, 'Ruby': 7, 'SPSS': 1, 'PHP': 1}","['Efficient', 'Charisma']",['Introverted'],Yes,Yes,Yes,Pass,Data,11280
Kat Rigard,25/07/2019,"{'Python': 2, 'R': 4, 'JavaScript': 1}","['Competitive', 'Reliable', 'Listening']","['Distracted', 'Anxious', 'Conventional']",No,No,Yes,Fail,Data,11281
Belia Losseljong,27/07/2019,"{'C#': 8, 'R': 3, 'SPSS': 3, 'C++': 2}",['Organisation'],['Impatient'],No,Yes,Yes,Fail,Business,11282
Peggy Hariot,06/07/2019,{'C++': 5},['Passionate'],"['Competitive', 'Perfectionist', 'Impatient']",Yes,Yes,No,Fail,Data,11283
Selby Floyd,04/07/2019,"{'Python': 4, 'Java': 4, 'R': 2, 'SPSS': 1, 'JavaScript': 1}","['Rational', 'Independent']",['Undisciplined'],Yes,Yes,Yes,Pass,Data,11284
Prentice Van Der Hoeven,11/07/2019,{'Python': 1},['Critical Thinking'],"['Chaotic', 'Conventional', 'Selfish']",Yes,Yes,Yes,Pass,Business,11285
Amos Debill,25/07/2019,"{'Ruby': 5, 'R': 3, 'SPSS': 3, 'C++': 2}","['Consistent', 'Ambitious', 'Critical Thinking']","['Intolerant', 'Distracted', 'Perfectionist']",Yes,Yes,Yes,Pass,Data,11286
Samson Mosen,26/07/2019,{'R': 4},"['Organisation', 'Perfectionism']",['Indifferent'],Yes,Yes,Yes,Pass,Business,11287
Quint Pontain,06/07/2019,{'Python': 5},"['Empathy', 'Rational', 'Listening']","['Indecisive', 'Undisciplined', 'Impatient']",Yes,Yes,Yes,Pass,Business,11288
Tana Cullinane,12/07/2019,"{'Python': 2, 'Ruby': 1, 'PHP': 3, 'JavaScript': 1}","['Ambitious', 'Organisation']","['Slow', 'Competitive']",Yes,Yes,Yes,Pass,Business,11289
Costanza Pyke,25/07/2019,"{'Python': 2, 'Java': 4, 'Ruby': 2, 'R': 2, 'PHP': 1, 'JavaScript': 3}","['Passionate', 'Efficient', 'Independent']",['Anxious'],Yes,Yes,Yes,Pass,Engineering,11290
Kenton Kilgrove,04/07/2019,"{'C#': 2, 'R': 3}","['Collaboration', 'Competitive']","['Selfish', 'Impulsive', 'Competitive']",Yes,Yes,Yes,Pass,Data,11291
Darda Di Giacomo,06/07/2019,"{'C#': 4, 'Java': 2, 'Ruby': 2, 'R': 2, 'JavaScript': 3}","['Passionate', 'Creative', 'Empathy']","['Undisciplined', 'Slow', 'Overbearing']",Yes,Yes,No,Fail,Engineering,11292
Othilia Hucker,25/07/2019,"{'C#': 1, 'Java': 1, 'SPSS': 7, 'PHP': 1, 'C++': 2}",['Determined'],"['Perfectionist', 'Chaotic']",Yes,Yes,Yes,Pass,Engineering,11293
Lavinie Marshman,18/07/2019,"{'Ruby': 3, 'R': 1, 'C++': 7}",['Composure'],"['Distracted', 'Anxious']",Yes,Yes,Yes,Pass,Business,11294
Silvain Kuhwald,25/07/2019,"{'C#': 2, 'Java': 6, 'Ruby': 3}","['Organisation', 'Reliable']","['Introverted', 'Anxious']",Yes,Yes,Yes,Pass,Data,11295
Audra Boodell,20/07/2019,"{'Python': 3, 'R': 2, 'SPSS': 3}",['Innovative'],"['Sensitive', 'Immature', 'Impatient']",Yes,Yes,Yes,Pass,Engineering,11296
Wilt Gotliffe,06/07/2019,"{'Python': 1, 'C#': 4, 'Java': 1, 'Ruby': 3, 'C++': 2}","['Rational', 'Reliable']","['Immature', 'Introverted']",Yes,Yes,Yes,Pass,Business,11297
Rosene Yearnsley,27/07/2019,"{'Python': 2, 'Java': 3, 'Ruby': 2, 'SPSS': 2, 'C++': 1}",['Independent'],"['Impatient', 'Passive']",Yes,No,Yes,Fail,Business,11298
Larry Claridge,18/07/2019,{'JavaScript': 2},"['Charisma', 'Curious']",['Anxious'],Yes,Yes,Yes,Pass,Engineering,11299
Hattie Dullard,05/07/2019,"{'Java': 6, 'Ruby': 5, 'C++': 2, 'JavaScript': 6}","['Curious', 'Consistent']","['Distracted', 'Overbearing']",Yes,Yes,Yes,Pass,Engineering,11300
Dacy Pococke,13/07/2019,{'Ruby': 1},"['Independent', 'Passionate', 'Courteous']","['Passive', 'Critical', 'Selfish']",Yes,Yes,No,Fail,Engineering,11301
Kingsly Lowdwell,20/07/2019,"{'C#': 1, 'SPSS': 4, 'PHP': 3, 'JavaScript': 2}","['Problem Solving', 'Composure']",['Chatty'],Yes,No,Yes,Fail,Data,11302
Cleon Kemson,20/07/2019,"{'Python': 4, 'Java': 2, 'PHP': 3, 'C++': 3, 'JavaScript': 3}","['Problem Solving', 'Curious', 'Independent']",['Overbearing'],Yes,Yes,Yes,Pass,Engineering,11303
Seymour Rodda,06/07/2019,"{'C#': 2, 'SPSS': 6, 'C++': 3}","['Passionate', 'Courteous']","['Introverted', 'Conventional']",Yes,Yes,No,Fail,Engineering,11304
Linc Hallex,20/07/2019,"{'Python': 2, 'C++': 4, 'JavaScript': 3}","['Curious', 'Collaboration']","['Selfish', 'Immature']",Yes,Yes,Yes,Pass,Engineering,11305
Tobe Markovic,05//12/2019,"{'C#': 6, 'SPSS': 3, 'PHP': 3}","['Collaboration', 'Competitive']","['Anxious', 'Critical']",No,Yes,Yes,Fail,Data,11306
Candy Berends,10/12/2019,"{'SPSS': 2, 'PHP': 3}","['Passionate', 'Listening']","['Impulsive', 'Procrastination', 'Indifferent']",Yes,Yes,Yes,Pass,Business,11307
Charmian Martinuzzi,17/12/2019,"{'Python': 2, 'Ruby': 5, 'PHP': 1}","['Consistent', 'Independent', 'Perfectionism']","['Critical', 'Conventional', 'Distracted']",No,Yes,Yes,Fail,Data,11308
Mirabelle Shakeshaft,18/12/2019,"{'Python': 3, 'C#': 4, 'R': 2, 'SPSS': 2, 'JavaScript': 6}","['Empathy', 'Versatile', 'Consistent']","['Critical', 'Immature']",Yes,Yes,Yes,Pass,Engineering,11309
Benita Downgate,05/12/2019,"{'Python': 2, 'Ruby': 5}","['Collaboration', 'Creative']","['Stubborn', 'Competitive']",Yes,Yes,Yes,Pass,Engineering,11310
Adolpho Litterick,10/12/2019,,"['Consistent', 'Altruism']","['Indecisive', 'Indifferent', 'Sensitive']",Yes,Yes,No,Fail,Engineering,11311
Rockey Courtes,10/12/2019,"{'Python': 2, 'Ruby': 4, 'R': 5, 'JavaScript': 8}","['Organisation', 'Passionate', 'Curious']","['Selfish', 'Overbearing', 'Procrastination']",Yes,No,No,Fail,Business,11312
Berry Gammel,11/12/2019,"{'Python': 5, 'C#': 3, 'Java': 3, 'Ruby': 2, 'SPSS': 2, 'PHP': 1, 'C++': 1}",['Determined'],['Conventional'],Yes,No,Yes,Fail,Business,11313
Moritz Mosedall,11/12/2019,"{'Ruby': 2, 'SPSS': 2, 'JavaScript': 5}","['Reliable', 'Rational']","['Competitive', 'Indifferent']",Yes,Yes,Yes,Pass,Engineering,11314
Trefor Kalinowsky,04/12/2019,"{'C#': 3, 'Ruby': 3}","['Organisation', 'Perfectionism']","['Chaotic', 'Indifferent']",Yes,Yes,Yes,Pass,Data,11315
Gertruda Syddie,12/12/2019,"{'C#': 8, 'Java': 6}","['Patient', 'Perfectionism', 'Empathy']","['Procrastination', 'Introverted', 'Perfectionist']",Yes,Yes,Yes,Pass,Engineering,11316
Hersch Holburn,18/12/2019,"{'C#': 4, 'Ruby': 1, 'SPSS': 5, 'C++': 4}","['Collaboration', 'Problem Solving']",['Anxious'],Yes,Yes,Yes,Pass,Business,11317
Alayne Farrans,19/12/2019,"{'C#': 4, 'SPSS': 5}","['Determined', 'Problem Solving', 'Ambitious']",['Intolerant'],Yes,Yes,Yes,Pass,Data,11318
Adina Seton,18/12/2019,{'C#': 4},['Composure'],"['Undisciplined', 'Perfectionist']",Yes,Yes,Yes,Fail,Engineering,11319
Leighton Iddy,04/12/2019,"{'C#': 1, 'JavaScript': 5}","['Determined', 'Charisma']","['Slow', 'Conventional']",No,Yes,Yes,Fail,Engineering,11320
Nerti Welfair,11//12/2019,"{'Python': 1, 'C#': 1, 'C++': 3}","['Listening', 'Curious', 'Critical Thinking']",['Impatient'],No,Yes,Yes,Fail,Business,11321
Olly Lannen,19/12/2019,"{'Python': 1, 'Java': 1, 'Ruby': 4, 'R': 3, 'SPSS': 3, 'C++': 3, 'JavaScript': 3}",['Determined'],"['Competitive', 'Intolerant', 'Indecisive']",Yes,Yes,Yes,Pass,Business,11322
Ringo Goosey,03/12/2019,"{'Python': 1, 'C#': 4, 'Java': 4, 'PHP': 1}","['Passionate', 'Altruism', 'Creative']","['Impulsive', 'Passive']",Yes,No,Yes,Fail,Data,11323
Sandro Pratchett,11/12/2019,{'Java': 4},"['Curious', 'Reliable']","['Sensitive', 'Impatient']",Yes,Yes,Yes,Pass,Business,11324
Reba Cosser,19/12/2019,"{'Python': 5, 'C#': 1, 'Java': 3, 'SPSS': 11, 'JavaScript': 1}","['Organisation', 'Critical Thinking', 'Curious']",['Chaotic'],Yes,Yes,Yes,Pass,Business,11325
Olia Lincoln,11/12/2019,"{'Python': 2, 'C#': 2, 'JavaScript': 4}","['Passionate', 'Courteous', 'Critical Thinking']","['Controlling', 'Introverted', 'Competitive']",Yes,Yes,Yes,Pass,Engineering,11326
Nady Smallpiece,18/12/2019,"{'Python': 4, 'C#': 3, 'R': 3, 'SPSS': 7}",['Independent'],"['Anxious', 'Intolerant']",Yes,Yes,No,Fail,Engineering,11327
Ali Bonds,03/12/2019,"{'Ruby': 1, 'SPSS': 2, 'C++': 3}",['Composure'],['Introverted'],Yes,Yes,No,Fail,Business,11328
Dniren Barlas,12/12/2019,"{'Python': 2, 'C#': 4, 'Ruby': 3, 'SPSS': 1, 'C++': 1}",['Collaboration'],"['Overbearing', 'Procrastination']",Yes,Yes,Yes,Pass,Data,11329
Leif Forsyth,19/12/2019,"{'Python': 1, 'C#': 2, 'Ruby': 2, 'PHP': 2, 'JavaScript': 2}",['Courteous'],"['Distracted', 'Selfish', 'Overbearing']",Yes,Yes,Yes,Pass,Business,11330
Salmon Glenfield,10/12/2019,"{'Python': 1, 'C#': 4, 'Ruby': 1, 'R': 1, 'PHP': 5}",['Composure'],['Chatty'],Yes,Yes,No,Fail,Business,11331
Jacquetta Pill,05/12/2019,"{'Python': 1, 'C#': 3, 'Ruby': 4}","['Passionate', 'Courteous']","['Undisciplined', 'Anxious']",No,Yes,Yes,Fail,Data,11332
Caril Bayly,11/12/2019,"{'C#': 2, 'Java': 2, 'SPSS': 2}","['Collaboration', 'Determined', 'Efficient']","['Chaotic', 'Impulsive']",Yes,Yes,Yes,Pass,Business,11333
Jordain Rochester,04/12/2019,"{'Java': 1, 'Ruby': 3, 'JavaScript': 2}",['Independent'],"['Indifferent', 'Selfish', 'Impatient']",Yes,Yes,No,Fail,Data,11334
Clementia Beasleigh,04/12/2019,"{'C#': 5, 'Java': 3, 'JavaScript': 1}",['Reliable'],['Conventional'],Yes,Yes,Yes,Pass,Business,11335
Vidovic Niblett,19/12/2019,"{'Ruby': 3, 'R': 3, 'SPSS': 5, 'PHP': 2, 'JavaScript': 5}","['Listening', 'Patient', 'Collaboration']","['Impatient', 'Indecisive', 'Overbearing']",Yes,No,No,Fail,Engineering,11336
Christian Tunny,04/12/2019,"{'C#': 1, 'R': 4, 'PHP': 1, 'C++': 1}","['Composure', 'Efficient']",['Undisciplined'],Yes,Yes,Yes,Pass,Engineering,11337
Eba Tarbath,17/12/2019,"{'Ruby': 5, 'R': 4}",['Patient'],"['Chaotic', 'Procrastination']",Yes,No,Yes,Fail,Data,11338
Barton Moar,03/12/2019,"{'Python': 6, 'JavaScript': 1}",['Listening'],"['Critical', 'Sensitive']",Yes,Yes,Yes,Pass,Business,11339
Jo Ann Beeke,12/12/2019,"{'R': 2, 'C++': 5}","['Independent', 'Perfectionism']",['Intolerant'],No,Yes,No,Fail,Business,11340
Terencio Mulles,05/12/2019,"{'Python': 4, 'SPSS': 5}",['Determined'],"['Intolerant', 'Controlling', 'Overbearing']",Yes,Yes,Yes,Pass,Data,11341
Mart Haggerstone,12/12/2019,"{'Python': 1, 'Ruby': 2, 'SPSS': 3}","['Organisation', 'Creative', 'Ambitious']","['Sensitive', 'Introverted']",Yes,Yes,Yes,Pass,Data,11342
Norean Caston,18/12/2019,"{'Python': 3, 'C++': 3}","['Organisation', 'Creative', 'Consistent']",['Introverted'],Yes,Yes,Yes,Pass,Business,11343
Tiphanie Selway,18/12/2019,,['Altruism'],['Immature'],No,Yes,Yes,Fail,Business,11344
Deeyn Klimkin,05/12/2019,,['Problem Solving'],['Chatty'],Yes,No,Yes,Fail,Business,11345
Charlotte Laxe,11/12/2019,{'JavaScript': 4},"['Reliable', 'Creative']",['Competitive'],Yes,Yes,Yes,Pass,Engineering,11346
Trenna Mccurt,04/12/2019,"{'Python': 1, 'Ruby': 4, 'R': 1, 'PHP': 1}","['Determined', 'Charisma']","['Intolerant', 'Introverted']",Yes,No,No,Fail,Engineering,11347
Cori Docwra,11/12/2019,"{'Python': 1, 'Java': 4, 'PHP': 3, 'C++': 2}","['Independent', 'Organisation', 'Ambitious']","['Competitive', 'Introverted']",No,Yes,Yes,Fail,Business,11348
Bessy Turpie,11/12/2019,"{'C#': 5, 'Ruby': 1, 'JavaScript': 4}","['Collaboration', 'Empathy']",['Distracted'],Yes,No,Yes,Fail,Data,11349
Whit Brisse,19/12/2019,"{'C#': 2, 'C++': 3, 'JavaScript': 1}","['Ambitious', 'Composure']","['Slow', 'Indifferent']",Yes,Yes,Yes,Pass,Business,11350
Bernhard Birchall,04/12/2019,"{'C#': 3, 'Java': 1}",['Independent'],['Controlling'],Yes,Yes,Yes,Pass,Data,11351
Jena Livings,10/12/2019,"{'Java': 2, 'R': 4, 'SPSS': 1, 'PHP': 2, 'JavaScript': 3}",['Altruism'],"['Critical', 'Conventional', 'Passive']",Yes,Yes,No,Fail,Business,11352
Kaitlyn Chagg,10/12/2019,"{'Python': 3, 'C#': 2, 'Java': 4, 'R': 3, 'PHP': 3, 'JavaScript': 2}","['Rational', 'Altruism']","['Distracted', 'Perfectionist']",Yes,Yes,Yes,Pass,Data,11353
Beilul Crannach,03/12/2019,"{'Python': 2, 'C#': 1, 'Ruby': 7, 'C++': 1, 'JavaScript': 5}","['Courteous', 'Independent', 'Critical Thinking']","['Stubborn', 'Impatient', 'Anxious']",Yes,Yes,Yes,Pass,Engineering,11354
El Shepstone,11/12/2019,"{'Python': 7, 'C#': 2, 'Java': 5, 'SPSS': 1}",['Empathy'],"['Chatty', 'Chaotic', 'Perfectionist']",Yes,Yes,Yes,Pass,Data,11355
Patrice Milhench,12/12/2019,"{'Python': 4, 'Java': 2, 'R': 2, 'JavaScript': 2}","['Independent', 'Listening', 'Passionate']",['Sensitive'],Yes,Yes,Yes,Pass,Business,11356
Trudey Brockman,19/12/2019,"{'Python': 6, 'C#': 1, 'Ruby': 2}","['Composure', 'Patient']","['Passive', 'Selfish']",Yes,Yes,Yes,Fail,Data,11357
Nahum Riddock,11/12/2019,"{'SPSS': 2, 'C++': 2}","['Efficient', 'Passionate', 'Critical Thinking']","['Slow', 'Introverted', 'Selfish']",Yes,Yes,Yes,Pass,Business,11358
Felicle Kops,04/12/2019,"{'Java': 4, 'R': 2, 'SPSS': 2, 'PHP': 5, 'JavaScript': 8}","['Critical Thinking', 'Composure', 'Perfectionism']","['Immature', 'Stubborn']",Yes,Yes,Yes,Pass,Business,11359
Berni Torra,11/12/2019,"{'Python': 3, 'C#': 3, 'Java': 3, 'JavaScript': 3}","['Versatile', 'Ambitious']",['Intolerant'],Yes,Yes,Yes,Pass,Data,11360
Steffane Laity,10/12/2019,"{'Python': 1, 'C#': 2, 'C++': 1}","['Independent', 'Ambitious', 'Charisma']","['Introverted', 'Indifferent']",Yes,Yes,Yes,Pass,Data,11361
Nobe Guerrazzi,17/12/2019,"{'Python': 1, 'C#': 7, 'Ruby': 5, 'JavaScript': 4}","['Competitive', 'Independent', 'Critical Thinking']","['Slow', 'Stubborn']",Yes,Yes,Yes,Pass,Business,11362
Solly Reek,12/12/2019,"{'C#': 2, 'Ruby': 2}","['Empathy', 'Courteous', 'Innovative']","['Critical', 'Indecisive', 'Slow']",Yes,Yes,No,Fail,Engineering,11363
Harrie Chatin,10/12/2019,"{'Ruby': 4, 'JavaScript': 2}","['Problem Solving', 'Versatile', 'Consistent']","['Immature', 'Impulsive', 'Distracted']",Yes,Yes,Yes,Pass,Business,11364
Horten Koomar,11/12/2019,"{'Python': 4, 'Java': 2, 'SPSS': 6, 'C++': 6}",['Innovative'],"['Chaotic', 'Introverted', 'Conventional']",Yes,Yes,Yes,Pass,Engineering,11365
Brandon Lotherington,03/12/2019,"{'C#': 3, 'R': 2, 'C++': 2, 'JavaScript': 2}","['Rational', 'Patient', 'Altruism']",['Introverted'],Yes,Yes,Yes,Pass,Data,11366
Allie Sheber,05/12/2019,"{'Python': 5, 'C#': 2, 'Java': 3, 'R': 4, 'SPSS': 3}","['Courteous', 'Reliable']",['Chaotic'],Yes,Yes,Yes,Pass,Business,11367
Gunilla Lucken,19/12/2019,"{'C#': 7, 'Java': 2, 'JavaScript': 2}","['Organisation', 'Consistent']","['Intolerant', 'Impatient']",Yes,No,Yes,Fail,Data,11368
Yorgos O'Rourke,19/12/2019,"{'R': 1, 'C++': 1, 'JavaScript': 4}","['Rational', 'Independent']","['Competitive', 'Anxious', 'Sensitive']",Yes,Yes,Yes,Pass,Data,11369
Finn Maasze,03/12/2019,"{'C#': 2, 'Java': 2, 'Ruby': 3}","['Creative', 'Rational', 'Problem Solving']",['Impatient'],Yes,Yes,Yes,Pass,Data,11370
Bambi Earthfield,10/12/2019,{'PHP': 1},"['Listening', 'Curious', 'Courteous']","['Stubborn', 'Undisciplined', 'Anxious']",Yes,Yes,Yes,Pass,Business,11371
Fair Ivashintsov,19/12/2019,"{'Python': 3, 'R': 2}","['Organisation', 'Ambitious', 'Rational']",['Distracted'],Yes,Yes,Yes,Pass,Data,11372
Alexine Mcglue,03/12/2019,"{'C#': 4, 'SPSS': 2, 'PHP': 3, 'C++': 1}",['Consistent'],"['Critical', 'Intolerant', 'Immature']",Yes,Yes,Yes,Pass,Data,11373
Lethia Crow,19/12/2019,"{'Python': 3, 'Java': 1, 'Ruby': 3, 'R': 5, 'JavaScript': 4}",['Altruism'],['Procrastination'],Yes,Yes,Yes,Pass,Business,11374
Candy Vann,18/12/2019,"{'SPSS': 2, 'C++': 3}","['Perfectionism', 'Organisation']","['Anxious', 'Critical']",Yes,Yes,Yes,Fail,Data,11375
Fawne Keen,12/12/2019,"{'R': 1, 'SPSS': 3}","['Consistent', 'Collaboration']",['Undisciplined'],Yes,Yes,Yes,Pass,Engineering,11376
Kenton Elvish,05/12/2019,"{'Python': 4, 'C#': 3, 'C++': 2, 'JavaScript': 6}","['Passionate', 'Independent']",['Selfish'],Yes,Yes,Yes,Pass,Data,11377
Eyde Boughton,19/12/2019,"{'Python': 1, 'R': 1}","['Collaboration', 'Passionate', 'Versatile']","['Overbearing', 'Conventional']",Yes,Yes,Yes,Fail,Engineering,11378
Allina Buttfield,11/12/2019,"{'C#': 1, 'Ruby': 4, 'R': 4, 'PHP': 1, 'C++': 1}","['Composure', 'Determined']","['Anxious', 'Introverted', 'Sensitive']",Yes,No,Yes,Fail,Engineering,11379
Winona Strotton,18/12/2019,"{'Python': 2, 'R': 4}","['Reliable', 'Listening', 'Consistent']",['Selfish'],Yes,Yes,Yes,Pass,Business,11380
Thom Derwin,19/12/2019,"{'Java': 1, 'SPSS': 1, 'JavaScript': 5}",['Efficient'],"['Competitive', 'Undisciplined']",Yes,Yes,Yes,Pass,Engineering,11381
Jacquelynn Savin,12/12/2019,{'C#': 2},['Competitive'],"['Overbearing', 'Impatient']",Yes,Yes,Yes,Pass,Business,11382
Uriel Lamplough,19/12/2019,,"['Rational', 'Ambitious']","['Procrastination', 'Intolerant', 'Immature']",No,Yes,Yes,Fail,Business,11383
Gerda Yuille,17/12/2019,"{'Python': 3, 'C#': 4, 'Java': 4, 'R': 5, 'SPSS': 3, 'C++': 4}","['Ambitious', 'Determined']",['Chatty'],Yes,Yes,Yes,Pass,Business,11384
Gustavo Barok,04/12/2019,"{'Java': 6, 'JavaScript': 8}","['Critical Thinking', 'Reliable']",['Impulsive'],Yes,Yes,Yes,Pass,Engineering,11385
Matthew Tumilson,12/12/2019,"{'Python': 3, 'Java': 1, 'Ruby': 3, 'JavaScript': 1}",['Rational'],"['Sensitive', 'Impulsive']",Yes,Yes,Yes,Pass,Data,11386
Mari Lotterington,11/12/2019,"{'PHP': 3, 'JavaScript': 1}","['Creative', 'Curious', 'Competitive']",['Impulsive'],Yes,Yes,Yes,Pass,Business,11387
Wernher Thaxter,03/12/2019,"{'Ruby': 3, 'R': 1, 'JavaScript': 4}","['Critical Thinking', 'Composure', 'Reliable']",['Impatient'],No,Yes,Yes,Fail,Data,11388
Bridgette Antos,12/12/2019,"{'Python': 1, 'Java': 5, 'C++': 2}","['Innovative', 'Rational']","['Chatty', 'Anxious']",No,No,No,Fail,Data,11389
Flore Masden,05/12/2019,"{'Python': 2, 'C#': 5, 'Java': 2, 'SPSS': 5}","['Reliable', 'Rational']",['Selfish'],Yes,Yes,Yes,Pass,Engineering,11390
Berkly Fishleigh,17/12/2019,"{'Ruby': 2, 'R': 2}","['Efficient', 'Competitive']","['Stubborn', 'Critical', 'Perfectionist']",Yes,No,Yes,Fail,Engineering,11391
Christopher Pinner,03/12/2019,"{'Ruby': 1, 'R': 4}","['Collaboration', 'Problem Solving']",['Undisciplined'],Yes,Yes,Yes,Pass,Data,11392
Eddie Mara,11/12/2019,"{'Python': 3, 'Java': 2, 'Ruby': 3, 'R': 6, 'SPSS': 6, 'PHP': 1, 'C++': 1, 'JavaScript': 1}",['Creative'],['Controlling'],Yes,Yes,No,Fail,Business,11393
Sherwood Sandercock,17/12/2019,"{'Java': 4, 'PHP': 2}",['Creative'],"['Overbearing', 'Procrastination', 'Impulsive']",Yes,Yes,Yes,Pass,Data,11394
Natal Sabin,03/12/2019,{'C#': 3},['Competitive'],['Impatient'],Yes,Yes,Yes,Pass,Engineering,11395
Blondelle Jaan,17/12/2019,"{'Python': 5, 'Java': 3, 'Ruby': 3, 'SPSS': 3, 'JavaScript': 3}","['Charisma', 'Creative']","['Controlling', 'Stubborn', 'Immature']",No,No,Yes,Fail,Engineering,11396
Harri Heinschke,18/12/2019,{'Ruby': 1},['Problem Solving'],"['Stubborn', 'Perfectionist']",Yes,No,Yes,Fail,Engineering,11397
Alethea Rangell,04/12/2019,{'Java': 4},['Critical Thinking'],['Impatient'],No,Yes,No,Fail,Data,11398
Danila Leamon,04/12/2019,"{'Python': 5, 'C#': 5, 'Ruby': 1}",['Empathy'],"['Immature', 'Impatient', 'Competitive']",Yes,No,Yes,Fail,Data,11399
Lawton Hiddsley,17/12/2019,"{'Python': 3, 'C#': 4, 'Java': 3, 'R': 4, 'JavaScript': 1}","['Independent', 'Versatile', 'Altruism']","['Distracted', 'Passive']",No,Yes,No,Fail,Data,11400
Flem Cary,03/12/2019,{'Java': 3},"['Problem Solving', 'Innovative']",['Chatty'],Yes,Yes,No,Fail,Data,11401
Flem Cary,03/12/2019,{'Java': 3},"['Problem Solving', 'Innovative']",['Chatty'],Yes,Yes,No,Fail,Data,11402
Ulberto Stroton,10/12/2019,"{'Ruby': 5, 'R': 3, 'SPSS': 3}","['Rational', 'Patient', 'Listening']","['Sensitive', 'Slow']",Yes,Yes,Yes,Pass,Data,11403
Lurleen Moro,18/12/2019,"{'Ruby': 2, 'R': 2, 'JavaScript': 4}",['Listening'],['Passive'],Yes,Yes,Yes,Fail,Business,11404
Leena Joselevitch,03/12/2019,{'Java': 5},['Problem Solving'],"['Stubborn', 'Distracted']",Yes,Yes,Yes,Pass,Engineering,11405
Willi Dibnah,11/12/2019,"{'C#': 2, 'Ruby': 3, 'SPSS': 4, 'C++': 1}","['Altruism', 'Empathy', 'Courteous']","['Competitive', 'Anxious']",Yes,Yes,Yes,Pass,Business,11406
Dannye Fraczek,18/12/2019,"{'PHP': 3, 'C++': 2}","['Independent', 'Altruism']",['Procrastination'],Yes,Yes,Yes,Pass,Data,11407
Domenic Coulter,11/12/2019,"{'Python': 2, 'Java': 7, 'Ruby': 5, 'SPSS': 4}","['Rational', 'Independent']","['Selfish', 'Critical']",Yes,Yes,Yes,Pass,Business,11408
Berni Bonham,03/12/2019,"{'C#': 3, 'Ruby': 4, 'SPSS': 3, 'PHP': 3, 'C++': 1, 'JavaScript': 5}","['Reliable', 'Versatile']",['Sensitive'],Yes,Yes,No,Fail,Engineering,11409
Reinold Jenicek,10/12/2019,{'Ruby': 2},"['Listening', 'Determined', 'Innovative']","['Conventional', 'Indecisive', 'Sensitive']",Yes,Yes,Yes,Fail,Business,11410
Gipsy Seres,17/12/2019,{'Python': 4},"['Collaboration', 'Ambitious']","['Undisciplined', 'Chaotic']",Yes,Yes,Yes,Pass,Data,11411
Erica Soughton,19/12/2019,"{'C#': 2, 'Ruby': 6, 'R': 4, 'SPSS': 2, 'C++': 2}",['Ambitious'],"['Distracted', 'Overbearing', 'Chatty']",Yes,Yes,Yes,Pass,Business,11412
Rube Beals,17/12/2019,"{'Python': 3, 'C#': 4, 'Java': 2, 'Ruby': 1, 'SPSS': 4}","['Ambitious', 'Organisation', 'Listening']","['Controlling', 'Impulsive']",Yes,Yes,Yes,Fail,Engineering,11413
Johnna Tarbin,11/12/2019,"{'Python': 1, 'PHP': 3, 'JavaScript': 2}","['Passionate', 'Creative']",['Competitive'],Yes,Yes,No,Fail,Data,11414
Ives Weddell,17/12/2019,"{'Python': 4, 'R': 7, 'C++': 8, 'JavaScript': 3}","['Rational', 'Ambitious']",['Anxious'],Yes,Yes,Yes,Pass,Business,11415
Guido Allans,10/12/2019,{'Ruby': 3},"['Altruism', 'Consistent', 'Problem Solving']",['Passive'],Yes,Yes,Yes,Pass,Engineering,11416
Maxie Yerborn,05/12/2019,"{'R': 2, 'PHP': 2, 'JavaScript': 5}",['Consistent'],['Competitive'],Yes,Yes,Yes,Pass,Data,11417
Clark Kovacs,05/12/2019,"{'C#': 4, 'Java': 4, 'SPSS': 3, 'PHP': 2}",['Creative'],"['Impatient', 'Undisciplined', 'Procrastination']",Yes,Yes,Yes,Pass,Engineering,11418
Prudence Harrill,19/12/2019,{'C++': 3},"['Altruism', 'Reliable']",['Anxious'],No,Yes,No,Fail,Business,11419
Rochette Bellfield,18/12/2019,"{'Python': 2, 'C#': 4, 'Ruby': 2, 'PHP': 2}","['Collaboration', 'Patient']","['Sensitive', 'Controlling']",Yes,Yes,Yes,Pass,Engineering,11420
Orella Goshawke,10/12/2019,"{'Python': 4, 'Ruby': 2, 'SPSS': 4, 'PHP': 4, 'C++': 5}","['Versatile', 'Problem Solving']","['Controlling', 'Chaotic']",Yes,Yes,Yes,Pass,Business,11421
Tabbie Enzley,03/12/2019,{'C++': 4},['Critical Thinking'],"['Indecisive', 'Chatty']",Yes,Yes,Yes,Pass,Data,11422
Chet Bean,12/12/2019,"{'Python': 2, 'Java': 4, 'SPSS': 1, 'C++': 2}","['Determined', 'Versatile']",['Passive'],Yes,Yes,Yes,Pass,Data,11423
Blisse Vinick,05/12/2019,"{'C#': 4, 'Java': 5, 'SPSS': 4, 'C++': 5, 'JavaScript': 4}",['Organisation'],"['Perfectionist', 'Passive']",No,Yes,Yes,Fail,Data,11424
Godfry Sephton,19/12/2019,"{'PHP': 1, 'C++': 4}",['Rational'],"['Stubborn', 'Immature', 'Passive']",Yes,Yes,Yes,Pass,Engineering,11425
Vera Broadfoot,17/12/2019,"{'Python': 2, 'Java': 1, 'Ruby': 3, 'JavaScript': 2}",['Innovative'],"['Immature', 'Indecisive']",Yes,Yes,Yes,Pass,Engineering,11426
Riobard Collcott,11/12/2019,"{'Python': 5, 'SPSS': 1, 'C++': 1}","['Consistent', 'Reliable']","['Immature', 'Selfish', 'Procrastination']",Yes,Yes,Yes,Fail,Data,11427
Kathryn Sture,12/12/2019,"{'C#': 5, 'Java': 1, 'Ruby': 9}","['Ambitious', 'Empathy']","['Selfish', 'Conventional', 'Intolerant']",Yes,Yes,Yes,Pass,Data,11428
Essy Haggus,04/12/2019,,['Reliable'],['Indecisive'],Yes,Yes,Yes,Fail,Engineering,11429
Amalia Sheppard,11/12/2019,"{'Python': 4, 'C#': 4}","['Collaboration', 'Passionate']",['Indecisive'],Yes,Yes,Yes,Pass,Business,11430
Mose Trase,04/12/2019,"{'Python': 1, 'Ruby': 4, 'C++': 1, 'JavaScript': 2}",['Independent'],"['Procrastination', 'Slow']",Yes,Yes,Yes,Pass,Data,11431
Felita Jzhakov,10/12/2019,"{'R': 6, 'SPSS': 1, 'C++': 2}","['Versatile', 'Independent', 'Organisation']","['Immature', 'Passive', 'Critical']",Yes,Yes,Yes,Pass,Business,11432
Cris Van Schafflaer,18/12/2019,"{'Ruby': 4, 'PHP': 2}","['Independent', 'Patient']",['Intolerant'],Yes,Yes,Yes,Pass,Business,11433
Shanna Juniper,04/12/2019,"{'Python': 4, 'R': 1, 'SPSS': 4, 'PHP': 2, 'JavaScript': 3}","['Patient', 'Altruism', 'Composure']",['Introverted'],No,Yes,Yes,Fail,Engineering,11434
Gerrie Domenget,12/12/2019,"{'Ruby': 2, 'R': 1, 'C++': 1, 'JavaScript': 5}","['Competitive', 'Consistent']",['Undisciplined'],Yes,Yes,Yes,Pass,Engineering,11435
Esmaria Rapp,19/12/2019,"{'Python': 6, 'C#': 3, 'Java': 3, 'Ruby': 7}",['Determined'],"['Indifferent', 'Introverted', 'Overbearing']",Yes,Yes,Yes,Pass,Data,11436
Clifford Randle,19/12/2019,{'JavaScript': 7},"['Courteous', 'Listening', 'Critical Thinking']","['Distracted', 'Stubborn', 'Procrastination']",Yes,Yes,Yes,Pass,Data,11437
Cirilo Croy,18/12/2019,,"['Curious', 'Composure']","['Controlling', 'Stubborn', 'Passive']",Yes,Yes,Yes,Fail,Business,11438
Lazare Nellies,03/12/2019,"{'SPSS': 4, 'PHP': 2}","['Innovative', 'Curious', 'Rational']","['Indecisive', 'Passive', 'Introverted']",Yes,Yes,Yes,Pass,Engineering,11439
Genovera Mattek,12/12/2019,"{'C#': 5, 'Java': 3, 'Ruby': 5, 'R': 3, 'PHP': 1, 'C++': 2}","['Competitive', 'Passionate']",['Conventional'],Yes,Yes,Yes,Pass,Data,11440
Sherlocke Lerner,03/12/2019,"{'Python': 3, 'C#': 3, 'Java': 4}","['Problem Solving', 'Versatile', 'Composure']",['Indifferent'],No,Yes,Yes,Fail,Engineering,11441
Dawn Petlyura,12/12/2019,"{'Python': 1, 'C#': 4, 'C++': 4}",['Altruism'],['Indifferent'],Yes,Yes,Yes,Pass,Data,11442
Daryn Dugmore,04/12/2019,"{'R': 2, 'PHP': 2, 'JavaScript': 1}",['Composure'],"['Controlling', 'Critical']",Yes,Yes,Yes,Pass,Engineering,11443
Brew Botterell,17/12/2019,"{'C#': 2, 'Ruby': 6, 'R': 3, 'C++': 4}",['Empathy'],"['Conventional', 'Introverted']",Yes,Yes,Yes,Pass,Data,11444
Filide Roony,10/12/2019,"{'C#': 2, 'Java': 2, 'SPSS': 2, 'C++': 3, 'JavaScript': 1}","['Reliable', 'Patient']","['Slow', 'Sensitive']",Yes,Yes,Yes,Pass,Data,11445
Dottie Le Prevost,19/12/2019,"{'R': 4, 'PHP': 4, 'JavaScript': 6}","['Composure', 'Rational', 'Critical Thinking']","['Undisciplined', 'Competitive', 'Immature']",Yes,Yes,Yes,Pass,Business,11446
Charley Fredi,10/12/2019,"{'Java': 3, 'Ruby': 6}","['Ambitious', 'Passionate', 'Critical Thinking']","['Intolerant', 'Chatty']",Yes,Yes,Yes,Pass,Data,11447
Eryn Licence,12/12/2019,"{'Python': 9, 'C#': 4, 'Java': 7, 'PHP': 1}",['Ambitious'],"['Anxious', 'Critical']",Yes,Yes,No,Fail,Engineering,11448
Ronda Aggis,03/12/2019,"{'Python': 2, 'R': 1, 'C++': 1, 'JavaScript': 1}","['Empathy', 'Curious', 'Courteous']","['Passive', 'Chaotic', 'Impulsive']",Yes,Yes,Yes,Pass,Business,11449
Gussy Stoving,03/12/2019,"{'Java': 3, 'C++': 2, 'JavaScript': 2}",['Collaboration'],"['Critical', 'Selfish']",Yes,Yes,Yes,Pass,Engineering,11450
Celesta Binion,17/12/2019,{'Ruby': 1},"['Versatile', 'Altruism', 'Creative']","['Intolerant', 'Impatient']",Yes,Yes,Yes,Pass,Data,11451
Lora Kiebes,18/12/2019,"{'Python': 3, 'C#': 2, 'Java': 3, 'C++': 6}",['Determined'],"['Introverted', 'Impulsive']",Yes,Yes,Yes,Pass,Business,11452
Rene Stennings,11/12/2019,"{'Java': 2, 'C++': 3}","['Innovative', 'Problem Solving', 'Collaboration']","['Indifferent', 'Procrastination']",Yes,Yes,Yes,Pass,Engineering,11453
Maison Purse,17/12/2019,{'R': 3},"['Altruism', 'Collaboration']",['Indecisive'],Yes,Yes,No,Fail,Engineering,11454
Piper Hawson,11/12/2019,"{'Java': 3, 'C++': 1, 'JavaScript': 1}","['Independent', 'Efficient', 'Organisation']",['Indecisive'],No,Yes,Yes,Fail,Engineering,11455
Doretta Langdon,11/12/2019,"{'Python': 3, 'Java': 3, 'SPSS': 1, 'C++': 5}","['Composure', 'Competitive', 'Determined']","['Impatient', 'Procrastination']",Yes,Yes,Yes,Pass,Engineering,11456
Melly Ible,10/12/2019,"{'Java': 4, 'PHP': 3}","['Altruism', 'Empathy']",['Intolerant'],Yes,Yes,Yes,Pass,Engineering,11457
Jordan Cristoforetti,12/12/2019,"{'C#': 1, 'Ruby': 4, 'SPSS': 3, 'PHP': 4}","['Charisma', 'Innovative', 'Problem Solving']","['Controlling', 'Chaotic']",Yes,Yes,No,Fail,Engineering,11458
Arden Tolossi,19/12/2019,"{'C#': 2, 'SPSS': 2, 'C++': 2}","['Problem Solving', 'Patient']","['Slow', 'Stubborn']",Yes,Yes,Yes,Fail,Engineering,11459
Granville Slad,04/12/2019,{'Ruby': 3},"['Patient', 'Consistent', 'Organisation']","['Anxious', 'Procrastination', 'Slow']",Yes,Yes,Yes,Fail,Business,11460
Lee Ambrogioli,17/12/2019,"{'Java': 2, 'SPSS': 5}","['Courteous', 'Ambitious', 'Critical Thinking']",['Impulsive'],Yes,Yes,Yes,Pass,Business,11461
Free Simmgen,11/12/2019,"{'Python': 7, 'C#': 3, 'Java': 3, 'R': 1, 'PHP': 3}","['Empathy', 'Independent']","['Competitive', 'Perfectionist']",No,No,Yes,Fail,Data,11462
Michael Ettles,04/12/2019,"{'C#': 3, 'PHP': 2}","['Versatile', 'Reliable']",['Chaotic'],Yes,Yes,Yes,Fail,Engineering,11463
Wallie Chittenden,10/12/2019,"{'C#': 7, 'R': 4, 'PHP': 1}",['Charisma'],"['Undisciplined', 'Chaotic']",Yes,Yes,Yes,Pass,Engineering,11464
Hendrick Skellon,18/12/2019,"{'C#': 5, 'Java': 3, 'R': 2, 'SPSS': 3}","['Altruism', 'Patient']","['Controlling', 'Chaotic']",Yes,Yes,Yes,Pass,Data,11465
Augustine Sultana,05/12/2019,"{'Python': 2, 'C#': 1, 'Java': 1, 'Ruby': 3}","['Empathy', 'Reliable', 'Collaboration']","['Procrastination', 'Indecisive']",Yes,Yes,Yes,Pass,Engineering,11466
Stephan Middle,04/12/2019,"{'R': 5, 'SPSS': 1}","['Altruism', 'Passionate']","['Impulsive', 'Impatient', 'Indifferent']",Yes,Yes,Yes,Pass,Data,11467
Scotti Bromfield,10/12/2019,"{'Python': 3, 'C#': 4, 'R': 4, 'PHP': 3, 'JavaScript': 4}","['Courteous', 'Patient', 'Critical Thinking']",['Procrastination'],Yes,Yes,Yes,Pass,Data,11468
Chaim Inseal,12/12/2019,"{'Python': 2, 'Java': 3, 'Ruby': 1, 'SPSS': 4, 'PHP': 3}",['Innovative'],['Intolerant'],Yes,Yes,Yes,Pass,Engineering,11469
Beverlie Newhouse,18/12/2019,"{'C#': 2, 'R': 5}","['Versatile', 'Organisation', 'Charisma']","['Sensitive', 'Selfish', 'Controlling']",Yes,Yes,Yes,Pass,Business,11470
Edna Dilston,17/12/2019,"{'R': 1, 'JavaScript': 3}","['Consistent', 'Organisation', 'Versatile']",['Passive'],Yes,Yes,Yes,Pass,Business,11471
Elisa Gowman,10/12/2019,"{'Python': 7, 'Ruby': 3, 'C++': 1}",['Altruism'],"['Competitive', 'Anxious', 'Indecisive']",Yes,Yes,Yes,Pass,Data,11472
Amil Coysh,05/12/2019,"{'Python': 3, 'C#': 2, 'Ruby': 2}","['Consistent', 'Composure']","['Chatty', 'Distracted', 'Perfectionist']",Yes,No,No,Fail,Business,11473
Gusta Klagges,18/12/2019,"{'C#': 5, 'R': 3, 'SPSS': 5, 'PHP': 1, 'C++': 3, 'JavaScript': 2}",['Courteous'],"['Passive', 'Conventional', 'Indecisive']",Yes,Yes,Yes,Pass,Data,11474
Milly Hugnin,11/12/2019,{'C#': 3},['Competitive'],"['Conventional', 'Chaotic', 'Critical']",Yes,Yes,Yes,Pass,Engineering,11475
Ferd Walkden,03/12/2019,"{'Ruby': 1, 'C++': 3, 'JavaScript': 2}","['Versatile', 'Reliable']","['Competitive', 'Critical']",Yes,No,Yes,Fail,Business,11476
Elissa Knowles,11/12/2019,{'SPSS': 3},"['Competitive', 'Courteous', 'Consistent']","['Impulsive', 'Distracted']",Yes,Yes,Yes,Pass,Data,11477
Eleanor Denington,05/12/2019,"{'Python': 10, 'C++': 1}","['Charisma', 'Composure', 'Efficient']","['Sensitive', 'Passive']",Yes,Yes,Yes,Pass,Engineering,11478
Marve Boatswain,18/12/2019,"{'C#': 5, 'Java': 1, 'Ruby': 5, 'JavaScript': 2}",['Collaboration'],"['Chaotic', 'Indecisive']",Yes,Yes,No,Fail,Data,11479
Rafaelita D'Ambrogi,17/12/2019,"{'R': 3, 'C++': 6}","['Organisation', 'Consistent', 'Passionate']","['Impatient', 'Sensitive', 'Overbearing']",Yes,Yes,Yes,Pass,Business,11480
Gianina Wandless,05/12/2019,"{'Java': 3, 'R': 3, 'JavaScript': 1}",['Charisma'],"['Undisciplined', 'Slow', 'Chaotic']",Yes,Yes,Yes,Pass,Data,11481
Louella Parradye,18/12/2019,"{'R': 3, 'SPSS': 7, 'PHP': 1, 'C++': 2, 'JavaScript': 4}",['Reliable'],"['Anxious', 'Controlling']",Yes,Yes,Yes,Pass,Data,11482
Wynn Blei,18//12/2019,"{'SPSS': 6, 'PHP': 6, 'C++': 3}",['Consistent'],"['Conventional', 'Perfectionist']",Yes,Yes,Yes,Pass,Business,11483
Gib Krol,04/12/2019,{'Ruby': 2},['Patient'],['Intolerant'],Yes,Yes,Yes,Pass,Data,11484
Vachel Mc Meekin,28/02/2019,"{'C#': 4, 'Java': 2, 'JavaScript': 7}",['Organisation'],"['Conventional', 'Critical']",Yes,Yes,Yes,Fail,Engineering,11485
Cameron Gleaves,13/02/2019,"{'Java': 3, 'Ruby': 2, 'PHP': 5}","['Collaboration', 'Passionate', 'Problem Solving']",['Sensitive'],Yes,Yes,No,Fail,Business,11486
Hakeem Ivermee,19/02/2019,"{'Python': 1, 'Java': 2, 'R': 4, 'SPSS': 2}",['Versatile'],['Perfectionist'],Yes,Yes,Yes,Pass,Business,11487
Ian Giorgietto,28/02/2019,"{'Python': 1, 'R': 4}","['Composure', 'Empathy']","['Procrastination', 'Impatient', 'Overbearing']",Yes,Yes,No,Fail,Engineering,11488
Kalina Gentile,06/02/2019,"{'Python': 3, 'Java': 2, 'Ruby': 4, 'SPSS': 4, 'JavaScript': 2}","['Courteous', 'Charisma', 'Rational']",['Chatty'],Yes,Yes,Yes,Pass,Business,11489
Wash Richardes,12/02/2019,"{'Java': 1, 'SPSS': 3}",['Collaboration'],"['Introverted', 'Impulsive']",Yes,Yes,Yes,Pass,Business,11490
Morgana Mcaw,27/02/2019,"{'C#': 1, 'Ruby': 5, 'R': 2}","['Determined', 'Organisation', 'Independent']","['Stubborn', 'Intolerant']",Yes,No,Yes,Fail,Business,11491
Jehanna Verrechia,20/02/2019,"{'Python': 4, 'Java': 5, 'R': 7, 'PHP': 1}",['Ambitious'],['Critical'],Yes,Yes,Yes,Pass,Engineering,11492
Redd Jurges,12/02/2019,"{'C#': 1, 'Java': 1, 'R': 6, 'JavaScript': 1}","['Consistent', 'Perfectionism', 'Listening']",['Anxious'],Yes,Yes,Yes,Pass,Engineering,11493
Kean Ploughwright,06/02/2019,"{'C#': 1, 'PHP': 1, 'JavaScript': 3}",['Listening'],"['Chaotic', 'Indecisive', 'Passive']",Yes,Yes,No,Fail,Business,11494
Rolland Dinkin,07/02/2019,"{'R': 4, 'SPSS': 1}",['Curious'],['Immature'],Yes,Yes,No,Fail,Business,11495
Nicolai Nussey,14/02/2019,"{'C#': 2, 'Ruby': 3, 'SPSS': 3}","['Passionate', 'Collaboration', 'Efficient']","['Impulsive', 'Perfectionist', 'Critical']",Yes,Yes,Yes,Pass,Business,11496
Naomi Shortt,13/02/2019,"{'Python': 5, 'R': 5, 'C++': 5, 'JavaScript': 5}","['Empathy', 'Organisation']","['Impulsive', 'Perfectionist']",Yes,Yes,Yes,Pass,Engineering,11497
Tommy Evans,12/02/2019,"{'Java': 7, 'C++': 4, 'JavaScript': 3}",['Efficient'],"['Impulsive', 'Procrastination']",Yes,Yes,Yes,Pass,Business,11498
Vikki Godsal,20/02/2019,"{'SPSS': 5, 'C++': 2}",['Creative'],"['Controlling', 'Stubborn']",Yes,Yes,Yes,Pass,Engineering,11499
Adelbert Oakwell,27/02/2019,"{'Java': 2, 'Ruby': 1, 'SPSS': 4}","['Rational', 'Versatile']","['Impatient', 'Undisciplined', 'Critical']",Yes,Yes,Yes,Pass,Engineering,11500
Stephanus Kenwood,12/02/2019,{'SPSS': 2},"['Competitive', 'Consistent']","['Procrastination', 'Distracted', 'Overbearing']",Yes,Yes,Yes,Pass,Data,11501
Magda Mckirton,05/02/2019,"{'C#': 3, 'Java': 2, 'Ruby': 3, 'SPSS': 6, 'PHP': 1, 'C++': 2}","['Empathy', 'Ambitious', 'Independent']",['Controlling'],Yes,Yes,Yes,Pass,Engineering,11502
Ferdinand Whyberd,20/02/2019,"{'Java': 1, 'R': 2, 'JavaScript': 4}","['Passionate', 'Composure']","['Stubborn', 'Critical']",No,Yes,Yes,Fail,Business,11503
Gabrila Hehir,05/02/2019,"{'Java': 1, 'R': 6, 'PHP': 2}","['Creative', 'Consistent']",['Overbearing'],Yes,Yes,No,Fail,Engineering,11504
Larine Burcombe,19/02/2019,"{'Python': 6, 'R': 3, 'SPSS': 6, 'JavaScript': 5}","['Ambitious', 'Problem Solving', 'Curious']",['Competitive'],Yes,Yes,No,Fail,Engineering,11505
Hermy Witherby,07/02/2019,"{'Ruby': 2, 'SPSS': 4}","['Competitive', 'Consistent', 'Problem Solving']","['Conventional', 'Impatient']",Yes,Yes,Yes,Pass,Engineering,11506
Frasier Greedyer,26/02/2019,"{'Python': 4, 'C#': 2, 'R': 4}","['Determined', 'Rational', 'Problem Solving']",['Procrastination'],Yes,Yes,Yes,Pass,Engineering,11507
Sully Rosenbarg,14/02/2019,"{'Python': 1, 'Java': 3, 'SPSS': 4, 'PHP': 3}",['Independent'],['Chatty'],Yes,Yes,Yes,Pass,Engineering,11508
Nicolai Stockey,19/02/2019,"{'Ruby': 3, 'R': 4, 'JavaScript': 6}","['Independent', 'Versatile', 'Charisma']",['Indecisive'],Yes,No,Yes,Fail,Data,11509
Reese Proswell,26/02/2019,"{'C#': 2, 'PHP': 3, 'JavaScript': 3}","['Collaboration', 'Competitive']","['Indifferent', 'Selfish', 'Impatient']",Yes,Yes,Yes,Pass,Business,11510
Fannie Mcgoogan,07/02/2019,"{'Java': 2, 'Ruby': 2, 'R': 3, 'PHP': 2}",['Patient'],"['Indecisive', 'Immature', 'Chaotic']",Yes,No,Yes,Fail,Data,11511
Aluino Sainter,05/02/2019,"{'Java': 1, 'Ruby': 4, 'JavaScript': 3}","['Consistent', 'Altruism', 'Efficient']",['Impulsive'],Yes,Yes,Yes,Pass,Engineering,11512
Andros Wickson,19/02/2019,"{'C#': 2, 'Java': 6, 'JavaScript': 2}","['Perfectionism', 'Collaboration', 'Creative']","['Stubborn', 'Anxious', 'Passive']",Yes,Yes,Yes,Pass,Business,11513
Enoch Batte,07/02/2019,"{'C#': 4, 'Java': 4}","['Empathy', 'Ambitious', 'Creative']",['Undisciplined'],Yes,No,Yes,Fail,Engineering,11514
Henryetta Allwell,27/02/2019,"{'Java': 2, 'Ruby': 4}",['Ambitious'],"['Sensitive', 'Immature']",Yes,Yes,Yes,Pass,Business,11515
Poul Basnett,05/02/2019,"{'Java': 3, 'C++': 5, 'JavaScript': 3}",['Altruism'],['Slow'],No,Yes,Yes,Fail,Engineering,11516
Hunt Ainsby,21/02/2019,"{'C#': 2, 'C++': 3, 'JavaScript': 7}",['Determined'],"['Indecisive', 'Indifferent']",Yes,Yes,Yes,Fail,Data,11517
Vincents Bahl,20/02/2019,"{'Ruby': 2, 'PHP': 3, 'JavaScript': 3}","['Efficient', 'Collaboration', 'Reliable']","['Sensitive', 'Stubborn']",Yes,Yes,Yes,Pass,Business,11518
Sherlock Sibley,13/02/2019,"{'Java': 1, 'Ruby': 4, 'R': 1}","['Critical Thinking', 'Reliable', 'Perfectionism']","['Distracted', 'Conventional', 'Overbearing']",Yes,No,Yes,Fail,Data,11519
Gillie Mcauliffe,27//02/2019,"{'C#': 2, 'Ruby': 2, 'R': 4, 'PHP': 3, 'C++': 5}","['Innovative', 'Creative', 'Independent']",['Controlling'],Yes,Yes,Yes,Pass,Business,11520
Flori Faithorn,21/02/2019,"{'Python': 1, 'Java': 4, 'Ruby': 3, 'C++': 2, 'JavaScript': 2}","['Ambitious', 'Organisation', 'Independent']","['Indecisive', 'Procrastination']",Yes,Yes,Yes,Pass,Data,11521
Nicolette Bonehill,05/02/2019,"{'Python': 10, 'Java': 1}","['Critical Thinking', 'Courteous', 'Perfectionism']","['Anxious', 'Indecisive', 'Perfectionist']",No,Yes,Yes,Fail,Engineering,11522
Tobiah Aistrop,06/02/2019,"{'Python': 1, 'C#': 3, 'C++': 3, 'JavaScript': 6}","['Collaboration', 'Altruism']",['Indecisive'],Yes,Yes,Yes,Pass,Business,11523
Brandyn Macclinton,14/02/2019,"{'C#': 4, 'Java': 5, 'Ruby': 4, 'R': 5, 'PHP': 3}","['Perfectionism', 'Altruism']","['Chatty', 'Impulsive', 'Undisciplined']",Yes,Yes,Yes,Pass,Business,11524
Timoteo Pack,27/02/2019,"{'SPSS': 4, 'C++': 1}",['Passionate'],"['Intolerant', 'Passive']",Yes,Yes,Yes,Pass,Business,11525
Maudie Dadswell,19/02/2019,"{'C#': 2, 'Java': 3, 'Ruby': 1, 'C++': 1}",['Charisma'],['Indecisive'],Yes,Yes,Yes,Pass,Engineering,11526
Glen Spuner,27/02/2019,"{'C#': 4, 'R': 3}","['Courteous', 'Composure']",['Sensitive'],Yes,Yes,Yes,Fail,Engineering,11527
Tobey Mabbett,14/02/2019,"{'Java': 1, 'JavaScript': 3}",['Composure'],"['Overbearing', 'Intolerant']",Yes,No,Yes,Fail,Data,11528
Garey Bischop,06/02/2019,"{'Python': 3, 'Ruby': 2, 'C++': 2, 'JavaScript': 1}","['Reliable', 'Curious']","['Competitive', 'Distracted']",Yes,Yes,Yes,Fail,Business,11529
Adria Zorro,12/02/2019,"{'C#': 6, 'Ruby': 1, 'C++': 1, 'JavaScript': 2}","['Patient', 'Organisation', 'Creative']",['Critical'],Yes,No,Yes,Fail,Business,11530
Lane Myrkus,13/02/2019,"{'Python': 2, 'C#': 3, 'Java': 4, 'Ruby': 3, 'JavaScript': 2}",['Independent'],['Indecisive'],Yes,Yes,Yes,Pass,Engineering,11531
Kimmi Bodell,26/02/2019,"{'Java': 4, 'R': 5}","['Rational', 'Organisation']","['Selfish', 'Competitive', 'Intolerant']",Yes,Yes,Yes,Pass,Engineering,11532
Mart Greser,26/02/2019,"{'Python': 5, 'Java': 1}","['Reliable', 'Creative']","['Slow', 'Intolerant']",Yes,Yes,No,Fail,Data,11533
Joanne Le Jean,19/02/2019,"{'C#': 3, 'Java': 2, 'PHP': 1}","['Problem Solving', 'Altruism', 'Composure']",['Controlling'],Yes,Yes,Yes,Pass,Engineering,11534
Audre Thomerson,12/02/2019,"{'Python': 4, 'JavaScript': 2}","['Patient', 'Organisation', 'Curious']",['Anxious'],Yes,Yes,No,Fail,Business,11535
Geraldine Pinnocke,14/02/2019,{'Ruby': 4},['Innovative'],"['Distracted', 'Sensitive']",Yes,Yes,Yes,Pass,Data,11536
Booth Coweuppe,21/02/2019,"{'C#': 3, 'Java': 4, 'Ruby': 2, 'C++': 2}",['Listening'],"['Selfish', 'Undisciplined']",Yes,Yes,Yes,Pass,Business,11537
Carmella Guidi,20/02/2019,"{'C#': 1, 'Java': 4, 'Ruby': 3, 'SPSS': 4, 'C++': 1}","['Collaboration', 'Versatile', 'Competitive']",['Controlling'],Yes,Yes,No,Fail,Data,11538
Lanae Christophle,14/02/2019,"{'Python': 3, 'R': 1}","['Organisation', 'Curious', 'Determined']","['Anxious', 'Critical']",Yes,Yes,Yes,Pass,Data,11539
Crosby Eliasson,28/02/2019,"{'C#': 3, 'Ruby': 1, 'C++': 4}",['Problem Solving'],"['Anxious', 'Introverted', 'Overbearing']",Yes,Yes,Yes,Pass,Business,11540
Jan Horrod,27/02/2019,"{'C#': 4, 'Ruby': 2, 'JavaScript': 4}","['Curious', 'Altruism']","['Stubborn', 'Controlling']",Yes,Yes,Yes,Pass,Data,11541
Aggi Willetts,27/02/2019,"{'Python': 2, 'R': 3}","['Ambitious', 'Independent']","['Impatient', 'Competitive', 'Impulsive']",Yes,Yes,Yes,Pass,Data,11542
Scottie Orknay,06/02/2019,"{'Python': 1, 'C#': 1, 'Java': 2, 'C++': 5}","['Consistent', 'Versatile']","['Intolerant', 'Conventional', 'Selfish']",Yes,Yes,Yes,Pass,Data,11543
Arley Dangl,06/02/2019,"{'SPSS': 6, 'PHP': 2, 'JavaScript': 5}","['Problem Solving', 'Ambitious']","['Indecisive', 'Slow', 'Impatient']",Yes,Yes,Yes,Pass,Business,11544
Kimberley Mcgeouch,28/02/2019,{'C++': 3},['Consistent'],"['Anxious', 'Immature', 'Intolerant']",Yes,Yes,Yes,Pass,Data,11545
Burtie Clubley,27/02/2019,"{'SPSS': 4, 'PHP': 3, 'JavaScript': 2}","['Collaboration', 'Innovative', 'Ambitious']","['Distracted', 'Anxious', 'Immature']",Yes,Yes,Yes,Pass,Data,11546
Cary Heberden,06/02/2019,"{'Python': 1, 'C#': 1, 'Java': 1, 'Ruby': 1}",['Independent'],['Passive'],Yes,Yes,Yes,Pass,Engineering,11547
Benjamen Harrow,20/02/2019,"{'C++': 2, 'JavaScript': 1}","['Problem Solving', 'Competitive', 'Versatile']",['Introverted'],Yes,Yes,Yes,Pass,Engineering,11548
Ermentrude Larrosa,27/02/2019,"{'Python': 1, 'C#': 2, 'Ruby': 3, 'R': 3, 'SPSS': 1}","['Curious', 'Creative', 'Charisma']",['Introverted'],Yes,Yes,Yes,Pass,Engineering,11549
Moe Finnie,27/02/2019,"{'Python': 4, 'Java': 2, 'R': 7, 'C++': 2, 'JavaScript': 3}","['Rational', 'Versatile', 'Passionate']",['Overbearing'],Yes,Yes,Yes,Fail,Business,11550
Antonia Mackaig,13/02/2019,"{'Python': 5, 'Java': 2, 'Ruby': 2, 'C++': 5}","['Passionate', 'Patient', 'Versatile']","['Perfectionist', 'Intolerant']",Yes,Yes,Yes,Pass,Data,11551
Barrie Schruurs,14/02/2019,"{'Java': 2, 'R': 1, 'JavaScript': 5}",['Altruism'],['Undisciplined'],Yes,Yes,Yes,Pass,Data,11552
Audrye Tobias,26/02/2019,"{'Python': 4, 'PHP': 2, 'JavaScript': 5}","['Independent', 'Empathy']","['Procrastination', 'Sensitive', 'Impulsive']",Yes,Yes,Yes,Pass,Business,11553
Debby Mcglynn,26/02/2019,"{'C#': 1, 'Ruby': 3, 'SPSS': 6, 'C++': 2}","['Critical Thinking', 'Rational']","['Sensitive', 'Procrastination']",Yes,Yes,Yes,Fail,Data,11554
Fabien Hardaway,05/02/2019,"{'Ruby': 1, 'SPSS': 4}","['Consistent', 'Reliable', 'Charisma']","['Stubborn', 'Introverted', 'Indecisive']",Yes,Yes,Yes,Pass,Engineering,11555
Shelley O'Dyvoie,19/02/2019,{'PHP': 2},['Patient'],"['Introverted', 'Controlling', 'Undisciplined']",Yes,Yes,Yes,Pass,Data,11556
Maurits Alger,21/02/2019,"{'C#': 1, 'Ruby': 1, 'SPSS': 3, 'C++': 6}",['Rational'],"['Overbearing', 'Conventional', 'Competitive']",Yes,Yes,Yes,Pass,Engineering,11557
Horatia Tompkin,20/02/2019,"{'Java': 2, 'PHP': 1, 'JavaScript': 1}","['Versatile', 'Independent', 'Determined']","['Anxious', 'Stubborn']",Yes,No,Yes,Fail,Business,11558
Darryl Gleed,20/02/2019,"{'Python': 6, 'C#': 1, 'Java': 2, 'JavaScript': 2}","['Courteous', 'Independent']","['Sensitive', 'Immature', 'Stubborn']",Yes,No,Yes,Fail,Data,11559
Hughie Baggelley,06/02/2019,"{'Ruby': 3, 'R': 4, 'JavaScript': 4}","['Critical Thinking', 'Empathy']",['Impatient'],Yes,Yes,Yes,Pass,Engineering,11560
Fayre Swadlinge,14/02/2019,"{'C#': 3, 'Ruby': 3, 'R': 6, 'SPSS': 3}",['Reliable'],"['Chaotic', 'Indifferent']",Yes,Yes,Yes,Fail,Business,11561
Rainer Beecheno,20/02/2019,"{'Python': 3, 'Ruby': 8, 'PHP': 1, 'C++': 5, 'JavaScript': 2}",['Innovative'],['Distracted'],Yes,Yes,No,Fail,Data,11562
Beryle D'Antonio,13/02/2019,"{'C#': 6, 'Ruby': 3, 'SPSS': 6, 'C++': 3, 'JavaScript': 3}","['Efficient', 'Reliable', 'Charisma']","['Perfectionist', 'Critical']",Yes,No,No,Fail,Engineering,11563
Keriann Crambie,05/02/2019,"{'C#': 2, 'R': 1}","['Independent', 'Curious', 'Reliable']",['Procrastination'],Yes,Yes,Yes,Pass,Business,11564
Elora Ellen,14/02/2019,"{'Java': 4, 'Ruby': 4, 'SPSS': 2, 'PHP': 3}","['Passionate', 'Listening']","['Controlling', 'Stubborn']",Yes,Yes,Yes,Pass,Business,11565
Robbin Duchesne,12/02/2019,"{'Python': 3, 'C#': 3, 'R': 6}","['Independent', 'Passionate', 'Charisma']",['Impatient'],Yes,Yes,Yes,Fail,Engineering,11566
Harwilll Pownall,19/02/2019,"{'Python': 3, 'C#': 3, 'SPSS': 4, 'C++': 5}","['Curious', 'Problem Solving']","['Anxious', 'Immature', 'Passive']",Yes,Yes,Yes,Pass,Data,11567
Arda Disbrow,13/02/2019,"{'R': 4, 'SPSS': 5}","['Creative', 'Innovative', 'Ambitious']","['Competitive', 'Procrastination', 'Introverted']",Yes,Yes,Yes,Pass,Data,11568
Gertrud Nind,12/02/2019,"{'Python': 1, 'R': 6, 'C++': 3}","['Curious', 'Patient']",['Critical'],Yes,No,Yes,Fail,Engineering,11569
Slade Cannavan,20/02/2019,{'Python': 2},"['Innovative', 'Perfectionism', 'Determined']","['Impulsive', 'Passive']",Yes,Yes,Yes,Pass,Data,11570
Kalil Mcpaike,14/02/2019,{'R': 3},['Ambitious'],['Distracted'],Yes,Yes,Yes,Pass,Business,11571
Trix Bowerbank,06/02/2019,{'C#': 4},"['Composure', 'Organisation', 'Charisma']",['Immature'],No,Yes,Yes,Fail,Business,11572
Wolf Cattermull,07/02/2019,"{'R': 2, 'SPSS': 5}","['Patient', 'Efficient', 'Passionate']",['Slow'],Yes,Yes,Yes,Fail,Engineering,11573
Dionysus Garter,13/02/2019,{'C++': 2},"['Competitive', 'Independent', 'Efficient']",['Perfectionist'],Yes,Yes,Yes,Pass,Data,11574
Avram Dank,07/02/2019,"{'C#': 1, 'SPSS': 2}",['Curious'],"['Distracted', 'Introverted']",No,No,Yes,Fail,Engineering,11575
Bert Spall,21/02/2019,"{'Ruby': 3, 'C++': 4, 'JavaScript': 3}",['Independent'],"['Impulsive', 'Distracted', 'Intolerant']",Yes,Yes,Yes,Pass,Data,11576
Georg Battman,26/02/2019,"{'Python': 3, 'C#': 3, 'R': 3, 'SPSS': 2, 'PHP': 1, 'C++': 3}","['Creative', 'Passionate', 'Listening']",['Introverted'],Yes,Yes,Yes,Pass,Business,11577
Nikola Giroldi,05/02/2019,"{'C#': 9, 'PHP': 1}","['Determined', 'Collaboration']","['Chaotic', 'Sensitive']",Yes,Yes,Yes,Pass,Business,11578
Lydie Broadfield,27/02/2019,"{'C#': 2, 'Java': 1, 'Ruby': 1, 'C++': 2, 'JavaScript': 1}","['Perfectionism', 'Creative', 'Critical Thinking']","['Passive', 'Chatty', 'Anxious']",Yes,Yes,Yes,Pass,Data,11579
Andrew Giurio,06/02/2019,"{'C#': 6, 'Java': 4, 'PHP': 2, 'JavaScript': 4}","['Versatile', 'Reliable']","['Slow', 'Distracted']",Yes,Yes,Yes,Fail,Engineering,11580
Millie Standell,21/02/2019,"{'C#': 4, 'Ruby': 4, 'R': 5, 'SPSS': 1, 'PHP': 3}","['Courteous', 'Charisma']","['Indifferent', 'Critical', 'Slow']",Yes,Yes,No,Fail,Data,11581
Aloin Ashment,12/02/2019,"{'C#': 4, 'Ruby': 5, 'R': 2}","['Critical Thinking', 'Collaboration', 'Innovative']","['Sensitive', 'Stubborn', 'Impatient']",Yes,Yes,Yes,Pass,Engineering,11582
Jere Jordine,13/02/2019,"{'Python': 3, 'C#': 4, 'Java': 3, 'R': 4, 'PHP': 1, 'C++': 1}",['Reliable'],"['Competitive', 'Conventional']",Yes,Yes,Yes,Fail,Data,11583
Rowe Fritter,05/02/2019,"{'C#': 2, 'PHP': 3}","['Organisation', 'Rational']","['Passive', 'Perfectionist']",Yes,Yes,Yes,Pass,Business,11584
Annie Rosa,06/02/2019,"{'Python': 7, 'C#': 2, 'Java': 6, 'PHP': 3}",['Rational'],"['Perfectionist', 'Impatient']",Yes,No,Yes,Fail,Data,11585
Daisie Wildsmith,05/02/2019,"{'Python': 3, 'R': 2, 'C++': 1}","['Courteous', 'Reliable']",['Introverted'],Yes,Yes,Yes,Pass,Business,11586
Herminia Brettel,13/02/2019,"{'Python': 2, 'Java': 3, 'JavaScript': 1}","['Innovative', 'Efficient']","['Stubborn', 'Controlling']",Yes,Yes,Yes,Pass,Business,11587
Marco Torra,19/02/2019,"{'Python': 3, 'Java': 5, 'R': 1, 'SPSS': 1, 'PHP': 2, 'C++': 5}",['Consistent'],['Anxious'],Yes,No,Yes,Fail,Data,11588
Marco Torra,19/02/2019,"{'Python': 3, 'Java': 5, 'R': 1, 'SPSS': 1, 'PHP': 2, 'C++': 5}",['Consistent'],['Anxious'],Yes,No,Yes,Fail,Data,11589
Nerissa Culvey,19/02/2019,"{'Python': 6, 'C#': 4, 'Ruby': 3, 'SPSS': 2}","['Versatile', 'Patient']","['Conventional', 'Chaotic', 'Chatty']",Yes,Yes,Yes,Fail,Data,11590
Shanon Oldknow,05/02/2019,"{'Python': 3, 'C#': 2, 'Java': 4, 'Ruby': 6, 'C++': 1, 'JavaScript': 4}","['Curious', 'Ambitious']","['Introverted', 'Chatty', 'Indecisive']",Yes,Yes,Yes,Pass,Data,11591
Jefferson Paynton,19/02/2019,"{'Python': 3, 'Ruby': 3, 'SPSS': 4, 'JavaScript': 6}","['Courteous', 'Ambitious']","['Undisciplined', 'Conventional']",Yes,Yes,Yes,Pass,Data,11592
Nicol Bragge,14/02/2019,"{'Java': 5, 'Ruby': 5, 'R': 3, 'SPSS': 5}","['Perfectionism', 'Passionate']","['Intolerant', 'Indifferent', 'Competitive']",Yes,Yes,Yes,Pass,Data,11593
Rollo Quarry,05/02/2019,,"['Patient', 'Problem Solving']",['Perfectionist'],Yes,Yes,Yes,Pass,Data,11594
Sophie Bosse,12/02/2019,"{'C#': 6, 'Ruby': 3, 'R': 4, 'SPSS': 3, 'PHP': 4, 'JavaScript': 8}",['Determined'],"['Chatty', 'Conventional']",Yes,Yes,Yes,Pass,Engineering,11595
Aldwin Pilgram,21/02/2019,{'JavaScript': 5},['Charisma'],"['Undisciplined', 'Overbearing', 'Immature']",Yes,Yes,Yes,Pass,Engineering,11596
Kyla Chadburn,27/02/2019,"{'Python': 7, 'R': 4, 'SPSS': 6, 'C++': 2, 'JavaScript': 3}","['Altruism', 'Courteous']",['Selfish'],Yes,Yes,Yes,Pass,Data,11597
Denyse Worley,21/02/2019,"{'Python': 3, 'C#': 2, 'R': 1}",['Empathy'],['Chaotic'],Yes,Yes,Yes,Pass,Data,11598
Thaxter Plaid,07/02/2019,"{'C#': 5, 'R': 3, 'C++': 2}","['Ambitious', 'Composure', 'Patient']","['Stubborn', 'Perfectionist', 'Competitive']",Yes,Yes,Yes,Pass,Business,11599
Gannie Lamberteschi,13/02/2019,"{'R': 4, 'JavaScript': 3}",['Composure'],"['Chatty', 'Introverted']",Yes,Yes,Yes,Pass,Engineering,11600
Dina Durbyn,12/02/2019,"{'Java': 1, 'Ruby': 1, 'SPSS': 1, 'PHP': 1}","['Ambitious', 'Altruism']","['Conventional', 'Slow']",Yes,Yes,Yes,Pass,Engineering,11601
Ashley Dempsey,27/02/2019,"{'C++': 2, 'JavaScript': 2}","['Independent', 'Charisma', 'Listening']","['Indecisive', 'Competitive']",Yes,Yes,Yes,Pass,Data,11602
Elroy Hatchell,19/02/2019,"{'C#': 5, 'Java': 4, 'SPSS': 1, 'PHP': 1}","['Innovative', 'Ambitious']",['Chatty'],Yes,Yes,Yes,Pass,Business,11603
Sigismond O'Heagertie,06/02/2019,"{'Python': 1, 'PHP': 1, 'JavaScript': 3}","['Empathy', 'Courteous', 'Reliable']","['Sensitive', 'Immature']",Yes,Yes,Yes,Fail,Data,11604
Chlo Fair,21/02/2019,"{'Python': 4, 'C#': 2, 'Java': 5, 'Ruby': 4, 'C++': 2}","['Critical Thinking', 'Versatile', 'Independent']",['Indifferent'],Yes,Yes,Yes,Pass,Engineering,11605
Loraine Colville,26/02/2019,"{'PHP': 2, 'JavaScript': 5}","['Curious', 'Efficient']","['Impulsive', 'Intolerant', 'Chatty']",Yes,Yes,Yes,Pass,Engineering,11606
Barbabas Huygens,19/02/2019,"{'Python': 3, 'Java': 4, 'R': 3, 'C++': 2}",['Competitive'],['Critical'],Yes,Yes,Yes,Pass,Engineering,11607
Olivier Veazey,06/02/2019,{'C++': 1},"['Creative', 'Collaboration', 'Empathy']",['Slow'],Yes,Yes,Yes,Pass,Engineering,11608
Hildagarde Churchlow,13/02/2019,"{'Python': 2, 'C#': 1, 'R': 3, 'JavaScript': 1}","['Courteous', 'Empathy']","['Indecisive', 'Critical', 'Chatty']",Yes,Yes,Yes,Pass,Business,11609
Abran Munson,20/02/2019,{'JavaScript': 3},"['Consistent', 'Reliable', 'Charisma']","['Critical', 'Chatty']",Yes,Yes,Yes,Pass,Business,11610
Brena Creeber,13/02/2019,"{'Python': 4, 'C#': 3}",['Versatile'],['Anxious'],Yes,Yes,Yes,Pass,Business,11611
Connor Gegg,14/02/2019,{'Python': 6},"['Rational', 'Organisation', 'Creative']","['Chaotic', 'Passive', 'Chatty']",Yes,Yes,Yes,Pass,Data,11612
Julita Benoy,19/02/2019,"{'C#': 5, 'Ruby': 2}","['Charisma', 'Efficient']",['Impulsive'],Yes,Yes,Yes,Pass,Business,11613
Terry Macvanamy,26/02/2019,"{'SPSS': 4, 'C++': 6}","['Competitive', 'Innovative', 'Reliable']","['Overbearing', 'Selfish', 'Passive']",No,Yes,No,Fail,Engineering,11614
Malachi Carlisso,19/02/2019,"{'Python': 2, 'Java': 1, 'Ruby': 1, 'SPSS': 3, 'PHP': 2}","['Critical Thinking', 'Ambitious', 'Versatile']","['Passive', 'Impulsive']",Yes,Yes,Yes,Pass,Engineering,11615
Leonhard Sogg,12/02/2019,"{'Ruby': 2, 'R': 2, 'C++': 1, 'JavaScript': 2}",['Listening'],"['Distracted', 'Indecisive', 'Perfectionist']",Yes,Yes,Yes,Pass,Data,11616
Sheridan Angeau,26/02/2019,"{'Java': 3, 'Ruby': 3}","['Rational', 'Independent', 'Patient']",['Stubborn'],Yes,Yes,Yes,Pass,Data,11617
Lilllie Kun,13/02/2019,"{'Java': 4, 'Ruby': 2, 'R': 2, 'C++': 3, 'JavaScript': 5}",['Independent'],"['Undisciplined', 'Chaotic', 'Introverted']",Yes,Yes,No,Fail,Data,11618
Abbe Ballard,21/02/2019,{'Ruby': 2},"['Determined', 'Courteous']",['Anxious'],Yes,Yes,Yes,Pass,Data,11619
Farah Ely,14/02/2019,,"['Ambitious', 'Perfectionism', 'Independent']","['Overbearing', 'Conventional']",Yes,No,Yes,Fail,Data,11620
Vale Trevarthen,13/02/2019,"{'Python': 3, 'C#': 3, 'Java': 2, 'R': 5, 'PHP': 1}","['Patient', 'Charisma']","['Critical', 'Impatient', 'Overbearing']",No,Yes,No,Fail,Data,11621
Verney Stieger,14/02/2019,"{'Python': 5, 'Ruby': 5, 'SPSS': 3, 'PHP': 2, 'JavaScript': 5}","['Passionate', 'Altruism']","['Procrastination', 'Distracted', 'Controlling']",No,Yes,Yes,Fail,Engineering,11622
Saxon Mctiernan,19/02/2019,{'C#': 1},"['Innovative', 'Determined', 'Listening']",['Sensitive'],Yes,Yes,Yes,Fail,Engineering,11623
Kaleb Cappel,05/02/2019,{'SPSS': 2},"['Perfectionism', 'Problem Solving']","['Conventional', 'Procrastination', 'Undisciplined']",Yes,Yes,Yes,Pass,Data,11624
Gussy Mathias,06/02/2019,"{'Python': 2, 'C#': 1, 'Ruby': 1, 'C++': 3, 'JavaScript': 4}","['Determined', 'Reliable']","['Sensitive', 'Conventional']",Yes,Yes,Yes,Pass,Data,11625
Hermann Caser,26/02/2019,"{'PHP': 1, 'C++': 4}","['Critical Thinking', 'Collaboration']",['Critical'],Yes,Yes,Yes,Pass,Data,11626
Verine Darter,27/02/2019,"{'Python': 4, 'R': 1}","['Collaboration', 'Ambitious', 'Perfectionism']","['Stubborn', 'Undisciplined']",Yes,No,Yes,Fail,Data,11627
Pace Delion,20/02/2019,{'Python': 1},['Empathy'],"['Slow', 'Sensitive', 'Competitive']",No,Yes,No,Fail,Data,11628
Rooney Sheldrick,21/02/2019,,"['Critical Thinking', 'Competitive', 'Independent']","['Immature', 'Passive', 'Critical']",Yes,Yes,Yes,Pass,Data,11629
Rooney Sheldrick,21/02/2019,,"['Critical Thinking', 'Competitive', 'Independent']","['Immature', 'Passive', 'Critical']",Yes,Yes,Yes,Pass,Data,11630
Tabitha Vowdon,12/02/2019,{'Java': 2},['Passionate'],"['Chaotic', 'Conventional', 'Chatty']",No,Yes,Yes,Fail,Engineering,11631
Alphard Marrison,05/02/2019,"{'C#': 3, 'Ruby': 4, 'PHP': 1}",['Empathy'],"['Passive', 'Perfectionist', 'Stubborn']",Yes,Yes,No,Fail,Data,11632
Christy Kyston,07/02/2019,"{'Python': 2, 'SPSS': 5}","['Consistent', 'Empathy']","['Indecisive', 'Immature', 'Conventional']",Yes,Yes,Yes,Pass,Business,11633
Inna Kidman,12/02/2019,"{'C#': 3, 'JavaScript': 5}","['Passionate', 'Critical Thinking']",['Stubborn'],Yes,Yes,Yes,Pass,Data,11634
Inna Kidman,12/02/2019,"{'C#': 3, 'JavaScript': 5}","['Passionate', 'Critical Thinking']",['Stubborn'],Yes,Yes,Yes,Pass,Data,11635
Sammy Gowrie,26/02/2019,"{'Python': 1, 'C#': 1, 'Java': 2}","['Efficient', 'Independent']","['Selfish', 'Distracted']",Yes,Yes,Yes,Pass,Engineering,11636
Zaneta Rowbottom,27/02/2019,"{'Python': 1, 'Ruby': 1, 'R': 2, 'SPSS': 3}",['Perfectionism'],"['Slow', 'Sensitive', 'Anxious']",No,Yes,Yes,Fail,Data,11637
Solly Kollas,14/02/2019,"{'C#': 1, 'Ruby': 1, 'R': 3, 'SPSS': 2, 'JavaScript': 3}","['Critical Thinking', 'Ambitious', 'Organisation']","['Impulsive', 'Passive']",Yes,Yes,Yes,Pass,Engineering,11638
Gaspard Dunn,28/02/2019,"{'R': 5, 'SPSS': 1, 'PHP': 1, 'C++': 2, 'JavaScript': 4}","['Consistent', 'Versatile', 'Perfectionism']",['Anxious'],Yes,Yes,Yes,Pass,Data,11639
Ali Shegog,26/02/2019,"{'C#': 3, 'C++': 3, 'JavaScript': 1}","['Independent', 'Altruism']","['Undisciplined', 'Indecisive', 'Conventional']",Yes,Yes,Yes,Pass,Engineering,11640
Liuka Drissell,20/02/2019,"{'R': 1, 'C++': 1}","['Problem Solving', 'Curious', 'Determined']","['Conventional', 'Impulsive']",Yes,Yes,Yes,Pass,Engineering,11641
Fabian Exell,13/02/2019,{'C++': 2},"['Listening', 'Efficient']","['Impatient', 'Perfectionist']",Yes,Yes,Yes,Pass,Engineering,11642
Howard Shipperbottom,26/02/2019,"{'C#': 3, 'Java': 4, 'R': 2, 'C++': 6, 'JavaScript': 4}","['Altruism', 'Consistent']",['Chatty'],No,No,No,Fail,Engineering,11643
Fletcher Ayllett,20/02/2019,"{'C#': 2, 'Java': 3, 'Ruby': 3, 'R': 2}",['Innovative'],['Introverted'],Yes,Yes,Yes,Pass,Data,11644
Kipp Le Huquet,14/02/2019,"{'C#': 1, 'C++': 5, 'JavaScript': 3}",['Ambitious'],['Immature'],No,No,Yes,Fail,Business,11645
Marmaduke Bratch,26/02/2019,"{'Python': 3, 'PHP': 6, 'C++': 2}","['Perfectionism', 'Creative']","['Indifferent', 'Selfish']",Yes,Yes,Yes,Pass,Data,11646
Rici Willingale,28/02/2019,"{'Ruby': 1, 'SPSS': 7}","['Rational', 'Competitive', 'Courteous']",['Introverted'],Yes,Yes,Yes,Fail,Business,11647
Randi Lebourn,12/02/2019,"{'Ruby': 3, 'R': 2}",['Courteous'],"['Introverted', 'Distracted', 'Chatty']",No,Yes,Yes,Fail,Data,11648
Bryanty Croal,06/02/2019,"{'Python': 1, 'C#': 3, 'Java': 4, 'Ruby': 4, 'R': 1, 'SPSS': 2, 'PHP': 1, 'JavaScript': 4}",['Listening'],['Impulsive'],Yes,Yes,Yes,Pass,Data,11649
Sonja Scibsey,14/02/2019,{'Ruby': 7},"['Creative', 'Empathy', 'Curious']","['Indecisive', 'Procrastination']",Yes,No,Yes,Fail,Business,11650
Elinore Dunnan,19/02/2019,"{'Python': 1, 'Java': 1, 'JavaScript': 1}",['Ambitious'],"['Controlling', 'Procrastination', 'Immature']",Yes,Yes,Yes,Fail,Engineering,11651
Auguste Armstead,28/02/2019,{'C++': 2},['Independent'],['Procrastination'],Yes,Yes,Yes,Pass,Business,11652
Kiel Mcmullen,12/02/2019,"{'Python': 3, 'C#': 3, 'Java': 3, 'C++': 1, 'JavaScript': 5}","['Curious', 'Consistent']",['Selfish'],Yes,Yes,Yes,Pass,Data,11653
Kerby Tranfield,28/02/2019,,['Innovative'],"['Procrastination', 'Anxious']",Yes,Yes,Yes,Pass,Data,11654
Jeromy Gauntley,28/02/2019,"{'Python': 4, 'C#': 1, 'Java': 2}",['Competitive'],['Intolerant'],Yes,No,Yes,Fail,Data,11655
Jacob Esley,28/02/2019,"{'Python': 1, 'R': 6, 'JavaScript': 1}","['Curious', 'Critical Thinking']","['Passive', 'Controlling', 'Immature']",Yes,Yes,No,Fail,Engineering,11656
Alessandra Krollmann,13/02/2019,"{'Java': 4, 'Ruby': 3, 'SPSS': 4}","['Problem Solving', 'Innovative', 'Creative']",['Perfectionist'],Yes,Yes,Yes,Pass,Engineering,11657
Hilary Foxen,06/02/2019,"{'Ruby': 2, 'PHP': 1}",['Efficient'],"['Conventional', 'Chaotic', 'Slow']",Yes,Yes,Yes,Pass,Business,11658
Katleen Siddon,28/02/2019,"{'C#': 4, 'Java': 1, 'JavaScript': 5}","['Consistent', 'Organisation', 'Rational']","['Passive', 'Controlling']",Yes,Yes,Yes,Pass,Data,11659
Kendal Timmens,27/02/2019,"{'C#': 4, 'Java': 4}","['Perfectionism', 'Determined', 'Consistent']","['Impatient', 'Immature']",No,Yes,Yes,Fail,Engineering,11660
Joy Critten,05/02/2019,"{'Python': 5, 'Java': 6, 'JavaScript': 2}","['Determined', 'Curious']","['Overbearing', 'Impulsive', 'Selfish']",Yes,Yes,Yes,Fail,Engineering,11661
Rosmunda Dionisetti,28/02/2019,"{'Ruby': 6, 'JavaScript': 4}","['Rational', 'Reliable']","['Controlling', 'Anxious']",Yes,Yes,Yes,Fail,Business,11662
Bryanty Garbutt,21/02/2019,"{'Ruby': 4, 'R': 2, 'SPSS': 7, 'JavaScript': 2}","['Composure', 'Courteous']",['Introverted'],Yes,Yes,Yes,Pass,Data,11663
Ilaire Ord,27/02/2019,"{'Ruby': 1, 'R': 1}","['Listening', 'Empathy']",['Sensitive'],Yes,Yes,Yes,Pass,Business,11664
Hilarius Zywicki,19/02/2019,"{'Python': 2, 'SPSS': 2, 'C++': 6}",['Charisma'],['Undisciplined'],Yes,Yes,Yes,Pass,Engineering,11665
Vail Noen,12/02/2019,"{'Ruby': 1, 'C++': 2}",['Organisation'],['Chaotic'],Yes,Yes,Yes,Pass,Engineering,11666
Jilly Lampett,07/02/2019,"{'Python': 4, 'Ruby': 2, 'PHP': 5}","['Charisma', 'Courteous', 'Curious']",['Stubborn'],Yes,Yes,Yes,Pass,Business,11667
Elysee Mardoll,19/02/2019,"{'Python': 4, 'Java': 5, 'PHP': 2, 'C++': 5}",['Passionate'],['Slow'],Yes,Yes,No,Fail,Data,11668
Cissy Arnoult,20/02/2019,"{'Python': 3, 'Ruby': 2, 'SPSS': 5, 'C++': 5, 'JavaScript': 3}","['Versatile', 'Independent', 'Passionate']",['Sensitive'],Yes,Yes,Yes,Pass,Data,11669
Weston Bakes,26/02/2019,"{'Python': 2, 'Java': 1, 'JavaScript': 1}","['Independent', 'Composure', 'Ambitious']","['Sensitive', 'Perfectionist']",Yes,Yes,Yes,Pass,Data,11670
Padget Gillyatt,05/02/2019,"{'Python': 4, 'C#': 3}","['Passionate', 'Problem Solving', 'Creative']",['Indecisive'],Yes,Yes,Yes,Pass,Data,11671
Brinna Bridle,21/02/2019,"{'Python': 3, 'R': 3, 'SPSS': 1, 'JavaScript': 1}","['Rational', 'Perfectionism']","['Critical', 'Procrastination', 'Chatty']",Yes,Yes,Yes,Pass,Engineering,11672
Brinna Bridle,21/02/2019,"{'Python': 3, 'R': 3, 'SPSS': 1, 'JavaScript': 1}","['Rational', 'Perfectionism']","['Critical', 'Procrastination', 'Chatty']",Yes,Yes,Yes,Pass,Engineering,11673
Emmalynn Valentetti,05/02/2019,"{'Java': 2, 'Ruby': 4, 'C++': 7, 'JavaScript': 3}",['Determined'],"['Controlling', 'Passive']",Yes,Yes,Yes,Pass,Engineering,11674
Ealasaid Badcock,26/02/2019,"{'C#': 6, 'Ruby': 3, 'SPSS': 1}","['Ambitious', 'Perfectionism']",['Undisciplined'],Yes,Yes,Yes,Pass,Engineering,11675
Stanfield Collison,27/02/2019,"{'R': 4, 'C++': 3, 'JavaScript': 5}","['Passionate', 'Competitive']",['Undisciplined'],Yes,Yes,No,Fail,Data,11676
Edin Elie,26/02/2019,"{'Python': 3, 'JavaScript': 2}","['Patient', 'Rational']","['Anxious', 'Overbearing']",Yes,Yes,Yes,Pass,Data,11677
Ruy Wythill,20/02/2019,"{'C#': 2, 'R': 4}",['Reliable'],"['Stubborn', 'Selfish', 'Passive']",Yes,Yes,Yes,Pass,Engineering,11678
Shawn Bowmer,07/02/2019,"{'Python': 3, 'SPSS': 4, 'JavaScript': 2}","['Listening', 'Empathy']",['Passive'],Yes,Yes,Yes,Pass,Data,11679
Marianne Pietruszka,27/02/2019,"{'Python': 3, 'R': 1}",['Patient'],['Chatty'],Yes,Yes,Yes,Pass,Data,11680
Arley Pinnegar,05/02/2019,"{'C#': 5, 'Java': 5, 'Ruby': 2, 'R': 2, 'JavaScript': 2}","['Innovative', 'Determined']",['Selfish'],Yes,Yes,No,Fail,Engineering,11681
Wash Mchaffy,21/02/2019,"{'Python': 2, 'C#': 7, 'Java': 1, 'JavaScript': 2}","['Composure', 'Problem Solving', 'Ambitious']","['Passive', 'Chaotic']",Yes,Yes,Yes,Pass,Data,11682
El Durante,13/02/2019,"{'Python': 1, 'C#': 1, 'SPSS': 3, 'JavaScript': 4}",['Curious'],"['Indecisive', 'Anxious']",Yes,Yes,Yes,Pass,Data,11683
Benedick Arnhold,13/02/2019,"{'Ruby': 3, 'SPSS': 3}","['Determined', 'Innovative']","['Procrastination', 'Conventional']",Yes,Yes,Yes,Pass,Business,11684
Shea Skillett,19/02/2019,"{'Python': 2, 'C#': 9, 'Java': 3}",['Creative'],"['Procrastination', 'Anxious', 'Chaotic']",Yes,Yes,Yes,Pass,Engineering,11685
Carmel Rishworth,27/02/2019,{'Ruby': 2},"['Consistent', 'Innovative']","['Impulsive', 'Stubborn']",Yes,Yes,Yes,Pass,Business,11686
Marika Massard,26/02/2019,"{'R': 4, 'PHP': 3}","['Versatile', 'Innovative']","['Perfectionist', 'Passive', 'Stubborn']",No,Yes,Yes,Fail,Data,11687
Jasper Moehle,27/02/2019,"{'Python': 2, 'R': 4}","['Patient', 'Courteous', 'Altruism']",['Indifferent'],Yes,Yes,Yes,Pass,Business,11688
Luce Midden,13/02/2019,"{'Python': 5, 'C#': 2, 'SPSS': 3, 'JavaScript': 3}",['Consistent'],"['Intolerant', 'Sensitive', 'Conventional']",No,Yes,Yes,Fail,Business,11689
Des Dimond,07/02/2019,{'Java': 2},['Composure'],"['Undisciplined', 'Anxious', 'Competitive']",Yes,Yes,Yes,Pass,Engineering,11690
Cleve Hallbord,19/02/2019,"{'R': 1, 'SPSS': 1, 'PHP': 4, 'JavaScript': 4}","['Composure', 'Empathy', 'Efficient']","['Slow', 'Passive']",Yes,Yes,Yes,Pass,Data,11691
Amos Vasnev,13/02/2019,"{'Ruby': 2, 'R': 3, 'PHP': 2}",['Rational'],['Chaotic'],No,Yes,Yes,Fail,Data,11692
Dukey Paddemore,12/02/2019,"{'Python': 2, 'C#': 6, 'Java': 2, 'Ruby': 1, 'R': 4, 'SPSS': 1}","['Organisation', 'Reliable']","['Sensitive', 'Passive', 'Introverted']",Yes,No,Yes,Fail,Business,11693
Elinore Bevis,28/02/2019,"{'Python': 6, 'C#': 4, 'PHP': 2, 'JavaScript': 2}","['Rational', 'Consistent', 'Innovative']",['Introverted'],No,Yes,Yes,Fail,Engineering,11694
Felicity Biggans,05/02/2019,"{'Python': 6, 'R': 2, 'SPSS': 4}","['Rational', 'Efficient']","['Sensitive', 'Impulsive']",Yes,No,Yes,Fail,Data,11695
Gal Wallwood,26/02/2019,"{'Java': 5, 'JavaScript': 1}",['Critical Thinking'],['Indecisive'],Yes,Yes,Yes,Pass,Engineering,11696
Easter Ragless,14/02/2019,"{'Python': 1, 'Java': 3, 'SPSS': 3}","['Curious', 'Independent']","['Stubborn', 'Sensitive']",Yes,Yes,Yes,Pass,Engineering,11697
Othella Gorriessen,21/02/2019,"{'R': 3, 'SPSS': 2, 'JavaScript': 1}","['Passionate', 'Reliable', 'Problem Solving']","['Slow', 'Selfish']",Yes,Yes,Yes,Pass,Engineering,11698
Idaline Gadeaux,27/02/2019,"{'Java': 1, 'Ruby': 3}","['Versatile', 'Collaboration', 'Organisation']",['Indecisive'],Yes,Yes,Yes,Pass,Data,11699
Alfons Marchington,14/02/2019,{'PHP': 2},"['Organisation', 'Versatile', 'Ambitious']","['Introverted', 'Undisciplined', 'Impatient']",Yes,Yes,Yes,Pass,Business,11700
Adolph Andreia,27/02/2019,{'SPSS': 3},"['Organisation', 'Innovative', 'Determined']","['Procrastination', 'Impatient']",Yes,Yes,Yes,Pass,Business,11701
Casar Broseman,28/02/2019,"{'Python': 2, 'C#': 1, 'PHP': 1}","['Reliable', 'Listening', 'Rational']","['Selfish', 'Undisciplined', 'Conventional']",Yes,Yes,Yes,Pass,Data,11702
Eydie Tanton,14/02/2019,"{'Python': 2, 'C#': 6, 'Ruby': 1, 'C++': 4, 'JavaScript': 3}","['Efficient', 'Courteous']","['Intolerant', 'Chaotic', 'Indecisive']",Yes,Yes,Yes,Pass,Data,11703
Aubert Greally,12/02/2019,"{'C#': 4, 'Ruby': 6, 'SPSS': 1}","['Empathy', 'Efficient', 'Problem Solving']","['Conventional', 'Intolerant', 'Indifferent']",No,Yes,Yes,Fail,Data,11704
Colene Degli Antoni,05/02/2019,"{'Java': 1, 'SPSS': 2, 'PHP': 1}","['Competitive', 'Composure', 'Efficient']","['Impatient', 'Conventional']",Yes,Yes,Yes,Pass,Business,11705
Manya Ajsik,12/02/2019,"{'Python': 2, 'C#': 2, 'Java': 2, 'Ruby': 2}","['Consistent', 'Ambitious', 'Innovative']",['Procrastination'],Yes,Yes,Yes,Pass,Data,11706
Ervin Jerche,12/02/2019,"{'Python': 4, 'C#': 2, 'Ruby': 1, 'R': 5}","['Organisation', 'Efficient']","['Introverted', 'Procrastination']",Yes,Yes,Yes,Pass,Engineering,11707
Gardiner Di Ruggiero,07/02/2019,"{'C#': 2, 'SPSS': 2, 'PHP': 3, 'C++': 3}","['Critical Thinking', 'Independent']","['Controlling', 'Procrastination']",Yes,Yes,Yes,Pass,Data,11708
Zak Hawes,14/02/2019,"{'C#': 4, 'Ruby': 1, 'R': 3, 'SPSS': 4}","['Ambitious', 'Versatile', 'Passionate']","['Overbearing', 'Distracted']",Yes,Yes,Yes,Pass,Engineering,11709
Silvester Caller,13/02/2019,"{'R': 3, 'PHP': 1, 'C++': 4}",['Rational'],"['Slow', 'Perfectionist', 'Indecisive']",Yes,Yes,Yes,Pass,Data,11710
Raimundo Stacey,05/02/2019,"{'Python': 6, 'Java': 1, 'Ruby': 3}","['Versatile', 'Collaboration', 'Charisma']",['Indecisive'],Yes,Yes,Yes,Fail,Business,11711
Garrett Sprulls,19/02/2019,"{'Ruby': 1, 'R': 5, 'SPSS': 1, 'PHP': 1, 'JavaScript': 2}","['Altruism', 'Patient', 'Determined']","['Sensitive', 'Passive']",Yes,No,Yes,Fail,Engineering,11712
Felicio Mcgillivray,05/02/2019,{'Java': 4},['Composure'],"['Competitive', 'Undisciplined']",Yes,Yes,No,Fail,Engineering,11713
Bryanty Antonnikov,20//02/2019,"{'C#': 1, 'R': 3, 'PHP': 4}","['Charisma', 'Courteous', 'Curious']","['Anxious', 'Procrastination']",Yes,Yes,No,Fail,Engineering,11714
Maggy O'Cleary,26/02/2019,"{'Python': 5, 'Java': 2, 'R': 4, 'SPSS': 4, 'C++': 7, 'JavaScript': 3}",['Efficient'],"['Slow', 'Chatty']",Yes,Yes,Yes,Pass,Business,11715
Costa Macvey,06/02/2019,"{'C#': 5, 'Java': 5}","['Perfectionism', 'Composure']",['Indifferent'],Yes,Yes,Yes,Pass,Business,11716
Phillis Melin,13/02/2019,{'JavaScript': 1},"['Composure', 'Courteous']","['Intolerant', 'Chaotic', 'Distracted']",Yes,Yes,Yes,Pass,Business,11717
Bobbye Hains,26/02/2019,"{'C#': 5, 'Java': 2, 'JavaScript': 1}","['Ambitious', 'Organisation']","['Perfectionist', 'Distracted']",Yes,Yes,Yes,Pass,Business,11718
Thorpe Pettett,28/02/2019,"{'Python': 5, 'Ruby': 5, 'PHP': 2, 'C++': 2, 'JavaScript': 5}","['Creative', 'Charisma']","['Perfectionist', 'Indifferent']",Yes,Yes,Yes,Pass,Business,11719
Llywellyn Hoggins,21/02/2019,"{'C#': 1, 'JavaScript': 2}","['Perfectionism', 'Versatile']",['Impulsive'],Yes,Yes,Yes,Pass,Business,11720
Marni Mumberson,06/02/2019,"{'Python': 6, 'C#': 2, 'PHP': 2}",['Rational'],"['Undisciplined', 'Distracted']",Yes,Yes,Yes,Pass,Engineering,11721
Corette Gislebert,27/02/2019,"{'C#': 3, 'Ruby': 3, 'R': 1}",['Determined'],['Impulsive'],Yes,Yes,Yes,Pass,Engineering,11722
Abby Pallatina,07/02/2019,"{'C#': 2, 'Java': 6, 'JavaScript': 4}",['Ambitious'],['Selfish'],Yes,Yes,Yes,Pass,Business,11723
Josy Nell,07/02/2019,"{'Python': 2, 'Java': 3, 'JavaScript': 4}",['Ambitious'],['Immature'],Yes,Yes,Yes,Pass,Engineering,11724
Adiana Almey,28/02/2019,"{'Java': 1, 'SPSS': 2, 'PHP': 2, 'C++': 2, 'JavaScript': 4}",['Empathy'],"['Passive', 'Critical', 'Impatient']",Yes,Yes,Yes,Pass,Business,11725
Paxon Witcombe,07/02/2019,"{'C#': 3, 'Java': 5, 'R': 2, 'C++': 6}","['Composure', 'Collaboration']",['Critical'],Yes,Yes,Yes,Pass,Data,11726
Caryn Adriaan,05/02/2019,"{'Python': 1, 'JavaScript': 2}",['Organisation'],"['Immature', 'Indifferent', 'Critical']",Yes,Yes,Yes,Pass,Engineering,11727
Broderic Bradick,06/02/2019,"{'Python': 2, 'C#': 3, 'SPSS': 1}",['Curious'],"['Undisciplined', 'Chatty']",Yes,Yes,Yes,Pass,Engineering,11728
Bond Kimmel,07/02/2019,"{'Python': 5, 'C#': 3, 'Java': 3, 'C++': 1}","['Perfectionism', 'Determined']","['Immature', 'Intolerant']",Yes,Yes,Yes,Pass,Business,11729
Lorrin Filler,21/02/2019,"{'Java': 5, 'Ruby': 5, 'R': 6, 'SPSS': 5}","['Organisation', 'Listening']","['Passive', 'Indifferent', 'Perfectionist']",Yes,No,Yes,Fail,Engineering,11730
Shelba Westnage,14/02/2019,"{'Java': 8, 'R': 4}",['Efficient'],['Stubborn'],Yes,Yes,Yes,Fail,Engineering,11731
Jacklyn Millhouse,21/02/2019,"{'Java': 1, 'R': 3, 'SPSS': 3}",['Curious'],['Critical'],Yes,Yes,Yes,Pass,Engineering,11732
Jard Antonowicz,26/02/2019,{'C++': 2},"['Independent', 'Listening']","['Indifferent', 'Introverted']",Yes,Yes,Yes,Pass,Data,11733
Sampson Prettejohns,27/02/2019,"{'Python': 2, 'Ruby': 2, 'SPSS': 1}","['Efficient', 'Innovative', 'Listening']","['Overbearing', 'Procrastination']",Yes,Yes,Yes,Fail,Engineering,11734
Allyn Mccrum,12/02/2019,"{'SPSS': 1, 'PHP': 1, 'C++': 3}","['Organisation', 'Passionate', 'Perfectionism']","['Competitive', 'Chaotic']",Yes,Yes,No,Fail,Business,11735
Norah Bowen,26/02/2019,"{'Ruby': 4, 'SPSS': 6, 'C++': 1, 'JavaScript': 4}",['Rational'],"['Undisciplined', 'Selfish']",Yes,Yes,Yes,Pass,Business,11736
Diandra Searles,05/02/2019,"{'R': 2, 'C++': 1}","['Ambitious', 'Passionate']",['Undisciplined'],Yes,Yes,Yes,Pass,Business,11737
Andrey Lawlance,05/02/2019,"{'Java': 8, 'Ruby': 1, 'R': 5}",['Determined'],"['Stubborn', 'Procrastination']",Yes,Yes,Yes,Pass,Business,11738
Hillel Connechie,07/02/2019,"{'Java': 3, 'R': 3, 'SPSS': 7}","['Passionate', 'Efficient', 'Charisma']","['Passive', 'Overbearing', 'Procrastination']",Yes,Yes,Yes,Pass,Data,11739
Gardie Charsley,20/02/2019,"{'Python': 3, 'Java': 2, 'Ruby': 2, 'SPSS': 4}","['Collaboration', 'Reliable', 'Organisation']",['Immature'],Yes,Yes,Yes,Pass,Engineering,11740
Jozef Vedekhin,19/02/2019,"{'Python': 3, 'Java': 6, 'JavaScript': 4}","['Empathy', 'Creative']","['Controlling', 'Impatient']",Yes,Yes,Yes,Fail,Engineering,11741
Alick Padkin,28/02/2019,"{'C#': 3, 'Java': 4, 'R': 4, 'C++': 2, 'JavaScript': 6}","['Problem Solving', 'Patient', 'Composure']","['Critical', 'Procrastination']",Yes,No,Yes,Fail,Engineering,11742
Edgardo Hemphall,28/02/2019,"{'Java': 1, 'SPSS': 5, 'PHP': 1}","['Reliable', 'Efficient']","['Selfish', 'Overbearing']",Yes,Yes,Yes,Pass,Engineering,11743
Carroll Benyon,05/02/2019,"{'PHP': 3, 'C++': 3, 'JavaScript': 3}","['Empathy', 'Collaboration', 'Charisma']",['Indifferent'],Yes,Yes,Yes,Pass,Data,11744
Beverie Moberley,22/01/2019,"{'R': 4, 'SPSS': 1, 'C++': 2}","['Collaboration', 'Versatile', 'Problem Solving']","['Conventional', 'Slow']",Yes,Yes,Yes,Pass,Business,11745
Sue Barfitt,10/01/2019,"{'PHP': 1, 'JavaScript': 4}",['Reliable'],"['Anxious', 'Controlling', 'Immature']",Yes,Yes,Yes,Pass,Business,11746
Kiley Clavey,31/01/2019,"{'C#': 1, 'Java': 5}","['Rational', 'Collaboration', 'Competitive']",['Chaotic'],Yes,No,Yes,Fail,Data,11747
Windham Biagi,23/01/2019,"{'Python': 3, 'Ruby': 3, 'PHP': 1}","['Patient', 'Critical Thinking']","['Distracted', 'Introverted']",Yes,Yes,Yes,Pass,Engineering,11748
Skippy Worrell,29/01/2019,"{'C#': 3, 'C++': 4, 'JavaScript': 6}","['Charisma', 'Curious', 'Efficient']","['Selfish', 'Stubborn']",Yes,Yes,Yes,Fail,Data,11749
Agneta Fantini,17/01/2019,"{'C#': 4, 'Java': 2, 'Ruby': 3, 'C++': 1}","['Charisma', 'Perfectionism']",['Procrastination'],Yes,Yes,Yes,Pass,Business,11750
Tucky Duffet,22/01/2019,"{'Ruby': 6, 'SPSS': 7, 'JavaScript': 7}",['Innovative'],"['Distracted', 'Sensitive']",Yes,Yes,Yes,Pass,Engineering,11751
Em Dun,15/01/2019,"{'Python': 2, 'Java': 3}","['Innovative', 'Altruism']",['Indecisive'],Yes,Yes,Yes,Pass,Data,11752
Kit Oddboy,24/01/2019,"{'C#': 1, 'R': 8}","['Versatile', 'Reliable']","['Controlling', 'Passive', 'Perfectionist']",Yes,Yes,Yes,Pass,Business,11753
Lorianna Weinham,16/01/2019,{'Python': 3},['Collaboration'],['Slow'],Yes,Yes,Yes,Pass,Engineering,11754
Talya Placidi,02/01/2019,"{'R': 1, 'C++': 2, 'JavaScript': 3}","['Composure', 'Independent']",['Conventional'],Yes,No,Yes,Fail,Business,11755
Andee Plowman,30/01/2019,"{'Java': 2, 'Ruby': 4, 'SPSS': 5}","['Perfectionism', 'Determined']","['Chatty', 'Chaotic']",Yes,Yes,Yes,Pass,Data,11756
Mallory Challis,30/01/2019,"{'C#': 4, 'C++': 1}","['Organisation', 'Ambitious', 'Efficient']",['Indecisive'],Yes,Yes,Yes,Pass,Data,11757
Zea Barette,10/01/2019,{'R': 4},"['Ambitious', 'Collaboration']","['Procrastination', 'Anxious', 'Controlling']",Yes,Yes,No,Fail,Business,11758
Allyn Nazair,29/01/2019,"{'Python': 7, 'C#': 8, 'Ruby': 4, 'R': 3, 'SPSS': 6, 'PHP': 2, 'JavaScript': 2}","['Organisation', 'Independent', 'Rational']","['Overbearing', 'Undisciplined']",Yes,Yes,Yes,Pass,Business,11759
Almire Tewkesberry,31/01/2019,"{'Ruby': 1, 'C++': 1}",['Ambitious'],"['Competitive', 'Sensitive', 'Immature']",Yes,Yes,Yes,Pass,Business,11760
Ernst Gidney,09/01/2019,"{'Python': 2, 'Java': 1, 'R': 1}",['Courteous'],"['Chaotic', 'Slow', 'Perfectionist']",No,Yes,Yes,Fail,Business,11761
Roxanne Edie,16/01/2019,"{'SPSS': 1, 'JavaScript': 1}","['Patient', 'Creative', 'Reliable']",['Perfectionist'],No,Yes,Yes,Fail,Data,11762
Tara Surmeir,22/01/2019,"{'PHP': 3, 'JavaScript': 2}","['Ambitious', 'Perfectionism', 'Critical Thinking']","['Conventional', 'Chaotic', 'Passive']",Yes,Yes,Yes,Pass,Engineering,11763
Reeta Mcgawn,03/01/2019,"{'Java': 4, 'Ruby': 12, 'R': 4, 'PHP': 1, 'C++': 6}","['Problem Solving', 'Rational']",['Anxious'],Yes,Yes,Yes,Pass,Data,11764
Cly Greatrex,29/01/2019,"{'Ruby': 7, 'SPSS': 2}",['Efficient'],"['Distracted', 'Introverted']",Yes,Yes,Yes,Pass,Data,11765
Kristin Hillborne,22/01/2019,"{'Ruby': 5, 'SPSS': 3}",['Competitive'],"['Introverted', 'Anxious']",Yes,Yes,Yes,Pass,Business,11766
Sibley Kneaphsey,24/01/2019,"{'Ruby': 3, 'R': 3}",['Passionate'],"['Procrastination', 'Undisciplined', 'Chaotic']",Yes,Yes,Yes,Pass,Engineering,11767
Abigail Dunsmore,16/01/2019,"{'Python': 4, 'Ruby': 2, 'C++': 6}","['Curious', 'Determined']","['Indecisive', 'Perfectionist']",Yes,Yes,Yes,Pass,Business,11768
Crysta Aikett,02/01/2019,"{'Python': 5, 'SPSS': 4}",['Determined'],['Impatient'],Yes,Yes,Yes,Pass,Data,11769
Abbie Clifton,22/01/2019,"{'PHP': 2, 'C++': 2}","['Creative', 'Versatile']",['Impatient'],Yes,Yes,No,Fail,Engineering,11770
Cassius Whatling,29/01/2019,"{'Python': 4, 'Java': 2}","['Listening', 'Courteous']",['Critical'],Yes,Yes,Yes,Pass,Engineering,11771
Arte Dimbylow,22/01/2019,{'R': 2},"['Consistent', 'Organisation', 'Independent']","['Competitive', 'Passive', 'Anxious']",No,Yes,Yes,Fail,Engineering,11772
Meggie Sidsaff,10/01/2019,"{'C#': 2, 'R': 2, 'SPSS': 2, 'PHP': 2, 'C++': 1, 'JavaScript': 2}","['Rational', 'Ambitious', 'Creative']",['Slow'],Yes,No,Yes,Fail,Engineering,11773
Lurleen Symson,22/01/2019,"{'Python': 1, 'Java': 3, 'Ruby': 1, 'R': 1, 'PHP': 2}","['Collaboration', 'Passionate']","['Anxious', 'Indifferent']",Yes,Yes,Yes,Pass,Engineering,11774
Clemmie Kayley,15/01/2019,"{'Python': 2, 'C#': 3, 'Java': 4, 'SPSS': 4, 'C++': 5}","['Ambitious', 'Listening']","['Slow', 'Chatty']",Yes,Yes,Yes,Pass,Engineering,11775
Thorny Uwins,15/01/2019,"{'Python': 2, 'C#': 3, 'Ruby': 2, 'C++': 6, 'JavaScript': 3}","['Passionate', 'Composure']","['Stubborn', 'Selfish']",Yes,No,Yes,Fail,Business,11776
Alonso Hulkes,08/01/2019,"{'Java': 6, 'R': 4, 'C++': 4}","['Composure', 'Problem Solving']","['Intolerant', 'Immature', 'Indifferent']",Yes,Yes,Yes,Pass,Business,11777
Edsel Gingell,08/01/2019,"{'C#': 2, 'Java': 4, 'C++': 2}","['Patient', 'Curious', 'Creative']",['Perfectionist'],Yes,Yes,Yes,Pass,Engineering,11778
Goran Eton,16/01/2019,"{'Python': 7, 'C#': 1, 'Java': 3, 'R': 1, 'SPSS': 4}","['Critical Thinking', 'Altruism', 'Innovative']",['Stubborn'],Yes,Yes,Yes,Pass,Business,11779
Maxy Heeley,30/01/2019,"{'Python': 5, 'Java': 2, 'Ruby': 3}","['Passionate', 'Efficient']","['Stubborn', 'Undisciplined', 'Perfectionist']",Yes,Yes,Yes,Fail,Data,11780
Gui Graine,10/01/2019,,['Listening'],"['Perfectionist', 'Overbearing', 'Sensitive']",Yes,Yes,No,Fail,Engineering,11781
Stinky Goulter,30/01/2019,{'Ruby': 3},['Reliable'],"['Chaotic', 'Impulsive']",Yes,Yes,Yes,Pass,Data,11782
Carmelia Huzzay,23/01/2019,"{'C#': 3, 'Java': 5, 'R': 4, 'PHP': 2}",['Determined'],['Undisciplined'],Yes,Yes,Yes,Pass,Engineering,11783
Raquela Elcox,16/01/2019,{'C++': 6},['Courteous'],"['Competitive', 'Slow']",Yes,Yes,Yes,Pass,Data,11784
Rodrick Henworth,03/01/2019,{'JavaScript': 2},['Curious'],['Introverted'],Yes,Yes,Yes,Pass,Engineering,11785
Salvidor Dalrymple,29/01/2019,"{'Python': 2, 'C#': 2}","['Independent', 'Patient']","['Sensitive', 'Distracted']",No,Yes,Yes,Fail,Business,11786
Carolann Bumby,10/01/2019,"{'Python': 2, 'C#': 4, 'Java': 4, 'SPSS': 3, 'JavaScript': 1}",['Competitive'],"['Controlling', 'Procrastination']",Yes,Yes,Yes,Pass,Business,11787
Briana Brader,31/01/2019,"{'C#': 4, 'Java': 3, 'SPSS': 3}","['Determined', 'Creative', 'Charisma']","['Impatient', 'Indecisive', 'Passive']",Yes,Yes,Yes,Fail,Business,11788
Luther Waddilow,23/01/2019,"{'Java': 2, 'R': 4}","['Efficient', 'Reliable']","['Indifferent', 'Impatient', 'Passive']",No,Yes,Yes,Fail,Data,11789
Deonne Simionato,31/01/2019,"{'C#': 4, 'C++': 2}","['Competitive', 'Courteous', 'Patient']","['Critical', 'Chatty']",Yes,Yes,Yes,Pass,Data,11790
Florance Nann,03/01/2019,"{'Python': 4, 'R': 2}","['Listening', 'Collaboration', 'Perfectionism']","['Selfish', 'Overbearing', 'Conventional']",Yes,Yes,Yes,Pass,Data,11791
Cozmo Abel,31/01/2019,"{'Python': 2, 'SPSS': 4, 'PHP': 1}","['Determined', 'Innovative', 'Competitive']","['Chaotic', 'Stubborn']",Yes,Yes,Yes,Fail,Business,11792
Dalila Hyett,08/01/2019,"{'Python': 1, 'Ruby': 1, 'R': 3, 'SPSS': 3, 'C++': 1, 'JavaScript': 2}","['Collaboration', 'Efficient']",['Critical'],Yes,Yes,Yes,Fail,Business,11793
Dorey Mcquillan,15/01/2019,"{'Ruby': 1, 'PHP': 1, 'C++': 2}","['Composure', 'Reliable']",['Chatty'],Yes,Yes,Yes,Pass,Business,11794
Danya Sedgefield,10/01/2019,"{'Python': 6, 'Java': 3, 'Ruby': 2, 'C++': 5, 'JavaScript': 3}","['Problem Solving', 'Ambitious']",['Competitive'],Yes,Yes,Yes,Pass,Engineering,11795
Giorgio Piller,22/01/2019,"{'Python': 2, 'C#': 3, 'R': 3, 'JavaScript': 5}","['Creative', 'Versatile']","['Chatty', 'Conventional', 'Chaotic']",Yes,Yes,No,Fail,Business,11796
Giorgio Piller,22/01/2019,"{'Python': 2, 'C#': 3, 'R': 3, 'JavaScript': 5}","['Creative', 'Versatile']","['Chatty', 'Conventional', 'Chaotic']",Yes,Yes,No,Fail,Business,11797
Fran Gebbie,24/01/2019,,"['Efficient', 'Organisation']",['Stubborn'],Yes,Yes,No,Fail,Data,11798
Rheta Assel,02/01/2019,"{'Python': 4, 'Ruby': 1, 'R': 3, 'C++': 3}",['Independent'],"['Passive', 'Perfectionist', 'Overbearing']",Yes,Yes,Yes,Pass,Business,11799
Yolanda Fosse,16/01/2019,"{'C#': 4, 'Java': 1, 'Ruby': 1, 'R': 1, 'SPSS': 1, 'JavaScript': 4}","['Passionate', 'Critical Thinking']","['Indecisive', 'Controlling', 'Introverted']",Yes,Yes,Yes,Pass,Business,11800
Lemmie Jendrich,31/01/2019,{'Java': 2},['Efficient'],['Overbearing'],No,Yes,Yes,Fail,Business,11801
Marga Simmig,15/01/2019,"{'C#': 5, 'R': 1}","['Altruism', 'Creative']","['Competitive', 'Immature', 'Controlling']",Yes,Yes,Yes,Pass,Business,11802
Merry Chesher,30/01/2019,"{'Ruby': 4, 'SPSS': 2, 'C++': 1}","['Critical Thinking', 'Efficient', 'Competitive']","['Slow', 'Chaotic']",Yes,Yes,Yes,Pass,Business,11803
Sileas Golson,29/01/2019,{'C++': 4},['Courteous'],"['Perfectionist', 'Competitive', 'Sensitive']",Yes,Yes,Yes,Pass,Engineering,11804
Corri Pund,16/01/2019,"{'SPSS': 4, 'C++': 3}","['Listening', 'Innovative']","['Introverted', 'Indecisive', 'Critical']",Yes,Yes,Yes,Pass,Engineering,11805
Abeu Rimmer,22/01/2019,"{'Python': 5, 'Java': 1, 'R': 1, 'PHP': 2, 'C++': 2, 'JavaScript': 4}","['Consistent', 'Empathy']",['Stubborn'],Yes,Yes,No,Fail,Engineering,11806
Pamela Gadman,31/01/2019,"{'Python': 1, 'C#': 6}",['Competitive'],['Conventional'],Yes,Yes,Yes,Fail,Data,11807
Cissy Deeble,03/01/2019,"{'Java': 5, 'C++': 4}","['Determined', 'Curious', 'Creative']","['Sensitive', 'Competitive']",Yes,Yes,Yes,Pass,Data,11808
Stephan Bahls,16/01/2019,,"['Listening', 'Rational', 'Creative']",['Chaotic'],Yes,Yes,Yes,Pass,Data,11809
Patrice Prescott,24/01/2019,"{'C#': 2, 'Ruby': 3, 'R': 2, 'C++': 5, 'JavaScript': 5}",['Passionate'],['Competitive'],Yes,Yes,Yes,Pass,Business,11810
Farrell Normington,03/01/2019,,"['Creative', 'Curious']","['Passive', 'Immature']",Yes,No,Yes,Fail,Business,11811
Devland Benkin,15/01/2019,"{'Python': 1, 'C#': 4, 'C++': 4}","['Critical Thinking', 'Perfectionism']",['Impatient'],Yes,Yes,Yes,Pass,Engineering,11812
Teddy Ham,17/01/2019,"{'C#': 3, 'R': 7, 'SPSS': 2}","['Versatile', 'Passionate', 'Efficient']","['Procrastination', 'Impatient', 'Stubborn']",Yes,Yes,Yes,Pass,Data,11813
Frank Tolchard,10/01/2019,"{'Python': 3, 'Java': 4, 'Ruby': 3, 'R': 2}",['Empathy'],"['Conventional', 'Indifferent']",Yes,Yes,Yes,Pass,Business,11814
Hetti Beach,23/01/2019,"{'Python': 4, 'Ruby': 6, 'R': 4, 'SPSS': 2, 'PHP': 1}","['Composure', 'Efficient', 'Passionate']","['Chaotic', 'Competitive']",Yes,Yes,Yes,Pass,Data,11815
Daphene Friedlos,23//01/2019,{'Ruby': 5},['Organisation'],"['Perfectionist', 'Impulsive']",Yes,Yes,Yes,Pass,Business,11816
Isac Bronger,24/01/2019,"{'Python': 5, 'Java': 4, 'Ruby': 3}","['Collaboration', 'Ambitious', 'Critical Thinking']","['Chatty', 'Critical']",Yes,Yes,Yes,Pass,Business,11817
Vin Kattenhorn,30/01/2019,{'Ruby': 4},"['Versatile', 'Competitive', 'Perfectionism']","['Critical', 'Distracted']",Yes,Yes,No,Fail,Data,11818
Shelli Abbess,10/01/2019,"{'Java': 2, 'Ruby': 1, 'R': 3, 'C++': 2}","['Reliable', 'Perfectionism']","['Stubborn', 'Immature']",Yes,Yes,Yes,Pass,Data,11819
Caren Sterte,29/01/2019,"{'SPSS': 2, 'JavaScript': 1}","['Ambitious', 'Innovative', 'Consistent']",['Controlling'],Yes,Yes,No,Fail,Data,11820
Muhammad Garthland,24/01/2019,"{'Python': 1, 'C#': 3}","['Critical Thinking', 'Listening']","['Immature', 'Intolerant', 'Impulsive']",Yes,Yes,Yes,Pass,Engineering,11821
Worth Kos,15/01/2019,"{'Ruby': 3, 'JavaScript': 3}","['Collaboration', 'Courteous', 'Perfectionism']",['Impatient'],Yes,Yes,Yes,Pass,Data,11822
Jacki Pinkstone,23/01/2019,{'Ruby': 4},"['Patient', 'Creative', 'Charisma']",['Slow'],Yes,Yes,Yes,Pass,Data,11823
Hernando Guage,02/01/2019,"{'Java': 3, 'Ruby': 2}","['Passionate', 'Charisma', 'Composure']",['Undisciplined'],Yes,Yes,Yes,Pass,Engineering,11824
Franciska Davidy,30/01/2019,"{'C#': 5, 'Ruby': 3, 'PHP': 1, 'C++': 2, 'JavaScript': 1}","['Reliable', 'Empathy']","['Passive', 'Chaotic', 'Critical']",No,Yes,Yes,Fail,Data,11825
Florinda Brabban,22/01/2019,"{'Python': 3, 'Java': 2, 'Ruby': 3, 'R': 1, 'C++': 7, 'JavaScript': 4}","['Creative', 'Efficient', 'Reliable']",['Procrastination'],Yes,Yes,Yes,Pass,Business,11826
Kimble Bonde,03/01/2019,{'Python': 1},"['Passionate', 'Creative']","['Selfish', 'Overbearing']",Yes,Yes,Yes,Fail,Data,11827
Austin Brister,23/01/2019,{'Python': 2},"['Curious', 'Passionate']","['Chaotic', 'Intolerant', 'Passive']",Yes,Yes,Yes,Pass,Engineering,11828
Kelsey Cranke,03/01/2019,"{'Java': 2, 'Ruby': 2, 'R': 5, 'PHP': 1}",['Efficient'],"['Indifferent', 'Sensitive', 'Overbearing']",Yes,Yes,Yes,Pass,Engineering,11829
Samuel Simone,23/01/2019,"{'Ruby': 1, 'PHP': 1, 'JavaScript': 3}",['Competitive'],['Indecisive'],Yes,Yes,No,Fail,Business,11830
Berky Slatten,08/01/2019,"{'Python': 4, 'Ruby': 3, 'SPSS': 4, 'JavaScript': 3}",['Listening'],"['Sensitive', 'Undisciplined']",Yes,Yes,Yes,Pass,Data,11831
Wit Napolitano,09/01/2019,"{'C#': 3, 'Java': 5, 'R': 3, 'JavaScript': 1}","['Organisation', 'Consistent']","['Overbearing', 'Procrastination', 'Chaotic']",Yes,Yes,Yes,Pass,Business,11832
Lucita Pettman,29/01/2019,"{'R': 5, 'SPSS': 1}","['Problem Solving', 'Charisma']","['Introverted', 'Chatty']",Yes,Yes,Yes,Pass,Engineering,11833
Conchita Gumey,16/01/2019,"{'Ruby': 3, 'C++': 4}",['Altruism'],['Sensitive'],Yes,Yes,No,Fail,Business,11834
Ingeberg Othen,16/01/2019,{'JavaScript': 2},['Curious'],"['Passive', 'Undisciplined', 'Overbearing']",No,Yes,Yes,Fail,Business,11835
Ambros Ethington,10/01/2019,"{'Python': 3, 'Ruby': 6, 'PHP': 1}",['Competitive'],"['Anxious', 'Chatty']",Yes,Yes,Yes,Fail,Business,11836
Karia O'Toole,03/01/2019,"{'Python': 2, 'Java': 5, 'SPSS': 1, 'C++': 7}","['Curious', 'Independent', 'Listening']","['Anxious', 'Slow', 'Chatty']",No,Yes,Yes,Fail,Data,11837
Adrianna Lyddiard,29/01/2019,"{'R': 2, 'PHP': 2}",['Ambitious'],"['Procrastination', 'Selfish', 'Chatty']",Yes,Yes,Yes,Pass,Engineering,11838
Leroi Shurmer,02/01/2019,"{'Python': 2, 'C#': 1, 'PHP': 1, 'C++': 1, 'JavaScript': 4}","['Altruism', 'Independent']","['Impulsive', 'Critical', 'Anxious']",Yes,Yes,Yes,Fail,Data,11839
Regan Pittaway,15/01/2019,"{'Ruby': 4, 'JavaScript': 2}","['Ambitious', 'Consistent']","['Impulsive', 'Undisciplined', 'Procrastination']",Yes,No,Yes,Fail,Business,11840
Emmy Luckings,02/01/2019,"{'C#': 1, 'R': 3}","['Perfectionism', 'Independent', 'Patient']","['Impulsive', 'Distracted']",Yes,Yes,No,Fail,Engineering,11841
Linnea Dulling,15/01/2019,"{'Python': 4, 'R': 3, 'C++': 1}","['Creative', 'Independent', 'Curious']","['Chaotic', 'Indifferent']",Yes,Yes,Yes,Pass,Engineering,11842
Thornton Thuillier,09/01/2019,{'SPSS': 1},"['Critical Thinking', 'Composure']",['Chaotic'],Yes,Yes,Yes,Pass,Engineering,11843
Noah Petricek,29/01/2019,"{'C#': 2, 'Java': 4, 'Ruby': 5, 'SPSS': 3}","['Problem Solving', 'Empathy']","['Chaotic', 'Conventional']",Yes,Yes,Yes,Pass,Business,11844
Harry Orcas,02/01/2019,"{'Python': 6, 'C#': 4, 'Ruby': 6, 'R': 1, 'PHP': 1, 'C++': 4, 'JavaScript': 2}","['Perfectionism', 'Empathy']","['Impulsive', 'Chatty', 'Stubborn']",Yes,Yes,No,Fail,Engineering,11845
Tobit Dowden,08/01/2019,"{'Java': 5, 'SPSS': 5, 'C++': 5}","['Patient', 'Creative']","['Indifferent', 'Anxious', 'Intolerant']",Yes,Yes,Yes,Pass,Data,11846
Pet Wise,31/01/2019,"{'Python': 7, 'C++': 3}","['Curious', 'Collaboration']","['Introverted', 'Competitive']",Yes,Yes,Yes,Fail,Business,11847
Sylvia Akett,30/01/2019,"{'Python': 6, 'C++': 4, 'JavaScript': 8}","['Charisma', 'Innovative', 'Ambitious']","['Stubborn', 'Controlling', 'Overbearing']",No,Yes,Yes,Fail,Business,11848
Daisi Scarlet,30/01/2019,"{'C#': 1, 'SPSS': 5, 'C++': 1}","['Reliable', 'Competitive', 'Efficient']","['Perfectionist', 'Procrastination', 'Chaotic']",Yes,Yes,Yes,Pass,Data,11849
Patrice Masham,09/01/2019,"{'Python': 2, 'Java': 2, 'PHP': 1}","['Efficient', 'Problem Solving', 'Listening']","['Slow', 'Stubborn']",Yes,No,Yes,Fail,Engineering,11850
Garvin Dracey,16/01/2019,"{'Python': 5, 'C#': 5, 'Java': 3, 'Ruby': 4, 'C++': 2}","['Organisation', 'Rational', 'Reliable']","['Critical', 'Selfish', 'Passive']",Yes,Yes,Yes,Pass,Data,11851
Bentlee Meugens,08/01/2019,{'Python': 3},"['Perfectionism', 'Problem Solving']",['Immature'],No,Yes,Yes,Fail,Engineering,11852
Garrott Demaine,16/01/2019,"{'Python': 2, 'C#': 1, 'R': 2, 'SPSS': 3, 'PHP': 3}",['Organisation'],"['Selfish', 'Overbearing', 'Impatient']",Yes,No,Yes,Fail,Engineering,11853
Roxanna Tunstall,24/01/2019,{'C++': 1},"['Critical Thinking', 'Passionate', 'Organisation']","['Slow', 'Impulsive', 'Conventional']",Yes,No,Yes,Fail,Data,11854
Melisandra Walling,23/01/2019,{'R': 5},"['Consistent', 'Listening']",['Overbearing'],Yes,Yes,Yes,Pass,Business,11855
Abel Mcvaugh,03/01/2019,"{'R': 7, 'SPSS': 2, 'PHP': 2, 'C++': 4}","['Efficient', 'Reliable', 'Composure']","['Sensitive', 'Procrastination']",Yes,Yes,Yes,Pass,Engineering,11856
Nestor Thornewill,23/01/2019,"{'R': 3, 'C++': 3, 'JavaScript': 3}","['Reliable', 'Charisma', 'Courteous']","['Sensitive', 'Introverted', 'Impulsive']",Yes,Yes,Yes,Fail,Business,11857
Wilona Pammenter,16/01/2019,"{'Java': 2, 'SPSS': 5, 'PHP': 3}","['Ambitious', 'Creative']","['Overbearing', 'Distracted', 'Passive']",Yes,No,Yes,Fail,Data,11858
Davie Brahams,03/01/2019,"{'C#': 3, 'Java': 1, 'Ruby': 2, 'C++': 1, 'JavaScript': 1}",['Listening'],"['Perfectionist', 'Critical', 'Overbearing']",No,Yes,Yes,Fail,Business,11859
Lynnett Swin,16/01/2019,"{'C#': 1, 'Java': 5, 'R': 1, 'PHP': 2}","['Efficient', 'Critical Thinking', 'Determined']","['Overbearing', 'Undisciplined']",Yes,Yes,Yes,Pass,Business,11860
Gustaf Lude,16/01/2019,"{'C#': 4, 'Java': 3, 'Ruby': 4, 'R': 1}",['Curious'],['Sensitive'],Yes,Yes,Yes,Pass,Business,11861
Halli Purcell,29/01/2019,"{'Ruby': 4, 'SPSS': 2, 'C++': 3, 'JavaScript': 4}","['Composure', 'Creative', 'Versatile']","['Overbearing', 'Anxious']",No,Yes,Yes,Fail,Business,11862
Tanner Byram,09/01/2019,"{'Java': 2, 'Ruby': 3, 'PHP': 1, 'JavaScript': 1}",['Determined'],"['Sensitive', 'Critical']",Yes,Yes,Yes,Pass,Data,11863
Lauretta Bartell,17/01/2019,"{'Python': 5, 'C#': 1, 'SPSS': 5, 'PHP': 3}","['Determined', 'Perfectionism']",['Controlling'],Yes,Yes,Yes,Pass,Engineering,11864
Ulick Pickervance,31/01/2019,"{'C#': 3, 'Ruby': 5, 'SPSS': 3, 'JavaScript': 2}","['Courteous', 'Competitive']","['Overbearing', 'Chatty', 'Perfectionist']",Yes,Yes,Yes,Pass,Business,11865
Sibbie Di Biasio,22/01/2019,"{'R': 3, 'SPSS': 3, 'PHP': 2, 'JavaScript': 1}","['Creative', 'Competitive', 'Passionate']",['Distracted'],No,Yes,Yes,Fail,Data,11866
Konrad Mccready,24/01/2019,{'PHP': 1},['Patient'],['Slow'],Yes,Yes,Yes,Pass,Business,11867
Mariele Steedman,02/01/2019,"{'Java': 5, 'Ruby': 5, 'C++': 2}","['Problem Solving', 'Innovative']",['Anxious'],Yes,No,Yes,Fail,Data,11868
Ximenez Chippin,03/01/2019,"{'Python': 3, 'C++': 2}","['Consistent', 'Altruism']","['Passive', 'Sensitive', 'Selfish']",Yes,Yes,Yes,Pass,Engineering,11869
Ruben Mccoy,22/01/2019,{'C#': 6},"['Collaboration', 'Charisma']","['Intolerant', 'Controlling']",Yes,Yes,Yes,Pass,Data,11870
Sigrid Veitch,02/01/2019,"{'C#': 4, 'Java': 1, 'Ruby': 2, 'SPSS': 3, 'PHP': 4, 'C++': 1}",['Altruism'],['Selfish'],Yes,Yes,Yes,Pass,Engineering,11871
Allegra Aspland,02/01/2019,"{'Python': 2, 'C#': 5, 'Java': 2, 'Ruby': 1, 'C++': 1}","['Curious', 'Courteous', 'Consistent']",['Competitive'],Yes,No,No,Fail,Data,11872
Randall Waller,16/01/2019,"{'C#': 1, 'Java': 4, 'Ruby': 6, 'PHP': 4, 'C++': 5}","['Patient', 'Composure']","['Competitive', 'Undisciplined']",Yes,Yes,Yes,Pass,Data,11873
Thomasine Poundford,16/01/2019,"{'Python': 4, 'C#': 3, 'Java': 2, 'SPSS': 4, 'PHP': 1, 'C++': 5}","['Listening', 'Collaboration', 'Innovative']",['Passive'],Yes,Yes,Yes,Pass,Engineering,11874
Kelley Bourgeois,23/01/2019,"{'Java': 3, 'PHP': 1}","['Reliable', 'Curious']",['Competitive'],Yes,Yes,Yes,Fail,Business,11875
Anatole Peterffy,16/01/2019,{'JavaScript': 2},['Competitive'],"['Stubborn', 'Anxious']",Yes,Yes,Yes,Pass,Engineering,11876
Hinze Treat,23/01/2019,"{'Python': 3, 'C#': 6, 'R': 3}","['Collaboration', 'Patient']",['Anxious'],Yes,Yes,Yes,Pass,Engineering,11877
Linoel Fissenden,17/01/2019,"{'R': 1, 'JavaScript': 1}",['Consistent'],"['Procrastination', 'Indifferent']",Yes,Yes,Yes,Pass,Business,11878
Alexandro Guyan,29/01/2019,"{'C#': 2, 'Java': 5, 'C++': 4}","['Courteous', 'Consistent', 'Organisation']",['Overbearing'],Yes,Yes,Yes,Pass,Engineering,11879
Konstantin Fusco,09/01/2019,"{'Java': 3, 'PHP': 2}","['Versatile', 'Listening', 'Patient']","['Undisciplined', 'Stubborn', 'Procrastination']",Yes,No,No,Fail,Business,11880
Gardie Damsell,29/01/2019,"{'C#': 2, 'R': 2}",['Critical Thinking'],"['Overbearing', 'Chatty']",No,Yes,Yes,Fail,Engineering,11881
Zoe Schlag,24/01/2019,"{'Java': 4, 'SPSS': 2, 'PHP': 1, 'JavaScript': 1}","['Determined', 'Creative', 'Organisation']","['Slow', 'Impatient', 'Intolerant']",Yes,Yes,Yes,Pass,Data,11882
Pyotr De Zuani,09/01/2019,"{'Python': 4, 'C#': 4, 'R': 6, 'PHP': 3, 'C++': 1, 'JavaScript': 2}","['Curious', 'Creative', 'Empathy']","['Impatient', 'Chatty']",Yes,Yes,Yes,Pass,Data,11883
Simon Murrey,16/01/2019,"{'SPSS': 8, 'C++': 2, 'JavaScript': 2}","['Altruism', 'Organisation']","['Immature', 'Stubborn']",Yes,Yes,Yes,Pass,Business,11884
Thurston Venes,24/01/2019,"{'C#': 2, 'Java': 4, 'R': 4}","['Perfectionism', 'Collaboration', 'Courteous']","['Anxious', 'Slow', 'Indecisive']",Yes,Yes,Yes,Pass,Business,11885
Nanni Ashby,03/01/2019,{'JavaScript': 6},"['Consistent', 'Rational', 'Courteous']","['Undisciplined', 'Distracted', 'Introverted']",Yes,No,Yes,Fail,Engineering,11886
Laetitia Poston,09/01/2019,"{'Python': 2, 'Ruby': 3, 'JavaScript': 1}","['Efficient', 'Versatile', 'Rational']","['Introverted', 'Impatient']",Yes,Yes,Yes,Pass,Engineering,11887
Reinaldos Rayne,17/01/2019,"{'Python': 1, 'JavaScript': 5}","['Critical Thinking', 'Passionate', 'Charisma']",['Impatient'],Yes,Yes,Yes,Pass,Data,11888
Allen Edelman,23/01/2019,"{'C#': 4, 'Java': 2}","['Ambitious', 'Organisation']","['Indecisive', 'Conventional', 'Selfish']",Yes,Yes,Yes,Pass,Data,11889
Cheston Ceillier,10/01/2019,"{'R': 1, 'C++': 2, 'JavaScript': 4}","['Creative', 'Competitive', 'Ambitious']","['Distracted', 'Passive', 'Competitive']",Yes,No,Yes,Fail,Engineering,11890
Johnette Durrans,22/01/2019,"{'Python': 1, 'Ruby': 3, 'R': 2}",['Reliable'],"['Competitive', 'Selfish']",Yes,Yes,Yes,Pass,Engineering,11891
Layne Le Fleming,08/01/2019,{'C++': 4},['Ambitious'],"['Impatient', 'Competitive']",Yes,Yes,Yes,Pass,Business,11892
Zaccaria Bussons,16/01/2019,"{'Python': 2, 'Java': 1, 'SPSS': 4, 'JavaScript': 1}","['Versatile', 'Collaboration', 'Passionate']","['Conventional', 'Impulsive', 'Impatient']",No,Yes,No,Fail,Engineering,11893
Sylvan Asher,17/01/2019,"{'Python': 3, 'C#': 5, 'Ruby': 4, 'SPSS': 4, 'PHP': 1}","['Competitive', 'Rational']","['Impatient', 'Anxious']",Yes,Yes,Yes,Pass,Engineering,11894
Georgie Perel,17/01/2019,"{'Python': 4, 'Java': 2, 'PHP': 1}","['Empathy', 'Composure', 'Creative']","['Intolerant', 'Impulsive']",Yes,Yes,Yes,Pass,Engineering,11895
Sully Rechert,29/01/2019,"{'PHP': 3, 'JavaScript': 3}","['Courteous', 'Charisma', 'Efficient']",['Slow'],Yes,Yes,Yes,Pass,Data,11896
Royall Stirley,30/01/2019,"{'Ruby': 1, 'C++': 6}","['Passionate', 'Collaboration', 'Consistent']","['Passive', 'Sensitive', 'Selfish']",Yes,Yes,Yes,Pass,Engineering,11897
Kellie Althorp,15/01/2019,"{'C#': 4, 'Ruby': 2, 'C++': 1, 'JavaScript': 1}","['Critical Thinking', 'Versatile', 'Organisation']","['Impatient', 'Impulsive']",Yes,Yes,Yes,Pass,Data,11898
Jorry Varley,24/01/2019,"{'R': 2, 'SPSS': 3}","['Charisma', 'Creative', 'Perfectionism']","['Stubborn', 'Indifferent']",Yes,Yes,Yes,Pass,Engineering,11899
Bernadette Gerardi,17/01/2019,"{'C#': 2, 'SPSS': 3, 'C++': 1}","['Creative', 'Ambitious', 'Courteous']","['Distracted', 'Slow', 'Conventional']",Yes,Yes,Yes,Pass,Data,11900
Hallie Robbeke,24/01/2019,"{'SPSS': 4, 'PHP': 1}",['Listening'],"['Impatient', 'Slow']",Yes,Yes,No,Fail,Business,11901
Winnah Spooner,23/01/2019,"{'Python': 5, 'JavaScript': 1}","['Passionate', 'Organisation']",['Chatty'],Yes,Yes,Yes,Pass,Engineering,11902
Riccardo Oade,29/01/2019,"{'Python': 5, 'Java': 4, 'R': 3, 'SPSS': 2, 'PHP': 2, 'C++': 1}","['Reliable', 'Listening', 'Innovative']",['Stubborn'],Yes,Yes,Yes,Fail,Data,11903
Bettye Di Napoli,23/01/2019,"{'C#': 4, 'SPSS': 1, 'JavaScript': 3}",['Perfectionism'],"['Distracted', 'Anxious', 'Immature']",Yes,No,Yes,Fail,Engineering,11904
Lutero Winning,24/01/2019,"{'C#': 2, 'Java': 3, 'SPSS': 4}","['Rational', 'Listening']","['Overbearing', 'Distracted']",Yes,No,Yes,Fail,Business,11905
Gwyn Baversor,03/01/2019,"{'Java': 1, 'Ruby': 2, 'R': 4, 'SPSS': 3, 'C++': 3}","['Composure', 'Rational']","['Stubborn', 'Overbearing']",Yes,Yes,No,Fail,Engineering,11906
Gilbertine Assaf,03/01/2019,"{'Ruby': 1, 'C++': 5, 'JavaScript': 2}","['Consistent', 'Efficient']",['Chatty'],Yes,Yes,Yes,Pass,Engineering,11907
Deni Roust,30/01/2019,"{'C#': 7, 'C++': 2}","['Curious', 'Charisma', 'Efficient']",['Immature'],Yes,Yes,Yes,Pass,Business,11908
Babita Heigho,10/01/2019,"{'Python': 2, 'Java': 2}","['Independent', 'Organisation']","['Introverted', 'Overbearing']",Yes,Yes,No,Fail,Business,11909
Candide Vannoort,03/01/2019,{'C++': 4},"['Altruism', 'Charisma']","['Conventional', 'Passive']",No,Yes,Yes,Fail,Data,11910
Sydney Renachowski,09/01/2019,{'Python': 1},"['Creative', 'Passionate', 'Ambitious']","['Undisciplined', 'Intolerant']",Yes,Yes,Yes,Fail,Engineering,11911
Vince Scott,10/01/2019,"{'Java': 3, 'SPSS': 2, 'C++': 6, 'JavaScript': 7}","['Altruism', 'Empathy', 'Creative']","['Indifferent', 'Undisciplined', 'Controlling']",Yes,Yes,Yes,Pass,Data,11912
Art Mitkin,31/01/2019,"{'Java': 3, 'R': 3, 'SPSS': 2, 'C++': 4, 'JavaScript': 2}","['Empathy', 'Charisma']","['Distracted', 'Overbearing']",Yes,No,Yes,Fail,Business,11913
Trstram Goodyer,16/01/2019,"{'C#': 3, 'JavaScript': 2}","['Collaboration', 'Competitive']","['Anxious', 'Competitive']",No,Yes,Yes,Fail,Engineering,11914
Ronalda Richmond,24/01/2019,"{'Ruby': 1, 'JavaScript': 1}",['Ambitious'],"['Selfish', 'Stubborn', 'Passive']",Yes,Yes,Yes,Pass,Engineering,11915
Sibley Addison,31/01/2019,{'R': 4},['Innovative'],['Stubborn'],Yes,Yes,Yes,Pass,Engineering,11916
Hi Tee,30/01/2019,"{'Python': 3, 'C#': 4}","['Empathy', 'Competitive']","['Chaotic', 'Competitive', 'Conventional']",Yes,Yes,Yes,Pass,Engineering,11917
Hi Tee,30/01/2019,"{'Python': 3, 'C#': 4}","['Empathy', 'Competitive']","['Chaotic', 'Competitive', 'Conventional']",Yes,Yes,Yes,Pass,Engineering,11918
Carey Severn,29/01/2019,"{'R': 3, 'PHP': 5}","['Determined', 'Collaboration']",['Indecisive'],Yes,Yes,Yes,Pass,Business,11919
Foss Darycott,08/01/2019,"{'Python': 2, 'SPSS': 1, 'PHP': 1, 'C++': 3}","['Creative', 'Passionate']","['Sensitive', 'Perfectionist', 'Intolerant']",Yes,Yes,Yes,Fail,Engineering,11920
Leeland Looks,03/01/2019,"{'C#': 2, 'R': 6, 'SPSS': 6, 'PHP': 2}",['Curious'],['Indifferent'],Yes,Yes,Yes,Pass,Business,11921
Gelya Pyson,17/01/2019,"{'C#': 2, 'Ruby': 1, 'SPSS': 1}",['Reliable'],['Procrastination'],Yes,No,Yes,Fail,Business,11922
Olia Meugens,03/01/2019,"{'Java': 1, 'Ruby': 4, 'JavaScript': 1}","['Independent', 'Rational', 'Charisma']","['Distracted', 'Selfish', 'Anxious']",Yes,Yes,Yes,Pass,Business,11923
Theodosia Creenan,16/01/2019,"{'Python': 4, 'Java': 2, 'R': 1}",['Reliable'],"['Passive', 'Chatty', 'Chaotic']",Yes,No,Yes,Fail,Data,11924
Aida Bothams,17/01/2019,"{'Java': 3, 'Ruby': 1, 'C++': 3}","['Rational', 'Innovative', 'Empathy']","['Competitive', 'Indifferent']",Yes,Yes,Yes,Pass,Data,11925
Onida Tregear,22/01/2019,"{'R': 3, 'PHP': 3, 'C++': 3}",['Ambitious'],"['Overbearing', 'Procrastination', 'Competitive']",Yes,Yes,Yes,Pass,Data,11926
Salomon Costellow,29/01/2019,"{'C#': 4, 'Ruby': 2, 'SPSS': 2, 'PHP': 3}","['Curious', 'Passionate']",['Anxious'],Yes,Yes,Yes,Pass,Engineering,11927
Orion Ephgrave,22/01/2019,{'Python': 1},"['Collaboration', 'Problem Solving']",['Undisciplined'],Yes,Yes,No,Fail,Data,11928
Quintus Penella,15/01/2019,"{'Ruby': 6, 'PHP': 3}",['Altruism'],"['Intolerant', 'Impulsive', 'Selfish']",Yes,Yes,Yes,Pass,Business,11929
Muffin Wigglesworth,17/01/2019,"{'Python': 4, 'PHP': 3, 'C++': 2}","['Critical Thinking', 'Ambitious', 'Curious']",['Chatty'],Yes,Yes,Yes,Pass,Engineering,11930
Agretha Deinert,22/01/2019,"{'C#': 2, 'Java': 6, 'Ruby': 2, 'R': 4, 'SPSS': 1, 'C++': 5}","['Innovative', 'Ambitious', 'Curious']",['Competitive'],No,Yes,Yes,Fail,Business,11931
Aindrea Davio,31/01/2019,"{'Python': 1, 'Ruby': 1, 'SPSS': 2, 'C++': 1}",['Competitive'],"['Impulsive', 'Slow', 'Passive']",Yes,Yes,Yes,Pass,Data,11932
Burg Flipek,08/01/2019,"{'Java': 1, 'Ruby': 4}",['Creative'],"['Sensitive', 'Indifferent', 'Passive']",Yes,Yes,Yes,Pass,Business,11933
Bary Boatman,08/01/2019,"{'C#': 4, 'PHP': 5, 'C++': 2}",['Consistent'],['Controlling'],Yes,Yes,Yes,Fail,Engineering,11934
Ogdon Gonnelly,03/01/2019,"{'Ruby': 1, 'R': 5}",['Composure'],"['Competitive', 'Impulsive']",Yes,Yes,No,Fail,Engineering,11935
Sybil Maydway,24/01/2019,"{'Python': 2, 'Ruby': 4, 'C++': 3}","['Charisma', 'Competitive', 'Critical Thinking']","['Indecisive', 'Perfectionist']",Yes,Yes,Yes,Pass,Data,11936
Bart Godilington,17/01/2019,"{'Java': 3, 'Ruby': 1, 'C++': 4}","['Ambitious', 'Altruism', 'Consistent']","['Slow', 'Chatty']",Yes,Yes,Yes,Pass,Business,11937
Jenda Fernandez,30/01/2019,"{'Java': 2, 'SPSS': 2, 'C++': 3}",['Determined'],"['Overbearing', 'Immature']",No,No,Yes,Fail,Engineering,11938
Kiah Pittwood,24/01/2019,"{'Python': 1, 'C#': 3, 'Java': 1, 'SPSS': 2, 'C++': 1}","['Courteous', 'Critical Thinking', 'Curious']","['Controlling', 'Slow', 'Impulsive']",Yes,Yes,Yes,Pass,Business,11939
Stephan Jaxon,10/01/2019,"{'Ruby': 3, 'R': 2, 'JavaScript': 3}","['Reliable', 'Curious', 'Passionate']","['Intolerant', 'Indecisive', 'Impatient']",Yes,Yes,Yes,Pass,Engineering,11940
Allianora Rowdell,17/01/2019,"{'C#': 1, 'JavaScript': 4}",['Composure'],"['Perfectionist', 'Overbearing', 'Sensitive']",Yes,Yes,Yes,Pass,Engineering,11941
Orran Rofe,09/01/2019,"{'Python': 4, 'C#': 6, 'Java': 1, 'C++': 2, 'JavaScript': 2}","['Empathy', 'Collaboration', 'Organisation']","['Controlling', 'Competitive', 'Conventional']",Yes,Yes,Yes,Pass,Business,11942
Randy Semken,17/01/2019,"{'Java': 6, 'JavaScript': 2}",['Consistent'],"['Conventional', 'Impatient']",Yes,Yes,Yes,Pass,Data,11943
Gaspard Alvaro,22/01/2019,"{'Python': 1, 'R': 5, 'C++': 3, 'JavaScript': 1}","['Curious', 'Empathy']","['Passive', 'Selfish']",No,Yes,Yes,Fail,Engineering,11944
Ricca Sowden,16/01/2019,"{'SPSS': 3, 'PHP': 2, 'C++': 4, 'JavaScript': 3}",['Altruism'],['Passive'],Yes,Yes,Yes,Fail,Data,11945
Gardner Kienle,09/01/2019,"{'Python': 8, 'Ruby': 1, 'PHP': 2, 'C++': 3, 'JavaScript': 2}",['Curious'],['Passive'],Yes,No,Yes,Fail,Engineering,11946
Guillermo Riha,15/01/2019,"{'Python': 9, 'C#': 1, 'Java': 3, 'R': 3, 'C++': 1, 'JavaScript': 2}","['Altruism', 'Patient', 'Consistent']","['Introverted', 'Distracted']",Yes,Yes,Yes,Pass,Engineering,11947
Wakefield Jeves,17/01/2019,"{'C#': 3, 'Java': 2, 'R': 5}","['Versatile', 'Rational', 'Curious']",['Indecisive'],Yes,Yes,Yes,Pass,Engineering,11948
Craig Ferriby,24/01/2019,"{'Python': 3, 'Ruby': 3, 'C++': 5}","['Consistent', 'Independent']","['Undisciplined', 'Stubborn', 'Impulsive']",No,Yes,Yes,Fail,Data,11949
Katinka Macrow,22/01/2019,"{'Python': 4, 'Java': 2, 'R': 2}","['Altruism', 'Determined', 'Collaboration']","['Immature', 'Chatty']",Yes,Yes,Yes,Fail,Data,11950
Mel Lafontaine,24/01/2019,"{'R': 5, 'SPSS': 4}","['Patient', 'Perfectionism']","['Anxious', 'Sensitive']",Yes,Yes,Yes,Pass,Data,11951
Drona Lemonby,16/01/2019,"{'Python': 2, 'SPSS': 5, 'PHP': 2}","['Charisma', 'Critical Thinking']","['Distracted', 'Introverted', 'Passive']",Yes,Yes,Yes,Pass,Business,11952
Nettie Civitillo,17/01/2019,"{'Python': 4, 'Java': 5, 'JavaScript': 4}","['Problem Solving', 'Collaboration']",['Intolerant'],Yes,Yes,Yes,Pass,Data,11953
Kalli Mcgarrie,29/01/2019,"{'Python': 5, 'R': 1, 'SPSS': 5, 'PHP': 1}",['Listening'],"['Passive', 'Slow', 'Overbearing']",Yes,Yes,Yes,Pass,Engineering,11954
Pascale Snelgrove,23/01/2019,"{'Python': 3, 'C#': 3, 'Ruby': 1, 'R': 5, 'SPSS': 3, 'C++': 9, 'JavaScript': 3}","['Curious', 'Independent']","['Procrastination', 'Chatty']",Yes,Yes,Yes,Pass,Business,11955
Bernelle Longhorne,23/01/2019,"{'C#': 3, 'Java': 6, 'R': 6, 'PHP': 1, 'JavaScript': 1}",['Problem Solving'],['Procrastination'],Yes,Yes,Yes,Pass,Engineering,11956
Valeda Adshad,08/01/2019,{'C++': 4},"['Collaboration', 'Competitive', 'Efficient']",['Passive'],Yes,Yes,Yes,Pass,Business,11957
Barnabas Crinion,17/01/2019,"{'Python': 2, 'PHP': 3, 'C++': 2}","['Reliable', 'Independent', 'Charisma']",['Procrastination'],Yes,Yes,Yes,Pass,Data,11958
Wanids Simison,15/01/2019,"{'Python': 7, 'Java': 2, 'Ruby': 4, 'R': 6}","['Efficient', 'Composure']","['Competitive', 'Sensitive']",Yes,No,No,Fail,Business,11959
Alexander Johnstone,08/01/2019,{'R': 4},"['Empathy', 'Courteous', 'Altruism']",['Anxious'],Yes,Yes,Yes,Pass,Business,11960
Aviva Duddan,23/01/2019,"{'Python': 6, 'Java': 2, 'PHP': 1}","['Creative', 'Collaboration']",['Impulsive'],Yes,Yes,Yes,Fail,Data,11961
Tyrone Bailes,30/01/2019,{'C#': 1},['Problem Solving'],['Chaotic'],Yes,Yes,Yes,Pass,Business,11962
Jena Attard,08/01/2019,"{'SPSS': 1, 'C++': 6, 'JavaScript': 3}","['Creative', 'Innovative']","['Critical', 'Introverted', 'Passive']",Yes,Yes,Yes,Fail,Business,11963
Kylynn Jewes,17/01/2019,"{'Java': 5, 'SPSS': 1}",['Efficient'],"['Distracted', 'Chaotic']",No,Yes,Yes,Fail,Business,11964
Daryle Janoch,31/01/2019,"{'C#': 3, 'SPSS': 3, 'PHP': 1, 'C++': 5, 'JavaScript': 1}",['Perfectionism'],['Impatient'],Yes,Yes,Yes,Pass,Engineering,11965
Ivory Linnemann,22/01/2019,"{'Python': 5, 'C#': 4, 'Ruby': 5, 'JavaScript': 2}","['Charisma', 'Efficient', 'Curious']","['Indifferent', 'Anxious']",Yes,Yes,Yes,Pass,Data,11966
Loy Mulvy,30/01/2019,{'R': 1},"['Curious', 'Patient', 'Innovative']","['Chatty', 'Overbearing', 'Controlling']",Yes,Yes,Yes,Pass,Engineering,11967
Marlon Tomala,24/01/2019,"{'Python': 4, 'Java': 3, 'Ruby': 1, 'SPSS': 3, 'JavaScript': 1}",['Determined'],['Conventional'],Yes,Yes,Yes,Fail,Data,11968
Kincaid Osipov,02/01/2019,"{'C#': 1, 'Ruby': 5, 'R': 1}",['Innovative'],['Passive'],Yes,Yes,Yes,Pass,Engineering,11969
Kincaid Osipov,02/01/2019,"{'C#': 1, 'Ruby': 5, 'R': 1}",['Innovative'],['Passive'],Yes,Yes,Yes,Pass,Engineering,11970
Olin Gariff,24/01/2019,"{'Java': 3, 'SPSS': 4, 'PHP': 3, 'C++': 3}","['Organisation', 'Curious', 'Efficient']","['Immature', 'Conventional', 'Slow']",Yes,Yes,Yes,Fail,Business,11971
Reggie Lawlor,08/01/2019,"{'Java': 6, 'Ruby': 2, 'JavaScript': 2}",['Problem Solving'],"['Indecisive', 'Anxious']",Yes,Yes,Yes,Pass,Engineering,11972
Carlo Twining,30/01/2019,"{'C#': 1, 'Java': 3, 'SPSS': 7}","['Independent', 'Perfectionism', 'Competitive']","['Distracted', 'Undisciplined']",No,Yes,No,Fail,Business,11973
Farley Nuccitelli,22/01/2019,"{'Python': 5, 'Ruby': 3, 'R': 5, 'SPSS': 3, 'JavaScript': 4}",['Rational'],"['Intolerant', 'Selfish']",Yes,Yes,Yes,Pass,Business,11974
Wendy Ducastel,23/01/2019,"{'PHP': 1, 'JavaScript': 3}","['Independent', 'Patient', 'Courteous']","['Distracted', 'Perfectionist']",Yes,Yes,Yes,Pass,Engineering,11975
Sal Curee,09/01/2019,"{'C#': 1, 'C++': 3, 'JavaScript': 3}","['Collaboration', 'Rational']",['Overbearing'],Yes,Yes,Yes,Pass,Business,11976
Gayel Meineking,29/01/2019,{'Java': 5},"['Patient', 'Determined']","['Distracted', 'Introverted', 'Critical']",Yes,Yes,Yes,Pass,Business,11977
Gerhard Mcgrath,31/01/2019,"{'C#': 2, 'Ruby': 4, 'R': 2, 'SPSS': 1, 'PHP': 1}",['Rational'],"['Critical', 'Procrastination']",Yes,Yes,Yes,Pass,Business,11978
Ced Danielut,22/01/2019,"{'Java': 3, 'PHP': 2, 'C++': 3, 'JavaScript': 3}","['Charisma', 'Organisation', 'Ambitious']",['Controlling'],Yes,Yes,Yes,Pass,Engineering,11979
Cory Greene,16/01/2019,"{'Ruby': 1, 'R': 2, 'SPSS': 4}","['Organisation', 'Ambitious', 'Listening']","['Conventional', 'Slow']",Yes,Yes,Yes,Pass,Data,11980
Archaimbaud Buller,17/01/2019,"{'Python': 3, 'PHP': 2, 'C++': 5, 'JavaScript': 2}",['Altruism'],['Indecisive'],Yes,Yes,No,Fail,Business,11981
Abbe Hanny,26/03/2019,{'JavaScript': 1},['Passionate'],['Undisciplined'],Yes,Yes,Yes,Pass,Data,11982
Eimile Pincott,12/03/2019,"{'C#': 4, 'Java': 6, 'Ruby': 5, 'C++': 2}","['Independent', 'Reliable', 'Courteous']",['Undisciplined'],Yes,Yes,Yes,Pass,Engineering,11983
Constancia Tesauro,06/03/2019,{'JavaScript': 2},"['Courteous', 'Collaboration', 'Organisation']","['Indifferent', 'Controlling', 'Impatient']",Yes,Yes,Yes,Pass,Data,11984
Cordey Rigardeau,28/03/2019,"{'Python': 6, 'Java': 5, 'R': 2, 'SPSS': 5}","['Determined', 'Passionate']",['Chaotic'],Yes,Yes,Yes,Pass,Business,11985
Gun Cargill,21/03/2019,"{'Python': 4, 'Java': 1, 'R': 3, 'PHP': 2, 'C++': 2}",['Passionate'],['Chatty'],Yes,Yes,Yes,Pass,Business,11986
Tonia Goodie,19/03/2019,"{'Python': 5, 'Java': 1}","['Collaboration', 'Altruism', 'Passionate']",['Slow'],Yes,Yes,Yes,Pass,Data,11987
Christyna Thirlwell,07/03/2019,"{'Ruby': 1, 'R': 1, 'C++': 2}","['Independent', 'Collaboration']",['Chatty'],Yes,Yes,Yes,Pass,Business,11988
Henrik Mott,19/03/2019,{'SPSS': 3},['Efficient'],['Procrastination'],Yes,Yes,Yes,Pass,Engineering,11989
Romeo Roache,28/03/2019,{'Ruby': 4},['Competitive'],"['Critical', 'Chaotic', 'Introverted']",Yes,Yes,Yes,Pass,Business,11990
Ken Gotter,21/03/2019,"{'Java': 4, 'R': 3}","['Listening', 'Empathy', 'Charisma']","['Perfectionist', 'Indifferent']",Yes,Yes,Yes,Pass,Business,11991
Ken Gotter,21/03/2019,"{'Java': 4, 'R': 3}","['Listening', 'Empathy', 'Charisma']","['Perfectionist', 'Indifferent']",Yes,Yes,Yes,Pass,Business,11992
Kiele Letford,12/03/2019,"{'C#': 4, 'Ruby': 4, 'R': 1}",['Versatile'],"['Indecisive', 'Introverted']",Yes,Yes,Yes,Pass,Engineering,11993
Harrison Macnamee,12/03/2019,"{'Ruby': 8, 'PHP': 1, 'C++': 2, 'JavaScript': 2}","['Competitive', 'Composure', 'Empathy']","['Stubborn', 'Competitive']",Yes,Yes,Yes,Pass,Business,11994
Bunni Locard,28/03/2019,"{'Python': 4, 'R': 5, 'PHP': 1, 'C++': 1}","['Consistent', 'Perfectionism']","['Impatient', 'Overbearing', 'Distracted']",Yes,Yes,Yes,Pass,Engineering,11995
Farley Hearnes,20/03/2019,"{'Python': 3, 'R': 4, 'SPSS': 3, 'PHP': 2}","['Rational', 'Critical Thinking', 'Ambitious']","['Immature', 'Impulsive', 'Controlling']",Yes,Yes,No,Fail,Engineering,11996
Anica Vallis,26/03/2019,"{'Java': 3, 'R': 6, 'SPSS': 1, 'C++': 1, 'JavaScript': 5}",['Composure'],"['Critical', 'Conventional']",Yes,Yes,Yes,Pass,Data,11997
Willy Murphey,19/03/2019,"{'PHP': 3, 'JavaScript': 5}","['Patient', 'Problem Solving', 'Charisma']",['Anxious'],Yes,Yes,Yes,Pass,Engineering,11998
Randee Mackison,07/03/2019,"{'Java': 7, 'SPSS': 1, 'C++': 3}",['Problem Solving'],"['Impulsive', 'Immature', 'Critical']",Yes,No,Yes,Fail,Engineering,11999
Franciskus Lethardy,27/03/2019,{'Java': 3},"['Consistent', 'Charisma', 'Listening']",['Overbearing'],Yes,Yes,Yes,Pass,Business,12000
Lilian Eyer,06/03/2019,"{'C#': 1, 'Java': 1, 'PHP': 4}","['Listening', 'Critical Thinking', 'Independent']","['Impulsive', 'Indecisive']",Yes,Yes,Yes,Pass,Engineering,12001
Roselia Tanswell,13/03/2019,"{'Python': 1, 'Java': 4, 'R': 4}","['Creative', 'Reliable', 'Altruism']","['Chatty', 'Conventional']",Yes,Yes,Yes,Pass,Data,12002
Ingelbert Fri,07/03/2019,"{'C#': 4, 'Java': 1, 'Ruby': 3, 'SPSS': 7, 'C++': 1}",['Reliable'],"['Distracted', 'Selfish', 'Intolerant']",Yes,Yes,Yes,Pass,Data,12003
Corrie Duiguid,20/03/2019,"{'C#': 1, 'Java': 2, 'R': 5, 'PHP': 1, 'JavaScript': 5}","['Altruism', 'Competitive']",['Passive'],Yes,Yes,Yes,Pass,Data,12004
Frankie Mabee,27/03/2019,"{'Python': 4, 'C#': 5, 'JavaScript': 7}",['Problem Solving'],['Critical'],Yes,Yes,Yes,Pass,Business,12005
Stefan Insley,13/03/2019,"{'R': 3, 'SPSS': 5, 'C++': 1}",['Patient'],"['Stubborn', 'Anxious', 'Conventional']",Yes,Yes,Yes,Pass,Engineering,12006
Zacharias Arnauduc,07/03/2019,"{'Java': 5, 'Ruby': 5, 'R': 5, 'C++': 1}","['Perfectionism', 'Curious', 'Listening']","['Perfectionist', 'Impatient']",No,Yes,No,Fail,Business,12007
Quinton Kuhnt,26/03/2019,"{'Python': 2, 'Ruby': 2, 'SPSS': 6}","['Organisation', 'Charisma', 'Problem Solving']","['Slow', 'Intolerant']",Yes,Yes,Yes,Pass,Business,12008
Ferdie Glyne,27/03/2019,"{'Java': 5, 'Ruby': 5, 'PHP': 2, 'C++': 1}",['Perfectionism'],"['Passive', 'Anxious', 'Impatient']",Yes,Yes,Yes,Pass,Data,12009
Rhonda Revance,07/03/2019,"{'Python': 4, 'Java': 1, 'SPSS': 1, 'C++': 1, 'JavaScript': 4}","['Efficient', 'Perfectionism', 'Empathy']","['Controlling', 'Immature', 'Selfish']",Yes,Yes,Yes,Pass,Engineering,12010
Bary Brambley,07/03/2019,"{'Java': 3, 'SPSS': 2}",['Passionate'],['Intolerant'],Yes,Yes,No,Fail,Data,12011
Jeromy Mebius,19/03/2019,"{'Python': 1, 'SPSS': 3}","['Innovative', 'Passionate']","['Passive', 'Critical']",Yes,Yes,Yes,Fail,Business,12012
Gavin Sides,26/03/2019,"{'C#': 12, 'SPSS': 1, 'JavaScript': 4}","['Collaboration', 'Patient']",['Indifferent'],No,Yes,Yes,Fail,Business,12013
Audi Westmacott,07/03/2019,"{'Java': 4, 'C++': 3, 'JavaScript': 4}","['Innovative', 'Versatile']","['Indecisive', 'Competitive', 'Introverted']",Yes,Yes,Yes,Pass,Business,12014
Burtie Irnys,20/03/2019,"{'Ruby': 5, 'R': 4, 'SPSS': 3, 'PHP': 1}","['Organisation', 'Listening', 'Determined']",['Overbearing'],Yes,No,No,Fail,Data,12015
Eliot Frank,19/03/2019,"{'Java': 5, 'C++': 4}",['Independent'],"['Slow', 'Undisciplined', 'Indecisive']",Yes,Yes,Yes,Pass,Business,12016
Neall Stuehmeyer,06/03/2019,"{'C#': 2, 'C++': 5}","['Courteous', 'Ambitious']","['Controlling', 'Anxious']",No,Yes,Yes,Fail,Data,12017
Penni Grioli,05/03/2019,"{'Python': 6, 'C#': 3, 'Java': 3, 'PHP': 4, 'JavaScript': 2}","['Efficient', 'Altruism']","['Perfectionist', 'Intolerant', 'Critical']",Yes,Yes,Yes,Pass,Data,12018
Joletta Matzaitis,20/03/2019,{'SPSS': 5},['Altruism'],['Slow'],Yes,Yes,Yes,Pass,Business,12019
Ofelia Helm,20/03/2019,"{'C#': 4, 'PHP': 1, 'C++': 3, 'JavaScript': 2}",['Ambitious'],"['Immature', 'Indifferent']",Yes,Yes,Yes,Pass,Business,12020
Anselm Marrow,14/03/2019,"{'Python': 5, 'Java': 5, 'SPSS': 3}","['Critical Thinking', 'Charisma', 'Listening']","['Introverted', 'Anxious', 'Slow']",Yes,Yes,Yes,Fail,Engineering,12021
Farris Gogerty,06/03/2019,"{'Python': 3, 'C++': 1}",['Determined'],['Impulsive'],Yes,Yes,Yes,Pass,Engineering,12022
Honoria Staziker,07/03/2019,"{'Python': 1, 'C#': 8, 'PHP': 4}","['Charisma', 'Innovative']","['Indifferent', 'Passive']",Yes,Yes,Yes,Pass,Engineering,12023
Angeline Rewbottom,12/03/2019,"{'Python': 4, 'C#': 1}",['Charisma'],"['Perfectionist', 'Overbearing', 'Immature']",Yes,No,Yes,Fail,Engineering,12024
Alan Heald,28/03/2019,{'PHP': 3},"['Composure', 'Problem Solving']",['Impatient'],Yes,Yes,Yes,Pass,Engineering,12025
Sholom Banting,20/03/2019,"{'Python': 2, 'Java': 3, 'R': 3}","['Ambitious', 'Courteous', 'Altruism']","['Passive', 'Sensitive', 'Procrastination']",Yes,Yes,Yes,Pass,Engineering,12026
Tonia Oakes,12/03/2019,"{'Ruby': 3, 'PHP': 1}",['Collaboration'],"['Indecisive', 'Chatty', 'Overbearing']",Yes,Yes,Yes,Pass,Engineering,12027
Delmore O'Loinn,13/03/2019,"{'Java': 3, 'SPSS': 5, 'JavaScript': 2}","['Competitive', 'Charisma']","['Stubborn', 'Selfish', 'Overbearing']",No,Yes,No,Fail,Business,12028
Vale Fishbie,05/03/2019,"{'Python': 1, 'Java': 5, 'Ruby': 3}","['Ambitious', 'Innovative']","['Impulsive', 'Anxious', 'Introverted']",Yes,Yes,Yes,Pass,Engineering,12029
Heindrick Keay,07/03/2019,"{'C#': 4, 'Java': 4, 'SPSS': 3, 'C++': 1}","['Curious', 'Efficient']","['Intolerant', 'Immature', 'Anxious']",Yes,No,Yes,Fail,Engineering,12030
Nikoletta Mccaffrey,06/03/2019,"{'PHP': 1, 'C++': 4, 'JavaScript': 1}","['Empathy', 'Determined', 'Innovative']","['Perfectionist', 'Indifferent']",Yes,Yes,No,Fail,Business,12031
Roze Somerbell,28/03/2019,"{'C#': 2, 'C++': 2, 'JavaScript': 1}","['Problem Solving', 'Competitive', 'Creative']","['Immature', 'Procrastination']",Yes,Yes,Yes,Pass,Business,12032
Ganny Brumham,19/03/2019,"{'C#': 5, 'SPSS': 2, 'C++': 4}","['Critical Thinking', 'Rational', 'Curious']","['Distracted', 'Chatty', 'Overbearing']",Yes,Yes,Yes,Pass,Data,12033
Hamilton Godbehere,20/03/2019,"{'Java': 1, 'SPSS': 5, 'PHP': 1}",['Critical Thinking'],['Slow'],Yes,Yes,Yes,Pass,Engineering,12034
Olivia Dobrowski,06/03/2019,{'Python': 6},"['Efficient', 'Altruism']",['Anxious'],Yes,Yes,Yes,Pass,Data,12035
Gabie Maletratt,05/03/2019,"{'Python': 4, 'Ruby': 5, 'C++': 2, 'JavaScript': 2}","['Organisation', 'Versatile', 'Rational']","['Distracted', 'Undisciplined']",Yes,No,Yes,Fail,Business,12036
Jeniece Petty,12/03/2019,"{'C#': 2, 'Ruby': 2, 'JavaScript': 1}","['Passionate', 'Curious', 'Competitive']",['Sensitive'],Yes,Yes,Yes,Pass,Data,12037
Ezequiel Gutch,28/03/2019,"{'Python': 1, 'C#': 3}",['Patient'],"['Overbearing', 'Anxious', 'Immature']",Yes,Yes,Yes,Pass,Data,12038
Vinnie Gimbrett,05/03/2019,{'R': 5},"['Determined', 'Innovative', 'Charisma']",['Impatient'],Yes,Yes,Yes,Fail,Data,12039
Britte Kelleway,21/03/2019,"{'Python': 2, 'SPSS': 1, 'PHP': 1, 'C++': 1}",['Rational'],"['Introverted', 'Sensitive', 'Passive']",Yes,Yes,Yes,Pass,Engineering,12040
Laural O'Teague,13/03/2019,"{'C#': 3, 'PHP': 1}","['Ambitious', 'Altruism']","['Sensitive', 'Indecisive']",Yes,Yes,No,Fail,Engineering,12041
Vanda Boate,05/03/2019,"{'Python': 1, 'C#': 5, 'R': 6}",['Empathy'],"['Anxious', 'Impulsive', 'Sensitive']",Yes,Yes,Yes,Pass,Engineering,12042
Verne Francescuzzi,07/03/2019,"{'SPSS': 2, 'C++': 1, 'JavaScript': 2}","['Empathy', 'Composure']",['Anxious'],Yes,Yes,Yes,Pass,Business,12043
Gasparo Overill,27/03/2019,"{'Python': 4, 'C#': 3, 'R': 4, 'C++': 2}",['Competitive'],"['Indifferent', 'Introverted']",Yes,Yes,Yes,Pass,Data,12044
Lyndsie Bailles,13/03/2019,"{'C#': 3, 'Ruby': 6, 'SPSS': 3}","['Rational', 'Competitive']","['Introverted', 'Overbearing', 'Sensitive']",Yes,Yes,Yes,Pass,Business,12045
Tyson Spyby,21/03/2019,"{'Python': 1, 'Ruby': 3, 'SPSS': 3, 'C++': 6}",['Altruism'],"['Introverted', 'Anxious', 'Passive']",No,Yes,No,Fail,Engineering,12046
Callie Glasscock,05/03/2019,"{'Java': 6, 'Ruby': 4}",['Ambitious'],"['Sensitive', 'Impatient', 'Distracted']",Yes,Yes,Yes,Pass,Business,12047
Cassondra Triplet,13/03/2019,{'SPSS': 2},['Perfectionism'],"['Chatty', 'Competitive']",Yes,Yes,Yes,Pass,Engineering,12048
Dix Dinan,06/03/2019,"{'Python': 2, 'Ruby': 2, 'R': 5, 'SPSS': 4}","['Empathy', 'Determined', 'Patient']",['Conventional'],Yes,Yes,Yes,Pass,Data,12049
Umeko Sydall,13/03/2019,"{'Python': 4, 'C#': 3}",['Efficient'],['Anxious'],Yes,Yes,No,Fail,Engineering,12050
Darb Heinssen,27/03/2019,"{'Python': 4, 'C#': 2, 'PHP': 2, 'C++': 4}",['Altruism'],"['Competitive', 'Indecisive']",Yes,No,Yes,Fail,Business,12051
Tildi Dallicoat,12/03/2019,"{'Python': 5, 'C#': 3, 'R': 2, 'SPSS': 2, 'JavaScript': 5}",['Charisma'],"['Distracted', 'Controlling']",Yes,Yes,Yes,Pass,Business,12052
Chancey Morey,28/03/2019,"{'R': 4, 'PHP': 2, 'C++': 2}",['Independent'],['Immature'],Yes,Yes,Yes,Pass,Business,12053
Lisha Keaveny,12/03/2019,"{'C#': 2, 'Ruby': 2, 'R': 4, 'JavaScript': 4}","['Empathy', 'Efficient', 'Determined']",['Chaotic'],Yes,No,Yes,Fail,Data,12054
Cyrill Wilkison,26/03/2019,"{'Python': 5, 'C#': 3, 'Java': 1, 'R': 2}","['Independent', 'Rational']",['Intolerant'],No,Yes,Yes,Fail,Data,12055
Ainslie Simeon,07/03/2019,"{'C#': 4, 'Java': 1, 'Ruby': 5, 'SPSS': 4, 'PHP': 3}",['Patient'],['Undisciplined'],Yes,Yes,Yes,Pass,Engineering,12056
Rhea Cleynman,21/03/2019,"{'C#': 2, 'Java': 3, 'R': 7}","['Competitive', 'Collaboration', 'Consistent']",['Distracted'],Yes,Yes,Yes,Pass,Business,12057
Cornelia Cowley,14/03/2019,"{'C#': 1, 'R': 2, 'JavaScript': 4}","['Charisma', 'Patient']","['Intolerant', 'Perfectionist', 'Sensitive']",Yes,Yes,No,Fail,Business,12058
Leonhard Filkin,28/03/2019,{'C++': 3},['Versatile'],"['Selfish', 'Distracted']",Yes,Yes,Yes,Fail,Data,12059
Mahala Benadette,21/03/2019,"{'Ruby': 6, 'R': 2, 'SPSS': 4, 'C++': 3}","['Altruism', 'Competitive']",['Procrastination'],Yes,No,Yes,Fail,Engineering,12060
Halsy Hursthouse,06/03/2019,{'JavaScript': 3},['Versatile'],"['Indifferent', 'Anxious', 'Slow']",Yes,Yes,Yes,Pass,Engineering,12061
Inessa Mccurtin,12/03/2019,"{'Python': 1, 'C#': 3, 'Java': 4, 'C++': 2}",['Collaboration'],['Competitive'],Yes,No,Yes,Fail,Business,12062
Nada Niese,28/03/2019,"{'SPSS': 3, 'C++': 4}","['Perfectionism', 'Altruism']","['Distracted', 'Impatient', 'Impulsive']",No,Yes,No,Fail,Engineering,12063
Eleonora Bleazard,05/03/2019,"{'SPSS': 4, 'PHP': 2, 'JavaScript': 2}","['Efficient', 'Competitive']","['Overbearing', 'Chaotic', 'Slow']",Yes,Yes,Yes,Pass,Engineering,12064
Latrina Shingler,06/03/2019,"{'Python': 4, 'C#': 5, 'Java': 2, 'Ruby': 1, 'R': 4, 'SPSS': 1}","['Versatile', 'Problem Solving']","['Impatient', 'Selfish']",Yes,Yes,Yes,Pass,Data,12065
Zitella Hembery,19/03/2019,"{'Python': 6, 'C#': 2, 'Ruby': 7, 'R': 2, 'PHP': 4, 'C++': 1, 'JavaScript': 2}",['Rational'],"['Stubborn', 'Overbearing', 'Distracted']",Yes,Yes,Yes,Pass,Engineering,12066
Elfreda Aburrow,19/03/2019,"{'Python': 7, 'SPSS': 5, 'JavaScript': 1}","['Creative', 'Independent']",['Sensitive'],Yes,Yes,Yes,Pass,Data,12067
Xerxes Dobrowlski,12/03/2019,"{'C#': 1, 'Java': 3, 'Ruby': 5, 'JavaScript': 3}",['Efficient'],"['Undisciplined', 'Selfish', 'Sensitive']",Yes,Yes,No,Fail,Business,12068
Isahella Haddleston,28/03/2019,"{'Python': 3, 'Ruby': 5, 'SPSS': 5, 'PHP': 1, 'C++': 2}",['Patient'],"['Anxious', 'Impatient', 'Chaotic']",No,Yes,Yes,Fail,Data,12069
Stephani Libby,27/03/2019,"{'C#': 1, 'C++': 6}","['Empathy', 'Determined']","['Sensitive', 'Intolerant', 'Undisciplined']",Yes,No,Yes,Fail,Business,12070
Bette-Ann Lemmers,19/03/2019,"{'R': 2, 'SPSS': 3, 'C++': 1, 'JavaScript': 3}","['Altruism', 'Charisma']","['Undisciplined', 'Competitive']",Yes,No,No,Fail,Data,12071
Romona Buye,19/03/2019,"{'C#': 1, 'Ruby': 5, 'R': 4}","['Courteous', 'Creative']","['Indifferent', 'Distracted']",Yes,Yes,Yes,Pass,Business,12072
Whitney Woodger,27/03/2019,"{'Java': 10, 'Ruby': 1, 'R': 3, 'JavaScript': 2}","['Altruism', 'Patient', 'Independent']","['Anxious', 'Conventional']",Yes,Yes,Yes,Pass,Data,12073
Carmelina Thorington,19/03/2019,"{'C#': 3, 'R': 3, 'PHP': 3}","['Critical Thinking', 'Composure', 'Problem Solving']","['Perfectionist', 'Selfish']",Yes,No,Yes,Fail,Data,12074
Royal Lougheed,21/03/2019,"{'Python': 1, 'Java': 5, 'Ruby': 4}","['Perfectionism', 'Curious']",['Critical'],Yes,Yes,Yes,Pass,Engineering,12075
Damaris Vallance,13/03/2019,"{'Python': 1, 'R': 3, 'SPSS': 5, 'PHP': 1}","['Listening', 'Consistent', 'Courteous']","['Controlling', 'Perfectionist', 'Anxious']",Yes,Yes,Yes,Pass,Data,12076
Stacee Kidson,21/03/2019,"{'C#': 1, 'Java': 3, 'Ruby': 1, 'R': 3, 'SPSS': 2}","['Altruism', 'Competitive']","['Critical', 'Impulsive']",Yes,Yes,Yes,Pass,Data,12077
Kial Gowdy,06/03/2019,"{'C#': 1, 'Ruby': 8}",['Listening'],"['Conventional', 'Competitive']",Yes,Yes,Yes,Pass,Data,12078
Ernie Proschek,28/03/2019,"{'Java': 2, 'Ruby': 1, 'C++': 2}","['Critical Thinking', 'Innovative', 'Ambitious']","['Overbearing', 'Controlling']",Yes,No,Yes,Fail,Business,12079
Teodoor Fleay,26/03/2019,"{'Python': 3, 'R': 3, 'C++': 2, 'JavaScript': 2}","['Perfectionism', 'Courteous', 'Rational']","['Controlling', 'Passive']",No,Yes,Yes,Fail,Business,12080
Lotte Witherop,12/03/2019,"{'Java': 5, 'SPSS': 2, 'JavaScript': 3}",['Determined'],"['Impatient', 'Intolerant', 'Overbearing']",Yes,Yes,Yes,Pass,Engineering,12081
Kassia Wynch,26/03/2019,"{'C#': 3, 'Ruby': 2, 'C++': 1}","['Critical Thinking', 'Composure', 'Perfectionism']",['Critical'],Yes,Yes,Yes,Pass,Data,12082
Lia Ginnaly,21/03/2019,"{'Java': 5, 'Ruby': 5, 'R': 4}","['Competitive', 'Listening']","['Stubborn', 'Slow', 'Intolerant']",Yes,Yes,Yes,Pass,Data,12083
Rozamond Wilton,27/03/2019,"{'Ruby': 3, 'PHP': 3, 'JavaScript': 2}","['Problem Solving', 'Collaboration', 'Efficient']","['Conventional', 'Slow']",Yes,Yes,Yes,Pass,Engineering,12084
Michele Gonsalvo,14/03/2019,"{'Python': 1, 'C#': 5, 'R': 4, 'C++': 3}",['Composure'],"['Slow', 'Indifferent', 'Procrastination']",Yes,Yes,Yes,Pass,Engineering,12085
Betteann Bridgeland,12/03/2019,"{'Java': 4, 'Ruby': 6, 'R': 4, 'PHP': 1}","['Consistent', 'Patient']","['Chaotic', 'Controlling']",No,Yes,Yes,Fail,Data,12086
Aubert Cawtheray,27/03/2019,"{'C#': 5, 'SPSS': 2, 'C++': 7}",['Competitive'],['Slow'],Yes,Yes,Yes,Pass,Business,12087
Yulma Kerrey,20/03/2019,"{'C#': 3, 'SPSS': 2, 'C++': 2}",['Independent'],"['Critical', 'Passive', 'Indecisive']",Yes,No,Yes,Fail,Business,12088
Roxanna Rashleigh,12/03/2019,"{'Java': 1, 'R': 2, 'SPSS': 4, 'C++': 3, 'JavaScript': 2}","['Listening', 'Creative', 'Problem Solving']",['Perfectionist'],Yes,Yes,Yes,Pass,Engineering,12089
Tracey Spratley,19/03/2019,"{'Java': 3, 'Ruby': 1}","['Problem Solving', 'Perfectionism']","['Chatty', 'Indecisive']",Yes,Yes,Yes,Pass,Engineering,12090
Anastasia Howsam,05/03/2019,"{'Ruby': 2, 'JavaScript': 1}",['Innovative'],"['Chaotic', 'Perfectionist', 'Undisciplined']",No,Yes,Yes,Fail,Engineering,12091
Weylin Culpin,05/03/2019,"{'Python': 5, 'C#': 2, 'PHP': 3, 'JavaScript': 2}","['Independent', 'Patient']","['Indifferent', 'Impatient']",Yes,Yes,Yes,Pass,Business,12092
Pepe Bendig,21/03/2019,"{'C#': 2, 'Java': 5, 'R': 3, 'C++': 5}","['Reliable', 'Competitive', 'Consistent']","['Selfish', 'Chatty', 'Chaotic']",Yes,Yes,Yes,Pass,Engineering,12093
Haskell Mcdonnell,06/03/2019,"{'C#': 6, 'Java': 4, 'Ruby': 4, 'PHP': 1, 'C++': 3}",['Composure'],['Indifferent'],Yes,Yes,Yes,Pass,Data,12094
Avivah Lynas,14/03/2019,"{'Python': 5, 'C#': 2, 'JavaScript': 4}",['Altruism'],"['Critical', 'Chatty']",Yes,Yes,Yes,Pass,Engineering,12095
Aleece Addicott,28/03/2019,"{'Python': 5, 'C#': 9, 'Java': 3, 'R': 2, 'SPSS': 3, 'PHP': 1}","['Versatile', 'Efficient', 'Organisation']","['Chatty', 'Procrastination', 'Stubborn']",Yes,Yes,Yes,Fail,Business,12096
Aidan Elrick,05/03/2019,"{'Python': 6, 'Java': 2, 'SPSS': 6}","['Listening', 'Creative']",['Controlling'],Yes,Yes,No,Fail,Engineering,12097
Aidan Elrick,05/03/2019,"{'Python': 6, 'Java': 2, 'SPSS': 6}","['Listening', 'Creative']",['Controlling'],Yes,Yes,No,Fail,Engineering,12098
Hughie Yeliashev,19/03/2019,"{'Python': 2, 'C#': 3, 'C++': 1, 'JavaScript': 4}",['Innovative'],"['Introverted', 'Indifferent', 'Impulsive']",Yes,Yes,Yes,Pass,Engineering,12099
Elsa Hallgarth,27/03/2019,"{'Python': 3, 'C#': 4, 'Java': 2, 'SPSS': 2}","['Consistent', 'Altruism']",['Selfish'],Yes,Yes,Yes,Fail,Business,12100
Evin Bennallck,19/03/2019,"{'C#': 2, 'Java': 5, 'Ruby': 1}","['Ambitious', 'Passionate', 'Efficient']","['Chatty', 'Stubborn', 'Impatient']",Yes,Yes,Yes,Pass,Data,12101
Elfreda Colomb,06/03/2019,"{'Java': 2, 'Ruby': 4, 'R': 1, 'SPSS': 5, 'C++': 2, 'JavaScript': 4}","['Altruism', 'Competitive', 'Perfectionism']","['Stubborn', 'Impulsive', 'Critical']",Yes,Yes,Yes,Pass,Data,12102
Pam Hupka,06/03/2019,"{'Python': 5, 'C#': 5, 'R': 4, 'PHP': 4}",['Passionate'],"['Controlling', 'Impulsive']",Yes,Yes,Yes,Pass,Business,12103
Michail Arkle,07/03/2019,"{'Python': 2, 'Java': 7, 'PHP': 4}","['Courteous', 'Collaboration']",['Anxious'],No,Yes,Yes,Fail,Business,12104
Garth Messager,12/03/2019,{'Ruby': 4},"['Competitive', 'Courteous']","['Distracted', 'Chaotic']",Yes,Yes,Yes,Pass,Data,12105
Antoni Sparhawk,13/03/2019,"{'Python': 4, 'Java': 5}","['Curious', 'Versatile']","['Critical', 'Chaotic']",Yes,Yes,Yes,Pass,Engineering,12106
Candida Chilley,07/03/2019,"{'Ruby': 4, 'R': 2, 'SPSS': 6, 'JavaScript': 6}","['Rational', 'Creative', 'Collaboration']",['Undisciplined'],Yes,Yes,Yes,Pass,Data,12107
Eugenie Innocenti,12/03/2019,"{'C#': 3, 'Java': 4, 'SPSS': 3}",['Versatile'],['Conventional'],Yes,Yes,Yes,Pass,Engineering,12108
Almire Vautrey,26/03/2019,"{'Ruby': 2, 'R': 1}","['Altruism', 'Innovative', 'Reliable']","['Chatty', 'Procrastination']",Yes,No,Yes,Fail,Data,12109
Welbie Curgenven,05/03/2019,"{'Ruby': 3, 'R': 4, 'C++': 2}","['Empathy', 'Perfectionism']",['Impulsive'],Yes,Yes,Yes,Pass,Data,12110
Web Segrave,27/03/2019,"{'Python': 3, 'SPSS': 6, 'PHP': 3, 'C++': 5, 'JavaScript': 4}",['Determined'],"['Introverted', 'Chaotic', 'Perfectionist']",Yes,Yes,Yes,Pass,Business,12111
Kellen Brocklebank,06/03/2019,"{'C#': 6, 'Java': 1, 'Ruby': 2, 'SPSS': 2, 'C++': 2}","['Rational', 'Creative']",['Controlling'],Yes,No,Yes,Fail,Data,12112
Doralynne Torricina,12/03/2019,"{'Java': 2, 'SPSS': 3, 'PHP': 4, 'C++': 3, 'JavaScript': 2}","['Ambitious', 'Versatile']","['Immature', 'Perfectionist']",Yes,Yes,Yes,Pass,Business,12113
Cymbre Reuben,20/03/2019,"{'Java': 4, 'SPSS': 4, 'PHP': 2}","['Listening', 'Organisation']","['Immature', 'Critical', 'Impatient']",Yes,Yes,Yes,Pass,Business,12114
Nicholas Welbeck,21/03/2019,{'PHP': 1},['Creative'],"['Controlling', 'Introverted', 'Impulsive']",Yes,Yes,Yes,Pass,Engineering,12115
Agosto Meaddowcroft,05/03/2019,"{'R': 2, 'SPSS': 1, 'PHP': 3, 'C++': 1, 'JavaScript': 2}","['Composure', 'Determined']",['Intolerant'],Yes,Yes,Yes,Pass,Business,12116
Ezekiel Lemerie,19/03/2019,"{'SPSS': 2, 'PHP': 6, 'C++': 4}","['Problem Solving', 'Perfectionism']",['Chatty'],No,Yes,Yes,Fail,Data,12117
Tiphany Gribben,05/03/2019,"{'Python': 2, 'C#': 5, 'R': 5, 'JavaScript': 1}","['Composure', 'Independent']","['Impatient', 'Procrastination', 'Immature']",Yes,Yes,Yes,Pass,Business,12118
Julina Hartles,19/03/2019,"{'Java': 3, 'R': 4, 'SPSS': 1}","['Reliable', 'Listening', 'Organisation']","['Intolerant', 'Introverted', 'Impatient']",Yes,No,Yes,Fail,Engineering,12119
Ashley Fitzharris,07/03/2019,"{'R': 2, 'JavaScript': 3}","['Ambitious', 'Courteous', 'Determined']","['Passive', 'Impulsive', 'Sensitive']",Yes,No,Yes,Fail,Engineering,12120
Sallie Mcnair,21/03/2019,{'SPSS': 4},"['Passionate', 'Composure', 'Ambitious']","['Selfish', 'Passive', 'Immature']",Yes,Yes,Yes,Pass,Data,12121
Rudy Davidde,26/03/2019,,"['Determined', 'Courteous']","['Overbearing', 'Selfish', 'Passive']",Yes,Yes,Yes,Pass,Business,12122
Dyna Tallboy,06/03/2019,"{'C#': 1, 'Java': 1}","['Creative', 'Innovative', 'Passionate']","['Immature', 'Intolerant', 'Stubborn']",No,No,Yes,Fail,Business,12123
Vincenz Mcgeown,06/03/2019,"{'Python': 4, 'C#': 3, 'Java': 6, 'SPSS': 6, 'PHP': 2, 'C++': 4}","['Efficient', 'Innovative']",['Competitive'],Yes,No,Yes,Fail,Business,12124
Jeannette Bazelle,14/03/2019,"{'C#': 3, 'Java': 3, 'R': 4}","['Charisma', 'Versatile', 'Ambitious']",['Competitive'],Yes,No,Yes,Fail,Data,12125
Rennie Kennsley,05/03/2019,"{'Ruby': 1, 'JavaScript': 2}",['Problem Solving'],"['Chatty', 'Indifferent', 'Passive']",Yes,Yes,Yes,Pass,Business,12126
Corbie Hinchshaw,20/03/2019,"{'Python': 2, 'C#': 3, 'R': 2, 'PHP': 1, 'JavaScript': 4}","['Collaboration', 'Critical Thinking', 'Rational']",['Overbearing'],Yes,Yes,Yes,Pass,Business,12127
Matthaeus Stickens,05/03/2019,"{'Java': 3, 'Ruby': 3}","['Critical Thinking', 'Altruism', 'Passionate']","['Sensitive', 'Controlling', 'Chatty']",Yes,Yes,Yes,Pass,Engineering,12128
Vinson Fooks,06/03/2019,"{'C#': 1, 'Java': 5, 'Ruby': 2, 'C++': 6}","['Determined', 'Empathy', 'Curious']","['Controlling', 'Impatient', 'Critical']",Yes,Yes,Yes,Pass,Business,12129
Jacquelin Clampin,05/03/2019,,"['Competitive', 'Critical Thinking']","['Intolerant', 'Impatient', 'Passive']",Yes,Yes,Yes,Pass,Engineering,12130
Page Roubay,07/03/2019,"{'Python': 3, 'R': 6, 'SPSS': 4, 'C++': 2, 'JavaScript': 8}","['Critical Thinking', 'Independent']",['Indecisive'],Yes,Yes,Yes,Fail,Engineering,12131
Phylys Flory,27/03/2019,"{'Python': 3, 'C#': 3, 'Java': 2, 'Ruby': 4, 'SPSS': 1, 'PHP': 1}","['Critical Thinking', 'Versatile']","['Distracted', 'Competitive']",Yes,Yes,No,Fail,Business,12132
Raul Airlie,26/03/2019,"{'Python': 3, 'C#': 2, 'Java': 4, 'Ruby': 4, 'R': 3, 'SPSS': 1, 'PHP': 3, 'JavaScript': 2}",['Determined'],"['Procrastination', 'Immature', 'Perfectionist']",Yes,No,No,Fail,Business,12133
Danella Munton,07/03/2019,{'R': 1},"['Creative', 'Determined']","['Distracted', 'Controlling']",Yes,Yes,Yes,Fail,Business,12134
Frannie Doby,05/03/2019,{'C#': 4},"['Passionate', 'Listening']",['Chatty'],Yes,Yes,Yes,Pass,Engineering,12135
Zonda Babbidge,07/03/2019,"{'PHP': 2, 'C++': 4}","['Independent', 'Collaboration', 'Listening']","['Passive', 'Chatty', 'Sensitive']",Yes,Yes,Yes,Pass,Business,12136
Cleve Craigs,26/03/2019,"{'R': 1, 'SPSS': 2, 'PHP': 2, 'JavaScript': 3}","['Organisation', 'Competitive', 'Patient']","['Sensitive', 'Competitive']",No,Yes,No,Fail,Data,12137
Micky Mccaskell,06/03/2019,"{'Python': 1, 'Ruby': 1, 'SPSS': 1}","['Competitive', 'Independent']","['Conventional', 'Indecisive', 'Competitive']",Yes,Yes,No,Fail,Business,12138
Jesse Tiron,05/03/2019,"{'Python': 1, 'Java': 1, 'R': 1, 'C++': 2}",['Independent'],"['Impatient', 'Overbearing', 'Distracted']",Yes,Yes,Yes,Pass,Business,12139
Keeley Osburn,27/03/2019,"{'C#': 1, 'SPSS': 2, 'C++': 2}","['Determined', 'Curious']","['Anxious', 'Indifferent']",Yes,Yes,Yes,Fail,Engineering,12140
Woodie Reely,20/03/2019,"{'C#': 5, 'Ruby': 3, 'SPSS': 3, 'PHP': 3, 'C++': 2}",['Efficient'],"['Indecisive', 'Procrastination', 'Chatty']",Yes,Yes,Yes,Pass,Business,12141
Shelia Beadles,21/03/2019,"{'Java': 1, 'Ruby': 5, 'R': 3, 'C++': 3, 'JavaScript': 5}","['Perfectionism', 'Patient']",['Chatty'],Yes,Yes,Yes,Pass,Engineering,12142
Charo Lorent,27/03/2019,"{'Python': 1, 'Java': 2, 'Ruby': 3, 'C++': 1, 'JavaScript': 4}","['Organisation', 'Rational', 'Listening']",['Impatient'],Yes,Yes,Yes,Pass,Business,12143
Cary Edwicke,28/03/2019,{'C#': 3},['Organisation'],['Anxious'],Yes,Yes,Yes,Pass,Engineering,12144
Randi Tomkowicz,20/03/2019,"{'C#': 3, 'Java': 4, 'Ruby': 4, 'R': 2, 'JavaScript': 1}",['Reliable'],['Impulsive'],Yes,Yes,Yes,Pass,Engineering,12145
Stacey De Vuyst,27/03/2019,{'C#': 1},['Rational'],"['Sensitive', 'Slow']",Yes,Yes,Yes,Pass,Business,12146
Gayle Vinsen,06/03/2019,"{'Python': 1, 'R': 2}","['Organisation', 'Listening']","['Impulsive', 'Controlling', 'Chatty']",Yes,Yes,Yes,Pass,Business,12147
Myrlene Olyfant,27/03/2019,"{'Python': 1, 'Ruby': 6, 'R': 4, 'SPSS': 4, 'C++': 4}",['Listening'],['Anxious'],Yes,Yes,Yes,Pass,Business,12148
Karina Andrejevic,13/03/2019,"{'C#': 6, 'Ruby': 2, 'JavaScript': 2}","['Ambitious', 'Listening']",['Indecisive'],No,No,Yes,Fail,Data,12149
Sher Biesinger,19/03/2019,"{'Python': 5, 'C#': 7}","['Reliable', 'Empathy']","['Procrastination', 'Slow', 'Critical']",Yes,Yes,Yes,Pass,Engineering,12150
Gladys Roote,06/03/2019,"{'Python': 2, 'C#': 1, 'Ruby': 4, 'SPSS': 3, 'C++': 3, 'JavaScript': 3}","['Versatile', 'Curious', 'Altruism']",['Passive'],Yes,Yes,Yes,Pass,Business,12151
Sheffield Furzer,19/03/2019,"{'Python': 2, 'Java': 2, 'R': 3, 'JavaScript': 5}","['Creative', 'Listening', 'Innovative']","['Selfish', 'Chaotic', 'Critical']",Yes,Yes,Yes,Pass,Engineering,12152
Danielle Absolom,19/03/2019,"{'Java': 2, 'SPSS': 4}",['Listening'],"['Slow', 'Distracted', 'Undisciplined']",Yes,Yes,Yes,Pass,Engineering,12153
Fowler Crewdson,12/03/2019,"{'SPSS': 7, 'PHP': 4, 'JavaScript': 3}",['Passionate'],['Stubborn'],Yes,Yes,Yes,Pass,Business,12154
Kaylil Gissing,13/03/2019,"{'Ruby': 5, 'R': 1, 'C++': 2, 'JavaScript': 6}",['Consistent'],"['Passive', 'Intolerant']",No,Yes,Yes,Fail,Business,12155
Johnny Shea,05/03/2019,"{'Ruby': 3, 'SPSS': 5, 'C++': 1}","['Empathy', 'Passionate']","['Controlling', 'Distracted']",Yes,Yes,Yes,Pass,Business,12156
Jill Pawelec,26/03/2019,"{'R': 5, 'SPSS': 1, 'JavaScript': 3}",['Innovative'],['Sensitive'],Yes,Yes,Yes,Fail,Engineering,12157
Olenolin Wressell,26/03/2019,"{'R': 1, 'SPSS': 2}",['Rational'],['Distracted'],No,No,Yes,Fail,Data,12158
Lelah Nisot,21/03/2019,"{'C#': 2, 'Java': 6}",['Empathy'],['Chatty'],Yes,Yes,Yes,Pass,Data,12159
Durant Dell 'Orto,28/03/2019,"{'Python': 3, 'C#': 2, 'SPSS': 3}","['Reliable', 'Collaboration']",['Controlling'],Yes,Yes,Yes,Fail,Data,12160
Gabby Neilson,13//03/2019,"{'C#': 7, 'Java': 2, 'R': 2, 'SPSS': 1, 'C++': 1, 'JavaScript': 5}","['Reliable', 'Creative']","['Sensitive', 'Undisciplined', 'Passive']",Yes,Yes,Yes,Pass,Engineering,12161
Tobi Short,06/03/2019,"{'C#': 3, 'R': 3}","['Creative', 'Collaboration']",['Sensitive'],Yes,Yes,Yes,Pass,Data,12162
Riannon Sibylla,20/03/2019,"{'C#': 1, 'Java': 4}","['Efficient', 'Composure']","['Critical', 'Perfectionist', 'Undisciplined']",Yes,Yes,Yes,Pass,Engineering,12163
Tommie Hammerman,19/03/2019,"{'Python': 2, 'C#': 2, 'Java': 2, 'R': 2}","['Competitive', 'Composure', 'Perfectionism']",['Competitive'],Yes,Yes,No,Fail,Engineering,12164
Anton Isaacs,13/03/2019,"{'C#': 5, 'R': 2, 'PHP': 1, 'C++': 1}","['Innovative', 'Charisma']",['Chaotic'],Yes,Yes,Yes,Fail,Data,12165
Winne Kelloch,13/03/2019,"{'C#': 2, 'Java': 3, 'PHP': 2}",['Listening'],['Critical'],Yes,No,Yes,Fail,Engineering,12166
Althea Kopelman,26/03/2019,"{'Java': 5, 'Ruby': 5, 'R': 6, 'JavaScript': 1}","['Organisation', 'Ambitious', 'Curious']","['Immature', 'Selfish']",Yes,Yes,Yes,Pass,Engineering,12167
Barde Mcgeneay,14/03/2019,"{'C#': 3, 'Java': 1, 'JavaScript': 3}",['Independent'],"['Overbearing', 'Anxious']",Yes,Yes,Yes,Fail,Business,12168
Reg Mcreynold,05/03/2019,"{'C#': 2, 'Ruby': 4, 'R': 6, 'C++': 5, 'JavaScript': 2}",['Collaboration'],"['Critical', 'Overbearing', 'Undisciplined']",Yes,Yes,Yes,Pass,Data,12169
Ania Silver,19/03/2019,"{'Python': 2, 'Ruby': 1, 'C++': 1}",['Critical Thinking'],['Chatty'],Yes,No,Yes,Fail,Engineering,12170
Chilton Fridaye,07/03/2019,"{'Python': 5, 'C#': 2, 'Ruby': 1, 'PHP': 3}",['Patient'],['Indecisive'],Yes,No,Yes,Fail,Business,12171
Gae Crutch,07/03/2019,"{'C#': 2, 'R': 2}","['Organisation', 'Curious', 'Reliable']",['Introverted'],Yes,Yes,Yes,Pass,Business,12172
Port Taylot,21/03/2019,"{'Ruby': 2, 'R': 2}","['Consistent', 'Curious']","['Perfectionist', 'Distracted', 'Impatient']",Yes,Yes,No,Fail,Business,12173
Cirilo Worley,14/03/2019,"{'Java': 4, 'R': 6}","['Versatile', 'Determined']","['Competitive', 'Immature']",Yes,Yes,Yes,Pass,Engineering,12174
Amelina Posnett,19/03/2019,"{'Python': 2, 'Java': 3, 'SPSS': 1, 'PHP': 2, 'C++': 4, 'JavaScript': 2}","['Empathy', 'Altruism', 'Collaboration']","['Impulsive', 'Slow', 'Distracted']",No,Yes,Yes,Fail,Business,12175
Regan Dyball,27/03/2019,"{'Python': 2, 'Ruby': 6, 'SPSS': 4, 'PHP': 2}","['Ambitious', 'Empathy']","['Passive', 'Perfectionist', 'Indifferent']",Yes,Yes,Yes,Pass,Engineering,12176
Frazer Trahmel,14/03/2019,"{'Java': 2, 'SPSS': 6, 'C++': 5, 'JavaScript': 1}",['Patient'],['Introverted'],Yes,Yes,Yes,Fail,Data,12177
Ashley Fudge,19/03/2019,"{'Python': 4, 'Ruby': 1, 'R': 6, 'SPSS': 2, 'C++': 1}",['Empathy'],"['Intolerant', 'Indifferent']",Yes,Yes,Yes,Pass,Engineering,12178
Cherianne Raddon,06/03/2019,"{'C#': 4, 'Java': 3, 'Ruby': 2}","['Courteous', 'Collaboration', 'Rational']","['Impulsive', 'Chatty']",Yes,Yes,Yes,Pass,Data,12179
Cybil Mandrake,27/03/2019,"{'Python': 3, 'C#': 2, 'R': 5, 'JavaScript': 1}","['Rational', 'Independent', 'Reliable']",['Selfish'],Yes,Yes,Yes,Pass,Data,12180
Deerdre Mussard,05/03/2019,"{'Python': 3, 'C#': 5, 'Ruby': 4, 'PHP': 1}","['Versatile', 'Courteous']","['Competitive', 'Impatient']",Yes,Yes,No,Fail,Data,12181
Nadia Wheelton,19/03/2019,"{'C#': 1, 'JavaScript': 3}","['Versatile', 'Critical Thinking', 'Competitive']",['Perfectionist'],Yes,Yes,Yes,Pass,Data,12182
Bella Tarbox,12/03/2019,"{'Ruby': 3, 'R': 1, 'SPSS': 4}","['Consistent', 'Courteous', 'Listening']",['Impulsive'],Yes,Yes,Yes,Pass,Engineering,12183
Agustin Craine,21/03/2019,"{'C#': 6, 'SPSS': 1, 'C++': 3}",['Innovative'],"['Indifferent', 'Impulsive']",Yes,Yes,Yes,Pass,Data,12184
Allene Hand,13/03/2019,"{'Python': 2, 'C#': 5, 'Java': 2, 'R': 4, 'SPSS': 2, 'C++': 4}",['Innovative'],"['Controlling', 'Indecisive', 'Distracted']",Yes,Yes,Yes,Pass,Business,12185
Gearard Slegg,19/03/2019,"{'Ruby': 2, 'SPSS': 2, 'C++': 1, 'JavaScript': 3}",['Organisation'],['Chatty'],Yes,Yes,Yes,Pass,Business,12186
Dick Rubinshtein,19/03/2019,"{'SPSS': 2, 'C++': 3}","['Altruism', 'Ambitious', 'Consistent']",['Indecisive'],Yes,Yes,No,Fail,Engineering,12187
Dick Rubinshtein,19/03/2019,"{'SPSS': 2, 'C++': 3}","['Altruism', 'Ambitious', 'Consistent']",['Indecisive'],Yes,Yes,No,Fail,Engineering,12188
Phineas Purton,05/03/2019,"{'Python': 1, 'R': 4, 'PHP': 2}","['Problem Solving', 'Innovative']","['Overbearing', 'Indecisive']",Yes,Yes,No,Fail,Engineering,12189
Carly Rogge,28/03/2019,"{'Java': 1, 'C++': 2}",['Ambitious'],['Critical'],Yes,Yes,Yes,Pass,Engineering,12190
Gaylord Alleway,06/03/2019,"{'C#': 1, 'C++': 2}","['Perfectionism', 'Efficient', 'Creative']","['Chaotic', 'Indifferent']",Yes,Yes,Yes,Pass,Engineering,12191
Dre Southerton,26/03/2019,"{'C#': 1, 'Java': 4, 'PHP': 3}",['Perfectionism'],"['Anxious', 'Controlling', 'Indifferent']",Yes,Yes,No,Fail,Data,12192
Mame Kneaphsey,28/03/2019,"{'Ruby': 2, 'R': 5, 'C++': 1}","['Listening', 'Charisma']","['Competitive', 'Critical']",Yes,Yes,Yes,Pass,Business,12193
Elfrida Enden,13/03/2019,{'C#': 2},"['Empathy', 'Perfectionism']","['Sensitive', 'Selfish', 'Immature']",Yes,Yes,Yes,Pass,Engineering,12194
Rustie Cormode,13/03/2019,"{'C#': 4, 'Java': 3, 'SPSS': 3, 'JavaScript': 2}",['Reliable'],"['Selfish', 'Stubborn']",Yes,Yes,Yes,Pass,Engineering,12195
Quincey Gayle,20/03/2019,{'Python': 3},['Charisma'],"['Controlling', 'Competitive']",Yes,Yes,Yes,Pass,Engineering,12196
Rosita Cabel,07/03/2019,"{'Python': 2, 'C#': 1, 'JavaScript': 1}",['Charisma'],"['Immature', 'Procrastination']",Yes,Yes,Yes,Pass,Data,12197
Des Tomovic,13/03/2019,"{'Python': 4, 'R': 1, 'SPSS': 2, 'PHP': 1}",['Consistent'],['Chatty'],Yes,Yes,No,Fail,Business,12198
Artair Rois,20/03/2019,"{'C#': 3, 'R': 4, 'C++': 2}","['Perfectionism', 'Listening', 'Versatile']","['Chatty', 'Anxious', 'Introverted']",Yes,Yes,Yes,Pass,Engineering,12199
Glenn Coaker,28/03/2019,"{'C#': 3, 'Java': 4, 'R': 4, 'PHP': 2, 'C++': 2, 'JavaScript': 2}","['Charisma', 'Determined', 'Consistent']","['Introverted', 'Chaotic', 'Undisciplined']",Yes,Yes,Yes,Pass,Engineering,12200
Artair Cartman,19/03/2019,"{'C#': 1, 'Java': 5, 'Ruby': 4, 'SPSS': 3, 'PHP': 1}","['Innovative', 'Ambitious']","['Competitive', 'Selfish', 'Sensitive']",Yes,Yes,Yes,Pass,Engineering,12201
Lynea Heustice,06/03/2019,{'Python': 3},['Rational'],"['Overbearing', 'Sensitive']",Yes,Yes,Yes,Pass,Business,12202
Neal Ginglell,26/03/2019,{'C#': 2},['Patient'],"['Distracted', 'Indifferent', 'Controlling']",Yes,Yes,Yes,Pass,Engineering,12203
Cello Durrand,12/03/2019,"{'Python': 1, 'C#': 1, 'Ruby': 3, 'R': 3, 'PHP': 1}",['Altruism'],"['Indecisive', 'Intolerant', 'Introverted']",Yes,No,Yes,Fail,Business,12204
Yance Grenfell,28/03/2019,"{'Python': 6, 'Java': 1, 'Ruby': 3, 'C++': 2}",['Creative'],['Introverted'],Yes,Yes,Yes,Fail,Business,12205
L;Urette Daveley,12/03/2019,"{'Java': 6, 'Ruby': 3, 'JavaScript': 5}","['Passionate', 'Altruism']",['Passive'],Yes,Yes,Yes,Pass,Engineering,12206
Rozanne Burhouse,27/03/2019,{'Java': 1},"['Passionate', 'Innovative', 'Ambitious']","['Anxious', 'Chaotic']",Yes,No,Yes,Fail,Data,12207
Emily Yon,26/03/2019,"{'Python': 1, 'Java': 5, 'Ruby': 2, 'R': 4, 'SPSS': 5}","['Collaboration', 'Ambitious']","['Controlling', 'Chaotic']",No,Yes,Yes,Fail,Business,12208
Emily Yon,26/03/2019,"{'Python': 1, 'Java': 5, 'Ruby': 2, 'R': 4, 'SPSS': 5}","['Collaboration', 'Ambitious']","['Controlling', 'Chaotic']",No,Yes,Yes,Fail,Business,12209
Lemmie Wylam,07/03/2019,"{'Java': 3, 'R': 4, 'PHP': 1, 'JavaScript': 2}",['Curious'],['Competitive'],Yes,Yes,No,Fail,Business,12210
Mattias Blanpein,19/03/2019,"{'Python': 4, 'C#': 3, 'C++': 1}","['Collaboration', 'Listening', 'Versatile']","['Undisciplined', 'Passive', 'Controlling']",Yes,Yes,Yes,Fail,Business,12211
Adelbert Verrick,27/03/2019,{'Java': 6},"['Problem Solving', 'Ambitious']","['Indecisive', 'Intolerant']",Yes,Yes,Yes,Pass,Business,12212
Jaymee Riden,19/03/2019,"{'Python': 7, 'SPSS': 4, 'C++': 3, 'JavaScript': 2}","['Perfectionism', 'Composure']",['Stubborn'],Yes,Yes,Yes,Pass,Engineering,12213
Melinda Ocklin,21/03/2019,"{'Java': 1, 'SPSS': 3}",['Ambitious'],"['Sensitive', 'Undisciplined']",Yes,Yes,Yes,Pass,Data,12214
Estele Prester,20/03/2019,"{'Python': 2, 'C#': 2, 'Java': 3, 'SPSS': 1}","['Courteous', 'Passionate']","['Chatty', 'Immature']",Yes,Yes,Yes,Pass,Business,12215
Stern Ashfull,13/03/2019,"{'Python': 1, 'C#': 6, 'SPSS': 1, 'JavaScript': 4}","['Rational', 'Creative']","['Impulsive', 'Distracted']",Yes,Yes,Yes,Pass,Business,12216
Franzen Iddy,20/03/2019,"{'Python': 4, 'Java': 3, 'JavaScript': 2}",['Efficient'],['Indecisive'],Yes,Yes,Yes,Pass,Engineering,12217
Ashlie Siveter,26/03/2019,{'Python': 8},"['Empathy', 'Creative']","['Passive', 'Anxious']",Yes,Yes,Yes,Pass,Data,12218
Maxwell Fadell,26/03/2019,{'C#': 7},['Perfectionism'],['Procrastination'],Yes,Yes,Yes,Pass,Engineering,12219
Ofelia Crow,28/03/2019,"{'C#': 1, 'C++': 5}",['Empathy'],"['Impatient', 'Procrastination', 'Stubborn']",Yes,Yes,Yes,Pass,Data,12220
Neely Aleksich,28/03/2019,"{'Python': 2, 'R': 3, 'C++': 6}",['Courteous'],"['Impulsive', 'Competitive']",No,Yes,Yes,Fail,Engineering,12221
Hobart Caldeyroux,26/03/2019,"{'Python': 6, 'C#': 3}","['Organisation', 'Determined']","['Indecisive', 'Overbearing']",Yes,Yes,Yes,Pass,Business,12222
Jeffy Dudding,13/03/2019,"{'Java': 3, 'PHP': 1, 'C++': 8, 'JavaScript': 1}",['Altruism'],"['Intolerant', 'Chaotic', 'Indifferent']",Yes,Yes,Yes,Pass,Data,12223
Lauren Bister,20/03/2019,"{'Ruby': 3, 'PHP': 3, 'C++': 4}","['Perfectionism', 'Patient']",['Perfectionist'],Yes,Yes,Yes,Pass,Business,12224
Bowie Nolton,07/03/2019,"{'C#': 5, 'Java': 3, 'R': 5}","['Creative', 'Charisma', 'Curious']","['Introverted', 'Chatty']",Yes,Yes,Yes,Pass,Data,12225
Maurine Vedenyakin,13/03/2019,"{'C#': 3, 'R': 4, 'PHP': 2}","['Critical Thinking', 'Reliable']","['Stubborn', 'Impulsive', 'Anxious']",No,Yes,No,Fail,Data,12226
Vannie Hounsome,05/03/2019,,"['Independent', 'Competitive', 'Rational']","['Chatty', 'Impulsive', 'Conventional']",Yes,Yes,No,Fail,Data,12227
Tye Klejna,21/05/2019,"{'Python': 2, 'Ruby': 5, 'JavaScript': 2}",['Competitive'],"['Passive', 'Perfectionist', 'Anxious']",No,Yes,Yes,Fail,Engineering,12228
Katya Curtois,21/05/2019,"{'Java': 1, 'JavaScript': 1}","['Perfectionism', 'Consistent', 'Critical Thinking']",['Chaotic'],Yes,Yes,Yes,Pass,Engineering,12229
Laurella Daintrey,07/05/2019,"{'Python': 9, 'JavaScript': 3}",['Perfectionism'],['Slow'],Yes,No,Yes,Fail,Data,12230
Worthington Stollenwerck,22/05/2019,"{'Python': 3, 'C#': 2, 'JavaScript': 3}",['Collaboration'],['Intolerant'],Yes,Yes,Yes,Pass,Engineering,12231
Hartwell Candwell,28/05/2019,"{'R': 5, 'SPSS': 2, 'C++': 3, 'JavaScript': 4}","['Problem Solving', 'Ambitious']","['Procrastination', 'Immature']",Yes,Yes,Yes,Pass,Business,12232
Loree Hinkens,01/05/2019,,"['Reliable', 'Organisation']","['Undisciplined', 'Slow', 'Anxious']",No,Yes,Yes,Fail,Data,12233
Bernadette O' Timony,23/05/2019,"{'Python': 1, 'Java': 2, 'Ruby': 5, 'R': 4, 'SPSS': 5, 'C++': 2}","['Empathy', 'Passionate', 'Courteous']","['Impatient', 'Introverted', 'Passive']",Yes,Yes,Yes,Pass,Business,12234
Andrei Musslewhite,16/05/2019,"{'C#': 2, 'Java': 2, 'R': 4, 'SPSS': 9, 'PHP': 1}",['Courteous'],"['Indifferent', 'Chaotic', 'Introverted']",Yes,Yes,Yes,Pass,Data,12235
Nata Bohman,30/05/2019,"{'C#': 2, 'Java': 4, 'C++': 5, 'JavaScript': 1}","['Creative', 'Efficient']","['Controlling', 'Impatient']",Yes,No,No,Fail,Engineering,12236
Kellie Tanguy,08/05/2019,"{'C#': 3, 'PHP': 4, 'JavaScript': 1}","['Independent', 'Perfectionism', 'Courteous']","['Procrastination', 'Conventional', 'Impatient']",Yes,Yes,Yes,Pass,Engineering,12237
Shurlocke Cringle,21/05/2019,"{'Java': 5, 'R': 1, 'SPSS': 5, 'JavaScript': 3}",['Altruism'],['Chatty'],Yes,Yes,Yes,Pass,Data,12238
Eden Goodboddy,08/05/2019,"{'Java': 3, 'SPSS': 5}","['Versatile', 'Efficient', 'Critical Thinking']","['Impulsive', 'Perfectionist']",Yes,Yes,Yes,Pass,Data,12239
Omar Bromilow,07/05/2019,"{'Python': 1, 'C#': 3, 'Ruby': 3, 'JavaScript': 1}","['Rational', 'Patient', 'Problem Solving']","['Indecisive', 'Undisciplined', 'Stubborn']",No,No,Yes,Fail,Engineering,12240
Jaquenetta Catonne,14/05/2019,"{'Java': 1, 'R': 5, 'SPSS': 2, 'JavaScript': 5}","['Innovative', 'Patient', 'Determined']",['Perfectionist'],Yes,Yes,Yes,Pass,Data,12241
Vilhelmina Kissell,16/05/2019,"{'Python': 3, 'R': 3}","['Rational', 'Independent']",['Critical'],Yes,Yes,Yes,Pass,Engineering,12242
Bibi Mastrantone,09/05/2019,"{'C#': 5, 'PHP': 1, 'C++': 1}",['Courteous'],"['Impulsive', 'Slow']",Yes,Yes,Yes,Pass,Business,12243
Brittany Mccluskey,23/05/2019,"{'Java': 6, 'C++': 4}",['Courteous'],"['Undisciplined', 'Impatient', 'Controlling']",No,Yes,Yes,Fail,Data,12244
Timmi Warr,23/05/2019,"{'Java': 3, 'Ruby': 5, 'C++': 1, 'JavaScript': 2}","['Curious', 'Collaboration', 'Consistent']","['Intolerant', 'Competitive']",Yes,Yes,Yes,Pass,Engineering,12245
Laurel Ebbers,29/05/2019,"{'C#': 5, 'Java': 3, 'Ruby': 4, 'SPSS': 6}",['Critical Thinking'],['Competitive'],Yes,Yes,Yes,Pass,Engineering,12246
Fax Schankelborg,07/05/2019,"{'Python': 3, 'Java': 1, 'R': 3, 'SPSS': 3}","['Problem Solving', 'Determined']",['Intolerant'],Yes,Yes,Yes,Pass,Engineering,12247
Nickolas Fears,08/05/2019,"{'C#': 2, 'SPSS': 1, 'C++': 3, 'JavaScript': 2}","['Curious', 'Independent']","['Chatty', 'Perfectionist', 'Sensitive']",Yes,Yes,Yes,Pass,Data,12248
Ardys Ruppele,29/05/2019,"{'C#': 4, 'Java': 4, 'R': 3, 'SPSS': 5, 'PHP': 1, 'JavaScript': 2}","['Problem Solving', 'Altruism']","['Selfish', 'Sensitive']",No,Yes,Yes,Fail,Engineering,12249
Dallas Sheekey,23/05/2019,"{'C#': 4, 'SPSS': 4, 'C++': 4}",['Consistent'],"['Sensitive', 'Impulsive', 'Anxious']",Yes,Yes,Yes,Pass,Engineering,12250
Cello Ricioppo,14/05/2019,"{'Python': 4, 'SPSS': 5, 'PHP': 1}",['Perfectionism'],['Controlling'],Yes,Yes,Yes,Fail,Data,12251
Bennie Latan,30/05/2019,"{'Java': 3, 'Ruby': 4, 'R': 4, 'C++': 4, 'JavaScript': 2}","['Creative', 'Composure', 'Curious']",['Sensitive'],Yes,No,Yes,Fail,Engineering,12252
Standford Brewitt,16/05/2019,"{'Python': 4, 'C#': 3, 'Ruby': 1, 'R': 4, 'C++': 1}","['Competitive', 'Collaboration', 'Rational']","['Perfectionist', 'Immature', 'Sensitive']",Yes,Yes,Yes,Pass,Data,12253
Cristin Screas,21/05/2019,"{'Python': 1, 'Java': 3, 'SPSS': 5, 'C++': 4}","['Collaboration', 'Versatile']","['Sensitive', 'Chatty', 'Perfectionist']",Yes,Yes,Yes,Pass,Data,12254
Florina Sudlow,29/05/2019,"{'Java': 5, 'PHP': 1}",['Empathy'],['Anxious'],Yes,Yes,Yes,Pass,Business,12255
Maxi Macgaughey,15/05/2019,"{'Python': 3, 'Java': 2, 'Ruby': 2, 'R': 1, 'PHP': 1}",['Critical Thinking'],['Indifferent'],Yes,Yes,Yes,Pass,Engineering,12256
Artemas Bewlay,08/05/2019,{'JavaScript': 1},"['Collaboration', 'Passionate']","['Immature', 'Slow']",Yes,Yes,Yes,Pass,Data,12257
Morse Joly,22/05/2019,"{'Python': 4, 'C#': 1, 'Java': 2, 'R': 4, 'SPSS': 5, 'PHP': 2, 'JavaScript': 1}","['Courteous', 'Innovative', 'Passionate']","['Conventional', 'Anxious', 'Perfectionist']",Yes,Yes,Yes,Pass,Engineering,12258
Albie Romanski,07/05/2019,"{'Python': 2, 'Java': 6, 'Ruby': 6, 'C++': 5}",['Versatile'],['Intolerant'],Yes,Yes,Yes,Pass,Business,12259
Winnifred Hingeley,07/05/2019,{'Java': 2},"['Creative', 'Consistent', 'Composure']","['Chaotic', 'Chatty', 'Passive']",No,Yes,Yes,Fail,Engineering,12260
Liane Lorente,29/05/2019,"{'C#': 3, 'R': 1, 'C++': 6, 'JavaScript': 4}",['Critical Thinking'],['Overbearing'],Yes,Yes,Yes,Pass,Engineering,12261
Brendin Curran,21/05/2019,"{'Python': 2, 'Java': 1, 'R': 3}","['Determined', 'Innovative']",['Impatient'],Yes,No,Yes,Fail,Business,12262
Shayne St Louis,02/05/2019,"{'Python': 2, 'Ruby': 7, 'JavaScript': 7}",['Perfectionism'],"['Stubborn', 'Impatient', 'Controlling']",Yes,Yes,No,Fail,Data,12263
Ulrika Lemerie,15/05/2019,"{'Ruby': 4, 'PHP': 1, 'C++': 1}","['Listening', 'Altruism', 'Competitive']","['Impulsive', 'Overbearing', 'Perfectionist']",Yes,Yes,Yes,Pass,Business,12264
Micheil Rotlauf,01/05/2019,"{'Ruby': 1, 'JavaScript': 2}","['Patient', 'Critical Thinking']",['Distracted'],Yes,Yes,Yes,Pass,Data,12265
Darbee Goslin,29/05/2019,{'Ruby': 2},['Composure'],"['Stubborn', 'Selfish', 'Impulsive']",Yes,No,Yes,Fail,Engineering,12266
Prisca Ginnally,07/05/2019,"{'Python': 4, 'Java': 2, 'PHP': 3, 'C++': 2}",['Altruism'],"['Introverted', 'Chaotic', 'Impulsive']",Yes,Yes,Yes,Pass,Engineering,12267
Megen Durtnall,08/05/2019,"{'R': 3, 'SPSS': 3, 'C++': 3}","['Creative', 'Charisma']","['Impatient', 'Chaotic']",Yes,Yes,Yes,Pass,Business,12268
Megen Durtnall,08/05/2019,"{'R': 3, 'SPSS': 3, 'C++': 3}","['Creative', 'Charisma']","['Impatient', 'Chaotic']",Yes,Yes,Yes,Pass,Business,12269
Noel Hayland,30/05/2019,"{'C#': 1, 'Ruby': 6, 'R': 1, 'JavaScript': 2}","['Composure', 'Collaboration', 'Perfectionism']",['Chaotic'],Yes,Yes,Yes,Pass,Engineering,12270
Clint Gorbell,22/05/2019,"{'C++': 2, 'JavaScript': 5}",['Courteous'],['Introverted'],Yes,No,Yes,Fail,Business,12271
Judas Espadero,09/05/2019,"{'Java': 3, 'R': 3, 'SPSS': 3, 'PHP': 3}","['Determined', 'Reliable', 'Courteous']","['Slow', 'Impatient', 'Sensitive']",Yes,Yes,Yes,Pass,Data,12272
Berri Cocklin,14/05/2019,"{'C#': 5, 'R': 2}",['Problem Solving'],['Critical'],No,Yes,Yes,Fail,Engineering,12273
Wolfie Showers,23/05/2019,"{'Java': 2, 'SPSS': 2}","['Composure', 'Altruism']","['Anxious', 'Slow', 'Indifferent']",Yes,Yes,Yes,Pass,Business,12274
Dion Pavlasek,15/05/2019,"{'C#': 4, 'Java': 2, 'SPSS': 2}","['Problem Solving', 'Collaboration', 'Altruism']","['Immature', 'Distracted']",Yes,Yes,No,Fail,Data,12275
Timmy Benzies,02/05/2019,"{'C#': 3, 'Java': 4, 'Ruby': 4, 'R': 2, 'PHP': 4, 'JavaScript': 7}",['Ambitious'],['Introverted'],No,Yes,Yes,Fail,Engineering,12276
Shepherd Aliman,09/05/2019,"{'C#': 2, 'SPSS': 3}",['Versatile'],['Impulsive'],No,Yes,Yes,Fail,Business,12277
Angel Matteau,22/05/2019,"{'Python': 2, 'R': 3, 'PHP': 1, 'JavaScript': 4}","['Perfectionism', 'Patient', 'Determined']",['Competitive'],Yes,Yes,Yes,Pass,Business,12278
Granger Carayol,28/05/2019,"{'R': 7, 'SPSS': 4}","['Independent', 'Collaboration', 'Rational']",['Controlling'],Yes,Yes,Yes,Fail,Engineering,12279
Gaven Eckford,23/05/2019,"{'SPSS': 1, 'PHP': 2, 'C++': 2}","['Listening', 'Passionate', 'Reliable']",['Overbearing'],Yes,Yes,Yes,Pass,Business,12280
Nicolea Gibbins,23/05/2019,"{'Python': 4, 'Ruby': 2, 'SPSS': 5, 'C++': 1}","['Versatile', 'Competitive', 'Problem Solving']","['Undisciplined', 'Sensitive']",Yes,Yes,Yes,Pass,Business,12281
Retha Dunnico,01/05/2019,"{'Python': 2, 'C#': 1, 'C++': 4}",['Perfectionism'],['Competitive'],Yes,Yes,No,Fail,Data,12282
Katharina Aleswell,09/05/2019,"{'Python': 9, 'C#': 7, 'Java': 2}","['Courteous', 'Consistent', 'Determined']",['Selfish'],Yes,Yes,Yes,Pass,Engineering,12283
Joshuah Pourveer,14/05/2019,"{'Python': 4, 'R': 1, 'JavaScript': 4}","['Independent', 'Passionate', 'Ambitious']",['Competitive'],Yes,Yes,Yes,Fail,Data,12284
Valentine Brosini,07/05/2019,"{'C#': 1, 'Java': 3, 'PHP': 1}",['Determined'],"['Immature', 'Passive']",Yes,Yes,Yes,Pass,Business,12285
Alfi Mccracken,16/05/2019,"{'Ruby': 1, 'R': 6, 'SPSS': 1}",['Perfectionism'],['Introverted'],Yes,Yes,Yes,Pass,Engineering,12286
Jolene Alyonov,21/05/2019,"{'Ruby': 7, 'SPSS': 4, 'C++': 1}","['Patient', 'Independent', 'Innovative']","['Undisciplined', 'Distracted', 'Competitive']",Yes,Yes,Yes,Pass,Business,12287
Celina Burder,08/05/2019,"{'Python': 2, 'Java': 4, 'JavaScript': 2}","['Determined', 'Listening']","['Indecisive', 'Chatty']",No,Yes,Yes,Fail,Business,12288
Adamo Osment,15/05/2019,{'JavaScript': 4},"['Creative', 'Reliable']","['Procrastination', 'Competitive', 'Anxious']",Yes,Yes,Yes,Pass,Data,12289
Nance Tothe,01/05/2019,"{'C#': 6, 'Java': 1, 'SPSS': 2}","['Ambitious', 'Reliable']","['Introverted', 'Controlling']",Yes,Yes,Yes,Pass,Data,12290
Adlai Gahagan,29/05/2019,"{'Python': 4, 'SPSS': 3}","['Consistent', 'Rational']","['Critical', 'Chatty']",Yes,Yes,Yes,Pass,Business,12291
Blayne Jenne,29/05/2019,"{'Python': 3, 'Java': 2, 'JavaScript': 2}","['Versatile', 'Organisation']",['Anxious'],Yes,Yes,Yes,Pass,Business,12292
Wren O'Curran,21/05/2019,{'Python': 1},"['Independent', 'Efficient']",['Procrastination'],Yes,Yes,Yes,Pass,Data,12293
Pansy Tranckle,29/05/2019,"{'Java': 5, 'SPSS': 4, 'C++': 3}",['Versatile'],"['Immature', 'Anxious', 'Impulsive']",No,Yes,Yes,Fail,Engineering,12294
Niven Ransbury,22/05/2019,"{'Java': 4, 'PHP': 2, 'C++': 4}","['Charisma', 'Empathy']","['Distracted', 'Controlling']",No,Yes,Yes,Fail,Business,12295
Jamima Thursby,23/05/2019,"{'Python': 3, 'Java': 4, 'SPSS': 5, 'C++': 3}",['Patient'],"['Competitive', 'Selfish', 'Conventional']",Yes,Yes,Yes,Pass,Engineering,12296
Donica Andreas,01/05/2019,"{'C#': 3, 'JavaScript': 4}",['Innovative'],"['Anxious', 'Indifferent']",Yes,Yes,Yes,Pass,Data,12297
Lawton Redpath,02/05/2019,"{'SPSS': 4, 'PHP': 3, 'JavaScript': 5}","['Determined', 'Organisation']",['Perfectionist'],Yes,Yes,Yes,Pass,Data,12298
Theresina Breckell,02/05/2019,"{'SPSS': 6, 'JavaScript': 4}",['Rational'],"['Impulsive', 'Conventional', 'Competitive']",Yes,Yes,Yes,Pass,Engineering,12299
Merrie Mathon,08/05/2019,"{'Python': 3, 'Java': 2, 'Ruby': 3, 'C++': 6}","['Courteous', 'Independent']",['Perfectionist'],Yes,Yes,Yes,Pass,Business,12300
Gawen Murricanes,30/05/2019,"{'Java': 4, 'Ruby': 3}","['Patient', 'Determined']",['Passive'],No,Yes,No,Fail,Data,12301
Alfi Janku,15/05/2019,"{'Java': 4, 'R': 2, 'JavaScript': 1}",['Innovative'],"['Procrastination', 'Anxious']",Yes,Yes,Yes,Pass,Data,12302
Yuma Henrion,29/05/2019,"{'Python': 1, 'Ruby': 1, 'R': 2, 'SPSS': 5, 'C++': 5}","['Altruism', 'Curious', 'Problem Solving']","['Passive', 'Indecisive']",Yes,Yes,No,Fail,Engineering,12303
Lise Ogilvie,09/05/2019,"{'Java': 3, 'Ruby': 5, 'R': 4, 'PHP': 2, 'JavaScript': 3}",['Composure'],"['Conventional', 'Impatient', 'Intolerant']",Yes,Yes,Yes,Pass,Business,12304
Rollins Dalgardno,09/05/2019,"{'C#': 4, 'PHP': 2}",['Determined'],"['Anxious', 'Perfectionist', 'Controlling']",Yes,Yes,Yes,Pass,Data,12305
Fifine Wreight,07/05/2019,"{'Python': 5, 'C#': 1, 'Ruby': 4, 'C++': 4}",['Perfectionism'],['Chatty'],Yes,Yes,Yes,Pass,Engineering,12306
Free Nicholes,07/05/2019,"{'Python': 2, 'C#': 1, 'SPSS': 3, 'JavaScript': 4}",['Critical Thinking'],"['Perfectionist', 'Distracted', 'Introverted']",Yes,Yes,Yes,Pass,Business,12307
Rice Plampin,21/05/2019,{'PHP': 2},['Consistent'],"['Distracted', 'Slow', 'Controlling']",Yes,Yes,Yes,Pass,Data,12308
Cassius Hollibone,01/05/2019,"{'Java': 4, 'R': 3, 'C++': 3, 'JavaScript': 1}","['Reliable', 'Ambitious', 'Competitive']",['Slow'],Yes,No,Yes,Fail,Engineering,12309
Harlene Brymner,23/05/2019,"{'Python': 2, 'Ruby': 3, 'PHP': 1, 'JavaScript': 6}","['Collaboration', 'Consistent', 'Problem Solving']","['Anxious', 'Passive', 'Slow']",Yes,Yes,Yes,Pass,Data,12310
Mata Farrell,08/05/2019,"{'Python': 5, 'C#': 3, 'Java': 4, 'Ruby': 3, 'R': 2}",['Organisation'],"['Undisciplined', 'Passive', 'Intolerant']",No,Yes,Yes,Fail,Data,12311
Maggy Clapison,07/05/2019,"{'Python': 3, 'C#': 2, 'Java': 5, 'R': 2, 'SPSS': 4, 'JavaScript': 2}",['Composure'],"['Immature', 'Passive']",Yes,Yes,Yes,Pass,Business,12312
Chauncey Janoschek,21/05/2019,"{'Python': 6, 'R': 2, 'PHP': 2}","['Passionate', 'Courteous', 'Efficient']","['Procrastination', 'Impatient']",Yes,Yes,No,Fail,Business,12313
Mellicent Desaur,01/05/2019,"{'Python': 2, 'C++': 4}",['Organisation'],['Slow'],Yes,Yes,Yes,Pass,Engineering,12314
Fay Beautyman,29/05/2019,"{'Ruby': 1, 'R': 4, 'SPSS': 5, 'JavaScript': 3}","['Perfectionism', 'Collaboration', 'Passionate']","['Immature', 'Indifferent', 'Introverted']",No,Yes,Yes,Fail,Data,12315
Linus Pietruszewicz,16/05/2019,"{'Python': 4, 'Java': 1, 'R': 4, 'SPSS': 5, 'PHP': 4, 'C++': 3}","['Determined', 'Listening', 'Independent']",['Sensitive'],Yes,Yes,Yes,Pass,Data,12316
Lem Burbidge,02/05/2019,"{'C#': 4, 'Java': 5}","['Patient', 'Creative', 'Consistent']","['Conventional', 'Slow', 'Introverted']",Yes,Yes,Yes,Pass,Data,12317
Kamila Silversmidt,01/05/2019,"{'Python': 4, 'Java': 1, 'Ruby': 2, 'SPSS': 4, 'C++': 4, 'JavaScript': 3}",['Passionate'],"['Procrastination', 'Immature', 'Distracted']",Yes,No,Yes,Fail,Data,12318
Tobie Culcheth,14/05/2019,"{'Ruby': 1, 'PHP': 1, 'JavaScript': 1}","['Courteous', 'Problem Solving']","['Impulsive', 'Competitive', 'Passive']",Yes,Yes,Yes,Pass,Engineering,12319
Vite Comino,21/05/2019,"{'R': 3, 'C++': 2}","['Patient', 'Consistent', 'Independent']",['Impatient'],Yes,Yes,Yes,Pass,Engineering,12320
Dory Cooksey,07/05/2019,"{'Python': 1, 'C++': 3}","['Creative', 'Innovative']",['Distracted'],Yes,Yes,Yes,Pass,Engineering,12321
Megan Hallihan,30//05/2019,"{'Python': 2, 'Java': 3, 'Ruby': 4, 'PHP': 1, 'JavaScript': 4}","['Organisation', 'Reliable', 'Empathy']","['Impulsive', 'Procrastination', 'Controlling']",Yes,Yes,Yes,Pass,Business,12322
Leandra Futty,09/05/2019,"{'SPSS': 1, 'PHP': 3, 'C++': 1, 'JavaScript': 2}","['Ambitious', 'Rational']","['Introverted', 'Impatient', 'Stubborn']",No,Yes,Yes,Fail,Engineering,12323
Bernadine Sinkin,01/05/2019,"{'Python': 5, 'Ruby': 2, 'SPSS': 4, 'PHP': 2, 'C++': 4}",['Versatile'],['Intolerant'],Yes,Yes,Yes,Pass,Data,12324
William Dryden,01/05/2019,"{'Java': 2, 'R': 1}",['Reliable'],"['Slow', 'Procrastination', 'Controlling']",Yes,Yes,Yes,Pass,Business,12325
Sosanna Rawlings,29/05/2019,"{'Java': 1, 'SPSS': 1, 'PHP': 1}","['Courteous', 'Empathy']","['Sensitive', 'Conventional']",Yes,Yes,Yes,Pass,Engineering,12326
Charissa Briiginshaw,30/05/2019,"{'Python': 4, 'C#': 2, 'Ruby': 1, 'C++': 3}","['Altruism', 'Charisma', 'Versatile']",['Chatty'],Yes,Yes,Yes,Pass,Data,12327
Gilburt Chamney,02/05/2019,"{'Java': 2, 'Ruby': 4, 'C++': 3}",['Problem Solving'],['Overbearing'],Yes,Yes,No,Fail,Engineering,12328
Matthias Burns,01/05/2019,"{'Python': 3, 'Java': 3, 'Ruby': 2}",['Problem Solving'],"['Slow', 'Overbearing']",Yes,Yes,Yes,Pass,Business,12329
Angie Pockey,21/05/2019,"{'Python': 1, 'C#': 5, 'C++': 3}","['Consistent', 'Rational']","['Selfish', 'Chatty']",No,Yes,Yes,Fail,Business,12330
Maxwell Wyer,01/05/2019,"{'Ruby': 1, 'JavaScript': 5}",['Independent'],"['Perfectionist', 'Chaotic', 'Controlling']",Yes,Yes,Yes,Pass,Data,12331
Buddy Kettle,23/05/2019,"{'Python': 4, 'Ruby': 5, 'R': 2, 'C++': 4}",['Patient'],"['Slow', 'Chaotic', 'Stubborn']",Yes,Yes,Yes,Pass,Engineering,12332
Freedman Bidder,22/05/2019,"{'Ruby': 3, 'SPSS': 4, 'PHP': 3}",['Organisation'],['Conventional'],Yes,Yes,No,Fail,Data,12333
Francisco Tebboth,07/05/2019,,['Courteous'],"['Competitive', 'Chaotic', 'Immature']",Yes,Yes,Yes,Pass,Engineering,12334
Philippa Mccalister,16/05/2019,"{'Python': 3, 'C#': 1, 'R': 2, 'SPSS': 3, 'PHP': 3}",['Listening'],['Controlling'],Yes,Yes,Yes,Pass,Engineering,12335
Padraic Labat,14/05/2019,"{'Java': 2, 'Ruby': 4, 'SPSS': 3, 'PHP': 3}",['Ambitious'],"['Conventional', 'Passive']",Yes,Yes,Yes,Pass,Data,12336
Evey Reisk,23/05/2019,"{'C#': 6, 'Java': 3, 'R': 2, 'C++': 2}","['Empathy', 'Organisation']","['Slow', 'Impatient', 'Chaotic']",Yes,No,Yes,Fail,Engineering,12337
Garret Pleasaunce,15/05/2019,"{'Python': 3, 'Java': 2, 'Ruby': 2}",['Perfectionism'],"['Impatient', 'Immature', 'Indecisive']",Yes,Yes,Yes,Pass,Engineering,12338
Emogene Grouvel,14/05/2019,"{'Ruby': 4, 'PHP': 2, 'JavaScript': 2}","['Charisma', 'Efficient', 'Patient']",['Sensitive'],Yes,Yes,No,Fail,Business,12339
Sydel Tilne,29/05/2019,{'Python': 4},['Courteous'],"['Perfectionist', 'Immature']",Yes,Yes,Yes,Pass,Engineering,12340
Gussi Pattrick,09/05/2019,"{'Python': 1, 'C#': 3, 'PHP': 3}","['Reliable', 'Determined']","['Distracted', 'Chatty']",Yes,Yes,Yes,Pass,Engineering,12341
Danella Winkett,21/05/2019,"{'Ruby': 1, 'JavaScript': 6}","['Patient', 'Organisation']","['Introverted', 'Distracted', 'Undisciplined']",Yes,Yes,Yes,Pass,Data,12342
Danica Isbell,14/05/2019,"{'C++': 3, 'JavaScript': 3}",['Critical Thinking'],['Indifferent'],Yes,Yes,Yes,Pass,Data,12343
Artur Domaschke,23/05/2019,"{'Python': 1, 'C#': 4, 'SPSS': 3, 'PHP': 3}",['Listening'],['Intolerant'],Yes,Yes,Yes,Pass,Engineering,12344
Dianna Brewett,29/05/2019,"{'C#': 4, 'Java': 3, 'C++': 5, 'JavaScript': 1}",['Organisation'],"['Controlling', 'Indifferent']",Yes,Yes,Yes,Pass,Business,12345
Justinn Rosiello,09/05/2019,"{'Java': 1, 'R': 3, 'PHP': 1}",['Ambitious'],"['Anxious', 'Sensitive']",Yes,No,Yes,Fail,Business,12346
Osgood Mahood,14/05/2019,"{'Python': 3, 'C#': 7, 'JavaScript': 2}",['Problem Solving'],['Perfectionist'],Yes,Yes,Yes,Fail,Engineering,12347
Yalonda Beacom,09/05/2019,"{'Python': 5, 'C++': 6, 'JavaScript': 2}",['Critical Thinking'],"['Anxious', 'Slow']",Yes,Yes,Yes,Pass,Engineering,12348
Tedmund Emanulsson,09/05/2019,"{'Python': 2, 'R': 5, 'JavaScript': 5}","['Creative', 'Composure']",['Conventional'],Yes,Yes,Yes,Pass,Engineering,12349
Gael Eick,07/05/2019,"{'Python': 2, 'Ruby': 2, 'C++': 5}","['Composure', 'Competitive', 'Perfectionism']","['Sensitive', 'Immature', 'Stubborn']",Yes,No,Yes,Fail,Data,12350
Moshe Backshell,22/05/2019,"{'Python': 3, 'Ruby': 2, 'C++': 1, 'JavaScript': 1}",['Problem Solving'],"['Controlling', 'Immature']",No,No,Yes,Fail,Data,12351
Tan Woltering,09/05/2019,"{'Python': 3, 'Java': 4, 'Ruby': 6, 'SPSS': 3, 'C++': 5}","['Organisation', 'Passionate', 'Versatile']",['Intolerant'],Yes,Yes,Yes,Fail,Data,12352
Fax Sogg,22/05/2019,"{'Java': 2, 'Ruby': 2, 'PHP': 1, 'C++': 4}","['Altruism', 'Consistent']",['Undisciplined'],Yes,Yes,No,Fail,Data,12353
Park Jaumet,23/05/2019,"{'Python': 6, 'C#': 1, 'R': 1, 'PHP': 1}","['Collaboration', 'Composure', 'Competitive']","['Sensitive', 'Anxious']",Yes,No,Yes,Fail,Data,12354
Terrie Mackibbon,23/05/2019,"{'Python': 3, 'Ruby': 1, 'R': 5, 'SPSS': 1}","['Courteous', 'Ambitious']","['Critical', 'Stubborn']",Yes,Yes,Yes,Pass,Engineering,12355
Miguela Quantrill,01/05/2019,"{'C#': 8, 'PHP': 3, 'C++': 5}","['Collaboration', 'Patient', 'Empathy']","['Competitive', 'Perfectionist']",No,Yes,Yes,Fail,Engineering,12356
Gray Eadmeads,02/05/2019,"{'C#': 3, 'PHP': 1, 'C++': 2, 'JavaScript': 1}",['Creative'],"['Perfectionist', 'Critical']",Yes,Yes,Yes,Pass,Engineering,12357
Bertie Macafee,30/05/2019,"{'C#': 2, 'Ruby': 3, 'R': 2}","['Charisma', 'Empathy']",['Impulsive'],Yes,Yes,Yes,Pass,Engineering,12358
William Tomlett,21/05/2019,"{'R': 1, 'C++': 3}","['Organisation', 'Curious', 'Reliable']","['Immature', 'Controlling']",Yes,Yes,Yes,Pass,Engineering,12359
Ignacius Pleasaunce,28/05/2019,"{'Java': 1, 'Ruby': 5, 'SPSS': 2, 'C++': 3}","['Patient', 'Charisma']","['Indecisive', 'Indifferent', 'Chatty']",Yes,Yes,Yes,Pass,Engineering,12360
Aarika Preist,08/05/2019,"{'Python': 5, 'R': 5, 'SPSS': 2}",['Passionate'],['Introverted'],Yes,Yes,Yes,Fail,Engineering,12361
Sheba Everal,15/05/2019,"{'Python': 2, 'C#': 3, 'PHP': 1}","['Critical Thinking', 'Composure']","['Chatty', 'Competitive']",Yes,Yes,Yes,Pass,Data,12362
Euphemia Fargher,08/05/2019,"{'Python': 1, 'Java': 1, 'SPSS': 4, 'C++': 1}",['Determined'],"['Anxious', 'Indifferent', 'Undisciplined']",Yes,No,Yes,Fail,Data,12363
Colette Danniell,14/05/2019,"{'Python': 8, 'C#': 4, 'Java': 2, 'Ruby': 2, 'R': 4, 'SPSS': 4}","['Competitive', 'Passionate']","['Sensitive', 'Anxious', 'Chaotic']",Yes,Yes,No,Fail,Data,12364
Skylar Dodwell,22/05/2019,"{'Python': 5, 'C#': 3, 'Ruby': 2, 'C++': 1}","['Patient', 'Passionate', 'Efficient']","['Perfectionist', 'Introverted', 'Conventional']",Yes,Yes,Yes,Pass,Data,12365
Adham Petrolli,15/05/2019,"{'Python': 4, 'C#': 2, 'R': 1, 'C++': 3}",['Charisma'],['Critical'],Yes,Yes,Yes,Pass,Business,12366
Benita Robbel,30/05/2019,"{'Python': 3, 'C#': 4, 'Java': 2}","['Creative', 'Versatile', 'Charisma']",['Controlling'],Yes,Yes,Yes,Pass,Engineering,12367
Bondon Smethurst,07/05/2019,"{'Python': 2, 'C#': 1, 'JavaScript': 10}","['Versatile', 'Competitive']","['Passive', 'Anxious', 'Conventional']",Yes,Yes,Yes,Pass,Engineering,12368
Sloane Philbrook,28/05/2019,{'JavaScript': 4},"['Patient', 'Empathy']",['Competitive'],Yes,Yes,No,Fail,Engineering,12369
Darya Tayt,08/05/2019,"{'Python': 2, 'C#': 1, 'Java': 5, 'SPSS': 1}",['Organisation'],"['Immature', 'Critical']",Yes,Yes,Yes,Pass,Business,12370
Melodee Klink,14/05/2019,"{'Python': 2, 'C#': 1, 'Ruby': 1, 'R': 1, 'PHP': 5, 'JavaScript': 5}","['Courteous', 'Creative', 'Innovative']","['Procrastination', 'Impulsive']",Yes,Yes,No,Fail,Business,12371
Clemmie Beach,14/05/2019,"{'PHP': 1, 'C++': 1}","['Composure', 'Charisma']",['Critical'],Yes,Yes,Yes,Pass,Engineering,12372
Robby Arias,29/05/2019,{'JavaScript': 2},"['Ambitious', 'Critical Thinking', 'Efficient']",['Passive'],Yes,Yes,Yes,Pass,Business,12373
Shantee Macmichael,21/05/2019,"{'Python': 2, 'C++': 2, 'JavaScript': 1}",['Altruism'],"['Procrastination', 'Critical', 'Sensitive']",No,No,Yes,Fail,Engineering,12374
Laurie Hoggan,14/05/2019,"{'Python': 1, 'C#': 4, 'Java': 1, 'Ruby': 2, 'R': 3}","['Charisma', 'Passionate']","['Perfectionist', 'Impulsive']",No,Yes,Yes,Fail,Business,12375
Garvin Ianizzi,15/05/2019,"{'C#': 5, 'R': 3, 'SPSS': 4}",['Consistent'],['Undisciplined'],Yes,Yes,Yes,Pass,Data,12376
Patin Storek,16/05/2019,"{'Ruby': 1, 'PHP': 2}","['Listening', 'Independent', 'Patient']",['Chaotic'],Yes,Yes,Yes,Pass,Data,12377
Juliet Scottrell,01/05/2019,"{'Python': 6, 'Ruby': 4, 'R': 3, 'PHP': 1, 'JavaScript': 2}","['Curious', 'Versatile']","['Controlling', 'Stubborn']",No,Yes,Yes,Fail,Business,12378
Kizzee Oliva,02/05/2019,"{'Java': 3, 'Ruby': 2, 'SPSS': 5, 'C++': 2}",['Collaboration'],['Stubborn'],No,Yes,Yes,Fail,Data,12379
Alidia Govett,16/05/2019,"{'C#': 1, 'Java': 4, 'Ruby': 3, 'C++': 3}","['Organisation', 'Innovative', 'Rational']","['Perfectionist', 'Distracted']",Yes,Yes,Yes,Pass,Business,12380
Jeana Schowenburg,02/05/2019,"{'Python': 5, 'R': 4, 'PHP': 2, 'C++': 2}","['Perfectionism', 'Curious']","['Undisciplined', 'Chatty']",Yes,No,Yes,Fail,Business,12381
Gage Vittel,22/05/2019,"{'Java': 4, 'R': 6, 'PHP': 1}",['Versatile'],"['Indifferent', 'Undisciplined']",Yes,Yes,Yes,Pass,Engineering,12382
Marysa Heathorn,15/05/2019,"{'Java': 3, 'Ruby': 1, 'SPSS': 3, 'JavaScript': 1}","['Consistent', 'Ambitious', 'Reliable']","['Critical', 'Passive', 'Introverted']",Yes,Yes,Yes,Pass,Data,12383
Roland Mcmurray,23/05/2019,"{'Python': 4, 'JavaScript': 4}","['Charisma', 'Innovative']",['Impulsive'],Yes,Yes,Yes,Pass,Business,12384
Teddie Kemet,22/05/2019,"{'C#': 1, 'R': 1, 'JavaScript': 2}",['Efficient'],['Perfectionist'],Yes,Yes,Yes,Pass,Engineering,12385
Gunter Yokley,07/05/2019,"{'Ruby': 1, 'R': 2, 'JavaScript': 1}","['Perfectionism', 'Consistent', 'Creative']","['Competitive', 'Stubborn']",No,Yes,Yes,Fail,Engineering,12386
Trumaine Chastney,30/05/2019,"{'C#': 2, 'SPSS': 5, 'PHP': 2}","['Consistent', 'Empathy', 'Critical Thinking']",['Selfish'],Yes,Yes,Yes,Pass,Data,12387
Siouxie Tunstall,01/05/2019,"{'C#': 2, 'Java': 5, 'R': 7, 'C++': 2, 'JavaScript': 4}","['Critical Thinking', 'Organisation', 'Courteous']","['Intolerant', 'Distracted', 'Critical']",No,Yes,Yes,Fail,Engineering,12388
Cesaro Dodgshon,30/05/2019,{'Ruby': 3},"['Listening', 'Rational', 'Empathy']","['Passive', 'Undisciplined', 'Competitive']",Yes,Yes,Yes,Pass,Engineering,12389
Cherianne Zamora,21/05/2019,"{'Java': 4, 'Ruby': 3, 'C++': 3}","['Courteous', 'Creative']","['Intolerant', 'Indifferent', 'Competitive']",No,Yes,Yes,Fail,Engineering,12390
Rickert Bradforth,09/05/2019,"{'Java': 2, 'SPSS': 2, 'JavaScript': 1}","['Determined', 'Altruism', 'Problem Solving']",['Indecisive'],Yes,Yes,No,Fail,Business,12391
Keenan Stubbes,01/05/2019,"{'C#': 6, 'Ruby': 4, 'JavaScript': 1}","['Composure', 'Passionate']",['Perfectionist'],Yes,No,Yes,Fail,Data,12392
Marius Soltan,30/05/2019,"{'Python': 3, 'C#': 5, 'R': 4}","['Composure', 'Determined', 'Versatile']","['Impatient', 'Introverted']",Yes,Yes,Yes,Pass,Engineering,12393
Auberon Hatter,07/05/2019,"{'C#': 3, 'Java': 2, 'Ruby': 3, 'R': 4, 'PHP': 4, 'C++': 2, 'JavaScript': 1}",['Consistent'],"['Critical', 'Controlling']",Yes,Yes,Yes,Pass,Business,12394
Ludovico Orridge,02/05/2019,"{'C#': 1, 'PHP': 2, 'C++': 1}",['Composure'],['Perfectionist'],Yes,Yes,Yes,Pass,Engineering,12395
Ulrikaumeko Yeandel,30/05/2019,"{'C#': 2, 'C++': 5}",['Patient'],"['Sensitive', 'Chatty', 'Controlling']",No,Yes,Yes,Fail,Engineering,12396
Sanford Larking,15/05/2019,"{'Python': 1, 'Ruby': 4, 'R': 3, 'PHP': 1}","['Passionate', 'Curious']",['Conventional'],Yes,Yes,Yes,Pass,Business,12397
Jdavie Frisby,14/05/2019,"{'C#': 4, 'Java': 1, 'Ruby': 2, 'JavaScript': 4}",['Problem Solving'],"['Procrastination', 'Indecisive']",Yes,Yes,Yes,Pass,Engineering,12398
Enoch Brigg,07/05/2019,{'Python': 6},"['Curious', 'Independent', 'Creative']","['Selfish', 'Impulsive', 'Conventional']",Yes,Yes,Yes,Pass,Business,12399
Samantha Evennett,22/05/2019,"{'C#': 1, 'SPSS': 5, 'C++': 2}","['Collaboration', 'Versatile']",['Impulsive'],Yes,Yes,Yes,Fail,Engineering,12400
Juieta Tellett,16/05/2019,"{'Python': 1, 'Java': 3, 'JavaScript': 3}","['Empathy', 'Creative', 'Passionate']","['Selfish', 'Distracted', 'Intolerant']",Yes,Yes,Yes,Pass,Engineering,12401
Kylie Murname,08/05/2019,"{'Ruby': 4, 'SPSS': 3, 'C++': 4, 'JavaScript': 5}",['Determined'],['Overbearing'],Yes,Yes,Yes,Pass,Engineering,12402
Dalt Le Grand,15/05/2019,"{'Python': 2, 'C#': 5, 'Java': 4, 'Ruby': 2, 'PHP': 1}",['Critical Thinking'],"['Undisciplined', 'Passive']",Yes,Yes,Yes,Pass,Engineering,12403
Lee Mcilmorow,28/05/2019,"{'Python': 2, 'Java': 7, 'R': 3, 'C++': 4}","['Listening', 'Empathy']","['Selfish', 'Impatient', 'Passive']",Yes,Yes,Yes,Fail,Data,12404
Alison Tranckle,23/05/2019,"{'Java': 3, 'R': 3, 'JavaScript': 6}","['Passionate', 'Listening', 'Patient']",['Critical'],Yes,Yes,Yes,Pass,Data,12405
Deonne Prott,30/05/2019,"{'Java': 5, 'SPSS': 7}",['Ambitious'],"['Intolerant', 'Indifferent']",Yes,Yes,Yes,Pass,Business,12406
Verney Skehan,01/05/2019,"{'Java': 4, 'Ruby': 5, 'SPSS': 1, 'JavaScript': 4}","['Ambitious', 'Consistent']","['Overbearing', 'Critical']",No,Yes,Yes,Fail,Engineering,12407
Christina Fumagalli,21/05/2019,"{'Python': 1, 'Java': 3}",['Composure'],"['Selfish', 'Stubborn', 'Distracted']",Yes,Yes,Yes,Pass,Data,12408
Raquela Armand,14/05/2019,"{'Ruby': 2, 'SPSS': 3}","['Critical Thinking', 'Empathy']","['Slow', 'Distracted', 'Conventional']",Yes,Yes,Yes,Fail,Data,12409
Chantal Mailes,02/05/2019,"{'Java': 3, 'C++': 1, 'JavaScript': 5}","['Courteous', 'Perfectionism', 'Ambitious']","['Indifferent', 'Distracted', 'Impulsive']",Yes,Yes,Yes,Pass,Engineering,12410
Lambert Santori,09/05/2019,"{'Java': 7, 'R': 2, 'SPSS': 4, 'PHP': 5, 'C++': 5}",['Rational'],"['Impulsive', 'Undisciplined']",Yes,Yes,Yes,Pass,Data,12411
Rainer Josefovic,15/05/2019,"{'Ruby': 4, 'C++': 1}",['Charisma'],"['Introverted', 'Undisciplined', 'Impulsive']",No,Yes,Yes,Fail,Data,12412
Selestina Mcbean,15/05/2019,"{'R': 1, 'SPSS': 5, 'C++': 7}","['Problem Solving', 'Altruism']","['Indecisive', 'Intolerant', 'Overbearing']",Yes,Yes,Yes,Pass,Data,12413
Gaylor Wildblood,21/05/2019,"{'R': 3, 'SPSS': 4}",['Innovative'],"['Undisciplined', 'Distracted']",Yes,Yes,No,Fail,Data,12414
Terrance Wolfinger,07/05/2019,"{'Python': 1, 'Java': 2, 'SPSS': 5, 'JavaScript': 5}","['Reliable', 'Determined']",['Impulsive'],Yes,Yes,No,Fail,Engineering,12415
Marlyn Palleske,14/05/2019,"{'C#': 3, 'Java': 3}","['Perfectionism', 'Reliable']","['Stubborn', 'Perfectionist']",Yes,Yes,Yes,Pass,Engineering,12416
Jim Joint,28/05/2019,"{'PHP': 3, 'C++': 1, 'JavaScript': 1}","['Listening', 'Passionate']","['Passive', 'Chaotic']",Yes,Yes,Yes,Pass,Engineering,12417
Alain Peinton,15/05/2019,{'R': 5},"['Consistent', 'Independent']","['Competitive', 'Selfish', 'Chatty']",Yes,Yes,No,Fail,Data,12418
Heindrick Mckiddin,16/05/2019,"{'R': 2, 'JavaScript': 1}","['Empathy', 'Determined', 'Creative']","['Introverted', 'Indifferent']",Yes,Yes,Yes,Pass,Data,12419
Benedikt Scogings,16/05/2019,"{'R': 1, 'SPSS': 3}",['Critical Thinking'],"['Intolerant', 'Slow']",Yes,Yes,Yes,Pass,Data,12420
Sandor Atack,29/05/2019,"{'C#': 1, 'Ruby': 5}","['Versatile', 'Passionate']","['Slow', 'Controlling']",Yes,No,Yes,Fail,Data,12421
Abey Lightollers,16/05/2019,"{'Python': 7, 'C#': 7, 'Ruby': 3, 'R': 4, 'SPSS': 1}","['Versatile', 'Consistent']","['Sensitive', 'Perfectionist', 'Passive']",Yes,No,Yes,Fail,Data,12422
Brittney Reimer,28/05/2019,"{'Java': 2, 'Ruby': 4, 'JavaScript': 4}",['Competitive'],['Intolerant'],Yes,No,Yes,Fail,Engineering,12423
Renado Arnaldo,23/05/2019,"{'Python': 4, 'C#': 5, 'SPSS': 1}",['Reliable'],"['Controlling', 'Indifferent']",No,Yes,No,Fail,Data,12424
Dean Burnup,02/05/2019,{'R': 3},"['Passionate', 'Organisation']","['Conventional', 'Overbearing', 'Immature']",Yes,Yes,Yes,Pass,Business,12425
Lucian Luckin,23/05/2019,"{'Python': 4, 'C#': 2, 'R': 4, 'SPSS': 3, 'PHP': 1}",['Creative'],"['Competitive', 'Selfish']",Yes,Yes,Yes,Pass,Data,12426
Janelle Forbear,30/05/2019,"{'C#': 5, 'Java': 1, 'C++': 1}","['Curious', 'Competitive']",['Competitive'],Yes,Yes,Yes,Pass,Data,12427
Wanids Glidder,29/05/2019,"{'C#': 5, 'Ruby': 2}","['Innovative', 'Perfectionism']","['Procrastination', 'Distracted']",No,Yes,No,Fail,Business,12428
Julia Llorens,09/05/2019,"{'Python': 1, 'Ruby': 3, 'R': 5}","['Independent', 'Versatile', 'Problem Solving']","['Chaotic', 'Anxious']",Yes,Yes,Yes,Pass,Business,12429
Bernice Niblett,01/05/2019,"{'Python': 1, 'Java': 1, 'Ruby': 2, 'R': 4, 'C++': 4, 'JavaScript': 2}","['Rational', 'Curious']",['Impatient'],Yes,Yes,Yes,Pass,Engineering,12430
Emile Vint,22/05/2019,"{'Python': 3, 'C#': 1, 'Java': 6, 'R': 2}","['Curious', 'Empathy', 'Altruism']","['Slow', 'Perfectionist', 'Chaotic']",Yes,Yes,Yes,Pass,Engineering,12431
Rina Soffe,09/05/2019,"{'Python': 7, 'Java': 4, 'C++': 3}",['Creative'],"['Critical', 'Controlling', 'Impatient']",Yes,Yes,Yes,Pass,Data,12432
Gerianne Bagge,16/05/2019,"{'Python': 3, 'Java': 2, 'R': 5}","['Competitive', 'Organisation']","['Conventional', 'Undisciplined']",Yes,Yes,Yes,Pass,Engineering,12433
Auberon O'Quin,02/05/2019,"{'Python': 2, 'R': 2, 'C++': 6, 'JavaScript': 3}","['Courteous', 'Composure']",['Introverted'],Yes,Yes,Yes,Pass,Data,12434
Rik Jurick,29/05/2019,"{'Python': 7, 'Ruby': 1, 'R': 3, 'SPSS': 1, 'PHP': 1}","['Ambitious', 'Curious']","['Impatient', 'Competitive', 'Immature']",Yes,Yes,No,Fail,Data,12435
Herby Tomaini,14/05/2019,,"['Ambitious', 'Competitive', 'Innovative']",['Sensitive'],Yes,Yes,Yes,Pass,Business,12436
Gloria Hazlehurst,09//05/2019,"{'SPSS': 1, 'PHP': 3, 'C++': 2}","['Perfectionism', 'Critical Thinking']",['Controlling'],Yes,Yes,Yes,Pass,Business,12437
Tabor Veltman,23/05/2019,"{'Java': 5, 'Ruby': 2, 'SPSS': 4, 'C++': 3, 'JavaScript': 2}",['Problem Solving'],"['Competitive', 'Selfish']",Yes,Yes,Yes,Pass,Business,12438
Rhys Yakebovich,02/05/2019,"{'C#': 3, 'Java': 6, 'R': 2, 'SPSS': 4, 'PHP': 1}",['Reliable'],"['Conventional', 'Chaotic', 'Anxious']",No,Yes,Yes,Fail,Data,12439
Denny Enga,15/05/2019,"{'Python': 3, 'C#': 3, 'Ruby': 5, 'R': 2, 'SPSS': 1, 'PHP': 2, 'C++': 2}","['Problem Solving', 'Listening']",['Indecisive'],Yes,Yes,Yes,Pass,Business,12440
Correy Moulds,29/05/2019,"{'Java': 5, 'PHP': 1, 'JavaScript': 6}","['Organisation', 'Perfectionism']","['Conventional', 'Indecisive']",Yes,Yes,No,Fail,Engineering,12441
Silvie Allderidge,07/05/2019,"{'Java': 6, 'PHP': 3}","['Competitive', 'Courteous', 'Listening']",['Controlling'],No,Yes,Yes,Fail,Data,12442
Gilbertine Matteoni,02/05/2019,"{'C#': 2, 'R': 1, 'SPSS': 3, 'PHP': 3, 'C++': 2}","['Rational', 'Creative', 'Passionate']","['Passive', 'Slow', 'Competitive']",Yes,No,Yes,Fail,Engineering,12443
Rooney Crosston,09/05/2019,"{'PHP': 3, 'C++': 1, 'JavaScript': 2}",['Charisma'],['Overbearing'],No,Yes,No,Fail,Engineering,12444
Hedwig Albutt,29/05/2019,{'R': 5},"['Ambitious', 'Efficient', 'Composure']",['Indecisive'],Yes,Yes,Yes,Pass,Data,12445
Jeromy Fomichkin,28/05/2019,"{'Python': 1, 'SPSS': 5, 'PHP': 1, 'C++': 7, 'JavaScript': 6}","['Charisma', 'Versatile']","['Conventional', 'Slow']",Yes,Yes,Yes,Pass,Engineering,12446
Benedicto Hundey,21/05/2019,"{'C#': 2, 'Ruby': 3, 'R': 5, 'SPSS': 5}","['Collaboration', 'Composure']","['Conventional', 'Selfish', 'Competitive']",Yes,Yes,Yes,Pass,Data,12447
Brandi Alvarado,08/05/2019,"{'Python': 2, 'Ruby': 2, 'R': 3, 'SPSS': 2, 'C++': 5, 'JavaScript': 5}","['Efficient', 'Determined', 'Versatile']","['Introverted', 'Impatient', 'Critical']",Yes,Yes,No,Fail,Data,12448
Robinson Stickles,28/05/2019,"{'Python': 2, 'JavaScript': 2}","['Composure', 'Collaboration', 'Reliable']",['Slow'],Yes,Yes,Yes,Fail,Data,12449
Dalis Gambles,29/05/2019,"{'Python': 3, 'PHP': 1}","['Consistent', 'Collaboration', 'Perfectionism']",['Introverted'],Yes,Yes,No,Fail,Data,12450
Sydney Pigot,29/05/2019,"{'Ruby': 6, 'C++': 2}","['Perfectionism', 'Reliable', 'Courteous']","['Procrastination', 'Anxious']",Yes,No,Yes,Fail,Data,12451
Jemmie Boome,08/05/2019,"{'Python': 3, 'SPSS': 5}","['Organisation', 'Empathy', 'Passionate']","['Chaotic', 'Indecisive', 'Distracted']",Yes,No,Yes,Fail,Data,12452
Nicolea Blazynski,22/05/2019,"{'Python': 1, 'C#': 3, 'Java': 3, 'SPSS': 6, 'C++': 1, 'JavaScript': 1}","['Ambitious', 'Critical Thinking']","['Slow', 'Sensitive', 'Perfectionist']",Yes,Yes,Yes,Pass,Business,12453
Susie Ciccoloi,01/05/2019,"{'C#': 1, 'Ruby': 4, 'C++': 4, 'JavaScript': 3}","['Organisation', 'Rational']",['Slow'],Yes,Yes,Yes,Pass,Data,12454
Sigmund Moulin,23/05/2019,"{'Python': 3, 'R': 2}",['Listening'],"['Critical', 'Selfish']",Yes,Yes,Yes,Pass,Business,12455
Danya Collick,21/05/2019,"{'SPSS': 4, 'C++': 2}","['Critical Thinking', 'Composure', 'Courteous']",['Procrastination'],Yes,Yes,Yes,Pass,Data,12456
Donalt Kincey,29/05/2019,"{'Python': 3, 'C#': 6, 'Ruby': 5, 'C++': 2, 'JavaScript': 5}","['Efficient', 'Collaboration']","['Anxious', 'Impatient']",Yes,Yes,Yes,Pass,Data,12457
Jedidiah Bennett,22/05/2019,"{'C#': 4, 'R': 1, 'C++': 3, 'JavaScript': 1}","['Efficient', 'Versatile']","['Anxious', 'Impulsive']",Yes,Yes,Yes,Pass,Engineering,12458
Tessy Spurgeon,08/05/2019,"{'Python': 2, 'C#': 4, 'SPSS': 4, 'PHP': 3, 'C++': 1, 'JavaScript': 3}","['Critical Thinking', 'Independent']",['Critical'],Yes,Yes,Yes,Pass,Data,12459
Karrah Chatters,14/05/2019,"{'Python': 1, 'Java': 8, 'PHP': 3, 'JavaScript': 7}",['Innovative'],"['Overbearing', 'Perfectionist', 'Selfish']",No,Yes,Yes,Fail,Data,12460
Filberto Annis,16/05/2019,"{'Java': 1, 'R': 2, 'JavaScript': 1}",['Passionate'],['Controlling'],No,Yes,Yes,Fail,Data,12461
Burtie Garfitt,02/05/2019,"{'C#': 1, 'Ruby': 1, 'R': 2, 'SPSS': 3}",['Altruism'],"['Slow', 'Stubborn', 'Overbearing']",Yes,Yes,Yes,Pass,Business,12462
Tab Shitliff,14/05/2019,"{'Python': 3, 'Ruby': 6}",['Determined'],"['Distracted', 'Controlling']",Yes,Yes,Yes,Pass,Engineering,12463
Allistir Langrick,30/05/2019,"{'Java': 1, 'R': 3}","['Courteous', 'Listening']","['Anxious', 'Intolerant', 'Immature']",Yes,Yes,Yes,Pass,Engineering,12464
Loree Abbot,07/05/2019,"{'C#': 3, 'Java': 3, 'Ruby': 1, 'SPSS': 2, 'JavaScript': 2}","['Perfectionism', 'Courteous', 'Passionate']","['Stubborn', 'Sensitive', 'Immature']",Yes,Yes,Yes,Pass,Engineering,12465
Augustus Korba,14/05/2019,"{'Python': 2, 'C#': 6}",['Competitive'],['Chaotic'],Yes,No,Yes,Fail,Data,12466
Corney Kolinsky,01/05/2019,"{'Java': 10, 'JavaScript': 2}","['Composure', 'Problem Solving', 'Ambitious']",['Impulsive'],No,No,Yes,Fail,Data,12467
Haskel Oldroyde,29/05/2019,"{'Python': 4, 'Ruby': 8, 'R': 3, 'SPSS': 4}","['Courteous', 'Listening']",['Perfectionist'],Yes,Yes,Yes,Pass,Data,12468
Melanie Dawbury,14/05/2019,"{'Python': 4, 'C#': 5, 'Java': 2, 'R': 7}",['Empathy'],['Intolerant'],Yes,Yes,Yes,Pass,Business,12469
Burnard Antonsson,02/05/2019,"{'Python': 4, 'C#': 3, 'Java': 3, 'R': 2, 'C++': 3, 'JavaScript': 5}","['Courteous', 'Innovative']","['Intolerant', 'Chaotic', 'Indecisive']",Yes,No,Yes,Fail,Engineering,12470
Saree Schwand,02/05/2019,"{'C#': 1, 'Java': 5, 'R': 1}","['Critical Thinking', 'Independent', 'Competitive']",['Selfish'],Yes,Yes,No,Fail,Engineering,12471
Darrin Perrelle,29/05/2019,"{'C#': 2, 'C++': 1, 'JavaScript': 2}","['Critical Thinking', 'Determined']","['Impulsive', 'Anxious', 'Selfish']",Yes,Yes,Yes,Pass,Data,12472
Roze Kyles,07/05/2019,"{'R': 1, 'C++': 5, 'JavaScript': 1}",['Empathy'],"['Distracted', 'Sensitive', 'Intolerant']",Yes,No,Yes,Fail,Engineering,12473
Janina Muncer,30/05/2019,"{'Ruby': 5, 'R': 3, 'PHP': 2}","['Altruism', 'Rational', 'Passionate']",['Chaotic'],Yes,Yes,Yes,Pass,Engineering,12474
Scarlett Ciccarello,02/05/2019,"{'Ruby': 3, 'JavaScript': 2}","['Rational', 'Perfectionism', 'Passionate']","['Stubborn', 'Chaotic', 'Passive']",Yes,Yes,Yes,Pass,Engineering,12475
Benson Syncke,01/05/2019,"{'C#': 7, 'R': 3, 'PHP': 1, 'JavaScript': 3}",['Problem Solving'],['Indifferent'],Yes,Yes,No,Fail,Data,12476
Halsey Broader,01/05/2019,{'SPSS': 3},"['Curious', 'Efficient', 'Perfectionism']","['Critical', 'Chaotic', 'Anxious']",Yes,Yes,Yes,Pass,Data,12477
Sukey Donisi,23/05/2019,"{'C#': 3, 'R': 4, 'PHP': 3}","['Composure', 'Efficient']","['Chatty', 'Overbearing', 'Impulsive']",No,No,Yes,Fail,Data,12478
Marcy Treat,14/05/2019,"{'C#': 4, 'Ruby': 4, 'R': 3, 'C++': 5}","['Altruism', 'Competitive', 'Determined']","['Indecisive', 'Intolerant']",Yes,Yes,Yes,Pass,Data,12479
Gabbey Caesman,13/11/2019,"{'Java': 2, 'Ruby': 3, 'R': 2, 'SPSS': 1}","['Patient', 'Determined', 'Innovative']","['Procrastination', 'Slow']",Yes,Yes,Yes,Pass,Engineering,12480
Morley Battell,12/11/2019,"{'C#': 3, 'Java': 2, 'R': 1, 'C++': 1, 'JavaScript': 4}","['Perfectionism', 'Versatile']",['Conventional'],Yes,Yes,Yes,Pass,Data,12481
Sidnee Hollows,12/11/2019,"{'C#': 4, 'SPSS': 4}",['Innovative'],"['Anxious', 'Immature', 'Stubborn']",No,Yes,Yes,Fail,Engineering,12482
Dorie Speares,14/11/2019,"{'Python': 2, 'Ruby': 1, 'R': 5, 'PHP': 1, 'C++': 4, 'JavaScript': 4}","['Innovative', 'Curious']","['Chatty', 'Competitive', 'Immature']",Yes,Yes,Yes,Pass,Data,12483
Junie Jeanequin,14/11/2019,"{'Python': 1, 'Java': 5, 'PHP': 1, 'JavaScript': 4}","['Courteous', 'Listening', 'Altruism']",['Indecisive'],Yes,Yes,No,Fail,Engineering,12484
Cati Geane,20/11/2019,"{'C#': 3, 'R': 3, 'SPSS': 3, 'C++': 5, 'JavaScript': 5}","['Composure', 'Creative', 'Patient']",['Critical'],Yes,Yes,Yes,Pass,Engineering,12485
Conny Samms,13/11/2019,"{'C#': 1, 'Java': 1, 'Ruby': 2, 'R': 2, 'JavaScript': 4}",['Collaboration'],"['Impatient', 'Procrastination', 'Indifferent']",Yes,Yes,Yes,Pass,Engineering,12486
Myrna Stiff,14/11/2019,"{'Ruby': 3, 'JavaScript': 4}","['Efficient', 'Critical Thinking', 'Competitive']",['Chatty'],Yes,Yes,Yes,Pass,Engineering,12487
Monah Brimmacombe,13/11/2019,{'Python': 2},['Altruism'],['Perfectionist'],Yes,Yes,Yes,Fail,Business,12488
Gaspar Moir,13/11/2019,"{'Python': 5, 'C#': 7, 'Java': 3, 'R': 3, 'PHP': 2, 'C++': 2}",['Patient'],['Immature'],Yes,No,No,Fail,Engineering,12489
Elle Totton,21/11/2019,"{'C#': 2, 'Java': 3, 'R': 3, 'SPSS': 1}","['Altruism', 'Determined', 'Creative']",['Distracted'],Yes,Yes,No,Fail,Engineering,12490
Pieter Snozzwell,14/11/2019,"{'Python': 7, 'SPSS': 4}","['Altruism', 'Versatile', 'Efficient']","['Overbearing', 'Anxious', 'Impatient']",Yes,Yes,Yes,Pass,Data,12491
Anthiathia Guirau,05/11/2019,"{'Python': 4, 'C#': 2, 'Ruby': 1, 'SPSS': 3, 'C++': 1}","['Creative', 'Rational']","['Undisciplined', 'Distracted', 'Chaotic']",Yes,Yes,Yes,Pass,Engineering,12492
Jon Mcmenamy,13/11/2019,"{'Ruby': 1, 'R': 7, 'SPSS': 1}",['Critical Thinking'],"['Sensitive', 'Procrastination', 'Intolerant']",Yes,No,Yes,Fail,Business,12493
Kimmi Graddell,06/11/2019,"{'Python': 5, 'Java': 4, 'Ruby': 3, 'R': 3}","['Perfectionism', 'Charisma', 'Competitive']","['Selfish', 'Controlling']",Yes,Yes,Yes,Pass,Data,12494
Lindsey Anstey,27/11/2019,"{'Python': 6, 'C#': 2}","['Perfectionism', 'Courteous', 'Reliable']","['Chaotic', 'Slow']",No,No,Yes,Fail,Business,12495
Mona Orviss,19/11/2019,"{'C#': 5, 'Ruby': 4}","['Competitive', 'Perfectionism']","['Procrastination', 'Overbearing']",Yes,Yes,Yes,Pass,Business,12496
Chandler Grinov,20/11/2019,{'Python': 1},['Perfectionism'],['Impulsive'],Yes,Yes,Yes,Pass,Engineering,12497
Garry Nornasell,05/11/2019,"{'C#': 3, 'Java': 2, 'R': 2, 'C++': 2}","['Listening', 'Critical Thinking']","['Slow', 'Immature']",Yes,Yes,Yes,Pass,Data,12498
Everett O'Clery,20/11/2019,"{'PHP': 1, 'JavaScript': 3}","['Rational', 'Listening']","['Chatty', 'Anxious', 'Procrastination']",Yes,Yes,Yes,Pass,Business,12499
Serge De Leek,26/11/2019,"{'PHP': 5, 'C++': 1, 'JavaScript': 1}","['Collaboration', 'Altruism']","['Sensitive', 'Procrastination']",Yes,Yes,Yes,Fail,Data,12500
Ezekiel Himsworth,05/11/2019,"{'Java': 1, 'SPSS': 1, 'C++': 2}","['Creative', 'Charisma', 'Consistent']",['Introverted'],No,Yes,No,Fail,Business,12501
Aggi Shilling,21/11/2019,"{'Ruby': 1, 'PHP': 1, 'JavaScript': 3}",['Efficient'],['Stubborn'],Yes,Yes,Yes,Fail,Engineering,12502
Aggi Shilling,21/11/2019,"{'Ruby': 1, 'PHP': 1, 'JavaScript': 3}",['Efficient'],['Stubborn'],Yes,Yes,Yes,Fail,Engineering,12503
Ximenes Beckers,06/11/2019,"{'Java': 5, 'Ruby': 7, 'R': 3, 'SPSS': 1}","['Versatile', 'Rational', 'Empathy']",['Selfish'],Yes,Yes,Yes,Pass,Data,12504
Mabel Wattins,27/11/2019,"{'Python': 4, 'Java': 1, 'SPSS': 2, 'PHP': 3, 'C++': 3, 'JavaScript': 1}",['Perfectionism'],['Stubborn'],Yes,Yes,Yes,Fail,Business,12505
Sim Baudains,12/11/2019,"{'PHP': 1, 'JavaScript': 2}","['Perfectionism', 'Problem Solving', 'Curious']","['Critical', 'Stubborn']",Yes,Yes,Yes,Pass,Engineering,12506
Garvy Dinsdale,28/11/2019,"{'C#': 3, 'Ruby': 2, 'SPSS': 4}","['Listening', 'Innovative', 'Curious']","['Critical', 'Selfish']",Yes,Yes,Yes,Pass,Business,12507
Benton Cullen,27/11/2019,"{'Python': 3, 'C#': 5, 'JavaScript': 6}","['Rational', 'Problem Solving']",['Sensitive'],Yes,Yes,Yes,Pass,Data,12508
Adria Raiker,20/11/2019,"{'Python': 1, 'C#': 3, 'Java': 4, 'C++': 1}","['Charisma', 'Reliable', 'Curious']","['Indifferent', 'Introverted']",Yes,Yes,Yes,Pass,Data,12509
Chrysa Guildford,05/11/2019,"{'Python': 6, 'Ruby': 3, 'C++': 3}","['Curious', 'Competitive', 'Ambitious']",['Undisciplined'],Yes,Yes,Yes,Pass,Business,12510
Sharron Starling,26/11/2019,"{'Python': 1, 'Ruby': 6, 'R': 5}","['Efficient', 'Innovative']",['Chaotic'],Yes,Yes,Yes,Pass,Data,12511
Daffi Flaune,07/11/2019,"{'C#': 4, 'Ruby': 2, 'SPSS': 5, 'JavaScript': 1}","['Composure', 'Critical Thinking']","['Indecisive', 'Stubborn']",Yes,Yes,No,Fail,Data,12512
Bethany Challicum,21/11/2019,"{'C#': 2, 'R': 1, 'SPSS': 5}",['Perfectionism'],"['Critical', 'Indecisive']",Yes,Yes,Yes,Pass,Engineering,12513
Maegan Chadd,26/11/2019,"{'Ruby': 5, 'C++': 1}","['Independent', 'Problem Solving']","['Indecisive', 'Overbearing']",Yes,Yes,Yes,Pass,Engineering,12514
Claudelle Vasnetsov,27/11/2019,"{'C#': 4, 'Java': 3, 'Ruby': 3, 'SPSS': 2, 'PHP': 3, 'C++': 1}","['Determined', 'Creative', 'Innovative']","['Anxious', 'Critical', 'Perfectionist']",Yes,Yes,Yes,Pass,Business,12515
Ulrick Swane,26/11/2019,{'Java': 1},"['Versatile', 'Courteous', 'Independent']",['Selfish'],Yes,Yes,Yes,Pass,Engineering,12516
Arne Dybell,20/11/2019,,"['Composure', 'Ambitious', 'Innovative']",['Undisciplined'],Yes,Yes,Yes,Pass,Business,12517
Meade Isakovic,21/11/2019,"{'C#': 2, 'R': 1, 'JavaScript': 4}","['Innovative', 'Altruism', 'Organisation']","['Chatty', 'Indecisive', 'Introverted']",Yes,Yes,No,Fail,Business,12518
Waring Ilsley,06/11/2019,"{'Python': 1, 'Java': 4, 'C++': 5, 'JavaScript': 2}",['Consistent'],['Anxious'],Yes,No,Yes,Fail,Data,12519
Lindy Croyden,14/11/2019,"{'Python': 3, 'JavaScript': 4}","['Curious', 'Determined', 'Innovative']",['Immature'],Yes,Yes,Yes,Pass,Business,12520
Rebekah Sugge,19/11/2019,"{'Python': 2, 'Java': 4, 'R': 2, 'PHP': 5, 'C++': 3}","['Consistent', 'Courteous', 'Perfectionism']",['Anxious'],Yes,No,Yes,Fail,Data,12521
Frasco Ekkel,05/11/2019,"{'C#': 5, 'Java': 4, 'Ruby': 4}","['Perfectionism', 'Collaboration']","['Undisciplined', 'Slow']",Yes,Yes,No,Fail,Data,12522
Annora Mensler,20/11/2019,"{'Ruby': 3, 'R': 3, 'SPSS': 4, 'JavaScript': 2}","['Versatile', 'Listening']","['Indecisive', 'Conventional', 'Impatient']",No,Yes,Yes,Fail,Business,12523
Trudie Syers,14/11/2019,"{'Python': 2, 'C#': 3, 'Java': 4, 'Ruby': 2, 'R': 1, 'SPSS': 3, 'JavaScript': 2}",['Curious'],['Stubborn'],Yes,Yes,Yes,Pass,Data,12524
Heidie Zanetto,12/11/2019,"{'C#': 3, 'C++': 3}","['Organisation', 'Efficient']","['Indecisive', 'Perfectionist']",Yes,Yes,Yes,Pass,Data,12525
Konstanze Trynor,27/11/2019,"{'Python': 1, 'C#': 1, 'SPSS': 2}","['Rational', 'Critical Thinking', 'Composure']",['Procrastination'],Yes,Yes,Yes,Pass,Business,12526
Giff Dukes,26/11/2019,"{'Ruby': 2, 'C++': 1}","['Collaboration', 'Passionate']",['Impulsive'],Yes,Yes,Yes,Pass,Engineering,12527
Hashim Jollye,20/11/2019,"{'Python': 4, 'Java': 5, 'PHP': 4, 'C++': 2}","['Problem Solving', 'Creative', 'Empathy']","['Passive', 'Selfish', 'Chatty']",Yes,Yes,Yes,Pass,Business,12528
Livvie Schneidau,20/11/2019,"{'Java': 3, 'R': 2, 'C++': 1}",['Critical Thinking'],"['Sensitive', 'Impulsive', 'Overbearing']",Yes,Yes,Yes,Pass,Data,12529
Yvon Fry,14/11/2019,"{'C#': 5, 'Ruby': 2}",['Versatile'],"['Competitive', 'Controlling']",Yes,Yes,Yes,Pass,Data,12530
Christa Troughton,13/11/2019,"{'Python': 4, 'C#': 1, 'SPSS': 3}","['Determined', 'Patient']","['Undisciplined', 'Immature']",No,Yes,Yes,Fail,Engineering,12531
Consuelo Pengelley,27/11/2019,"{'Java': 3, 'R': 5, 'SPSS': 5, 'JavaScript': 9}","['Collaboration', 'Creative']","['Procrastination', 'Distracted']",No,Yes,Yes,Fail,Data,12532
Jourdain Bertlin,20/11/2019,{'C++': 3},"['Independent', 'Passionate', 'Creative']","['Sensitive', 'Impatient']",No,Yes,Yes,Fail,Business,12533
Madison Getch,12/11/2019,"{'Ruby': 3, 'SPSS': 1, 'PHP': 1, 'C++': 3}",['Independent'],"['Overbearing', 'Chatty', 'Stubborn']",Yes,Yes,Yes,Pass,Data,12534
Koralle Bartocci,27/11/2019,"{'Python': 3, 'R': 2, 'SPSS': 5, 'JavaScript': 5}","['Ambitious', 'Competitive']","['Impatient', 'Passive']",Yes,Yes,Yes,Pass,Business,12535
Aimee Pedrazzi,14/11/2019,"{'Python': 4, 'C#': 1}","['Collaboration', 'Listening']",['Slow'],Yes,Yes,Yes,Fail,Business,12536
Bibbie Gosford,27/11/2019,"{'Python': 1, 'Ruby': 5, 'PHP': 2, 'JavaScript': 4}",['Charisma'],"['Chatty', 'Impatient']",Yes,Yes,Yes,Pass,Data,12537
Fin Lung,28/11/2019,"{'Python': 2, 'Ruby': 2, 'R': 1, 'PHP': 4}",['Composure'],"['Overbearing', 'Impatient']",Yes,Yes,Yes,Pass,Engineering,12538
Mordy Karlsson,20/11/2019,"{'Python': 2, 'R': 5}","['Courteous', 'Versatile', 'Independent']",['Indecisive'],Yes,Yes,No,Fail,Engineering,12539
Emmalee Peaple,13/11/2019,"{'Python': 3, 'C#': 2, 'R': 2, 'PHP': 3, 'JavaScript': 4}","['Altruism', 'Charisma', 'Rational']",['Indecisive'],Yes,Yes,Yes,Pass,Data,12540
Tabbatha Dendon,21/11/2019,{'Python': 5},"['Curious', 'Innovative', 'Courteous']","['Critical', 'Distracted']",Yes,Yes,No,Fail,Data,12541
Lorita Litchmore,14/11/2019,"{'Python': 2, 'SPSS': 2}","['Collaboration', 'Organisation', 'Creative']",['Conventional'],Yes,Yes,No,Fail,Data,12542
Stewart Lock,06/11/2019,"{'Python': 3, 'C#': 2, 'R': 3}","['Courteous', 'Ambitious', 'Composure']","['Perfectionist', 'Intolerant', 'Indecisive']",Yes,Yes,Yes,Fail,Engineering,12543
Shandie Muir,28/11/2019,"{'Python': 4, 'PHP': 3, 'C++': 4}","['Courteous', 'Problem Solving']","['Controlling', 'Selfish']",Yes,Yes,Yes,Pass,Engineering,12544
Trixie Macmechan,20/11/2019,"{'C#': 5, 'PHP': 3, 'JavaScript': 3}","['Reliable', 'Independent']","['Impatient', 'Sensitive', 'Critical']",Yes,Yes,Yes,Pass,Data,12545
Dwain Busby,20/11/2019,"{'C#': 3, 'Ruby': 3, 'JavaScript': 6}",['Curious'],"['Intolerant', 'Indecisive', 'Controlling']",No,Yes,Yes,Fail,Engineering,12546
Teirtza Docharty,19/11/2019,"{'Java': 3, 'Ruby': 1, 'JavaScript': 1}","['Empathy', 'Curious', 'Ambitious']",['Controlling'],Yes,Yes,Yes,Pass,Data,12547
Murvyn Aers,12/11/2019,"{'Ruby': 3, 'SPSS': 3}","['Organisation', 'Rational']","['Controlling', 'Indifferent']",Yes,Yes,Yes,Pass,Data,12548
Vincents Prigg,14/11/2019,"{'Python': 4, 'R': 2, 'C++': 2, 'JavaScript': 2}","['Empathy', 'Organisation']",['Chatty'],Yes,Yes,Yes,Pass,Business,12549
Marshal Darycott,05/11/2019,"{'SPSS': 2, 'C++': 1}","['Composure', 'Curious', 'Consistent']","['Overbearing', 'Impulsive', 'Perfectionist']",Yes,Yes,Yes,Pass,Engineering,12550
Rosy Osband,07/11/2019,"{'Python': 3, 'JavaScript': 1}","['Independent', 'Versatile', 'Consistent']",['Stubborn'],Yes,No,Yes,Fail,Business,12551
Bamby Halksworth,21/11/2019,"{'Python': 2, 'C#': 6, 'C++': 4}",['Independent'],"['Indecisive', 'Critical']",Yes,Yes,Yes,Pass,Business,12552
Carola Andrews,06/11/2019,"{'Python': 4, 'SPSS': 4}","['Collaboration', 'Innovative', 'Listening']",['Stubborn'],No,Yes,Yes,Fail,Engineering,12553
Bil Pears,27/11/2019,{'Python': 3},['Independent'],"['Impatient', 'Passive', 'Impulsive']",Yes,Yes,Yes,Pass,Business,12554
Ingamar Mackrell,13/11/2019,"{'Python': 3, 'C#': 2, 'PHP': 4, 'C++': 3}",['Ambitious'],"['Slow', 'Chatty']",Yes,No,Yes,Fail,Business,12555
Lib Halliburton,28/11/2019,"{'Python': 6, 'C#': 3, 'PHP': 1, 'C++': 3}","['Innovative', 'Organisation', 'Composure']",['Conventional'],Yes,Yes,Yes,Pass,Engineering,12556
Selma O'Brogane,12/11/2019,"{'Python': 4, 'C#': 1, 'Java': 5, 'SPSS': 5, 'C++': 6}","['Determined', 'Charisma']","['Stubborn', 'Introverted', 'Sensitive']",Yes,Yes,Yes,Pass,Data,12557
Archibold Spikeings,06/11/2019,"{'Python': 3, 'Java': 1, 'JavaScript': 2}","['Versatile', 'Empathy', 'Collaboration']",['Perfectionist'],Yes,Yes,Yes,Pass,Engineering,12558
Patricio Dyter,27/11/2019,"{'SPSS': 2, 'C++': 6}","['Empathy', 'Consistent']","['Introverted', 'Intolerant']",Yes,Yes,Yes,Pass,Business,12559
Murray Armfirld,12/11/2019,"{'Python': 4, 'Java': 1, 'Ruby': 1, 'SPSS': 6, 'C++': 6}",['Reliable'],"['Sensitive', 'Anxious', 'Conventional']",No,Yes,Yes,Fail,Engineering,12560
Michele Bristowe,27/11/2019,"{'Ruby': 1, 'SPSS': 1, 'C++': 4}","['Efficient', 'Rational', 'Creative']","['Impatient', 'Critical', 'Procrastination']",Yes,Yes,Yes,Pass,Engineering,12561
Zilvia Byrcher,05/11/2019,"{'Java': 2, 'Ruby': 4, 'C++': 3}","['Rational', 'Creative']",['Overbearing'],Yes,Yes,No,Fail,Data,12562
Rosalinda Clutten,06/11/2019,"{'Python': 3, 'C#': 1, 'JavaScript': 3}","['Efficient', 'Versatile']","['Overbearing', 'Stubborn']",Yes,No,Yes,Fail,Engineering,12563
Donalt Pinkstone,28/11/2019,"{'Java': 3, 'SPSS': 1}","['Collaboration', 'Efficient']","['Competitive', 'Immature', 'Introverted']",Yes,Yes,Yes,Pass,Engineering,12564
Mose Bolle,06/11/2019,"{'Python': 1, 'C#': 3, 'Ruby': 3, 'R': 4, 'PHP': 2}","['Charisma', 'Critical Thinking', 'Independent']","['Sensitive', 'Distracted', 'Indecisive']",Yes,Yes,Yes,Pass,Business,12565
Rafaelia Cowe,28/11/2019,"{'Java': 1, 'R': 2, 'SPSS': 4, 'PHP': 1}","['Courteous', 'Efficient', 'Problem Solving']","['Slow', 'Conventional']",Yes,Yes,Yes,Pass,Business,12566
Alyse Thiese,07/11/2019,"{'Ruby': 1, 'C++': 2}",['Rational'],"['Stubborn', 'Competitive']",Yes,No,Yes,Fail,Data,12567
Channa Piser,21/11/2019,"{'C#': 2, 'Java': 2}",['Perfectionism'],['Chaotic'],Yes,Yes,Yes,Fail,Data,12568
Kanya Jobling,26/11/2019,{'C++': 7},"['Curious', 'Collaboration']","['Distracted', 'Competitive']",Yes,Yes,Yes,Pass,Data,12569
Lucias Haggarty,12/11/2019,"{'Java': 3, 'SPSS': 3, 'JavaScript': 6}","['Empathy', 'Reliable', 'Critical Thinking']","['Chatty', 'Competitive', 'Impulsive']",Yes,Yes,Yes,Pass,Engineering,12570
Tuckie Postgate,28/11/2019,"{'Java': 3, 'Ruby': 2, 'R': 7, 'C++': 2, 'JavaScript': 2}",['Versatile'],"['Impulsive', 'Indifferent']",Yes,Yes,Yes,Pass,Business,12571
Maitilde Blabey,26/11/2019,"{'C#': 4, 'PHP': 2, 'JavaScript': 2}",['Efficient'],"['Perfectionist', 'Introverted', 'Impatient']",Yes,Yes,Yes,Pass,Business,12572
Bev Ferri,19/11/2019,"{'Python': 4, 'Java': 3, 'R': 4, 'C++': 1}",['Creative'],"['Indecisive', 'Distracted', 'Slow']",Yes,Yes,Yes,Pass,Data,12573
Garrick Yakobovicz,07/11/2019,"{'Python': 2, 'Java': 3, 'PHP': 3, 'JavaScript': 4}","['Altruism', 'Innovative', 'Consistent']","['Undisciplined', 'Immature', 'Intolerant']",Yes,No,Yes,Fail,Business,12574
Derby Mcglashan,20/11/2019,"{'C#': 3, 'Java': 5, 'JavaScript': 6}","['Perfectionism', 'Curious', 'Determined']",['Slow'],Yes,Yes,Yes,Pass,Data,12575
Pall Mccluin,21/11/2019,{'SPSS': 2},"['Organisation', 'Courteous']","['Introverted', 'Impatient']",Yes,Yes,No,Fail,Data,12576
Ludvig La Grange,12/11/2019,"{'C#': 7, 'R': 3, 'JavaScript': 2}",['Determined'],"['Chaotic', 'Critical', 'Sensitive']",Yes,No,Yes,Fail,Business,12577
Juliane Jacobssen,14/11/2019,"{'Java': 4, 'Ruby': 2, 'SPSS': 3, 'PHP': 3, 'C++': 5}",['Composure'],"['Undisciplined', 'Impatient', 'Distracted']",Yes,Yes,Yes,Pass,Data,12578
Vivianne Folliss,26/11/2019,"{'Java': 1, 'Ruby': 2, 'PHP': 1, 'C++': 2, 'JavaScript': 1}","['Ambitious', 'Empathy']","['Overbearing', 'Procrastination']",No,Yes,Yes,Fail,Engineering,12579
Junie Rammell,13/11/2019,"{'Python': 4, 'Java': 4, 'SPSS': 4}","['Composure', 'Creative']","['Selfish', 'Indecisive', 'Chatty']",Yes,Yes,Yes,Pass,Engineering,12580
Joice Stennet,05/11/2019,"{'Python': 4, 'R': 7, 'SPSS': 4}","['Rational', 'Empathy']",['Selfish'],No,Yes,Yes,Fail,Engineering,12581
Audie Pearman,21/11/2019,"{'Python': 3, 'Ruby': 5, 'PHP': 2, 'JavaScript': 1}","['Problem Solving', 'Ambitious', 'Rational']","['Overbearing', 'Indifferent']",Yes,Yes,Yes,Pass,Business,12582
Horatia Tresise,28/11/2019,"{'Python': 4, 'C#': 5, 'Ruby': 5, 'SPSS': 4, 'PHP': 3, 'JavaScript': 4}","['Versatile', 'Problem Solving', 'Passionate']","['Competitive', 'Chaotic', 'Selfish']",Yes,Yes,Yes,Pass,Data,12583
Shae Di Ruggiero,13/11/2019,"{'Python': 4, 'Ruby': 1, 'R': 5, 'PHP': 2}","['Empathy', 'Efficient', 'Problem Solving']","['Competitive', 'Critical']",No,Yes,Yes,Fail,Engineering,12584
Justino Di Biasi,07/11/2019,"{'Python': 5, 'Java': 3, 'Ruby': 6, 'R': 2, 'C++': 3, 'JavaScript': 4}",['Rational'],['Chaotic'],No,Yes,Yes,Fail,Business,12585
Ferrell Iacobini,20/11/2019,{'SPSS': 2},"['Altruism', 'Rational']","['Indecisive', 'Impulsive']",Yes,Yes,Yes,Pass,Data,12586
Cacilie Rewcassell,19/11/2019,"{'C#': 2, 'PHP': 1}","['Passionate', 'Composure', 'Critical Thinking']","['Conventional', 'Perfectionist', 'Passive']",Yes,Yes,Yes,Pass,Business,12587
Tyler Traynor,05/11/2019,"{'Python': 1, 'Ruby': 2, 'SPSS': 3, 'PHP': 2}",['Efficient'],['Selfish'],Yes,Yes,Yes,Pass,Business,12588
Kristin Bardill,07/11/2019,"{'Java': 3, 'Ruby': 2, 'C++': 2}",['Determined'],['Indifferent'],Yes,Yes,Yes,Pass,Business,12589
Elfrieda Becraft,21/11/2019,"{'Java': 2, 'R': 4, 'JavaScript': 7}","['Independent', 'Efficient']","['Undisciplined', 'Indecisive']",Yes,Yes,Yes,Pass,Engineering,12590
Jayme Lieber,12/11/2019,"{'C#': 2, 'Java': 5, 'C++': 3, 'JavaScript': 2}","['Curious', 'Altruism']","['Indecisive', 'Selfish']",Yes,Yes,Yes,Pass,Business,12591
Syman Guynemer,19/11/2019,"{'Java': 3, 'R': 2, 'PHP': 2, 'JavaScript': 5}",['Composure'],"['Passive', 'Stubborn', 'Intolerant']",Yes,Yes,Yes,Pass,Business,12592
Lannie Mcdonell,14/11/2019,,"['Consistent', 'Critical Thinking']","['Competitive', 'Chatty']",Yes,Yes,No,Fail,Data,12593
Jedd Inggall,27/11/2019,"{'Python': 1, 'Java': 3, 'Ruby': 3, 'R': 3, 'SPSS': 1}","['Efficient', 'Creative']",['Chaotic'],Yes,Yes,Yes,Pass,Engineering,12594
Cherrita Wingate,28/11/2019,"{'Ruby': 9, 'JavaScript': 3}","['Patient', 'Creative']",['Stubborn'],Yes,Yes,Yes,Pass,Engineering,12595
Timmie Knudsen,12/11/2019,"{'Python': 4, 'C#': 5, 'Java': 3, 'Ruby': 5, 'SPSS': 4, 'PHP': 1, 'C++': 2}","['Problem Solving', 'Reliable', 'Independent']","['Intolerant', 'Passive', 'Perfectionist']",Yes,Yes,Yes,Pass,Business,12596
Tobias Whithorn,06/11/2019,"{'Java': 2, 'C++': 2}","['Passionate', 'Courteous']","['Stubborn', 'Undisciplined', 'Critical']",Yes,Yes,Yes,Pass,Data,12597
Marketa Patton,20/11/2019,"{'Java': 2, 'Ruby': 6, 'PHP': 3, 'C++': 1}",['Composure'],"['Impulsive', 'Introverted', 'Slow']",Yes,Yes,No,Fail,Business,12598
Say Kleinhausen,05/11/2019,"{'Python': 2, 'C#': 2, 'Java': 5, 'Ruby': 4, 'SPSS': 3, 'PHP': 1}","['Ambitious', 'Critical Thinking']","['Conventional', 'Impulsive']",Yes,Yes,Yes,Pass,Business,12599
Lyndsey Relph,05/11/2019,"{'Ruby': 4, 'PHP': 3}","['Creative', 'Curious']",['Sensitive'],Yes,Yes,Yes,Fail,Data,12600
Peggy Earnshaw,14/11/2019,"{'C#': 7, 'Java': 5, 'R': 6, 'PHP': 4, 'JavaScript': 3}",['Rational'],"['Competitive', 'Impulsive', 'Overbearing']",Yes,Yes,Yes,Fail,Engineering,12601
Amalea Harrell,27/11/2019,"{'Java': 4, 'SPSS': 4, 'PHP': 3}",['Critical Thinking'],"['Undisciplined', 'Stubborn', 'Indecisive']",Yes,Yes,Yes,Pass,Data,12602
Hilton Vedstra,05/11/2019,{'R': 5},['Versatile'],['Impatient'],Yes,Yes,Yes,Pass,Business,12603
Edvard Kerford,07/11/2019,"{'Python': 3, 'Java': 5, 'SPSS': 4, 'PHP': 4, 'C++': 2}",['Empathy'],['Impulsive'],Yes,Yes,No,Fail,Engineering,12604
Evita Gisby,12/11/2019,"{'Python': 3, 'C#': 1, 'Java': 8, 'R': 1, 'JavaScript': 2}",['Patient'],['Undisciplined'],Yes,No,Yes,Fail,Data,12605
Kirsteni Loren,12/11/2019,{'Ruby': 4},"['Rational', 'Composure']",['Selfish'],Yes,Yes,Yes,Pass,Engineering,12606
Sigismundo Shellibeer,19/11/2019,"{'Python': 2, 'Java': 4, 'Ruby': 4, 'R': 2}","['Organisation', 'Innovative', 'Competitive']","['Introverted', 'Chatty', 'Undisciplined']",Yes,Yes,Yes,Pass,Business,12607
Leicester Banker,12/11/2019,"{'C#': 4, 'SPSS': 4, 'JavaScript': 7}","['Consistent', 'Perfectionism']","['Immature', 'Passive']",Yes,Yes,Yes,Pass,Data,12608
Robinett Mcphate,28/11/2019,{'Java': 1},"['Listening', 'Ambitious', 'Composure']","['Overbearing', 'Intolerant']",Yes,Yes,Yes,Pass,Business,12609
Tallie Mortimer,19/11/2019,"{'Python': 1, 'C#': 5, 'Ruby': 7, 'R': 3, 'PHP': 2}","['Reliable', 'Rational', 'Versatile']","['Selfish', 'Perfectionist', 'Introverted']",Yes,Yes,Yes,Pass,Business,12610
Emyle Byrth,26/11/2019,{'C++': 2},"['Empathy', 'Independent']","['Selfish', 'Passive', 'Slow']",Yes,Yes,Yes,Pass,Data,12611
Kelli Twiddell,12/11/2019,"{'C#': 2, 'Java': 6, 'Ruby': 6, 'SPSS': 2, 'JavaScript': 2}","['Courteous', 'Efficient', 'Ambitious']","['Indifferent', 'Sensitive']",Yes,No,Yes,Fail,Engineering,12612
Clementine Bradick,27/11/2019,"{'Ruby': 7, 'JavaScript': 5}",['Critical Thinking'],"['Indecisive', 'Slow']",Yes,Yes,Yes,Pass,Engineering,12613
Orton Vermer,26/11/2019,"{'C#': 1, 'C++': 1}","['Efficient', 'Listening']","['Controlling', 'Overbearing']",Yes,Yes,Yes,Pass,Data,12614
Burk Mackilpatrick,19/11/2019,"{'Python': 4, 'PHP': 1, 'JavaScript': 4}","['Innovative', 'Versatile', 'Reliable']",['Critical'],Yes,Yes,Yes,Pass,Data,12615
Britni Hedditch,20/11/2019,"{'R': 2, 'SPSS': 3}","['Determined', 'Creative', 'Competitive']","['Procrastination', 'Competitive', 'Chatty']",Yes,Yes,Yes,Pass,Engineering,12616
Edin Bendle,07/11/2019,"{'C#': 3, 'SPSS': 4, 'JavaScript': 3}",['Organisation'],['Competitive'],Yes,Yes,Yes,Pass,Engineering,12617
Jerrylee De Cruz,26/11/2019,"{'Python': 1, 'SPSS': 2}","['Collaboration', 'Efficient', 'Composure']","['Impatient', 'Anxious', 'Indecisive']",Yes,Yes,Yes,Pass,Data,12618
Jessie Plampeyn,05/11/2019,"{'Python': 2, 'Ruby': 1, 'SPSS': 1, 'PHP': 4}","['Efficient', 'Curious']","['Selfish', 'Critical', 'Anxious']",No,Yes,Yes,Fail,Engineering,12619
Cristobal Furnival,07/11/2019,"{'Python': 2, 'Java': 3, 'R': 2, 'SPSS': 5}","['Competitive', 'Altruism', 'Reliable']",['Selfish'],Yes,No,No,Fail,Engineering,12620
Brandi Fennessy,13/11/2019,"{'C#': 3, 'Java': 1, 'C++': 5}","['Collaboration', 'Innovative', 'Organisation']","['Chatty', 'Indecisive']",Yes,Yes,Yes,Fail,Engineering,12621
Julie Elcy,21/11/2019,"{'Python': 2, 'PHP': 4}",['Passionate'],['Intolerant'],Yes,Yes,Yes,Pass,Business,12622
Karyn Huortic,19/11/2019,"{'Python': 2, 'C#': 5}",['Critical Thinking'],['Introverted'],Yes,Yes,Yes,Pass,Engineering,12623
Adan Gremane,07/11/2019,"{'Java': 2, 'Ruby': 5, 'JavaScript': 1}","['Rational', 'Consistent']",['Introverted'],Yes,Yes,Yes,Pass,Data,12624
Herrick Rixon,20/11/2019,"{'C#': 2, 'Ruby': 1, 'R': 2, 'SPSS': 2, 'C++': 2}","['Consistent', 'Passionate']","['Sensitive', 'Controlling']",Yes,Yes,No,Fail,Data,12625
Tabb Morgans,14/11/2019,"{'C#': 3, 'PHP': 2}","['Perfectionism', 'Creative']",['Selfish'],Yes,Yes,Yes,Pass,Business,12626
Cirstoforo Kerslake,05/11/2019,"{'Java': 4, 'R': 2}","['Consistent', 'Efficient']","['Competitive', 'Intolerant']",Yes,Yes,No,Fail,Business,12627
Brittaney Roskruge,26/11/2019,"{'Java': 2, 'Ruby': 6, 'SPSS': 1}","['Consistent', 'Versatile']","['Slow', 'Perfectionist', 'Selfish']",Yes,Yes,Yes,Pass,Business,12628
Jesse Ten Broek,05/11/2019,"{'Java': 3, 'Ruby': 2, 'SPSS': 3}",['Critical Thinking'],"['Selfish', 'Perfectionist']",Yes,Yes,Yes,Pass,Data,12629
Candace Seppey,20/11/2019,"{'C#': 3, 'SPSS': 3}","['Courteous', 'Listening', 'Versatile']","['Immature', 'Perfectionist', 'Controlling']",Yes,Yes,Yes,Pass,Engineering,12630
Clare Downey,20/11/2019,"{'Python': 2, 'C#': 3}",['Collaboration'],"['Chatty', 'Immature', 'Perfectionist']",Yes,No,No,Fail,Data,12631
Carmita Chillistone,19/11/2019,"{'Python': 2, 'C#': 2, 'Java': 5, 'SPSS': 3, 'C++': 3}","['Ambitious', 'Charisma', 'Efficient']","['Critical', 'Competitive', 'Impulsive']",No,Yes,Yes,Fail,Engineering,12632
Brenna Mcgroarty,06/11/2019,"{'Java': 3, 'Ruby': 3, 'PHP': 1, 'C++': 3}","['Efficient', 'Empathy', 'Reliable']","['Selfish', 'Conventional']",Yes,Yes,Yes,Pass,Data,12633
Trumann Carillo,13/11/2019,"{'Python': 2, 'Ruby': 4, 'PHP': 1, 'JavaScript': 7}","['Critical Thinking', 'Altruism', 'Determined']","['Immature', 'Sensitive']",Yes,Yes,Yes,Pass,Engineering,12634
Oralie Mussolini,07/11/2019,"{'Ruby': 4, 'PHP': 1, 'JavaScript': 1}","['Perfectionism', 'Ambitious']","['Indifferent', 'Chaotic', 'Competitive']",Yes,Yes,No,Fail,Engineering,12635
Eunice Marguerite,13/11/2019,"{'PHP': 3, 'C++': 1}","['Rational', 'Consistent']","['Selfish', 'Competitive']",Yes,Yes,Yes,Pass,Data,12636
Reginauld Pedroli,14/11/2019,"{'Python': 5, 'C#': 1, 'Java': 5, 'Ruby': 3, 'SPSS': 3, 'PHP': 3, 'JavaScript': 3}","['Courteous', 'Perfectionism', 'Altruism']","['Chatty', 'Conventional', 'Distracted']",Yes,Yes,Yes,Pass,Data,12637
Reginauld Pedroli,14/11/2019,"{'Python': 5, 'C#': 1, 'Java': 5, 'Ruby': 3, 'SPSS': 3, 'PHP': 3, 'JavaScript': 3}","['Courteous', 'Perfectionism', 'Altruism']","['Chatty', 'Conventional', 'Distracted']",Yes,Yes,Yes,Pass,Data,12638
Cati Nucator,13/11/2019,"{'C#': 5, 'R': 4, 'SPSS': 1, 'C++': 6}","['Ambitious', 'Patient', 'Passionate']",['Slow'],Yes,Yes,Yes,Pass,Data,12639
Electra De Werk,07/11/2019,"{'C#': 1, 'Ruby': 3}",['Organisation'],['Indifferent'],Yes,Yes,Yes,Pass,Engineering,12640
Ainsley Gogerty,27/11/2019,"{'C#': 3, 'Ruby': 2, 'R': 6, 'SPSS': 5}","['Passionate', 'Critical Thinking']","['Conventional', 'Competitive']",Yes,Yes,No,Fail,Business,12641
Frayda Crickmoor,28/11/2019,"{'C#': 2, 'Ruby': 4, 'R': 1, 'SPSS': 4, 'JavaScript': 1}","['Determined', 'Consistent', 'Curious']","['Selfish', 'Critical']",Yes,Yes,Yes,Pass,Engineering,12642
Suzanna Dunstall,28//11/2019,{'JavaScript': 4},"['Versatile', 'Patient']",['Selfish'],Yes,Yes,Yes,Fail,Business,12643
Alastair Filipowicz,27/11/2019,"{'Ruby': 2, 'C++': 1}",['Competitive'],"['Intolerant', 'Slow']",Yes,Yes,Yes,Pass,Business,12644
Amble Dimitru,07/11/2019,"{'Java': 2, 'SPSS': 4, 'C++': 3}","['Innovative', 'Reliable', 'Curious']","['Indifferent', 'Sensitive']",Yes,Yes,Yes,Pass,Business,12645
Brander Vicent,27/11/2019,"{'C#': 2, 'PHP': 1, 'C++': 4, 'JavaScript': 4}","['Consistent', 'Versatile']","['Critical', 'Procrastination', 'Chatty']",Yes,Yes,Yes,Pass,Business,12646
Michel Gouth,05/11/2019,"{'Java': 3, 'R': 1}","['Passionate', 'Rational', 'Versatile']","['Chatty', 'Slow', 'Controlling']",No,Yes,Yes,Fail,Data,12647
Staci Furlow,13/11/2019,"{'C#': 1, 'Ruby': 5, 'SPSS': 3}","['Determined', 'Courteous']","['Impatient', 'Overbearing']",Yes,Yes,Yes,Pass,Data,12648
Hurleigh Segar,13/11/2019,"{'Ruby': 1, 'PHP': 1, 'C++': 2, 'JavaScript': 2}","['Consistent', 'Organisation']",['Undisciplined'],Yes,Yes,Yes,Pass,Business,12649
Geneva Beldon,27/11/2019,"{'Ruby': 2, 'R': 2}",['Curious'],"['Chatty', 'Passive', 'Introverted']",Yes,Yes,Yes,Pass,Business,12650
Far Rapi,13/11/2019,"{'C#': 3, 'Java': 5, 'Ruby': 2, 'SPSS': 1, 'C++': 5}","['Courteous', 'Altruism', 'Collaboration']","['Immature', 'Critical', 'Impatient']",Yes,Yes,Yes,Pass,Engineering,12651
Adams Lux,27/11/2019,"{'Python': 1, 'R': 2, 'SPSS': 2}","['Empathy', 'Perfectionism']","['Competitive', 'Stubborn']",No,Yes,Yes,Fail,Data,12652
Jonie Getley,13/11/2019,"{'C#': 6, 'SPSS': 3, 'JavaScript': 1}",['Independent'],['Perfectionist'],No,Yes,Yes,Fail,Engineering,12653
Gar Sill,26/11/2019,"{'C#': 1, 'Java': 7, 'Ruby': 1}","['Perfectionism', 'Independent']","['Indifferent', 'Intolerant']",Yes,Yes,Yes,Pass,Data,12654
Adaline Warrender,07/11/2019,"{'Java': 3, 'JavaScript': 2}","['Perfectionism', 'Determined', 'Curious']","['Distracted', 'Impulsive']",Yes,Yes,Yes,Pass,Data,12655
Ainslee Spurgin,20/11/2019,"{'SPSS': 1, 'JavaScript': 2}","['Reliable', 'Versatile', 'Composure']","['Slow', 'Competitive']",Yes,Yes,Yes,Pass,Data,12656
Tad Worsley,14/11/2019,"{'Python': 3, 'Java': 2, 'Ruby': 2, 'C++': 4}","['Efficient', 'Reliable']","['Controlling', 'Indifferent', 'Undisciplined']",Yes,Yes,Yes,Pass,Data,12657
Niven Cooling,12/11/2019,"{'Java': 6, 'SPSS': 4}","['Independent', 'Problem Solving', 'Patient']","['Critical', 'Overbearing', 'Slow']",Yes,Yes,No,Fail,Business,12658
Delphinia Manie,07/11/2019,"{'Python': 2, 'Java': 3, 'SPSS': 6, 'PHP': 1}",['Composure'],"['Undisciplined', 'Slow']",Yes,Yes,Yes,Pass,Engineering,12659
Lanny Willingham,28/11/2019,"{'Python': 3, 'R': 4, 'SPSS': 3}","['Organisation', 'Versatile']","['Passive', 'Introverted', 'Stubborn']",No,Yes,Yes,Fail,Engineering,12660
Anthiathia Broad,12/11/2019,"{'Python': 2, 'Ruby': 4, 'R': 3, 'JavaScript': 4}",['Determined'],"['Introverted', 'Immature', 'Indecisive']",Yes,Yes,Yes,Pass,Engineering,12661
Ernestus Crilley,20/11/2019,{'Java': 2},"['Courteous', 'Charisma']",['Indecisive'],Yes,Yes,Yes,Pass,Engineering,12662
Jessalyn Prewett,26/11/2019,"{'Java': 3, 'Ruby': 3, 'R': 3}","['Organisation', 'Consistent', 'Competitive']",['Slow'],Yes,Yes,Yes,Pass,Data,12663
Lawton Howley,19/11/2019,"{'Python': 3, 'C++': 5}","['Reliable', 'Efficient', 'Listening']",['Immature'],Yes,Yes,Yes,Pass,Engineering,12664
Friedrick Yeates,05/11/2019,"{'Python': 2, 'SPSS': 3, 'PHP': 1, 'JavaScript': 7}","['Determined', 'Problem Solving']","['Impulsive', 'Perfectionist']",Yes,Yes,Yes,Fail,Engineering,12665
Alair Patey,19/11/2019,"{'Ruby': 4, 'SPSS': 4}","['Composure', 'Creative', 'Listening']","['Anxious', 'Passive']",Yes,Yes,Yes,Pass,Business,12666
Susannah Bengough,12/11/2019,"{'Python': 2, 'C#': 5, 'PHP': 1, 'JavaScript': 1}","['Innovative', 'Problem Solving']",['Controlling'],Yes,Yes,Yes,Pass,Data,12667
Iggie Haslum,07/11/2019,{'Ruby': 1},"['Independent', 'Reliable', 'Altruism']","['Competitive', 'Sensitive']",Yes,Yes,Yes,Pass,Business,12668
Jed Durram,14/11/2019,"{'R': 1, 'PHP': 2}",['Determined'],"['Chatty', 'Indecisive', 'Immature']",Yes,Yes,Yes,Pass,Business,12669
Olga Pykett,26/11/2019,"{'Java': 1, 'PHP': 1, 'C++': 4}",['Curious'],['Procrastination'],Yes,Yes,Yes,Pass,Engineering,12670
Ronica Martynikhin,05/11/2019,"{'Java': 3, 'Ruby': 6}","['Critical Thinking', 'Consistent', 'Collaboration']","['Anxious', 'Impatient', 'Overbearing']",Yes,Yes,Yes,Pass,Data,12671
Milton Piers,26/11/2019,"{'Python': 3, 'Java': 2, 'SPSS': 3}","['Empathy', 'Problem Solving']","['Procrastination', 'Indecisive', 'Slow']",Yes,Yes,Yes,Pass,Business,12672
Johnath Tufts,06/11/2019,"{'Python': 1, 'C++': 1}","['Collaboration', 'Consistent', 'Innovative']","['Impulsive', 'Stubborn', 'Intolerant']",Yes,Yes,Yes,Pass,Business,12673
Robina Maccostye,26/11/2019,"{'C#': 7, 'SPSS': 5, 'PHP': 1, 'JavaScript': 3}","['Charisma', 'Creative', 'Critical Thinking']","['Impatient', 'Procrastination', 'Chatty']",Yes,Yes,Yes,Pass,Engineering,12674
Giacopo Kyndred,26/11/2019,{'Python': 4},"['Determined', 'Competitive']","['Controlling', 'Passive']",Yes,Yes,Yes,Pass,Engineering,12675
Cesare Baylay,27/11/2019,"{'Python': 5, 'R': 4}","['Independent', 'Passionate', 'Curious']",['Anxious'],Yes,Yes,Yes,Pass,Engineering,12676
Rosmunda Brimicombe,27/11/2019,"{'Python': 2, 'C#': 3, 'Ruby': 5, 'R': 2}","['Innovative', 'Patient']","['Indifferent', 'Passive']",Yes,Yes,Yes,Pass,Business,12677
Luther Aimeric,26/11/2019,"{'Python': 3, 'Java': 6, 'PHP': 1}","['Listening', 'Competitive']","['Slow', 'Critical', 'Indecisive']",Yes,Yes,Yes,Pass,Data,12678
Anatole Burston,12/11/2019,"{'Java': 1, 'PHP': 2}","['Perfectionism', 'Versatile']","['Controlling', 'Impulsive']",Yes,Yes,Yes,Pass,Engineering,12679
Meridith Alonso,06/11/2019,"{'SPSS': 1, 'C++': 5}","['Passionate', 'Composure', 'Innovative']","['Impulsive', 'Indifferent']",Yes,Yes,Yes,Fail,Engineering,12680
Tatum Jeannet,27/11/2019,"{'C#': 6, 'R': 8, 'SPSS': 3, 'PHP': 1}","['Curious', 'Independent', 'Rational']",['Anxious'],Yes,Yes,Yes,Pass,Data,12681
Augustus Clowney,21/11/2019,"{'Python': 3, 'C#': 3, 'Java': 4, 'JavaScript': 4}",['Courteous'],"['Anxious', 'Indecisive', 'Distracted']",No,Yes,No,Fail,Business,12682
Christan Mityashin,19/11/2019,"{'PHP': 4, 'C++': 5}","['Collaboration', 'Problem Solving', 'Empathy']","['Overbearing', 'Indifferent']",Yes,Yes,Yes,Pass,Business,12683
Veronica Petroff,12/11/2019,"{'Python': 6, 'C#': 3, 'Ruby': 4, 'PHP': 2}","['Perfectionism', 'Creative']","['Perfectionist', 'Sensitive', 'Introverted']",No,Yes,Yes,Fail,Business,12684
Shepherd Egalton,07/11/2019,"{'R': 1, 'C++': 2}","['Efficient', 'Innovative', 'Problem Solving']","['Distracted', 'Impulsive', 'Competitive']",Yes,Yes,Yes,Fail,Engineering,12685
Farlie Bukowski,05/11/2019,"{'Java': 2, 'Ruby': 4, 'R': 5, 'PHP': 1, 'C++': 4}","['Organisation', 'Reliable']",['Passive'],Yes,No,Yes,Fail,Engineering,12686
Irwinn Goaks,19/11/2019,"{'Java': 5, 'Ruby': 4, 'R': 3}","['Charisma', 'Altruism', 'Competitive']","['Conventional', 'Anxious', 'Chaotic']",Yes,Yes,Yes,Fail,Business,12687
Harriot Tolchard,05/11/2019,"{'Java': 3, 'PHP': 1}",['Efficient'],"['Stubborn', 'Indifferent']",Yes,Yes,Yes,Pass,Engineering,12688
Morton Trump,20/11/2019,"{'Ruby': 4, 'R': 4, 'C++': 3}",['Listening'],"['Controlling', 'Slow', 'Critical']",Yes,Yes,Yes,Pass,Business,12689
Leigh Ajean,20/11/2019,"{'Python': 3, 'JavaScript': 5}","['Efficient', 'Passionate', 'Creative']",['Controlling'],Yes,Yes,Yes,Pass,Data,12690
Arny Dobrowolny,19/11/2019,{'C++': 3},"['Composure', 'Consistent', 'Versatile']","['Anxious', 'Slow', 'Chatty']",Yes,Yes,Yes,Pass,Data,12691
Elva Boldero,05/11/2019,"{'Java': 2, 'Ruby': 4, 'SPSS': 3, 'C++': 2}","['Empathy', 'Determined']","['Stubborn', 'Distracted']",Yes,Yes,Yes,Pass,Engineering,12692
Darill Drane,27/11/2019,"{'Python': 5, 'C#': 3, 'Java': 3}","['Independent', 'Versatile']","['Chaotic', 'Anxious', 'Impatient']",Yes,Yes,Yes,Pass,Business,12693
Paulette Lundbeck,26/11/2019,"{'C#': 5, 'Java': 1, 'R': 1, 'C++': 1, 'JavaScript': 3}","['Patient', 'Passionate', 'Creative']","['Undisciplined', 'Critical', 'Anxious']",Yes,Yes,Yes,Pass,Business,12694
Marja Morfield,28/11/2019,"{'Python': 4, 'R': 4, 'C++': 2}",['Empathy'],"['Impatient', 'Indifferent', 'Controlling']",Yes,Yes,Yes,Pass,Engineering,12695
Moira Rodenhurst,07/11/2019,"{'R': 3, 'SPSS': 1}","['Courteous', 'Critical Thinking', 'Perfectionism']","['Intolerant', 'Stubborn']",Yes,No,Yes,Fail,Engineering,12696
Sollie Spindler,27/11/2019,"{'Java': 3, 'Ruby': 1, 'R': 2, 'SPSS': 1, 'C++': 2, 'JavaScript': 2}","['Critical Thinking', 'Competitive', 'Patient']",['Impatient'],Yes,Yes,Yes,Pass,Engineering,12697
Fredrick Giller,05/11/2019,"{'SPSS': 2, 'C++': 8}","['Organisation', 'Altruism']","['Passive', 'Chaotic', 'Impulsive']",Yes,Yes,Yes,Pass,Data,12698
Dixie O' Flaherty,08/10/2019,"{'Python': 3, 'C#': 6, 'Ruby': 4, 'R': 5, 'JavaScript': 1}","['Reliable', 'Determined']","['Chaotic', 'Impatient']",Yes,Yes,Yes,Pass,Engineering,12699
Sukey Benedicto,29/10/2019,"{'SPSS': 1, 'PHP': 1}","['Innovative', 'Organisation', 'Determined']","['Overbearing', 'Impatient', 'Undisciplined']",Yes,Yes,Yes,Pass,Engineering,12700
Floria Keunemann,23/10/2019,"{'C#': 3, 'JavaScript': 1}","['Independent', 'Creative', 'Curious']","['Chaotic', 'Selfish', 'Intolerant']",Yes,Yes,Yes,Pass,Data,12701
Raffaello Byneth,23/10/2019,"{'Python': 5, 'C#': 5, 'Java': 2, 'C++': 4, 'JavaScript': 2}","['Rational', 'Consistent']","['Slow', 'Chaotic']",Yes,Yes,Yes,Pass,Business,12702
Adlai Ferns,29/10/2019,"{'Python': 9, 'Ruby': 4, 'R': 1, 'SPSS': 2, 'PHP': 1, 'C++': 3}",['Charisma'],"['Impulsive', 'Anxious', 'Critical']",Yes,Yes,Yes,Pass,Engineering,12703
Any Shotbolt,17/10/2019,{'JavaScript': 1},"['Consistent', 'Collaboration']","['Overbearing', 'Anxious']",Yes,No,Yes,Fail,Data,12704
Korry Kenworth,17/10/2019,"{'Python': 1, 'C#': 2, 'SPSS': 2, 'JavaScript': 4}",['Perfectionism'],"['Impatient', 'Perfectionist', 'Anxious']",Yes,Yes,Yes,Pass,Business,12705
Curry Dunnan,30/10/2019,"{'C#': 3, 'Java': 4, 'R': 1, 'PHP': 1, 'JavaScript': 2}","['Independent', 'Critical Thinking', 'Efficient']","['Introverted', 'Perfectionist', 'Critical']",Yes,Yes,Yes,Pass,Data,12706
Chickie Dickens,02/10/2019,{'Java': 4},"['Critical Thinking', 'Listening', 'Creative']","['Undisciplined', 'Passive', 'Selfish']",Yes,Yes,No,Fail,Business,12707
Morie Beer,23/10/2019,"{'Python': 2, 'Java': 5, 'SPSS': 3}","['Determined', 'Efficient', 'Competitive']",['Distracted'],Yes,Yes,Yes,Pass,Data,12708
Vic Massot,23/10/2019,"{'Ruby': 5, 'SPSS': 3, 'C++': 4, 'JavaScript': 3}","['Versatile', 'Critical Thinking']","['Perfectionist', 'Passive']",Yes,Yes,Yes,Pass,Engineering,12709
Ruby Batecok,24/10/2019,"{'Python': 2, 'C#': 4, 'Java': 4, 'Ruby': 1}",['Collaboration'],"['Overbearing', 'Undisciplined', 'Impulsive']",Yes,Yes,Yes,Pass,Business,12710
Mil Goodday,08/10/2019,"{'Python': 1, 'Java': 5, 'R': 4, 'JavaScript': 1}","['Rational', 'Efficient']",['Overbearing'],Yes,No,Yes,Fail,Business,12711
Willabella Lanchberry,30/10/2019,"{'C#': 2, 'Ruby': 5, 'R': 2, 'PHP': 4, 'C++': 3, 'JavaScript': 2}","['Altruism', 'Consistent']",['Anxious'],Yes,Yes,No,Fail,Business,12712
Laurens Routham,23/10/2019,"{'Python': 1, 'Ruby': 3, 'SPSS': 3, 'JavaScript': 3}",['Collaboration'],['Impulsive'],Yes,Yes,Yes,Pass,Data,12713
Luigi Methley,22/10/2019,"{'Ruby': 4, 'C++': 4, 'JavaScript': 1}",['Collaboration'],['Overbearing'],Yes,Yes,No,Fail,Engineering,12714
Ashely Brittles,17/10/2019,{'C++': 1},"['Listening', 'Composure', 'Collaboration']","['Competitive', 'Anxious', 'Controlling']",Yes,Yes,Yes,Pass,Engineering,12715
Janna Wiffield,31/10/2019,"{'C#': 2, 'SPSS': 1, 'PHP': 1}",['Curious'],['Impatient'],No,Yes,Yes,Fail,Business,12716
Chancey Bitten,15/10/2019,"{'Ruby': 2, 'R': 3, 'SPSS': 1, 'PHP': 2, 'C++': 5, 'JavaScript': 6}","['Collaboration', 'Composure']","['Stubborn', 'Overbearing']",Yes,Yes,Yes,Pass,Data,12717
Danella Leisk,23/10/2019,"{'C#': 9, 'Ruby': 5, 'JavaScript': 1}","['Consistent', 'Versatile']","['Distracted', 'Selfish']",Yes,Yes,Yes,Pass,Data,12718
Augusta Gilfoy,29/10/2019,"{'Python': 2, 'C#': 1, 'R': 2, 'C++': 5}","['Efficient', 'Organisation']","['Controlling', 'Overbearing']",Yes,Yes,Yes,Pass,Data,12719
Noland Origin,15/10/2019,"{'Python': 5, 'SPSS': 4, 'C++': 1}","['Rational', 'Charisma']","['Competitive', 'Indecisive', 'Selfish']",Yes,Yes,Yes,Fail,Engineering,12720
Kasey Mattacks,30/10/2019,"{'Python': 8, 'Ruby': 1, 'JavaScript': 1}","['Ambitious', 'Perfectionism', 'Creative']","['Perfectionist', 'Competitive', 'Stubborn']",Yes,No,Yes,Fail,Engineering,12721
Sammie Beams,17/10/2019,"{'Java': 1, 'Ruby': 7, 'PHP': 1}",['Listening'],"['Intolerant', 'Conventional']",Yes,Yes,Yes,Pass,Data,12722
Clay Perillo,16/10/2019,"{'Python': 3, 'C#': 4, 'Ruby': 3, 'SPSS': 1}","['Patient', 'Composure']",['Indecisive'],Yes,Yes,Yes,Pass,Data,12723
Ramsey Divall,10/10/2019,"{'C#': 4, 'R': 2}","['Composure', 'Competitive']","['Slow', 'Indifferent', 'Passive']",Yes,Yes,Yes,Pass,Business,12724
Guilbert Leet,02/10/2019,"{'Python': 2, 'Java': 3, 'R': 7, 'PHP': 1}","['Charisma', 'Determined', 'Listening']","['Perfectionist', 'Slow']",Yes,Yes,Yes,Pass,Business,12725
Agnesse Beeken,30/10/2019,"{'Ruby': 2, 'SPSS': 4, 'JavaScript': 2}","['Patient', 'Altruism', 'Versatile']","['Controlling', 'Stubborn']",Yes,Yes,Yes,Pass,Business,12726
Agnesse Beeken,30/10/2019,"{'Ruby': 2, 'SPSS': 4, 'JavaScript': 2}","['Patient', 'Altruism', 'Versatile']","['Controlling', 'Stubborn']",Yes,Yes,Yes,Pass,Business,12727
Sam Mulvihill,03/10/2019,"{'C#': 4, 'Ruby': 2, 'R': 1, 'SPSS': 3, 'PHP': 1}",['Charisma'],"['Indecisive', 'Procrastination', 'Sensitive']",Yes,Yes,Yes,Pass,Data,12728
Adda Bromont,17/10/2019,"{'C#': 1, 'Java': 1, 'R': 1, 'PHP': 4, 'C++': 3, 'JavaScript': 2}","['Competitive', 'Altruism']","['Passive', 'Competitive']",Yes,No,Yes,Fail,Business,12729
Ferdy Dootson,03/10/2019,"{'Python': 2, 'JavaScript': 1}","['Curious', 'Charisma', 'Problem Solving']","['Immature', 'Chatty', 'Undisciplined']",Yes,Yes,Yes,Pass,Engineering,12730
Tami Studdal,29/10/2019,"{'C#': 1, 'Ruby': 2, 'R': 3}","['Reliable', 'Curious', 'Rational']","['Slow', 'Overbearing']",Yes,Yes,Yes,Fail,Data,12731
Sydelle Russo,02/10/2019,"{'R': 4, 'JavaScript': 2}","['Versatile', 'Innovative', 'Courteous']","['Indifferent', 'Perfectionist', 'Intolerant']",Yes,Yes,Yes,Pass,Data,12732
Belia Murrigans,03/10/2019,"{'Python': 5, 'C#': 2, 'Java': 5, 'Ruby': 1, 'R': 3, 'SPSS': 1, 'JavaScript': 1}","['Determined', 'Altruism']","['Sensitive', 'Intolerant', 'Impatient']",Yes,Yes,Yes,Pass,Data,12733
Hendrika Macleod,29/10/2019,"{'C#': 1, 'Ruby': 5, 'PHP': 5, 'C++': 4, 'JavaScript': 2}","['Innovative', 'Altruism', 'Charisma']",['Controlling'],No,Yes,No,Fail,Engineering,12734
Evey Whiteland,17/10/2019,"{'Python': 5, 'C#': 1, 'R': 4, 'C++': 4}","['Courteous', 'Creative', 'Charisma']","['Sensitive', 'Procrastination', 'Impulsive']",Yes,Yes,Yes,Pass,Engineering,12735
Ethan Brookwood,08/10/2019,{'Ruby': 2},['Efficient'],['Critical'],Yes,Yes,Yes,Pass,Engineering,12736
Cathryn Leehane,09/10/2019,{'C++': 1},['Critical Thinking'],"['Passive', 'Distracted', 'Procrastination']",Yes,Yes,Yes,Pass,Engineering,12737
Carmelle Jado,01/10/2019,"{'Python': 3, 'Java': 1, 'R': 2, 'SPSS': 2, 'C++': 3}",['Efficient'],"['Impulsive', 'Undisciplined']",Yes,Yes,Yes,Pass,Engineering,12738
Margaretta Gedling,16/10/2019,"{'C#': 5, 'Java': 3, 'Ruby': 2, 'R': 3, 'PHP': 1}",['Organisation'],['Procrastination'],Yes,Yes,Yes,Pass,Business,12739
Verine Pickring,17/10/2019,"{'Java': 2, 'R': 7, 'PHP': 1}","['Perfectionism', 'Rational', 'Ambitious']","['Intolerant', 'Chaotic', 'Perfectionist']",No,No,Yes,Fail,Data,12740
Fair Lucia,31/10/2019,{'Java': 2},"['Consistent', 'Curious', 'Determined']","['Perfectionist', 'Intolerant', 'Competitive']",Yes,Yes,Yes,Pass,Engineering,12741
Drucie Bianco,10//10/2019,"{'C#': 2, 'SPSS': 1, 'PHP': 2, 'JavaScript': 1}",['Altruism'],"['Overbearing', 'Sensitive', 'Perfectionist']",Yes,Yes,Yes,Pass,Data,12742
Odell Dwire,24/10/2019,"{'Python': 5, 'C#': 4, 'Ruby': 4, 'PHP': 2}",['Charisma'],"['Passive', 'Chaotic', 'Selfish']",Yes,Yes,No,Fail,Engineering,12743
Powell Wank,10/10/2019,"{'Java': 4, 'R': 6}",['Listening'],"['Introverted', 'Procrastination']",Yes,Yes,Yes,Pass,Engineering,12744
Homer Sebborn,31/10/2019,"{'Python': 1, 'Ruby': 2, 'R': 2}",['Creative'],"['Selfish', 'Distracted']",Yes,Yes,Yes,Pass,Business,12745
Tonye Hearl,10/10/2019,"{'C#': 4, 'Ruby': 1, 'R': 1}","['Collaboration', 'Independent']",['Distracted'],Yes,Yes,Yes,Pass,Business,12746
Sofia Cullivan,22/10/2019,"{'C#': 1, 'R': 5}",['Listening'],"['Overbearing', 'Competitive']",Yes,Yes,Yes,Pass,Engineering,12747
Walt Kirkby,17/10/2019,"{'Python': 2, 'Ruby': 4, 'SPSS': 1, 'JavaScript': 2}",['Perfectionism'],"['Anxious', 'Indecisive', 'Conventional']",Yes,Yes,Yes,Pass,Business,12748
Jens Tomaskunas,23/10/2019,"{'Python': 9, 'C#': 1, 'R': 4}",['Empathy'],"['Chatty', 'Conventional']",No,No,Yes,Fail,Data,12749
Kathrine Sugar,24/10/2019,"{'C#': 3, 'Ruby': 2}","['Listening', 'Consistent', 'Independent']","['Conventional', 'Intolerant']",Yes,Yes,Yes,Fail,Business,12750
Ruttger Whitrod,08/10/2019,"{'Java': 3, 'R': 2, 'PHP': 4, 'C++': 3}","['Composure', 'Charisma', 'Competitive']","['Sensitive', 'Slow']",No,Yes,Yes,Fail,Engineering,12751
Haze Childes,22/10/2019,{'Ruby': 5},"['Innovative', 'Independent', 'Critical Thinking']",['Introverted'],Yes,Yes,Yes,Pass,Data,12752
Wallache Soldi,03/10/2019,"{'SPSS': 2, 'C++': 1, 'JavaScript': 1}","['Passionate', 'Perfectionism']",['Selfish'],No,Yes,No,Fail,Data,12753
Lindon Mee,23/10/2019,{'PHP': 1},['Problem Solving'],"['Passive', 'Competitive', 'Undisciplined']",Yes,Yes,Yes,Pass,Data,12754
Bear Birrane,08/10/2019,"{'Java': 1, 'JavaScript': 4}",['Efficient'],"['Passive', 'Perfectionist']",Yes,Yes,Yes,Pass,Data,12755
Cliff Knowlton,10/10/2019,"{'Python': 3, 'R': 2, 'PHP': 4}","['Independent', 'Courteous', 'Listening']","['Passive', 'Impulsive']",Yes,No,Yes,Fail,Data,12756
Martita Hugle,23/10/2019,"{'Python': 1, 'C#': 1, 'Java': 1, 'Ruby': 2, 'R': 3, 'SPSS': 1, 'C++': 1, 'JavaScript': 4}","['Rational', 'Composure']",['Controlling'],No,Yes,Yes,Fail,Engineering,12757
Claudia May,01/10/2019,"{'C#': 8, 'Java': 3, 'PHP': 3, 'C++': 2}","['Innovative', 'Listening', 'Perfectionism']","['Overbearing', 'Selfish', 'Conventional']",Yes,Yes,Yes,Pass,Business,12758
Mic Wilshire,30/10/2019,"{'C#': 3, 'JavaScript': 4}",['Competitive'],"['Undisciplined', 'Indifferent']",Yes,Yes,Yes,Pass,Engineering,12759
Lew Bartlomieczak,10/10/2019,"{'Java': 1, 'R': 3, 'SPSS': 2, 'C++': 1, 'JavaScript': 2}",['Patient'],"['Chatty', 'Chaotic']",Yes,Yes,Yes,Pass,Data,12760
Correna Sutherel,15/10/2019,"{'Java': 4, 'JavaScript': 4}","['Versatile', 'Altruism']","['Indifferent', 'Controlling', 'Anxious']",Yes,No,Yes,Fail,Data,12761
Bartholomeo Keatley,10/10/2019,"{'Python': 3, 'C#': 3, 'Ruby': 4, 'R': 1}","['Ambitious', 'Passionate', 'Listening']","['Intolerant', 'Conventional']",Yes,Yes,Yes,Pass,Data,12762
Adel Kinrade,10/10/2019,"{'C#': 3, 'Java': 2, 'R': 3, 'SPSS': 2}","['Reliable', 'Composure']","['Impatient', 'Overbearing', 'Indifferent']",Yes,Yes,Yes,Pass,Data,12763
Phillip Headech,31/10/2019,"{'Python': 1, 'C#': 6, 'SPSS': 3}","['Collaboration', 'Determined', 'Patient']",['Perfectionist'],Yes,Yes,Yes,Fail,Engineering,12764
Rossie Caitlin,09/10/2019,"{'R': 2, 'SPSS': 7, 'C++': 2}",['Competitive'],"['Immature', 'Distracted']",Yes,Yes,Yes,Pass,Business,12765
Dina Mcgookin,17/10/2019,"{'C#': 4, 'Java': 3, 'SPSS': 3, 'PHP': 1}","['Curious', 'Collaboration']","['Overbearing', 'Conventional']",Yes,Yes,Yes,Pass,Business,12766
Lanie Romeuf,24/10/2019,"{'C#': 4, 'Java': 2, 'R': 2, 'SPSS': 2}","['Collaboration', 'Organisation']",['Competitive'],Yes,Yes,Yes,Fail,Business,12767
Warner Harse,08/10/2019,"{'Java': 4, 'SPSS': 5, 'C++': 4}","['Courteous', 'Perfectionism']","['Critical', 'Anxious', 'Distracted']",Yes,Yes,Yes,Pass,Data,12768
Horace Scotford,08/10/2019,"{'C#': 5, 'Java': 5, 'PHP': 4}","['Ambitious', 'Listening', 'Charisma']","['Stubborn', 'Impatient', 'Critical']",Yes,Yes,Yes,Pass,Business,12769
Patten Tinman,17/10/2019,"{'Ruby': 1, 'SPSS': 3, 'PHP': 1}",['Determined'],"['Procrastination', 'Anxious', 'Impatient']",Yes,Yes,Yes,Pass,Engineering,12770
Farlay Pitman,24/10/2019,"{'Ruby': 6, 'R': 1, 'C++': 2, 'JavaScript': 3}","['Patient', 'Innovative', 'Listening']","['Indifferent', 'Slow', 'Introverted']",Yes,Yes,Yes,Pass,Business,12771
Lanni Arrowsmith,30/10/2019,"{'C#': 2, 'SPSS': 2}","['Patient', 'Courteous', 'Versatile']",['Chatty'],Yes,Yes,No,Fail,Business,12772
Deana Lynds,16/10/2019,"{'Java': 3, 'PHP': 2}","['Consistent', 'Creative']","['Immature', 'Controlling']",Yes,Yes,Yes,Pass,Engineering,12773
Manuel Brownsword,09/10/2019,"{'Java': 4, 'SPSS': 3, 'C++': 3}","['Innovative', 'Independent', 'Ambitious']","['Impatient', 'Overbearing']",Yes,Yes,Yes,Pass,Data,12774
Rogerio Woollhead,09/10/2019,"{'Python': 2, 'C#': 1, 'Java': 4, 'PHP': 1}",['Competitive'],"['Controlling', 'Distracted']",Yes,Yes,Yes,Pass,Business,12775
Nefen Wolton,30/10/2019,"{'Java': 1, 'Ruby': 1, 'SPSS': 1, 'C++': 6, 'JavaScript': 2}","['Critical Thinking', 'Curious', 'Determined']","['Sensitive', 'Stubborn']",Yes,Yes,Yes,Fail,Business,12776
Kameko Wilmore,23/10/2019,"{'SPSS': 2, 'PHP': 1, 'C++': 3}","['Collaboration', 'Empathy']","['Distracted', 'Anxious']",Yes,Yes,No,Fail,Data,12777
Perla Haibel,02/10/2019,{'Python': 4},"['Innovative', 'Organisation']",['Intolerant'],Yes,No,Yes,Fail,Data,12778
Parrnell Wroe,10/10/2019,"{'C#': 4, 'Java': 5, 'Ruby': 3, 'PHP': 1}","['Versatile', 'Creative']",['Intolerant'],Yes,Yes,Yes,Fail,Engineering,12779
Carrie Fitzhenry,23/10/2019,"{'C#': 3, 'Java': 3, 'R': 4, 'PHP': 4, 'C++': 1}","['Reliable', 'Collaboration']",['Intolerant'],Yes,Yes,No,Fail,Business,12780
Stephi Duckering,29/10/2019,"{'Python': 2, 'C#': 5, 'PHP': 3, 'C++': 5}","['Curious', 'Rational', 'Altruism']",['Critical'],Yes,Yes,Yes,Pass,Business,12781
Casper Willcott,31/10/2019,"{'Java': 4, 'Ruby': 3, 'SPSS': 4, 'C++': 3}","['Charisma', 'Ambitious', 'Innovative']","['Selfish', 'Impatient', 'Passive']",Yes,Yes,Yes,Pass,Business,12782
Reuven Kneaphsey,23/10/2019,"{'Ruby': 1, 'PHP': 1}","['Determined', 'Competitive']","['Anxious', 'Chaotic', 'Controlling']",Yes,Yes,Yes,Pass,Business,12783
Alexis Adess,10/10/2019,"{'Python': 1, 'Java': 2, 'R': 1}",['Perfectionism'],"['Anxious', 'Critical', 'Procrastination']",No,Yes,Yes,Fail,Business,12784
Nelie Chate,23/10/2019,"{'Python': 4, 'C#': 1, 'Java': 4, 'R': 2, 'PHP': 2, 'C++': 4}","['Charisma', 'Rational', 'Innovative']","['Critical', 'Competitive']",Yes,Yes,No,Fail,Business,12785
Hatty Kinner,23/10/2019,"{'Python': 2, 'Java': 1, 'Ruby': 2, 'R': 4}","['Critical Thinking', 'Determined', 'Creative']",['Stubborn'],Yes,Yes,Yes,Fail,Business,12786
Chucho Kegan,16/10/2019,"{'Python': 1, 'C#': 6, 'C++': 3, 'JavaScript': 4}",['Patient'],"['Critical', 'Immature']",Yes,Yes,Yes,Pass,Engineering,12787
Pauly Rebbeck,10/10/2019,"{'Python': 4, 'C#': 1, 'Ruby': 1, 'JavaScript': 2}","['Competitive', 'Empathy']","['Selfish', 'Introverted', 'Undisciplined']",Yes,Yes,Yes,Pass,Engineering,12788
Malvin Penrith,10/10/2019,"{'Python': 2, 'C#': 5, 'PHP': 1}","['Perfectionism', 'Charisma']","['Indifferent', 'Chaotic']",Yes,Yes,Yes,Pass,Data,12789
Nora Leyes,23/10/2019,"{'Python': 3, 'Java': 5, 'Ruby': 5}","['Charisma', 'Innovative']","['Slow', 'Undisciplined']",Yes,Yes,Yes,Pass,Engineering,12790
Ginevra Kops,01/10/2019,"{'Python': 4, 'Java': 1, 'Ruby': 2, 'R': 4, 'SPSS': 4, 'PHP': 4, 'JavaScript': 3}",['Listening'],"['Chatty', 'Introverted']",Yes,Yes,Yes,Pass,Engineering,12791
Lambert Fortnon,01/10/2019,{'Python': 2},"['Creative', 'Efficient', 'Curious']",['Procrastination'],Yes,Yes,Yes,Pass,Business,12792
Kristian Girhard,31/10/2019,"{'C#': 3, 'Ruby': 7, 'JavaScript': 3}","['Collaboration', 'Empathy']","['Anxious', 'Conventional', 'Perfectionist']",Yes,Yes,Yes,Pass,Engineering,12793
Elliot Chetwynd,22/10/2019,"{'C#': 4, 'Ruby': 3, 'SPSS': 3}","['Rational', 'Creative', 'Organisation']","['Selfish', 'Chaotic']",Yes,Yes,Yes,Pass,Data,12794
Fabio Cattemull,17/10/2019,"{'Java': 1, 'Ruby': 3, 'C++': 1, 'JavaScript': 3}",['Ambitious'],"['Chatty', 'Intolerant', 'Critical']",Yes,Yes,Yes,Pass,Business,12795
Alasteir Cootes,02/10/2019,"{'R': 7, 'JavaScript': 3}","['Passionate', 'Ambitious', 'Independent']","['Indecisive', 'Slow', 'Passive']",Yes,Yes,Yes,Pass,Business,12796
Marianna Casa,31/10/2019,"{'C#': 1, 'JavaScript': 2}","['Independent', 'Rational', 'Organisation']","['Anxious', 'Controlling', 'Passive']",Yes,Yes,Yes,Pass,Business,12797
Eugene Tomlinson,08/10/2019,{'R': 3},['Passionate'],"['Selfish', 'Impulsive']",Yes,Yes,Yes,Pass,Business,12798
Mariejeanne Seatter,22/10/2019,"{'Ruby': 4, 'R': 4, 'JavaScript': 1}","['Composure', 'Organisation', 'Problem Solving']","['Distracted', 'Overbearing']",Yes,Yes,No,Fail,Business,12799
Eleni Alyukin,22/10/2019,"{'Python': 2, 'Java': 4, 'PHP': 3, 'C++': 1}","['Courteous', 'Competitive', 'Reliable']","['Chatty', 'Conventional']",Yes,Yes,No,Fail,Data,12800
Doretta Hallor,15/10/2019,"{'Java': 2, 'SPSS': 1, 'PHP': 3, 'C++': 1, 'JavaScript': 5}","['Reliable', 'Composure']","['Chatty', 'Chaotic']",Yes,Yes,Yes,Pass,Engineering,12801
Wallie Pecha,10/10/2019,"{'Python': 2, 'R': 6, 'PHP': 2}","['Critical Thinking', 'Reliable', 'Efficient']","['Sensitive', 'Anxious']",Yes,No,Yes,Fail,Data,12802
Pru Bilbee,08/10/2019,"{'Python': 5, 'C#': 4, 'Java': 1, 'R': 4}",['Independent'],"['Indifferent', 'Undisciplined']",Yes,Yes,No,Fail,Business,12803
Dudley Whiles,17/10/2019,"{'Java': 2, 'PHP': 1}","['Passionate', 'Competitive', 'Ambitious']",['Perfectionist'],Yes,Yes,Yes,Pass,Engineering,12804
Vaughan Borchardt,29/10/2019,"{'Python': 7, 'C#': 3, 'R': 2}",['Competitive'],"['Immature', 'Indifferent']",No,Yes,Yes,Fail,Data,12805
Tabbatha Kullmann,09/10/2019,"{'C#': 4, 'Java': 1, 'C++': 1}","['Ambitious', 'Perfectionism']","['Passive', 'Indifferent']",Yes,Yes,Yes,Pass,Data,12806
Teirtza Ghion,17/10/2019,"{'Java': 3, 'R': 4, 'SPSS': 1, 'JavaScript': 3}","['Efficient', 'Ambitious']","['Critical', 'Undisciplined', 'Immature']",Yes,No,Yes,Fail,Data,12807
Mary Darnbrough,30/10/2019,"{'Java': 1, 'Ruby': 3}","['Charisma', 'Reliable']","['Chaotic', 'Stubborn', 'Selfish']",Yes,Yes,Yes,Pass,Business,12808
Maiga Griffin,24/10/2019,"{'SPSS': 6, 'PHP': 1}",['Efficient'],['Indecisive'],Yes,Yes,Yes,Pass,Data,12809
Far Lubeck,01/10/2019,"{'Python': 1, 'R': 3, 'SPSS': 4, 'C++': 1, 'JavaScript': 3}",['Efficient'],"['Procrastination', 'Slow']",Yes,No,Yes,Fail,Data,12810
Tamas Stendall,03/10/2019,"{'Python': 2, 'R': 5, 'PHP': 1}","['Passionate', 'Critical Thinking']",['Critical'],Yes,Yes,Yes,Pass,Engineering,12811
Markos Orwin,22/10/2019,"{'C#': 1, 'Java': 3, 'C++': 2, 'JavaScript': 2}","['Charisma', 'Patient']","['Stubborn', 'Anxious', 'Overbearing']",Yes,Yes,Yes,Pass,Data,12812
Tierney Twatt,15/10/2019,"{'Python': 3, 'Java': 6, 'Ruby': 4, 'SPSS': 3}","['Perfectionism', 'Innovative']",['Immature'],Yes,Yes,No,Fail,Data,12813
Noel Dabnot,08/10/2019,"{'C#': 3, 'Ruby': 4, 'R': 3, 'JavaScript': 1}",['Composure'],['Impatient'],Yes,Yes,Yes,Pass,Data,12814
Kala Bock,09/10/2019,"{'Ruby': 2, 'R': 2, 'SPSS': 3, 'PHP': 1, 'C++': 4}",['Organisation'],"['Controlling', 'Perfectionist']",Yes,Yes,Yes,Pass,Business,12815
Audrye Knightley,02/10/2019,"{'C#': 2, 'Java': 4, 'SPSS': 3}","['Organisation', 'Reliable']","['Immature', 'Impulsive', 'Indecisive']",Yes,Yes,Yes,Fail,Engineering,12816
Ashley Woodvine,29/10/2019,"{'Java': 2, 'PHP': 3, 'C++': 2, 'JavaScript': 4}",['Determined'],"['Impatient', 'Undisciplined', 'Intolerant']",Yes,Yes,Yes,Pass,Engineering,12817
Tiffany Laugherane,24/10/2019,{'Ruby': 3},"['Perfectionism', 'Independent']","['Distracted', 'Critical', 'Overbearing']",Yes,Yes,No,Fail,Engineering,12818
Daphene Barkly,30/10/2019,"{'Java': 1, 'SPSS': 2}",['Efficient'],['Impatient'],Yes,Yes,Yes,Fail,Data,12819
Janna Houlaghan,30/10/2019,"{'C#': 4, 'Java': 1, 'Ruby': 1, 'R': 1, 'PHP': 3}",['Curious'],"['Critical', 'Chatty', 'Conventional']",Yes,Yes,No,Fail,Business,12820
Florella Boays,30/10/2019,"{'Python': 1, 'C#': 4, 'Java': 3, 'Ruby': 2, 'JavaScript': 2}",['Innovative'],['Selfish'],Yes,Yes,Yes,Pass,Engineering,12821
Karita Crissil,24/10/2019,"{'Python': 4, 'Java': 3, 'Ruby': 1, 'R': 4, 'JavaScript': 3}",['Independent'],"['Indecisive', 'Chatty']",Yes,No,Yes,Fail,Data,12822
Demetra Darmody,29/10/2019,"{'Java': 3, 'SPSS': 1, 'PHP': 1}",['Independent'],"['Sensitive', 'Selfish', 'Intolerant']",No,Yes,Yes,Fail,Engineering,12823
Bobine Advani,10/10/2019,"{'Python': 2, 'C#': 2, 'Ruby': 2, 'R': 1, 'SPSS': 2, 'C++': 4, 'JavaScript': 1}","['Patient', 'Rational', 'Critical Thinking']","['Perfectionist', 'Indifferent']",Yes,Yes,Yes,Pass,Engineering,12824
Lazarus Varley,31/10/2019,"{'Java': 1, 'Ruby': 4}","['Altruism', 'Critical Thinking', 'Innovative']",['Indifferent'],Yes,Yes,Yes,Pass,Engineering,12825
Gail Basso,02/10/2019,"{'C#': 5, 'Ruby': 1, 'R': 1, 'JavaScript': 5}",['Empathy'],"['Undisciplined', 'Overbearing', 'Sensitive']",Yes,Yes,Yes,Fail,Data,12826
Nonnah Gentreau,02/10/2019,{'JavaScript': 1},"['Reliable', 'Ambitious']",['Intolerant'],Yes,No,Yes,Fail,Business,12827
Toinette Hallut,10/10/2019,"{'Python': 3, 'Java': 2, 'SPSS': 3, 'C++': 2, 'JavaScript': 1}","['Charisma', 'Perfectionism', 'Rational']",['Intolerant'],Yes,Yes,No,Fail,Data,12828
Emalia Naile,29/10/2019,"{'Python': 2, 'C#': 1, 'Java': 2, 'Ruby': 3}","['Altruism', 'Passionate', 'Rational']","['Anxious', 'Controlling', 'Conventional']",Yes,Yes,Yes,Pass,Business,12829
Wileen Gartenfeld,15/10/2019,"{'C#': 1, 'SPSS': 4, 'C++': 5, 'JavaScript': 6}","['Critical Thinking', 'Patient']","['Perfectionist', 'Stubborn', 'Critical']",Yes,No,Yes,Fail,Business,12830
Lucas Duthie,31/10/2019,"{'C#': 1, 'Java': 1}","['Courteous', 'Innovative']",['Impatient'],Yes,Yes,Yes,Fail,Business,12831
Gaston Kunc,24/10/2019,"{'C#': 5, 'Java': 3, 'Ruby': 5, 'SPSS': 1, 'PHP': 2, 'C++': 3, 'JavaScript': 8}","['Empathy', 'Ambitious']","['Overbearing', 'Passive', 'Procrastination']",Yes,Yes,Yes,Pass,Engineering,12832
Abdel Shovel,30/10/2019,"{'Python': 4, 'C#': 4, 'PHP': 1}","['Passionate', 'Patient', 'Courteous']","['Competitive', 'Impulsive', 'Chatty']",No,Yes,Yes,Fail,Business,12833
Ileane Margarson,15/10/2019,"{'Python': 3, 'C#': 5, 'R': 2, 'PHP': 1, 'JavaScript': 6}","['Passionate', 'Perfectionism']","['Overbearing', 'Controlling', 'Chaotic']",Yes,Yes,Yes,Pass,Business,12834
Thaxter Vanyushin,24/10/2019,"{'Python': 4, 'Ruby': 6, 'R': 2, 'JavaScript': 4}","['Consistent', 'Reliable']",['Immature'],Yes,Yes,Yes,Pass,Business,12835
Marquita Gatehouse,09/10/2019,"{'Python': 1, 'JavaScript': 3}","['Altruism', 'Patient']","['Chaotic', 'Critical']",Yes,Yes,Yes,Pass,Data,12836
Gordan Delgadillo,03/10/2019,"{'Python': 5, 'C#': 3, 'Java': 1}","['Problem Solving', 'Determined']",['Procrastination'],Yes,Yes,Yes,Pass,Data,12837
Mateo Hanburry,15/10/2019,"{'C#': 3, 'Java': 5, 'C++': 3}",['Perfectionism'],['Conventional'],No,Yes,Yes,Fail,Business,12838
Joann Aspinwall,01/10/2019,"{'Python': 1, 'Java': 2, 'Ruby': 3, 'R': 2, 'SPSS': 2, 'C++': 4}","['Reliable', 'Problem Solving']","['Critical', 'Passive', 'Anxious']",Yes,Yes,Yes,Pass,Data,12839
Jordain Offen,16/10/2019,"{'Java': 3, 'Ruby': 1}","['Rational', 'Ambitious', 'Problem Solving']",['Slow'],Yes,Yes,Yes,Pass,Engineering,12840
Barnie Jersh,10/10/2019,"{'C#': 2, 'Ruby': 2, 'R': 2}","['Perfectionism', 'Curious', 'Courteous']",['Overbearing'],Yes,Yes,Yes,Pass,Engineering,12841
Ferdie Mullinger,03/10/2019,"{'Ruby': 1, 'C++': 3}","['Empathy', 'Versatile']","['Slow', 'Impatient']",Yes,No,Yes,Fail,Business,12842
Gisela Andrea,29/10/2019,"{'Java': 1, 'R': 1, 'PHP': 2}","['Empathy', 'Competitive']","['Overbearing', 'Indifferent', 'Slow']",Yes,Yes,Yes,Pass,Data,12843
Decca Rayburn,08/10/2019,"{'Java': 3, 'R': 1, 'PHP': 1}","['Curious', 'Versatile', 'Altruism']","['Chatty', 'Impulsive', 'Indecisive']",Yes,No,Yes,Fail,Engineering,12844
Antony Eckert,02/10/2019,"{'Ruby': 3, 'R': 1, 'PHP': 5}","['Ambitious', 'Composure', 'Competitive']",['Intolerant'],Yes,Yes,Yes,Pass,Business,12845
Pryce Playden,02/10/2019,"{'Python': 1, 'Java': 4, 'C++': 4, 'JavaScript': 3}","['Empathy', 'Organisation', 'Composure']","['Passive', 'Impulsive', 'Chaotic']",Yes,Yes,Yes,Pass,Business,12846
Vanny Grimsditch,24/10/2019,"{'Java': 2, 'PHP': 4}","['Problem Solving', 'Charisma']","['Selfish', 'Procrastination']",Yes,Yes,Yes,Fail,Data,12847
Blondy Docker,02/10/2019,"{'R': 5, 'SPSS': 2, 'JavaScript': 7}","['Courteous', 'Versatile']","['Perfectionist', 'Selfish', 'Undisciplined']",Yes,Yes,Yes,Fail,Data,12848
Patrice Hawkshaw,02/10/2019,"{'C#': 3, 'Java': 4, 'Ruby': 3, 'SPSS': 2}","['Perfectionism', 'Curious']","['Overbearing', 'Undisciplined']",Yes,Yes,Yes,Pass,Engineering,12849
Sallyann Jacobi,01/10/2019,"{'C#': 2, 'Java': 2, 'Ruby': 6, 'R': 1, 'SPSS': 1, 'JavaScript': 4}","['Competitive', 'Ambitious', 'Rational']",['Sensitive'],Yes,No,Yes,Fail,Business,12850
Jori Riseley,24/10/2019,,"['Courteous', 'Patient']","['Controlling', 'Anxious']",Yes,Yes,Yes,Pass,Engineering,12851
Robbie Vizor,29/10/2019,"{'Python': 3, 'C#': 6, 'Java': 3, 'Ruby': 2}",['Listening'],"['Impulsive', 'Competitive', 'Conventional']",Yes,Yes,Yes,Pass,Engineering,12852
Tory Aireton,23/10/2019,"{'C#': 3, 'C++': 1}",['Ambitious'],"['Immature', 'Perfectionist']",Yes,Yes,Yes,Pass,Engineering,12853
Kelly Coneybeer,24/10/2019,"{'C#': 4, 'Ruby': 4, 'SPSS': 2, 'PHP': 5, 'C++': 4}",['Passionate'],"['Stubborn', 'Indifferent']",Yes,Yes,Yes,Pass,Engineering,12854
Tucky Henstridge,17/10/2019,"{'Python': 3, 'C#': 3, 'Ruby': 3, 'C++': 1}","['Altruism', 'Determined', 'Efficient']","['Conventional', 'Distracted']",Yes,Yes,Yes,Pass,Data,12855
Hale Severns,31/10/2019,"{'Java': 4, 'R': 2}","['Organisation', 'Listening']",['Competitive'],Yes,Yes,Yes,Pass,Data,12856
Idalina Nesby,08/10/2019,"{'Ruby': 2, 'C++': 5, 'JavaScript': 1}","['Passionate', 'Innovative', 'Collaboration']","['Anxious', 'Competitive']",Yes,Yes,Yes,Pass,Engineering,12857
Luisa Griffe,30/10/2019,{'SPSS': 1},"['Charisma', 'Independent']","['Introverted', 'Critical', 'Chatty']",Yes,Yes,Yes,Pass,Business,12858
Gibbie Creyke,08/10/2019,"{'R': 1, 'PHP': 1, 'C++': 1}","['Patient', 'Versatile']","['Controlling', 'Indifferent']",Yes,Yes,Yes,Pass,Data,12859
Agustin Boog,01/10/2019,"{'R': 3, 'PHP': 2, 'C++': 1, 'JavaScript': 1}","['Charisma', 'Collaboration']","['Immature', 'Controlling']",Yes,Yes,Yes,Pass,Engineering,12860
Hogan Raffan,15/10/2019,"{'Python': 3, 'Java': 3}","['Rational', 'Efficient']","['Passive', 'Chatty']",No,Yes,Yes,Fail,Business,12861
Evelina Owens,02/10/2019,"{'Ruby': 6, 'C++': 2, 'JavaScript': 4}","['Competitive', 'Versatile', 'Independent']","['Sensitive', 'Controlling']",No,Yes,Yes,Fail,Engineering,12862
Fiann Parmeter,01/10/2019,"{'C#': 5, 'SPSS': 3}","['Innovative', 'Ambitious', 'Altruism']",['Undisciplined'],Yes,Yes,Yes,Pass,Data,12863
Englebert Hedman,16/10/2019,"{'Java': 5, 'Ruby': 2, 'C++': 3}",['Competitive'],"['Impatient', 'Distracted']",No,Yes,Yes,Fail,Data,12864
Linette Gilhoolie,01/10/2019,"{'Python': 5, 'Java': 1, 'R': 2, 'SPSS': 2, 'C++': 1}",['Empathy'],['Indifferent'],Yes,Yes,Yes,Pass,Business,12865
Ame O'Keaveny,22/10/2019,"{'Python': 5, 'C#': 4, 'Ruby': 3, 'R': 5, 'JavaScript': 4}",['Listening'],"['Chaotic', 'Controlling']",No,Yes,Yes,Fail,Business,12866
Sheff Waleworke,22/10/2019,"{'Python': 5, 'SPSS': 5}","['Reliable', 'Listening', 'Charisma']",['Controlling'],Yes,Yes,Yes,Pass,Data,12867
Leese Tuffey,22/10/2019,"{'Python': 4, 'C#': 2, 'Ruby': 4}","['Competitive', 'Courteous']","['Immature', 'Introverted', 'Chaotic']",Yes,Yes,Yes,Pass,Engineering,12868
Almeda Jeppe,24/10/2019,"{'Python': 2, 'R': 3}","['Creative', 'Consistent']","['Overbearing', 'Introverted']",Yes,No,Yes,Fail,Engineering,12869
Celesta Linturn,23/10/2019,"{'Python': 6, 'JavaScript': 2}",['Critical Thinking'],"['Indecisive', 'Stubborn', 'Anxious']",Yes,Yes,Yes,Pass,Engineering,12870
Heddi Vernay,22/10/2019,"{'Java': 3, 'Ruby': 3, 'R': 1, 'C++': 5}","['Critical Thinking', 'Courteous']","['Selfish', 'Sensitive']",No,Yes,Yes,Fail,Engineering,12871
Sandy Droogan,17/10/2019,"{'C#': 8, 'PHP': 2, 'C++': 5}","['Versatile', 'Listening']","['Chaotic', 'Passive']",Yes,Yes,Yes,Pass,Data,12872
Elvera Gorman,16/10/2019,"{'R': 6, 'JavaScript': 2}","['Courteous', 'Empathy', 'Composure']",['Chatty'],Yes,Yes,Yes,Pass,Engineering,12873
Giselbert Scarborough,22/10/2019,"{'Java': 3, 'JavaScript': 4}","['Listening', 'Reliable', 'Determined']",['Chatty'],Yes,Yes,Yes,Fail,Engineering,12874
Drucy Adolthine,17/10/2019,"{'Python': 1, 'C#': 2, 'Java': 4, 'Ruby': 2, 'C++': 4, 'JavaScript': 3}",['Versatile'],['Conventional'],Yes,Yes,Yes,Pass,Data,12875
Nevile Clelle,08/10/2019,"{'C#': 1, 'Ruby': 5, 'C++': 2, 'JavaScript': 3}",['Altruism'],"['Passive', 'Selfish', 'Perfectionist']",Yes,Yes,Yes,Pass,Data,12876
Jacklin Kupka,09/10/2019,"{'Python': 1, 'C#': 5, 'SPSS': 1, 'C++': 4, 'JavaScript': 2}","['Reliable', 'Independent', 'Determined']","['Stubborn', 'Introverted']",Yes,Yes,Yes,Pass,Engineering,12877
Barrie Baumler,22/10/2019,"{'Python': 1, 'Ruby': 4, 'PHP': 2, 'C++': 3, 'JavaScript': 3}","['Independent', 'Versatile', 'Composure']",['Chatty'],Yes,Yes,Yes,Pass,Business,12878
Othilia Hutton,22/10/2019,"{'Python': 1, 'Ruby': 2, 'C++': 1}",['Versatile'],"['Introverted', 'Anxious']",Yes,Yes,Yes,Pass,Data,12879
Dyna Cristofano,17/10/2019,"{'Ruby': 4, 'SPSS': 2, 'PHP': 6, 'JavaScript': 2}","['Altruism', 'Collaboration', 'Perfectionism']","['Competitive', 'Impatient']",Yes,No,Yes,Fail,Engineering,12880
Creighton Estrella,15/10/2019,"{'Java': 3, 'Ruby': 2, 'PHP': 3, 'C++': 2}","['Rational', 'Courteous', 'Ambitious']",['Indecisive'],Yes,Yes,Yes,Pass,Business,12881
Kaycee Mattusevich,30/10/2019,"{'C#': 3, 'PHP': 4, 'C++': 5, 'JavaScript': 4}","['Curious', 'Empathy']",['Undisciplined'],Yes,Yes,Yes,Pass,Data,12882
Bryna Delle,15/10/2019,"{'R': 3, 'C++': 7, 'JavaScript': 6}",['Creative'],"['Stubborn', 'Indifferent', 'Perfectionist']",Yes,Yes,Yes,Pass,Engineering,12883
Rodrick Macnucator,09/10/2019,"{'Python': 5, 'C#': 1, 'Java': 1, 'C++': 1}","['Composure', 'Consistent', 'Versatile']","['Chaotic', 'Indifferent', 'Intolerant']",Yes,No,Yes,Fail,Engineering,12884
Arielle Donati,30/10/2019,{'R': 3},"['Creative', 'Empathy', 'Composure']","['Immature', 'Selfish', 'Chatty']",Yes,No,Yes,Fail,Engineering,12885
Cristy Rutledge,15/10/2019,"{'Python': 3, 'SPSS': 3}",['Innovative'],"['Slow', 'Impulsive', 'Indifferent']",Yes,Yes,Yes,Pass,Engineering,12886
Amaleta Alred,02/10/2019,{'Python': 4},"['Organisation', 'Reliable']",['Impatient'],Yes,Yes,Yes,Pass,Data,12887
Daren Ouchterlony,02/10/2019,"{'C#': 5, 'Java': 5, 'Ruby': 3, 'C++': 2}","['Critical Thinking', 'Versatile', 'Rational']","['Immature', 'Sensitive', 'Distracted']",Yes,Yes,Yes,Fail,Engineering,12888
Hyacinth Meron,17/10/2019,"{'Ruby': 1, 'SPSS': 3, 'C++': 4}","['Consistent', 'Empathy']",['Intolerant'],Yes,Yes,Yes,Pass,Business,12889
Dru Pabel,17/10/2019,"{'Python': 2, 'Java': 4}",['Creative'],"['Indecisive', 'Competitive']",Yes,Yes,Yes,Pass,Business,12890
Di Simonich,30/10/2019,"{'Python': 3, 'Ruby': 1, 'PHP': 5}","['Empathy', 'Ambitious', 'Altruism']","['Procrastination', 'Anxious']",Yes,Yes,Yes,Pass,Engineering,12891
Annadiana Lumsden,30/10/2019,"{'Python': 4, 'C#': 1, 'SPSS': 1, 'PHP': 2}","['Problem Solving', 'Creative', 'Charisma']","['Indifferent', 'Impatient', 'Sensitive']",Yes,Yes,No,Fail,Engineering,12892
Justinian Luscott,02/10/2019,"{'Java': 1, 'C++': 1}",['Courteous'],['Overbearing'],Yes,Yes,Yes,Pass,Data,12893
Otha Kimm,29/10/2019,"{'C#': 2, 'Ruby': 3, 'PHP': 4}","['Critical Thinking', 'Curious']",['Introverted'],Yes,Yes,Yes,Pass,Business,12894
Chico Headley,29/10/2019,"{'Python': 1, 'Java': 3, 'C++': 2, 'JavaScript': 2}","['Versatile', 'Composure', 'Competitive']","['Stubborn', 'Indifferent']",Yes,Yes,Yes,Fail,Business,12895
Bren Tomei,03/10/2019,"{'R': 2, 'SPSS': 4, 'JavaScript': 3}",['Competitive'],"['Conventional', 'Chaotic']",Yes,Yes,Yes,Pass,Data,12896
Izabel Masters,03/10/2019,"{'Python': 5, 'C#': 6, 'C++': 2}","['Passionate', 'Organisation']","['Impulsive', 'Critical', 'Chatty']",Yes,Yes,Yes,Fail,Engineering,12897
Codi Kear,15/10/2019,"{'C#': 4, 'R': 3, 'SPSS': 4, 'JavaScript': 5}","['Creative', 'Rational', 'Determined']",['Anxious'],Yes,Yes,Yes,Pass,Business,12898
Chrisy Kesey,10/10/2019,{'Python': 4},['Independent'],"['Chaotic', 'Competitive']",Yes,Yes,Yes,Pass,Data,12899
Michell Fishlock,02/10/2019,,"['Problem Solving', 'Innovative', 'Efficient']","['Procrastination', 'Immature', 'Controlling']",Yes,Yes,Yes,Pass,Data,12900
Madalyn Facey,15/10/2019,"{'Python': 2, 'R': 1, 'PHP': 1}",['Reliable'],"['Selfish', 'Distracted']",Yes,Yes,Yes,Pass,Data,12901
Engelbert Palatino,16/10/2019,"{'Python': 5, 'SPSS': 1, 'PHP': 1, 'JavaScript': 3}","['Determined', 'Passionate']","['Chaotic', 'Passive']",Yes,Yes,Yes,Pass,Engineering,12902
Mariel Dei,02/10/2019,{'C++': 2},"['Ambitious', 'Passionate', 'Perfectionism']","['Perfectionist', 'Impatient']",Yes,No,Yes,Fail,Data,12903
Odella Hurne,02/10/2019,"{'Python': 1, 'C#': 6, 'PHP': 3, 'C++': 2}","['Ambitious', 'Problem Solving', 'Empathy']",['Slow'],Yes,Yes,Yes,Pass,Business,12904
Terza Girdwood,22/10/2019,"{'Ruby': 3, 'R': 5, 'SPSS': 3}","['Reliable', 'Problem Solving', 'Rational']","['Distracted', 'Impatient']",Yes,Yes,Yes,Fail,Business,12905
Skyler Pendre,08/10/2019,{'Java': 1},"['Listening', 'Creative']","['Intolerant', 'Sensitive', 'Conventional']",Yes,Yes,Yes,Fail,Data,12906
Nial Ipsly,23/10/2019,"{'Ruby': 3, 'R': 1}","['Collaboration', 'Charisma']","['Chatty', 'Slow', 'Anxious']",No,No,Yes,Fail,Engineering,12907
Archambault Evanson,31/10/2019,"{'C#': 3, 'Java': 3, 'Ruby': 5}","['Listening', 'Altruism']",['Chatty'],Yes,Yes,Yes,Pass,Data,12908
Caren Puig,16/10/2019,"{'Python': 3, 'C#': 2, 'Java': 2, 'SPSS': 2, 'C++': 2}","['Critical Thinking', 'Collaboration']","['Stubborn', 'Conventional']",Yes,Yes,Yes,Pass,Business,12909
Ashlin Shone,03/10/2019,"{'Python': 1, 'C++': 2}","['Charisma', 'Efficient', 'Reliable']","['Controlling', 'Indifferent']",Yes,Yes,Yes,Pass,Business,12910
Marmaduke Kiefer,16/10/2019,{'SPSS': 1},"['Perfectionism', 'Charisma', 'Competitive']",['Slow'],Yes,Yes,Yes,Pass,Business,12911
Lola Ebsworth,30/10/2019,"{'Python': 1, 'C#': 2, 'PHP': 1}","['Determined', 'Efficient']","['Conventional', 'Distracted', 'Stubborn']",No,Yes,Yes,Fail,Business,12912
Gabi Fice,16/10/2019,"{'Ruby': 3, 'C++': 4}","['Curious', 'Passionate', 'Efficient']",['Critical'],No,Yes,Yes,Fail,Data,12913
Heida Cossom,03/10/2019,"{'Python': 1, 'R': 1, 'C++': 6}","['Determined', 'Courteous', 'Passionate']","['Stubborn', 'Chatty']",Yes,Yes,Yes,Pass,Business,12914
Tildie Joselevitz,22/10/2019,,['Creative'],['Immature'],Yes,Yes,Yes,Fail,Business,12915
Lorin Jozef,17/10/2019,"{'Python': 2, 'C#': 2, 'Java': 3, 'Ruby': 2, 'SPSS': 1}","['Empathy', 'Listening', 'Versatile']",['Chaotic'],No,No,Yes,Fail,Engineering,12916
Tiffi Reddlesden,16/10/2019,"{'Python': 2, 'Java': 4}","['Empathy', 'Passionate', 'Altruism']","['Sensitive', 'Indecisive', 'Chatty']",Yes,Yes,Yes,Pass,Data,12917
Nicola Lavall,08/10/2019,"{'Python': 1, 'Ruby': 4, 'R': 4}","['Independent', 'Perfectionism', 'Listening']","['Anxious', 'Perfectionist']",Yes,Yes,Yes,Pass,Business,12918
Mirabelle Tidder,16/10/2019,"{'Java': 3, 'PHP': 2, 'C++': 3}","['Listening', 'Problem Solving', 'Curious']","['Chaotic', 'Intolerant']",Yes,Yes,Yes,Fail,Engineering,12919
Oby Tomlin,23/10/2019,"{'Python': 7, 'Ruby': 1, 'C++': 2}",['Empathy'],"['Chaotic', 'Conventional', 'Sensitive']",Yes,Yes,Yes,Pass,Data,12920
Ron Fincke,08/10/2019,"{'Python': 3, 'Java': 4}","['Patient', 'Independent']",['Undisciplined'],Yes,Yes,Yes,Pass,Business,12921
Lorrin Tremblot,29/10/2019,"{'R': 3, 'SPSS': 5, 'PHP': 1}",['Empathy'],['Sensitive'],Yes,Yes,Yes,Pass,Engineering,12922
Tymothy Titchard,15/10/2019,"{'Python': 1, 'C#': 3, 'Java': 2, 'R': 4, 'SPSS': 3, 'C++': 3}",['Determined'],"['Impulsive', 'Perfectionist', 'Indecisive']",Yes,Yes,Yes,Pass,Data,12923
Yolane Lowsely,31/10/2019,"{'Java': 4, 'R': 3}",['Passionate'],"['Selfish', 'Procrastination', 'Sensitive']",Yes,Yes,No,Fail,Business,12924
Ammamaria Tassell,10/10/2019,"{'Java': 6, 'Ruby': 5}","['Creative', 'Rational']","['Undisciplined', 'Introverted']",No,Yes,No,Fail,Business,12925
Misty Pitt,17//10/2019,"{'Python': 3, 'Java': 7, 'R': 4, 'PHP': 3}","['Innovative', 'Perfectionism', 'Charisma']","['Intolerant', 'Controlling']",Yes,Yes,Yes,Pass,Business,12926
Vernor D'Almeida,17/10/2019,"{'PHP': 2, 'C++': 5}","['Determined', 'Patient']",['Procrastination'],Yes,Yes,Yes,Pass,Business,12927
Brittan Mouat,17/10/2019,"{'Java': 2, 'Ruby': 3, 'C++': 5, 'JavaScript': 6}","['Altruism', 'Patient']","['Impulsive', 'Slow', 'Controlling']",Yes,Yes,Yes,Pass,Data,12928
Pearla Durtnell,01/10/2019,"{'Ruby': 4, 'R': 2, 'SPSS': 2, 'C++': 3, 'JavaScript': 1}",['Courteous'],['Anxious'],Yes,No,Yes,Fail,Data,12929
Waylan Gors,24/10/2019,"{'C#': 6, 'Ruby': 3, 'SPSS': 3, 'JavaScript': 3}",['Passionate'],"['Slow', 'Selfish', 'Passive']",Yes,Yes,Yes,Pass,Data,12930
Cortney Rudeyeard,02/10/2019,"{'Python': 3, 'Java': 1, 'R': 2, 'JavaScript': 2}",['Listening'],"['Distracted', 'Conventional']",Yes,No,No,Fail,Engineering,12931
Elita Foch,16/10/2019,"{'Java': 2, 'SPSS': 5, 'PHP': 3}","['Problem Solving', 'Innovative']","['Impulsive', 'Overbearing']",Yes,Yes,Yes,Pass,Data,12932
Loralie Exroll,10/10/2019,"{'Python': 5, 'C#': 2, 'Ruby': 4, 'SPSS': 2, 'PHP': 1}",['Competitive'],['Distracted'],Yes,Yes,Yes,Pass,Engineering,12933
Locke Lacelett,15/10/2019,"{'C#': 1, 'Java': 2, 'R': 4, 'PHP': 1}","['Empathy', 'Charisma']","['Selfish', 'Indifferent', 'Critical']",Yes,Yes,Yes,Pass,Engineering,12934
Doralia Gapper,09/10/2019,"{'Python': 2, 'Java': 2, 'Ruby': 2, 'SPSS': 1}","['Consistent', 'Versatile', 'Critical Thinking']",['Indifferent'],Yes,Yes,Yes,Pass,Business,12935
Daren Windrum,15/10/2019,"{'C#': 2, 'R': 2, 'C++': 1}","['Patient', 'Altruism', 'Versatile']","['Competitive', 'Impatient', 'Indifferent']",Yes,Yes,No,Fail,Data,12936
Den Roman,17/10/2019,"{'Ruby': 2, 'R': 2}","['Efficient', 'Consistent']","['Undisciplined', 'Anxious']",Yes,Yes,Yes,Pass,Engineering,12937
Katleen Trunks,02/10/2019,"{'Python': 5, 'C#': 1, 'SPSS': 3, 'C++': 2, 'JavaScript': 3}",['Innovative'],"['Perfectionist', 'Overbearing', 'Impulsive']",Yes,Yes,Yes,Pass,Business,12938
Romy Nother,24//10/2019,"{'Java': 3, 'Ruby': 2}",['Passionate'],"['Intolerant', 'Critical', 'Perfectionist']",Yes,No,Yes,Fail,Business,12939
Caria Trillow,15/10/2019,"{'Java': 5, 'Ruby': 3, 'SPSS': 2, 'C++': 5}",['Listening'],"['Stubborn', 'Distracted', 'Chaotic']",Yes,Yes,No,Fail,Engineering,12940
Gail Paffot,02/10/2019,"{'R': 1, 'PHP': 4, 'C++': 5}","['Efficient', 'Ambitious']",['Procrastination'],No,Yes,No,Fail,Business,12941
Candie Senner,01/10/2019,"{'C#': 5, 'Java': 1, 'Ruby': 2, 'SPSS': 1}","['Determined', 'Collaboration']","['Critical', 'Impatient', 'Passive']",Yes,Yes,Yes,Pass,Data,12942
Doe Eisold,09/10/2019,,['Consistent'],"['Chatty', 'Selfish', 'Slow']",Yes,Yes,Yes,Pass,Engineering,12943
Judy Finders,09/10/2019,"{'Python': 1, 'Java': 1, 'R': 1, 'SPSS': 1, 'PHP': 3, 'JavaScript': 1}","['Innovative', 'Problem Solving']","['Chaotic', 'Chatty']",No,Yes,Yes,Fail,Engineering,12944
Ezequiel Cotsford,17/10/2019,"{'C#': 6, 'R': 3, 'SPSS': 3, 'JavaScript': 1}","['Rational', 'Perfectionism']","['Anxious', 'Indecisive', 'Overbearing']",No,Yes,Yes,Fail,Engineering,12945
Adel Cranmor,08/10/2019,"{'Java': 4, 'Ruby': 6, 'R': 3}",['Passionate'],"['Stubborn', 'Passive', 'Distracted']",Yes,Yes,Yes,Pass,Data,12946
Graehme Seamer,30/10/2019,"{'Ruby': 5, 'R': 3}",['Competitive'],"['Procrastination', 'Passive']",Yes,No,Yes,Fail,Business,12947
Graehme Seamer,30/10/2019,"{'Ruby': 5, 'R': 3}",['Competitive'],"['Procrastination', 'Passive']",Yes,No,Yes,Fail,Business,12948
Sadella Dufoure,08/10/2019,"{'Java': 8, 'SPSS': 1, 'C++': 4}","['Empathy', 'Competitive']","['Conventional', 'Chaotic', 'Indecisive']",No,Yes,No,Fail,Business,12949
Hobard Gaynes,10/10/2019,"{'Java': 4, 'R': 2, 'JavaScript': 1}",['Curious'],"['Passive', 'Impulsive']",No,Yes,Yes,Fail,Data,12950
Lelia Shingles,23/10/2019,"{'Ruby': 4, 'R': 3}","['Listening', 'Versatile', 'Empathy']","['Immature', 'Stubborn', 'Perfectionist']",Yes,Yes,Yes,Pass,Business,12951
Pier Spatig,30/10/2019,"{'Python': 2, 'C#': 3}","['Problem Solving', 'Independent', 'Consistent']","['Indifferent', 'Anxious']",Yes,Yes,Yes,Pass,Data,12952
Clevie Bowsher,10/10/2019,"{'C#': 3, 'SPSS': 2, 'C++': 1}",['Courteous'],"['Introverted', 'Overbearing', 'Impatient']",Yes,Yes,Yes,Pass,Business,12953
Winona Carlaw,16/10/2019,"{'Java': 2, 'C++': 4, 'JavaScript': 4}","['Consistent', 'Altruism']",['Introverted'],Yes,Yes,Yes,Pass,Data,12954
Dulcine Duffil,04/09/2019,,"['Determined', 'Collaboration', 'Passionate']",['Selfish'],Yes,Yes,Yes,Pass,Engineering,12955
Sunshine Backshall,24/09/2019,"{'C#': 8, 'R': 2, 'SPSS': 7, 'C++': 2}","['Perfectionism', 'Efficient']","['Conventional', 'Chaotic']",Yes,Yes,Yes,Pass,Data,12956
Manon Clutterham,11/09/2019,"{'SPSS': 7, 'JavaScript': 3}","['Organisation', 'Passionate']",['Intolerant'],Yes,Yes,Yes,Pass,Data,12957
Baird Reynoollds,12/09/2019,"{'Python': 4, 'R': 3, 'JavaScript': 1}","['Ambitious', 'Empathy']","['Critical', 'Impulsive', 'Indecisive']",Yes,Yes,Yes,Pass,Data,12958
Dorri Mcmillian,19/09/2019,{'Java': 3},['Creative'],['Overbearing'],Yes,Yes,Yes,Pass,Engineering,12959
Gifford Ganter,18/09/2019,"{'C#': 3, 'C++': 1}","['Problem Solving', 'Rational', 'Innovative']","['Competitive', 'Stubborn', 'Anxious']",Yes,Yes,Yes,Pass,Engineering,12960
Rickie Burkert,25/09/2019,{'Ruby': 3},['Determined'],['Undisciplined'],Yes,Yes,Yes,Pass,Data,12961
Ramon Hinchcliffe,11/09/2019,"{'Java': 5, 'R': 4, 'JavaScript': 2}",['Empathy'],['Introverted'],Yes,Yes,Yes,Fail,Business,12962
Vivian Syson,04/09/2019,{'Python': 5},"['Passionate', 'Creative', 'Collaboration']","['Chaotic', 'Procrastination']",Yes,Yes,Yes,Pass,Engineering,12963
Herta Stainer,04/09/2019,"{'C#': 1, 'Ruby': 2, 'SPSS': 2, 'PHP': 1}","['Curious', 'Consistent', 'Rational']","['Intolerant', 'Undisciplined']",Yes,Yes,Yes,Pass,Data,12964
Alejandro Broggetti,03/09/2019,"{'Java': 4, 'R': 4, 'C++': 1}","['Composure', 'Collaboration', 'Determined']","['Impatient', 'Overbearing', 'Perfectionist']",Yes,Yes,Yes,Pass,Data,12965
Jenine Ivashkov,11/09/2019,"{'Python': 4, 'C#': 2, 'Java': 2, 'Ruby': 6, 'JavaScript': 2}","['Determined', 'Versatile']",['Conventional'],Yes,Yes,Yes,Pass,Engineering,12966
Weylin Chong,18/09/2019,"{'Java': 3, 'PHP': 4}","['Perfectionism', 'Creative']","['Procrastination', 'Anxious']",Yes,No,Yes,Fail,Data,12967
Duffie Hanscombe,17/09/2019,"{'C#': 5, 'Java': 5}",['Determined'],['Indifferent'],Yes,No,No,Fail,Data,12968
Pebrook Eydel,11/09/2019,"{'C#': 3, 'R': 3}",['Empathy'],['Anxious'],Yes,Yes,Yes,Pass,Business,12969
Simonne Merman,03/09/2019,"{'C#': 3, 'Java': 5, 'R': 5, 'C++': 4}",['Listening'],"['Impulsive', 'Chaotic', 'Indecisive']",Yes,No,Yes,Fail,Engineering,12970
Isacco Matuschek,17/09/2019,"{'Python': 3, 'R': 4, 'PHP': 4, 'JavaScript': 6}","['Ambitious', 'Creative', 'Consistent']","['Distracted', 'Conventional']",Yes,Yes,Yes,Pass,Data,12971
Dorice Slides,18/09/2019,"{'Python': 3, 'PHP': 4}",['Organisation'],['Selfish'],Yes,Yes,Yes,Pass,Business,12972
Fernando Howchin,12/09/2019,"{'C#': 3, 'PHP': 2, 'JavaScript': 1}","['Organisation', 'Curious', 'Competitive']","['Chatty', 'Critical']",Yes,Yes,Yes,Pass,Data,12973
Omero Shill,04/09/2019,"{'R': 4, 'PHP': 4}",['Ambitious'],['Sensitive'],Yes,Yes,Yes,Pass,Business,12974
Zorah Grasser,19/09/2019,"{'Python': 2, 'C#': 4}","['Independent', 'Reliable']",['Conventional'],Yes,Yes,Yes,Pass,Engineering,12975
Sumner Kop,18/09/2019,{'R': 4},"['Critical Thinking', 'Patient']","['Distracted', 'Stubborn', 'Perfectionist']",No,Yes,Yes,Fail,Data,12976
Dana Boldra,19/09/2019,"{'Java': 2, 'Ruby': 3}","['Composure', 'Perfectionism', 'Listening']","['Competitive', 'Controlling', 'Indifferent']",Yes,Yes,No,Fail,Data,12977
Delmore Mcknish,18/09/2019,"{'Java': 2, 'JavaScript': 4}","['Charisma', 'Passionate', 'Versatile']","['Competitive', 'Procrastination']",Yes,No,Yes,Fail,Engineering,12978
Schuyler Mckimm,18/09/2019,"{'C#': 1, 'SPSS': 6, 'PHP': 3, 'C++': 5, 'JavaScript': 2}",['Perfectionism'],"['Competitive', 'Introverted', 'Procrastination']",Yes,Yes,Yes,Pass,Engineering,12979
Andriana Dunniom,25/09/2019,"{'Python': 2, 'Ruby': 1}",['Creative'],['Undisciplined'],No,Yes,Yes,Fail,Engineering,12980
Sherwin Mcilwraith,25/09/2019,"{'Java': 3, 'R': 4, 'JavaScript': 3}","['Versatile', 'Independent']","['Intolerant', 'Introverted']",Yes,Yes,Yes,Pass,Business,12981
Barton Harpin,12/09/2019,"{'C#': 4, 'Ruby': 6}",['Reliable'],"['Indecisive', 'Slow', 'Critical']",Yes,Yes,No,Fail,Engineering,12982
Iolande Trevers,25/09/2019,"{'Python': 1, 'PHP': 2, 'C++': 2}","['Creative', 'Ambitious', 'Consistent']","['Intolerant', 'Distracted', 'Conventional']",Yes,No,Yes,Fail,Engineering,12983
Vachel Caren,04/09/2019,"{'C#': 1, 'SPSS': 2, 'JavaScript': 2}",['Critical Thinking'],"['Conventional', 'Immature']",Yes,Yes,No,Fail,Business,12984
Oralla Copelli,25/09/2019,{'C++': 7},['Collaboration'],"['Indecisive', 'Chatty', 'Sensitive']",Yes,Yes,Yes,Pass,Business,12985
Donovan Whistan,18/09/2019,"{'R': 2, 'SPSS': 4}","['Altruism', 'Rational', 'Versatile']","['Indifferent', 'Overbearing', 'Selfish']",Yes,Yes,Yes,Pass,Engineering,12986
Vinson Trappe,26/09/2019,"{'Python': 3, 'Ruby': 3, 'C++': 2, 'JavaScript': 1}",['Composure'],['Indecisive'],Yes,Yes,Yes,Pass,Data,12987
Ruperta Illesley,26/09/2019,"{'Python': 2, 'C#': 3, 'PHP': 1}","['Curious', 'Determined']","['Immature', 'Anxious']",Yes,No,No,Fail,Engineering,12988
Chrissy Bartholin,11/09/2019,,['Versatile'],"['Chaotic', 'Anxious']",Yes,Yes,Yes,Pass,Data,12989
Marsha Coulter,10/09/2019,"{'C#': 1, 'PHP': 6}","['Passionate', 'Competitive']",['Indifferent'],Yes,Yes,Yes,Pass,Business,12990
Arvy Myrkus,05//09/2019,"{'Python': 5, 'C#': 1, 'Ruby': 1}","['Creative', 'Patient', 'Collaboration']","['Immature', 'Chatty']",Yes,Yes,Yes,Fail,Engineering,12991
Jere Amor,11/09/2019,"{'Java': 1, 'JavaScript': 7}","['Problem Solving', 'Rational', 'Efficient']",['Indifferent'],Yes,Yes,Yes,Pass,Data,12992
Adah Silverton,17/09/2019,"{'Python': 4, 'PHP': 1, 'C++': 1}","['Innovative', 'Composure', 'Perfectionism']","['Distracted', 'Anxious', 'Chaotic']",Yes,Yes,Yes,Fail,Business,12993
Amanda Lill,11/09/2019,"{'Python': 1, 'R': 5, 'SPSS': 1, 'PHP': 3}",['Charisma'],"['Overbearing', 'Chatty']",Yes,Yes,No,Fail,Data,12994
Corabella Abells,05/09/2019,"{'Python': 1, 'C#': 3, 'Java': 2}","['Ambitious', 'Creative']","['Chaotic', 'Impatient', 'Indifferent']",Yes,Yes,Yes,Pass,Data,12995
Sherie Veregan,05/09/2019,"{'Python': 2, 'Java': 5, 'Ruby': 1, 'SPSS': 5, 'JavaScript': 2}","['Versatile', 'Composure', 'Altruism']","['Passive', 'Undisciplined']",Yes,Yes,Yes,Pass,Data,12996
Armando Schirak,04/09/2019,"{'Python': 5, 'C#': 1, 'Ruby': 1, 'R': 1}","['Efficient', 'Problem Solving']",['Competitive'],Yes,Yes,Yes,Pass,Engineering,12997
Norene Dericut,10/09/2019,"{'Java': 2, 'Ruby': 1, 'R': 2, 'C++': 3}",['Creative'],['Perfectionist'],Yes,Yes,Yes,Pass,Engineering,12998
Had Veazey,18/09/2019,"{'C#': 1, 'Ruby': 5, 'SPSS': 2}",['Innovative'],"['Chaotic', 'Competitive', 'Slow']",Yes,Yes,Yes,Pass,Engineering,12999
Fiona Sandle,11/09/2019,"{'Ruby': 6, 'SPSS': 6, 'C++': 4, 'JavaScript': 2}",['Competitive'],['Passive'],Yes,Yes,Yes,Pass,Engineering,13000
Immanuel Valek,04/09/2019,"{'Python': 2, 'SPSS': 5, 'PHP': 3, 'C++': 5}",['Altruism'],"['Chatty', 'Controlling']",Yes,No,Yes,Fail,Engineering,13001
Sven Antonescu,18/09/2019,"{'Python': 5, 'R': 2, 'SPSS': 5}",['Courteous'],"['Distracted', 'Introverted', 'Critical']",Yes,Yes,Yes,Pass,Engineering,13002
Fifi Kingsly,26/09/2019,"{'C#': 3, 'Java': 5, 'C++': 1}","['Listening', 'Versatile']","['Impatient', 'Stubborn']",Yes,Yes,Yes,Pass,Business,13003
Malina Casaccia,11/09/2019,"{'Python': 3, 'Java': 6, 'R': 2}",['Collaboration'],['Intolerant'],Yes,Yes,No,Fail,Engineering,13004
Cristal Jeans,17/09/2019,"{'Python': 4, 'Java': 3, 'JavaScript': 4}","['Versatile', 'Ambitious']",['Indecisive'],Yes,Yes,Yes,Pass,Engineering,13005
Chilton Paladino,05/09/2019,"{'C#': 1, 'SPSS': 3}","['Independent', 'Critical Thinking']","['Indifferent', 'Indecisive', 'Distracted']",No,Yes,Yes,Fail,Data,13006
Dale Fewlass,10/09/2019,"{'C#': 2, 'Java': 4}","['Collaboration', 'Charisma']",['Critical'],No,Yes,No,Fail,Business,13007
Matelda Chastenet,12/09/2019,"{'Python': 1, 'C#': 4, 'Java': 4, 'R': 3, 'PHP': 2, 'C++': 6}",['Empathy'],['Procrastination'],Yes,Yes,Yes,Pass,Data,13008
Shamus Attenbarrow,12/09/2019,"{'Python': 3, 'R': 3, 'PHP': 3, 'C++': 4}","['Collaboration', 'Perfectionism', 'Patient']","['Introverted', 'Impatient', 'Distracted']",No,Yes,Yes,Fail,Data,13009
Wilfred Godwyn,10/09/2019,"{'C#': 4, 'Ruby': 5, 'PHP': 2, 'C++': 6, 'JavaScript': 3}",['Consistent'],['Chaotic'],Yes,No,Yes,Fail,Engineering,13010
Grazia Macginney,18/09/2019,"{'C#': 5, 'Ruby': 3, 'JavaScript': 3}","['Critical Thinking', 'Passionate']",['Slow'],Yes,Yes,Yes,Pass,Business,13011
Erek Chadney,19/09/2019,"{'Java': 5, 'Ruby': 2, 'R': 2}","['Critical Thinking', 'Curious', 'Collaboration']",['Procrastination'],Yes,Yes,Yes,Pass,Data,13012
Ruby Larciere,17/09/2019,"{'Ruby': 5, 'SPSS': 4, 'JavaScript': 2}","['Courteous', 'Empathy', 'Creative']","['Chaotic', 'Controlling', 'Perfectionist']",Yes,Yes,Yes,Pass,Engineering,13013
Aila Longo,03/09/2019,"{'R': 2, 'PHP': 1, 'JavaScript': 3}","['Perfectionism', 'Problem Solving', 'Ambitious']","['Impulsive', 'Perfectionist']",Yes,Yes,Yes,Pass,Data,13014
Damon Thompson,03/09/2019,{'C#': 4},"['Organisation', 'Independent']",['Procrastination'],Yes,Yes,Yes,Pass,Engineering,13015
Aldwin Ginman,18/09/2019,{'C++': 6},"['Critical Thinking', 'Independent', 'Efficient']","['Slow', 'Indecisive']",Yes,Yes,Yes,Pass,Data,13016
Wolfie Macieja,17/09/2019,{'JavaScript': 4},"['Passionate', 'Composure', 'Rational']","['Undisciplined', 'Critical']",Yes,Yes,Yes,Pass,Engineering,13017
Andreas Mehmet,11/09/2019,"{'Python': 2, 'C#': 1, 'Ruby': 1, 'R': 3}","['Listening', 'Competitive', 'Ambitious']",['Overbearing'],Yes,Yes,Yes,Pass,Engineering,13018
Elvina Judd,25/09/2019,"{'C#': 5, 'Ruby': 1, 'JavaScript': 6}",['Efficient'],"['Controlling', 'Procrastination']",Yes,Yes,Yes,Pass,Business,13019
Eimile Jobey,25/09/2019,"{'C++': 6, 'JavaScript': 1}","['Critical Thinking', 'Altruism', 'Passionate']","['Selfish', 'Competitive']",Yes,Yes,No,Fail,Engineering,13020
Salmon Blinder,18/09/2019,"{'Python': 1, 'R': 2, 'PHP': 4, 'C++': 2, 'JavaScript': 3}",['Determined'],['Critical'],Yes,Yes,Yes,Pass,Engineering,13021
Irvine Harmson,10/09/2019,"{'Python': 1, 'Ruby': 6, 'SPSS': 2, 'C++': 4}","['Independent', 'Courteous', 'Versatile']",['Procrastination'],Yes,Yes,Yes,Pass,Business,13022
Loria Menlow,12/09/2019,"{'C#': 1, 'Ruby': 6, 'PHP': 4}",['Problem Solving'],"['Intolerant', 'Chaotic', 'Distracted']",Yes,Yes,Yes,Pass,Business,13023
Leyla Threadgold,10/09/2019,"{'C#': 3, 'Ruby': 1, 'R': 1}","['Critical Thinking', 'Problem Solving']",['Perfectionist'],Yes,Yes,Yes,Pass,Data,13024
Davidde Tuohy,17/09/2019,,"['Critical Thinking', 'Competitive', 'Listening']","['Chatty', 'Immature', 'Undisciplined']",No,Yes,Yes,Fail,Business,13025
Keefe Mirfin,11/09/2019,"{'Python': 1, 'Java': 6, 'R': 3, 'SPSS': 4, 'JavaScript': 1}","['Collaboration', 'Efficient']","['Passive', 'Procrastination']",Yes,Yes,Yes,Pass,Business,13026
Trish Cuxon,03/09/2019,"{'Python': 3, 'Ruby': 1, 'C++': 5, 'JavaScript': 7}","['Organisation', 'Independent']","['Impulsive', 'Undisciplined']",No,Yes,Yes,Fail,Data,13027
Wyatt Trippack,11/09/2019,"{'Java': 1, 'JavaScript': 2}","['Critical Thinking', 'Problem Solving', 'Charisma']",['Intolerant'],Yes,Yes,Yes,Pass,Data,13028
Otes Kemster,17/09/2019,"{'Ruby': 2, 'R': 7}","['Collaboration', 'Curious']","['Competitive', 'Controlling']",Yes,Yes,Yes,Pass,Data,13029
Ethelred Cartman,10/09/2019,"{'C#': 6, 'Ruby': 2, 'PHP': 3}",['Independent'],['Stubborn'],Yes,Yes,Yes,Pass,Engineering,13030
Marius De Rechter,05/09/2019,"{'Python': 5, 'C#': 1, 'Java': 1, 'PHP': 1}","['Creative', 'Organisation']","['Overbearing', 'Critical', 'Intolerant']",Yes,No,No,Fail,Business,13031
Arleyne Witch,26/09/2019,"{'Python': 2, 'Java': 3, 'PHP': 3}","['Rational', 'Reliable', 'Critical Thinking']","['Distracted', 'Slow', 'Procrastination']",Yes,Yes,Yes,Pass,Data,13032
Lanni Lavis,26/09/2019,"{'C#': 3, 'Java': 4, 'PHP': 2}","['Patient', 'Charisma']",['Slow'],Yes,Yes,Yes,Pass,Engineering,13033
Jenilee Albury,19/09/2019,"{'C#': 6, 'Ruby': 7, 'SPSS': 1}","['Perfectionism', 'Empathy']",['Intolerant'],Yes,Yes,Yes,Pass,Data,13034
Llywellyn Beckitt,24/09/2019,"{'Python': 3, 'PHP': 2, 'C++': 1}","['Curious', 'Independent', 'Versatile']","['Intolerant', 'Passive', 'Impatient']",Yes,Yes,Yes,Pass,Engineering,13035
Brendan Tithecott,17/09/2019,"{'Python': 2, 'Ruby': 3, 'SPSS': 5, 'PHP': 3, 'JavaScript': 2}","['Rational', 'Consistent']",['Passive'],Yes,Yes,Yes,Pass,Business,13036
Jacinthe Packham,17/09/2019,"{'Python': 3, 'C#': 2, 'SPSS': 2}","['Competitive', 'Creative', 'Patient']","['Selfish', 'Impatient']",Yes,Yes,No,Fail,Engineering,13037
Tadio Colloby,24/09/2019,"{'Ruby': 1, 'SPSS': 1, 'C++': 1, 'JavaScript': 4}",['Altruism'],"['Impulsive', 'Slow']",Yes,Yes,Yes,Pass,Business,13038
Dietrich Sabater,11/09/2019,"{'Python': 3, 'Ruby': 4, 'SPSS': 1, 'C++': 4, 'JavaScript': 4}","['Listening', 'Perfectionism', 'Patient']","['Stubborn', 'Intolerant', 'Slow']",Yes,Yes,Yes,Pass,Data,13039
Baldwin Macbey,10/09/2019,"{'Python': 3, 'C#': 1, 'Java': 7, 'Ruby': 3, 'R': 2, 'PHP': 2}","['Empathy', 'Perfectionism', 'Ambitious']","['Impatient', 'Selfish', 'Indecisive']",Yes,Yes,Yes,Pass,Business,13040
Dotti Crauford,24/09/2019,"{'Python': 3, 'Java': 3, 'SPSS': 3}","['Passionate', 'Problem Solving', 'Consistent']","['Competitive', 'Sensitive']",Yes,Yes,Yes,Pass,Engineering,13041
Torrence Lanegran,10/09/2019,"{'Java': 4, 'Ruby': 4, 'R': 1, 'C++': 1}",['Ambitious'],['Impulsive'],Yes,Yes,Yes,Pass,Data,13042
Lurline Souness,24/09/2019,"{'Python': 5, 'C#': 3, 'Ruby': 2, 'JavaScript': 6}","['Ambitious', 'Patient', 'Reliable']",['Chaotic'],Yes,Yes,Yes,Fail,Data,13043
Pennie Crookshanks,26/09/2019,"{'C#': 5, 'Java': 2, 'Ruby': 2, 'SPSS': 3, 'JavaScript': 2}","['Reliable', 'Patient', 'Listening']",['Immature'],Yes,Yes,Yes,Pass,Data,13044
Wyn Tebb,03/09/2019,"{'Python': 1, 'Ruby': 4, 'C++': 4, 'JavaScript': 3}","['Perfectionism', 'Curious', 'Composure']","['Immature', 'Impatient']",Yes,Yes,No,Fail,Engineering,13045
Buiron Hoofe,26/09/2019,"{'R': 3, 'C++': 3}","['Versatile', 'Determined']","['Passive', 'Stubborn']",Yes,Yes,Yes,Pass,Business,13046
Toma Perrat,03/09/2019,"{'Ruby': 2, 'R': 3, 'C++': 3, 'JavaScript': 3}","['Determined', 'Versatile']","['Impulsive', 'Procrastination']",Yes,Yes,Yes,Pass,Engineering,13047
Cherlyn Mclaverty,19/09/2019,"{'Python': 3, 'Ruby': 2, 'R': 3}","['Composure', 'Organisation', 'Efficient']","['Stubborn', 'Passive', 'Immature']",Yes,No,Yes,Fail,Data,13048
Dorothea Bidnall,11/09/2019,"{'Python': 2, 'C#': 4, 'Ruby': 5}","['Efficient', 'Problem Solving', 'Curious']","['Indifferent', 'Controlling', 'Critical']",Yes,Yes,Yes,Pass,Data,13049
Yorgos Dockery,03/09/2019,"{'Python': 2, 'Ruby': 3, 'PHP': 3}",['Consistent'],['Conventional'],Yes,Yes,Yes,Fail,Data,13050
Vance Fey,04/09/2019,{'SPSS': 4},['Independent'],['Chaotic'],Yes,Yes,Yes,Pass,Engineering,13051
Kahaleel Tatem,18/09/2019,"{'Ruby': 3, 'SPSS': 1, 'C++': 1, 'JavaScript': 3}",['Curious'],['Chatty'],Yes,Yes,Yes,Pass,Data,13052
Renie Ellin,11/09/2019,"{'Ruby': 1, 'SPSS': 3, 'JavaScript': 1}","['Rational', 'Altruism', 'Independent']","['Stubborn', 'Overbearing', 'Chatty']",Yes,No,Yes,Fail,Data,13053
Bevon Clayworth,17//09/2019,"{'Ruby': 7, 'JavaScript': 4}","['Consistent', 'Reliable', 'Determined']","['Conventional', 'Impatient', 'Perfectionist']",Yes,Yes,Yes,Pass,Data,13054
Erek O'Doran,18/09/2019,"{'Python': 2, 'C#': 3, 'Java': 2, 'SPSS': 2, 'C++': 6, 'JavaScript': 1}","['Composure', 'Curious', 'Reliable']",['Conventional'],Yes,No,Yes,Fail,Business,13055
Anestassia Gadman,25/09/2019,"{'Java': 6, 'SPSS': 4}",['Listening'],"['Impulsive', 'Competitive', 'Indifferent']",Yes,Yes,Yes,Pass,Data,13056
Patric Goult,10/09/2019,"{'C#': 3, 'Java': 3, 'JavaScript': 6}",['Composure'],['Critical'],Yes,Yes,Yes,Pass,Data,13057
Keelia Beine,05/09/2019,"{'C#': 2, 'Ruby': 5, 'PHP': 4}","['Critical Thinking', 'Determined']","['Overbearing', 'Distracted', 'Indifferent']",Yes,Yes,Yes,Pass,Engineering,13058
Rayshell Balfe,26/09/2019,"{'Python': 6, 'C#': 3, 'SPSS': 1, 'C++': 2}","['Curious', 'Creative']","['Immature', 'Indecisive', 'Introverted']",Yes,Yes,Yes,Pass,Business,13059
Gery Marchment,11/09/2019,"{'Ruby': 3, 'PHP': 1}","['Organisation', 'Innovative', 'Curious']",['Passive'],Yes,Yes,Yes,Pass,Business,13060
Manfred Swyer-Sexey,04/09/2019,{'C++': 1},['Efficient'],"['Distracted', 'Indecisive']",Yes,No,Yes,Fail,Data,13061
Philomena Cessford,17/09/2019,"{'Python': 5, 'Java': 4, 'JavaScript': 5}",['Charisma'],"['Perfectionist', 'Selfish', 'Chaotic']",Yes,Yes,Yes,Fail,Engineering,13062
Dollie Stailey,05/09/2019,{'Ruby': 4},['Empathy'],"['Undisciplined', 'Conventional']",Yes,Yes,Yes,Pass,Business,13063
Lucina Banaszewski,26/09/2019,"{'C#': 4, 'SPSS': 1, 'PHP': 4}","['Creative', 'Rational']","['Controlling', 'Anxious', 'Chatty']",Yes,Yes,Yes,Pass,Data,13064
Webster Hanratty,04/09/2019,"{'C#': 4, 'Java': 3, 'Ruby': 1, 'R': 6, 'C++': 5, 'JavaScript': 3}",['Altruism'],['Controlling'],No,Yes,Yes,Fail,Engineering,13065
Jennine Erni,10/09/2019,"{'C#': 2, 'Java': 2, 'R': 6, 'SPSS': 1}",['Problem Solving'],"['Conventional', 'Introverted', 'Impulsive']",Yes,Yes,Yes,Pass,Engineering,13066
Carter Kingswold,19/09/2019,"{'Java': 2, 'R': 2, 'SPSS': 3}","['Versatile', 'Empathy', 'Reliable']","['Indifferent', 'Impulsive', 'Chatty']",Yes,Yes,Yes,Pass,Engineering,13067
Reg Gaines,25/09/2019,"{'Python': 1, 'C#': 1, 'PHP': 1, 'C++': 2, 'JavaScript': 1}",['Independent'],"['Anxious', 'Impatient', 'Introverted']",Yes,Yes,No,Fail,Data,13068
Kippy Dallon,03/09/2019,,"['Determined', 'Organisation', 'Problem Solving']",['Competitive'],Yes,Yes,Yes,Pass,Data,13069
Camellia Bette,03/09/2019,"{'C#': 2, 'Java': 3, 'Ruby': 3, 'R': 1, 'SPSS': 3}","['Patient', 'Independent', 'Composure']","['Sensitive', 'Critical', 'Chaotic']",Yes,Yes,Yes,Pass,Engineering,13070
Darya Delafont,25/09/2019,"{'Java': 5, 'PHP': 2, 'C++': 4}",['Critical Thinking'],"['Intolerant', 'Selfish', 'Impatient']",Yes,Yes,Yes,Pass,Data,13071
Myrta Tissell,25/09/2019,,"['Perfectionism', 'Passionate', 'Altruism']",['Slow'],Yes,Yes,Yes,Pass,Engineering,13072
Fiona Goodboddy,17/09/2019,"{'C#': 1, 'C++': 2, 'JavaScript': 6}",['Reliable'],"['Intolerant', 'Impulsive']",Yes,Yes,Yes,Pass,Data,13073
Glynnis Wicken,10/09/2019,"{'Ruby': 2, 'R': 2, 'SPSS': 2, 'C++': 5}","['Rational', 'Perfectionism', 'Reliable']","['Competitive', 'Conventional']",Yes,No,Yes,Fail,Engineering,13074
Hillary Thouless,11/09/2019,{'C#': 3},['Reliable'],"['Passive', 'Chaotic']",No,Yes,Yes,Fail,Data,13075
Myrvyn Jealous,05/09/2019,"{'Python': 6, 'R': 1, 'C++': 2, 'JavaScript': 2}","['Efficient', 'Competitive', 'Listening']","['Controlling', 'Competitive']",Yes,Yes,No,Fail,Engineering,13076
Stephine Kirton,10/09/2019,"{'Java': 5, 'SPSS': 4, 'C++': 1}","['Problem Solving', 'Perfectionism']","['Controlling', 'Overbearing', 'Conventional']",Yes,Yes,Yes,Pass,Data,13077
Agnella Dairton,24/09/2019,"{'Python': 3, 'C#': 1, 'Ruby': 1, 'JavaScript': 4}","['Independent', 'Determined']",['Controlling'],Yes,Yes,Yes,Pass,Engineering,13078
Bryant Losseljong,04/09/2019,"{'Ruby': 3, 'SPSS': 3, 'PHP': 2}","['Innovative', 'Consistent', 'Perfectionism']",['Stubborn'],Yes,Yes,Yes,Pass,Business,13079
Carroll Treasaden,10/09/2019,"{'Ruby': 5, 'PHP': 4}",['Curious'],"['Impulsive', 'Selfish', 'Impatient']",Yes,Yes,No,Fail,Data,13080
Riva Mangeot,10/09/2019,"{'C#': 3, 'C++': 4, 'JavaScript': 1}","['Efficient', 'Collaboration', 'Rational']","['Overbearing', 'Chaotic']",Yes,Yes,Yes,Pass,Business,13081
Boniface Tansley,17/09/2019,"{'C#': 1, 'Ruby': 4, 'R': 4, 'PHP': 1, 'JavaScript': 3}","['Efficient', 'Empathy', 'Courteous']",['Introverted'],Yes,Yes,Yes,Pass,Engineering,13082
Mariel Bartel,11/09/2019,"{'C#': 5, 'Java': 4, 'Ruby': 3, 'R': 6, 'PHP': 1, 'JavaScript': 2}","['Charisma', 'Reliable', 'Curious']",['Chatty'],Yes,Yes,Yes,Pass,Business,13083
Arabella Walklate,03/09/2019,"{'Python': 3, 'Ruby': 3}",['Patient'],"['Indecisive', 'Selfish', 'Chatty']",No,Yes,Yes,Fail,Data,13084
Lilias Mc Gorley,10/09/2019,{'SPSS': 3},['Listening'],"['Slow', 'Undisciplined', 'Immature']",Yes,Yes,Yes,Pass,Data,13085
Dasi Goldston,05/09/2019,,['Empathy'],"['Competitive', 'Perfectionist', 'Conventional']",No,Yes,Yes,Fail,Business,13086
Bella Durtnal,26//09/2019,"{'Python': 3, 'R': 1}","['Rational', 'Empathy']","['Undisciplined', 'Slow']",Yes,Yes,Yes,Pass,Data,13087
Blane Manderson,17/09/2019,"{'Python': 3, 'C++': 4}","['Charisma', 'Rational', 'Innovative']",['Slow'],Yes,Yes,No,Fail,Engineering,13088
Sasha Macgaughy,05/09/2019,"{'Java': 2, 'PHP': 2, 'C++': 2}","['Perfectionism', 'Patient', 'Curious']","['Overbearing', 'Indifferent']",Yes,Yes,Yes,Fail,Data,13089
Millicent Buchanan,12/09/2019,"{'Python': 2, 'Ruby': 3, 'SPSS': 4}","['Organisation', 'Composure']",['Indifferent'],Yes,Yes,Yes,Pass,Data,13090
Dion Eccersley,24/09/2019,"{'Python': 5, 'Java': 4, 'Ruby': 2, 'R': 5}","['Charisma', 'Determined', 'Ambitious']","['Conventional', 'Controlling', 'Indifferent']",No,Yes,Yes,Fail,Business,13091
Bradan Wickman,19/09/2019,"{'C#': 3, 'Java': 2, 'R': 5, 'PHP': 3, 'C++': 4}",['Curious'],"['Controlling', 'Passive']",Yes,No,Yes,Fail,Data,13092
Doralia Deackes,24/09/2019,{'C++': 1},"['Listening', 'Organisation']","['Controlling', 'Selfish']",Yes,Yes,Yes,Pass,Business,13093
Reynard Ilyenko,18/09/2019,"{'Python': 8, 'R': 4}","['Versatile', 'Determined', 'Innovative']","['Conventional', 'Distracted']",Yes,Yes,Yes,Pass,Data,13094
Babara Veazey,26/09/2019,"{'C#': 2, 'JavaScript': 3}","['Composure', 'Independent']","['Stubborn', 'Intolerant']",Yes,Yes,Yes,Pass,Data,13095
Teodora Whaplington,11/09/2019,"{'Python': 3, 'PHP': 1}",['Reliable'],"['Impatient', 'Perfectionist']",Yes,Yes,Yes,Pass,Business,13096
Porty Du Plantier,19/09/2019,"{'Python': 5, 'Java': 4, 'Ruby': 4}","['Problem Solving', 'Ambitious']",['Overbearing'],Yes,No,No,Fail,Business,13097
Elfrida Reece,11/09/2019,"{'Java': 4, 'SPSS': 4, 'PHP': 3, 'C++': 2}","['Collaboration', 'Empathy', 'Competitive']","['Stubborn', 'Indecisive', 'Undisciplined']",Yes,Yes,Yes,Pass,Engineering,13098
Lisle Stolli,18/09/2019,{'Ruby': 3},"['Collaboration', 'Versatile', 'Listening']","['Passive', 'Indecisive']",Yes,Yes,Yes,Fail,Data,13099
Minnie Gittose,19/09/2019,"{'Python': 1, 'C#': 4, 'Java': 6, 'C++': 1}","['Organisation', 'Efficient', 'Charisma']","['Intolerant', 'Critical']",Yes,Yes,Yes,Pass,Business,13100
Jillian Wenn,11/09/2019,"{'Java': 1, 'C++': 2}","['Competitive', 'Empathy']",['Conventional'],Yes,Yes,Yes,Pass,Engineering,13101
Gene Levens,24/09/2019,"{'Python': 1, 'Java': 5, 'Ruby': 6}","['Organisation', 'Innovative', 'Independent']","['Passive', 'Indifferent', 'Selfish']",Yes,Yes,Yes,Pass,Engineering,13102
Gerta Leonards,25/09/2019,"{'SPSS': 3, 'C++': 4, 'JavaScript': 3}","['Courteous', 'Collaboration', 'Versatile']","['Intolerant', 'Perfectionist', 'Controlling']",Yes,Yes,Yes,Pass,Business,13103
Aleen Mckeurton,25/09/2019,"{'C#': 2, 'SPSS': 4, 'C++': 1}",['Patient'],['Overbearing'],Yes,Yes,Yes,Pass,Business,13104
Prudi Bernardon,25/09/2019,{'R': 4},"['Empathy', 'Creative']",['Indifferent'],Yes,Yes,Yes,Pass,Business,13105
Elsa Woonton,11/09/2019,"{'C#': 2, 'Java': 4, 'SPSS': 5}","['Independent', 'Critical Thinking']","['Introverted', 'Critical']",Yes,Yes,Yes,Pass,Engineering,13106
Constantine Caslett,17/09/2019,"{'Ruby': 3, 'SPSS': 1, 'PHP': 1, 'C++': 3}","['Altruism', 'Charisma']","['Impulsive', 'Competitive']",Yes,Yes,Yes,Pass,Engineering,13107
Lilly Andreasen,26/09/2019,{'Python': 2},"['Determined', 'Curious', 'Organisation']",['Indecisive'],Yes,Yes,Yes,Pass,Engineering,13108
Merola Jancey,05/09/2019,"{'SPSS': 7, 'JavaScript': 1}","['Collaboration', 'Perfectionism']","['Passive', 'Critical']",No,No,No,Fail,Business,13109
Keene Slimm,17/09/2019,"{'C#': 3, 'Java': 6}","['Ambitious', 'Collaboration']","['Immature', 'Stubborn', 'Perfectionist']",Yes,Yes,Yes,Pass,Engineering,13110
Sibylle Juris,17/09/2019,{'Python': 2},"['Reliable', 'Courteous', 'Passionate']","['Chaotic', 'Sensitive']",Yes,No,Yes,Fail,Data,13111
Prescott Turpey,25/09/2019,"{'Python': 2, 'C#': 4, 'R': 4, 'C++': 5}","['Listening', 'Efficient']",['Slow'],No,Yes,No,Fail,Engineering,13112
Zondra Fippe,17/09/2019,"{'Python': 2, 'C#': 2, 'Java': 3, 'Ruby': 4, 'R': 3, 'JavaScript': 3}","['Perfectionism', 'Empathy', 'Altruism']",['Undisciplined'],Yes,Yes,Yes,Pass,Business,13113
Kris Balassi,04/09/2019,"{'Ruby': 8, 'R': 3, 'PHP': 2, 'C++': 5}","['Composure', 'Independent']","['Indifferent', 'Slow']",Yes,Yes,No,Fail,Engineering,13114
Kendall Daughtrey,17/09/2019,"{'Python': 5, 'Ruby': 4, 'JavaScript': 2}",['Creative'],"['Perfectionist', 'Overbearing', 'Anxious']",Yes,Yes,Yes,Pass,Engineering,13115
Chevalier Eykelbosch,12/09/2019,"{'Java': 7, 'C++': 3}","['Courteous', 'Organisation', 'Competitive']","['Indifferent', 'Passive', 'Competitive']",Yes,Yes,Yes,Pass,Business,13116
Claiborne Jesper,19/09/2019,,['Collaboration'],"['Intolerant', 'Impulsive', 'Controlling']",Yes,Yes,Yes,Pass,Engineering,13117
Garrard Keward,10/09/2019,"{'Python': 4, 'Ruby': 1, 'PHP': 1, 'JavaScript': 1}","['Collaboration', 'Perfectionism']",['Intolerant'],Yes,Yes,Yes,Pass,Data,13118
Husein Gartside,19/09/2019,"{'Python': 2, 'C#': 5, 'Java': 3, 'C++': 2}","['Passionate', 'Empathy']","['Critical', 'Competitive']",Yes,Yes,Yes,Pass,Business,13119
Silas Blowin,19/09/2019,"{'Java': 3, 'SPSS': 1, 'PHP': 1}","['Organisation', 'Reliable']","['Anxious', 'Controlling']",No,Yes,No,Fail,Engineering,13120
Silas Blowin,19/09/2019,"{'Java': 3, 'SPSS': 1, 'PHP': 1}","['Organisation', 'Reliable']","['Anxious', 'Controlling']",No,Yes,No,Fail,Engineering,13121
Rachele Shaplin,11/09/2019,"{'Python': 2, 'C#': 1, 'PHP': 5, 'C++': 6}","['Ambitious', 'Innovative', 'Problem Solving']","['Chaotic', 'Overbearing']",Yes,Yes,Yes,Pass,Business,13122
Auria Shafto,19/09/2019,"{'Python': 5, 'C#': 5, 'Java': 1, 'R': 2}","['Problem Solving', 'Rational', 'Curious']",['Anxious'],Yes,Yes,Yes,Fail,Engineering,13123
Collin Commins,10/09/2019,"{'Python': 7, 'Ruby': 5, 'R': 3, 'SPSS': 5, 'JavaScript': 2}","['Consistent', 'Charisma']","['Immature', 'Critical']",Yes,Yes,Yes,Pass,Data,13124
Merwyn Bremeyer,11/09/2019,"{'Python': 3, 'Java': 4, 'PHP': 2, 'C++': 4, 'JavaScript': 4}","['Innovative', 'Courteous', 'Listening']","['Selfish', 'Critical', 'Impatient']",No,Yes,Yes,Fail,Data,13125
Nona Coghlan,04/09/2019,"{'Python': 1, 'PHP': 2, 'C++': 1}","['Curious', 'Innovative']","['Indecisive', 'Impulsive', 'Perfectionist']",Yes,Yes,Yes,Pass,Engineering,13126
Whitney Hadlee,05/09/2019,"{'Python': 4, 'Java': 3, 'SPSS': 2}",['Passionate'],"['Stubborn', 'Immature']",Yes,Yes,Yes,Pass,Business,13127
Dunc Smallacombe,24/09/2019,"{'Python': 7, 'SPSS': 4, 'PHP': 1}","['Versatile', 'Efficient']","['Impulsive', 'Intolerant', 'Sensitive']",Yes,Yes,No,Fail,Business,13128
Danni Gurdon,11/09/2019,"{'Python': 1, 'SPSS': 3, 'JavaScript': 6}","['Independent', 'Empathy']",['Undisciplined'],Yes,Yes,Yes,Pass,Business,13129
Averill Pickance,17/09/2019,"{'Java': 8, 'JavaScript': 8}",['Independent'],"['Impatient', 'Conventional', 'Immature']",Yes,No,Yes,Fail,Engineering,13130
Reta Blais,24/09/2019,{'C++': 4},['Reliable'],"['Selfish', 'Overbearing', 'Undisciplined']",Yes,No,Yes,Fail,Business,13131
Casey Putten,05/09/2019,"{'Python': 5, 'C#': 1, 'R': 3, 'SPSS': 1, 'C++': 1, 'JavaScript': 5}",['Competitive'],"['Perfectionist', 'Critical', 'Undisciplined']",Yes,Yes,Yes,Pass,Business,13132
Patricio Stenet,17/09/2019,"{'C#': 2, 'SPSS': 1, 'JavaScript': 3}",['Determined'],"['Chaotic', 'Stubborn', 'Impulsive']",Yes,Yes,Yes,Fail,Data,13133
Russell Sherebrook,05/09/2019,"{'C#': 1, 'SPSS': 5, 'PHP': 1}","['Versatile', 'Innovative']",['Intolerant'],Yes,Yes,Yes,Pass,Engineering,13134
Dolly Casaro,24/09/2019,"{'Java': 3, 'Ruby': 3}","['Organisation', 'Charisma']","['Competitive', 'Stubborn', 'Immature']",Yes,Yes,Yes,Fail,Data,13135
Penny Trathen,12/09/2019,"{'Python': 4, 'Java': 2, 'R': 3}","['Creative', 'Perfectionism', 'Versatile']","['Impatient', 'Slow', 'Procrastination']",Yes,No,Yes,Fail,Data,13136
Veronike Alenov,11/09/2019,"{'Python': 4, 'PHP': 2, 'JavaScript': 2}","['Charisma', 'Rational']",['Slow'],Yes,Yes,Yes,Pass,Data,13137
Urson Sibthorp,18/09/2019,"{'Python': 1, 'C#': 1, 'R': 2, 'C++': 6}","['Collaboration', 'Perfectionism', 'Ambitious']","['Controlling', 'Competitive']",Yes,Yes,Yes,Pass,Engineering,13138
Jenn Blitz,12/09/2019,"{'SPSS': 5, 'JavaScript': 3}","['Rational', 'Problem Solving', 'Creative']",['Controlling'],Yes,Yes,Yes,Pass,Engineering,13139
Elicia Nutkin,17/09/2019,"{'Python': 4, 'C#': 2, 'Java': 4, 'Ruby': 6, 'SPSS': 7, 'C++': 1, 'JavaScript': 6}","['Critical Thinking', 'Patient']","['Competitive', 'Sensitive']",Yes,Yes,Yes,Pass,Data,13140
Una Caldicot,05/09/2019,"{'C#': 6, 'Java': 2}","['Innovative', 'Composure']","['Introverted', 'Conventional', 'Passive']",Yes,Yes,Yes,Pass,Business,13141
Chance Fleay,26/09/2019,"{'Python': 5, 'Ruby': 4}",['Perfectionism'],"['Critical', 'Procrastination']",Yes,No,Yes,Fail,Data,13142
Carmelia Gheorghe,04/09/2019,"{'Ruby': 2, 'PHP': 1, 'C++': 2}","['Patient', 'Versatile', 'Rational']","['Procrastination', 'Impatient']",Yes,No,Yes,Fail,Business,13143
Stephan Tidbald,11/09/2019,"{'R': 3, 'SPSS': 2, 'JavaScript': 3}",['Composure'],"['Impulsive', 'Passive']",Yes,Yes,Yes,Pass,Engineering,13144
Care Ife,04/09/2019,"{'Python': 3, 'Java': 2, 'SPSS': 1, 'C++': 2}","['Altruism', 'Rational', 'Reliable']","['Conventional', 'Indifferent']",Yes,Yes,Yes,Pass,Engineering,13145
Quill Buzin,19/09/2019,"{'Python': 1, 'C++': 5, 'JavaScript': 4}","['Altruism', 'Charisma', 'Composure']","['Undisciplined', 'Impatient']",Yes,Yes,Yes,Pass,Engineering,13146
Trent Southwick,12/09/2019,"{'Ruby': 1, 'C++': 2}","['Reliable', 'Problem Solving']",['Distracted'],Yes,Yes,Yes,Pass,Engineering,13147
Trent Southwick,12/09/2019,"{'Ruby': 1, 'C++': 2}","['Reliable', 'Problem Solving']",['Distracted'],Yes,Yes,Yes,Pass,Engineering,13148
King Janatka,18/09/2019,"{'Java': 4, 'Ruby': 3, 'PHP': 1}",['Courteous'],"['Indecisive', 'Procrastination', 'Chatty']",Yes,Yes,Yes,Pass,Data,13149
Honor Jeandon,25/09/2019,{'JavaScript': 1},"['Curious', 'Critical Thinking', 'Courteous']",['Distracted'],Yes,No,Yes,Fail,Engineering,13150
Chrisse Santostefano.,11/09/2019,"{'C#': 2, 'C++': 2}","['Determined', 'Patient', 'Altruism']","['Selfish', 'Critical']",No,Yes,Yes,Fail,Engineering,13151
Dinnie Baleine,18/09/2019,"{'C#': 3, 'R': 6, 'SPSS': 2}","['Collaboration', 'Patient']",['Impulsive'],Yes,No,Yes,Fail,Business,13152
Siegfried Everal,17/09/2019,"{'Ruby': 4, 'R': 3, 'SPSS': 3, 'JavaScript': 10}",['Patient'],['Passive'],Yes,Yes,Yes,Pass,Engineering,13153
Lester Weddeburn - Scrimgeour,26/09/2019,"{'C#': 2, 'Java': 1, 'R': 2, 'C++': 2}","['Independent', 'Rational', 'Collaboration']",['Sensitive'],Yes,Yes,No,Fail,Data,13154
Chandra Best,17/09/2019,"{'C#': 3, 'Ruby': 4, 'JavaScript': 2}","['Independent', 'Organisation']","['Conventional', 'Critical', 'Indecisive']",Yes,Yes,Yes,Pass,Engineering,13155
Helyn Sahnow,11/09/2019,"{'Python': 3, 'C#': 5, 'R': 3, 'SPSS': 1}","['Collaboration', 'Competitive', 'Reliable']","['Indecisive', 'Anxious', 'Procrastination']",Yes,Yes,Yes,Fail,Data,13156
Bertha Burchfield,10/09/2019,"{'Ruby': 3, 'SPSS': 1}","['Perfectionism', 'Curious', 'Reliable']",['Perfectionist'],Yes,Yes,Yes,Pass,Data,13157
Valdemar Smithen,05/09/2019,"{'Python': 3, 'C#': 2, 'C++': 4}","['Ambitious', 'Problem Solving', 'Altruism']","['Impatient', 'Controlling']",Yes,Yes,Yes,Pass,Engineering,13158
Zollie Danks,26/09/2019,"{'Python': 2, 'R': 5, 'SPSS': 2, 'PHP': 3, 'C++': 2}","['Patient', 'Consistent']","['Conventional', 'Indecisive']",Yes,Yes,Yes,Pass,Business,13159
Malcolm Whittier,25/09/2019,{'C#': 3},"['Determined', 'Passionate']","['Controlling', 'Conventional']",Yes,Yes,No,Fail,Business,13160
Gun Burkitt,25/09/2019,"{'R': 4, 'SPSS': 7, 'C++': 4}","['Ambitious', 'Versatile']","['Critical', 'Slow']",Yes,Yes,Yes,Pass,Business,13161
Winna Olive,19/09/2019,"{'Python': 1, 'C#': 3, 'Ruby': 3, 'SPSS': 5}","['Problem Solving', 'Courteous']","['Immature', 'Impulsive']",Yes,No,Yes,Fail,Engineering,13162
Beltran Jolly,18/09/2019,,"['Courteous', 'Ambitious']",['Distracted'],Yes,Yes,Yes,Pass,Data,13163
Elizabet Sanbroke,12/09/2019,,"['Determined', 'Altruism']",['Impatient'],Yes,Yes,Yes,Pass,Data,13164
Ofella Shelmardine,12/09/2019,{'JavaScript': 2},['Listening'],"['Overbearing', 'Introverted', 'Undisciplined']",Yes,Yes,Yes,Pass,Data,13165
Janka Clemencet,17/09/2019,{'Java': 1},"['Efficient', 'Courteous', 'Determined']",['Indecisive'],Yes,Yes,Yes,Pass,Engineering,13166
Raddie Major,05/09/2019,"{'Python': 4, 'R': 1, 'PHP': 4, 'C++': 1}",['Altruism'],"['Passive', 'Impulsive']",Yes,Yes,Yes,Pass,Business,13167
Antonetta Rustedge,24/09/2019,"{'C#': 4, 'Ruby': 3, 'R': 4, 'SPSS': 3, 'C++': 4, 'JavaScript': 4}",['Empathy'],"['Controlling', 'Stubborn', 'Chatty']",Yes,Yes,Yes,Pass,Data,13168
Mildred Macalaster,24/09/2019,"{'C#': 3, 'Java': 3, 'R': 3, 'SPSS': 2, 'C++': 3}","['Creative', 'Altruism']","['Indecisive', 'Distracted', 'Sensitive']",Yes,Yes,Yes,Pass,Business,13169
Homerus Heighton,11/09/2019,{'Java': 3},"['Innovative', 'Composure']","['Intolerant', 'Critical', 'Procrastination']",Yes,Yes,Yes,Pass,Business,13170
Reeva Amort,26/09/2019,"{'Java': 3, 'R': 2, 'SPSS': 3, 'PHP': 2}",['Critical Thinking'],['Conventional'],Yes,Yes,Yes,Fail,Business,13171
Buiron Presho,05/09/2019,"{'C#': 3, 'Ruby': 5, 'R': 3, 'C++': 2}","['Courteous', 'Competitive', 'Listening']",['Selfish'],Yes,Yes,Yes,Pass,Data,13172
Vyky Filipiak,05/09/2019,"{'SPSS': 2, 'JavaScript': 4}",['Efficient'],"['Immature', 'Indifferent']",Yes,Yes,Yes,Pass,Business,13173
Merlina Yashanov,04/09/2019,"{'Ruby': 4, 'JavaScript': 3}","['Problem Solving', 'Courteous', 'Composure']",['Impatient'],Yes,Yes,Yes,Pass,Data,13174
Urban Bootland,18/09/2019,"{'Ruby': 6, 'PHP': 1, 'C++': 3}","['Critical Thinking', 'Consistent']","['Competitive', 'Critical', 'Controlling']",Yes,Yes,Yes,Fail,Data,13175
Fredia Ruos,11/09/2019,"{'Python': 1, 'C#': 1, 'Ruby': 3, 'C++': 9}","['Ambitious', 'Problem Solving', 'Versatile']","['Chaotic', 'Undisciplined']",Yes,Yes,Yes,Pass,Business,13176
Harrietta Buten,11/09/2019,"{'Java': 2, 'Ruby': 5, 'PHP': 2}","['Problem Solving', 'Rational']","['Distracted', 'Anxious']",Yes,Yes,No,Fail,Engineering,13177
Jourdain Tripp,26/09/2019,"{'Java': 3, 'SPSS': 1}",['Creative'],"['Undisciplined', 'Passive', 'Distracted']",Yes,Yes,No,Fail,Business,13178
Vasili Cartledge,12/09/2019,{'SPSS': 1},"['Rational', 'Creative', 'Critical Thinking']","['Passive', 'Selfish']",Yes,Yes,Yes,Pass,Data,13179
Juieta Mulliss,19/09/2019,"{'Ruby': 1, 'SPSS': 3}","['Competitive', 'Organisation', 'Consistent']","['Indifferent', 'Chatty', 'Critical']",Yes,Yes,Yes,Pass,Business,13180
Ignatius Doxsey,10/09/2019,"{'C#': 4, 'SPSS': 9, 'C++': 2}","['Problem Solving', 'Consistent']",['Chaotic'],Yes,Yes,No,Fail,Business,13181
Friedrick Hawkey,19/09/2019,"{'Java': 3, 'R': 3}",['Critical Thinking'],"['Slow', 'Conventional', 'Passive']",Yes,Yes,Yes,Pass,Engineering,13182
Payton Turbard,25/09/2019,"{'Python': 4, 'C#': 4, 'Java': 1, 'JavaScript': 3}","['Collaboration', 'Versatile', 'Rational']","['Impatient', 'Undisciplined']",Yes,Yes,Yes,Pass,Engineering,13183
Teddy Baraclough,04/09/2019,{'Ruby': 3},"['Collaboration', 'Consistent', 'Efficient']",['Indifferent'],Yes,Yes,Yes,Pass,Engineering,13184
Stepha Willison,26/09/2019,"{'Python': 3, 'C#': 1, 'Java': 4, 'C++': 1, 'JavaScript': 6}",['Organisation'],"['Stubborn', 'Impatient', 'Perfectionist']",Yes,Yes,Yes,Pass,Data,13185
Petrina Sterland,04/09/2019,"{'Python': 2, 'R': 1, 'SPSS': 2}",['Independent'],"['Anxious', 'Conventional']",Yes,Yes,Yes,Pass,Engineering,13186
Dorette Landall,05/09/2019,"{'C#': 7, 'Java': 1, 'Ruby': 4, 'C++': 1}",['Organisation'],"['Impulsive', 'Distracted', 'Stubborn']",Yes,Yes,Yes,Pass,Engineering,13187
Hermann Cudde,26/09/2019,"{'C#': 2, 'R': 2}",['Empathy'],"['Indifferent', 'Overbearing']",Yes,Yes,Yes,Fail,Business,13188
Nealon Tompkiss,25/09/2019,"{'Python': 4, 'Ruby': 3, 'R': 3, 'PHP': 1}","['Versatile', 'Organisation']","['Procrastination', 'Impulsive']",Yes,Yes,Yes,Fail,Engineering,13189
Sarita Weedon,11/09/2019,"{'Java': 3, 'Ruby': 4, 'C++': 1}","['Perfectionism', 'Composure', 'Organisation']","['Anxious', 'Impulsive']",Yes,Yes,Yes,Pass,Data,13190
Lamar Macgebenay,17/09/2019,{'C#': 7},"['Perfectionism', 'Efficient', 'Competitive']","['Stubborn', 'Impulsive']",Yes,Yes,Yes,Pass,Engineering,13191
Erna Milne,04/09/2019,,"['Problem Solving', 'Listening', 'Empathy']",['Overbearing'],Yes,Yes,Yes,Pass,Business,13192
Maude Ithell,12/09/2019,"{'C#': 6, 'Java': 4, 'SPSS': 4, 'C++': 3}","['Competitive', 'Perfectionism', 'Innovative']",['Distracted'],Yes,Yes,Yes,Pass,Engineering,13193
Anna Lamperti,04/09/2019,"{'Python': 2, 'C#': 3}","['Independent', 'Collaboration']","['Intolerant', 'Impulsive', 'Passive']",Yes,Yes,Yes,Pass,Data,13194
Hermina Boar,26/09/2019,"{'Java': 3, 'SPSS': 2}",['Rational'],['Anxious'],Yes,Yes,Yes,Pass,Business,13195
Kelila Cunah,26/09/2019,"{'Java': 2, 'Ruby': 3, 'R': 3, 'PHP': 1}",['Problem Solving'],['Anxious'],No,Yes,Yes,Fail,Business,13196
Sutherlan Mewe,05/09/2019,"{'Python': 2, 'JavaScript': 2}","['Courteous', 'Ambitious']","['Impulsive', 'Procrastination', 'Immature']",Yes,Yes,Yes,Pass,Business,13197
Thorpe Sigars,24/09/2019,"{'Python': 3, 'SPSS': 3, 'JavaScript': 5}",['Competitive'],"['Procrastination', 'Conventional', 'Intolerant']",Yes,Yes,Yes,Pass,Data,13198
Maisie Skelton,05/09/2019,"{'Python': 5, 'Java': 4, 'SPSS': 3}","['Critical Thinking', 'Charisma', 'Altruism']","['Distracted', 'Critical']",No,Yes,Yes,Fail,Engineering,13199
Scarface Gallihaulk,03/09/2019,"{'Python': 3, 'Ruby': 2, 'SPSS': 3, 'PHP': 3}",['Competitive'],"['Anxious', 'Slow', 'Conventional']",Yes,Yes,Yes,Pass,Data,13200
Zandra Makepeace,19/09/2019,"{'C#': 3, 'Java': 3}",['Courteous'],"['Impatient', 'Sensitive']",Yes,Yes,Yes,Pass,Engineering,13201
Englebert Orme,24/09/2019,"{'C#': 2, 'Ruby': 1, 'SPSS': 3, 'JavaScript': 3}",['Reliable'],"['Indecisive', 'Slow']",Yes,Yes,Yes,Pass,Business,13202
Brandie Birkin,18/09/2019,{'Python': 3},"['Ambitious', 'Versatile', 'Patient']","['Procrastination', 'Perfectionist']",Yes,No,Yes,Fail,Business,13203
Eugen Boggs,04/09/2019,"{'Java': 2, 'Ruby': 5, 'SPSS': 3, 'JavaScript': 2}","['Passionate', 'Creative']","['Selfish', 'Sensitive']",Yes,Yes,Yes,Pass,Data,13204
Storm Henryson,24/09/2019,"{'Python': 3, 'Java': 3, 'Ruby': 4, 'SPSS': 4, 'PHP': 1, 'JavaScript': 2}","['Determined', 'Listening']","['Stubborn', 'Overbearing']",Yes,Yes,Yes,Pass,Data,13205
Neel Campana,25/09/2019,"{'Python': 6, 'Java': 7, 'Ruby': 3, 'R': 1, 'SPSS': 1}",['Perfectionism'],"['Overbearing', 'Procrastination']",Yes,Yes,No,Fail,Data,13206
Ann Iannello,05/09/2019,{'C++': 2},"['Rational', 'Reliable']","['Intolerant', 'Perfectionist']",Yes,Yes,Yes,Pass,Business,13207
Babita Bramsen,04/09/2019,"{'Python': 1, 'Java': 6, 'Ruby': 3, 'PHP': 2, 'C++': 1}","['Listening', 'Collaboration']","['Impulsive', 'Competitive']",Yes,No,Yes,Fail,Business,13208
Briana Shorter,25/09/2019,"{'R': 1, 'PHP': 1, 'JavaScript': 1}",['Organisation'],['Chaotic'],Yes,Yes,No,Fail,Business,13209
Saraann Elcombe,12/09/2019,"{'Java': 1, 'Ruby': 3, 'PHP': 1, 'C++': 2}",['Problem Solving'],['Impulsive'],Yes,Yes,Yes,Pass,Engineering,13210
Erny Mourant,26/09/2019,"{'Python': 3, 'Java': 2, 'Ruby': 1, 'PHP': 2, 'C++': 3, 'JavaScript': 2}","['Organisation', 'Determined']",['Procrastination'],Yes,Yes,Yes,Pass,Business,13211
Oren Medwell,26/09/2019,"{'C#': 2, 'Java': 1, 'R': 2}","['Versatile', 'Patient']",['Chatty'],Yes,Yes,No,Fail,Engineering,13212
Kalinda Leebetter,24/09/2019,"{'Python': 2, 'C#': 3, 'Java': 3}","['Versatile', 'Ambitious', 'Organisation']","['Competitive', 'Stubborn', 'Overbearing']",Yes,Yes,Yes,Pass,Business,13213
Deana Salerno,18/09/2019,"{'Python': 1, 'Java': 2, 'Ruby': 2, 'SPSS': 3, 'PHP': 1, 'C++': 3}",['Determined'],['Overbearing'],Yes,Yes,Yes,Pass,Engineering,13214
Darwin Vlasov,11/09/2019,"{'Ruby': 1, 'JavaScript': 3}","['Determined', 'Passionate']",['Indecisive'],Yes,Yes,No,Fail,Engineering,13215
Yankee Garmon,18/09/2019,"{'Python': 1, 'C#': 6, 'Java': 7, 'Ruby': 6, 'PHP': 2}","['Problem Solving', 'Critical Thinking', 'Composure']",['Impulsive'],Yes,Yes,Yes,Pass,Business,13216
Ulrika Southam,24/09/2019,"{'Ruby': 4, 'SPSS': 1}","['Reliable', 'Listening']","['Selfish', 'Controlling', 'Passive']",Yes,Yes,Yes,Pass,Business,13217
Jo-Ann Gallihaulk,10/09/2019,"{'C#': 2, 'R': 3, 'SPSS': 3, 'PHP': 2}","['Altruism', 'Independent', 'Empathy']","['Undisciplined', 'Sensitive', 'Immature']",Yes,Yes,Yes,Pass,Business,13218
Larisa Cordero,03/09/2019,{'Python': 3},['Reliable'],['Selfish'],Yes,Yes,Yes,Pass,Data,13219
Mark Beckingham,10/09/2019,"{'Python': 2, 'C#': 2, 'Ruby': 1, 'PHP': 4, 'JavaScript': 6}","['Charisma', 'Passionate']",['Distracted'],Yes,Yes,No,Fail,Business,13220
Vevay Feirn,12/09/2019,"{'C#': 4, 'Java': 5, 'Ruby': 3, 'PHP': 2, 'JavaScript': 3}","['Reliable', 'Organisation', 'Charisma']","['Competitive', 'Undisciplined']",Yes,Yes,Yes,Fail,Data,13221
Toby Stadden,04/09/2019,"{'PHP': 4, 'C++': 6, 'JavaScript': 1}",['Curious'],"['Chatty', 'Stubborn']",Yes,Yes,Yes,Pass,Engineering,13222
Umeko Bozier,17/09/2019,{'C++': 3},"['Listening', 'Problem Solving', 'Patient']","['Impulsive', 'Chaotic']",Yes,No,Yes,Fail,Engineering,13223
Ryley Dael,10/09/2019,{'C#': 2},"['Charisma', 'Efficient']","['Indecisive', 'Anxious']",No,Yes,Yes,Fail,Engineering,13224
Engracia Polycote,04/09/2019,"{'C#': 4, 'Ruby': 1, 'PHP': 4, 'JavaScript': 1}","['Problem Solving', 'Reliable', 'Patient']","['Anxious', 'Indifferent']",Yes,Yes,Yes,Pass,Business,13225
Arman Boribal,04/09/2019,"{'Python': 3, 'Ruby': 2, 'R': 3, 'JavaScript': 3}","['Rational', 'Courteous', 'Perfectionism']","['Competitive', 'Passive']",Yes,Yes,Yes,Pass,Data,13226
Vernon Bennough,24/09/2019,"{'Python': 2, 'Java': 3, 'Ruby': 1, 'JavaScript': 8}","['Innovative', 'Problem Solving']","['Perfectionist', 'Anxious', 'Passive']",Yes,Yes,Yes,Pass,Engineering,13227
Monty Gorriessen,12/09/2019,"{'Java': 6, 'R': 4, 'PHP': 1}","['Versatile', 'Curious']",['Chaotic'],Yes,Yes,Yes,Pass,Data,13228
Clyve Gillhespy,26/09/2019,"{'C#': 4, 'Java': 4, 'R': 3}",['Perfectionism'],"['Indecisive', 'Introverted']",Yes,Yes,Yes,Pass,Business,13229
Vaclav Pietesch,12/09/2019,"{'Python': 1, 'Java': 2, 'PHP': 3, 'C++': 4}","['Competitive', 'Independent']","['Passive', 'Selfish', 'Chaotic']",Yes,Yes,No,Fail,Engineering,13230
Matthaeus Audas,30/04/2019,"{'Python': 3, 'Java': 3, 'SPSS': 4, 'C++': 2}","['Reliable', 'Curious', 'Patient']","['Critical', 'Introverted', 'Immature']",Yes,Yes,Yes,Pass,Data,13231
Cherey Tollfree,25/04/2019,"{'C#': 1, 'Java': 3, 'Ruby': 3}","['Consistent', 'Organisation']",['Undisciplined'],Yes,Yes,Yes,Pass,Business,13232
Kassi Pinnock,18/04/2019,"{'C#': 5, 'R': 1, 'SPSS': 3, 'PHP': 5}",['Versatile'],"['Stubborn', 'Passive']",Yes,Yes,Yes,Pass,Engineering,13233
Rivi Epinay,17/04/2019,"{'Python': 4, 'PHP': 1}","['Passionate', 'Patient']","['Conventional', 'Undisciplined']",Yes,No,Yes,Fail,Business,13234
Lay Trosdall,16/04/2019,"{'Java': 3, 'Ruby': 2, 'C++': 8, 'JavaScript': 2}",['Organisation'],"['Overbearing', 'Introverted']",Yes,Yes,Yes,Pass,Engineering,13235
Nance Crate,02/04/2019,"{'Java': 5, 'Ruby': 4}","['Consistent', 'Determined']","['Sensitive', 'Indecisive']",No,Yes,Yes,Fail,Engineering,13236
Shelia Carlesi,02/04/2019,{'Python': 5},['Courteous'],"['Introverted', 'Impatient']",Yes,Yes,Yes,Fail,Data,13237
Clemente Akitt,02/04/2019,"{'Ruby': 4, 'SPSS': 3, 'PHP': 2, 'C++': 1}","['Collaboration', 'Problem Solving', 'Ambitious']","['Anxious', 'Competitive']",No,No,Yes,Fail,Data,13238
Kimbell Lasseter,16/04/2019,"{'C#': 2, 'C++': 4}",['Perfectionism'],"['Conventional', 'Passive', 'Chatty']",Yes,No,Yes,Fail,Data,13239
Johanna Inold,03/04/2019,"{'Ruby': 2, 'SPSS': 1}","['Courteous', 'Perfectionism', 'Reliable']","['Impulsive', 'Distracted']",Yes,Yes,Yes,Pass,Engineering,13240
Tiler Andrejevic,10/04/2019,"{'Ruby': 2, 'SPSS': 2}","['Critical Thinking', 'Independent']","['Undisciplined', 'Passive']",Yes,Yes,Yes,Pass,Data,13241
Ash Hannon,17/04/2019,{'C++': 1},"['Altruism', 'Independent']","['Immature', 'Stubborn']",Yes,Yes,Yes,Pass,Business,13242
Marie-Ann Vaar,17/04/2019,"{'Java': 1, 'Ruby': 4}","['Competitive', 'Collaboration']","['Chaotic', 'Perfectionist', 'Procrastination']",Yes,No,Yes,Fail,Data,13243
Orazio Brawn,16/04/2019,"{'C#': 6, 'Java': 3, 'R': 2, 'SPSS': 1, 'JavaScript': 1}",['Reliable'],"['Indifferent', 'Chaotic', 'Introverted']",Yes,Yes,Yes,Pass,Engineering,13244
Edgar Willeman,30/04/2019,"{'C#': 4, 'PHP': 3}","['Ambitious', 'Courteous', 'Patient']","['Perfectionist', 'Immature']",No,Yes,Yes,Fail,Data,13245
Rip Mcilvenny,18/04/2019,"{'R': 2, 'SPSS': 3}","['Consistent', 'Altruism']",['Passive'],Yes,Yes,Yes,Pass,Data,13246
Delila Garret,09/04/2019,"{'C#': 3, 'SPSS': 2, 'PHP': 1, 'JavaScript': 4}","['Collaboration', 'Courteous']","['Chaotic', 'Indecisive', 'Overbearing']",Yes,Yes,No,Fail,Data,13247
Homer Hymer,09/04/2019,"{'Python': 3, 'Ruby': 5, 'PHP': 2, 'C++': 5}",['Versatile'],['Impulsive'],No,Yes,Yes,Fail,Business,13248
Sibyl Braddick,18/04/2019,"{'Python': 2, 'PHP': 2}",['Efficient'],['Indecisive'],Yes,Yes,Yes,Pass,Data,13249
Meridel Randell,11/04/2019,"{'Python': 2, 'R': 4, 'SPSS': 2}",['Efficient'],"['Slow', 'Procrastination']",Yes,Yes,Yes,Pass,Business,13250
Alli Sleeford,17/04/2019,"{'Java': 3, 'Ruby': 2, 'SPSS': 3, 'C++': 4, 'JavaScript': 1}","['Altruism', 'Courteous', 'Innovative']",['Anxious'],No,Yes,Yes,Fail,Engineering,13251
Janet Copner,18/04/2019,"{'Python': 4, 'C#': 5, 'Ruby': 3, 'PHP': 2, 'JavaScript': 2}","['Altruism', 'Problem Solving', 'Perfectionism']","['Critical', 'Selfish', 'Impulsive']",Yes,Yes,Yes,Pass,Data,13252
Irina Marritt,16/04/2019,"{'Python': 1, 'R': 1, 'C++': 2}",['Empathy'],"['Critical', 'Conventional', 'Chatty']",Yes,Yes,No,Fail,Engineering,13253
Babette Mcgloughlin,03/04/2019,{'R': 3},['Passionate'],"['Controlling', 'Indifferent']",Yes,Yes,Yes,Pass,Engineering,13254
Chicky Sawbridge,02/04/2019,"{'Python': 9, 'Ruby': 4, 'R': 2, 'SPSS': 6, 'PHP': 3}","['Consistent', 'Composure', 'Innovative']","['Impatient', 'Distracted', 'Critical']",Yes,Yes,Yes,Pass,Engineering,13255
Tori Weatherhill,02/04/2019,"{'C#': 6, 'Java': 2, 'Ruby': 1, 'R': 1, 'PHP': 4}","['Patient', 'Competitive']",['Stubborn'],Yes,Yes,Yes,Pass,Business,13256
Parke Van Son,24/04/2019,"{'Python': 3, 'C#': 3, 'PHP': 1}","['Versatile', 'Competitive']",['Impatient'],Yes,Yes,Yes,Pass,Engineering,13257
Hazel Boyack,24/04/2019,"{'Python': 2, 'Ruby': 4, 'R': 3}","['Patient', 'Altruism']","['Chatty', 'Overbearing', 'Sensitive']",Yes,Yes,Yes,Pass,Business,13258
Ivett Bridel,18/04/2019,{'SPSS': 6},"['Critical Thinking', 'Empathy']","['Overbearing', 'Impatient']",Yes,No,Yes,Fail,Engineering,13259
Isacco Boichat,11/04/2019,"{'R': 5, 'SPSS': 1, 'C++': 4, 'JavaScript': 5}",['Patient'],"['Critical', 'Competitive', 'Sensitive']",No,Yes,Yes,Fail,Data,13260
Ardelis Gylle,04/04/2019,"{'SPSS': 3, 'JavaScript': 6}","['Listening', 'Critical Thinking', 'Passionate']","['Immature', 'Sensitive', 'Undisciplined']",Yes,No,Yes,Fail,Data,13261
Brose Benaine,18/04/2019,"{'Python': 3, 'PHP': 4}",['Composure'],"['Overbearing', 'Sensitive']",Yes,Yes,Yes,Pass,Engineering,13262
Adela Valance,30/04/2019,"{'C#': 4, 'SPSS': 5, 'PHP': 3}","['Ambitious', 'Patient', 'Efficient']",['Selfish'],Yes,Yes,Yes,Pass,Engineering,13263
Aggy Hefferan,18/04/2019,"{'Python': 2, 'Java': 5, 'Ruby': 3}","['Determined', 'Efficient', 'Independent']","['Impatient', 'Indifferent', 'Controlling']",Yes,Yes,Yes,Pass,Engineering,13264
Leah Earney,09/04/2019,"{'Python': 4, 'R': 3, 'PHP': 3}","['Reliable', 'Empathy', 'Independent']","['Stubborn', 'Undisciplined']",Yes,Yes,Yes,Pass,Data,13265
Mile O'Brien,10/04/2019,"{'Java': 2, 'Ruby': 2}",['Courteous'],"['Immature', 'Chatty', 'Indifferent']",Yes,Yes,Yes,Pass,Engineering,13266
Horatio Christley,30/04/2019,"{'Java': 1, 'Ruby': 4, 'C++': 6}",['Passionate'],['Critical'],Yes,Yes,Yes,Pass,Engineering,13267
Regan Rawlins,09/04/2019,{'PHP': 1},"['Organisation', 'Patient', 'Determined']","['Competitive', 'Procrastination']",Yes,Yes,Yes,Pass,Data,13268
Mercy Coronas,04/04/2019,"{'Python': 3, 'C#': 5, 'Java': 2, 'R': 6, 'SPSS': 1, 'JavaScript': 4}","['Determined', 'Problem Solving']","['Distracted', 'Overbearing', 'Perfectionist']",Yes,Yes,Yes,Pass,Data,13269
Darcy Srutton,16//04/2019,{'C#': 3},"['Rational', 'Altruism']","['Overbearing', 'Indecisive']",Yes,Yes,Yes,Pass,Data,13270
Westbrooke Wonham,16/04/2019,"{'Python': 3, 'Java': 1, 'SPSS': 1, 'JavaScript': 1}",['Creative'],['Chatty'],Yes,Yes,Yes,Pass,Engineering,13271
Jessee Chisnall,16/04/2019,"{'Python': 5, 'PHP': 1, 'C++': 5, 'JavaScript': 3}","['Organisation', 'Competitive']",['Impulsive'],Yes,Yes,Yes,Pass,Business,13272
Isac Peschmann,04/04/2019,"{'Java': 1, 'Ruby': 3, 'R': 1, 'SPSS': 3, 'C++': 1}",['Consistent'],"['Undisciplined', 'Indecisive', 'Anxious']",Yes,Yes,Yes,Pass,Engineering,13273
Valenka Jirsa,11/04/2019,"{'Python': 1, 'C#': 5, 'Ruby': 3, 'SPSS': 5, 'PHP': 4, 'JavaScript': 5}","['Ambitious', 'Determined', 'Composure']","['Passive', 'Chatty', 'Indifferent']",Yes,Yes,No,Fail,Business,13274
Sheeree Collop,10/04/2019,"{'R': 7, 'SPSS': 5, 'JavaScript': 4}","['Problem Solving', 'Passionate', 'Innovative']","['Selfish', 'Intolerant']",Yes,Yes,Yes,Pass,Engineering,13275
Orion Dines,03/04/2019,"{'C#': 2, 'R': 3, 'JavaScript': 3}",['Independent'],"['Intolerant', 'Competitive']",Yes,No,No,Fail,Business,13276
Ali Outram,16/04/2019,"{'C#': 7, 'Ruby': 8, 'SPSS': 4}","['Determined', 'Listening', 'Consistent']","['Introverted', 'Sensitive']",Yes,Yes,No,Fail,Data,13277
Rhona Bisgrove,04/04/2019,"{'R': 6, 'C++': 3}",['Critical Thinking'],"['Chatty', 'Passive']",Yes,Yes,Yes,Pass,Business,13278
Fredrick Carvil,25/04/2019,"{'Python': 7, 'C#': 4, 'SPSS': 1, 'JavaScript': 3}","['Composure', 'Versatile']","['Slow', 'Chatty']",Yes,No,Yes,Fail,Engineering,13279
Annalise Easom,16/04/2019,"{'Python': 1, 'C#': 5, 'Ruby': 3, 'R': 3, 'SPSS': 2, 'PHP': 2}","['Reliable', 'Passionate', 'Determined']","['Stubborn', 'Intolerant']",No,Yes,No,Fail,Business,13280
Gardie Swaysland,04/04/2019,"{'Ruby': 7, 'PHP': 2, 'C++': 3}",['Creative'],"['Controlling', 'Slow', 'Conventional']",Yes,Yes,Yes,Pass,Data,13281
Gayla Bownas,03/04/2019,"{'Java': 2, 'R': 3, 'C++': 1}",['Consistent'],['Anxious'],Yes,Yes,Yes,Pass,Business,13282
Mira Bofield,02/04/2019,"{'Ruby': 2, 'R': 3, 'SPSS': 4, 'JavaScript': 2}",['Courteous'],"['Sensitive', 'Distracted']",Yes,Yes,Yes,Pass,Engineering,13283
Theobald Rawles,11/04/2019,{'C++': 5},['Critical Thinking'],"['Passive', 'Immature', 'Slow']",Yes,Yes,Yes,Pass,Business,13284
Libbie Pluck,10/04/2019,{'Python': 2},"['Creative', 'Critical Thinking', 'Collaboration']","['Overbearing', 'Indecisive', 'Chaotic']",Yes,Yes,Yes,Fail,Data,13285
Corty Frearson,16/04/2019,"{'Python': 1, 'C#': 6, 'R': 7, 'SPSS': 2, 'PHP': 1, 'C++': 5, 'JavaScript': 1}","['Charisma', 'Innovative']","['Distracted', 'Introverted', 'Slow']",Yes,Yes,Yes,Pass,Business,13286
Salomi Shalders,30/04/2019,"{'C#': 2, 'Ruby': 1, 'SPSS': 1, 'PHP': 1, 'C++': 2, 'JavaScript': 3}",['Creative'],"['Selfish', 'Slow']",Yes,Yes,Yes,Pass,Data,13287
Corby Adnett,09/04/2019,"{'C#': 3, 'Java': 1, 'PHP': 2, 'C++': 6}",['Composure'],"['Immature', 'Indecisive']",Yes,Yes,Yes,Pass,Data,13288
Charlotte Possa,04/04/2019,"{'C#': 6, 'R': 1, 'SPSS': 5, 'C++': 1}",['Ambitious'],['Selfish'],Yes,Yes,Yes,Pass,Data,13289
Idelle Kidstoun,25/04/2019,"{'C#': 1, 'Ruby': 5, 'SPSS': 4, 'C++': 6}",['Passionate'],"['Indecisive', 'Passive']",Yes,Yes,Yes,Pass,Business,13290
Maurita Gimblet,02/04/2019,"{'Ruby': 3, 'PHP': 1}","['Altruism', 'Curious', 'Critical Thinking']",['Impulsive'],No,Yes,Yes,Fail,Engineering,13291
Nara Bagger,09/04/2019,"{'Python': 6, 'C#': 5, 'Ruby': 2}","['Perfectionism', 'Curious']","['Chaotic', 'Intolerant']",Yes,Yes,Yes,Pass,Engineering,13292
Willow Karp,03/04/2019,"{'R': 3, 'SPSS': 4, 'JavaScript': 7}","['Curious', 'Perfectionism', 'Independent']","['Controlling', 'Perfectionist', 'Overbearing']",Yes,Yes,Yes,Fail,Business,13293
Brooks Gethouse,17/04/2019,"{'Python': 4, 'Java': 5, 'SPSS': 1, 'C++': 2}","['Altruism', 'Collaboration', 'Perfectionism']","['Slow', 'Controlling']",No,Yes,Yes,Fail,Data,13294
Norbie Iacobucci,04/04/2019,"{'C#': 1, 'PHP': 5}","['Problem Solving', 'Rational']","['Perfectionist', 'Sensitive', 'Undisciplined']",Yes,Yes,Yes,Pass,Data,13295
Nanette Borrill,18/04/2019,"{'Java': 4, 'Ruby': 4}","['Competitive', 'Versatile']",['Slow'],Yes,Yes,Yes,Fail,Engineering,13296
Andreas Kincey,04/04/2019,"{'Java': 1, 'R': 3}","['Curious', 'Creative']","['Chaotic', 'Impulsive']",No,Yes,No,Fail,Business,13297
Grady Romeo,02/04/2019,"{'C#': 5, 'JavaScript': 5}",['Empathy'],"['Introverted', 'Chaotic', 'Slow']",Yes,Yes,Yes,Pass,Business,13298
Harper Armell,30/04/2019,"{'Python': 5, 'C#': 2, 'PHP': 1, 'C++': 4, 'JavaScript': 3}",['Collaboration'],['Undisciplined'],Yes,Yes,Yes,Pass,Data,13299
Augustin Winters,09/04/2019,"{'Java': 3, 'JavaScript': 3}",['Determined'],"['Sensitive', 'Procrastination', 'Slow']",Yes,Yes,Yes,Pass,Engineering,13300
Ilka Moodie,17/04/2019,"{'C#': 3, 'Java': 5, 'PHP': 1}","['Independent', 'Efficient']","['Critical', 'Sensitive']",No,Yes,Yes,Fail,Business,13301
Alanna Frane,03/04/2019,"{'Python': 1, 'R': 1}",['Patient'],"['Intolerant', 'Slow']",Yes,Yes,Yes,Fail,Business,13302
Broddie Tetla,30/04/2019,"{'C#': 3, 'Ruby': 1, 'R': 3, 'JavaScript': 2}",['Passionate'],"['Impulsive', 'Distracted']",Yes,Yes,Yes,Pass,Business,13303
Chelsea Millward,03/04/2019,"{'Python': 3, 'C#': 3, 'Ruby': 2}","['Rational', 'Empathy', 'Courteous']","['Conventional', 'Controlling']",Yes,Yes,Yes,Pass,Data,13304
Franciska Kezor,09/04/2019,"{'Python': 4, 'Java': 2, 'Ruby': 4, 'SPSS': 2, 'C++': 5, 'JavaScript': 1}",['Competitive'],['Controlling'],No,Yes,Yes,Fail,Engineering,13305
Stefan Gersam,03/04/2019,"{'C#': 1, 'Ruby': 4, 'SPSS': 5, 'C++': 1, 'JavaScript': 1}","['Empathy', 'Rational', 'Perfectionism']","['Sensitive', 'Immature', 'Intolerant']",Yes,Yes,Yes,Pass,Data,13306
Carline Zuker,03/04/2019,"{'Python': 3, 'SPSS': 4}","['Efficient', 'Rational', 'Reliable']","['Indifferent', 'Chatty']",No,Yes,Yes,Fail,Data,13307
Bear Blacksell,23/04/2019,"{'Python': 2, 'C#': 1, 'Java': 1, 'Ruby': 1, 'JavaScript': 3}","['Listening', 'Passionate']",['Stubborn'],Yes,Yes,Yes,Pass,Engineering,13308
Lon Gillimgham,10/04/2019,"{'C#': 1, 'R': 4, 'SPSS': 4}","['Rational', 'Reliable', 'Courteous']","['Impulsive', 'Indecisive']",Yes,Yes,Yes,Pass,Data,13309
Alyce Hares,23/04/2019,{'C++': 3},"['Reliable', 'Competitive']","['Competitive', 'Indifferent', 'Impatient']",Yes,Yes,Yes,Pass,Data,13310
Mimi Beamand,09/04/2019,,['Courteous'],"['Critical', 'Introverted', 'Overbearing']",Yes,Yes,Yes,Pass,Data,13311
Morgana Mcdarmid,09/04/2019,"{'C#': 8, 'R': 3, 'C++': 4, 'JavaScript': 2}","['Collaboration', 'Empathy']",['Introverted'],Yes,No,Yes,Fail,Business,13312
Hervey Climer,18/04/2019,"{'Python': 2, 'Java': 5, 'PHP': 1, 'C++': 8}","['Altruism', 'Collaboration']","['Sensitive', 'Perfectionist', 'Distracted']",Yes,Yes,Yes,Pass,Business,13313
Cami Burberow,02/04/2019,"{'Java': 5, 'R': 3, 'C++': 2}","['Competitive', 'Courteous', 'Rational']","['Conventional', 'Critical', 'Anxious']",Yes,Yes,Yes,Pass,Business,13314
Lynnell Samber,09/04/2019,"{'Java': 1, 'JavaScript': 1}","['Innovative', 'Determined', 'Critical Thinking']","['Immature', 'Passive', 'Impulsive']",Yes,Yes,Yes,Pass,Data,13315
Rosina Ellaway,24/04/2019,{'C++': 3},"['Determined', 'Problem Solving']",['Immature'],Yes,No,Yes,Fail,Engineering,13316
Shelagh Barthel,18/04/2019,"{'C#': 3, 'R': 3, 'SPSS': 2}","['Innovative', 'Efficient']","['Indecisive', 'Chaotic']",Yes,Yes,Yes,Pass,Data,13317
Terri Spensley,16/04/2019,"{'C#': 8, 'Java': 3, 'SPSS': 1, 'PHP': 1}",['Problem Solving'],['Immature'],No,Yes,Yes,Fail,Business,13318
Arlin Leman,30/04/2019,"{'Java': 4, 'Ruby': 4, 'SPSS': 3}","['Rational', 'Versatile']","['Introverted', 'Anxious']",Yes,Yes,Yes,Pass,Data,13319
Sonnnie Stelljes,18/04/2019,"{'Ruby': 2, 'R': 1}","['Courteous', 'Charisma']",['Controlling'],Yes,Yes,Yes,Pass,Business,13320
Elfrida Santarelli,30/04/2019,{'Python': 2},"['Courteous', 'Charisma', 'Organisation']","['Intolerant', 'Conventional', 'Chaotic']",Yes,Yes,Yes,Fail,Business,13321
Dorolisa Cutmere,25/04/2019,"{'Java': 3, 'SPSS': 4}","['Consistent', 'Patient']","['Introverted', 'Controlling', 'Impatient']",Yes,No,Yes,Fail,Engineering,13322
Alberto O Sullivan,04/04/2019,"{'Python': 3, 'C#': 4, 'Ruby': 4, 'SPSS': 3, 'PHP': 1, 'JavaScript': 4}","['Reliable', 'Perfectionism']","['Conventional', 'Procrastination', 'Impulsive']",Yes,Yes,No,Fail,Business,13323
Doretta Lourenco,30/04/2019,"{'C#': 4, 'Ruby': 3, 'R': 2, 'JavaScript': 2}","['Reliable', 'Collaboration', 'Rational']",['Intolerant'],Yes,Yes,Yes,Pass,Data,13324
Cordie Capon,30/04/2019,"{'Python': 3, 'Java': 3, 'R': 4, 'PHP': 1}","['Collaboration', 'Versatile']","['Immature', 'Selfish']",Yes,Yes,Yes,Pass,Data,13325
Hogan Bushnell,10/04/2019,{'PHP': 2},"['Charisma', 'Composure', 'Competitive']","['Conventional', 'Selfish']",Yes,Yes,Yes,Pass,Data,13326
Axel Scatchar,09/04/2019,"{'Python': 4, 'Java': 2, 'Ruby': 1, 'R': 1, 'C++': 2}","['Determined', 'Problem Solving', 'Charisma']","['Intolerant', 'Competitive', 'Impatient']",Yes,Yes,Yes,Pass,Business,13327
Emmey Wadforth,03/04/2019,"{'C#': 3, 'Java': 3, 'Ruby': 2, 'C++': 6, 'JavaScript': 1}","['Curious', 'Innovative', 'Versatile']","['Impatient', 'Distracted']",Yes,Yes,Yes,Pass,Data,13328
Klement Harley,04/04/2019,"{'Java': 2, 'Ruby': 2, 'R': 4, 'JavaScript': 2}","['Curious', 'Determined', 'Reliable']","['Indecisive', 'Impulsive', 'Introverted']",Yes,Yes,Yes,Pass,Business,13329
Tiffany Gronaller,10/04/2019,{'Python': 5},"['Listening', 'Charisma']","['Immature', 'Stubborn']",Yes,Yes,Yes,Fail,Engineering,13330
Winnie Waskett,02/04/2019,"{'Python': 2, 'Java': 1, 'PHP': 1}","['Composure', 'Critical Thinking']",['Competitive'],Yes,Yes,Yes,Pass,Business,13331
Anabelle Masey,24/04/2019,{'C#': 2},"['Consistent', 'Innovative', 'Curious']","['Distracted', 'Sensitive', 'Impatient']",Yes,Yes,Yes,Pass,Data,13332
Devan Claricoats,23/04/2019,"{'Python': 1, 'C#': 4, 'JavaScript': 3}","['Curious', 'Empathy', 'Problem Solving']","['Indifferent', 'Controlling']",Yes,Yes,Yes,Pass,Data,13333
Reube Launchbury,24/04/2019,"{'C++': 3, 'JavaScript': 5}","['Altruism', 'Perfectionism', 'Innovative']","['Introverted', 'Overbearing']",No,Yes,Yes,Fail,Business,13334
Janna Heyfield,24/04/2019,"{'Python': 2, 'C#': 2, 'Ruby': 1, 'PHP': 2}","['Collaboration', 'Consistent']","['Distracted', 'Anxious', 'Controlling']",Yes,Yes,Yes,Fail,Business,13335
Karina Ingyon,16/04/2019,{'Java': 3},['Altruism'],"['Procrastination', 'Chatty', 'Competitive']",Yes,Yes,No,Fail,Data,13336
Miguel Bowen,09/04/2019,"{'Python': 3, 'R': 3}","['Collaboration', 'Determined', 'Charisma']",['Introverted'],Yes,Yes,Yes,Pass,Data,13337
Gianina Bessent,17/04/2019,"{'Python': 4, 'C#': 2, 'Ruby': 3, 'R': 3, 'JavaScript': 2}","['Patient', 'Efficient']","['Slow', 'Controlling']",Yes,Yes,Yes,Fail,Business,13338
Shay Merrgen,09/04/2019,"{'C#': 2, 'SPSS': 1, 'PHP': 1}","['Perfectionism', 'Charisma']","['Passive', 'Conventional', 'Indifferent']",Yes,Yes,Yes,Pass,Business,13339
Brendon Ferrieri,17/04/2019,{'SPSS': 2},"['Problem Solving', 'Independent']","['Passive', 'Distracted']",Yes,Yes,Yes,Pass,Engineering,13340
Lavena Moehler,09/04/2019,"{'Python': 3, 'C#': 6}",['Perfectionism'],"['Indecisive', 'Critical']",Yes,Yes,Yes,Pass,Engineering,13341
Hersh Bramo,24/04/2019,"{'Python': 7, 'SPSS': 5, 'PHP': 3}","['Creative', 'Problem Solving', 'Ambitious']","['Indifferent', 'Competitive', 'Controlling']",No,Yes,Yes,Fail,Business,13342
Bruce Wingatt,09/04/2019,"{'C++': 4, 'JavaScript': 2}","['Ambitious', 'Empathy', 'Competitive']",['Indifferent'],Yes,Yes,Yes,Pass,Data,13343
Benedick Bernardeau,02/04/2019,"{'Python': 3, 'SPSS': 1, 'PHP': 3}","['Organisation', 'Empathy']",['Overbearing'],Yes,Yes,Yes,Pass,Business,13344
Tabby Henrych,03/04/2019,"{'R': 5, 'C++': 5}",['Innovative'],"['Selfish', 'Overbearing']",Yes,Yes,Yes,Fail,Engineering,13345
Rikki Balharrie,23/04/2019,"{'Java': 3, 'JavaScript': 1}","['Altruism', 'Critical Thinking']","['Distracted', 'Conventional']",Yes,No,Yes,Fail,Data,13346
Jon Aries,04/04/2019,"{'Python': 4, 'PHP': 5}",['Passionate'],"['Controlling', 'Indecisive', 'Selfish']",Yes,Yes,Yes,Pass,Engineering,13347
Virgilio Zavattieri,30/04/2019,"{'Python': 2, 'C++': 3}","['Patient', 'Passionate']","['Overbearing', 'Selfish']",Yes,Yes,Yes,Pass,Data,13348
Arleen Mcallan,09/04/2019,"{'C#': 4, 'PHP': 1, 'C++': 1, 'JavaScript': 4}",['Curious'],['Overbearing'],Yes,Yes,Yes,Pass,Engineering,13349
Deck Eannetta,04/04/2019,"{'SPSS': 1, 'C++': 1}","['Creative', 'Collaboration', 'Innovative']",['Sensitive'],Yes,Yes,No,Fail,Business,13350
Dania Skellern,23/04/2019,"{'Python': 2, 'C#': 2, 'R': 2, 'PHP': 1}","['Perfectionism', 'Consistent']",['Impulsive'],Yes,Yes,Yes,Pass,Business,13351
Uri Ingley,30/04/2019,"{'Python': 5, 'C#': 2, 'R': 4, 'C++': 5}","['Collaboration', 'Listening', 'Problem Solving']","['Impulsive', 'Slow']",Yes,No,Yes,Fail,Engineering,13352
Pren Abramovicz,18/04/2019,"{'Java': 3, 'R': 2, 'SPSS': 3, 'PHP': 4}",['Creative'],"['Passive', 'Chatty', 'Competitive']",Yes,Yes,Yes,Pass,Business,13353
Pren Abramovicz,18/04/2019,"{'Java': 3, 'R': 2, 'SPSS': 3, 'PHP': 4}",['Creative'],"['Passive', 'Chatty', 'Competitive']",Yes,Yes,Yes,Pass,Business,13354
Rowney Von Hagt,04/04/2019,"{'C#': 2, 'Java': 2, 'JavaScript': 8}",['Curious'],"['Anxious', 'Procrastination', 'Sensitive']",Yes,No,Yes,Fail,Data,13355
Markus Game,30/04/2019,"{'C#': 6, 'Java': 6, 'Ruby': 2, 'R': 1, 'C++': 3, 'JavaScript': 1}",['Rational'],"['Competitive', 'Sensitive', 'Critical']",Yes,Yes,Yes,Pass,Data,13356
Kalle Waine,03/04/2019,"{'Python': 1, 'SPSS': 2}","['Altruism', 'Listening']","['Impatient', 'Perfectionist']",Yes,Yes,Yes,Pass,Data,13357
Hayward Macdunleavy,24/04/2019,"{'Ruby': 6, 'C++': 5, 'JavaScript': 3}",['Versatile'],"['Undisciplined', 'Chatty', 'Slow']",Yes,Yes,Yes,Pass,Data,13358
Huberto Vollam,24/04/2019,"{'C#': 3, 'Java': 2, 'JavaScript': 3}",['Courteous'],['Selfish'],Yes,Yes,Yes,Pass,Business,13359
Abeu Bourcq,03/04/2019,"{'Python': 1, 'PHP': 1, 'C++': 5}","['Organisation', 'Perfectionism', 'Passionate']","['Indifferent', 'Conventional']",Yes,Yes,No,Fail,Business,13360
Stella Ulster,03/04/2019,"{'Ruby': 2, 'JavaScript': 8}",['Independent'],"['Overbearing', 'Immature']",Yes,Yes,Yes,Pass,Engineering,13361
Sayer Weedon,03/04/2019,"{'C#': 3, 'Ruby': 1, 'PHP': 4, 'JavaScript': 8}","['Rational', 'Independent', 'Organisation']","['Undisciplined', 'Overbearing']",Yes,Yes,Yes,Pass,Data,13362
Chilton Niece,10/04/2019,"{'R': 3, 'SPSS': 2, 'PHP': 5}","['Curious', 'Competitive']","['Impatient', 'Controlling']",Yes,Yes,Yes,Pass,Business,13363
Joyce Turbitt,03/04/2019,"{'Java': 2, 'SPSS': 2, 'PHP': 2, 'JavaScript': 3}",['Reliable'],"['Selfish', 'Controlling']",Yes,Yes,Yes,Fail,Data,13364
Lorianne Potticary,24/04/2019,"{'Java': 3, 'PHP': 4}",['Independent'],['Selfish'],Yes,Yes,Yes,Pass,Engineering,13365
Josselyn O'Sheils,04/04/2019,"{'Java': 3, 'R': 1, 'SPSS': 4}",['Consistent'],"['Immature', 'Introverted', 'Impatient']",No,Yes,No,Fail,Business,13366
Harmon Jaggi,04/04/2019,"{'Ruby': 5, 'C++': 3, 'JavaScript': 2}",['Patient'],['Overbearing'],No,Yes,Yes,Fail,Engineering,13367
Daisy Brims,04/04/2019,"{'C#': 6, 'PHP': 3}",['Altruism'],['Indifferent'],Yes,Yes,Yes,Pass,Engineering,13368
Eda Banner,10/04/2019,"{'C#': 1, 'Java': 6, 'R': 6, 'SPSS': 3, 'JavaScript': 2}","['Perfectionism', 'Consistent']","['Selfish', 'Indifferent', 'Stubborn']",Yes,Yes,Yes,Pass,Engineering,13369
Hubie Surgood,11/04/2019,"{'Python': 6, 'PHP': 1, 'JavaScript': 1}",['Patient'],"['Introverted', 'Slow']",Yes,Yes,Yes,Pass,Engineering,13370
Lalo Halton,09/04/2019,"{'C#': 3, 'R': 4}","['Independent', 'Composure', 'Courteous']",['Stubborn'],Yes,Yes,Yes,Pass,Engineering,13371
Paco St Ange,11/04/2019,"{'Ruby': 1, 'SPSS': 4, 'PHP': 2, 'C++': 1}",['Innovative'],"['Impatient', 'Anxious']",Yes,Yes,Yes,Pass,Business,13372
Karlene Mcdermott-Row,16/04/2019,"{'Java': 3, 'Ruby': 6, 'SPSS': 2}","['Versatile', 'Composure']",['Chatty'],Yes,Yes,Yes,Pass,Data,13373
Cinderella Chedzoy,03/04/2019,"{'C#': 1, 'Java': 1, 'SPSS': 1, 'PHP': 1, 'JavaScript': 3}","['Consistent', 'Altruism', 'Reliable']","['Slow', 'Perfectionist']",Yes,Yes,No,Fail,Business,13374
Tanya Altofts,24/04/2019,"{'Python': 2, 'Java': 3, 'Ruby': 1, 'R': 2, 'C++': 2}","['Collaboration', 'Efficient', 'Altruism']","['Passive', 'Anxious']",Yes,Yes,Yes,Pass,Engineering,13375
Kitty Triggol,09/04/2019,"{'C#': 1, 'Java': 2, 'Ruby': 1, 'JavaScript': 2}","['Rational', 'Independent']","['Impulsive', 'Intolerant']",Yes,No,Yes,Fail,Data,13376
Amerigo Graysmark,02/04/2019,"{'Python': 2, 'Ruby': 2, 'SPSS': 4, 'PHP': 3, 'C++': 4}","['Competitive', 'Altruism', 'Rational']",['Chatty'],Yes,Yes,Yes,Pass,Data,13377
Forbes Scimoni,11/04/2019,"{'C#': 1, 'R': 2, 'PHP': 3}","['Determined', 'Ambitious']","['Undisciplined', 'Slow']",Yes,Yes,No,Fail,Engineering,13378
Rochell Reston,03/04/2019,"{'Python': 3, 'Ruby': 6, 'R': 2, 'SPSS': 1, 'PHP': 1, 'C++': 5}","['Problem Solving', 'Reliable']","['Indecisive', 'Selfish', 'Anxious']",Yes,Yes,Yes,Pass,Engineering,13379
Aggy Alessandrucci,11/04/2019,"{'Python': 3, 'R': 1, 'SPSS': 5, 'C++': 3, 'JavaScript': 3}","['Charisma', 'Courteous', 'Passionate']","['Stubborn', 'Undisciplined']",No,Yes,Yes,Fail,Data,13380
Kevan Elsey,30/04/2019,{'R': 4},"['Patient', 'Problem Solving', 'Composure']",['Indecisive'],Yes,Yes,Yes,Pass,Business,13381
Marga Henryson,30/04/2019,"{'Python': 3, 'Java': 1, 'SPSS': 2}","['Patient', 'Altruism', 'Competitive']","['Chatty', 'Passive']",Yes,Yes,Yes,Fail,Data,13382
Haroun Mccrohon,18/04/2019,"{'Python': 4, 'C#': 1, 'Java': 3, 'Ruby': 1}","['Rational', 'Innovative', 'Composure']","['Anxious', 'Introverted']",Yes,Yes,Yes,Pass,Data,13383
Oralle Kose,10/04/2019,{'C#': 4},"['Competitive', 'Rational']","['Critical', 'Impulsive']",No,Yes,Yes,Fail,Data,13384
Emiline Bolderoe,25/04/2019,"{'C#': 1, 'PHP': 4, 'C++': 4}","['Determined', 'Empathy']","['Indifferent', 'Indecisive']",Yes,Yes,No,Fail,Engineering,13385
Stacie Heads,16/04/2019,"{'Python': 3, 'Java': 1, 'Ruby': 1, 'R': 6, 'SPSS': 1}",['Charisma'],"['Indecisive', 'Chatty', 'Sensitive']",Yes,Yes,No,Fail,Business,13386
Erik Gervaise,03/04/2019,"{'Java': 2, 'R': 3, 'PHP': 2}",['Independent'],['Undisciplined'],Yes,Yes,Yes,Pass,Data,13387
Aldridge Du Fray,30/04/2019,"{'Python': 4, 'PHP': 4}","['Creative', 'Versatile']",['Critical'],Yes,Yes,Yes,Pass,Engineering,13388
Elliot Ruckert,18/04/2019,"{'C#': 2, 'Java': 2, 'Ruby': 1, 'JavaScript': 1}",['Empathy'],"['Procrastination', 'Intolerant']",Yes,Yes,Yes,Fail,Engineering,13389
Florence Joseph,24/04/2019,"{'Python': 1, 'JavaScript': 5}","['Problem Solving', 'Determined']","['Perfectionist', 'Stubborn']",Yes,Yes,Yes,Pass,Business,13390
Lavinie De Quesne,02/04/2019,"{'Ruby': 2, 'R': 3}",['Composure'],"['Impatient', 'Indecisive', 'Passive']",Yes,Yes,Yes,Pass,Engineering,13391
Wileen Tolley,09/04/2019,"{'C#': 6, 'Ruby': 4, 'SPSS': 1, 'C++': 2}",['Reliable'],"['Chatty', 'Impatient']",Yes,Yes,Yes,Pass,Engineering,13392
Othilia Skypp,18/04/2019,"{'C#': 1, 'PHP': 1}","['Listening', 'Creative', 'Charisma']","['Selfish', 'Immature', 'Sensitive']",Yes,Yes,No,Fail,Engineering,13393
Susette Tregunnah,03/04/2019,"{'R': 3, 'SPSS': 2, 'C++': 4, 'JavaScript': 1}",['Collaboration'],['Stubborn'],Yes,Yes,Yes,Pass,Business,13394
Vernor Farrance,10/04/2019,"{'C#': 1, 'R': 4, 'SPSS': 2, 'C++': 2, 'JavaScript': 3}","['Composure', 'Listening', 'Empathy']","['Indifferent', 'Stubborn', 'Intolerant']",No,Yes,Yes,Fail,Business,13395
Winnifred Outright,25/04/2019,{'PHP': 1},['Reliable'],['Immature'],Yes,Yes,Yes,Pass,Business,13396
Dillon Gemnett,16/04/2019,"{'Python': 6, 'PHP': 3, 'C++': 5}","['Patient', 'Charisma']",['Distracted'],Yes,Yes,Yes,Pass,Business,13397
Elliot Howarth,23/04/2019,"{'Python': 2, 'C#': 1, 'Java': 2, 'SPSS': 2, 'PHP': 3, 'C++': 1}",['Independent'],"['Chaotic', 'Indifferent', 'Impatient']",Yes,Yes,Yes,Pass,Business,13398
Guinna Garford,17/04/2019,"{'R': 1, 'SPSS': 3, 'C++': 1, 'JavaScript': 4}","['Curious', 'Composure']","['Introverted', 'Stubborn', 'Slow']",Yes,Yes,Yes,Pass,Data,13399
Gunilla Davidi,24/04/2019,"{'Python': 2, 'C#': 1, 'Java': 3, 'Ruby': 2, 'R': 3, 'SPSS': 4, 'C++': 3, 'JavaScript': 2}","['Versatile', 'Competitive', 'Reliable']","['Slow', 'Undisciplined', 'Selfish']",Yes,Yes,Yes,Pass,Engineering,13400
Barbey Rickertsen,30/04/2019,"{'Python': 2, 'C#': 1}","['Charisma', 'Collaboration', 'Composure']",['Selfish'],Yes,Yes,Yes,Fail,Data,13401
Salvidor Cully,10/04/2019,"{'SPSS': 4, 'C++': 2}","['Independent', 'Altruism', 'Critical Thinking']","['Sensitive', 'Impulsive', 'Overbearing']",Yes,Yes,Yes,Pass,Business,13402
Bailey Antrim,25/04/2019,"{'Python': 3, 'C#': 1, 'Java': 4, 'R': 2, 'PHP': 2}","['Passionate', 'Listening', 'Perfectionism']",['Intolerant'],Yes,Yes,Yes,Pass,Business,13403
Leonid Coule,30/04/2019,"{'C#': 1, 'Ruby': 1, 'PHP': 4, 'C++': 5}","['Efficient', 'Perfectionism', 'Listening']",['Distracted'],Yes,No,Yes,Fail,Data,13404
Phyllida Mcdiarmid,25/04/2019,{'JavaScript': 2},"['Creative', 'Charisma']","['Anxious', 'Sensitive']",Yes,Yes,Yes,Pass,Business,13405
Vivien Beiderbeck,02/04/2019,"{'Python': 3, 'PHP': 2}","['Versatile', 'Passionate', 'Perfectionism']","['Distracted', 'Indecisive']",Yes,Yes,No,Fail,Data,13406
Suzy Blaisdell,17/04/2019,"{'C#': 2, 'Java': 1, 'R': 1}",['Listening'],"['Sensitive', 'Competitive', 'Selfish']",Yes,Yes,Yes,Pass,Engineering,13407
Todd Kohnert,10/04/2019,"{'Python': 3, 'C#': 2, 'R': 2, 'JavaScript': 2}","['Courteous', 'Ambitious']",['Overbearing'],Yes,Yes,Yes,Pass,Data,13408
Gunter Marzellano,10/04/2019,"{'Ruby': 3, 'R': 2, 'C++': 2, 'JavaScript': 4}",['Versatile'],['Controlling'],Yes,No,Yes,Fail,Business,13409
Shanda Glanester,23/04/2019,"{'C#': 1, 'Ruby': 5, 'C++': 1, 'JavaScript': 4}","['Critical Thinking', 'Competitive']",['Stubborn'],Yes,Yes,Yes,Pass,Engineering,13410
Enrique Garside,10/04/2019,"{'C#': 3, 'Ruby': 7}",['Reliable'],['Slow'],Yes,Yes,Yes,Fail,Engineering,13411
Viv Newby,11/04/2019,"{'Python': 6, 'SPSS': 5, 'JavaScript': 7}","['Courteous', 'Competitive']","['Intolerant', 'Distracted', 'Critical']",Yes,Yes,Yes,Pass,Data,13412
Hilda Winkett,10/04/2019,"{'Python': 2, 'SPSS': 3}","['Determined', 'Consistent', 'Perfectionism']","['Introverted', 'Indecisive']",Yes,No,Yes,Fail,Data,13413
Palm Jakovijevic,09/04/2019,"{'Python': 2, 'Ruby': 3, 'R': 1, 'PHP': 3}","['Innovative', 'Problem Solving']",['Anxious'],Yes,Yes,Yes,Pass,Engineering,13414
Herold Dionisetto,30/04/2019,{'Python': 2},"['Innovative', 'Determined', 'Organisation']",['Intolerant'],Yes,Yes,No,Fail,Data,13415
Darb Noor,04/04/2019,"{'Python': 1, 'JavaScript': 5}","['Versatile', 'Determined', 'Composure']",['Undisciplined'],Yes,Yes,Yes,Pass,Business,13416
Lynea Fitzsymon,09/04/2019,{'Python': 4},"['Empathy', 'Ambitious', 'Perfectionism']","['Procrastination', 'Indifferent', 'Stubborn']",Yes,Yes,No,Fail,Data,13417
Meredithe Ullyatt,23/04/2019,"{'Java': 1, 'SPSS': 1, 'C++': 2, 'JavaScript': 1}","['Curious', 'Patient', 'Innovative']","['Stubborn', 'Conventional']",Yes,Yes,Yes,Pass,Data,13418
Templeton Krzysztofiak,25/04/2019,"{'C#': 1, 'C++': 2}",['Charisma'],"['Overbearing', 'Critical', 'Controlling']",Yes,Yes,Yes,Pass,Engineering,13419
Gradey Connor,17/04/2019,"{'C#': 5, 'Java': 3, 'Ruby': 4, 'R': 3, 'JavaScript': 5}","['Reliable', 'Problem Solving', 'Creative']","['Introverted', 'Competitive']",Yes,Yes,Yes,Pass,Engineering,13420
Guthrie Klebes,23/04/2019,"{'Python': 1, 'Ruby': 1, 'R': 4, 'C++': 5}",['Independent'],"['Indifferent', 'Selfish']",Yes,Yes,Yes,Pass,Business,13421
Brion Grishechkin,03/04/2019,"{'Python': 4, 'Java': 1, 'R': 1, 'PHP': 2, 'JavaScript': 5}",['Creative'],"['Competitive', 'Procrastination', 'Stubborn']",Yes,Yes,Yes,Pass,Data,13422
Daniela Raffan,24/04/2019,"{'C#': 1, 'JavaScript': 3}",['Charisma'],['Immature'],Yes,Yes,Yes,Pass,Engineering,13423
Daniela Raffan,24/04/2019,"{'C#': 1, 'JavaScript': 3}",['Charisma'],['Immature'],Yes,Yes,Yes,Pass,Engineering,13424
Jimmy Sand,09/04/2019,"{'Java': 2, 'Ruby': 4}","['Determined', 'Passionate', 'Innovative']","['Overbearing', 'Indifferent']",Yes,Yes,Yes,Pass,Business,13425
Mamie Sperrett,23/04/2019,"{'Python': 3, 'Java': 4, 'Ruby': 3, 'R': 1, 'C++': 1}","['Versatile', 'Independent']",['Sensitive'],Yes,Yes,Yes,Pass,Engineering,13426
Roda Tours,23/04/2019,"{'C#': 5, 'Java': 1, 'Ruby': 7, 'PHP': 3}","['Independent', 'Innovative', 'Reliable']",['Undisciplined'],Yes,Yes,Yes,Fail,Data,13427
Idelle Pidgeley,25/04/2019,"{'Java': 1, 'SPSS': 5, 'PHP': 1, 'JavaScript': 6}",['Collaboration'],"['Overbearing', 'Passive']",Yes,Yes,Yes,Pass,Engineering,13428
Adah Spencers,04/04/2019,{'PHP': 4},"['Passionate', 'Perfectionism', 'Collaboration']","['Impulsive', 'Slow', 'Indifferent']",Yes,Yes,Yes,Pass,Business,13429
Teodora Redwood,25/04/2019,"{'C#': 2, 'Java': 3, 'R': 1}","['Curious', 'Efficient', 'Composure']",['Stubborn'],Yes,Yes,No,Fail,Business,13430
Ruth Harnor,24/04/2019,"{'Python': 3, 'SPSS': 5, 'PHP': 2, 'C++': 5}",['Reliable'],"['Controlling', 'Sensitive']",No,Yes,Yes,Fail,Data,13431
Mordecai Chamberlin,09/04/2019,"{'Python': 4, 'Java': 1, 'R': 2, 'C++': 1, 'JavaScript': 4}","['Determined', 'Perfectionism', 'Consistent']","['Procrastination', 'Indecisive']",Yes,Yes,Yes,Pass,Engineering,13432
Gillan Rosendorf,23/04/2019,"{'Java': 1, 'C++': 1}","['Curious', 'Creative', 'Problem Solving']","['Indecisive', 'Distracted', 'Undisciplined']",Yes,Yes,Yes,Fail,Data,13433
Gabbie Over,04/04/2019,{'Ruby': 5},['Innovative'],['Conventional'],Yes,Yes,Yes,Pass,Business,13434
Arlen Meacher,11/04/2019,"{'Python': 2, 'R': 2, 'PHP': 3, 'JavaScript': 5}","['Problem Solving', 'Ambitious', 'Creative']",['Impatient'],Yes,Yes,Yes,Pass,Data,13435
Law Massen,30/04/2019,"{'Python': 5, 'C#': 3, 'Java': 6, 'R': 1}",['Charisma'],"['Chatty', 'Competitive', 'Chaotic']",Yes,Yes,Yes,Pass,Engineering,13436
Leigha Pafford,11/04/2019,{'R': 1},['Innovative'],"['Slow', 'Competitive', 'Distracted']",No,Yes,Yes,Fail,Business,13437
Giles De Angelis,10/04/2019,"{'C#': 4, 'SPSS': 2}",['Courteous'],['Conventional'],Yes,Yes,Yes,Pass,Engineering,13438
Davey Mcdowell,10/04/2019,"{'Python': 5, 'C#': 4, 'Java': 2, 'JavaScript': 3}","['Collaboration', 'Reliable']","['Undisciplined', 'Sensitive']",Yes,Yes,No,Fail,Data,13439
Bud Carletto,04/04/2019,"{'Ruby': 1, 'R': 3, 'PHP': 1, 'JavaScript': 8}","['Organisation', 'Listening', 'Perfectionism']","['Introverted', 'Critical', 'Undisciplined']",Yes,Yes,Yes,Pass,Engineering,13440
Meagan Osmon,23/04/2019,"{'Python': 3, 'Java': 9, 'Ruby': 2, 'R': 1, 'SPSS': 7, 'JavaScript': 3}","['Reliable', 'Altruism', 'Determined']",['Impatient'],No,Yes,Yes,Fail,Engineering,13441
Deana Legonidec,25/04/2019,"{'R': 1, 'PHP': 2}","['Perfectionism', 'Patient', 'Composure']","['Indifferent', 'Distracted', 'Selfish']",Yes,Yes,Yes,Fail,Business,13442
Wileen Reckus,24/04/2019,"{'C#': 2, 'Ruby': 7, 'C++': 2}","['Collaboration', 'Determined']","['Procrastination', 'Overbearing', 'Chatty']",Yes,Yes,No,Fail,Data,13443
Wilmer Gealle,24/04/2019,"{'Ruby': 1, 'JavaScript': 4}",['Perfectionism'],['Undisciplined'],Yes,Yes,Yes,Pass,Business,13444
Shirl Bould,03/04/2019,"{'Python': 2, 'Java': 3, 'Ruby': 3, 'SPSS': 6, 'JavaScript': 4}",['Ambitious'],['Critical'],No,No,No,Fail,Business,13445
Sunny Menat,04/04/2019,"{'Java': 2, 'SPSS': 3, 'PHP': 2}",['Reliable'],"['Passive', 'Anxious']",Yes,No,Yes,Fail,Data,13446
Warde Zecchinii,24/04/2019,{'Ruby': 1},['Charisma'],"['Impulsive', 'Procrastination']",Yes,Yes,Yes,Fail,Data,13447
Amalea Tysack,11/04/2019,"{'C#': 2, 'Ruby': 4, 'SPSS': 1, 'JavaScript': 4}","['Empathy', 'Determined']","['Impulsive', 'Sensitive']",Yes,Yes,No,Fail,Business,13448
Mickey Lamport,10/04/2019,"{'Java': 2, 'Ruby': 2}","['Efficient', 'Patient', 'Listening']","['Intolerant', 'Impulsive', 'Critical']",Yes,Yes,Yes,Pass,Data,13449
Bart Bouttell,09/04/2019,"{'Python': 1, 'R': 1, 'SPSS': 7, 'PHP': 1}","['Composure', 'Altruism', 'Rational']","['Sensitive', 'Distracted']",Yes,No,No,Fail,Engineering,13450
Thatcher Frankish,18/04/2019,"{'C#': 5, 'SPSS': 3}","['Collaboration', 'Independent']","['Perfectionist', 'Conventional']",Yes,Yes,Yes,Pass,Business,13451
Myrna Bonafant,10/04/2019,"{'Python': 3, 'R': 5, 'SPSS': 5}","['Independent', 'Creative']",['Controlling'],Yes,Yes,No,Fail,Data,13452
Biddy Rapps,17/04/2019,"{'Python': 4, 'R': 5}","['Consistent', 'Patient', 'Reliable']","['Introverted', 'Competitive', 'Slow']",Yes,Yes,Yes,Pass,Business,13453
Jarib Rayhill,25/04/2019,"{'Python': 7, 'Java': 3, 'Ruby': 4, 'SPSS': 1, 'PHP': 3}",['Altruism'],"['Controlling', 'Indifferent', 'Competitive']",Yes,Yes,Yes,Fail,Engineering,13454
Lise Wildman,09/04/2019,"{'Python': 1, 'R': 2}",['Versatile'],['Critical'],Yes,Yes,Yes,Pass,Engineering,13455
Joycelin Doerffer,18/04/2019,"{'Python': 5, 'Java': 4, 'R': 1, 'JavaScript': 3}","['Altruism', 'Courteous']","['Conventional', 'Chatty', 'Passive']",Yes,No,Yes,Fail,Data,13456
Remington Hensmans,04/04/2019,"{'Python': 5, 'Ruby': 2, 'SPSS': 4}","['Collaboration', 'Creative']","['Chatty', 'Perfectionist']",Yes,Yes,Yes,Pass,Data,13457
Auberta Ruddick,11/04/2019,"{'C#': 5, 'Java': 3, 'SPSS': 6, 'PHP': 2}",['Versatile'],"['Passive', 'Slow']",Yes,Yes,Yes,Pass,Engineering,13458
Louise Dowse,16/04/2019,"{'Python': 4, 'Java': 5}","['Reliable', 'Altruism', 'Curious']",['Anxious'],Yes,Yes,Yes,Pass,Data,13459
Yelena Kelleway,16/04/2019,"{'C#': 1, 'Ruby': 2}",['Competitive'],"['Intolerant', 'Perfectionist', 'Distracted']",Yes,Yes,Yes,Pass,Engineering,13460
Luke Able,10/04/2019,"{'C#': 1, 'SPSS': 2, 'PHP': 4, 'C++': 2, 'JavaScript': 1}","['Organisation', 'Charisma', 'Patient']","['Indecisive', 'Perfectionist', 'Impatient']",Yes,Yes,No,Fail,Business,13461
Ave Waudby,25/04/2019,"{'C#': 1, 'Java': 2, 'R': 3, 'JavaScript': 5}",['Empathy'],['Impulsive'],Yes,Yes,Yes,Pass,Business,13462
Pearce Maxwale,04/04/2019,"{'R': 1, 'SPSS': 1, 'C++': 3}","['Reliable', 'Critical Thinking', 'Charisma']","['Impulsive', 'Intolerant']",Yes,Yes,Yes,Pass,Engineering,13463
Isabelita Alexandrou,16/04/2019,"{'C#': 2, 'SPSS': 3, 'JavaScript': 1}","['Reliable', 'Listening']","['Indifferent', 'Intolerant']",Yes,Yes,No,Fail,Data,13464
Kathlin Gibling,11/04/2019,"{'C#': 5, 'Ruby': 2, 'SPSS': 6, 'C++': 4}","['Curious', 'Perfectionism', 'Ambitious']",['Overbearing'],Yes,Yes,Yes,Pass,Data,13465
Thea Persey,04/04/2019,"{'C#': 1, 'Java': 2, 'Ruby': 3, 'C++': 5, 'JavaScript': 4}","['Patient', 'Courteous', 'Competitive']","['Intolerant', 'Sensitive']",Yes,Yes,Yes,Fail,Data,13466
Latisha Ibel,03/04/2019,"{'Ruby': 3, 'R': 2, 'JavaScript': 5}","['Passionate', 'Determined']","['Controlling', 'Introverted']",Yes,Yes,Yes,Pass,Business,13467
Howie Haith,02/04/2019,"{'Python': 4, 'C#': 2, 'Ruby': 5, 'SPSS': 2, 'PHP': 1}","['Composure', 'Ambitious', 'Charisma']","['Critical', 'Passive', 'Conventional']",Yes,Yes,Yes,Pass,Data,13468
Beth Tiner,17/04/2019,"{'Python': 4, 'Ruby': 1}","['Charisma', 'Problem Solving', 'Competitive']","['Intolerant', 'Controlling']",Yes,Yes,Yes,Pass,Engineering,13469
Josselyn Kaindl,02/04/2019,"{'C#': 4, 'R': 5, 'PHP': 3, 'C++': 2, 'JavaScript': 3}","['Critical Thinking', 'Perfectionism']","['Perfectionist', 'Distracted']",Yes,Yes,Yes,Pass,Business,13470
Fidela Dallywater,25/04/2019,{'C++': 3},['Empathy'],"['Impatient', 'Chatty']",Yes,Yes,Yes,Fail,Business,13471
Berry Codd,04/04/2019,"{'Python': 3, 'C#': 2, 'Ruby': 8, 'R': 5, 'SPSS': 4, 'JavaScript': 4}","['Independent', 'Altruism', 'Patient']",['Undisciplined'],Yes,No,No,Fail,Business,13472
Kariotta Barense,09/04/2019,"{'C#': 2, 'R': 1, 'SPSS': 2, 'C++': 3}","['Critical Thinking', 'Reliable', 'Competitive']","['Critical', 'Introverted', 'Perfectionist']",Yes,Yes,Yes,Pass,Business,13473
Dickie Kearton,16/04/2019,"{'Python': 3, 'Ruby': 2}","['Listening', 'Critical Thinking', 'Creative']","['Impulsive', 'Selfish', 'Distracted']",Yes,Yes,Yes,Pass,Data,13474
Garnette Zanussii,24/04/2019,"{'Java': 3, 'Ruby': 1}","['Efficient', 'Patient', 'Consistent']","['Sensitive', 'Chaotic']",Yes,Yes,Yes,Pass,Data,13475
Knox Mcgraw,30/04/2019,"{'C#': 1, 'R': 1, 'SPSS': 6, 'JavaScript': 5}",['Reliable'],"['Overbearing', 'Anxious']",Yes,Yes,Yes,Fail,Business,13476
Parke Coulthurst,11/04/2019,"{'C#': 3, 'SPSS': 2, 'PHP': 5, 'JavaScript': 4}","['Empathy', 'Collaboration']","['Chaotic', 'Indifferent']",Yes,Yes,No,Fail,Business,13477
Wendell Thomassen,18/04/2019,"{'C#': 2, 'Ruby': 4, 'R': 5, 'JavaScript': 5}","['Ambitious', 'Critical Thinking', 'Passionate']",['Anxious'],Yes,Yes,Yes,Pass,Engineering,13478
Ertha Nudds,25/04/2019,"{'Python': 5, 'C#': 3, 'SPSS': 2, 'C++': 4}","['Efficient', 'Problem Solving', 'Versatile']",['Passive'],Yes,Yes,No,Fail,Engineering,13479
Kayle Ferenc,17/04/2019,"{'Python': 3, 'Java': 1, 'R': 2, 'SPSS': 4, 'JavaScript': 4}","['Organisation', 'Determined']","['Conventional', 'Perfectionist']",Yes,Yes,Yes,Pass,Engineering,13480
Gonzalo Danniell,17/04/2019,"{'Python': 6, 'C#': 1, 'PHP': 4, 'C++': 6}","['Creative', 'Competitive']","['Introverted', 'Chaotic', 'Procrastination']",Yes,Yes,Yes,Fail,Engineering,13481
Lurleen Cestard,30/04/2019,"{'Python': 3, 'Java': 5, 'R': 2, 'SPSS': 3, 'PHP': 1}","['Composure', 'Courteous', 'Perfectionism']",['Slow'],Yes,Yes,No,Fail,Engineering,13482
Jacky Reilingen,04/04/2019,"{'C#': 2, 'Java': 6, 'R': 1, 'SPSS': 4}",['Versatile'],"['Indifferent', 'Intolerant', 'Introverted']",Yes,No,Yes,Fail,Business,13483
Phillis Lyfield,10/04/2019,"{'C#': 4, 'Java': 4, 'Ruby': 4, 'PHP': 1}","['Organisation', 'Independent', 'Determined']","['Sensitive', 'Overbearing', 'Impatient']",Yes,Yes,Yes,Pass,Engineering,13484
Celle Barlas,16/04/2019,"{'R': 2, 'C++': 1, 'JavaScript': 4}",['Problem Solving'],['Critical'],Yes,Yes,Yes,Pass,Engineering,13485
Scott Duny,11/04/2019,{'Ruby': 3},"['Reliable', 'Perfectionism', 'Problem Solving']",['Stubborn'],Yes,Yes,Yes,Pass,Data,13486
Boycey Matushenko,25/04/2019,"{'Python': 2, 'C#': 3, 'Java': 3, 'C++': 4}",['Independent'],"['Controlling', 'Stubborn']",Yes,Yes,No,Fail,Engineering,13487
