source_file,raw_text
Sparta Day 1 August 2019.txt,"Thursday 1 August 2019
Birmingham Academy

HILARY WILLMORE -  Psychometrics: 51/100, Presentation: 19/32
ORLY LORENS -  Psychometrics: 51/100, Presentation: 19/32
ALVIE BLEACKLY -  Psychometrics: 55/100, Presentation: 16/32
DECK ITZCHAKI -  Psychometrics: 59/100, Presentation: 21/32
WILT PENRITT -  Psychometrics: 66/100, Presentation: 25/32
GIANNA CLEVELY -  Psychometrics: 61/100, Presentation: 16/32
YVOR PHALIP -  Psychometrics: 59/100, Presentation: 18/32
MARIELLE KNIVETT -  Psychometrics: 52/100, Presentation: 18/32
FLORRI LOUGHTON -  Psychometrics: 63/100, Presentation: 28/32
WALDEN GIDDEN -  Psychometrics: 49/100, Presentation: 25/32
INGUNNA ADIN -  Psychometrics: 60/100, Presentation: 20/32
JANAYA MAWFORD -  Psychometrics: 52/100, Presentation: 18/32
CORNALL OFFER -  Psychometrics: 56/100, Presentation: 26/32
BRNABY BOWNES -  Psychometrics: 59/100, Presentation: 26/32
SHERLINE CUDIHY -  Psychometrics: 52/100, Presentation: 16/32
ANALLISE SCATHARD -  Psychometrics: 62/100, Presentation: 13/32
BENSON LABUSCHAGNE -  Psychometrics: 64/100, Presentation: 13/32
NORENE FIERRO -  Psychometrics: 58/100, Presentation: 22/32
WOODY NEWLING -  Psychometrics: 49/100, Presentation: 21/32
ANNA BOWNES -  Psychometrics: 45/100, Presentation: 20/32
LORINE BIGNALL -  Psychometrics: 59/100, Presentation: 17/32
DEIRDRE VAN DEN VELDE -  Psychometrics: 55/100, Presentation: 19/32
RUTHE ADOLTHINE -  Psychometrics: 63/100, Presentation: 17/32
STAR JURGES -  Psychometrics: 54/100, Presentation: 22/32
STAN FORKAN -  Psychometrics: 56/100, Presentation: 20/32
JODIE KAYGILL -  Psychometrics: 53/100, Presentation: 17/32
TIM HUSH -  Psychometrics: 40/100, Presentation: 22/32
DELINDA CONYBEAR -  Psychometrics: 54/100, Presentation: 18/32
REAGEN PUDGE -  Psychometrics: 60/100, Presentation: 14/32
MATTEO YEOWELL -  Psychometrics: 57/100, Presentation: 18/32
MAYE TARGETTER -  Psychometrics: 45/100, Presentation: 19/32
CARLOS GERCKENS -  Psychometrics: 56/100, Presentation: 19/32
NEVIL VIDYAPIN -  Psychometrics: 44/100, Presentation: 22/32
BLAKE NUNSON -  Psychometrics: 64/100, Presentation: 18/32
ROSS BEEVORS -  Psychometrics: 48/100, Presentation: 25/32
SID LIBBIE -  Psychometrics: 59/100, Presentation: 28/32
"
Sparta Day 1 May 2019.txt,"Wednesday 1 May 2019
London Academy

LOREE HINKENS -  Psychometrics: 54/100, Presentation: 16/32
MICHEIL ROTLAUF -  Psychometrics: 66/100, Presentation: 15/32
BERKELEY BOTHE -  Psychometrics: 43/100, Presentation: 25/32
KLARIKA MCCONIGAL -  Psychometrics: 48/100, Presentation: 22/32
RETHA DUNNICO -  Psychometrics: 60/100, Presentation: 20/32
NANCE TOTHE -  Psychometrics: 51/100, Presentation: 15/32
DONICA ANDREAS -  Psychometrics: 59/100, Presentation: 18/32
STAVROS PETTICROW -  Psychometrics: 52/100, Presentation: 12/32
JANET MULQUEENY -  Psychometrics: 42/100, Presentation: 19/32
CASSIUS HOLLIBONE -  Psychometrics: 69/100, Presentation: 18/32
MELLICENT DESAUR -  Psychometrics: 67/100, Presentation: 18/32
KAMILA SILVERSMIDT -  Psychometrics: 53/100, Presentation: 16/32
BERNADINE SINKIN -  Psychometrics: 60/100, Presentation: 17/32
WILLIAM DRYDEN -  Psychometrics: 63/100, Presentation: 23/32
MATTHIAS BURNS -  Psychometrics: 53/100, Presentation: 22/32
MAXWELL WYER -  Psychometrics: 50/100, Presentation: 21/32
MIGUELA QUANTRILL -  Psychometrics: 60/100, Presentation: 21/32
JULIET SCOTTRELL -  Psychometrics: 55/100, Presentation: 16/32
GANNIE BAREHEAD -  Psychometrics: 46/100, Presentation: 19/32
SIOUXIE TUNSTALL -  Psychometrics: 57/100, Presentation: 23/32
KEENAN STUBBES -  Psychometrics: 50/100, Presentation: 21/32
VERNEY SKEHAN -  Psychometrics: 58/100, Presentation: 15/32
BERNICE NIBLETT -  Psychometrics: 52/100, Presentation: 16/32
SUSIE CICCOLOI -  Psychometrics: 65/100, Presentation: 21/32
CORNEY KOLINSKY -  Psychometrics: 50/100, Presentation: 23/32
BENSON SYNCKE -  Psychometrics: 57/100, Presentation: 18/32
HALSEY BROADER -  Psychometrics: 67/100, Presentation: 26/32
"
Sparta Day 1 October 2019.txt,"Tuesday 1 October 2019
London Academy

KONSTANTINE GIACOMONI -  Psychometrics: 48/100, Presentation: 24/32
CARMELLE JADO -  Psychometrics: 54/100, Presentation: 22/32
EWARD STANYARD -  Psychometrics: 48/100, Presentation: 20/32
EDGARDO LIDYARD -  Psychometrics: 49/100, Presentation: 24/32
CLAUDIA MAY -  Psychometrics: 53/100, Presentation: 18/32
GINEVRA KOPS -  Psychometrics: 52/100, Presentation: 21/32
LAMBERT FORTNON -  Psychometrics: 57/100, Presentation: 22/32
FAR LUBECK -  Psychometrics: 52/100, Presentation: 18/32
JOANN ASPINWALL -  Psychometrics: 59/100, Presentation: 15/32
SALLYANN JACOBI -  Psychometrics: 60/100, Presentation: 15/32
AGUSTIN BOOG -  Psychometrics: 55/100, Presentation: 21/32
FIANN PARMETER -  Psychometrics: 52/100, Presentation: 23/32
LINETTE GILHOOLIE -  Psychometrics: 55/100, Presentation: 19/32
PEARLA DURTNELL -  Psychometrics: 55/100, Presentation: 21/32
CANDIE SENNER -  Psychometrics: 59/100, Presentation: 24/32
MYCHAL BACHELAR -  Psychometrics: 47/100, Presentation: 24/32
"
Sparta Day 10 April 2019.txt,"Wednesday 10 April 2019
London Academy

ESME TRUSSLOVE -  Psychometrics: 39/100, Presentation: 23/32
TILER ANDREJEVIC -  Psychometrics: 55/100, Presentation: 21/32
ESTER FOLDES -  Psychometrics: 48/100, Presentation: 23/32
MILE O'BRIEN -  Psychometrics: 50/100, Presentation: 24/32
SHEEREE COLLOP -  Psychometrics: 66/100, Presentation: 19/32
LIBBIE PLUCK -  Psychometrics: 51/100, Presentation: 19/32
GUSTY BEEVENS -  Psychometrics: 42/100, Presentation: 22/32
LON GILLIMGHAM -  Psychometrics: 56/100, Presentation: 18/32
HOGAN BUSHNELL -  Psychometrics: 65/100, Presentation: 22/32
TIFFANY GRONALLER -  Psychometrics: 54/100, Presentation: 24/32
CHILTON NIECE -  Psychometrics: 62/100, Presentation: 22/32
EDA BANNER -  Psychometrics: 72/100, Presentation: 20/32
DONALT SAVARY -  Psychometrics: 48/100, Presentation: 18/32
ORALLE KOSE -  Psychometrics: 50/100, Presentation: 22/32
VERNOR FARRANCE -  Psychometrics: 55/100, Presentation: 22/32
SALVIDOR CULLY -  Psychometrics: 53/100, Presentation: 18/32
NINETTE BORREL -  Psychometrics: 49/100, Presentation: 11/32
TODD KOHNERT -  Psychometrics: 58/100, Presentation: 24/32
GUNTER MARZELLANO -  Psychometrics: 63/100, Presentation: 23/32
ENRIQUE GARSIDE -  Psychometrics: 57/100, Presentation: 19/32
HILDA WINKETT -  Psychometrics: 69/100, Presentation: 25/32
GILES DE ANGELIS -  Psychometrics: 52/100, Presentation: 23/32
KALA FRANZINI -  Psychometrics: 48/100, Presentation: 26/32
DAVEY MCDOWELL -  Psychometrics: 52/100, Presentation: 24/32
MICKEY LAMPORT -  Psychometrics: 56/100, Presentation: 18/32
MYRNA BONAFANT -  Psychometrics: 51/100, Presentation: 23/32
MONTY HILLAM -  Psychometrics: 47/100, Presentation: 11/32
LUKE ABLE -  Psychometrics: 51/100, Presentation: 22/32
PHILLIS LYFIELD -  Psychometrics: 55/100, Presentation: 23/32
"
Sparta Day 10 December 2019.txt,"Tuesday 10 December 2019
London Academy

CANDY BERENDS -  Psychometrics: 66/100, Presentation: 15/32
ADOLPHO LITTERICK -  Psychometrics: 63/100, Presentation: 17/32
ROCKEY COURTES -  Psychometrics: 53/100, Presentation: 21/32
SALMON GLENFIELD -  Psychometrics: 52/100, Presentation: 21/32
JENA LIVINGS -  Psychometrics: 62/100, Presentation: 21/32
KAITLYN CHAGG -  Psychometrics: 53/100, Presentation: 18/32
STEFFANE LAITY -  Psychometrics: 62/100, Presentation: 25/32
HARRIE CHATIN -  Psychometrics: 69/100, Presentation: 22/32
BAMBI EARTHFIELD -  Psychometrics: 60/100, Presentation: 20/32
ULBERTO STROTON -  Psychometrics: 59/100, Presentation: 22/32
REINOLD JENICEK -  Psychometrics: 51/100, Presentation: 20/32
GUIDO ALLANS -  Psychometrics: 57/100, Presentation: 16/32
ORELLA GOSHAWKE -  Psychometrics: 55/100, Presentation: 17/32
FELITA JZHAKOV -  Psychometrics: 59/100, Presentation: 22/32
FILIDE ROONY -  Psychometrics: 60/100, Presentation: 22/32
CHARLEY FREDI -  Psychometrics: 55/100, Presentation: 20/32
MELLY IBLE -  Psychometrics: 52/100, Presentation: 21/32
WALLIE CHITTENDEN -  Psychometrics: 57/100, Presentation: 22/32
SCOTTI BROMFIELD -  Psychometrics: 50/100, Presentation: 21/32
ELISA GOWMAN -  Psychometrics: 50/100, Presentation: 19/32
"
Sparta Day 10 January 2019.txt,"Thursday 10 January 2019
Birmingham Academy

SUE BARFITT -  Psychometrics: 50/100, Presentation: 19/32
ZEA BARETTE -  Psychometrics: 52/100, Presentation: 18/32
MEGGIE SIDSAFF -  Psychometrics: 52/100, Presentation: 18/32
GUI GRAINE -  Psychometrics: 57/100, Presentation: 17/32
CAROLANN BUMBY -  Psychometrics: 50/100, Presentation: 16/32
DANYA SEDGEFIELD -  Psychometrics: 57/100, Presentation: 26/32
ROLLAND FIGGINS -  Psychometrics: 41/100, Presentation: 22/32
FRANK TOLCHARD -  Psychometrics: 50/100, Presentation: 18/32
SHELLI ABBESS -  Psychometrics: 51/100, Presentation: 22/32
AMBROS ETHINGTON -  Psychometrics: 56/100, Presentation: 23/32
NIKOLA DEVERICKS -  Psychometrics: 49/100, Presentation: 17/32
CHESTON CEILLIER -  Psychometrics: 65/100, Presentation: 25/32
BABITA HEIGHO -  Psychometrics: 50/100, Presentation: 28/32
VINCE SCOTT -  Psychometrics: 65/100, Presentation: 26/32
STEPHAN JAXON -  Psychometrics: 63/100, Presentation: 22/32
THATCHER NORTHEY -  Psychometrics: 49/100, Presentation: 16/32
LILLI LE BROM -  Psychometrics: 47/100, Presentation: 23/32
"
Sparta Day 10 July 2019.txt,"Wednesday 10 July 2019
London Academy

DARWIN SAMBIEDGE -  Psychometrics: 55/100, Presentation: 22/32
GRAYCE AIM -  Psychometrics: 49/100, Presentation: 16/32
BETTY LAMLIN -  Psychometrics: 72/100, Presentation: 24/32
QUILL TOMPKINSON -  Psychometrics: 66/100, Presentation: 17/32
SHAUN DOWLEY -  Psychometrics: 58/100, Presentation: 22/32
OSWALD LYNDON -  Psychometrics: 57/100, Presentation: 16/32
STANWOOD HEIMANN -  Psychometrics: 49/100, Presentation: 23/32
RUTHIE KINVIG -  Psychometrics: 44/100, Presentation: 20/32
ALISON TETT -  Psychometrics: 53/100, Presentation: 18/32
CARE OATTES -  Psychometrics: 49/100, Presentation: 22/32
URIEL EIDELMAN -  Psychometrics: 50/100, Presentation: 21/32
DRAKE NORTHCOTE -  Psychometrics: 53/100, Presentation: 27/32
KAREL TOULAMAIN -  Psychometrics: 51/100, Presentation: 16/32
ZELDA PRESTAGE -  Psychometrics: 55/100, Presentation: 18/32
JUDON HENZE -  Psychometrics: 58/100, Presentation: 22/32
MIGUELITA SMEDLEY -  Psychometrics: 62/100, Presentation: 17/32
WEYLIN COMOLLI -  Psychometrics: 50/100, Presentation: 25/32
DALORIS COTESFORD -  Psychometrics: 60/100, Presentation: 22/32
SALIM SARRA -  Psychometrics: 53/100, Presentation: 19/32
JOB RESTALL -  Psychometrics: 60/100, Presentation: 21/32
THORIN ESKRIET -  Psychometrics: 57/100, Presentation: 17/32
VIVIENNE BLAKELOCK -  Psychometrics: 60/100, Presentation: 22/32
RANDIE KLIMASHEVICH -  Psychometrics: 56/100, Presentation: 21/32
MAJE VALLIS -  Psychometrics: 62/100, Presentation: 22/32
FREDDIE SAMBER -  Psychometrics: 71/100, Presentation: 26/32
GRANT KILBAN -  Psychometrics: 59/100, Presentation: 22/32
"
Sparta Day 10 October 2019.txt,"Thursday 10 October 2019
Birmingham Academy

RAMSEY DIVALL -  Psychometrics: 51/100, Presentation: 19/32
CLINT DRAPER -  Psychometrics: 37/100, Presentation: 16/32
DRUCIE BIANCO -  Psychometrics: 53/100, Presentation: 23/32
POWELL WANK -  Psychometrics: 68/100, Presentation: 17/32
TONYE HEARL -  Psychometrics: 63/100, Presentation: 21/32
GARDENER BOUNDEY -  Psychometrics: 49/100, Presentation: 14/32
CLIFF KNOWLTON -  Psychometrics: 57/100, Presentation: 19/32
LEW BARTLOMIECZAK -  Psychometrics: 63/100, Presentation: 23/32
BARTHOLOMEO KEATLEY -  Psychometrics: 54/100, Presentation: 19/32
ADEL KINRADE -  Psychometrics: 56/100, Presentation: 16/32
PARRNELL WROE -  Psychometrics: 59/100, Presentation: 15/32
ALEXIS ADESS -  Psychometrics: 57/100, Presentation: 19/32
PAULY REBBECK -  Psychometrics: 63/100, Presentation: 18/32
MALVIN PENRITH -  Psychometrics: 61/100, Presentation: 23/32
NARIKO ROBELIN -  Psychometrics: 44/100, Presentation: 19/32
WALLIE PECHA -  Psychometrics: 51/100, Presentation: 22/32
MEREDITH CRAUFURD -  Psychometrics: 50/100, Presentation: 14/32
BOBINE ADVANI -  Psychometrics: 55/100, Presentation: 17/32
TOINETTE HALLUT -  Psychometrics: 58/100, Presentation: 20/32
ALEKSANDR LEAN -  Psychometrics: 47/100, Presentation: 22/32
BARNIE JERSH -  Psychometrics: 59/100, Presentation: 22/32
PETERUS WRAITH -  Psychometrics: 49/100, Presentation: 11/32
BAN CRAZE -  Psychometrics: 38/100, Presentation: 24/32
CHRISY KESEY -  Psychometrics: 58/100, Presentation: 15/32
BINNIE CAPNERHURST -  Psychometrics: 53/100, Presentation: 14/32
AMMAMARIA TASSELL -  Psychometrics: 57/100, Presentation: 20/32
KAROLINA COMINI -  Psychometrics: 66/100, Presentation: 13/32
LORALIE EXROLL -  Psychometrics: 53/100, Presentation: 20/32
BEBE GUYONNEAU -  Psychometrics: 42/100, Presentation: 18/32
HOBARD GAYNES -  Psychometrics: 67/100, Presentation: 23/32
CLEVIE BOWSHER -  Psychometrics: 54/100, Presentation: 22/32
"
Sparta Day 10 September 2019.txt,"Tuesday 10 September 2019
London Academy

LORALYN DIBBS -  Psychometrics: 46/100, Presentation: 18/32
MARSHA COULTER -  Psychometrics: 60/100, Presentation: 22/32
NORENE DERICUT -  Psychometrics: 60/100, Presentation: 23/32
DALE FEWLASS -  Psychometrics: 52/100, Presentation: 22/32
WILFRED GODWYN -  Psychometrics: 57/100, Presentation: 17/32
IRVINE HARMSON -  Psychometrics: 55/100, Presentation: 23/32
LEYLA THREADGOLD -  Psychometrics: 54/100, Presentation: 18/32
ETHELRED CARTMAN -  Psychometrics: 52/100, Presentation: 24/32
BALDWIN MACBEY -  Psychometrics: 56/100, Presentation: 24/32
TORRENCE LANEGRAN -  Psychometrics: 62/100, Presentation: 20/32
ANGIE LANGER -  Psychometrics: 41/100, Presentation: 21/32
PATRIC GOULT -  Psychometrics: 68/100, Presentation: 22/32
JENNINE ERNI -  Psychometrics: 56/100, Presentation: 26/32
RODERIC DAGGER -  Psychometrics: 45/100, Presentation: 22/32
GLYNNIS WICKEN -  Psychometrics: 50/100, Presentation: 26/32
STEPHINE KIRTON -  Psychometrics: 63/100, Presentation: 19/32
CARROLL TREASADEN -  Psychometrics: 54/100, Presentation: 21/32
RIVA MANGEOT -  Psychometrics: 53/100, Presentation: 23/32
LILIAS MC GORLEY -  Psychometrics: 50/100, Presentation: 17/32
GARRARD KEWARD -  Psychometrics: 64/100, Presentation: 28/32
COLLIN COMMINS -  Psychometrics: 52/100, Presentation: 22/32
BERTHA BURCHFIELD -  Psychometrics: 55/100, Presentation: 18/32
STILLMANN QUALTROUGH -  Psychometrics: 63/100, Presentation: 9/32
IGNATIUS DOXSEY -  Psychometrics: 60/100, Presentation: 23/32
JO-ANN GALLIHAULK -  Psychometrics: 62/100, Presentation: 20/32
MARK BECKINGHAM -  Psychometrics: 63/100, Presentation: 28/32
RYLEY DAEL -  Psychometrics: 62/100, Presentation: 25/32
"
Sparta Day 11 April 2019.txt,"Thursday 11 April 2019
Birmingham Academy

MERIDEL RANDELL -  Psychometrics: 62/100, Presentation: 23/32
ISACCO BOICHAT -  Psychometrics: 57/100, Presentation: 19/32
VALENKA JIRSA -  Psychometrics: 63/100, Presentation: 18/32
SULLIVAN PESKIN -  Psychometrics: 45/100, Presentation: 24/32
THEOBALD RAWLES -  Psychometrics: 66/100, Presentation: 16/32
HUBIE SURGOOD -  Psychometrics: 52/100, Presentation: 21/32
PACO ST ANGE -  Psychometrics: 59/100, Presentation: 22/32
FORBES SCIMONI -  Psychometrics: 54/100, Presentation: 16/32
AGGY ALESSANDRUCCI -  Psychometrics: 55/100, Presentation: 21/32
NICOLA GLOYENS -  Psychometrics: 46/100, Presentation: 23/32
VIV NEWBY -  Psychometrics: 51/100, Presentation: 15/32
ROSANNA BERKELY -  Psychometrics: 44/100, Presentation: 19/32
ARLEN MEACHER -  Psychometrics: 55/100, Presentation: 20/32
LEIGHA PAFFORD -  Psychometrics: 50/100, Presentation: 17/32
AMALEA TYSACK -  Psychometrics: 54/100, Presentation: 18/32
AUBERTA RUDDICK -  Psychometrics: 63/100, Presentation: 23/32
KATHLIN GIBLING -  Psychometrics: 64/100, Presentation: 24/32
PARKE COULTHURST -  Psychometrics: 61/100, Presentation: 21/32
ASHER MCCROW -  Psychometrics: 45/100, Presentation: 12/32
SCOTT DUNY -  Psychometrics: 57/100, Presentation: 17/32
"
Sparta Day 11 December 2019.txt,"Wednesday 11 December 2019
London Academy

BERRY GAMMEL -  Psychometrics: 71/100, Presentation: 16/32
MORITZ MOSEDALL -  Psychometrics: 54/100, Presentation: 21/32
NERTI WELFAIR -  Psychometrics: 63/100, Presentation: 18/32
SANDRO PRATCHETT -  Psychometrics: 53/100, Presentation: 19/32
OLIA LINCOLN -  Psychometrics: 62/100, Presentation: 18/32
CARIL BAYLY -  Psychometrics: 58/100, Presentation: 21/32
GIANINA SHEVELIN -  Psychometrics: 51/100, Presentation: 14/32
CHARLOTTE LAXE -  Psychometrics: 58/100, Presentation: 27/32
CORI DOCWRA -  Psychometrics: 56/100, Presentation: 20/32
BESSY TURPIE -  Psychometrics: 62/100, Presentation: 23/32
EL SHEPSTONE -  Psychometrics: 53/100, Presentation: 17/32
NAHUM RIDDOCK -  Psychometrics: 65/100, Presentation: 21/32
BERNI TORRA -  Psychometrics: 54/100, Presentation: 19/32
HORTEN KOOMAR -  Psychometrics: 50/100, Presentation: 18/32
HALEY CHMIEL -  Psychometrics: 42/100, Presentation: 15/32
ALLINA BUTTFIELD -  Psychometrics: 57/100, Presentation: 18/32
MARI LOTTERINGTON -  Psychometrics: 50/100, Presentation: 22/32
ELBERTINE ANGLISS -  Psychometrics: 45/100, Presentation: 24/32
EDDIE MARA -  Psychometrics: 60/100, Presentation: 23/32
WILLI DIBNAH -  Psychometrics: 57/100, Presentation: 22/32
DOMENIC COULTER -  Psychometrics: 64/100, Presentation: 19/32
JOHNNA TARBIN -  Psychometrics: 52/100, Presentation: 25/32
RHYS AYTON -  Psychometrics: 41/100, Presentation: 17/32
RIOBARD COLLCOTT -  Psychometrics: 52/100, Presentation: 23/32
AMALIA SHEPPARD -  Psychometrics: 56/100, Presentation: 22/32
RENE STENNINGS -  Psychometrics: 52/100, Presentation: 22/32
PIPER HAWSON -  Psychometrics: 56/100, Presentation: 22/32
DORETTA LANGDON -  Psychometrics: 58/100, Presentation: 25/32
IMELDA FOWKES -  Psychometrics: 44/100, Presentation: 24/32
CLAUDIAN COPP -  Psychometrics: 47/100, Presentation: 18/32
FREE SIMMGEN -  Psychometrics: 56/100, Presentation: 15/32
MILLY HUGNIN -  Psychometrics: 66/100, Presentation: 22/32
ELISSA KNOWLES -  Psychometrics: 50/100, Presentation: 22/32
"
Sparta Day 11 July 2019.txt,"Thursday 11 July 2019
Birmingham Academy

ZACHARIAS RESTORICK -  Psychometrics: 58/100, Presentation: 22/32
BENITA ENEFER -  Psychometrics: 52/100, Presentation: 20/32
ROANA SANGER -  Psychometrics: 56/100, Presentation: 20/32
CHERRITA MCGILLEGHOLE -  Psychometrics: 52/100, Presentation: 25/32
ORTENSIA WINSCOMB -  Psychometrics: 53/100, Presentation: 26/32
MICHELLE DUNGEE -  Psychometrics: 45/100, Presentation: 20/32
LISSA PUMFRETT -  Psychometrics: 59/100, Presentation: 18/32
HEWET DERWIN -  Psychometrics: 62/100, Presentation: 25/32
WILHELM JOUANET -  Psychometrics: 63/100, Presentation: 23/32
BARI STREATFIELD -  Psychometrics: 59/100, Presentation: 22/32
RIK WAREN -  Psychometrics: 64/100, Presentation: 18/32
VIVYAN ROBUCHON -  Psychometrics: 61/100, Presentation: 17/32
DANA OLDERSHAW -  Psychometrics: 49/100, Presentation: 18/32
WHITMAN PONTER -  Psychometrics: 49/100, Presentation: 23/32
SHAY OBEE -  Psychometrics: 52/100, Presentation: 18/32
FAYETTE VATINI -  Psychometrics: 42/100, Presentation: 18/32
HORATIUS BRANCH -  Psychometrics: 58/100, Presentation: 15/32
MELAMIE STREAT -  Psychometrics: 48/100, Presentation: 22/32
FLORIS RIZZETTI -  Psychometrics: 51/100, Presentation: 22/32
ADELAIDA PIRSON -  Psychometrics: 57/100, Presentation: 27/32
ESTER MCTERRELLY -  Psychometrics: 63/100, Presentation: 20/32
LURLINE STIRTLE -  Psychometrics: 57/100, Presentation: 23/32
ANNECORINNE KERTESS -  Psychometrics: 49/100, Presentation: 18/32
GAELAN CORDS -  Psychometrics: 59/100, Presentation: 12/32
COBBY WIXEY -  Psychometrics: 49/100, Presentation: 18/32
BELLE CATHERALL -  Psychometrics: 53/100, Presentation: 23/32
LORY BRUCKMAN -  Psychometrics: 53/100, Presentation: 19/32
RUFE DEVON -  Psychometrics: 51/100, Presentation: 16/32
ZACHERIE BESWELL -  Psychometrics: 58/100, Presentation: 20/32
MAME THEURER -  Psychometrics: 39/100, Presentation: 20/32
MAGGIE DOLDEN -  Psychometrics: 53/100, Presentation: 28/32
GAGE FEVERYEAR -  Psychometrics: 63/100, Presentation: 19/32
VIRGINIA BURDGE -  Psychometrics: 57/100, Presentation: 18/32
ARLETTE PICKLES -  Psychometrics: 61/100, Presentation: 17/32
MADELEINE BRUNICKE -  Psychometrics: 67/100, Presentation: 16/32
SINCLAIR BONDER -  Psychometrics: 60/100, Presentation: 26/32
"
Sparta Day 11 June 2019.txt,"Tuesday 11 June 2019
London Academy

SIOUXIE ROGAN -  Psychometrics: 60/100, Presentation: 16/32
CHARLEAN BALSTON -  Psychometrics: 53/100, Presentation: 20/32
MAXI HIGHWOOD -  Psychometrics: 48/100, Presentation: 25/32
ANTONI CANEY -  Psychometrics: 66/100, Presentation: 17/32
DIANA WEBBY -  Psychometrics: 61/100, Presentation: 18/32
MALVINA WHITEFORD -  Psychometrics: 53/100, Presentation: 24/32
STEWART STAPLEFORD -  Psychometrics: 44/100, Presentation: 21/32
JAYNE ANDRIVEAU -  Psychometrics: 62/100, Presentation: 26/32
WORTHINGTON RICHFORD -  Psychometrics: 59/100, Presentation: 18/32
DONALT JULYAN -  Psychometrics: 59/100, Presentation: 17/32
MONAH MENCI -  Psychometrics: 62/100, Presentation: 12/32
DEV MCPHERSON -  Psychometrics: 64/100, Presentation: 26/32
SHANDEIGH BIRCHETT -  Psychometrics: 47/100, Presentation: 22/32
VINCENTY ROUBAY -  Psychometrics: 72/100, Presentation: 20/32
MELAMIE KEERS -  Psychometrics: 61/100, Presentation: 22/32
DOY TAMS -  Psychometrics: 58/100, Presentation: 22/32
MERILEE WHEELBAND -  Psychometrics: 47/100, Presentation: 23/32
MARYANNA SEENEY -  Psychometrics: 50/100, Presentation: 18/32
EVANGELIN GORGES -  Psychometrics: 66/100, Presentation: 22/32
SEAN DILLAWAY -  Psychometrics: 54/100, Presentation: 22/32
GISELA SCHACHTER -  Psychometrics: 65/100, Presentation: 20/32
PHEDRA BERRIBALL -  Psychometrics: 56/100, Presentation: 18/32
SHERWOOD CAHAN -  Psychometrics: 42/100, Presentation: 11/32
BYROM SAWDAY -  Psychometrics: 54/100, Presentation: 21/32
JOANNA EGGERTON -  Psychometrics: 51/100, Presentation: 22/32
SHAYNE DE DOMENICO -  Psychometrics: 54/100, Presentation: 20/32
PETRONILLA ZIEMENS -  Psychometrics: 56/100, Presentation: 19/32
NIKOLAUS GULLEFANT -  Psychometrics: 54/100, Presentation: 19/32
AUBERON WERNY -  Psychometrics: 52/100, Presentation: 17/32
FORSTER CLINES -  Psychometrics: 60/100, Presentation: 18/32
PRENTICE VAN DER HOEVEN -  Psychometrics: 60/100, Presentation: 23/32
"
Sparta Day 11 September 2019.txt,"Wednesday 11 September 2019
London Academy

MANON CLUTTERHAM -  Psychometrics: 59/100, Presentation: 26/32
RAMON HINCHCLIFFE -  Psychometrics: 56/100, Presentation: 18/32
JENINE IVASHKOV -  Psychometrics: 53/100, Presentation: 24/32
PEBROOK EYDEL -  Psychometrics: 58/100, Presentation: 23/32
BETTE-ANN FERRIERES -  Psychometrics: 43/100, Presentation: 27/32
CHRISSY BARTHOLIN -  Psychometrics: 55/100, Presentation: 19/32
JERE AMOR -  Psychometrics: 50/100, Presentation: 17/32
AMANDA LILL -  Psychometrics: 59/100, Presentation: 21/32
FIONA SANDLE -  Psychometrics: 60/100, Presentation: 17/32
MALINA CASACCIA -  Psychometrics: 65/100, Presentation: 23/32
ANDREAS MEHMET -  Psychometrics: 58/100, Presentation: 19/32
LIANA JOHANNES -  Psychometrics: 39/100, Presentation: 21/32
KEEFE MIRFIN -  Psychometrics: 53/100, Presentation: 23/32
WYATT TRIPPACK -  Psychometrics: 57/100, Presentation: 16/32
DIETRICH SABATER -  Psychometrics: 51/100, Presentation: 23/32
DOROTHEA BIDNALL -  Psychometrics: 54/100, Presentation: 21/32
RENIE ELLIN -  Psychometrics: 63/100, Presentation: 15/32
GERY MARCHMENT -  Psychometrics: 50/100, Presentation: 19/32
HILLARY THOULESS -  Psychometrics: 54/100, Presentation: 23/32
MARIEL BARTEL -  Psychometrics: 53/100, Presentation: 17/32
CHELSY REGUS -  Psychometrics: 48/100, Presentation: 18/32
GUILLAUME RUBURY -  Psychometrics: 41/100, Presentation: 19/32
TEODORA WHAPLINGTON -  Psychometrics: 57/100, Presentation: 21/32
ELFRIDA REECE -  Psychometrics: 66/100, Presentation: 17/32
CORRY SIVETER -  Psychometrics: 42/100, Presentation: 24/32
JILLIAN WENN -  Psychometrics: 57/100, Presentation: 18/32
ELSA WOONTON -  Psychometrics: 54/100, Presentation: 23/32
RACHELE SHAPLIN -  Psychometrics: 65/100, Presentation: 17/32
MERWYN BREMEYER -  Psychometrics: 55/100, Presentation: 19/32
DANNI GURDON -  Psychometrics: 53/100, Presentation: 17/32
VERONIKE ALENOV -  Psychometrics: 53/100, Presentation: 22/32
STEPHAN TIDBALD -  Psychometrics: 61/100, Presentation: 17/32
CHRISSE SANTOSTEFANO. -  Psychometrics: 57/100, Presentation: 25/32
HELYN SAHNOW -  Psychometrics: 67/100, Presentation: 16/32
HOMERUS HEIGHTON -  Psychometrics: 58/100, Presentation: 17/32
FREDIA RUOS -  Psychometrics: 64/100, Presentation: 17/32
HARRIETTA BUTEN -  Psychometrics: 53/100, Presentation: 23/32
GLYNDA CANCELLARIO -  Psychometrics: 48/100, Presentation: 21/32
SARITA WEEDON -  Psychometrics: 66/100, Presentation: 19/32
DARWIN VLASOV -  Psychometrics: 51/100, Presentation: 25/32
"
Sparta Day 12 December 2019.txt,"Thursday 12 December 2019
Birmingham Academy

HI ROMKE -  Psychometrics: 48/100, Presentation: 13/32
GERTRUDA SYDDIE -  Psychometrics: 53/100, Presentation: 24/32
LOELLA THOMEL -  Psychometrics: 45/100, Presentation: 22/32
DNIREN BARLAS -  Psychometrics: 52/100, Presentation: 19/32
JO ANN BEEKE -  Psychometrics: 51/100, Presentation: 26/32
MART HAGGERSTONE -  Psychometrics: 57/100, Presentation: 23/32
PATRICE MILHENCH -  Psychometrics: 55/100, Presentation: 23/32
SOLLY REEK -  Psychometrics: 55/100, Presentation: 22/32
DAMIAN BRIMBLECOMBE -  Psychometrics: 41/100, Presentation: 19/32
FAWNE KEEN -  Psychometrics: 58/100, Presentation: 22/32
ABRAN HAWSON -  Psychometrics: 47/100, Presentation: 13/32
JACQUELYNN SAVIN -  Psychometrics: 53/100, Presentation: 23/32
MATTHEW TUMILSON -  Psychometrics: 54/100, Presentation: 20/32
BRIDGETTE ANTOS -  Psychometrics: 65/100, Presentation: 26/32
LESLIE LOCHHEAD -  Psychometrics: 41/100, Presentation: 20/32
CHET BEAN -  Psychometrics: 58/100, Presentation: 19/32
KATHRYN STURE -  Psychometrics: 54/100, Presentation: 17/32
GERRIE DOMENGET -  Psychometrics: 66/100, Presentation: 16/32
GENOVERA MATTEK -  Psychometrics: 54/100, Presentation: 21/32
DAWN PETLYURA -  Psychometrics: 65/100, Presentation: 15/32
ERYN LICENCE -  Psychometrics: 57/100, Presentation: 17/32
LEMAR KINGSNOD -  Psychometrics: 45/100, Presentation: 26/32
GAULTIERO VELDSTRA -  Psychometrics: 40/100, Presentation: 23/32
BRANDTR RODELL -  Psychometrics: 60/100, Presentation: 14/32
JORDAN CRISTOFORETTI -  Psychometrics: 56/100, Presentation: 21/32
CHAIM INSEAL -  Psychometrics: 57/100, Presentation: 22/32
"
Sparta Day 12 February 2019.txt,"Tuesday 12 February 2019
London Academy

WILFRID WARDE -  Psychometrics: 42/100, Presentation: 16/32
WASH RICHARDES -  Psychometrics: 60/100, Presentation: 16/32
REDD JURGES -  Psychometrics: 64/100, Presentation: 19/32
TOMMY EVANS -  Psychometrics: 61/100, Presentation: 21/32
STEPHANUS KENWOOD -  Psychometrics: 58/100, Presentation: 18/32
SIWARD LUTEN -  Psychometrics: 45/100, Presentation: 21/32
ADRIA ZORRO -  Psychometrics: 57/100, Presentation: 23/32
AUDRE THOMERSON -  Psychometrics: 58/100, Presentation: 19/32
IRVIN CLAYHILL -  Psychometrics: 55/100, Presentation: 14/32
DARCIE BALDETTI -  Psychometrics: 47/100, Presentation: 15/32
KIZZEE TOYNE -  Psychometrics: 49/100, Presentation: 18/32
ROBBIN DUCHESNE -  Psychometrics: 59/100, Presentation: 15/32
GERTRUD NIND -  Psychometrics: 53/100, Presentation: 23/32
ALOIN ASHMENT -  Psychometrics: 54/100, Presentation: 19/32
SOPHIE BOSSE -  Psychometrics: 59/100, Presentation: 18/32
YEVETTE RIMBAULT -  Psychometrics: 49/100, Presentation: 15/32
DINA DURBYN -  Psychometrics: 59/100, Presentation: 23/32
SKELLY BHAR -  Psychometrics: 48/100, Presentation: 21/32
KENN WOOLNER -  Psychometrics: 48/100, Presentation: 21/32
LEONHARD SOGG -  Psychometrics: 68/100, Presentation: 16/32
TABITHA VOWDON -  Psychometrics: 58/100, Presentation: 23/32
INNA KIDMAN -  Psychometrics: 63/100, Presentation: 25/32
RANDI LEBOURN -  Psychometrics: 60/100, Presentation: 18/32
ARMSTRONG HURSTHOUSE -  Psychometrics: 44/100, Presentation: 14/32
KIEL MCMULLEN -  Psychometrics: 50/100, Presentation: 20/32
VAIL NOEN -  Psychometrics: 54/100, Presentation: 16/32
DUKEY PADDEMORE -  Psychometrics: 51/100, Presentation: 17/32
AUBERT GREALLY -  Psychometrics: 53/100, Presentation: 21/32
MANYA AJSIK -  Psychometrics: 54/100, Presentation: 19/32
ERVIN JERCHE -  Psychometrics: 53/100, Presentation: 22/32
ALLYN MCCRUM -  Psychometrics: 61/100, Presentation: 15/32
"
Sparta Day 12 June 2019.txt,"Wednesday 12 June 2019
London Academy

SINCLAIR BREISSAN -  Psychometrics: 60/100, Presentation: 19/32
JEANETTE WANKEL -  Psychometrics: 67/100, Presentation: 19/32
JEHU VAN ARSDALL -  Psychometrics: 52/100, Presentation: 14/32
HADRIAN CORNAU -  Psychometrics: 49/100, Presentation: 22/32
ABRAN ODAMS -  Psychometrics: 58/100, Presentation: 24/32
JEANNE BRAYNE -  Psychometrics: 65/100, Presentation: 18/32
CAMEL MIGUET -  Psychometrics: 63/100, Presentation: 18/32
ZEB TIPPINGS -  Psychometrics: 57/100, Presentation: 17/32
DORENE FRANSCHINI -  Psychometrics: 54/100, Presentation: 19/32
CALE DE QUESNE -  Psychometrics: 42/100, Presentation: 24/32
CHARMAIN DIBEN -  Psychometrics: 50/100, Presentation: 24/32
CONSOLATA MAUDLEN -  Psychometrics: 51/100, Presentation: 13/32
MUHAMMAD PERCY -  Psychometrics: 58/100, Presentation: 20/32
PHINEAS FILSHIN -  Psychometrics: 57/100, Presentation: 25/32
WESTBROOK PAYNTON -  Psychometrics: 63/100, Presentation: 18/32
ABBOTT YEA -  Psychometrics: 54/100, Presentation: 15/32
OPALINE GAMMON -  Psychometrics: 56/100, Presentation: 20/32
BIDGET MACARTHUR -  Psychometrics: 59/100, Presentation: 22/32
ANDRIS BRADLEY -  Psychometrics: 60/100, Presentation: 21/32
PADGETT CRENNAN -  Psychometrics: 58/100, Presentation: 19/32
KIMMI EDGECUMBE -  Psychometrics: 53/100, Presentation: 23/32
ORTON BORER -  Psychometrics: 54/100, Presentation: 16/32
ALIKEE SAWOOD -  Psychometrics: 55/100, Presentation: 20/32
JULI RULER -  Psychometrics: 59/100, Presentation: 20/32
JACQUELYNN BANASIAK -  Psychometrics: 54/100, Presentation: 27/32
COSIMO LABRAM -  Psychometrics: 60/100, Presentation: 22/32
SILVESTER ONDRA -  Psychometrics: 55/100, Presentation: 18/32
WINNA LEMMERTZ -  Psychometrics: 57/100, Presentation: 22/32
CECIL KENNEWELL -  Psychometrics: 47/100, Presentation: 22/32
TANA CULLINANE -  Psychometrics: 54/100, Presentation: 17/32
"
Sparta Day 12 March 2019.txt,"Tuesday 12 March 2019
London Academy

EIMILE PINCOTT -  Psychometrics: 54/100, Presentation: 19/32
KIELE LETFORD -  Psychometrics: 54/100, Presentation: 24/32
HARRISON MACNAMEE -  Psychometrics: 59/100, Presentation: 17/32
DOLPH JOBBINS -  Psychometrics: 41/100, Presentation: 17/32
ANGELINE REWBOTTOM -  Psychometrics: 58/100, Presentation: 23/32
TONIA OAKES -  Psychometrics: 58/100, Presentation: 21/32
DOTI BOTHRAM -  Psychometrics: 37/100, Presentation: 19/32
JENIECE PETTY -  Psychometrics: 64/100, Presentation: 20/32
TILDI DALLICOAT -  Psychometrics: 60/100, Presentation: 24/32
LISHA KEAVENY -  Psychometrics: 55/100, Presentation: 16/32
INESSA MCCURTIN -  Psychometrics: 52/100, Presentation: 23/32
XERXES DOBROWLSKI -  Psychometrics: 56/100, Presentation: 23/32
KEEFER CARUS -  Psychometrics: 45/100, Presentation: 23/32
LOTTE WITHEROP -  Psychometrics: 59/100, Presentation: 24/32
BETTEANN BRIDGELAND -  Psychometrics: 69/100, Presentation: 22/32
ROXANNA RASHLEIGH -  Psychometrics: 57/100, Presentation: 17/32
AYMER RANDALES -  Psychometrics: 44/100, Presentation: 24/32
GARTH MESSAGER -  Psychometrics: 51/100, Presentation: 22/32
EUGENIE INNOCENTI -  Psychometrics: 57/100, Presentation: 19/32
DORALYNNE TORRICINA -  Psychometrics: 50/100, Presentation: 26/32
FOWLER CREWDSON -  Psychometrics: 66/100, Presentation: 22/32
BELLA TARBOX -  Psychometrics: 61/100, Presentation: 22/32
NORRI WYBERN -  Psychometrics: 46/100, Presentation: 19/32
CELLO DURRAND -  Psychometrics: 56/100, Presentation: 19/32
L;URETTE DAVELEY -  Psychometrics: 63/100, Presentation: 22/32
"
Sparta Day 12 November 2019.txt,"Tuesday 12 November 2019
London Academy

MORLEY BATTELL -  Psychometrics: 65/100, Presentation: 20/32
SIDNEE HOLLOWS -  Psychometrics: 51/100, Presentation: 17/32
AMALEE TOMKIN -  Psychometrics: 49/100, Presentation: 19/32
PEARLA TRIGWELL -  Psychometrics: 49/100, Presentation: 17/32
SIM BAUDAINS -  Psychometrics: 53/100, Presentation: 16/32
HALLIE BENTKE -  Psychometrics: 49/100, Presentation: 22/32
HEIDIE ZANETTO -  Psychometrics: 53/100, Presentation: 19/32
MADISON GETCH -  Psychometrics: 59/100, Presentation: 18/32
MURVYN AERS -  Psychometrics: 53/100, Presentation: 17/32
SELMA O'BROGANE -  Psychometrics: 52/100, Presentation: 21/32
MURRAY ARMFIRLD -  Psychometrics: 56/100, Presentation: 19/32
LUCIAS HAGGARTY -  Psychometrics: 63/100, Presentation: 21/32
LUDVIG LA GRANGE -  Psychometrics: 55/100, Presentation: 15/32
JAYME LIEBER -  Psychometrics: 55/100, Presentation: 19/32
TIMMIE KNUDSEN -  Psychometrics: 55/100, Presentation: 19/32
EVITA GISBY -  Psychometrics: 55/100, Presentation: 21/32
KIRSTENI LOREN -  Psychometrics: 54/100, Presentation: 22/32
LEICESTER BANKER -  Psychometrics: 52/100, Presentation: 21/32
KELLI TWIDDELL -  Psychometrics: 69/100, Presentation: 24/32
RACHELLE DREGAN -  Psychometrics: 56/100, Presentation: 13/32
NIVEN COOLING -  Psychometrics: 60/100, Presentation: 19/32
ANTHIATHIA BROAD -  Psychometrics: 60/100, Presentation: 20/32
SUSANNAH BENGOUGH -  Psychometrics: 63/100, Presentation: 26/32
ANATOLE BURSTON -  Psychometrics: 52/100, Presentation: 21/32
VERONICA PETROFF -  Psychometrics: 52/100, Presentation: 17/32
WENONAH RELPH -  Psychometrics: 40/100, Presentation: 19/32
"
Sparta Day 12 September 2019.txt,"Thursday 12 September 2019
Birmingham Academy

BAIRD REYNOOLLDS -  Psychometrics: 58/100, Presentation: 19/32
HI MATHERSON -  Psychometrics: 42/100, Presentation: 23/32
FERNANDO HOWCHIN -  Psychometrics: 54/100, Presentation: 16/32
PATEN BARTELLI -  Psychometrics: 52/100, Presentation: 14/32
BARTON HARPIN -  Psychometrics: 56/100, Presentation: 20/32
TOINETTE PFLIEGER -  Psychometrics: 41/100, Presentation: 21/32
AMOS STOWGILL -  Psychometrics: 42/100, Presentation: 20/32
MATELDA CHASTENET -  Psychometrics: 51/100, Presentation: 23/32
SHAMUS ATTENBARROW -  Psychometrics: 53/100, Presentation: 22/32
WALD LYNES -  Psychometrics: 55/100, Presentation: 13/32
LORIA MENLOW -  Psychometrics: 57/100, Presentation: 20/32
GARWOOD MCMEEKIN -  Psychometrics: 48/100, Presentation: 16/32
KEARNEY CERIE -  Psychometrics: 48/100, Presentation: 19/32
DORINE ERRICKER -  Psychometrics: 49/100, Presentation: 20/32
MILLICENT BUCHANAN -  Psychometrics: 59/100, Presentation: 23/32
CLAUDETTE DE CARLO -  Psychometrics: 48/100, Presentation: 15/32
CHEVALIER EYKELBOSCH -  Psychometrics: 54/100, Presentation: 17/32
PENNY TRATHEN -  Psychometrics: 51/100, Presentation: 17/32
JENN BLITZ -  Psychometrics: 57/100, Presentation: 23/32
TRENT SOUTHWICK -  Psychometrics: 56/100, Presentation: 21/32
ELIZABET SANBROKE -  Psychometrics: 60/100, Presentation: 20/32
OFELLA SHELMARDINE -  Psychometrics: 58/100, Presentation: 18/32
VASILI CARTLEDGE -  Psychometrics: 57/100, Presentation: 15/32
MAUDE ITHELL -  Psychometrics: 52/100, Presentation: 18/32
SARAANN ELCOMBE -  Psychometrics: 50/100, Presentation: 19/32
VEVAY FEIRN -  Psychometrics: 54/100, Presentation: 25/32
MONTY GORRIESSEN -  Psychometrics: 51/100, Presentation: 22/32
VACLAV PIETESCH -  Psychometrics: 61/100, Presentation: 27/32
MERCIE GROGER -  Psychometrics: 43/100, Presentation: 24/32
"
Sparta Day 13 August 2019.txt,"Tuesday 13 August 2019
London Academy

CLEM WOODYEARE -  Psychometrics: 39/100, Presentation: 16/32
WESLEY TOLERTON -  Psychometrics: 59/100, Presentation: 19/32
CORNIE LOMATH -  Psychometrics: 45/100, Presentation: 22/32
SAUNCHO AVESON -  Psychometrics: 58/100, Presentation: 30/32
LEONORE PETTIFORD -  Psychometrics: 62/100, Presentation: 21/32
LY FERRO -  Psychometrics: 54/100, Presentation: 21/32
PAMELINA ITZKOVSKY -  Psychometrics: 58/100, Presentation: 19/32
GALE QUARTLEY -  Psychometrics: 62/100, Presentation: 20/32
MERELL TREMMIL -  Psychometrics: 67/100, Presentation: 20/32
ILARIO YEATES -  Psychometrics: 53/100, Presentation: 24/32
HEWETT LAMPUTT -  Psychometrics: 54/100, Presentation: 21/32
DEBBY HADIGATE -  Psychometrics: 48/100, Presentation: 20/32
DERK ANDRESS -  Psychometrics: 64/100, Presentation: 19/32
CHUCHO GALFOUR -  Psychometrics: 56/100, Presentation: 19/32
ORLAND GLAISNER -  Psychometrics: 54/100, Presentation: 24/32
LEDA AHARONI -  Psychometrics: 59/100, Presentation: 18/32
AMITY PANCAST -  Psychometrics: 46/100, Presentation: 17/32
URBANO REINISCH -  Psychometrics: 55/100, Presentation: 21/32
LAMOND LEVENSKY -  Psychometrics: 68/100, Presentation: 22/32
BALDUIN CULLETON -  Psychometrics: 52/100, Presentation: 18/32
OLIY ELLAR -  Psychometrics: 56/100, Presentation: 25/32
NIAL ORET -  Psychometrics: 58/100, Presentation: 25/32
RENAULT ROCKELL -  Psychometrics: 45/100, Presentation: 23/32
CHRISTIAN BINGLEY -  Psychometrics: 59/100, Presentation: 19/32
"
Sparta Day 13 February 2019.txt,"Wednesday 13 February 2019
London Academy

CAMERON GLEAVES -  Psychometrics: 53/100, Presentation: 17/32
NAOMI SHORTT -  Psychometrics: 56/100, Presentation: 20/32
SHERLOCK SIBLEY -  Psychometrics: 51/100, Presentation: 23/32
JOSEFINA VEILLARD -  Psychometrics: 46/100, Presentation: 18/32
LANE MYRKUS -  Psychometrics: 52/100, Presentation: 21/32
TADEO HOURIGAN -  Psychometrics: 55/100, Presentation: 14/32
DOROTHEE SALMOND -  Psychometrics: 40/100, Presentation: 25/32
ANTONIA MACKAIG -  Psychometrics: 53/100, Presentation: 23/32
ERAN CICCI -  Psychometrics: 46/100, Presentation: 17/32
BERYLE D'ANTONIO -  Psychometrics: 65/100, Presentation: 18/32
HERMIONE TUME -  Psychometrics: 48/100, Presentation: 17/32
ARDA DISBROW -  Psychometrics: 51/100, Presentation: 22/32
TULLEY HINDRICH -  Psychometrics: 49/100, Presentation: 18/32
DIONYSUS GARTER -  Psychometrics: 66/100, Presentation: 22/32
JERE JORDINE -  Psychometrics: 51/100, Presentation: 20/32
HERMINIA BRETTEL -  Psychometrics: 57/100, Presentation: 22/32
OBADIAH HEGLEY -  Psychometrics: 47/100, Presentation: 20/32
GANNIE LAMBERTESCHI -  Psychometrics: 67/100, Presentation: 18/32
HILDAGARDE CHURCHLOW -  Psychometrics: 62/100, Presentation: 23/32
BRENA CREEBER -  Psychometrics: 53/100, Presentation: 22/32
LILLLIE KUN -  Psychometrics: 61/100, Presentation: 20/32
VALE TREVARTHEN -  Psychometrics: 52/100, Presentation: 18/32
FABIAN EXELL -  Psychometrics: 60/100, Presentation: 25/32
ALESSANDRA KROLLMANN -  Psychometrics: 57/100, Presentation: 16/32
SHURLOCKE HELMKE -  Psychometrics: 45/100, Presentation: 20/32
EL DURANTE -  Psychometrics: 53/100, Presentation: 21/32
BENEDICK ARNHOLD -  Psychometrics: 62/100, Presentation: 16/32
LUCE MIDDEN -  Psychometrics: 60/100, Presentation: 23/32
AMOS VASNEV -  Psychometrics: 50/100, Presentation: 19/32
SILVESTER CALLER -  Psychometrics: 61/100, Presentation: 19/32
PHILLIS MELIN -  Psychometrics: 58/100, Presentation: 26/32
ULRIC MORDIN -  Psychometrics: 46/100, Presentation: 23/32
"
Sparta Day 13 June 2019.txt,"Thursday 13 June 2019
Birmingham Academy

LENNA DAULBY -  Psychometrics: 58/100, Presentation: 24/32
ESDRAS PIRES -  Psychometrics: 50/100, Presentation: 19/32
GIANNI DECROIX -  Psychometrics: 46/100, Presentation: 22/32
SALIM EDMUNDSON -  Psychometrics: 52/100, Presentation: 26/32
VANIA INGRAY -  Psychometrics: 53/100, Presentation: 25/32
BRIANO NISSLE -  Psychometrics: 59/100, Presentation: 16/32
VALERYE HOBBING -  Psychometrics: 45/100, Presentation: 16/32
BUNNY BARNS -  Psychometrics: 54/100, Presentation: 21/32
MELLI RICHARDET -  Psychometrics: 48/100, Presentation: 17/32
GUIDO LASSELLS -  Psychometrics: 60/100, Presentation: 23/32
WALDEN LAVELLE -  Psychometrics: 51/100, Presentation: 14/32
AUDRYE WALKINGSHAW -  Psychometrics: 54/100, Presentation: 18/32
PACE RAINE -  Psychometrics: 41/100, Presentation: 15/32
STAFFARD LOAD -  Psychometrics: 59/100, Presentation: 16/32
DAREN HOUSON -  Psychometrics: 52/100, Presentation: 18/32
WILLI GOULSTON -  Psychometrics: 44/100, Presentation: 15/32
ARETHA ROSENBOIM -  Psychometrics: 58/100, Presentation: 13/32
GERIANNE CHRISTOFOROU -  Psychometrics: 50/100, Presentation: 25/32
ADAH FOST -  Psychometrics: 53/100, Presentation: 20/32
ALISTAIR MCCARTNEY -  Psychometrics: 52/100, Presentation: 14/32
PALMER SNADDIN -  Psychometrics: 58/100, Presentation: 24/32
KETTIE LUFKIN -  Psychometrics: 49/100, Presentation: 18/32
DACY POCOCKE -  Psychometrics: 54/100, Presentation: 19/32
"
Sparta Day 13 March 2019.txt,"Wednesday 13 March 2019
London Academy

ROSELIA TANSWELL -  Psychometrics: 62/100, Presentation: 16/32
STEFAN INSLEY -  Psychometrics: 57/100, Presentation: 25/32
DOROTHEE WILLACOT -  Psychometrics: 47/100, Presentation: 25/32
DELMORE O'LOINN -  Psychometrics: 53/100, Presentation: 21/32
LAURAL O'TEAGUE -  Psychometrics: 50/100, Presentation: 19/32
LYNDSIE BAILLES -  Psychometrics: 58/100, Presentation: 22/32
CASSONDRA TRIPLET -  Psychometrics: 62/100, Presentation: 28/32
UMEKO SYDALL -  Psychometrics: 53/100, Presentation: 19/32
CRAWFORD DUGOOD -  Psychometrics: 48/100, Presentation: 20/32
DAMARIS VALLANCE -  Psychometrics: 60/100, Presentation: 20/32
ELSA BIRRANE -  Psychometrics: 53/100, Presentation: 13/32
VELVET GHIOTTO -  Psychometrics: 47/100, Presentation: 19/32
ANTONI SPARHAWK -  Psychometrics: 57/100, Presentation: 21/32
PEIRCE MACGRAY -  Psychometrics: 39/100, Presentation: 23/32
CLARABELLE DYKINS -  Psychometrics: 45/100, Presentation: 17/32
KARINA ANDREJEVIC -  Psychometrics: 63/100, Presentation: 25/32
KAYLIL GISSING -  Psychometrics: 57/100, Presentation: 20/32
GABBY NEILSON -  Psychometrics: 55/100, Presentation: 17/32
ANTON ISAACS -  Psychometrics: 68/100, Presentation: 22/32
WINNE KELLOCH -  Psychometrics: 62/100, Presentation: 24/32
JETH VASILYONOK -  Psychometrics: 47/100, Presentation: 17/32
ALLENE HAND -  Psychometrics: 56/100, Presentation: 19/32
ELFRIDA ENDEN -  Psychometrics: 55/100, Presentation: 19/32
RUSTIE CORMODE -  Psychometrics: 54/100, Presentation: 21/32
DES TOMOVIC -  Psychometrics: 55/100, Presentation: 21/32
STERN ASHFULL -  Psychometrics: 55/100, Presentation: 22/32
STEPHAN ETCHINGHAM -  Psychometrics: 48/100, Presentation: 21/32
JEFFY DUDDING -  Psychometrics: 54/100, Presentation: 22/32
MAURINE VEDENYAKIN -  Psychometrics: 51/100, Presentation: 20/32
"
Sparta Day 13 November 2019.txt,"Wednesday 13 November 2019
London Academy

GABBEY CAESMAN -  Psychometrics: 61/100, Presentation: 18/32
CONNY SAMMS -  Psychometrics: 64/100, Presentation: 17/32
MONAH BRIMMACOMBE -  Psychometrics: 54/100, Presentation: 19/32
GASPAR MOIR -  Psychometrics: 64/100, Presentation: 26/32
JON MCMENAMY -  Psychometrics: 57/100, Presentation: 15/32
CHRISTA TROUGHTON -  Psychometrics: 56/100, Presentation: 18/32
EMMALEE PEAPLE -  Psychometrics: 56/100, Presentation: 22/32
ELVYN LYBURN -  Psychometrics: 67/100, Presentation: 13/32
MANFRED DMITROVIC -  Psychometrics: 37/100, Presentation: 11/32
INGAMAR MACKRELL -  Psychometrics: 53/100, Presentation: 21/32
JUNIE RAMMELL -  Psychometrics: 57/100, Presentation: 22/32
SHAE DI RUGGIERO -  Psychometrics: 63/100, Presentation: 21/32
LINNIE ESTERBROOK -  Psychometrics: 49/100, Presentation: 16/32
BRANDI FENNESSY -  Psychometrics: 62/100, Presentation: 21/32
TRUMANN CARILLO -  Psychometrics: 50/100, Presentation: 21/32
EUNICE MARGUERITE -  Psychometrics: 55/100, Presentation: 17/32
CATI NUCATOR -  Psychometrics: 57/100, Presentation: 18/32
STACI FURLOW -  Psychometrics: 52/100, Presentation: 18/32
HURLEIGH SEGAR -  Psychometrics: 58/100, Presentation: 24/32
FAR RAPI -  Psychometrics: 53/100, Presentation: 22/32
JONIE GETLEY -  Psychometrics: 60/100, Presentation: 24/32
FLINT BAINE -  Psychometrics: 35/100, Presentation: 19/32
ALEXANDRA BELBIN -  Psychometrics: 67/100, Presentation: 14/32
"
Sparta Day 14 August 2019.txt,"Wednesday 14 August 2019
London Academy

COOPER INGRAHAM -  Psychometrics: 54/100, Presentation: 22/32
ERASTUS MCELRATH -  Psychometrics: 61/100, Presentation: 19/32
BRANDAIS ONDRA -  Psychometrics: 48/100, Presentation: 17/32
VIOLET LUSCOMBE -  Psychometrics: 53/100, Presentation: 17/32
THOMASINA PRANDONI -  Psychometrics: 48/100, Presentation: 20/32
CHARLIE DANELUT -  Psychometrics: 55/100, Presentation: 20/32
FAIRLIE COGZELL -  Psychometrics: 54/100, Presentation: 24/32
ARNY COORINGTON -  Psychometrics: 56/100, Presentation: 23/32
ERL HAMMOR -  Psychometrics: 48/100, Presentation: 21/32
SAYRE WEBBERLEY -  Psychometrics: 51/100, Presentation: 21/32
SEUMAS LEMONBY -  Psychometrics: 57/100, Presentation: 24/32
ROCKEY ROBARTS -  Psychometrics: 53/100, Presentation: 25/32
SHELA MCCALL -  Psychometrics: 62/100, Presentation: 24/32
SONNIE MALENFANT -  Psychometrics: 51/100, Presentation: 22/32
PAUL CHISLETT -  Psychometrics: 53/100, Presentation: 21/32
ARCHER HOBBEN -  Psychometrics: 56/100, Presentation: 16/32
MITCHEL BATES -  Psychometrics: 60/100, Presentation: 20/32
DUR PLOM -  Psychometrics: 56/100, Presentation: 24/32
ANGEL HULSON -  Psychometrics: 56/100, Presentation: 23/32
GAYLEEN PETRU -  Psychometrics: 55/100, Presentation: 19/32
WELBY WISHKAR -  Psychometrics: 54/100, Presentation: 16/32
BORD OLLIN -  Psychometrics: 55/100, Presentation: 28/32
ELFRIEDA BILHAM -  Psychometrics: 49/100, Presentation: 17/32
KATHRYNE ATHRIDGE -  Psychometrics: 48/100, Presentation: 20/32
MITCHEL BLACKESLAND -  Psychometrics: 53/100, Presentation: 15/32
DARELLE MICHAL -  Psychometrics: 49/100, Presentation: 19/32
RODRIGO ENDRIGHI -  Psychometrics: 59/100, Presentation: 20/32
CARLYN REISIN -  Psychometrics: 52/100, Presentation: 21/32
CIEL POIZER -  Psychometrics: 51/100, Presentation: 20/32
MARIQUILLA COWOPE -  Psychometrics: 51/100, Presentation: 21/32
JOEY MACGEFFEN -  Psychometrics: 58/100, Presentation: 20/32
GRIS BRAME -  Psychometrics: 55/100, Presentation: 16/32
"
Sparta Day 14 February 2019.txt,"Thursday 14 February 2019
Birmingham Academy

FELICIO BETJEMAN -  Psychometrics: 50/100, Presentation: 13/32
NICOLAI NUSSEY -  Psychometrics: 60/100, Presentation: 18/32
SULLY ROSENBARG -  Psychometrics: 62/100, Presentation: 17/32
BRANDYN MACCLINTON -  Psychometrics: 59/100, Presentation: 24/32
TOBEY MABBETT -  Psychometrics: 54/100, Presentation: 19/32
GERALDINE PINNOCKE -  Psychometrics: 69/100, Presentation: 22/32
LANAE CHRISTOPHLE -  Psychometrics: 60/100, Presentation: 20/32
BARRIE SCHRUURS -  Psychometrics: 62/100, Presentation: 17/32
FAYRE SWADLINGE -  Psychometrics: 55/100, Presentation: 20/32
ELORA ELLEN -  Psychometrics: 64/100, Presentation: 16/32
KALIL MCPAIKE -  Psychometrics: 65/100, Presentation: 24/32
GAVIN LACKEY -  Psychometrics: 47/100, Presentation: 22/32
NICOL BRAGGE -  Psychometrics: 60/100, Presentation: 24/32
CONNOR GEGG -  Psychometrics: 52/100, Presentation: 20/32
CRISSY MCCRACKAN -  Psychometrics: 53/100, Presentation: 13/32
FARAH ELY -  Psychometrics: 61/100, Presentation: 15/32
VERNEY STIEGER -  Psychometrics: 51/100, Presentation: 23/32
SOLLY KOLLAS -  Psychometrics: 54/100, Presentation: 25/32
KIPP LE HUQUET -  Psychometrics: 64/100, Presentation: 21/32
SONJA SCIBSEY -  Psychometrics: 60/100, Presentation: 15/32
GABRIELLE CLAYAL -  Psychometrics: 49/100, Presentation: 22/32
LEE HOULWORTH -  Psychometrics: 49/100, Presentation: 21/32
EASTER RAGLESS -  Psychometrics: 52/100, Presentation: 17/32
ALFONS MARCHINGTON -  Psychometrics: 56/100, Presentation: 20/32
EYDIE TANTON -  Psychometrics: 53/100, Presentation: 23/32
GODWIN ROLOFF -  Psychometrics: 59/100, Presentation: 13/32
ZAK HAWES -  Psychometrics: 62/100, Presentation: 18/32
KARNA HENKMANN -  Psychometrics: 48/100, Presentation: 20/32
PATTIN NECREWS -  Psychometrics: 48/100, Presentation: 24/32
SHELBA WESTNAGE -  Psychometrics: 53/100, Presentation: 22/32
"
Sparta Day 14 March 2019.txt,"Thursday 14 March 2019
Birmingham Academy

EDI O' FINAN -  Psychometrics: 45/100, Presentation: 15/32
ANSELM MARROW -  Psychometrics: 55/100, Presentation: 18/32
LORANT PESIC -  Psychometrics: 49/100, Presentation: 26/32
STERN SKRZYNSKI -  Psychometrics: 38/100, Presentation: 21/32
CORNELIA COWLEY -  Psychometrics: 63/100, Presentation: 26/32
KEVON O'SHAVLAN -  Psychometrics: 54/100, Presentation: 14/32
MICHELE GONSALVO -  Psychometrics: 51/100, Presentation: 22/32
RUTHE HAMSHER -  Psychometrics: 37/100, Presentation: 22/32
AVIVAH LYNAS -  Psychometrics: 50/100, Presentation: 24/32
GENE PRATTY -  Psychometrics: 48/100, Presentation: 27/32
JEANNETTE BAZELLE -  Psychometrics: 57/100, Presentation: 18/32
BARDE MCGENEAY -  Psychometrics: 51/100, Presentation: 24/32
CIRILO WORLEY -  Psychometrics: 51/100, Presentation: 19/32
FRAZER TRAHMEL -  Psychometrics: 57/100, Presentation: 19/32
"
Sparta Day 14 May 2019.txt,"Tuesday 14 May 2019
London Academy

JAQUENETTA CATONNE -  Psychometrics: 60/100, Presentation: 28/32
CELLO RICIOPPO -  Psychometrics: 55/100, Presentation: 20/32
BERRI COCKLIN -  Psychometrics: 63/100, Presentation: 17/32
JOSHUAH POURVEER -  Psychometrics: 52/100, Presentation: 22/32
TOBIE CULCHETH -  Psychometrics: 62/100, Presentation: 17/32
TRICIA KIENLEIN -  Psychometrics: 49/100, Presentation: 18/32
STORMIE WILLOUGHEY -  Psychometrics: 49/100, Presentation: 15/32
ADENA FENKEL -  Psychometrics: 45/100, Presentation: 22/32
PADRAIC LABAT -  Psychometrics: 68/100, Presentation: 17/32
EMOGENE GROUVEL -  Psychometrics: 56/100, Presentation: 19/32
DANICA ISBELL -  Psychometrics: 64/100, Presentation: 24/32
OSGOOD MAHOOD -  Psychometrics: 54/100, Presentation: 19/32
COLETTE DANNIELL -  Psychometrics: 67/100, Presentation: 21/32
MELODEE KLINK -  Psychometrics: 52/100, Presentation: 19/32
CLEMMIE BEACH -  Psychometrics: 51/100, Presentation: 24/32
LAURIE HOGGAN -  Psychometrics: 53/100, Presentation: 23/32
BEE BECKET -  Psychometrics: 39/100, Presentation: 21/32
JDAVIE FRISBY -  Psychometrics: 58/100, Presentation: 26/32
RAQUELA ARMAND -  Psychometrics: 62/100, Presentation: 22/32
MARLYN PALLESKE -  Psychometrics: 59/100, Presentation: 19/32
HERBY TOMAINI -  Psychometrics: 64/100, Presentation: 22/32
WILMA DAGGER -  Psychometrics: 43/100, Presentation: 25/32
KARRAH CHATTERS -  Psychometrics: 50/100, Presentation: 23/32
TAB SHITLIFF -  Psychometrics: 63/100, Presentation: 21/32
ASHLEY HARMANT -  Psychometrics: 48/100, Presentation: 20/32
AUGUSTUS KORBA -  Psychometrics: 70/100, Presentation: 23/32
MELANIE DAWBURY -  Psychometrics: 50/100, Presentation: 24/32
MARCY TREAT -  Psychometrics: 56/100, Presentation: 20/32
"
Sparta Day 14 November 2019.txt,"Thursday 14 November 2019
Birmingham Academy

DORIE SPEARES -  Psychometrics: 61/100, Presentation: 23/32
JUNIE JEANEQUIN -  Psychometrics: 54/100, Presentation: 17/32
MYRNA STIFF -  Psychometrics: 53/100, Presentation: 18/32
PIETER SNOZZWELL -  Psychometrics: 51/100, Presentation: 25/32
LINDY CROYDEN -  Psychometrics: 55/100, Presentation: 24/32
TRUDIE SYERS -  Psychometrics: 53/100, Presentation: 23/32
LEZLEY PELERIN -  Psychometrics: 45/100, Presentation: 21/32
YVON FRY -  Psychometrics: 55/100, Presentation: 18/32
AIMEE PEDRAZZI -  Psychometrics: 60/100, Presentation: 26/32
LORITA LITCHMORE -  Psychometrics: 52/100, Presentation: 16/32
POLLYANNA MEAK -  Psychometrics: 48/100, Presentation: 19/32
VINCENTS PRIGG -  Psychometrics: 58/100, Presentation: 20/32
AGGIE REINMAR -  Psychometrics: 40/100, Presentation: 23/32
PHEBE BENFIELD -  Psychometrics: 46/100, Presentation: 17/32
WOODY SWYER-SEXEY -  Psychometrics: 49/100, Presentation: 20/32
JULIANE JACOBSSEN -  Psychometrics: 65/100, Presentation: 17/32
LANNIE MCDONELL -  Psychometrics: 59/100, Presentation: 19/32
PEGGY EARNSHAW -  Psychometrics: 58/100, Presentation: 20/32
DICK BRIMLEY -  Psychometrics: 49/100, Presentation: 20/32
TABB MORGANS -  Psychometrics: 51/100, Presentation: 20/32
TOBIE FILIPCZYNSKI -  Psychometrics: 49/100, Presentation: 21/32
BRETT DANIELI -  Psychometrics: 39/100, Presentation: 22/32
REGINAULD PEDROLI -  Psychometrics: 61/100, Presentation: 16/32
TAD WORSLEY -  Psychometrics: 59/100, Presentation: 21/32
JED DURRAM -  Psychometrics: 65/100, Presentation: 22/32
"
Sparta Day 15 August 2019.txt,"Thursday 15 August 2019
Birmingham Academy

NEDA MARMYON -  Psychometrics: 62/100, Presentation: 23/32
FREDIA BARNISH -  Psychometrics: 44/100, Presentation: 21/32
BRITTANEY ROUGHEY -  Psychometrics: 58/100, Presentation: 19/32
SAREE DAENS -  Psychometrics: 54/100, Presentation: 19/32
STEVIE HOULISTON -  Psychometrics: 62/100, Presentation: 17/32
AXE MCKALL -  Psychometrics: 63/100, Presentation: 16/32
SHAMUS MCCOMISH -  Psychometrics: 56/100, Presentation: 23/32
DEVONDRA BLABEY -  Psychometrics: 57/100, Presentation: 22/32
MARION CONSADINE -  Psychometrics: 60/100, Presentation: 20/32
CELINE DOREE -  Psychometrics: 66/100, Presentation: 17/32
PHYLLYS BAELDE -  Psychometrics: 69/100, Presentation: 24/32
CECILE LATES -  Psychometrics: 55/100, Presentation: 22/32
CHARLEAN DEVONS -  Psychometrics: 52/100, Presentation: 14/32
AVRIT GAWITH -  Psychometrics: 59/100, Presentation: 23/32
DORALIN PURKESS -  Psychometrics: 49/100, Presentation: 24/32
NIKOLOS YASHIN -  Psychometrics: 57/100, Presentation: 20/32
EMMANUEL DENISKE -  Psychometrics: 50/100, Presentation: 16/32
MELLA AUBIN -  Psychometrics: 51/100, Presentation: 22/32
CAL LOACHE -  Psychometrics: 53/100, Presentation: 20/32
SALAIDH LOVEDAY -  Psychometrics: 48/100, Presentation: 16/32
GISELA AISBETT -  Psychometrics: 60/100, Presentation: 19/32
GIFFORD BUFFEY -  Psychometrics: 40/100, Presentation: 25/32
MENDIE MCBEAN -  Psychometrics: 52/100, Presentation: 27/32
DONALL SKITCH -  Psychometrics: 62/100, Presentation: 11/32
CORNALL WASTALL -  Psychometrics: 64/100, Presentation: 16/32
NANCIE SAZIO -  Psychometrics: 58/100, Presentation: 16/32
REDFORD BUBBINGS -  Psychometrics: 50/100, Presentation: 19/32
STARR CURCHER -  Psychometrics: 59/100, Presentation: 25/32
PEGEEN O'LOCHAN -  Psychometrics: 61/100, Presentation: 18/32
BERET DEVONSIDE -  Psychometrics: 64/100, Presentation: 23/32
BEVON MUSTILL -  Psychometrics: 56/100, Presentation: 23/32
DONNAMARIE SCHOFIELD -  Psychometrics: 60/100, Presentation: 20/32
SIGISMUND IZKOVICI -  Psychometrics: 50/100, Presentation: 18/32
KATA JEDRASIK -  Psychometrics: 62/100, Presentation: 8/32
DOROTHY HAILWOOD -  Psychometrics: 66/100, Presentation: 16/32
ROBINET RENWICK -  Psychometrics: 70/100, Presentation: 20/32
SHAE AINSLIE -  Psychometrics: 58/100, Presentation: 21/32
FLORANCE DURRAM -  Psychometrics: 39/100, Presentation: 17/32
BONDON JOSSELSON -  Psychometrics: 57/100, Presentation: 21/32
CORA KLAUSEWITZ -  Psychometrics: 55/100, Presentation: 24/32
"
Sparta Day 15 January 2019.txt,"Tuesday 15 January 2019
London Academy

EM DUN -  Psychometrics: 56/100, Presentation: 21/32
TAFFY ELDERFIELD -  Psychometrics: 46/100, Presentation: 19/32
CLEMMIE KAYLEY -  Psychometrics: 56/100, Presentation: 19/32
THORNY UWINS -  Psychometrics: 51/100, Presentation: 19/32
DOREY MCQUILLAN -  Psychometrics: 53/100, Presentation: 27/32
MARGA SIMMIG -  Psychometrics: 56/100, Presentation: 24/32
DEVLAND BENKIN -  Psychometrics: 64/100, Presentation: 24/32
WORTH KOS -  Psychometrics: 63/100, Presentation: 20/32
REGAN PITTAWAY -  Psychometrics: 53/100, Presentation: 20/32
LINNEA DULLING -  Psychometrics: 64/100, Presentation: 16/32
GABEY FISBBURNE -  Psychometrics: 46/100, Presentation: 19/32
KELLIE ALTHORP -  Psychometrics: 63/100, Presentation: 19/32
QUINTUS PENELLA -  Psychometrics: 57/100, Presentation: 17/32
GUILLERMO RIHA -  Psychometrics: 60/100, Presentation: 20/32
WANIDS SIMISON -  Psychometrics: 53/100, Presentation: 20/32
"
Sparta Day 15 May 2019.txt,"Wednesday 15 May 2019
London Academy

CHERISE DUDBRIDGE -  Psychometrics: 49/100, Presentation: 19/32
THURSTAN DENMAN -  Psychometrics: 42/100, Presentation: 18/32
MAXI MACGAUGHEY -  Psychometrics: 56/100, Presentation: 25/32
ULRIKA LEMERIE -  Psychometrics: 58/100, Presentation: 15/32
TAIT HARLETT -  Psychometrics: 36/100, Presentation: 21/32
DION PAVLASEK -  Psychometrics: 57/100, Presentation: 20/32
RODOLFO WOLOSCHINSKI -  Psychometrics: 49/100, Presentation: 19/32
SANSONE CAGHAN -  Psychometrics: 48/100, Presentation: 23/32
ADAMO OSMENT -  Psychometrics: 51/100, Presentation: 20/32
ALFI JANKU -  Psychometrics: 52/100, Presentation: 20/32
OLIVER THACKE -  Psychometrics: 52/100, Presentation: 14/32
GARRET PLEASAUNCE -  Psychometrics: 55/100, Presentation: 20/32
SHEBA EVERAL -  Psychometrics: 52/100, Presentation: 25/32
ADHAM PETROLLI -  Psychometrics: 61/100, Presentation: 22/32
GARVIN IANIZZI -  Psychometrics: 51/100, Presentation: 18/32
MARYSA HEATHORN -  Psychometrics: 67/100, Presentation: 23/32
SANFORD LARKING -  Psychometrics: 60/100, Presentation: 19/32
DALT LE GRAND -  Psychometrics: 62/100, Presentation: 21/32
RAINER JOSEFOVIC -  Psychometrics: 57/100, Presentation: 24/32
SELESTINA MCBEAN -  Psychometrics: 51/100, Presentation: 15/32
ALAIN PEINTON -  Psychometrics: 61/100, Presentation: 21/32
OSWELL BURDIS -  Psychometrics: 47/100, Presentation: 20/32
AUDREY BOSSEL -  Psychometrics: 46/100, Presentation: 16/32
MORGEN KENINGHAM -  Psychometrics: 49/100, Presentation: 18/32
DENNY ENGA -  Psychometrics: 57/100, Presentation: 23/32
"
Sparta Day 15 October 2019.txt,"Tuesday 15 October 2019
London Academy

IVOR QUOGAN -  Psychometrics: 39/100, Presentation: 16/32
THIBAUT EDBROOKE -  Psychometrics: 49/100, Presentation: 13/32
CHANCEY BITTEN -  Psychometrics: 50/100, Presentation: 18/32
NOLAND ORIGIN -  Psychometrics: 55/100, Presentation: 20/32
CORRENA SUTHEREL -  Psychometrics: 51/100, Presentation: 26/32
DORETTA HALLOR -  Psychometrics: 54/100, Presentation: 20/32
ADDI LARTER -  Psychometrics: 43/100, Presentation: 20/32
TIERNEY TWATT -  Psychometrics: 51/100, Presentation: 19/32
WILEEN GARTENFELD -  Psychometrics: 54/100, Presentation: 20/32
ILEANE MARGARSON -  Psychometrics: 63/100, Presentation: 23/32
MATEO HANBURRY -  Psychometrics: 58/100, Presentation: 21/32
HOGAN RAFFAN -  Psychometrics: 53/100, Presentation: 27/32
CREIGHTON ESTRELLA -  Psychometrics: 59/100, Presentation: 21/32
BRYNA DELLE -  Psychometrics: 51/100, Presentation: 20/32
CRISTY RUTLEDGE -  Psychometrics: 51/100, Presentation: 23/32
CODI KEAR -  Psychometrics: 64/100, Presentation: 24/32
MADALYN FACEY -  Psychometrics: 60/100, Presentation: 25/32
TYMOTHY TITCHARD -  Psychometrics: 52/100, Presentation: 24/32
JANEEN PINNEY -  Psychometrics: 59/100, Presentation: 14/32
LOCKE LACELETT -  Psychometrics: 56/100, Presentation: 19/32
DAREN WINDRUM -  Psychometrics: 59/100, Presentation: 21/32
CARIA TRILLOW -  Psychometrics: 53/100, Presentation: 16/32
CORBY CRISTOFOLINI -  Psychometrics: 41/100, Presentation: 26/32
"
Sparta Day 16 April 2019.txt,"Tuesday 16 April 2019
London Academy

LAY TROSDALL -  Psychometrics: 61/100, Presentation: 21/32
KIMBELL LASSETER -  Psychometrics: 57/100, Presentation: 19/32
ORAZIO BRAWN -  Psychometrics: 68/100, Presentation: 25/32
CILKA ANLAY -  Psychometrics: 43/100, Presentation: 18/32
IRINA MARRITT -  Psychometrics: 61/100, Presentation: 23/32
TYE WORGEN -  Psychometrics: 52/100, Presentation: 13/32
DARCY SRUTTON -  Psychometrics: 66/100, Presentation: 21/32
WESTBROOKE WONHAM -  Psychometrics: 56/100, Presentation: 20/32
JESSEE CHISNALL -  Psychometrics: 51/100, Presentation: 24/32
ALI OUTRAM -  Psychometrics: 54/100, Presentation: 17/32
ANNALISE EASOM -  Psychometrics: 51/100, Presentation: 23/32
CORTY FREARSON -  Psychometrics: 50/100, Presentation: 21/32
TERRI SPENSLEY -  Psychometrics: 58/100, Presentation: 25/32
ELLI VILLALTA -  Psychometrics: 40/100, Presentation: 27/32
KARINA INGYON -  Psychometrics: 57/100, Presentation: 18/32
REINA LOUDIANE -  Psychometrics: 49/100, Presentation: 17/32
KARLENE MCDERMOTT-ROW -  Psychometrics: 64/100, Presentation: 19/32
STACIE HEADS -  Psychometrics: 63/100, Presentation: 23/32
DILLON GEMNETT -  Psychometrics: 55/100, Presentation: 24/32
CHLOETTE VAN WEEDENBURG -  Psychometrics: 47/100, Presentation: 22/32
LOUISE DOWSE -  Psychometrics: 50/100, Presentation: 20/32
YELENA KELLEWAY -  Psychometrics: 52/100, Presentation: 25/32
ISABELITA ALEXANDROU -  Psychometrics: 63/100, Presentation: 22/32
DICKIE KEARTON -  Psychometrics: 61/100, Presentation: 20/32
CELLE BARLAS -  Psychometrics: 65/100, Presentation: 23/32
"
Sparta Day 16 January 2019.txt,"Wednesday 16 January 2019
London Academy

HUEY BROODES -  Psychometrics: 46/100, Presentation: 25/32
LORIANNA WEINHAM -  Psychometrics: 53/100, Presentation: 18/32
INGAR HUCKSTEPP -  Psychometrics: 44/100, Presentation: 18/32
ROXANNE EDIE -  Psychometrics: 54/100, Presentation: 21/32
THORPE MADDIE -  Psychometrics: 49/100, Presentation: 16/32
ABIGAIL DUNSMORE -  Psychometrics: 56/100, Presentation: 25/32
GORAN ETON -  Psychometrics: 60/100, Presentation: 23/32
RAQUELA ELCOX -  Psychometrics: 63/100, Presentation: 22/32
YOLANDA FOSSE -  Psychometrics: 61/100, Presentation: 20/32
CORRI PUND -  Psychometrics: 58/100, Presentation: 26/32
STEPHAN BAHLS -  Psychometrics: 59/100, Presentation: 24/32
FELECIA MCBLAIN -  Psychometrics: 47/100, Presentation: 24/32
CONCHITA GUMEY -  Psychometrics: 57/100, Presentation: 18/32
PIERSON MILLS -  Psychometrics: 47/100, Presentation: 20/32
INGEBERG OTHEN -  Psychometrics: 59/100, Presentation: 20/32
GARVIN DRACEY -  Psychometrics: 54/100, Presentation: 23/32
GARROTT DEMAINE -  Psychometrics: 58/100, Presentation: 19/32
WILONA PAMMENTER -  Psychometrics: 63/100, Presentation: 15/32
LYNNETT SWIN -  Psychometrics: 58/100, Presentation: 23/32
GUSTAF LUDE -  Psychometrics: 51/100, Presentation: 20/32
MONAH DOWLING -  Psychometrics: 49/100, Presentation: 24/32
RANDALL WALLER -  Psychometrics: 53/100, Presentation: 19/32
THOMASINE POUNDFORD -  Psychometrics: 65/100, Presentation: 22/32
ANATOLE PETERFFY -  Psychometrics: 62/100, Presentation: 17/32
SIMON MURREY -  Psychometrics: 50/100, Presentation: 19/32
ZACCARIA BUSSONS -  Psychometrics: 61/100, Presentation: 20/32
STACI HARLETT -  Psychometrics: 56/100, Presentation: 11/32
TRSTRAM GOODYER -  Psychometrics: 61/100, Presentation: 20/32
THEODOSIA CREENAN -  Psychometrics: 52/100, Presentation: 22/32
MELBA COBAIN -  Psychometrics: 44/100, Presentation: 22/32
RICCA SOWDEN -  Psychometrics: 55/100, Presentation: 21/32
DRONA LEMONBY -  Psychometrics: 51/100, Presentation: 22/32
CORY GREENE -  Psychometrics: 58/100, Presentation: 24/32
"
Sparta Day 16 July 2019.txt,"Tuesday 16 July 2019
London Academy

DONALT GUMMOE -  Psychometrics: 66/100, Presentation: 19/32
FARLEE BAALHAM -  Psychometrics: 66/100, Presentation: 20/32
ZSA ZSA ROUNSEFULL -  Psychometrics: 61/100, Presentation: 20/32
VERENA TOWNES -  Psychometrics: 59/100, Presentation: 22/32
LUDVIG GRZES -  Psychometrics: 53/100, Presentation: 19/32
KAROLY SKATES -  Psychometrics: 51/100, Presentation: 20/32
KELLYANN YORKSTON -  Psychometrics: 54/100, Presentation: 21/32
OLLY MOUGENEL -  Psychometrics: 52/100, Presentation: 18/32
ALAN HALLEWELL -  Psychometrics: 68/100, Presentation: 13/32
BOWIE ENDERSBY -  Psychometrics: 51/100, Presentation: 23/32
ERINA STOCKAU -  Psychometrics: 46/100, Presentation: 21/32
FONS GHIOTTO -  Psychometrics: 58/100, Presentation: 19/32
MARKOS WALTER -  Psychometrics: 51/100, Presentation: 24/32
MIRILLA BOTTINELLI -  Psychometrics: 51/100, Presentation: 18/32
RODOLFO GARRET -  Psychometrics: 60/100, Presentation: 21/32
ALLI LUDEWIG -  Psychometrics: 64/100, Presentation: 22/32
ELNORE SCHWANDNER -  Psychometrics: 51/100, Presentation: 21/32
GRADEIGH HAMBLIN -  Psychometrics: 60/100, Presentation: 17/32
BREWER CALDERBANK -  Psychometrics: 50/100, Presentation: 20/32
NETTLE HEFFER -  Psychometrics: 43/100, Presentation: 21/32
ULRIKAUMEKO BOWSHER -  Psychometrics: 52/100, Presentation: 17/32
VINA FLOTT -  Psychometrics: 57/100, Presentation: 18/32
ALEXIS SHEE -  Psychometrics: 47/100, Presentation: 20/32
PORTIA FARFALAMEEV -  Psychometrics: 59/100, Presentation: 18/32
MARTELLE VENEUR -  Psychometrics: 43/100, Presentation: 14/32
TAD MCILHAGGA -  Psychometrics: 65/100, Presentation: 18/32
"
Sparta Day 16 May 2019.txt,"Thursday 16 May 2019
Birmingham Academy

BOBBY MCCRACKEN -  Psychometrics: 46/100, Presentation: 24/32
ANDREI MUSSLEWHITE -  Psychometrics: 51/100, Presentation: 23/32
VILHELMINA KISSELL -  Psychometrics: 63/100, Presentation: 21/32
STANDFORD BREWITT -  Psychometrics: 56/100, Presentation: 22/32
ALFI MCCRACKEN -  Psychometrics: 63/100, Presentation: 18/32
MERCEDES CADDEN -  Psychometrics: 48/100, Presentation: 20/32
LINUS PIETRUSZEWICZ -  Psychometrics: 58/100, Presentation: 21/32
CORENA BIRTLEY -  Psychometrics: 46/100, Presentation: 25/32
PHILIPPA MCCALISTER -  Psychometrics: 51/100, Presentation: 16/32
SEBASTIANO RAMSBY -  Psychometrics: 43/100, Presentation: 16/32
PATIN STOREK -  Psychometrics: 51/100, Presentation: 24/32
ALIDIA GOVETT -  Psychometrics: 56/100, Presentation: 19/32
JUIETA TELLETT -  Psychometrics: 63/100, Presentation: 26/32
FONZ GRZEGORZEWICZ -  Psychometrics: 48/100, Presentation: 16/32
HEINDRICK MCKIDDIN -  Psychometrics: 58/100, Presentation: 25/32
BENEDIKT SCOGINGS -  Psychometrics: 59/100, Presentation: 25/32
DAVIDSON BISKUPIAK -  Psychometrics: 40/100, Presentation: 21/32
ABEY LIGHTOLLERS -  Psychometrics: 62/100, Presentation: 19/32
GERIANNE BAGGE -  Psychometrics: 58/100, Presentation: 16/32
FILBERTO ANNIS -  Psychometrics: 54/100, Presentation: 25/32
"
Sparta Day 16 October 2019.txt,"Wednesday 16 October 2019
London Academy

CLAY PERILLO -  Psychometrics: 68/100, Presentation: 18/32
MARGARETTA GEDLING -  Psychometrics: 55/100, Presentation: 25/32
ARLIE BAYNAM -  Psychometrics: 43/100, Presentation: 22/32
DEANA LYNDS -  Psychometrics: 61/100, Presentation: 25/32
CHUCHO KEGAN -  Psychometrics: 51/100, Presentation: 19/32
OLLY AITKENHEAD -  Psychometrics: 45/100, Presentation: 17/32
ADEY BRAMWELL -  Psychometrics: 52/100, Presentation: 12/32
JORDAIN OFFEN -  Psychometrics: 62/100, Presentation: 21/32
ENGLEBERT HEDMAN -  Psychometrics: 62/100, Presentation: 20/32
ELVERA GORMAN -  Psychometrics: 54/100, Presentation: 20/32
ALAND HOUCHIN -  Psychometrics: 44/100, Presentation: 17/32
JESUS KELLER -  Psychometrics: 54/100, Presentation: 12/32
ENGELBERT PALATINO -  Psychometrics: 64/100, Presentation: 24/32
ZONDRA LINDGREN -  Psychometrics: 48/100, Presentation: 19/32
CAREN PUIG -  Psychometrics: 54/100, Presentation: 24/32
MARMADUKE KIEFER -  Psychometrics: 64/100, Presentation: 21/32
GABI FICE -  Psychometrics: 55/100, Presentation: 22/32
TIFFI REDDLESDEN -  Psychometrics: 50/100, Presentation: 21/32
MIRABELLE TIDDER -  Psychometrics: 66/100, Presentation: 19/32
EVELYN LUKASH -  Psychometrics: 47/100, Presentation: 17/32
ELITA FOCH -  Psychometrics: 51/100, Presentation: 26/32
WINONA CARLAW -  Psychometrics: 68/100, Presentation: 24/32
"
Sparta Day 17 April 2019.txt,"Wednesday 17 April 2019
London Academy

RIVI EPINAY -  Psychometrics: 53/100, Presentation: 19/32
ASH HANNON -  Psychometrics: 59/100, Presentation: 19/32
MARIE-ANN VAAR -  Psychometrics: 52/100, Presentation: 21/32
ALLI SLEEFORD -  Psychometrics: 55/100, Presentation: 20/32
MAURE TINK -  Psychometrics: 47/100, Presentation: 17/32
ERASTUS WENGER -  Psychometrics: 43/100, Presentation: 18/32
BROOKS GETHOUSE -  Psychometrics: 55/100, Presentation: 19/32
ILKA MOODIE -  Psychometrics: 51/100, Presentation: 25/32
MYLO LEBAND -  Psychometrics: 44/100, Presentation: 16/32
GIANINA BESSENT -  Psychometrics: 56/100, Presentation: 25/32
BRENDON FERRIERI -  Psychometrics: 73/100, Presentation: 20/32
ASHLI MULLANEY -  Psychometrics: 49/100, Presentation: 19/32
ELLEREY SHENTON -  Psychometrics: 46/100, Presentation: 23/32
GUINNA GARFORD -  Psychometrics: 50/100, Presentation: 17/32
SUZY BLAISDELL -  Psychometrics: 59/100, Presentation: 24/32
GRADEY CONNOR -  Psychometrics: 54/100, Presentation: 22/32
CARLYN DURRAM -  Psychometrics: 55/100, Presentation: 14/32
BIDDY RAPPS -  Psychometrics: 53/100, Presentation: 19/32
THEA LABBEY -  Psychometrics: 40/100, Presentation: 22/32
ANNEMARIE DULINTY -  Psychometrics: 48/100, Presentation: 26/32
BETH TINER -  Psychometrics: 64/100, Presentation: 23/32
KAYLE FERENC -  Psychometrics: 52/100, Presentation: 20/32
GONZALO DANNIELL -  Psychometrics: 50/100, Presentation: 22/32
"
Sparta Day 17 December 2019.txt,"Tuesday 17 December 2019
London Academy

CHARMIAN MARTINUZZI -  Psychometrics: 58/100, Presentation: 22/32
EBA TARBATH -  Psychometrics: 51/100, Presentation: 21/32
NOBE GUERRAZZI -  Psychometrics: 54/100, Presentation: 19/32
GERDA YUILLE -  Psychometrics: 59/100, Presentation: 20/32
BERKLY FISHLEIGH -  Psychometrics: 51/100, Presentation: 24/32
SHERWOOD SANDERCOCK -  Psychometrics: 57/100, Presentation: 20/32
BLONDELLE JAAN -  Psychometrics: 63/100, Presentation: 15/32
HERMIE LASSELL -  Psychometrics: 49/100, Presentation: 24/32
LAWTON HIDDSLEY -  Psychometrics: 58/100, Presentation: 17/32
GIUSEPPE COBBIN -  Psychometrics: 50/100, Presentation: 14/32
GIPSY SERES -  Psychometrics: 54/100, Presentation: 22/32
RUBE BEALS -  Psychometrics: 59/100, Presentation: 22/32
IVES WEDDELL -  Psychometrics: 54/100, Presentation: 16/32
VERA BROADFOOT -  Psychometrics: 63/100, Presentation: 20/32
BREW BOTTERELL -  Psychometrics: 54/100, Presentation: 17/32
CELESTA BINION -  Psychometrics: 61/100, Presentation: 25/32
MAISON PURSE -  Psychometrics: 61/100, Presentation: 20/32
ARNE WARNE -  Psychometrics: 41/100, Presentation: 21/32
RAFFAELLO MORTLOCK -  Psychometrics: 36/100, Presentation: 20/32
LEE AMBROGIOLI -  Psychometrics: 63/100, Presentation: 20/32
EDNA DILSTON -  Psychometrics: 68/100, Presentation: 22/32
RAFAELITA D'AMBROGI -  Psychometrics: 57/100, Presentation: 18/32
"
Sparta Day 17 January 2019.txt,"Thursday 17 January 2019
Birmingham Academy

AGNETA FANTINI -  Psychometrics: 58/100, Presentation: 19/32
KARE GARVILL -  Psychometrics: 48/100, Presentation: 17/32
CHUCHO TIFT -  Psychometrics: 56/100, Presentation: 12/32
TEDDY HAM -  Psychometrics: 59/100, Presentation: 25/32
MARC EXTANCE -  Psychometrics: 46/100, Presentation: 16/32
LAURETTA BARTELL -  Psychometrics: 51/100, Presentation: 24/32
KALA DOEG -  Psychometrics: 48/100, Presentation: 28/32
LINOEL FISSENDEN -  Psychometrics: 59/100, Presentation: 19/32
REINALDOS RAYNE -  Psychometrics: 59/100, Presentation: 16/32
ZECHARIAH SALZBERGER -  Psychometrics: 47/100, Presentation: 19/32
SYLVAN ASHER -  Psychometrics: 51/100, Presentation: 24/32
GEORGIE PEREL -  Psychometrics: 51/100, Presentation: 25/32
LAZAR SELIGSON -  Psychometrics: 67/100, Presentation: 11/32
BERNADETTE GERARDI -  Psychometrics: 53/100, Presentation: 21/32
JENIFER PICKLES -  Psychometrics: 41/100, Presentation: 15/32
TONNIE ROYDEN -  Psychometrics: 44/100, Presentation: 20/32
GELYA PYSON -  Psychometrics: 54/100, Presentation: 23/32
AIDA BOTHAMS -  Psychometrics: 56/100, Presentation: 22/32
MUFFIN WIGGLESWORTH -  Psychometrics: 53/100, Presentation: 21/32
BART GODILINGTON -  Psychometrics: 57/100, Presentation: 15/32
ALLIANORA ROWDELL -  Psychometrics: 55/100, Presentation: 22/32
RANDY SEMKEN -  Psychometrics: 61/100, Presentation: 23/32
WAKEFIELD JEVES -  Psychometrics: 58/100, Presentation: 17/32
NETTIE CIVITILLO -  Psychometrics: 55/100, Presentation: 17/32
BARNABAS CRINION -  Psychometrics: 64/100, Presentation: 23/32
KYLYNN JEWES -  Psychometrics: 58/100, Presentation: 19/32
ARCHAIMBAUD BULLER -  Psychometrics: 63/100, Presentation: 18/32
"
Sparta Day 17 July 2019.txt,"Wednesday 17 July 2019
London Academy

ROMOLA COLDTART -  Psychometrics: 54/100, Presentation: 20/32
SHEA CHASMOOR -  Psychometrics: 59/100, Presentation: 19/32
ELDIN BROSTER -  Psychometrics: 55/100, Presentation: 22/32
FEE KARPE -  Psychometrics: 53/100, Presentation: 19/32
ANTONIUS HEAPE -  Psychometrics: 51/100, Presentation: 20/32
RAD BENCH -  Psychometrics: 55/100, Presentation: 22/32
EMMETT STOGILL -  Psychometrics: 51/100, Presentation: 19/32
ROXIE GLASBY -  Psychometrics: 55/100, Presentation: 14/32
OFILIA KEIZMAN -  Psychometrics: 62/100, Presentation: 17/32
ALEX PEASCOD -  Psychometrics: 58/100, Presentation: 13/32
PATRIZIA WYRE -  Psychometrics: 56/100, Presentation: 19/32
COURTNAY DUIGED -  Psychometrics: 62/100, Presentation: 17/32
SARENA WEATHERILL -  Psychometrics: 59/100, Presentation: 22/32
BARR KHOSA -  Psychometrics: 49/100, Presentation: 20/32
EVIN DE ROECK -  Psychometrics: 62/100, Presentation: 18/32
BROOKE PAOLINO -  Psychometrics: 49/100, Presentation: 19/32
LAIRD GRECE -  Psychometrics: 51/100, Presentation: 24/32
PAULINA TEAR -  Psychometrics: 52/100, Presentation: 21/32
MARSHA LIPPETT -  Psychometrics: 48/100, Presentation: 22/32
AVICTOR MOOREY -  Psychometrics: 62/100, Presentation: 23/32
JOSEITO DUIGED -  Psychometrics: 60/100, Presentation: 22/32
HASTIE HANTUSCH -  Psychometrics: 55/100, Presentation: 16/32
BURNABY MACKAY -  Psychometrics: 52/100, Presentation: 22/32
LINC RIDGWAY -  Psychometrics: 68/100, Presentation: 23/32
ADELBERT TERNEY -  Psychometrics: 49/100, Presentation: 21/32
"
Sparta Day 17 October 2019.txt,"Thursday 17 October 2019
Birmingham Academy

ANY SHOTBOLT -  Psychometrics: 60/100, Presentation: 17/32
KORRY KENWORTH -  Psychometrics: 60/100, Presentation: 19/32
STEPHIE BOORNE -  Psychometrics: 38/100, Presentation: 23/32
ASHELY BRITTLES -  Psychometrics: 50/100, Presentation: 21/32
SAMMIE BEAMS -  Psychometrics: 63/100, Presentation: 19/32
ADDA BROMONT -  Psychometrics: 56/100, Presentation: 21/32
EVEY WHITELAND -  Psychometrics: 55/100, Presentation: 17/32
VERINE PICKRING -  Psychometrics: 54/100, Presentation: 18/32
WALT KIRKBY -  Psychometrics: 57/100, Presentation: 20/32
KINGSLY EMMER -  Psychometrics: 40/100, Presentation: 16/32
DAMIANO PETRUSCH -  Psychometrics: 49/100, Presentation: 19/32
DINA MCGOOKIN -  Psychometrics: 57/100, Presentation: 18/32
PATTEN TINMAN -  Psychometrics: 63/100, Presentation: 26/32
FABIO CATTEMULL -  Psychometrics: 65/100, Presentation: 18/32
DUDLEY WHILES -  Psychometrics: 54/100, Presentation: 15/32
TEIRTZA GHION -  Psychometrics: 62/100, Presentation: 19/32
ALICE VICKERY -  Psychometrics: 47/100, Presentation: 20/32
TUCKY HENSTRIDGE -  Psychometrics: 60/100, Presentation: 19/32
HILDY TODD -  Psychometrics: 49/100, Presentation: 15/32
SANDY DROOGAN -  Psychometrics: 53/100, Presentation: 19/32
DRUCY ADOLTHINE -  Psychometrics: 50/100, Presentation: 24/32
DYNA CRISTOFANO -  Psychometrics: 55/100, Presentation: 19/32
HYACINTH MERON -  Psychometrics: 53/100, Presentation: 16/32
DRU PABEL -  Psychometrics: 50/100, Presentation: 27/32
LORIN JOZEF -  Psychometrics: 50/100, Presentation: 17/32
MISTY PITT -  Psychometrics: 64/100, Presentation: 21/32
VERNOR D'ALMEIDA -  Psychometrics: 50/100, Presentation: 22/32
BRITTAN MOUAT -  Psychometrics: 51/100, Presentation: 21/32
DEN ROMAN -  Psychometrics: 56/100, Presentation: 18/32
EZEQUIEL COTSFORD -  Psychometrics: 54/100, Presentation: 22/32
"
Sparta Day 17 September 2019.txt,"Tuesday 17 September 2019
London Academy

CONRAD CEILLIER -  Psychometrics: 46/100, Presentation: 17/32
PARRY OSWICK -  Psychometrics: 46/100, Presentation: 21/32
DUFFIE HANSCOMBE -  Psychometrics: 56/100, Presentation: 24/32
ISACCO MATUSCHEK -  Psychometrics: 62/100, Presentation: 16/32
WOODY ORRITT -  Psychometrics: 46/100, Presentation: 19/32
ADAH SILVERTON -  Psychometrics: 59/100, Presentation: 22/32
MICHEL CHAFFEY -  Psychometrics: 48/100, Presentation: 22/32
CRISTAL JEANS -  Psychometrics: 62/100, Presentation: 25/32
TORIE ALESSANDRINI -  Psychometrics: 58/100, Presentation: 12/32
MICHEL KHOTER -  Psychometrics: 47/100, Presentation: 19/32
RUBY LARCIERE -  Psychometrics: 50/100, Presentation: 19/32
WOLFIE MACIEJA -  Psychometrics: 57/100, Presentation: 25/32
DAVIDDE TUOHY -  Psychometrics: 58/100, Presentation: 23/32
OTES KEMSTER -  Psychometrics: 52/100, Presentation: 26/32
ABDUL NAIL -  Psychometrics: 52/100, Presentation: 12/32
BRENDAN TITHECOTT -  Psychometrics: 55/100, Presentation: 23/32
JACINTHE PACKHAM -  Psychometrics: 61/100, Presentation: 23/32
BEVON CLAYWORTH -  Psychometrics: 55/100, Presentation: 16/32
KRISTA TRETHEWEY -  Psychometrics: 47/100, Presentation: 23/32
PHILOMENA CESSFORD -  Psychometrics: 54/100, Presentation: 20/32
FIONA GOODBODDY -  Psychometrics: 50/100, Presentation: 16/32
PASQUALE CRITTEN -  Psychometrics: 49/100, Presentation: 23/32
BONIFACE TANSLEY -  Psychometrics: 54/100, Presentation: 20/32
TOMA MACGIBBON -  Psychometrics: 47/100, Presentation: 18/32
BLANE MANDERSON -  Psychometrics: 61/100, Presentation: 19/32
CONSTANTINE CASLETT -  Psychometrics: 62/100, Presentation: 25/32
KEENE SLIMM -  Psychometrics: 64/100, Presentation: 24/32
SIBYLLE JURIS -  Psychometrics: 51/100, Presentation: 22/32
ZONDRA FIPPE -  Psychometrics: 60/100, Presentation: 15/32
KENDALL DAUGHTREY -  Psychometrics: 50/100, Presentation: 21/32
GENA TRUSTRIE -  Psychometrics: 46/100, Presentation: 22/32
PAPAGENO KINNERLEY -  Psychometrics: 47/100, Presentation: 18/32
AVERILL PICKANCE -  Psychometrics: 54/100, Presentation: 23/32
STAR LAPTHORN -  Psychometrics: 52/100, Presentation: 14/32
SHAWN ROBERTSHAW -  Psychometrics: 47/100, Presentation: 22/32
PATRICIO STENET -  Psychometrics: 50/100, Presentation: 20/32
ELICIA NUTKIN -  Psychometrics: 51/100, Presentation: 18/32
COLLEEN ROSSEY -  Psychometrics: 41/100, Presentation: 19/32
SIEGFRIED EVERAL -  Psychometrics: 53/100, Presentation: 23/32
CHANDRA BEST -  Psychometrics: 57/100, Presentation: 22/32
STANDFORD GLANERT -  Psychometrics: 41/100, Presentation: 20/32
SILVIO RANDAL -  Psychometrics: 63/100, Presentation: 13/32
JANKA CLEMENCET -  Psychometrics: 53/100, Presentation: 22/32
NATHANIEL IANNETTI -  Psychometrics: 46/100, Presentation: 19/32
BERKLEY BARTOMEU -  Psychometrics: 57/100, Presentation: 14/32
LAMAR MACGEBENAY -  Psychometrics: 57/100, Presentation: 20/32
KALVIN WADWORTH -  Psychometrics: 50/100, Presentation: 14/32
DARIA TUDGE -  Psychometrics: 57/100, Presentation: 14/32
HASTINGS FLOWER -  Psychometrics: 48/100, Presentation: 28/32
UMEKO BOZIER -  Psychometrics: 54/100, Presentation: 17/32
"
Sparta Day 18 April 2019.txt,"Thursday 18 April 2019
Birmingham Academy

KASSI PINNOCK -  Psychometrics: 63/100, Presentation: 15/32
RIP MCILVENNY -  Psychometrics: 64/100, Presentation: 21/32
SIBYL BRADDICK -  Psychometrics: 61/100, Presentation: 26/32
JANET COPNER -  Psychometrics: 55/100, Presentation: 26/32
IVETT BRIDEL -  Psychometrics: 59/100, Presentation: 22/32
MANDY MARGARET -  Psychometrics: 48/100, Presentation: 14/32
BROSE BENAINE -  Psychometrics: 54/100, Presentation: 17/32
AGGY HEFFERAN -  Psychometrics: 60/100, Presentation: 17/32
CANDIE GEARE -  Psychometrics: 40/100, Presentation: 24/32
NANETTE BORRILL -  Psychometrics: 59/100, Presentation: 24/32
HERVEY CLIMER -  Psychometrics: 59/100, Presentation: 22/32
SHELAGH BARTHEL -  Psychometrics: 66/100, Presentation: 16/32
SONNNIE STELLJES -  Psychometrics: 66/100, Presentation: 19/32
PREN ABRAMOVICZ -  Psychometrics: 63/100, Presentation: 15/32
FELICE CULKIN -  Psychometrics: 49/100, Presentation: 20/32
HAROUN MCCROHON -  Psychometrics: 57/100, Presentation: 19/32
ELLIOT RUCKERT -  Psychometrics: 62/100, Presentation: 20/32
OTHILIA SKYPP -  Psychometrics: 59/100, Presentation: 22/32
IVETT POTE -  Psychometrics: 49/100, Presentation: 25/32
THATCHER FRANKISH -  Psychometrics: 63/100, Presentation: 21/32
JOYCELIN DOERFFER -  Psychometrics: 56/100, Presentation: 21/32
FELICIA ANNION -  Psychometrics: 46/100, Presentation: 22/32
WENDELL THOMASSEN -  Psychometrics: 55/100, Presentation: 19/32
CHANDLER ILCHENKO -  Psychometrics: 44/100, Presentation: 24/32
"
Sparta Day 18 December 2019.txt,"Wednesday 18 December 2019
London Academy

MIRABELLE SHAKESHAFT -  Psychometrics: 58/100, Presentation: 26/32
SEE FOYNES -  Psychometrics: 50/100, Presentation: 14/32
HERSCH HOLBURN -  Psychometrics: 53/100, Presentation: 20/32
ADINA SETON -  Psychometrics: 60/100, Presentation: 19/32
MORT LETRANGE -  Psychometrics: 40/100, Presentation: 22/32
NADY SMALLPIECE -  Psychometrics: 63/100, Presentation: 15/32
NOREAN CASTON -  Psychometrics: 50/100, Presentation: 18/32
HEBERT BUBBINS -  Psychometrics: 47/100, Presentation: 22/32
TIPHANIE SELWAY -  Psychometrics: 54/100, Presentation: 19/32
DAVY REISENBERG -  Psychometrics: 48/100, Presentation: 24/32
CLAREY FAGAN -  Psychometrics: 48/100, Presentation: 21/32
CANDY VANN -  Psychometrics: 54/100, Presentation: 18/32
WINONA STROTTON -  Psychometrics: 55/100, Presentation: 15/32
BAIL DELGARDO -  Psychometrics: 44/100, Presentation: 18/32
HARRI HEINSCHKE -  Psychometrics: 56/100, Presentation: 18/32
LURLEEN MORO -  Psychometrics: 54/100, Presentation: 17/32
DANNYE FRACZEK -  Psychometrics: 50/100, Presentation: 19/32
MARLOWE BAXSTARE -  Psychometrics: 45/100, Presentation: 17/32
SYDELLE GASCOIGNE -  Psychometrics: 44/100, Presentation: 22/32
ROCHETTE BELLFIELD -  Psychometrics: 59/100, Presentation: 22/32
ARNEY WATSHAM -  Psychometrics: 49/100, Presentation: 10/32
CALLIDA BRAZEL -  Psychometrics: 46/100, Presentation: 18/32
SUNNY STONEBRIDGE -  Psychometrics: 49/100, Presentation: 17/32
CRIS VAN SCHAFFLAER -  Psychometrics: 57/100, Presentation: 20/32
LINETTE HENDONSON -  Psychometrics: 46/100, Presentation: 17/32
ROSANNE MACCAUGHEY -  Psychometrics: 49/100, Presentation: 21/32
CIRILO CROY -  Psychometrics: 52/100, Presentation: 27/32
LORA KIEBES -  Psychometrics: 61/100, Presentation: 18/32
ROBINA ROSEN -  Psychometrics: 48/100, Presentation: 16/32
HENDRICK SKELLON -  Psychometrics: 64/100, Presentation: 23/32
SISILE RAWOOD -  Psychometrics: 45/100, Presentation: 22/32
BEVERLIE NEWHOUSE -  Psychometrics: 56/100, Presentation: 19/32
GUSTA KLAGGES -  Psychometrics: 56/100, Presentation: 24/32
MARVE BOATSWAIN -  Psychometrics: 56/100, Presentation: 24/32
LOUELLA PARRADYE -  Psychometrics: 53/100, Presentation: 25/32
WYNN BLEI -  Psychometrics: 61/100, Presentation: 20/32
"
Sparta Day 18 July 2019.txt,"Thursday 18 July 2019
Birmingham Academy

BERTY HUBAN -  Psychometrics: 53/100, Presentation: 15/32
AMANDA MINTO -  Psychometrics: 59/100, Presentation: 21/32
JOANNES YURSHEV -  Psychometrics: 58/100, Presentation: 23/32
VALARIA BUNTON -  Psychometrics: 47/100, Presentation: 26/32
BARY FENDLEN -  Psychometrics: 52/100, Presentation: 18/32
FREMONT OXLEE -  Psychometrics: 51/100, Presentation: 23/32
HILLIARD REINARD -  Psychometrics: 67/100, Presentation: 26/32
IRA RATHBOURNE -  Psychometrics: 54/100, Presentation: 21/32
SHOSHANNA JANICEK -  Psychometrics: 52/100, Presentation: 22/32
TONYE AMBROGIO -  Psychometrics: 61/100, Presentation: 23/32
KYLIE CORDELL -  Psychometrics: 60/100, Presentation: 27/32
ALDRICH WHITEHALL -  Psychometrics: 59/100, Presentation: 13/32
BLAIR WOOLLHEAD -  Psychometrics: 52/100, Presentation: 24/32
DEMETRIA O' SULLIVAN -  Psychometrics: 60/100, Presentation: 22/32
KARLIS BOTTLE -  Psychometrics: 62/100, Presentation: 19/32
KALIE LEADBEATTER -  Psychometrics: 44/100, Presentation: 19/32
DORETTA HENNER -  Psychometrics: 51/100, Presentation: 17/32
DANNEL LONGMAID -  Psychometrics: 59/100, Presentation: 17/32
TEENA PRIEL -  Psychometrics: 55/100, Presentation: 22/32
KATINKA TYT -  Psychometrics: 50/100, Presentation: 20/32
MAXY BENSEN -  Psychometrics: 63/100, Presentation: 25/32
MERWYN GOSSOP -  Psychometrics: 56/100, Presentation: 16/32
CELINA POLLEY -  Psychometrics: 63/100, Presentation: 22/32
ODY PARONI -  Psychometrics: 70/100, Presentation: 15/32
BABITA TABOURIN -  Psychometrics: 53/100, Presentation: 23/32
ANASTASIA JANSSON -  Psychometrics: 47/100, Presentation: 16/32
KATHY CAPSTACK -  Psychometrics: 53/100, Presentation: 21/32
RANCELL LILL -  Psychometrics: 63/100, Presentation: 19/32
SANDOR SWATRADGE -  Psychometrics: 71/100, Presentation: 23/32
JARRED TREDGER -  Psychometrics: 45/100, Presentation: 20/32
BRIGGS LOGSDAIL -  Psychometrics: 51/100, Presentation: 22/32
LONNARD O'NEILL -  Psychometrics: 50/100, Presentation: 15/32
BILL PENDLEBURY -  Psychometrics: 56/100, Presentation: 19/32
ABBOTT DODGSHON -  Psychometrics: 57/100, Presentation: 16/32
DUNSTAN HALFHIDE -  Psychometrics: 48/100, Presentation: 19/32
MONICA MINGARDI -  Psychometrics: 41/100, Presentation: 21/32
ASHBY CAPENER -  Psychometrics: 52/100, Presentation: 20/32
RACHELE BRACKNELL -  Psychometrics: 58/100, Presentation: 23/32
"
Sparta Day 18 June 2019.txt,"Tuesday 18 June 2019
London Academy

CONN DOBSON -  Psychometrics: 53/100, Presentation: 20/32
INGABORG PITBLADO -  Psychometrics: 67/100, Presentation: 20/32
NEALL LANNIN -  Psychometrics: 49/100, Presentation: 17/32
BILLI NARRAWAY -  Psychometrics: 53/100, Presentation: 21/32
DERREK SHILLINGLAW -  Psychometrics: 55/100, Presentation: 11/32
AINSLEE PAICE -  Psychometrics: 57/100, Presentation: 25/32
RANA ANTONIOU -  Psychometrics: 47/100, Presentation: 21/32
AGNES ATTACK -  Psychometrics: 48/100, Presentation: 21/32
PUTNEM ERICSSON -  Psychometrics: 51/100, Presentation: 22/32
DEAN BRIDLE -  Psychometrics: 55/100, Presentation: 14/32
BROD BLUNDEN -  Psychometrics: 59/100, Presentation: 18/32
GEORGETTE GIACOMO -  Psychometrics: 56/100, Presentation: 21/32
HUBEY BROOKES -  Psychometrics: 49/100, Presentation: 24/32
YORK SYGROVES -  Psychometrics: 61/100, Presentation: 22/32
NIL IACOVO -  Psychometrics: 58/100, Presentation: 15/32
HELENA SWIRE -  Psychometrics: 63/100, Presentation: 24/32
GINEVRA PAICE -  Psychometrics: 59/100, Presentation: 16/32
CHANE WETWOOD -  Psychometrics: 51/100, Presentation: 20/32
BARBRA POLLEYE -  Psychometrics: 52/100, Presentation: 22/32
SHELBI WADDINGHAM -  Psychometrics: 54/100, Presentation: 21/32
AINDREA NORMANVILL -  Psychometrics: 58/100, Presentation: 23/32
HILLIARD TRUSSE -  Psychometrics: 39/100, Presentation: 22/32
LEXINE RAPSON -  Psychometrics: 61/100, Presentation: 21/32
CATI DUMPHRIES -  Psychometrics: 62/100, Presentation: 27/32
TERRELL ORRIDGE -  Psychometrics: 57/100, Presentation: 27/32
BENEDICK DE ROBERTO -  Psychometrics: 49/100, Presentation: 20/32
CORNELIA ARTIST -  Psychometrics: 61/100, Presentation: 19/32
MUHAMMAD LINN -  Psychometrics: 62/100, Presentation: 19/32
ELICIA BROGGIO -  Psychometrics: 59/100, Presentation: 20/32
ADLER WINGATT -  Psychometrics: 58/100, Presentation: 23/32
JEFFREY BORRELL -  Psychometrics: 43/100, Presentation: 16/32
ASHBEY SEAKES -  Psychometrics: 59/100, Presentation: 16/32
PATRICE DOWE -  Psychometrics: 45/100, Presentation: 23/32
CALIDA BEHR -  Psychometrics: 66/100, Presentation: 21/32
MORA JOUTAPAVICIUS -  Psychometrics: 56/100, Presentation: 19/32
TADEAS BIDMEAD -  Psychometrics: 59/100, Presentation: 24/32
MATHIAN CREWS -  Psychometrics: 43/100, Presentation: 25/32
CLYWD MUSGROVE -  Psychometrics: 59/100, Presentation: 20/32
DARN KIRKBY -  Psychometrics: 52/100, Presentation: 19/32
YVOR SHEPSTONE -  Psychometrics: 54/100, Presentation: 18/32
MAIBLE ANTIC -  Psychometrics: 53/100, Presentation: 18/32
CARLO BEEKMAN -  Psychometrics: 52/100, Presentation: 15/32
KAT SUTHERLAND -  Psychometrics: 55/100, Presentation: 21/32
LELAND WITHER -  Psychometrics: 58/100, Presentation: 20/32
MURVYN BUDNK -  Psychometrics: 48/100, Presentation: 24/32
BRANDISE MOSTON -  Psychometrics: 69/100, Presentation: 25/32
DANIELE ISKOWICZ -  Psychometrics: 53/100, Presentation: 17/32
WILDEN CLAISSE -  Psychometrics: 64/100, Presentation: 25/32
BOYCEY MCSPIRRON -  Psychometrics: 48/100, Presentation: 20/32
NEALON CISLAND -  Psychometrics: 60/100, Presentation: 14/32
LAVINIE MARSHMAN -  Psychometrics: 51/100, Presentation: 19/32
LARRY CLARIDGE -  Psychometrics: 52/100, Presentation: 21/32
"
Sparta Day 18 September 2019.txt,"Wednesday 18 September 2019
London Academy

PAULITA SIMMONDS -  Psychometrics: 53/100, Presentation: 14/32
GIFFORD GANTER -  Psychometrics: 59/100, Presentation: 23/32
DEMOTT ROHLF -  Psychometrics: 42/100, Presentation: 14/32
WEYLIN CHONG -  Psychometrics: 58/100, Presentation: 21/32
DORICE SLIDES -  Psychometrics: 60/100, Presentation: 21/32
SUMNER KOP -  Psychometrics: 63/100, Presentation: 21/32
DELMORE MCKNISH -  Psychometrics: 56/100, Presentation: 20/32
SCHUYLER MCKIMM -  Psychometrics: 60/100, Presentation: 18/32
DONOVAN WHISTAN -  Psychometrics: 58/100, Presentation: 20/32
HAD VEAZEY -  Psychometrics: 59/100, Presentation: 24/32
SVEN ANTONESCU -  Psychometrics: 53/100, Presentation: 24/32
RAFFERTY CAMAMILE -  Psychometrics: 49/100, Presentation: 22/32
GRAZIA MACGINNEY -  Psychometrics: 56/100, Presentation: 23/32
ALDWIN GINMAN -  Psychometrics: 61/100, Presentation: 21/32
AUGUSTINE COREY -  Psychometrics: 48/100, Presentation: 21/32
SALMON BLINDER -  Psychometrics: 56/100, Presentation: 23/32
KAHALEEL TATEM -  Psychometrics: 58/100, Presentation: 20/32
EREK O'DORAN -  Psychometrics: 62/100, Presentation: 19/32
REYNARD ILYENKO -  Psychometrics: 59/100, Presentation: 23/32
LISLE STOLLI -  Psychometrics: 70/100, Presentation: 20/32
REINALDOS TOLEFREE -  Psychometrics: 42/100, Presentation: 22/32
RANCE WILSONE -  Psychometrics: 44/100, Presentation: 21/32
MELONIE DUFFET -  Psychometrics: 45/100, Presentation: 20/32
URSON SIBTHORP -  Psychometrics: 55/100, Presentation: 21/32
KING JANATKA -  Psychometrics: 53/100, Presentation: 23/32
DINNIE BALEINE -  Psychometrics: 52/100, Presentation: 21/32
BELTRAN JOLLY -  Psychometrics: 53/100, Presentation: 21/32
GARE HALPEN -  Psychometrics: 43/100, Presentation: 20/32
URBAN BOOTLAND -  Psychometrics: 51/100, Presentation: 25/32
ELVIRA VALENTINE -  Psychometrics: 49/100, Presentation: 18/32
BRANDIE BIRKIN -  Psychometrics: 51/100, Presentation: 23/32
MALINDE MOWSDALE -  Psychometrics: 47/100, Presentation: 22/32
DEANA SALERNO -  Psychometrics: 54/100, Presentation: 19/32
YANKEE GARMON -  Psychometrics: 54/100, Presentation: 20/32
"
Sparta Day 19 December 2019.txt,"Thursday 19 December 2019
Birmingham Academy

ALAYNE FARRANS -  Psychometrics: 60/100, Presentation: 19/32
JACLIN HEASMAN -  Psychometrics: 66/100, Presentation: 9/32
OLLY LANNEN -  Psychometrics: 53/100, Presentation: 24/32
REBA COSSER -  Psychometrics: 65/100, Presentation: 23/32
LEIF FORSYTH -  Psychometrics: 58/100, Presentation: 21/32
VIDOVIC NIBLETT -  Psychometrics: 66/100, Presentation: 20/32
WHIT BRISSE -  Psychometrics: 61/100, Presentation: 21/32
MIOF MELA WOODLAND -  Psychometrics: 36/100, Presentation: 21/32
TRUDEY BROCKMAN -  Psychometrics: 58/100, Presentation: 25/32
GUNILLA LUCKEN -  Psychometrics: 55/100, Presentation: 24/32
YORGOS O'ROURKE -  Psychometrics: 56/100, Presentation: 15/32
FAIR IVASHINTSOV -  Psychometrics: 57/100, Presentation: 22/32
LETHIA CROW -  Psychometrics: 56/100, Presentation: 21/32
EYDE BOUGHTON -  Psychometrics: 64/100, Presentation: 20/32
THOM DERWIN -  Psychometrics: 66/100, Presentation: 21/32
URIEL LAMPLOUGH -  Psychometrics: 58/100, Presentation: 15/32
ERICA SOUGHTON -  Psychometrics: 56/100, Presentation: 19/32
PRUDENCE HARRILL -  Psychometrics: 56/100, Presentation: 16/32
GODFRY SEPHTON -  Psychometrics: 67/100, Presentation: 23/32
ESMARIA RAPP -  Psychometrics: 55/100, Presentation: 21/32
CLIFFORD RANDLE -  Psychometrics: 52/100, Presentation: 21/32
ALFONS KRAUZE -  Psychometrics: 46/100, Presentation: 23/32
DOTTIE LE PREVOST -  Psychometrics: 51/100, Presentation: 19/32
SUZIE ORABLE -  Psychometrics: 46/100, Presentation: 14/32
ARDEN TOLOSSI -  Psychometrics: 59/100, Presentation: 18/32
DEVINA FRANZ-SCHONINGER -  Psychometrics: 48/100, Presentation: 19/32
EDUINO HUERTAS -  Psychometrics: 47/100, Presentation: 24/32
SAMMY MACSWEENEY -  Psychometrics: 48/100, Presentation: 21/32
"
Sparta Day 19 February 2019.txt,"Tuesday 19 February 2019
London Academy

HAKEEM IVERMEE -  Psychometrics: 52/100, Presentation: 23/32
ALVY BOWERING -  Psychometrics: 44/100, Presentation: 20/32
LARINE BURCOMBE -  Psychometrics: 54/100, Presentation: 18/32
NICOLAI STOCKEY -  Psychometrics: 57/100, Presentation: 19/32
ANDROS WICKSON -  Psychometrics: 54/100, Presentation: 17/32
MAUDIE DADSWELL -  Psychometrics: 59/100, Presentation: 23/32
OZZY MATTAUS -  Psychometrics: 47/100, Presentation: 20/32
JOANNE LE JEAN -  Psychometrics: 52/100, Presentation: 26/32
SHELLEY O'DYVOIE -  Psychometrics: 61/100, Presentation: 23/32
HARWILLL POWNALL -  Psychometrics: 52/100, Presentation: 16/32
MARCO TORRA -  Psychometrics: 65/100, Presentation: 20/32
NERISSA CULVEY -  Psychometrics: 50/100, Presentation: 17/32
JEFFERSON PAYNTON -  Psychometrics: 56/100, Presentation: 17/32
ALRIC PETTIGREW -  Psychometrics: 42/100, Presentation: 19/32
ELROY HATCHELL -  Psychometrics: 64/100, Presentation: 21/32
BARBABAS HUYGENS -  Psychometrics: 59/100, Presentation: 23/32
JULITA BENOY -  Psychometrics: 57/100, Presentation: 27/32
MALACHI CARLISSO -  Psychometrics: 75/100, Presentation: 24/32
SAXON MCTIERNAN -  Psychometrics: 55/100, Presentation: 22/32
JARRED CONNAR -  Psychometrics: 52/100, Presentation: 13/32
ELINORE DUNNAN -  Psychometrics: 63/100, Presentation: 19/32
HILARIUS ZYWICKI -  Psychometrics: 62/100, Presentation: 23/32
ELYSEE MARDOLL -  Psychometrics: 59/100, Presentation: 26/32
SHEA SKILLETT -  Psychometrics: 57/100, Presentation: 25/32
CLEVE HALLBORD -  Psychometrics: 69/100, Presentation: 20/32
GARRETT SPRULLS -  Psychometrics: 60/100, Presentation: 16/32
ANDRIS FRANGELLO -  Psychometrics: 44/100, Presentation: 17/32
JOZEF VEDEKHIN -  Psychometrics: 52/100, Presentation: 21/32
"
Sparta Day 19 June 2019.txt,"Wednesday 19 June 2019
London Academy

OLA ROBELET -  Psychometrics: 61/100, Presentation: 23/32
LEOLINE STELLI -  Psychometrics: 59/100, Presentation: 19/32
ADELINE ORDIDGE -  Psychometrics: 54/100, Presentation: 20/32
STANLEIGH HUSON -  Psychometrics: 53/100, Presentation: 22/32
LENORA GANNICOTT -  Psychometrics: 53/100, Presentation: 19/32
CLEVELAND VASYUKHIN -  Psychometrics: 55/100, Presentation: 17/32
FIDEL NORVAL -  Psychometrics: 64/100, Presentation: 18/32
MARVIN GORGER -  Psychometrics: 63/100, Presentation: 19/32
ROSALINDE SMALLSHAW -  Psychometrics: 63/100, Presentation: 22/32
HALE GODBALD -  Psychometrics: 65/100, Presentation: 12/32
NORBERT DYE -  Psychometrics: 56/100, Presentation: 10/32
KHALIL VOSPER -  Psychometrics: 58/100, Presentation: 14/32
SHERMY SWANCOCK -  Psychometrics: 54/100, Presentation: 21/32
ROBIN FUGERE -  Psychometrics: 54/100, Presentation: 13/32
KEEN BENTHAM3 -  Psychometrics: 50/100, Presentation: 24/32
MELONY TRISTRAM -  Psychometrics: 51/100, Presentation: 20/32
CASSAUNDRA YUILL -  Psychometrics: 54/100, Presentation: 21/32
FARICA HARDING -  Psychometrics: 67/100, Presentation: 21/32
JESSAMYN REIGHTLEY -  Psychometrics: 63/100, Presentation: 19/32
SERGE MUEHLE -  Psychometrics: 53/100, Presentation: 16/32
SYDNEY BURCHMORE -  Psychometrics: 61/100, Presentation: 22/32
BOURKE BELSEY -  Psychometrics: 53/100, Presentation: 18/32
MAURY HALLYBONE -  Psychometrics: 49/100, Presentation: 16/32
WOLFGANG O'GRADY -  Psychometrics: 46/100, Presentation: 28/32
CANDI CAMILLO -  Psychometrics: 61/100, Presentation: 25/32
SILVANO MACCAGUE -  Psychometrics: 47/100, Presentation: 16/32
JEROME KASTING -  Psychometrics: 58/100, Presentation: 21/32
DEVLEN FROOME -  Psychometrics: 55/100, Presentation: 18/32
"
Sparta Day 19 March 2019.txt,"Tuesday 19 March 2019
London Academy

TONIA GOODIE -  Psychometrics: 57/100, Presentation: 21/32
CORT TROW -  Psychometrics: 62/100, Presentation: 10/32
HENRIK MOTT -  Psychometrics: 56/100, Presentation: 19/32
WILLY MURPHEY -  Psychometrics: 52/100, Presentation: 22/32
JEROMY MEBIUS -  Psychometrics: 61/100, Presentation: 25/32
ELIOT FRANK -  Psychometrics: 56/100, Presentation: 20/32
GANNY BRUMHAM -  Psychometrics: 52/100, Presentation: 15/32
HERMIA VITTE -  Psychometrics: 47/100, Presentation: 24/32
ZITELLA HEMBERY -  Psychometrics: 70/100, Presentation: 20/32
ELFREDA ABURROW -  Psychometrics: 59/100, Presentation: 20/32
BETTE-ANN LEMMERS -  Psychometrics: 56/100, Presentation: 18/32
ROMONA BUYE -  Psychometrics: 59/100, Presentation: 20/32
MELVYN GARSTANG -  Psychometrics: 45/100, Presentation: 15/32
CARMELINA THORINGTON -  Psychometrics: 55/100, Presentation: 21/32
TRACEY SPRATLEY -  Psychometrics: 55/100, Presentation: 18/32
FRANCOIS EARENGEY -  Psychometrics: 48/100, Presentation: 15/32
HUGHIE YELIASHEV -  Psychometrics: 60/100, Presentation: 23/32
EVIN BENNALLCK -  Psychometrics: 65/100, Presentation: 18/32
GLEN LILLO -  Psychometrics: 49/100, Presentation: 19/32
EZEKIEL LEMERIE -  Psychometrics: 57/100, Presentation: 21/32
JULINA HARTLES -  Psychometrics: 52/100, Presentation: 20/32
LANGSDON BRASHAW -  Psychometrics: 56/100, Presentation: 14/32
SHER BIESINGER -  Psychometrics: 51/100, Presentation: 23/32
SHEFFIELD FURZER -  Psychometrics: 58/100, Presentation: 23/32
RHONDA DUPREE -  Psychometrics: 45/100, Presentation: 23/32
DANIELLE ABSOLOM -  Psychometrics: 61/100, Presentation: 17/32
TOMMIE HAMMERMAN -  Psychometrics: 55/100, Presentation: 22/32
ANIA SILVER -  Psychometrics: 62/100, Presentation: 25/32
AMELINA POSNETT -  Psychometrics: 50/100, Presentation: 20/32
ASHLEY FUDGE -  Psychometrics: 63/100, Presentation: 23/32
NADIA WHEELTON -  Psychometrics: 54/100, Presentation: 18/32
GEARARD SLEGG -  Psychometrics: 66/100, Presentation: 19/32
DICK RUBINSHTEIN -  Psychometrics: 55/100, Presentation: 26/32
WALY NAPTON -  Psychometrics: 54/100, Presentation: 11/32
ARTAIR CARTMAN -  Psychometrics: 60/100, Presentation: 22/32
MATTIAS BLANPEIN -  Psychometrics: 58/100, Presentation: 18/32
JAYMEE RIDEN -  Psychometrics: 54/100, Presentation: 20/32
"
Sparta Day 19 November 2019.txt,"Tuesday 19 November 2019
London Academy

NICOLETTE BONEHILL -  Psychometrics: 47/100, Presentation: 20/32
MONA ORVISS -  Psychometrics: 50/100, Presentation: 15/32
ISAHELLA SWINDELLS -  Psychometrics: 49/100, Presentation: 22/32
REBEKAH SUGGE -  Psychometrics: 58/100, Presentation: 24/32
TEIRTZA DOCHARTY -  Psychometrics: 62/100, Presentation: 26/32
BEV FERRI -  Psychometrics: 62/100, Presentation: 21/32
CACILIE REWCASSELL -  Psychometrics: 60/100, Presentation: 21/32
SYMAN GUYNEMER -  Psychometrics: 59/100, Presentation: 18/32
ULICK KINANE -  Psychometrics: 42/100, Presentation: 15/32
SIGISMUNDO SHELLIBEER -  Psychometrics: 53/100, Presentation: 23/32
TALLIE MORTIMER -  Psychometrics: 52/100, Presentation: 22/32
BURK MACKILPATRICK -  Psychometrics: 54/100, Presentation: 21/32
KARYN HUORTIC -  Psychometrics: 58/100, Presentation: 19/32
CARMITA CHILLISTONE -  Psychometrics: 50/100, Presentation: 18/32
LAWTON HOWLEY -  Psychometrics: 52/100, Presentation: 27/32
ALAIR PATEY -  Psychometrics: 57/100, Presentation: 18/32
CHRISTAN MITYASHIN -  Psychometrics: 62/100, Presentation: 25/32
IRWINN GOAKS -  Psychometrics: 58/100, Presentation: 22/32
ARNY DOBROWOLNY -  Psychometrics: 64/100, Presentation: 17/32
"
Sparta Day 19 September 2019.txt,"Thursday 19 September 2019
Birmingham Academy

DORRI MCMILLIAN -  Psychometrics: 62/100, Presentation: 18/32
ZORAH GRASSER -  Psychometrics: 56/100, Presentation: 26/32
DANA BOLDRA -  Psychometrics: 50/100, Presentation: 17/32
EREK CHADNEY -  Psychometrics: 61/100, Presentation: 21/32
JENILEE ALBURY -  Psychometrics: 55/100, Presentation: 18/32
CHERLYN MCLAVERTY -  Psychometrics: 60/100, Presentation: 20/32
CARTER KINGSWOLD -  Psychometrics: 50/100, Presentation: 16/32
BRADAN WICKMAN -  Psychometrics: 69/100, Presentation: 23/32
PORTY DU PLANTIER -  Psychometrics: 60/100, Presentation: 18/32
MINNIE GITTOSE -  Psychometrics: 63/100, Presentation: 21/32
DELMOR PHUPRATE -  Psychometrics: 61/100, Presentation: 13/32
CLAIBORNE JESPER -  Psychometrics: 54/100, Presentation: 18/32
HUSEIN GARTSIDE -  Psychometrics: 51/100, Presentation: 19/32
SILAS BLOWIN -  Psychometrics: 55/100, Presentation: 20/32
AURIA SHAFTO -  Psychometrics: 55/100, Presentation: 25/32
QUILL BUZIN -  Psychometrics: 50/100, Presentation: 21/32
RAYE TERBRUG -  Psychometrics: 65/100, Presentation: 14/32
WINNA OLIVE -  Psychometrics: 60/100, Presentation: 18/32
TEDD HURL -  Psychometrics: 69/100, Presentation: 14/32
BARTIE GRAYSON -  Psychometrics: 46/100, Presentation: 16/32
JUIETA MULLISS -  Psychometrics: 51/100, Presentation: 22/32
FRIEDRICK HAWKEY -  Psychometrics: 54/100, Presentation: 20/32
ZANDRA MAKEPEACE -  Psychometrics: 54/100, Presentation: 20/32
BERT LOSTY -  Psychometrics: 48/100, Presentation: 20/32
DARILL WHAPPLES -  Psychometrics: 47/100, Presentation: 18/32
VIVIANNA LETTY -  Psychometrics: 56/100, Presentation: 19/32
"
Sparta Day 2 April 2019.txt,"Tuesday 2 April 2019
London Academy

THEADORA BERKELAY -  Psychometrics: 59/100, Presentation: 12/32
AUSTINA DEPPER -  Psychometrics: 48/100, Presentation: 18/32
NANCE CRATE -  Psychometrics: 55/100, Presentation: 16/32
SHELIA CARLESI -  Psychometrics: 59/100, Presentation: 22/32
CLEMENTE AKITT -  Psychometrics: 50/100, Presentation: 23/32
SHALNA JZAK -  Psychometrics: 40/100, Presentation: 19/32
CHICKY SAWBRIDGE -  Psychometrics: 64/100, Presentation: 25/32
TORI WEATHERHILL -  Psychometrics: 56/100, Presentation: 18/32
MARYANN SCARRE -  Psychometrics: 40/100, Presentation: 25/32
MIRA BOFIELD -  Psychometrics: 54/100, Presentation: 24/32
MAURITA GIMBLET -  Psychometrics: 62/100, Presentation: 22/32
GRADY ROMEO -  Psychometrics: 51/100, Presentation: 15/32
CAMI BURBEROW -  Psychometrics: 62/100, Presentation: 26/32
WINNIE WASKETT -  Psychometrics: 53/100, Presentation: 22/32
BENEDICK BERNARDEAU -  Psychometrics: 58/100, Presentation: 24/32
LINN MINERS -  Psychometrics: 46/100, Presentation: 19/32
PRUDY JOUANNIN -  Psychometrics: 45/100, Presentation: 16/32
AMERIGO GRAYSMARK -  Psychometrics: 60/100, Presentation: 19/32
LAVINIE DE QUESNE -  Psychometrics: 61/100, Presentation: 19/32
VIVIEN BEIDERBECK -  Psychometrics: 65/100, Presentation: 19/32
TEDDI JUNIFER -  Psychometrics: 48/100, Presentation: 25/32
SCOT RANKINE -  Psychometrics: 46/100, Presentation: 25/32
VALIDA KETCHASIDE -  Psychometrics: 42/100, Presentation: 9/32
BOURKE CAUDREY -  Psychometrics: 49/100, Presentation: 24/32
HOWIE HAITH -  Psychometrics: 55/100, Presentation: 21/32
JOSSELYN KAINDL -  Psychometrics: 62/100, Presentation: 16/32
"
Sparta Day 2 January 2019.txt,"Wednesday 2 January 2019
London Academy

TALYA PLACIDI -  Psychometrics: 57/100, Presentation: 19/32
CRYSTA AIKETT -  Psychometrics: 68/100, Presentation: 18/32
RHETA ASSEL -  Psychometrics: 67/100, Presentation: 21/32
HERNANDO GUAGE -  Psychometrics: 53/100, Presentation: 17/32
REINWALD CORISH -  Psychometrics: 48/100, Presentation: 20/32
LEROI SHURMER -  Psychometrics: 51/100, Presentation: 18/32
EMMY LUCKINGS -  Psychometrics: 57/100, Presentation: 17/32
HARRY ORCAS -  Psychometrics: 56/100, Presentation: 20/32
HILLERY HUNNICUTT -  Psychometrics: 43/100, Presentation: 18/32
ELSINORE MARCUSSEN -  Psychometrics: 47/100, Presentation: 18/32
MARIELE STEEDMAN -  Psychometrics: 65/100, Presentation: 19/32
SIGRID VEITCH -  Psychometrics: 57/100, Presentation: 20/32
ALLEGRA ASPLAND -  Psychometrics: 58/100, Presentation: 17/32
STORMI KMENT -  Psychometrics: 42/100, Presentation: 18/32
ESTEBAN WARN -  Psychometrics: 47/100, Presentation: 16/32
KINCAID OSIPOV -  Psychometrics: 61/100, Presentation: 17/32
"
Sparta Day 2 July 2019.txt,"Tuesday 2 July 2019
London Academy

CHRISTIAN CLOWLEY -  Psychometrics: 46/100, Presentation: 21/32
ANDRIANA UC -  Psychometrics: 55/100, Presentation: 21/32
ISACCO TEESE -  Psychometrics: 53/100, Presentation: 17/32
MATHILDE KEPPIN -  Psychometrics: 54/100, Presentation: 19/32
KITTY ALLEN -  Psychometrics: 55/100, Presentation: 17/32
ALBINA ALVES -  Psychometrics: 54/100, Presentation: 18/32
SHANIE DENISO -  Psychometrics: 58/100, Presentation: 14/32
CHEVY PYBURN -  Psychometrics: 50/100, Presentation: 20/32
LARISA WARRINGTON -  Psychometrics: 55/100, Presentation: 23/32
DEMETRIUS DUNBAVIN -  Psychometrics: 53/100, Presentation: 19/32
ARTY INDRUCH -  Psychometrics: 56/100, Presentation: 24/32
DARCY DOWBAKIN -  Psychometrics: 48/100, Presentation: 16/32
EBA GARY -  Psychometrics: 58/100, Presentation: 19/32
D'ARCY BOVER -  Psychometrics: 56/100, Presentation: 27/32
ABRAHAM ROCKELL -  Psychometrics: 60/100, Presentation: 18/32
CHEV SPILLANE -  Psychometrics: 53/100, Presentation: 23/32
BEAUREGARD CORNEHL -  Psychometrics: 56/100, Presentation: 24/32
DUKY SHAILER -  Psychometrics: 51/100, Presentation: 22/32
WAVERLEY DEACOCK -  Psychometrics: 60/100, Presentation: 20/32
SORCHA ARGUE -  Psychometrics: 52/100, Presentation: 15/32
FRANKIE BOSELEY -  Psychometrics: 51/100, Presentation: 19/32
MARLOW TURBITT -  Psychometrics: 43/100, Presentation: 21/32
MATT ROOCROFT -  Psychometrics: 42/100, Presentation: 23/32
HONOR HUNTALL -  Psychometrics: 56/100, Presentation: 23/32
YANKEE NORTHING -  Psychometrics: 54/100, Presentation: 22/32
GERMAINE KITCHENSIDE -  Psychometrics: 49/100, Presentation: 29/32
BERTI NAYER -  Psychometrics: 51/100, Presentation: 26/32
GILBERTINE OLIVETTI -  Psychometrics: 41/100, Presentation: 23/32
DRUSY BENNY -  Psychometrics: 55/100, Presentation: 24/32
ARA LOGGIE -  Psychometrics: 64/100, Presentation: 15/32
KETTI MURRIGANS -  Psychometrics: 42/100, Presentation: 19/32
SHERLOCKE BASELIO -  Psychometrics: 66/100, Presentation: 19/32
AMALEA UGHI -  Psychometrics: 53/100, Presentation: 18/32
JULIA TAILE -  Psychometrics: 52/100, Presentation: 16/32
ARDIS STANILAND -  Psychometrics: 53/100, Presentation: 16/32
CLAUDE DURAN -  Psychometrics: 55/100, Presentation: 20/32
ANDREE ROMEO -  Psychometrics: 52/100, Presentation: 25/32
ENNIS BREINL -  Psychometrics: 46/100, Presentation: 20/32
TONNIE BRIGSHAW -  Psychometrics: 46/100, Presentation: 22/32
"
Sparta Day 2 May 2019.txt,"Thursday 2 May 2019
Birmingham Academy

YANK CARGILL -  Psychometrics: 44/100, Presentation: 15/32
JEREMIE GIACOBAZZI -  Psychometrics: 55/100, Presentation: 12/32
SHAYNE ST LOUIS -  Psychometrics: 51/100, Presentation: 24/32
TIMMY BENZIES -  Psychometrics: 56/100, Presentation: 18/32
ETTORE ELPHEE -  Psychometrics: 49/100, Presentation: 19/32
ROWLAND CABOTTO -  Psychometrics: 49/100, Presentation: 16/32
LAWTON REDPATH -  Psychometrics: 57/100, Presentation: 27/32
THERESINA BRECKELL -  Psychometrics: 56/100, Presentation: 17/32
LEM BURBIDGE -  Psychometrics: 54/100, Presentation: 24/32
GILBURT CHAMNEY -  Psychometrics: 65/100, Presentation: 22/32
GRAY EADMEADS -  Psychometrics: 57/100, Presentation: 21/32
KIZZEE OLIVA -  Psychometrics: 55/100, Presentation: 22/32
JEANA SCHOWENBURG -  Psychometrics: 59/100, Presentation: 22/32
RHODIA VALSLER -  Psychometrics: 47/100, Presentation: 19/32
LUDOVICO ORRIDGE -  Psychometrics: 52/100, Presentation: 17/32
CHANTAL MAILES -  Psychometrics: 67/100, Presentation: 25/32
DEAN BURNUP -  Psychometrics: 61/100, Presentation: 20/32
AUBERON O'QUIN -  Psychometrics: 67/100, Presentation: 21/32
RHYS YAKEBOVICH -  Psychometrics: 62/100, Presentation: 24/32
GILBERTINE MATTEONI -  Psychometrics: 50/100, Presentation: 26/32
DONAL MILA -  Psychometrics: 49/100, Presentation: 21/32
BURTIE GARFITT -  Psychometrics: 53/100, Presentation: 17/32
BURNARD ANTONSSON -  Psychometrics: 57/100, Presentation: 22/32
SAREE SCHWAND -  Psychometrics: 56/100, Presentation: 19/32
SCARLETT CICCARELLO -  Psychometrics: 57/100, Presentation: 16/32
YUMA DOWRY -  Psychometrics: 48/100, Presentation: 19/32
"
Sparta Day 2 October 2019.txt,"Wednesday 2 October 2019
London Academy

CHICKIE DICKENS -  Psychometrics: 51/100, Presentation: 22/32
MAURISE PAWFOOT -  Psychometrics: 49/100, Presentation: 19/32
GUILBERT LEET -  Psychometrics: 50/100, Presentation: 21/32
SYDELLE RUSSO -  Psychometrics: 55/100, Presentation: 24/32
MIKAELA QUAIFE -  Psychometrics: 44/100, Presentation: 13/32
PERLA HAIBEL -  Psychometrics: 55/100, Presentation: 15/32
ALASTEIR COOTES -  Psychometrics: 50/100, Presentation: 18/32
AUDRYE KNIGHTLEY -  Psychometrics: 64/100, Presentation: 20/32
GAIL BASSO -  Psychometrics: 53/100, Presentation: 20/32
NONNAH GENTREAU -  Psychometrics: 50/100, Presentation: 24/32
ANTONY ECKERT -  Psychometrics: 56/100, Presentation: 25/32
PRYCE PLAYDEN -  Psychometrics: 53/100, Presentation: 18/32
BLONDY DOCKER -  Psychometrics: 60/100, Presentation: 22/32
AVELINE ANDRZEJ -  Psychometrics: 42/100, Presentation: 25/32
PATRICE HAWKSHAW -  Psychometrics: 57/100, Presentation: 17/32
ROS HAMERTON -  Psychometrics: 44/100, Presentation: 14/32
EVELINA OWENS -  Psychometrics: 63/100, Presentation: 19/32
GABBY MAYOR -  Psychometrics: 47/100, Presentation: 20/32
GERY TILIO -  Psychometrics: 45/100, Presentation: 17/32
AMALETA ALRED -  Psychometrics: 54/100, Presentation: 20/32
DAREN OUCHTERLONY -  Psychometrics: 56/100, Presentation: 25/32
JUSTINIAN LUSCOTT -  Psychometrics: 54/100, Presentation: 20/32
MICHELL FISHLOCK -  Psychometrics: 54/100, Presentation: 22/32
MARIEL DEI -  Psychometrics: 58/100, Presentation: 15/32
ODELLA HURNE -  Psychometrics: 64/100, Presentation: 20/32
CORTNEY RUDEYEARD -  Psychometrics: 62/100, Presentation: 24/32
KATLEEN TRUNKS -  Psychometrics: 57/100, Presentation: 17/32
GAIL PAFFOT -  Psychometrics: 66/100, Presentation: 22/32
FREELAND HAWFORD -  Psychometrics: 49/100, Presentation: 21/32
"
Sparta Day 20 August 2019.txt,"Tuesday 20 August 2019
London Academy

CACILIE SENNETT -  Psychometrics: 43/100, Presentation: 17/32
SAMUELE WHEAR -  Psychometrics: 57/100, Presentation: 18/32
TEADOR TINTON -  Psychometrics: 37/100, Presentation: 17/32
MAHMUD MOLINEUX -  Psychometrics: 61/100, Presentation: 18/32
SEE UDEN -  Psychometrics: 48/100, Presentation: 22/32
GARWOOD STROWAN -  Psychometrics: 57/100, Presentation: 24/32
PEPI BOME -  Psychometrics: 58/100, Presentation: 18/32
MARYELLEN VASOVIC -  Psychometrics: 65/100, Presentation: 16/32
DOMINIQUE NARBETT -  Psychometrics: 57/100, Presentation: 25/32
PRENTISS GODMAN -  Psychometrics: 62/100, Presentation: 18/32
CARR KENSALL -  Psychometrics: 56/100, Presentation: 20/32
BOOTE MOAN -  Psychometrics: 58/100, Presentation: 19/32
TITO GREISWOOD -  Psychometrics: 59/100, Presentation: 17/32
CARLIN STELLINO -  Psychometrics: 62/100, Presentation: 21/32
SYBILLE LAVARACK -  Psychometrics: 45/100, Presentation: 20/32
MELISSE CRAZE -  Psychometrics: 53/100, Presentation: 25/32
NOAMI EDWORTHYE -  Psychometrics: 60/100, Presentation: 22/32
MOZELLE GRINNOV -  Psychometrics: 56/100, Presentation: 19/32
FARAND ROTLAUF -  Psychometrics: 56/100, Presentation: 18/32
ARCH COOKLEY -  Psychometrics: 52/100, Presentation: 17/32
TANSY DUKELOW -  Psychometrics: 55/100, Presentation: 20/32
AYN NOVICHENKO -  Psychometrics: 45/100, Presentation: 19/32
VACLAV ORTLER -  Psychometrics: 51/100, Presentation: 21/32
FRANZ THICKIN -  Psychometrics: 49/100, Presentation: 25/32
"
Sparta Day 20 February 2019.txt,"Wednesday 20 February 2019
London Academy

JEHANNA VERRECHIA -  Psychometrics: 55/100, Presentation: 26/32
VIKKI GODSAL -  Psychometrics: 56/100, Presentation: 19/32
FERDINAND WHYBERD -  Psychometrics: 54/100, Presentation: 22/32
COLAN SOUTH -  Psychometrics: 49/100, Presentation: 12/32
EILIS HULL -  Psychometrics: 60/100, Presentation: 13/32
VINCENTS BAHL -  Psychometrics: 58/100, Presentation: 21/32
CARMELLA GUIDI -  Psychometrics: 57/100, Presentation: 19/32
BENJAMEN HARROW -  Psychometrics: 53/100, Presentation: 24/32
HORATIA TOMPKIN -  Psychometrics: 52/100, Presentation: 23/32
DARRYL GLEED -  Psychometrics: 55/100, Presentation: 17/32
RAINER BEECHENO -  Psychometrics: 65/100, Presentation: 22/32
SLADE CANNAVAN -  Psychometrics: 65/100, Presentation: 17/32
ABRAN MUNSON -  Psychometrics: 53/100, Presentation: 20/32
PACE DELION -  Psychometrics: 55/100, Presentation: 20/32
KENDRICK COLLINETTE -  Psychometrics: 41/100, Presentation: 27/32
LIUKA DRISSELL -  Psychometrics: 55/100, Presentation: 20/32
TIM SAUNTER -  Psychometrics: 48/100, Presentation: 20/32
FLETCHER AYLLETT -  Psychometrics: 51/100, Presentation: 23/32
JEANNINE MCPOLIN -  Psychometrics: 52/100, Presentation: 10/32
CISSY ARNOULT -  Psychometrics: 61/100, Presentation: 20/32
RUY WYTHILL -  Psychometrics: 61/100, Presentation: 18/32
LYNETTE INGRAM -  Psychometrics: 58/100, Presentation: 10/32
BRYANTY ANTONNIKOV -  Psychometrics: 59/100, Presentation: 24/32
GARDIE CHARSLEY -  Psychometrics: 55/100, Presentation: 20/32
"
Sparta Day 20 June 2019.txt,"Thursday 20 June 2019
Birmingham Academy

MARQUITA FORRINGTON -  Psychometrics: 60/100, Presentation: 17/32
SUZETTE GLANDER -  Psychometrics: 60/100, Presentation: 26/32
VIRGE INSOLE -  Psychometrics: 64/100, Presentation: 24/32
TEMPLE PLUMRIDEGE -  Psychometrics: 60/100, Presentation: 22/32
HANNI KATT -  Psychometrics: 51/100, Presentation: 26/32
VINA FODDEN -  Psychometrics: 63/100, Presentation: 22/32
SARAH MAGOR -  Psychometrics: 61/100, Presentation: 24/32
SHELDEN SHERATON -  Psychometrics: 58/100, Presentation: 23/32
SELLE MCKEOWON -  Psychometrics: 57/100, Presentation: 15/32
BIRD HATFIELD -  Psychometrics: 52/100, Presentation: 16/32
EMELINE WHISTANCE -  Psychometrics: 55/100, Presentation: 16/32
SAL RIGNOLDES -  Psychometrics: 48/100, Presentation: 17/32
GAV MOLSON -  Psychometrics: 49/100, Presentation: 20/32
TADIO GOULLEE -  Psychometrics: 59/100, Presentation: 23/32
KARY BEEBY -  Psychometrics: 60/100, Presentation: 14/32
FLEMING TAILLARD -  Psychometrics: 53/100, Presentation: 15/32
DOMINIQUE PULFER -  Psychometrics: 46/100, Presentation: 19/32
DERMOT GUNTHORP -  Psychometrics: 58/100, Presentation: 20/32
BAILY CAMIDGE -  Psychometrics: 50/100, Presentation: 25/32
GABRILA CHASIER -  Psychometrics: 60/100, Presentation: 22/32
MUFFIN JANDEL -  Psychometrics: 52/100, Presentation: 17/32
CHRISSY SATE -  Psychometrics: 56/100, Presentation: 19/32
ERIC SPRITT -  Psychometrics: 57/100, Presentation: 26/32
KRYSTALLE DEENEY -  Psychometrics: 54/100, Presentation: 17/32
CORBY TOREL -  Psychometrics: 62/100, Presentation: 24/32
FARLEE PETREN -  Psychometrics: 63/100, Presentation: 24/32
LETIZIA PERSENCE -  Psychometrics: 68/100, Presentation: 19/32
KYLA JANKOVSKY -  Psychometrics: 61/100, Presentation: 24/32
AUDRA BOODELL -  Psychometrics: 54/100, Presentation: 18/32
KINGSLY LOWDWELL -  Psychometrics: 63/100, Presentation: 16/32
CLEON KEMSON -  Psychometrics: 59/100, Presentation: 22/32
PAVLOV PEYTO -  Psychometrics: 43/100, Presentation: 21/32
LINC HALLEX -  Psychometrics: 50/100, Presentation: 25/32
"
Sparta Day 20 March 2019.txt,"Wednesday 20 March 2019
London Academy

KLARRISA ADAMOVITCH -  Psychometrics: 49/100, Presentation: 17/32
FARLEY HEARNES -  Psychometrics: 54/100, Presentation: 19/32
CORRIE DUIGUID -  Psychometrics: 53/100, Presentation: 25/32
BURTIE IRNYS -  Psychometrics: 53/100, Presentation: 15/32
JOLETTA MATZAITIS -  Psychometrics: 63/100, Presentation: 21/32
OFELIA HELM -  Psychometrics: 52/100, Presentation: 16/32
SHOLOM BANTING -  Psychometrics: 61/100, Presentation: 24/32
HAMILTON GODBEHERE -  Psychometrics: 58/100, Presentation: 19/32
WILHELM COHANE -  Psychometrics: 72/100, Presentation: 14/32
SYBIL CIABATTERI -  Psychometrics: 45/100, Presentation: 25/32
LELAND BAVERSTOCK -  Psychometrics: 46/100, Presentation: 19/32
YULMA KERREY -  Psychometrics: 60/100, Presentation: 18/32
DINAH TARBATT -  Psychometrics: 46/100, Presentation: 17/32
CYMBRE REUBEN -  Psychometrics: 55/100, Presentation: 19/32
CORBIE HINCHSHAW -  Psychometrics: 67/100, Presentation: 20/32
WOODIE REELY -  Psychometrics: 62/100, Presentation: 22/32
RANDI TOMKOWICZ -  Psychometrics: 55/100, Presentation: 18/32
DIANEMARIE WONFOR -  Psychometrics: 59/100, Presentation: 14/32
RIANNON SIBYLLA -  Psychometrics: 55/100, Presentation: 22/32
THORVALD GRIEVE -  Psychometrics: 40/100, Presentation: 22/32
QUINCEY GAYLE -  Psychometrics: 69/100, Presentation: 22/32
ARTAIR ROIS -  Psychometrics: 53/100, Presentation: 15/32
ESTELE PRESTER -  Psychometrics: 50/100, Presentation: 23/32
FRANZEN IDDY -  Psychometrics: 50/100, Presentation: 22/32
LAUREN BISTER -  Psychometrics: 65/100, Presentation: 20/32
"
Sparta Day 20 November 2019.txt,"Wednesday 20 November 2019
London Academy

CATI GEANE -  Psychometrics: 60/100, Presentation: 20/32
CHANDLER GRINOV -  Psychometrics: 60/100, Presentation: 19/32
EVERETT O'CLERY -  Psychometrics: 65/100, Presentation: 23/32
ADRIA RAIKER -  Psychometrics: 62/100, Presentation: 18/32
POOH GREATREX -  Psychometrics: 48/100, Presentation: 23/32
ARNE DYBELL -  Psychometrics: 50/100, Presentation: 20/32
ANNORA MENSLER -  Psychometrics: 56/100, Presentation: 17/32
HASHIM JOLLYE -  Psychometrics: 59/100, Presentation: 16/32
LIVVIE SCHNEIDAU -  Psychometrics: 57/100, Presentation: 21/32
JOURDAIN BERTLIN -  Psychometrics: 62/100, Presentation: 23/32
MORDY KARLSSON -  Psychometrics: 58/100, Presentation: 21/32
TRIXIE MACMECHAN -  Psychometrics: 53/100, Presentation: 18/32
DWAIN BUSBY -  Psychometrics: 63/100, Presentation: 22/32
NATHANAEL DEMAID -  Psychometrics: 39/100, Presentation: 24/32
SILVANO SNAP -  Psychometrics: 48/100, Presentation: 26/32
ALEXEI GRUBBE -  Psychometrics: 51/100, Presentation: 14/32
DERBY MCGLASHAN -  Psychometrics: 57/100, Presentation: 18/32
FERRELL IACOBINI -  Psychometrics: 62/100, Presentation: 22/32
MARKETA PATTON -  Psychometrics: 55/100, Presentation: 15/32
BRITNI HEDDITCH -  Psychometrics: 58/100, Presentation: 16/32
HERRICK RIXON -  Psychometrics: 50/100, Presentation: 21/32
CANDACE SEPPEY -  Psychometrics: 63/100, Presentation: 30/32
CLARE DOWNEY -  Psychometrics: 64/100, Presentation: 16/32
AINSLEE SPURGIN -  Psychometrics: 59/100, Presentation: 25/32
ERNESTUS CRILLEY -  Psychometrics: 63/100, Presentation: 20/32
MORTON TRUMP -  Psychometrics: 57/100, Presentation: 24/32
LEIGH AJEAN -  Psychometrics: 53/100, Presentation: 19/32
"
Sparta Day 21 August 2019.txt,"Wednesday 21 August 2019
London Academy

GAVIN LAMBREGTS -  Psychometrics: 71/100, Presentation: 26/32
ALEX SALE -  Psychometrics: 45/100, Presentation: 18/32
MARCELLINA PING -  Psychometrics: 53/100, Presentation: 19/32
BENTON FELLOWS -  Psychometrics: 46/100, Presentation: 26/32
WILLIE VLASYEV -  Psychometrics: 45/100, Presentation: 21/32
KARLENE HUGHILL -  Psychometrics: 51/100, Presentation: 23/32
LAUREL GILLOGLEY -  Psychometrics: 59/100, Presentation: 25/32
MILT IVACHYOV -  Psychometrics: 44/100, Presentation: 20/32
BENNY TICHELAAR -  Psychometrics: 52/100, Presentation: 17/32
ELOISA EWERT -  Psychometrics: 55/100, Presentation: 24/32
MIREILLE RISOM -  Psychometrics: 67/100, Presentation: 19/32
DULCI MCGRAYLE -  Psychometrics: 60/100, Presentation: 23/32
SHANDEE BLASCHKE -  Psychometrics: 58/100, Presentation: 22/32
ILEANA CHEWTER -  Psychometrics: 56/100, Presentation: 19/32
MARION SCARTIFIELD -  Psychometrics: 44/100, Presentation: 19/32
ENGELBERT VAHL -  Psychometrics: 50/100, Presentation: 26/32
ROZE YEPISKOPOV -  Psychometrics: 60/100, Presentation: 17/32
CHICKIE KEZAR -  Psychometrics: 54/100, Presentation: 21/32
BURNARD FIELDEN -  Psychometrics: 51/100, Presentation: 26/32
VALLE HUMBY -  Psychometrics: 54/100, Presentation: 25/32
SHANNON HARTMAN -  Psychometrics: 56/100, Presentation: 16/32
RAFI DOWNSE -  Psychometrics: 58/100, Presentation: 20/32
MELINDE DARTON -  Psychometrics: 55/100, Presentation: 25/32
ANSELMA PAVELIN -  Psychometrics: 69/100, Presentation: 16/32
ESTEVAN BARTALINI -  Psychometrics: 51/100, Presentation: 16/32
ROSALINE GOLDSMITH -  Psychometrics: 62/100, Presentation: 19/32
REBEKAH BRIMM -  Psychometrics: 45/100, Presentation: 22/32
ROSE ROARTY -  Psychometrics: 57/100, Presentation: 14/32
THEO OTTEE -  Psychometrics: 53/100, Presentation: 24/32
AD DO -  Psychometrics: 53/100, Presentation: 24/32
MERIDEL DEARELL -  Psychometrics: 55/100, Presentation: 17/32
NOELYN SINKIN -  Psychometrics: 61/100, Presentation: 23/32
CHRISTYNA ARKILL -  Psychometrics: 61/100, Presentation: 15/32
DORO BOWER -  Psychometrics: 46/100, Presentation: 19/32
ANSELMA PAWLETT -  Psychometrics: 57/100, Presentation: 22/32
NORBY BURLE -  Psychometrics: 61/100, Presentation: 21/32
RUDOLF MAPLE -  Psychometrics: 55/100, Presentation: 25/32
NANCEE REYMERS -  Psychometrics: 41/100, Presentation: 21/32
DENISE OPPY -  Psychometrics: 55/100, Presentation: 23/32
"
Sparta Day 21 February 2019.txt,"Thursday 21 February 2019
Birmingham Academy

HUNT AINSBY -  Psychometrics: 59/100, Presentation: 23/32
FLORI FAITHORN -  Psychometrics: 59/100, Presentation: 20/32
BOOTH COWEUPPE -  Psychometrics: 54/100, Presentation: 25/32
MAURITS ALGER -  Psychometrics: 59/100, Presentation: 21/32
BERT SPALL -  Psychometrics: 73/100, Presentation: 18/32
MILLIE STANDELL -  Psychometrics: 60/100, Presentation: 22/32
ALDWIN PILGRAM -  Psychometrics: 51/100, Presentation: 24/32
DENYSE WORLEY -  Psychometrics: 63/100, Presentation: 20/32
CHLO FAIR -  Psychometrics: 54/100, Presentation: 23/32
ABBE BALLARD -  Psychometrics: 60/100, Presentation: 20/32
ROONEY SHELDRICK -  Psychometrics: 64/100, Presentation: 22/32
BRYANTY GARBUTT -  Psychometrics: 55/100, Presentation: 19/32
BARNEBAS MACKETTRICK -  Psychometrics: 39/100, Presentation: 16/32
BRINNA BRIDLE -  Psychometrics: 51/100, Presentation: 26/32
WASH MCHAFFY -  Psychometrics: 57/100, Presentation: 26/32
OTHELLA GORRIESSEN -  Psychometrics: 58/100, Presentation: 18/32
MONROE MCGUINNESS -  Psychometrics: 46/100, Presentation: 21/32
GAREK MCTEAGUE -  Psychometrics: 45/100, Presentation: 26/32
LLYWELLYN HOGGINS -  Psychometrics: 62/100, Presentation: 22/32
LORRIN FILLER -  Psychometrics: 61/100, Presentation: 20/32
JACKLYN MILLHOUSE -  Psychometrics: 61/100, Presentation: 20/32
"
Sparta Day 21 March 2019.txt,"Thursday 21 March 2019
Birmingham Academy

NICKIE MCNIVEN -  Psychometrics: 43/100, Presentation: 25/32
GUN CARGILL -  Psychometrics: 57/100, Presentation: 20/32
MAY CHEALES -  Psychometrics: 53/100, Presentation: 14/32
KEN GOTTER -  Psychometrics: 63/100, Presentation: 21/32
CARRIE EAGLING -  Psychometrics: 60/100, Presentation: 10/32
BRITTE KELLEWAY -  Psychometrics: 52/100, Presentation: 23/32
SHURLOCK GOUNIN -  Psychometrics: 47/100, Presentation: 18/32
TYSON SPYBY -  Psychometrics: 55/100, Presentation: 22/32
RHEA CLEYNMAN -  Psychometrics: 50/100, Presentation: 19/32
MAHALA BENADETTE -  Psychometrics: 58/100, Presentation: 20/32
JILLY BECKENSALL -  Psychometrics: 46/100, Presentation: 22/32
ROYAL LOUGHEED -  Psychometrics: 53/100, Presentation: 18/32
STACEE KIDSON -  Psychometrics: 55/100, Presentation: 22/32
WAYLON COUGHLAN -  Psychometrics: 41/100, Presentation: 14/32
LIA GINNALY -  Psychometrics: 53/100, Presentation: 22/32
PEPE BENDIG -  Psychometrics: 51/100, Presentation: 24/32
NICHOLAS WELBECK -  Psychometrics: 53/100, Presentation: 20/32
SALLIE MCNAIR -  Psychometrics: 61/100, Presentation: 15/32
DERBY HAGGART -  Psychometrics: 48/100, Presentation: 20/32
SHELIA BEADLES -  Psychometrics: 61/100, Presentation: 22/32
WENONA FLETHAM -  Psychometrics: 44/100, Presentation: 20/32
LELAH NISOT -  Psychometrics: 50/100, Presentation: 18/32
BRUNHILDA ANSLOW -  Psychometrics: 47/100, Presentation: 21/32
PORT TAYLOT -  Psychometrics: 59/100, Presentation: 17/32
ALIA POLLARD -  Psychometrics: 42/100, Presentation: 19/32
AGUSTIN CRAINE -  Psychometrics: 51/100, Presentation: 22/32
MELINDA OCKLIN -  Psychometrics: 63/100, Presentation: 22/32
"
Sparta Day 21 May 2019.txt,"Tuesday 21 May 2019
London Academy

TYE KLEJNA -  Psychometrics: 58/100, Presentation: 22/32
KATYA CURTOIS -  Psychometrics: 51/100, Presentation: 19/32
SHURLOCKE CRINGLE -  Psychometrics: 52/100, Presentation: 21/32
MATTHEW JEMISON -  Psychometrics: 70/100, Presentation: 14/32
CRISTIN SCREAS -  Psychometrics: 55/100, Presentation: 23/32
BRENDIN CURRAN -  Psychometrics: 67/100, Presentation: 15/32
ANGELLE POULGLAIS -  Psychometrics: 42/100, Presentation: 15/32
JOLENE ALYONOV -  Psychometrics: 53/100, Presentation: 17/32
WREN O'CURRAN -  Psychometrics: 54/100, Presentation: 20/32
RICE PLAMPIN -  Psychometrics: 63/100, Presentation: 19/32
CHAUNCEY JANOSCHEK -  Psychometrics: 64/100, Presentation: 21/32
VITE COMINO -  Psychometrics: 57/100, Presentation: 26/32
ANGIE POCKEY -  Psychometrics: 64/100, Presentation: 20/32
HOLMES EPSLEY -  Psychometrics: 44/100, Presentation: 26/32
DANELLA WINKETT -  Psychometrics: 61/100, Presentation: 18/32
KAILA FEARFULL -  Psychometrics: 41/100, Presentation: 20/32
WILLIAM TOMLETT -  Psychometrics: 57/100, Presentation: 27/32
SHANTEE MACMICHAEL -  Psychometrics: 54/100, Presentation: 23/32
CHERIANNE ZAMORA -  Psychometrics: 62/100, Presentation: 17/32
CHRISTINA FUMAGALLI -  Psychometrics: 61/100, Presentation: 17/32
RAIMUNDO OVERLAND -  Psychometrics: 49/100, Presentation: 24/32
GAYLOR WILDBLOOD -  Psychometrics: 67/100, Presentation: 18/32
GRADEIGH STARIE -  Psychometrics: 46/100, Presentation: 20/32
NATALINE CANDWELL -  Psychometrics: 43/100, Presentation: 21/32
BENEDICTO HUNDEY -  Psychometrics: 63/100, Presentation: 18/32
FRANK HALLWARD -  Psychometrics: 48/100, Presentation: 17/32
DANYA COLLICK -  Psychometrics: 64/100, Presentation: 25/32
"
Sparta Day 21 November 2019.txt,"Thursday 21 November 2019
Birmingham Academy

DUN PEACHMENT -  Psychometrics: 45/100, Presentation: 19/32
ELLE TOTTON -  Psychometrics: 51/100, Presentation: 16/32
ELFRIDA DRINAN -  Psychometrics: 47/100, Presentation: 23/32
AGGI SHILLING -  Psychometrics: 63/100, Presentation: 21/32
BETHANY CHALLICUM -  Psychometrics: 60/100, Presentation: 15/32
NANCIE JAMESON -  Psychometrics: 41/100, Presentation: 18/32
MEADE ISAKOVIC -  Psychometrics: 59/100, Presentation: 17/32
TABBATHA DENDON -  Psychometrics: 50/100, Presentation: 26/32
BAMBY HALKSWORTH -  Psychometrics: 52/100, Presentation: 20/32
CHANNA PISER -  Psychometrics: 67/100, Presentation: 25/32
MURVYN BLAKEBOROUGH -  Psychometrics: 61/100, Presentation: 14/32
PALL MCCLUIN -  Psychometrics: 54/100, Presentation: 20/32
AUDIE PEARMAN -  Psychometrics: 54/100, Presentation: 20/32
ELFRIEDA BECRAFT -  Psychometrics: 56/100, Presentation: 23/32
BOBBIE HUXTON -  Psychometrics: 47/100, Presentation: 24/32
VIRGINA TABARY -  Psychometrics: 46/100, Presentation: 21/32
JULIE ELCY -  Psychometrics: 55/100, Presentation: 19/32
WENDY BENNELLICK -  Psychometrics: 46/100, Presentation: 19/32
DAMITA GARFIRTH -  Psychometrics: 65/100, Presentation: 12/32
AUGUSTUS CLOWNEY -  Psychometrics: 57/100, Presentation: 18/32
RUY MOXHAM -  Psychometrics: 69/100, Presentation: 11/32
"
Sparta Day 22 August 2019.txt,"Thursday 22 August 2019
Birmingham Academy

STILLMANN CASTANO -  Psychometrics: 53/100, Presentation: 22/32
EFREM WHIPPLE -  Psychometrics: 55/100, Presentation: 20/32
BIRD LE COUNT -  Psychometrics: 64/100, Presentation: 22/32
BECKIE AVELING -  Psychometrics: 59/100, Presentation: 22/32
ANDY LOWN -  Psychometrics: 61/100, Presentation: 27/32
JAKOB CONNELL -  Psychometrics: 47/100, Presentation: 24/32
DORRIE SRUTTON -  Psychometrics: 53/100, Presentation: 21/32
BERTI DENNEHY -  Psychometrics: 55/100, Presentation: 22/32
SHARL DAGGETT -  Psychometrics: 60/100, Presentation: 20/32
RODGER BENDELOW -  Psychometrics: 50/100, Presentation: 17/32
STEPHANI PRETTYMAN -  Psychometrics: 57/100, Presentation: 18/32
GENVIEVE ARNKE -  Psychometrics: 52/100, Presentation: 24/32
MOLLI BRAYFIELD -  Psychometrics: 59/100, Presentation: 21/32
OGDON NORCUTT -  Psychometrics: 44/100, Presentation: 25/32
DULCEA PERL -  Psychometrics: 51/100, Presentation: 27/32
TIMMI HAVELINE -  Psychometrics: 56/100, Presentation: 18/32
CORIE SNODIN -  Psychometrics: 51/100, Presentation: 17/32
DANNIE WAGNER -  Psychometrics: 56/100, Presentation: 14/32
CHARLEY RENNICKS -  Psychometrics: 46/100, Presentation: 15/32
WILLABELLA SETTERINGTON -  Psychometrics: 48/100, Presentation: 19/32
IVETT PROP -  Psychometrics: 61/100, Presentation: 17/32
BRANDAIS REINER -  Psychometrics: 59/100, Presentation: 25/32
HEDY CULLINANE -  Psychometrics: 48/100, Presentation: 21/32
DOMINIQUE IZHAKOV -  Psychometrics: 40/100, Presentation: 20/32
DENYSE WETH -  Psychometrics: 58/100, Presentation: 24/32
ALBIE LYON -  Psychometrics: 54/100, Presentation: 24/32
KERRIE ROSI -  Psychometrics: 54/100, Presentation: 21/32
PAULA DANIELSEN -  Psychometrics: 68/100, Presentation: 23/32
"
Sparta Day 22 January 2019.txt,"Tuesday 22 January 2019
London Academy

BEVERIE MOBERLEY -  Psychometrics: 52/100, Presentation: 16/32
TUCKY DUFFET -  Psychometrics: 61/100, Presentation: 17/32
TARA SURMEIR -  Psychometrics: 56/100, Presentation: 20/32
KRISTIN HILLBORNE -  Psychometrics: 54/100, Presentation: 26/32
ABBIE CLIFTON -  Psychometrics: 61/100, Presentation: 23/32
ARTE DIMBYLOW -  Psychometrics: 58/100, Presentation: 20/32
LURLEEN SYMSON -  Psychometrics: 58/100, Presentation: 20/32
DIANNA DANNETT -  Psychometrics: 47/100, Presentation: 25/32
MINETTA BEAZLEIGH -  Psychometrics: 48/100, Presentation: 11/32
GIORGIO PILLER -  Psychometrics: 60/100, Presentation: 21/32
ABEU RIMMER -  Psychometrics: 51/100, Presentation: 22/32
MATTY CALIFORNIA -  Psychometrics: 45/100, Presentation: 19/32
FLORINDA BRABBAN -  Psychometrics: 65/100, Presentation: 25/32
ONFROI BUXTON -  Psychometrics: 44/100, Presentation: 15/32
DURANT WIPER -  Psychometrics: 48/100, Presentation: 19/32
SIBBIE DI BIASIO -  Psychometrics: 53/100, Presentation: 22/32
RUBEN MCCOY -  Psychometrics: 50/100, Presentation: 23/32
JOHNETTE DURRANS -  Psychometrics: 67/100, Presentation: 17/32
ONIDA TREGEAR -  Psychometrics: 61/100, Presentation: 19/32
ORION EPHGRAVE -  Psychometrics: 55/100, Presentation: 23/32
AGRETHA DEINERT -  Psychometrics: 55/100, Presentation: 25/32
GASPARD ALVARO -  Psychometrics: 50/100, Presentation: 20/32
GANNY HOWCROFT -  Psychometrics: 44/100, Presentation: 16/32
KATINKA MACROW -  Psychometrics: 51/100, Presentation: 16/32
IVORY LINNEMANN -  Psychometrics: 66/100, Presentation: 22/32
FARLEY NUCCITELLI -  Psychometrics: 59/100, Presentation: 23/32
CED DANIELUT -  Psychometrics: 50/100, Presentation: 25/32
WYNN SILVERMAN -  Psychometrics: 46/100, Presentation: 17/32
"
Sparta Day 22 May 2019.txt,"Wednesday 22 May 2019
London Academy

WORTHINGTON STOLLENWERCK -  Psychometrics: 50/100, Presentation: 21/32
MORSE JOLY -  Psychometrics: 52/100, Presentation: 21/32
CLINT GORBELL -  Psychometrics: 58/100, Presentation: 19/32
ANGEL MATTEAU -  Psychometrics: 69/100, Presentation: 22/32
REGINAULD BRIDGLAND -  Psychometrics: 44/100, Presentation: 20/32
NIVEN RANSBURY -  Psychometrics: 51/100, Presentation: 17/32
ALFRED HUETSON -  Psychometrics: 49/100, Presentation: 15/32
MATILDA SKEEL -  Psychometrics: 47/100, Presentation: 22/32
JANIA ARGYLE -  Psychometrics: 53/100, Presentation: 13/32
FREEDMAN BIDDER -  Psychometrics: 53/100, Presentation: 22/32
MOSHE BACKSHELL -  Psychometrics: 62/100, Presentation: 20/32
FAX SOGG -  Psychometrics: 52/100, Presentation: 23/32
SKYLAR DODWELL -  Psychometrics: 52/100, Presentation: 23/32
TEDMAN FRASER -  Psychometrics: 44/100, Presentation: 22/32
NORRY NERNEY -  Psychometrics: 57/100, Presentation: 13/32
GAGE VITTEL -  Psychometrics: 56/100, Presentation: 27/32
TEDDIE KEMET -  Psychometrics: 60/100, Presentation: 18/32
SAMANTHA EVENNETT -  Psychometrics: 50/100, Presentation: 17/32
KERRY TALMAN -  Psychometrics: 49/100, Presentation: 23/32
EMILE VINT -  Psychometrics: 52/100, Presentation: 25/32
NICOLEA BLAZYNSKI -  Psychometrics: 62/100, Presentation: 26/32
JEDIDIAH BENNETT -  Psychometrics: 56/100, Presentation: 17/32
"
Sparta Day 22 October 2019.txt,"Tuesday 22 October 2019
London Academy

LUIGI METHLEY -  Psychometrics: 64/100, Presentation: 23/32
JASMINA PERILLO -  Psychometrics: 49/100, Presentation: 21/32
SOFIA CULLIVAN -  Psychometrics: 58/100, Presentation: 21/32
LUCHO SHIRES -  Psychometrics: 54/100, Presentation: 14/32
HAZE CHILDES -  Psychometrics: 54/100, Presentation: 18/32
LEVI SAVARY -  Psychometrics: 49/100, Presentation: 19/32
PALOMA GISLEBERT -  Psychometrics: 50/100, Presentation: 12/32
ELLIOT CHETWYND -  Psychometrics: 54/100, Presentation: 17/32
VINITA ILCHENKO -  Psychometrics: 43/100, Presentation: 19/32
MARIEJEANNE SEATTER -  Psychometrics: 55/100, Presentation: 20/32
ELENI ALYUKIN -  Psychometrics: 60/100, Presentation: 19/32
MARKOS ORWIN -  Psychometrics: 67/100, Presentation: 26/32
BARNY CANNICOTT -  Psychometrics: 48/100, Presentation: 14/32
AME O'KEAVENY -  Psychometrics: 62/100, Presentation: 15/32
SHEFF WALEWORKE -  Psychometrics: 55/100, Presentation: 23/32
LEESE TUFFEY -  Psychometrics: 63/100, Presentation: 22/32
HEDDI VERNAY -  Psychometrics: 54/100, Presentation: 15/32
GISELBERT SCARBOROUGH -  Psychometrics: 52/100, Presentation: 23/32
REIDER NOTE -  Psychometrics: 42/100, Presentation: 20/32
BARRIE BAUMLER -  Psychometrics: 61/100, Presentation: 24/32
OTHILIA HUTTON -  Psychometrics: 65/100, Presentation: 24/32
KELLINA SHUTER -  Psychometrics: 48/100, Presentation: 23/32
TERZA GIRDWOOD -  Psychometrics: 56/100, Presentation: 24/32
TILDIE JOSELEVITZ -  Psychometrics: 52/100, Presentation: 21/32
EADIE BRIDDOCK -  Psychometrics: 45/100, Presentation: 16/32
PETER SAGERSON -  Psychometrics: 40/100, Presentation: 18/32
KATYA AUSIELLO -  Psychometrics: 41/100, Presentation: 24/32
VIVIA BELCHER -  Psychometrics: 45/100, Presentation: 24/32
PRICE TREVINO -  Psychometrics: 53/100, Presentation: 13/32
MITCHEL EALDEN -  Psychometrics: 49/100, Presentation: 21/32
JOANA KLYNER -  Psychometrics: 43/100, Presentation: 17/32
"
Sparta Day 23 April 2019.txt,"Tuesday 23 April 2019
London Academy

BARBABRA MANDAL -  Psychometrics: 47/100, Presentation: 21/32
BEAR BLACKSELL -  Psychometrics: 57/100, Presentation: 24/32
ALYCE HARES -  Psychometrics: 51/100, Presentation: 21/32
DEVAN CLARICOATS -  Psychometrics: 55/100, Presentation: 17/32
MAXY SERJENT -  Psychometrics: 45/100, Presentation: 17/32
RIKKI BALHARRIE -  Psychometrics: 54/100, Presentation: 19/32
DANIA SKELLERN -  Psychometrics: 60/100, Presentation: 25/32
EVANIA TOOMBS -  Psychometrics: 46/100, Presentation: 16/32
PALMER ZANICCHI -  Psychometrics: 47/100, Presentation: 20/32
ELLIOT HOWARTH -  Psychometrics: 59/100, Presentation: 19/32
SHANDA GLANESTER -  Psychometrics: 67/100, Presentation: 20/32
MEREDITHE ULLYATT -  Psychometrics: 53/100, Presentation: 20/32
GUTHRIE KLEBES -  Psychometrics: 53/100, Presentation: 24/32
BILLIE SINKINGS -  Psychometrics: 52/100, Presentation: 9/32
MAMIE SPERRETT -  Psychometrics: 60/100, Presentation: 26/32
RODA TOURS -  Psychometrics: 62/100, Presentation: 22/32
GILLAN ROSENDORF -  Psychometrics: 66/100, Presentation: 18/32
MEAGAN OSMON -  Psychometrics: 62/100, Presentation: 17/32
GUILLEMETTE FIBBIT -  Psychometrics: 48/100, Presentation: 22/32
"
Sparta Day 23 January 2019.txt,"Wednesday 23 January 2019
London Academy

WINDHAM BIAGI -  Psychometrics: 55/100, Presentation: 21/32
THORNDIKE PRYNNE -  Psychometrics: 52/100, Presentation: 14/32
CARMELIA HUZZAY -  Psychometrics: 55/100, Presentation: 22/32
LUTHER WADDILOW -  Psychometrics: 60/100, Presentation: 22/32
NADEEN BAILY -  Psychometrics: 50/100, Presentation: 14/32
EMMET HEHNKE -  Psychometrics: 42/100, Presentation: 20/32
HETTI BEACH -  Psychometrics: 52/100, Presentation: 21/32
DAPHENE FRIEDLOS -  Psychometrics: 67/100, Presentation: 16/32
JACKI PINKSTONE -  Psychometrics: 51/100, Presentation: 21/32
AUSTIN BRISTER -  Psychometrics: 53/100, Presentation: 22/32
SAMUEL SIMONE -  Psychometrics: 52/100, Presentation: 20/32
MELISANDRA WALLING -  Psychometrics: 61/100, Presentation: 19/32
NESTOR THORNEWILL -  Psychometrics: 54/100, Presentation: 24/32
KELLEY BOURGEOIS -  Psychometrics: 50/100, Presentation: 16/32
HINZE TREAT -  Psychometrics: 68/100, Presentation: 23/32
ALLEN EDELMAN -  Psychometrics: 62/100, Presentation: 21/32
WINNAH SPOONER -  Psychometrics: 60/100, Presentation: 21/32
BETTYE DI NAPOLI -  Psychometrics: 56/100, Presentation: 15/32
SHANNAN ANDREJEVIC -  Psychometrics: 46/100, Presentation: 19/32
JERRY LAMORT -  Psychometrics: 64/100, Presentation: 13/32
CHIARRA LAUGHLAN -  Psychometrics: 46/100, Presentation: 15/32
PASCALE SNELGROVE -  Psychometrics: 62/100, Presentation: 17/32
BERNELLE LONGHORNE -  Psychometrics: 56/100, Presentation: 24/32
AVIVA DUDDAN -  Psychometrics: 59/100, Presentation: 20/32
WENDY DUCASTEL -  Psychometrics: 55/100, Presentation: 22/32
SHERWIN GUY -  Psychometrics: 48/100, Presentation: 18/32
"
Sparta Day 23 July 2019.txt,"Tuesday 23 July 2019
London Academy

SIM BACCHUS -  Psychometrics: 55/100, Presentation: 22/32
SYBILA BRAGGE -  Psychometrics: 50/100, Presentation: 25/32
BRIGID BLABBER -  Psychometrics: 52/100, Presentation: 22/32
NICKOLAI MOLLISON -  Psychometrics: 44/100, Presentation: 16/32
ELLIOT YARNLEY -  Psychometrics: 58/100, Presentation: 23/32
ULRIKE KIRVIN -  Psychometrics: 36/100, Presentation: 21/32
DONAVON GLAZEBROOK -  Psychometrics: 50/100, Presentation: 15/32
MERRILL MCKIE -  Psychometrics: 58/100, Presentation: 19/32
RONNY VASILCHENKO -  Psychometrics: 60/100, Presentation: 21/32
SCARLETT ROARTY -  Psychometrics: 58/100, Presentation: 23/32
ANNABELA BRACKENRIDGE -  Psychometrics: 53/100, Presentation: 24/32
KERSTIN COUPER -  Psychometrics: 52/100, Presentation: 22/32
ALISTAIR SCANES -  Psychometrics: 59/100, Presentation: 22/32
ANNICE FARADY -  Psychometrics: 54/100, Presentation: 13/32
RACHELLE LOUTHEANE -  Psychometrics: 51/100, Presentation: 14/32
ADELA PALEY -  Psychometrics: 59/100, Presentation: 18/32
STERLING BYER -  Psychometrics: 49/100, Presentation: 22/32
NADYA PINEAUX -  Psychometrics: 56/100, Presentation: 23/32
CHES WAHLBERG -  Psychometrics: 54/100, Presentation: 22/32
MERLINE RICKELL -  Psychometrics: 53/100, Presentation: 22/32
"
Sparta Day 23 May 2019.txt,"Thursday 23 May 2019
Birmingham Academy

BERNADETTE O' TIMONY -  Psychometrics: 59/100, Presentation: 19/32
GERT BUFFERY -  Psychometrics: 48/100, Presentation: 21/32
BRITTANY MCCLUSKEY -  Psychometrics: 53/100, Presentation: 19/32
TIMMI WARR -  Psychometrics: 64/100, Presentation: 20/32
DALLAS SHEEKEY -  Psychometrics: 58/100, Presentation: 18/32
WOLFIE SHOWERS -  Psychometrics: 54/100, Presentation: 23/32
GAVEN ECKFORD -  Psychometrics: 57/100, Presentation: 16/32
NICOLEA GIBBINS -  Psychometrics: 61/100, Presentation: 23/32
GODFREY MCALPINE -  Psychometrics: 49/100, Presentation: 17/32
JAMIMA THURSBY -  Psychometrics: 60/100, Presentation: 22/32
HARLENE BRYMNER -  Psychometrics: 51/100, Presentation: 21/32
BUDDY KETTLE -  Psychometrics: 61/100, Presentation: 19/32
EVEY REISK -  Psychometrics: 50/100, Presentation: 23/32
ARTUR DOMASCHKE -  Psychometrics: 68/100, Presentation: 19/32
PARK JAUMET -  Psychometrics: 55/100, Presentation: 19/32
TERRIE MACKIBBON -  Psychometrics: 55/100, Presentation: 19/32
ROLAND MCMURRAY -  Psychometrics: 50/100, Presentation: 17/32
ALISON TRANCKLE -  Psychometrics: 58/100, Presentation: 24/32
RENADO ARNALDO -  Psychometrics: 60/100, Presentation: 18/32
LUCIAN LUCKIN -  Psychometrics: 52/100, Presentation: 24/32
TABOR VELTMAN -  Psychometrics: 65/100, Presentation: 19/32
SIGMUND MOULIN -  Psychometrics: 58/100, Presentation: 24/32
HERBY GLADDOR -  Psychometrics: 46/100, Presentation: 19/32
SUKEY DONISI -  Psychometrics: 53/100, Presentation: 20/32
"
Sparta Day 23 October 2019.txt,"Wednesday 23 October 2019
London Academy

FLORIA KEUNEMANN -  Psychometrics: 56/100, Presentation: 23/32
RAFFAELLO BYNETH -  Psychometrics: 54/100, Presentation: 19/32
MORIE BEER -  Psychometrics: 56/100, Presentation: 20/32
VIC MASSOT -  Psychometrics: 61/100, Presentation: 16/32
LAURENS ROUTHAM -  Psychometrics: 61/100, Presentation: 20/32
CARITA FENECH -  Psychometrics: 49/100, Presentation: 19/32
DANELLA LEISK -  Psychometrics: 64/100, Presentation: 16/32
JENS TOMASKUNAS -  Psychometrics: 59/100, Presentation: 20/32
LINDON MEE -  Psychometrics: 53/100, Presentation: 22/32
MARTITA HUGLE -  Psychometrics: 57/100, Presentation: 25/32
KAMEKO WILMORE -  Psychometrics: 60/100, Presentation: 17/32
CARRIE FITZHENRY -  Psychometrics: 55/100, Presentation: 22/32
REUVEN KNEAPHSEY -  Psychometrics: 53/100, Presentation: 24/32
NELIE CHATE -  Psychometrics: 60/100, Presentation: 20/32
HATTY KINNER -  Psychometrics: 52/100, Presentation: 20/32
NORA LEYES -  Psychometrics: 59/100, Presentation: 17/32
TOBY FROSSELL -  Psychometrics: 60/100, Presentation: 13/32
TORY AIRETON -  Psychometrics: 60/100, Presentation: 20/32
AMBROS DIONSETTO -  Psychometrics: 43/100, Presentation: 16/32
CELESTA LINTURN -  Psychometrics: 50/100, Presentation: 19/32
NIAL IPSLY -  Psychometrics: 51/100, Presentation: 15/32
ALFONSO PASCHEK -  Psychometrics: 47/100, Presentation: 21/32
CLAIR PRESTLAND -  Psychometrics: 46/100, Presentation: 18/32
MORTIE BEADEL -  Psychometrics: 57/100, Presentation: 12/32
OBY TOMLIN -  Psychometrics: 50/100, Presentation: 22/32
KISSEE STROWTHERS -  Psychometrics: 57/100, Presentation: 11/32
LELIA SHINGLES -  Psychometrics: 60/100, Presentation: 17/32
"
Sparta Day 24 April 2019.txt,"Wednesday 24 April 2019
London Academy

PARKE VAN SON -  Psychometrics: 51/100, Presentation: 20/32
HAZEL BOYACK -  Psychometrics: 69/100, Presentation: 22/32
ROSINA ELLAWAY -  Psychometrics: 56/100, Presentation: 19/32
JENIFFER KOHRSEN -  Psychometrics: 49/100, Presentation: 23/32
ANABELLE MASEY -  Psychometrics: 68/100, Presentation: 22/32
REUBE LAUNCHBURY -  Psychometrics: 56/100, Presentation: 18/32
JANNA HEYFIELD -  Psychometrics: 57/100, Presentation: 19/32
HERSH BRAMO -  Psychometrics: 64/100, Presentation: 17/32
KRISTE YALLOP -  Psychometrics: 43/100, Presentation: 18/32
HAYWARD MACDUNLEAVY -  Psychometrics: 57/100, Presentation: 28/32
HUBERTO VOLLAM -  Psychometrics: 54/100, Presentation: 21/32
LORIANNE POTTICARY -  Psychometrics: 56/100, Presentation: 21/32
KLARIKA GRODDEN -  Psychometrics: 49/100, Presentation: 14/32
TANYA ALTOFTS -  Psychometrics: 54/100, Presentation: 23/32
FLORENCE JOSEPH -  Psychometrics: 59/100, Presentation: 23/32
GUNILLA DAVIDI -  Psychometrics: 57/100, Presentation: 19/32
DANIELA RAFFAN -  Psychometrics: 58/100, Presentation: 18/32
RUTH HARNOR -  Psychometrics: 55/100, Presentation: 20/32
WILEEN RECKUS -  Psychometrics: 52/100, Presentation: 27/32
WILMER GEALLE -  Psychometrics: 52/100, Presentation: 29/32
WARDE ZECCHINII -  Psychometrics: 53/100, Presentation: 17/32
MICHELE LAWTIE -  Psychometrics: 55/100, Presentation: 14/32
GARNETTE ZANUSSII -  Psychometrics: 51/100, Presentation: 21/32
"
Sparta Day 24 January 2019.txt,"Thursday 24 January 2019
Birmingham Academy

KIT ODDBOY -  Psychometrics: 56/100, Presentation: 19/32
JOHANNES HANNY -  Psychometrics: 67/100, Presentation: 13/32
SIBLEY KNEAPHSEY -  Psychometrics: 50/100, Presentation: 23/32
JORRY BOOM -  Psychometrics: 43/100, Presentation: 21/32
ALEXANDRO FRID -  Psychometrics: 49/100, Presentation: 22/32
FRAN GEBBIE -  Psychometrics: 66/100, Presentation: 20/32
PATRICE PRESCOTT -  Psychometrics: 55/100, Presentation: 22/32
BLAINE KIMMEL -  Psychometrics: 52/100, Presentation: 11/32
ISAC BRONGER -  Psychometrics: 64/100, Presentation: 22/32
MUHAMMAD GARTHLAND -  Psychometrics: 52/100, Presentation: 24/32
MERLINA SPIRES -  Psychometrics: 46/100, Presentation: 25/32
DANNA DOYLEY -  Psychometrics: 46/100, Presentation: 24/32
ROXANNA TUNSTALL -  Psychometrics: 52/100, Presentation: 16/32
KONRAD MCCREADY -  Psychometrics: 56/100, Presentation: 21/32
GOOBER SULLY -  Psychometrics: 46/100, Presentation: 20/32
ZOE SCHLAG -  Psychometrics: 59/100, Presentation: 20/32
THURSTON VENES -  Psychometrics: 54/100, Presentation: 19/32
JORRY VARLEY -  Psychometrics: 54/100, Presentation: 21/32
HALLIE ROBBEKE -  Psychometrics: 51/100, Presentation: 21/32
LUTERO WINNING -  Psychometrics: 58/100, Presentation: 23/32
RONALDA RICHMOND -  Psychometrics: 63/100, Presentation: 21/32
SYBIL MAYDWAY -  Psychometrics: 60/100, Presentation: 25/32
KIAH PITTWOOD -  Psychometrics: 68/100, Presentation: 18/32
CRAIG FERRIBY -  Psychometrics: 55/100, Presentation: 19/32
MEL LAFONTAINE -  Psychometrics: 64/100, Presentation: 19/32
MARLON TOMALA -  Psychometrics: 59/100, Presentation: 15/32
OLIN GARIFF -  Psychometrics: 58/100, Presentation: 15/32
FINDLEY MCANDIE -  Psychometrics: 49/100, Presentation: 27/32
"
Sparta Day 24 July 2019.txt,"Wednesday 24 July 2019
London Academy

NORA AKERS -  Psychometrics: 61/100, Presentation: 23/32
FRANCKLYN LEYNINYE -  Psychometrics: 59/100, Presentation: 22/32
JULISSA DUMBLETON -  Psychometrics: 57/100, Presentation: 19/32
ELISE SOPPETH -  Psychometrics: 57/100, Presentation: 22/32
KERR ALLANSON -  Psychometrics: 58/100, Presentation: 21/32
BERTY SAYE -  Psychometrics: 44/100, Presentation: 22/32
HURLEY COLLYER -  Psychometrics: 70/100, Presentation: 24/32
HORTEN GOBLE -  Psychometrics: 65/100, Presentation: 24/32
KATRINE WESTLEY -  Psychometrics: 66/100, Presentation: 21/32
INGRID CRADICK -  Psychometrics: 65/100, Presentation: 24/32
VALERY DELIA -  Psychometrics: 56/100, Presentation: 23/32
ANDREY COCHRAN -  Psychometrics: 55/100, Presentation: 25/32
BRYANTY BROSNAN -  Psychometrics: 48/100, Presentation: 19/32
VIRGILIO DUDDY -  Psychometrics: 46/100, Presentation: 23/32
RAIMONDO MELLODEY -  Psychometrics: 65/100, Presentation: 23/32
NEVIL PENHALIGON -  Psychometrics: 57/100, Presentation: 21/32
CLEMENTINE GREEDIER -  Psychometrics: 67/100, Presentation: 17/32
HARRISON FILBY -  Psychometrics: 48/100, Presentation: 23/32
BRODIE CHIPPERFIELD -  Psychometrics: 55/100, Presentation: 22/32
DEWITT MILBORN -  Psychometrics: 52/100, Presentation: 18/32
RAVEN DERX -  Psychometrics: 52/100, Presentation: 22/32
INES PLASCHKE -  Psychometrics: 54/100, Presentation: 18/32
AHMAD SHREEVES -  Psychometrics: 44/100, Presentation: 19/32
ALLYN SPATONI -  Psychometrics: 47/100, Presentation: 20/32
"
Sparta Day 24 October 2019.txt,"Thursday 24 October 2019
Birmingham Academy

RUBY BATECOK -  Psychometrics: 72/100, Presentation: 20/32
ODELL DWIRE -  Psychometrics: 65/100, Presentation: 20/32
JOETE GUMMORY -  Psychometrics: 45/100, Presentation: 20/32
KATHRINE SUGAR -  Psychometrics: 56/100, Presentation: 17/32
LANIE ROMEUF -  Psychometrics: 58/100, Presentation: 19/32
GAVIN DOUGILL -  Psychometrics: 52/100, Presentation: 14/32
FARLAY PITMAN -  Psychometrics: 58/100, Presentation: 25/32
BANKY MCHAFFY -  Psychometrics: 49/100, Presentation: 25/32
MAIGA GRIFFIN -  Psychometrics: 54/100, Presentation: 20/32
TIFFANY LAUGHERANE -  Psychometrics: 58/100, Presentation: 21/32
KARITA CRISSIL -  Psychometrics: 57/100, Presentation: 19/32
NALANI PETZ -  Psychometrics: 64/100, Presentation: 12/32
GASTON KUNC -  Psychometrics: 63/100, Presentation: 15/32
THAXTER VANYUSHIN -  Psychometrics: 52/100, Presentation: 24/32
LONNARD WETTON -  Psychometrics: 49/100, Presentation: 23/32
VANNY GRIMSDITCH -  Psychometrics: 50/100, Presentation: 19/32
JORI RISELEY -  Psychometrics: 51/100, Presentation: 21/32
CORNY O'TUOHY -  Psychometrics: 49/100, Presentation: 19/32
KELLY CONEYBEER -  Psychometrics: 68/100, Presentation: 16/32
ABNER DEVO -  Psychometrics: 36/100, Presentation: 22/32
ALMEDA JEPPE -  Psychometrics: 60/100, Presentation: 24/32
AMOS CHATTELL -  Psychometrics: 46/100, Presentation: 19/32
WAYLAN GORS -  Psychometrics: 51/100, Presentation: 26/32
ROMY NOTHER -  Psychometrics: 66/100, Presentation: 20/32
"
Sparta Day 24 September 2019.txt,"Tuesday 24 September 2019
London Academy

SUNSHINE BACKSHALL -  Psychometrics: 55/100, Presentation: 21/32
DEMETRE COGHLAN -  Psychometrics: 48/100, Presentation: 21/32
DYANNA KIDMAN -  Psychometrics: 49/100, Presentation: 21/32
LLYWELLYN BECKITT -  Psychometrics: 58/100, Presentation: 19/32
TADIO COLLOBY -  Psychometrics: 60/100, Presentation: 19/32
DOTTI CRAUFORD -  Psychometrics: 67/100, Presentation: 22/32
LURLINE SOUNESS -  Psychometrics: 55/100, Presentation: 21/32
URIAH TERLINDEN -  Psychometrics: 38/100, Presentation: 21/32
AGNELLA DAIRTON -  Psychometrics: 69/100, Presentation: 15/32
DION ECCERSLEY -  Psychometrics: 62/100, Presentation: 21/32
DORALIA DEACKES -  Psychometrics: 55/100, Presentation: 23/32
GENE LEVENS -  Psychometrics: 66/100, Presentation: 23/32
DANTE LITTLEY -  Psychometrics: 49/100, Presentation: 18/32
ROBBIE ADESS -  Psychometrics: 41/100, Presentation: 20/32
RAHAL RYMILL -  Psychometrics: 48/100, Presentation: 22/32
DUNC SMALLACOMBE -  Psychometrics: 58/100, Presentation: 20/32
RETA BLAIS -  Psychometrics: 55/100, Presentation: 17/32
DOLLY CASARO -  Psychometrics: 56/100, Presentation: 24/32
ANTONETTA RUSTEDGE -  Psychometrics: 53/100, Presentation: 18/32
MILDRED MACALASTER -  Psychometrics: 66/100, Presentation: 19/32
BARTEL BILLIARD -  Psychometrics: 43/100, Presentation: 20/32
THORPE SIGARS -  Psychometrics: 69/100, Presentation: 20/32
ENGLEBERT ORME -  Psychometrics: 59/100, Presentation: 19/32
STORM HENRYSON -  Psychometrics: 59/100, Presentation: 19/32
KALINDA LEEBETTER -  Psychometrics: 54/100, Presentation: 22/32
ULRIKA SOUTHAM -  Psychometrics: 53/100, Presentation: 24/32
RENADO RUBES -  Psychometrics: 40/100, Presentation: 18/32
VERNON BENNOUGH -  Psychometrics: 55/100, Presentation: 24/32
"
Sparta Day 25 April 2019.txt,"Thursday 25 April 2019
Birmingham Academy

CHEREY TOLLFREE -  Psychometrics: 59/100, Presentation: 18/32
VERENA SHEDDAN -  Psychometrics: 49/100, Presentation: 20/32
NIEL SNARTT -  Psychometrics: 38/100, Presentation: 17/32
FREDRICK CARVIL -  Psychometrics: 53/100, Presentation: 18/32
IDELLE KIDSTOUN -  Psychometrics: 54/100, Presentation: 17/32
DOROLISA CUTMERE -  Psychometrics: 61/100, Presentation: 23/32
REEVA ROISTONE -  Psychometrics: 47/100, Presentation: 22/32
FLSS WHITTLE -  Psychometrics: 59/100, Presentation: 14/32
EMILINE BOLDEROE -  Psychometrics: 64/100, Presentation: 22/32
WINNIFRED OUTRIGHT -  Psychometrics: 72/100, Presentation: 19/32
BAILEY ANTRIM -  Psychometrics: 59/100, Presentation: 17/32
PHYLLIDA MCDIARMID -  Psychometrics: 52/100, Presentation: 21/32
ATLANTE BREWINS -  Psychometrics: 47/100, Presentation: 25/32
TEMPLETON KRZYSZTOFIAK -  Psychometrics: 58/100, Presentation: 18/32
IDELLE PIDGELEY -  Psychometrics: 51/100, Presentation: 18/32
TEODORA REDWOOD -  Psychometrics: 66/100, Presentation: 18/32
DEANA LEGONIDEC -  Psychometrics: 62/100, Presentation: 22/32
CATI VON SALZBERG -  Psychometrics: 58/100, Presentation: 14/32
JARIB RAYHILL -  Psychometrics: 60/100, Presentation: 15/32
LANNY ESPOSITA -  Psychometrics: 49/100, Presentation: 23/32
KONSTANTINE BADSEY -  Psychometrics: 48/100, Presentation: 23/32
AVE WAUDBY -  Psychometrics: 62/100, Presentation: 18/32
FIDELA DALLYWATER -  Psychometrics: 58/100, Presentation: 20/32
ERTHA NUDDS -  Psychometrics: 58/100, Presentation: 18/32
CONNY ROBSON -  Psychometrics: 41/100, Presentation: 14/32
BOYCEY MATUSHENKO -  Psychometrics: 69/100, Presentation: 21/32
"
Sparta Day 25 July 2019.txt,"Thursday 25 July 2019
Birmingham Academy

GUSS TACON -  Psychometrics: 61/100, Presentation: 12/32
SANDER REWBOTTOM -  Psychometrics: 58/100, Presentation: 21/32
ANNIE IBBOTSON -  Psychometrics: 52/100, Presentation: 15/32
DOMINI NORVEL -  Psychometrics: 42/100, Presentation: 28/32
VANESSA SCHIMKE -  Psychometrics: 62/100, Presentation: 13/32
NISSIE D'ANDREA -  Psychometrics: 49/100, Presentation: 20/32
GISELE BEETHAM -  Psychometrics: 50/100, Presentation: 20/32
JUSTIS GILHAM -  Psychometrics: 54/100, Presentation: 20/32
SELA PAVESE -  Psychometrics: 56/100, Presentation: 19/32
MARCELA RIDING -  Psychometrics: 59/100, Presentation: 19/32
THEDRICK CHASTAGNIER -  Psychometrics: 39/100, Presentation: 16/32
EMELEN ROMERA -  Psychometrics: 45/100, Presentation: 16/32
PETERUS BARTOLOMEAZZI -  Psychometrics: 55/100, Presentation: 23/32
IRA GRIMA -  Psychometrics: 60/100, Presentation: 20/32
HURLEE HESEY -  Psychometrics: 61/100, Presentation: 19/32
CORDIE DUCKERING -  Psychometrics: 53/100, Presentation: 21/32
JEFFRY COCKMAN -  Psychometrics: 54/100, Presentation: 10/32
LEOPOLD BOICHAT -  Psychometrics: 60/100, Presentation: 23/32
GRANT HASNEY -  Psychometrics: 48/100, Presentation: 23/32
COLEMAN MARTYNKA -  Psychometrics: 57/100, Presentation: 23/32
BRENDON CORBALLY -  Psychometrics: 47/100, Presentation: 13/32
ORALIA CHAIKOVSKI -  Psychometrics: 55/100, Presentation: 23/32
CLARKE CRADOC -  Psychometrics: 61/100, Presentation: 27/32
ROIS COVEY -  Psychometrics: 55/100, Presentation: 23/32
ALLYCE ATTWILL -  Psychometrics: 55/100, Presentation: 23/32
LAYNE MCALINE -  Psychometrics: 50/100, Presentation: 21/32
ANTONIE CORAM -  Psychometrics: 53/100, Presentation: 27/32
NANI MEASOM -  Psychometrics: 63/100, Presentation: 18/32
ELWIN COLLUMBINE -  Psychometrics: 47/100, Presentation: 19/32
EVVY ALLCOCK -  Psychometrics: 64/100, Presentation: 22/32
"
Sparta Day 25 June 2019.txt,"Tuesday 25 June 2019
London Academy

AURELEA LEASON -  Psychometrics: 51/100, Presentation: 19/32
MARCHALL POCKLINGTON -  Psychometrics: 58/100, Presentation: 18/32
GIULIETTA DISSMAN -  Psychometrics: 62/100, Presentation: 19/32
NEHEMIAH TACKLE -  Psychometrics: 44/100, Presentation: 26/32
LIND FEREBEE -  Psychometrics: 51/100, Presentation: 25/32
MALIA CHECCUCCI -  Psychometrics: 57/100, Presentation: 21/32
FANCIE COSTER -  Psychometrics: 66/100, Presentation: 21/32
SHEL BOLZEN -  Psychometrics: 59/100, Presentation: 18/32
MATILDA MATTIESSEN -  Psychometrics: 59/100, Presentation: 22/32
FRANCKLIN WARRINGTON -  Psychometrics: 51/100, Presentation: 21/32
HULDA BALES -  Psychometrics: 58/100, Presentation: 22/32
SOPHEY SKYPP -  Psychometrics: 45/100, Presentation: 20/32
MAREN BURGOTT -  Psychometrics: 38/100, Presentation: 21/32
PRESCOTT ALFUSO -  Psychometrics: 51/100, Presentation: 20/32
JUDIE LOWY -  Psychometrics: 65/100, Presentation: 20/32
HOMERE STENTIFORD -  Psychometrics: 64/100, Presentation: 24/32
MAC BIRKINSHAW -  Psychometrics: 56/100, Presentation: 8/32
KELLEN BENTICK -  Psychometrics: 53/100, Presentation: 22/32
TRESCHA GENDRICH -  Psychometrics: 51/100, Presentation: 14/32
PAXTON MCGINLAY -  Psychometrics: 63/100, Presentation: 15/32
AGUSTIN RODERIGHI -  Psychometrics: 38/100, Presentation: 21/32
PHILLY JERRIM -  Psychometrics: 56/100, Presentation: 16/32
SANDI GURTON -  Psychometrics: 62/100, Presentation: 27/32
LEVY STANDAGE -  Psychometrics: 57/100, Presentation: 17/32
LANNI OTTON -  Psychometrics: 62/100, Presentation: 19/32
ALLX MACDEARMAID -  Psychometrics: 59/100, Presentation: 16/32
JARROD DRIFFE -  Psychometrics: 68/100, Presentation: 17/32
JUDD ABRAHM -  Psychometrics: 55/100, Presentation: 21/32
KAT RIGARD -  Psychometrics: 57/100, Presentation: 20/32
AMOS DEBILL -  Psychometrics: 51/100, Presentation: 19/32
COSTANZA PYKE -  Psychometrics: 67/100, Presentation: 19/32
OTHILIA HUCKER -  Psychometrics: 65/100, Presentation: 21/32
SILVAIN KUHWALD -  Psychometrics: 61/100, Presentation: 21/32
"
Sparta Day 25 September 2019.txt,"Wednesday 25 September 2019
London Academy

RICKIE BURKERT -  Psychometrics: 54/100, Presentation: 19/32
ANDRIANA DUNNIOM -  Psychometrics: 57/100, Presentation: 16/32
SHERWIN MCILWRAITH -  Psychometrics: 63/100, Presentation: 22/32
IOLANDE TREVERS -  Psychometrics: 61/100, Presentation: 23/32
ORALLA COPELLI -  Psychometrics: 55/100, Presentation: 25/32
FOSS TILIO -  Psychometrics: 48/100, Presentation: 19/32
TULLEY FISBBURNE -  Psychometrics: 59/100, Presentation: 14/32
DASIE JUSTIS -  Psychometrics: 49/100, Presentation: 24/32
ELVINA JUDD -  Psychometrics: 60/100, Presentation: 19/32
EIMILE JOBEY -  Psychometrics: 51/100, Presentation: 22/32
ANESTASSIA GADMAN -  Psychometrics: 58/100, Presentation: 19/32
WILLI LAKENDEN -  Psychometrics: 48/100, Presentation: 20/32
REG GAINES -  Psychometrics: 52/100, Presentation: 19/32
CHES KENIWELL -  Psychometrics: 44/100, Presentation: 18/32
DARYA DELAFONT -  Psychometrics: 57/100, Presentation: 20/32
MYRTA TISSELL -  Psychometrics: 52/100, Presentation: 21/32
ROBIN GILLEON -  Psychometrics: 41/100, Presentation: 21/32
GERTA LEONARDS -  Psychometrics: 67/100, Presentation: 19/32
ALEEN MCKEURTON -  Psychometrics: 53/100, Presentation: 21/32
PRUDI BERNARDON -  Psychometrics: 52/100, Presentation: 23/32
PRESCOTT TURPEY -  Psychometrics: 62/100, Presentation: 22/32
HONOR JEANDON -  Psychometrics: 58/100, Presentation: 19/32
MALCOLM WHITTIER -  Psychometrics: 59/100, Presentation: 25/32
GUN BURKITT -  Psychometrics: 57/100, Presentation: 22/32
PAYTON TURBARD -  Psychometrics: 58/100, Presentation: 26/32
NEALON TOMPKISS -  Psychometrics: 66/100, Presentation: 23/32
CRISTAL PRENDERGAST -  Psychometrics: 41/100, Presentation: 14/32
NEEL CAMPANA -  Psychometrics: 50/100, Presentation: 21/32
BRIANA SHORTER -  Psychometrics: 60/100, Presentation: 19/32
CLYVE BOWE -  Psychometrics: 49/100, Presentation: 26/32
RIP JORDESON -  Psychometrics: 55/100, Presentation: 14/32
"
Sparta Day 26 February 2019.txt,"Tuesday 26 February 2019
London Academy

FRASIER GREEDYER -  Psychometrics: 51/100, Presentation: 18/32
REESE PROSWELL -  Psychometrics: 53/100, Presentation: 22/32
KIMMI BODELL -  Psychometrics: 50/100, Presentation: 20/32
MART GRESER -  Psychometrics: 61/100, Presentation: 16/32
AUDRYE TOBIAS -  Psychometrics: 54/100, Presentation: 20/32
DEBBY MCGLYNN -  Psychometrics: 57/100, Presentation: 17/32
YVETTE HAMMERBERG -  Psychometrics: 49/100, Presentation: 18/32
ARTEMAS TOWSE -  Psychometrics: 48/100, Presentation: 27/32
GEORG BATTMAN -  Psychometrics: 60/100, Presentation: 24/32
WILLIS DEDNEY -  Psychometrics: 41/100, Presentation: 23/32
LORAINE COLVILLE -  Psychometrics: 54/100, Presentation: 24/32
TERRY MACVANAMY -  Psychometrics: 60/100, Presentation: 28/32
SHERIDAN ANGEAU -  Psychometrics: 53/100, Presentation: 21/32
HERMANN CASER -  Psychometrics: 60/100, Presentation: 18/32
SAMMY GOWRIE -  Psychometrics: 61/100, Presentation: 17/32
ALI SHEGOG -  Psychometrics: 55/100, Presentation: 20/32
BRYANTY ZAMORRANO -  Psychometrics: 47/100, Presentation: 24/32
HOWARD SHIPPERBOTTOM -  Psychometrics: 69/100, Presentation: 22/32
MARMADUKE BRATCH -  Psychometrics: 50/100, Presentation: 17/32
WESTON BAKES -  Psychometrics: 55/100, Presentation: 22/32
EALASAID BADCOCK -  Psychometrics: 63/100, Presentation: 20/32
EDIN ELIE -  Psychometrics: 50/100, Presentation: 20/32
SUELLEN DOWNGATE -  Psychometrics: 45/100, Presentation: 22/32
MARIKA MASSARD -  Psychometrics: 54/100, Presentation: 18/32
GAL WALLWOOD -  Psychometrics: 59/100, Presentation: 19/32
MAGGY O'CLEARY -  Psychometrics: 53/100, Presentation: 15/32
BOBBYE HAINS -  Psychometrics: 51/100, Presentation: 24/32
JARD ANTONOWICZ -  Psychometrics: 52/100, Presentation: 20/32
NORAH BOWEN -  Psychometrics: 65/100, Presentation: 15/32
"
Sparta Day 26 June 2019.txt,"Wednesday 26 June 2019
London Academy

SIMMONDS CASTLEDINE -  Psychometrics: 47/100, Presentation: 24/32
JAN MANILO -  Psychometrics: 60/100, Presentation: 18/32
KATHY MEEKING -  Psychometrics: 52/100, Presentation: 24/32
ANNAMARIA REDHOLE -  Psychometrics: 55/100, Presentation: 19/32
SIMONNE REGGLER -  Psychometrics: 42/100, Presentation: 21/32
BRIDIE TOSH -  Psychometrics: 61/100, Presentation: 9/32
KATHERINA BOWTON -  Psychometrics: 60/100, Presentation: 20/32
KIM BESTER -  Psychometrics: 62/100, Presentation: 22/32
CHERRITA ALLCHORNE -  Psychometrics: 53/100, Presentation: 16/32
ROSALINDA FRIZZELL -  Psychometrics: 50/100, Presentation: 19/32
BRIAN GEARD -  Psychometrics: 56/100, Presentation: 10/32
CLAIRE REVILLE -  Psychometrics: 46/100, Presentation: 18/32
BRIANT POPE -  Psychometrics: 53/100, Presentation: 22/32
EAMON FALLS -  Psychometrics: 56/100, Presentation: 14/32
SIEGFRIED GERLEIT -  Psychometrics: 45/100, Presentation: 18/32
LEA NORMINGTON -  Psychometrics: 59/100, Presentation: 20/32
CHARLEEN FELDBERGER -  Psychometrics: 56/100, Presentation: 14/32
WILONA CREAN -  Psychometrics: 59/100, Presentation: 21/32
CARLYNNE KEAL -  Psychometrics: 52/100, Presentation: 24/32
BAX SWEETMAN -  Psychometrics: 50/100, Presentation: 24/32
JAMIMA STURGESS -  Psychometrics: 58/100, Presentation: 23/32
EDDY SMUTH -  Psychometrics: 48/100, Presentation: 22/32
JEANNETTE WILLANS -  Psychometrics: 63/100, Presentation: 21/32
TIRRELL TABART -  Psychometrics: 52/100, Presentation: 23/32
ROLAND SKEENE -  Psychometrics: 57/100, Presentation: 17/32
ABRAM SUETER -  Psychometrics: 68/100, Presentation: 19/32
BAB DURNAN -  Psychometrics: 47/100, Presentation: 17/32
CORDIE BOLDUC -  Psychometrics: 55/100, Presentation: 22/32
FREMONT VICARY -  Psychometrics: 59/100, Presentation: 25/32
CLIO LAFFLINA -  Psychometrics: 61/100, Presentation: 25/32
BALDUIN GUDGION -  Psychometrics: 39/100, Presentation: 19/32
ERVIN ACOSTA -  Psychometrics: 59/100, Presentation: 20/32
AGUIE PRATI -  Psychometrics: 61/100, Presentation: 19/32
CEIL SUERZ -  Psychometrics: 48/100, Presentation: 23/32
KENDRA TWORT -  Psychometrics: 57/100, Presentation: 21/32
DEXTER CLUCAS -  Psychometrics: 50/100, Presentation: 12/32
SAMSON MOSEN -  Psychometrics: 54/100, Presentation: 18/32
MYRTLE SATTERLY -  Psychometrics: 67/100, Presentation: 13/32
"
Sparta Day 26 March 2019.txt,"Tuesday 26 March 2019
London Academy

ABBE HANNY -  Psychometrics: 60/100, Presentation: 23/32
ANICA VALLIS -  Psychometrics: 62/100, Presentation: 24/32
QUINTON KUHNT -  Psychometrics: 56/100, Presentation: 17/32
GAVIN SIDES -  Psychometrics: 62/100, Presentation: 24/32
CYRILL WILKISON -  Psychometrics: 52/100, Presentation: 21/32
TEODOOR FLEAY -  Psychometrics: 68/100, Presentation: 25/32
KASSIA WYNCH -  Psychometrics: 61/100, Presentation: 22/32
MARCY ROUT -  Psychometrics: 47/100, Presentation: 20/32
BRION CLAPPSON -  Psychometrics: 44/100, Presentation: 19/32
ALMIRE VAUTREY -  Psychometrics: 59/100, Presentation: 17/32
RUDY DAVIDDE -  Psychometrics: 56/100, Presentation: 23/32
FORBES FOLLOS -  Psychometrics: 51/100, Presentation: 11/32
JACENTA ANTONOWICZ -  Psychometrics: 57/100, Presentation: 14/32
RAUL AIRLIE -  Psychometrics: 63/100, Presentation: 23/32
CLEVE CRAIGS -  Psychometrics: 62/100, Presentation: 21/32
JERI BORGES -  Psychometrics: 48/100, Presentation: 17/32
RUBIA HARNOTT -  Psychometrics: 43/100, Presentation: 26/32
AILI HAGGIDON -  Psychometrics: 47/100, Presentation: 19/32
SALAIDH JUMONT -  Psychometrics: 65/100, Presentation: 12/32
JILL PAWELEC -  Psychometrics: 56/100, Presentation: 15/32
OLENOLIN WRESSELL -  Psychometrics: 62/100, Presentation: 22/32
ALTHEA KOPELMAN -  Psychometrics: 54/100, Presentation: 25/32
DRE SOUTHERTON -  Psychometrics: 50/100, Presentation: 16/32
NEAL GINGLELL -  Psychometrics: 65/100, Presentation: 21/32
EMILY YON -  Psychometrics: 51/100, Presentation: 23/32
SIGMUND CARNIHAN -  Psychometrics: 44/100, Presentation: 22/32
ASHLIE SIVETER -  Psychometrics: 57/100, Presentation: 18/32
MAXWELL FADELL -  Psychometrics: 61/100, Presentation: 16/32
HOBART CALDEYROUX -  Psychometrics: 62/100, Presentation: 20/32
"
Sparta Day 26 November 2019.txt,"Tuesday 26 November 2019
London Academy

SERGE DE LEEK -  Psychometrics: 52/100, Presentation: 20/32
SHARRON STARLING -  Psychometrics: 54/100, Presentation: 18/32
CHARLA RILLETT -  Psychometrics: 49/100, Presentation: 29/32
MAEGAN CHADD -  Psychometrics: 60/100, Presentation: 23/32
ULRICK SWANE -  Psychometrics: 61/100, Presentation: 26/32
GIFF DUKES -  Psychometrics: 71/100, Presentation: 22/32
CINNAMON ROWE -  Psychometrics: 42/100, Presentation: 21/32
KANYA JOBLING -  Psychometrics: 58/100, Presentation: 17/32
MAITILDE BLABEY -  Psychometrics: 69/100, Presentation: 22/32
VIVIANNE FOLLISS -  Psychometrics: 52/100, Presentation: 19/32
EMYLE BYRTH -  Psychometrics: 50/100, Presentation: 17/32
ORTON VERMER -  Psychometrics: 59/100, Presentation: 25/32
JERRYLEE DE CRUZ -  Psychometrics: 60/100, Presentation: 24/32
BRITTANEY ROSKRUGE -  Psychometrics: 57/100, Presentation: 23/32
SKELLY GLEWE -  Psychometrics: 36/100, Presentation: 11/32
GAR SILL -  Psychometrics: 59/100, Presentation: 16/32
JESSALYN PREWETT -  Psychometrics: 64/100, Presentation: 20/32
OLGA PYKETT -  Psychometrics: 56/100, Presentation: 16/32
MILTON PIERS -  Psychometrics: 53/100, Presentation: 21/32
ROBINA MACCOSTYE -  Psychometrics: 50/100, Presentation: 23/32
GIACOPO KYNDRED -  Psychometrics: 61/100, Presentation: 15/32
LUTHER AIMERIC -  Psychometrics: 54/100, Presentation: 19/32
CARLIE HUCK -  Psychometrics: 48/100, Presentation: 15/32
CLARI FREDSON -  Psychometrics: 46/100, Presentation: 20/32
PAULETTE LUNDBECK -  Psychometrics: 72/100, Presentation: 17/32
"
Sparta Day 26 September 2019.txt,"Thursday 26 September 2019
Birmingham Academy

ELI BURNSIDES -  Psychometrics: 44/100, Presentation: 16/32
VINSON TRAPPE -  Psychometrics: 52/100, Presentation: 21/32
RUPERTA ILLESLEY -  Psychometrics: 54/100, Presentation: 20/32
CECILIO WOFFENDEN -  Psychometrics: 62/100, Presentation: 12/32
HUNTLEE NEWICK -  Psychometrics: 53/100, Presentation: 10/32
FIFI KINGSLY -  Psychometrics: 50/100, Presentation: 26/32
ARLEYNE WITCH -  Psychometrics: 59/100, Presentation: 20/32
LANNI LAVIS -  Psychometrics: 57/100, Presentation: 21/32
PENNIE CROOKSHANKS -  Psychometrics: 56/100, Presentation: 17/32
BUIRON HOOFE -  Psychometrics: 54/100, Presentation: 19/32
ANISSA KEIR -  Psychometrics: 42/100, Presentation: 22/32
RAYSHELL BALFE -  Psychometrics: 56/100, Presentation: 24/32
LUCINA BANASZEWSKI -  Psychometrics: 50/100, Presentation: 19/32
SELIA TOOHEY -  Psychometrics: 43/100, Presentation: 22/32
BELLA DURTNAL -  Psychometrics: 55/100, Presentation: 22/32
BABARA VEAZEY -  Psychometrics: 73/100, Presentation: 18/32
LILLY ANDREASEN -  Psychometrics: 66/100, Presentation: 20/32
CHANCE FLEAY -  Psychometrics: 52/100, Presentation: 18/32
ZEBADIAH ROLLINS -  Psychometrics: 58/100, Presentation: 12/32
LESTER WEDDEBURN - SCRIMGEOUR -  Psychometrics: 54/100, Presentation: 22/32
ZOLLIE DANKS -  Psychometrics: 55/100, Presentation: 18/32
REEVA AMORT -  Psychometrics: 54/100, Presentation: 25/32
JOURDAIN TRIPP -  Psychometrics: 60/100, Presentation: 17/32
STEPHA WILLISON -  Psychometrics: 61/100, Presentation: 24/32
HERMANN CUDDE -  Psychometrics: 60/100, Presentation: 17/32
HERMINA BOAR -  Psychometrics: 61/100, Presentation: 18/32
KELILA CUNAH -  Psychometrics: 64/100, Presentation: 24/32
ERNY MOURANT -  Psychometrics: 58/100, Presentation: 16/32
OREN MEDWELL -  Psychometrics: 58/100, Presentation: 24/32
HURLEE GORI -  Psychometrics: 49/100, Presentation: 16/32
CLYVE GILLHESPY -  Psychometrics: 59/100, Presentation: 24/32
"
Sparta Day 27 August 2019.txt,"Tuesday 27 August 2019
London Academy

MARCELA PASS -  Psychometrics: 51/100, Presentation: 25/32
DARCEY MORDIN -  Psychometrics: 61/100, Presentation: 15/32
KEANE GORRISSEN -  Psychometrics: 51/100, Presentation: 12/32
OMAR RODRIGO -  Psychometrics: 61/100, Presentation: 22/32
DALILA FAIRBURN -  Psychometrics: 45/100, Presentation: 18/32
GRAYCE CINNAMOND -  Psychometrics: 44/100, Presentation: 19/32
DIANDRA DYHOUSE -  Psychometrics: 50/100, Presentation: 19/32
GUSTI HORROD -  Psychometrics: 59/100, Presentation: 17/32
REG VANDENHOFF -  Psychometrics: 51/100, Presentation: 15/32
JILLIE HOWLES -  Psychometrics: 57/100, Presentation: 20/32
CAMILLA FRANCESCHELLI -  Psychometrics: 46/100, Presentation: 25/32
ORALIA BARRAT -  Psychometrics: 52/100, Presentation: 21/32
NORRI TEMBY -  Psychometrics: 66/100, Presentation: 20/32
DODIE LASSELLS -  Psychometrics: 65/100, Presentation: 18/32
ALDO BRADNUM -  Psychometrics: 50/100, Presentation: 24/32
PIETREK BENNETT -  Psychometrics: 48/100, Presentation: 19/32
CHANCEY CLIMER -  Psychometrics: 59/100, Presentation: 19/32
JODY PAULE -  Psychometrics: 49/100, Presentation: 19/32
VAUGHN WALLINGTON -  Psychometrics: 52/100, Presentation: 26/32
KELLIA DAWTREY -  Psychometrics: 47/100, Presentation: 20/32
SEAN OVISE -  Psychometrics: 60/100, Presentation: 24/32
JIM DWERRYHOUSE -  Psychometrics: 53/100, Presentation: 23/32
STACEY POE -  Psychometrics: 46/100, Presentation: 20/32
MATTEO CORNEWELL -  Psychometrics: 50/100, Presentation: 16/32
LINDA LUTO -  Psychometrics: 52/100, Presentation: 12/32
RHODY CUSHION -  Psychometrics: 60/100, Presentation: 19/32
"
Sparta Day 27 February 2019.txt,"Wednesday 27 February 2019
London Academy

MORGANA MCAW -  Psychometrics: 51/100, Presentation: 23/32
EMMETT HYNSON -  Psychometrics: 46/100, Presentation: 23/32
ADELBERT OAKWELL -  Psychometrics: 50/100, Presentation: 20/32
HENRYETTA ALLWELL -  Psychometrics: 60/100, Presentation: 17/32
RUFUS O'RUANE -  Psychometrics: 47/100, Presentation: 21/32
GILLIE MCAULIFFE -  Psychometrics: 57/100, Presentation: 17/32
TIMOTEO PACK -  Psychometrics: 55/100, Presentation: 23/32
GLEN SPUNER -  Psychometrics: 63/100, Presentation: 23/32
JAN HORROD -  Psychometrics: 63/100, Presentation: 23/32
AGGI WILLETTS -  Psychometrics: 50/100, Presentation: 22/32
BURTIE CLUBLEY -  Psychometrics: 53/100, Presentation: 19/32
ERMENTRUDE LARROSA -  Psychometrics: 56/100, Presentation: 18/32
MOE FINNIE -  Psychometrics: 60/100, Presentation: 25/32
KIRSTEN GRAVELL -  Psychometrics: 49/100, Presentation: 20/32
LYDIE BROADFIELD -  Psychometrics: 58/100, Presentation: 15/32
KYLA CHADBURN -  Psychometrics: 53/100, Presentation: 23/32
ASHLEY DEMPSEY -  Psychometrics: 67/100, Presentation: 19/32
VERINE DARTER -  Psychometrics: 63/100, Presentation: 18/32
ZANETA ROWBOTTOM -  Psychometrics: 59/100, Presentation: 19/32
KENDAL TIMMENS -  Psychometrics: 52/100, Presentation: 20/32
ILAIRE ORD -  Psychometrics: 51/100, Presentation: 18/32
STANFIELD COLLISON -  Psychometrics: 54/100, Presentation: 17/32
MARIANNE PIETRUSZKA -  Psychometrics: 60/100, Presentation: 21/32
CARMEL RISHWORTH -  Psychometrics: 56/100, Presentation: 20/32
JASPER MOEHLE -  Psychometrics: 55/100, Presentation: 16/32
IDALINE GADEAUX -  Psychometrics: 56/100, Presentation: 18/32
ADOLPH ANDREIA -  Psychometrics: 56/100, Presentation: 23/32
RHODA DRINKELD -  Psychometrics: 40/100, Presentation: 20/32
ROBBYN SHEARMUR -  Psychometrics: 63/100, Presentation: 13/32
CORETTE GISLEBERT -  Psychometrics: 54/100, Presentation: 23/32
SAMPSON PRETTEJOHNS -  Psychometrics: 57/100, Presentation: 23/32
"
Sparta Day 27 June 2019.txt,"Thursday 27 June 2019
Birmingham Academy

INGELBERT CLENCH -  Psychometrics: 57/100, Presentation: 19/32
OLWEN NIXON -  Psychometrics: 34/100, Presentation: 17/32
AGUIE MORRAD -  Psychometrics: 54/100, Presentation: 20/32
ALANAH MATFIN -  Psychometrics: 52/100, Presentation: 25/32
DODIE MCGOWRAN -  Psychometrics: 52/100, Presentation: 24/32
RAYSHELL LINCE -  Psychometrics: 48/100, Presentation: 15/32
AURORA JIMSON -  Psychometrics: 57/100, Presentation: 22/32
ZACHARIE BANN -  Psychometrics: 57/100, Presentation: 19/32
SAVINA PHYTHIEN -  Psychometrics: 65/100, Presentation: 20/32
GERLADINA GANNON -  Psychometrics: 49/100, Presentation: 22/32
KACEY SMURTHWAITE -  Psychometrics: 66/100, Presentation: 18/32
CALV SILVERMAN -  Psychometrics: 48/100, Presentation: 26/32
KARNEY TALLBOY -  Psychometrics: 48/100, Presentation: 21/32
TITUS DECHELLE -  Psychometrics: 48/100, Presentation: 14/32
OSBOURNE WITHERDON -  Psychometrics: 51/100, Presentation: 15/32
ROBENIA LANDOR -  Psychometrics: 53/100, Presentation: 16/32
BARBETTE SORTON -  Psychometrics: 58/100, Presentation: 15/32
CARI BRADLAUGH -  Psychometrics: 53/100, Presentation: 19/32
TEODORO MCCHESNEY -  Psychometrics: 47/100, Presentation: 26/32
BURGESS ORCHART -  Psychometrics: 49/100, Presentation: 24/32
ROCKWELL GUTTERIDGE -  Psychometrics: 54/100, Presentation: 21/32
DUNSTAN TERESSE -  Psychometrics: 49/100, Presentation: 23/32
MISCHA OSGAR -  Psychometrics: 52/100, Presentation: 13/32
DEAN DUCHANT -  Psychometrics: 56/100, Presentation: 25/32
DERREK SCARCE -  Psychometrics: 56/100, Presentation: 18/32
EIMILE SANPER -  Psychometrics: 61/100, Presentation: 20/32
DULSEA WESTFALEN -  Psychometrics: 69/100, Presentation: 22/32
CARLY ASSANDRI -  Psychometrics: 62/100, Presentation: 23/32
TREMAIN BAROSCH -  Psychometrics: 59/100, Presentation: 16/32
BELIA LOSSELJONG -  Psychometrics: 52/100, Presentation: 24/32
ROSENE YEARNSLEY -  Psychometrics: 66/100, Presentation: 18/32
"
Sparta Day 27 March 2019.txt,"Wednesday 27 March 2019
London Academy

FRANCISKUS LETHARDY -  Psychometrics: 55/100, Presentation: 20/32
FRANKIE MABEE -  Psychometrics: 55/100, Presentation: 22/32
FERDIE GLYNE -  Psychometrics: 64/100, Presentation: 23/32
THAYNE SAINSBERRY -  Psychometrics: 49/100, Presentation: 22/32
GASPARO OVERILL -  Psychometrics: 68/100, Presentation: 23/32
DARB HEINSSEN -  Psychometrics: 61/100, Presentation: 19/32
STEPHANI LIBBY -  Psychometrics: 55/100, Presentation: 17/32
WHITNEY WOODGER -  Psychometrics: 54/100, Presentation: 15/32
CLIFFORD HINKS -  Psychometrics: 48/100, Presentation: 17/32
ROZAMOND WILTON -  Psychometrics: 50/100, Presentation: 19/32
AUBERT CAWTHERAY -  Psychometrics: 61/100, Presentation: 21/32
ELSA HALLGARTH -  Psychometrics: 57/100, Presentation: 23/32
BERNETE FIDELE -  Psychometrics: 49/100, Presentation: 22/32
WEB SEGRAVE -  Psychometrics: 54/100, Presentation: 24/32
PHYLYS FLORY -  Psychometrics: 65/100, Presentation: 19/32
KEELEY OSBURN -  Psychometrics: 64/100, Presentation: 22/32
CHARO LORENT -  Psychometrics: 57/100, Presentation: 18/32
STACEY DE VUYST -  Psychometrics: 64/100, Presentation: 26/32
MYRLENE OLYFANT -  Psychometrics: 51/100, Presentation: 23/32
ROZELE ZANICCHELLI -  Psychometrics: 45/100, Presentation: 19/32
LOTTIE JANMAN -  Psychometrics: 46/100, Presentation: 24/32
REGAN DYBALL -  Psychometrics: 65/100, Presentation: 20/32
CYBIL MANDRAKE -  Psychometrics: 50/100, Presentation: 19/32
ROZANNE BURHOUSE -  Psychometrics: 56/100, Presentation: 21/32
AURIE LOBLE -  Psychometrics: 49/100, Presentation: 23/32
ADELBERT VERRICK -  Psychometrics: 60/100, Presentation: 24/32
"
Sparta Day 27 November 2019.txt,"Wednesday 27 November 2019
London Academy

MECHELLE LARKWORTHY -  Psychometrics: 43/100, Presentation: 20/32
SAMANTHA LANPHERE -  Psychometrics: 48/100, Presentation: 14/32
LINDSEY ANSTEY -  Psychometrics: 50/100, Presentation: 23/32
WILLABELLA REDDINGS -  Psychometrics: 47/100, Presentation: 22/32
MABEL WATTINS -  Psychometrics: 61/100, Presentation: 22/32
BENTON CULLEN -  Psychometrics: 54/100, Presentation: 17/32
TADD VALLERINE -  Psychometrics: 55/100, Presentation: 12/32
CLAUDELLE VASNETSOV -  Psychometrics: 52/100, Presentation: 19/32
KYLIE DALMON -  Psychometrics: 43/100, Presentation: 26/32
KONSTANZE TRYNOR -  Psychometrics: 56/100, Presentation: 21/32
WILL COSSUM -  Psychometrics: 49/100, Presentation: 24/32
CONSUELO PENGELLEY -  Psychometrics: 53/100, Presentation: 16/32
KORALLE BARTOCCI -  Psychometrics: 59/100, Presentation: 19/32
ELBERT NIGHTINGALE -  Psychometrics: 49/100, Presentation: 24/32
BIBBIE GOSFORD -  Psychometrics: 59/100, Presentation: 23/32
PRISCELLA AKASTER -  Psychometrics: 46/100, Presentation: 17/32
BIL PEARS -  Psychometrics: 51/100, Presentation: 16/32
PATRICIO DYTER -  Psychometrics: 62/100, Presentation: 22/32
MICHELE BRISTOWE -  Psychometrics: 61/100, Presentation: 20/32
ROIS TAMES -  Psychometrics: 46/100, Presentation: 22/32
CARRIE JACQUEMARD -  Psychometrics: 43/100, Presentation: 22/32
JEDD INGGALL -  Psychometrics: 65/100, Presentation: 24/32
JEANELLE BIESTY -  Psychometrics: 45/100, Presentation: 23/32
AMALEA HARRELL -  Psychometrics: 54/100, Presentation: 17/32
YALE LASHLEY -  Psychometrics: 40/100, Presentation: 25/32
CLEMENTINE BRADICK -  Psychometrics: 54/100, Presentation: 20/32
WOODMAN PIETRUSIAK -  Psychometrics: 54/100, Presentation: 12/32
AINSLEY GOGERTY -  Psychometrics: 66/100, Presentation: 19/32
ALASTAIR FILIPOWICZ -  Psychometrics: 52/100, Presentation: 16/32
BRANDER VICENT -  Psychometrics: 67/100, Presentation: 19/32
GENEVA BELDON -  Psychometrics: 50/100, Presentation: 17/32
ADAMS LUX -  Psychometrics: 55/100, Presentation: 20/32
CESARE BAYLAY -  Psychometrics: 65/100, Presentation: 21/32
ROSMUNDA BRIMICOMBE -  Psychometrics: 63/100, Presentation: 24/32
TATUM JEANNET -  Psychometrics: 69/100, Presentation: 20/32
STEPHANNIE TICHNER -  Psychometrics: 41/100, Presentation: 24/32
DARILL DRANE -  Psychometrics: 61/100, Presentation: 18/32
SOLLIE SPINDLER -  Psychometrics: 59/100, Presentation: 23/32
"
Sparta Day 28 August 2019.txt,"Wednesday 28 August 2019
London Academy

SYDEL FENNE -  Psychometrics: 61/100, Presentation: 19/32
FONZ AVELINE -  Psychometrics: 57/100, Presentation: 14/32
EDGAR ANNESLEY -  Psychometrics: 57/100, Presentation: 17/32
MOISE ZEALEY -  Psychometrics: 57/100, Presentation: 13/32
ROBERTA FAULO -  Psychometrics: 32/100, Presentation: 21/32
QUINTA COWDRAY -  Psychometrics: 65/100, Presentation: 22/32
VICKI QUARTERMAN -  Psychometrics: 46/100, Presentation: 21/32
FAYRE HELD -  Psychometrics: 48/100, Presentation: 21/32
FANNI POLHILL -  Psychometrics: 52/100, Presentation: 18/32
ALICIA HRUSKA -  Psychometrics: 51/100, Presentation: 15/32
CLAUDIO O'HENEGHAN -  Psychometrics: 38/100, Presentation: 19/32
BERKY BAILEY -  Psychometrics: 51/100, Presentation: 22/32
HARRIETT SAFFIN -  Psychometrics: 58/100, Presentation: 16/32
POOH CHRISTY -  Psychometrics: 60/100, Presentation: 26/32
ALLINA GRELKA -  Psychometrics: 55/100, Presentation: 18/32
ROZALIN SUMMERSCALES -  Psychometrics: 64/100, Presentation: 26/32
CARCE CAPEL -  Psychometrics: 58/100, Presentation: 20/32
CORREY CLEMONT -  Psychometrics: 51/100, Presentation: 15/32
BRITT SUMMERGILL -  Psychometrics: 52/100, Presentation: 25/32
KINGSLEY HARDAKER -  Psychometrics: 55/100, Presentation: 15/32
SELIA ANNELL -  Psychometrics: 33/100, Presentation: 19/32
SHARITY HAWKSWELL -  Psychometrics: 43/100, Presentation: 24/32
PARNELL WEDDUP -  Psychometrics: 48/100, Presentation: 23/32
JOHANNAH HOLWELL -  Psychometrics: 47/100, Presentation: 25/32
BO FARGIE -  Psychometrics: 56/100, Presentation: 19/32
PAULY GILLBEE -  Psychometrics: 51/100, Presentation: 20/32
SAUNDRA FUZZENS -  Psychometrics: 57/100, Presentation: 18/32
COURTNEY WENMAN -  Psychometrics: 54/100, Presentation: 15/32
"
Sparta Day 28 February 2019.txt,"Thursday 28 February 2019
Birmingham Academy

VACHEL MC MEEKIN -  Psychometrics: 54/100, Presentation: 20/32
IAN GIORGIETTO -  Psychometrics: 53/100, Presentation: 23/32
ARLANA COWL -  Psychometrics: 45/100, Presentation: 22/32
ELANE TROLLOPE -  Psychometrics: 45/100, Presentation: 25/32
HERB GILARDI -  Psychometrics: 48/100, Presentation: 19/32
IRWIN SCOURGE -  Psychometrics: 38/100, Presentation: 24/32
CROSBY ELIASSON -  Psychometrics: 67/100, Presentation: 23/32
KIMBERLEY MCGEOUCH -  Psychometrics: 64/100, Presentation: 18/32
GASPARD DUNN -  Psychometrics: 59/100, Presentation: 21/32
RICI WILLINGALE -  Psychometrics: 57/100, Presentation: 25/32
AUGUSTE ARMSTEAD -  Psychometrics: 55/100, Presentation: 17/32
KERBY TRANFIELD -  Psychometrics: 61/100, Presentation: 22/32
JEROMY GAUNTLEY -  Psychometrics: 72/100, Presentation: 22/32
JACOB ESLEY -  Psychometrics: 62/100, Presentation: 22/32
KATLEEN SIDDON -  Psychometrics: 50/100, Presentation: 16/32
ROSMUNDA DIONISETTI -  Psychometrics: 54/100, Presentation: 24/32
LULA TITLEY -  Psychometrics: 47/100, Presentation: 18/32
ELINORE BEVIS -  Psychometrics: 51/100, Presentation: 24/32
RAE DALLAGHAN -  Psychometrics: 49/100, Presentation: 21/32
CASAR BROSEMAN -  Psychometrics: 64/100, Presentation: 23/32
THORPE PETTETT -  Psychometrics: 50/100, Presentation: 18/32
ADIANA ALMEY -  Psychometrics: 58/100, Presentation: 21/32
JDAVIE BOOLS -  Psychometrics: 49/100, Presentation: 24/32
ALMIRE DWYER -  Psychometrics: 48/100, Presentation: 21/32
ALICK PADKIN -  Psychometrics: 57/100, Presentation: 26/32
EDGARDO HEMPHALL -  Psychometrics: 50/100, Presentation: 17/32
"
Sparta Day 28 March 2019.txt,"Thursday 28 March 2019
Birmingham Academy

THOMASA MARLOR -  Psychometrics: 43/100, Presentation: 22/32
CORDEY RIGARDEAU -  Psychometrics: 62/100, Presentation: 21/32
ROMEO ROACHE -  Psychometrics: 57/100, Presentation: 23/32
BUNNI LOCARD -  Psychometrics: 54/100, Presentation: 18/32
ALAN HEALD -  Psychometrics: 59/100, Presentation: 21/32
ROZE SOMERBELL -  Psychometrics: 62/100, Presentation: 24/32
EZEQUIEL GUTCH -  Psychometrics: 52/100, Presentation: 19/32
CHANCEY MOREY -  Psychometrics: 51/100, Presentation: 22/32
LEONHARD FILKIN -  Psychometrics: 57/100, Presentation: 21/32
NADA NIESE -  Psychometrics: 58/100, Presentation: 17/32
ISAHELLA HADDLESTON -  Psychometrics: 54/100, Presentation: 26/32
MERRY WALKOWSKI -  Psychometrics: 49/100, Presentation: 17/32
ERNIE PROSCHEK -  Psychometrics: 62/100, Presentation: 25/32
OPAL MACKINDER -  Psychometrics: 55/100, Presentation: 12/32
ALEECE ADDICOTT -  Psychometrics: 60/100, Presentation: 18/32
CARY EDWICKE -  Psychometrics: 69/100, Presentation: 24/32
ANSON STREAK -  Psychometrics: 44/100, Presentation: 19/32
DURANT DELL 'ORTO -  Psychometrics: 54/100, Presentation: 16/32
FABIAN DUNNET -  Psychometrics: 43/100, Presentation: 23/32
CARLY ROGGE -  Psychometrics: 62/100, Presentation: 24/32
MAME KNEAPHSEY -  Psychometrics: 53/100, Presentation: 24/32
GLENN COAKER -  Psychometrics: 59/100, Presentation: 20/32
YANCE GRENFELL -  Psychometrics: 52/100, Presentation: 15/32
DAR LANG -  Psychometrics: 37/100, Presentation: 23/32
OFELIA CROW -  Psychometrics: 51/100, Presentation: 21/32
NEELY ALEKSICH -  Psychometrics: 53/100, Presentation: 20/32
"
Sparta Day 28 May 2019.txt,"Tuesday 28 May 2019
London Academy

HARTWELL CANDWELL -  Psychometrics: 60/100, Presentation: 19/32
ERMINA MITCHALL -  Psychometrics: 54/100, Presentation: 13/32
HUMFRID STRAFEN -  Psychometrics: 45/100, Presentation: 21/32
GRANGER CARAYOL -  Psychometrics: 51/100, Presentation: 22/32
FINLAY LEPICK -  Psychometrics: 41/100, Presentation: 20/32
SAMMIE GOBY -  Psychometrics: 49/100, Presentation: 20/32
FERDINANDE PAULINO -  Psychometrics: 49/100, Presentation: 14/32
EMANUELE EPTON -  Psychometrics: 49/100, Presentation: 21/32
HERMIONE TOMSETT -  Psychometrics: 41/100, Presentation: 13/32
IGNACIUS PLEASAUNCE -  Psychometrics: 55/100, Presentation: 17/32
GAV RANTOUL -  Psychometrics: 50/100, Presentation: 13/32
SLOANE PHILBROOK -  Psychometrics: 66/100, Presentation: 19/32
LEE MCILMOROW -  Psychometrics: 55/100, Presentation: 20/32
JIM JOINT -  Psychometrics: 53/100, Presentation: 18/32
BRITTNEY REIMER -  Psychometrics: 51/100, Presentation: 27/32
ALEX BORKETT -  Psychometrics: 46/100, Presentation: 22/32
JEROMY FOMICHKIN -  Psychometrics: 55/100, Presentation: 21/32
ROBINSON STICKLES -  Psychometrics: 58/100, Presentation: 22/32
"
Sparta Day 28 November 2019.txt,"Thursday 28 November 2019
Birmingham Academy

GARVY DINSDALE -  Psychometrics: 51/100, Presentation: 24/32
AUBE BENKHE -  Psychometrics: 49/100, Presentation: 19/32
FIN LUNG -  Psychometrics: 52/100, Presentation: 21/32
SHANDIE MUIR -  Psychometrics: 52/100, Presentation: 21/32
LATASHIA BRAMPTON -  Psychometrics: 48/100, Presentation: 21/32
LIB HALLIBURTON -  Psychometrics: 54/100, Presentation: 20/32
DONALT PINKSTONE -  Psychometrics: 58/100, Presentation: 21/32
RAFAELIA COWE -  Psychometrics: 58/100, Presentation: 22/32
TUCKIE POSTGATE -  Psychometrics: 54/100, Presentation: 16/32
HORATIA TRESISE -  Psychometrics: 52/100, Presentation: 16/32
KRISTOFER TRUNDLE -  Psychometrics: 45/100, Presentation: 21/32
CHERRITA WINGATE -  Psychometrics: 59/100, Presentation: 17/32
CELISSE MERIGUET -  Psychometrics: 48/100, Presentation: 21/32
ROBINETT MCPHATE -  Psychometrics: 56/100, Presentation: 22/32
FRAYDA CRICKMOOR -  Psychometrics: 59/100, Presentation: 23/32
SUZANNA DUNSTALL -  Psychometrics: 59/100, Presentation: 16/32
COURTNEY RAYNHAM -  Psychometrics: 40/100, Presentation: 27/32
JACENTA COUCHE -  Psychometrics: 49/100, Presentation: 23/32
LANNY WILLINGHAM -  Psychometrics: 52/100, Presentation: 16/32
MARJA MORFIELD -  Psychometrics: 68/100, Presentation: 20/32
MADELYN PETRENKO -  Psychometrics: 49/100, Presentation: 17/32
"
Sparta Day 29 August 2019.txt,"Thursday 29 August 2019
Birmingham Academy

HANNAH MESSUM -  Psychometrics: 56/100, Presentation: 21/32
KERMY CAVES -  Psychometrics: 51/100, Presentation: 21/32
MAURICE YAKHIN -  Psychometrics: 63/100, Presentation: 22/32
JAE RENNOLDS -  Psychometrics: 58/100, Presentation: 15/32
LINDSEY GERWOOD -  Psychometrics: 56/100, Presentation: 18/32
DYLAN LLEWELLEN -  Psychometrics: 62/100, Presentation: 16/32
BERRY FREED -  Psychometrics: 67/100, Presentation: 15/32
FRAZIER BAYSTON -  Psychometrics: 52/100, Presentation: 15/32
ORALLE BRUNONE -  Psychometrics: 37/100, Presentation: 19/32
JOELIE ELFITT -  Psychometrics: 56/100, Presentation: 18/32
LAZARUS HOOKE -  Psychometrics: 62/100, Presentation: 22/32
WINONA RUBINOWITZ -  Psychometrics: 70/100, Presentation: 23/32
APPOLONIA JOVIS -  Psychometrics: 51/100, Presentation: 22/32
WILLI TAGG -  Psychometrics: 48/100, Presentation: 21/32
TRIS LANDREAN -  Psychometrics: 58/100, Presentation: 24/32
MEAD STOLTING -  Psychometrics: 56/100, Presentation: 24/32
CHERE SIDDENS -  Psychometrics: 57/100, Presentation: 23/32
QUERIDA ANTONACCI -  Psychometrics: 65/100, Presentation: 26/32
NIL STEWART -  Psychometrics: 43/100, Presentation: 21/32
PETRONILLE DOUGHARTY -  Psychometrics: 64/100, Presentation: 20/32
GENA HUMBLES -  Psychometrics: 58/100, Presentation: 16/32
DONIELLE GODBALL -  Psychometrics: 46/100, Presentation: 22/32
KAIN LOWNE -  Psychometrics: 73/100, Presentation: 22/32
CHRISTINE SCALERA -  Psychometrics: 49/100, Presentation: 21/32
GENEVA WINSCOMB -  Psychometrics: 54/100, Presentation: 12/32
RANDAL TILLIARD -  Psychometrics: 43/100, Presentation: 25/32
DIDI STRONOUGH -  Psychometrics: 50/100, Presentation: 16/32
GILBERT GULC -  Psychometrics: 45/100, Presentation: 19/32
CLIM LOVIE -  Psychometrics: 55/100, Presentation: 22/32
FERREL LISSANDRINI -  Psychometrics: 65/100, Presentation: 17/32
JUNIA COLLINS -  Psychometrics: 57/100, Presentation: 18/32
JULE CORKE -  Psychometrics: 59/100, Presentation: 18/32
GARETH DE MICOLI -  Psychometrics: 49/100, Presentation: 26/32
"
Sparta Day 29 January 2019.txt,"Tuesday 29 January 2019
London Academy

SKIPPY WORRELL -  Psychometrics: 58/100, Presentation: 25/32
ALLYN NAZAIR -  Psychometrics: 54/100, Presentation: 22/32
CLY GREATREX -  Psychometrics: 60/100, Presentation: 18/32
CASSIUS WHATLING -  Psychometrics: 68/100, Presentation: 18/32
SALVIDOR DALRYMPLE -  Psychometrics: 51/100, Presentation: 24/32
RALF HEINTZE -  Psychometrics: 48/100, Presentation: 16/32
SILEAS GOLSON -  Psychometrics: 65/100, Presentation: 16/32
CAREN STERTE -  Psychometrics: 56/100, Presentation: 19/32
LUCITA PETTMAN -  Psychometrics: 50/100, Presentation: 20/32
ADRIANNA LYDDIARD -  Psychometrics: 53/100, Presentation: 21/32
NOAH PETRICEK -  Psychometrics: 61/100, Presentation: 22/32
HALLI PURCELL -  Psychometrics: 66/100, Presentation: 17/32
ALEXANDRO GUYAN -  Psychometrics: 59/100, Presentation: 19/32
GARDIE DAMSELL -  Psychometrics: 64/100, Presentation: 21/32
SULLY RECHERT -  Psychometrics: 60/100, Presentation: 22/32
RICCARDO OADE -  Psychometrics: 62/100, Presentation: 19/32
CAREY SEVERN -  Psychometrics: 61/100, Presentation: 17/32
SALOMON COSTELLOW -  Psychometrics: 53/100, Presentation: 27/32
KALLI MCGARRIE -  Psychometrics: 65/100, Presentation: 23/32
GAYEL MEINEKING -  Psychometrics: 55/100, Presentation: 19/32
"
Sparta Day 29 May 2019.txt,"Wednesday 29 May 2019
London Academy

SELIA DIEM -  Psychometrics: 47/100, Presentation: 18/32
LAUREL EBBERS -  Psychometrics: 54/100, Presentation: 16/32
ARDYS RUPPELE -  Psychometrics: 63/100, Presentation: 20/32
FLORINA SUDLOW -  Psychometrics: 64/100, Presentation: 24/32
ETTA WHITEMARSH -  Psychometrics: 46/100, Presentation: 25/32
LIANE LORENTE -  Psychometrics: 52/100, Presentation: 19/32
DARBEE GOSLIN -  Psychometrics: 52/100, Presentation: 27/32
ORLY EAKLE -  Psychometrics: 46/100, Presentation: 22/32
ADLAI GAHAGAN -  Psychometrics: 54/100, Presentation: 29/32
BLAYNE JENNE -  Psychometrics: 63/100, Presentation: 21/32
PANSY TRANCKLE -  Psychometrics: 50/100, Presentation: 17/32
TANIA LEMME -  Psychometrics: 49/100, Presentation: 17/32
YUMA HENRION -  Psychometrics: 56/100, Presentation: 25/32
EDI JIGGINS -  Psychometrics: 47/100, Presentation: 17/32
FAY BEAUTYMAN -  Psychometrics: 61/100, Presentation: 17/32
SOSANNA RAWLINGS -  Psychometrics: 51/100, Presentation: 22/32
SYDEL TILNE -  Psychometrics: 65/100, Presentation: 17/32
DIANNA BREWETT -  Psychometrics: 55/100, Presentation: 20/32
ROBBY ARIAS -  Psychometrics: 50/100, Presentation: 23/32
SANDOR ATACK -  Psychometrics: 50/100, Presentation: 18/32
WANIDS GLIDDER -  Psychometrics: 61/100, Presentation: 18/32
WILLETTE JOWLE -  Psychometrics: 49/100, Presentation: 21/32
RIK JURICK -  Psychometrics: 68/100, Presentation: 23/32
CORREY MOULDS -  Psychometrics: 50/100, Presentation: 19/32
HEDWIG ALBUTT -  Psychometrics: 59/100, Presentation: 22/32
DALIS GAMBLES -  Psychometrics: 57/100, Presentation: 24/32
SYDNEY PIGOT -  Psychometrics: 54/100, Presentation: 15/32
DONALT KINCEY -  Psychometrics: 53/100, Presentation: 18/32
HASKEL OLDROYDE -  Psychometrics: 51/100, Presentation: 19/32
DARRIN PERRELLE -  Psychometrics: 62/100, Presentation: 23/32
"
Sparta Day 29 October 2019.txt,"Tuesday 29 October 2019
London Academy

SUKEY BENEDICTO -  Psychometrics: 60/100, Presentation: 22/32
ADLAI FERNS -  Psychometrics: 50/100, Presentation: 21/32
FERDINAND ADLARD -  Psychometrics: 66/100, Presentation: 13/32
AUGUSTA GILFOY -  Psychometrics: 59/100, Presentation: 17/32
GLEDA GIACOMOZZO -  Psychometrics: 53/100, Presentation: 14/32
TAMI STUDDAL -  Psychometrics: 52/100, Presentation: 23/32
HENDRIKA MACLEOD -  Psychometrics: 55/100, Presentation: 17/32
STEPHI DUCKERING -  Psychometrics: 54/100, Presentation: 19/32
ALICIA TIMMIS -  Psychometrics: 45/100, Presentation: 26/32
DE WITT O'DOWD -  Psychometrics: 46/100, Presentation: 21/32
VAUGHAN BORCHARDT -  Psychometrics: 61/100, Presentation: 19/32
REG VANSHIN -  Psychometrics: 41/100, Presentation: 21/32
ASHLEY WOODVINE -  Psychometrics: 57/100, Presentation: 21/32
DEMETRA DARMODY -  Psychometrics: 59/100, Presentation: 24/32
EMALIA NAILE -  Psychometrics: 59/100, Presentation: 23/32
GISELA ANDREA -  Psychometrics: 54/100, Presentation: 15/32
ROBBIE VIZOR -  Psychometrics: 53/100, Presentation: 15/32
OTHA KIMM -  Psychometrics: 56/100, Presentation: 23/32
CHICO HEADLEY -  Psychometrics: 54/100, Presentation: 23/32
LORRIN TREMBLOT -  Psychometrics: 54/100, Presentation: 15/32
SHER SALDLER -  Psychometrics: 49/100, Presentation: 17/32
"
Sparta Day 3 April 2019.txt,"Wednesday 3 April 2019
London Academy

JOHANNA INOLD -  Psychometrics: 52/100, Presentation: 19/32
BABETTE MCGLOUGHLIN -  Psychometrics: 52/100, Presentation: 19/32
ORION DINES -  Psychometrics: 51/100, Presentation: 19/32
GAYLA BOWNAS -  Psychometrics: 60/100, Presentation: 18/32
WILLOW KARP -  Psychometrics: 54/100, Presentation: 17/32
ALANNA FRANE -  Psychometrics: 59/100, Presentation: 19/32
CHELSEA MILLWARD -  Psychometrics: 63/100, Presentation: 25/32
STEFAN GERSAM -  Psychometrics: 53/100, Presentation: 20/32
CARLINE ZUKER -  Psychometrics: 55/100, Presentation: 23/32
DERMOT LAMBOURNE -  Psychometrics: 50/100, Presentation: 13/32
EMMEY WADFORTH -  Psychometrics: 54/100, Presentation: 20/32
REA LINDWASSER -  Psychometrics: 48/100, Presentation: 25/32
TABBY HENRYCH -  Psychometrics: 59/100, Presentation: 17/32
KALLE WAINE -  Psychometrics: 55/100, Presentation: 19/32
ABEU BOURCQ -  Psychometrics: 60/100, Presentation: 16/32
STELLA ULSTER -  Psychometrics: 65/100, Presentation: 26/32
SAYER WEEDON -  Psychometrics: 57/100, Presentation: 20/32
JOYCE TURBITT -  Psychometrics: 55/100, Presentation: 23/32
CINDERELLA CHEDZOY -  Psychometrics: 61/100, Presentation: 23/32
ROCHELL RESTON -  Psychometrics: 60/100, Presentation: 20/32
ERIK GERVAISE -  Psychometrics: 53/100, Presentation: 15/32
SERGEI KENRICK -  Psychometrics: 47/100, Presentation: 22/32
SUSETTE TREGUNNAH -  Psychometrics: 54/100, Presentation: 20/32
BARRY BASSETT -  Psychometrics: 44/100, Presentation: 24/32
BRION GRISHECHKIN -  Psychometrics: 50/100, Presentation: 18/32
GUNTER CATTO -  Psychometrics: 49/100, Presentation: 23/32
SHIRL BOULD -  Psychometrics: 52/100, Presentation: 18/32
ROCKEY PIETESCH -  Psychometrics: 59/100, Presentation: 14/32
KRISTIN MUNSON -  Psychometrics: 49/100, Presentation: 20/32
LATISHA IBEL -  Psychometrics: 61/100, Presentation: 20/32
"
Sparta Day 3 December 2019.txt,"Tuesday 3 December 2019
London Academy

DORTHEA SHAXBY -  Psychometrics: 59/100, Presentation: 12/32
RINGO GOOSEY -  Psychometrics: 51/100, Presentation: 24/32
ALI BONDS -  Psychometrics: 55/100, Presentation: 21/32
SAREE LANGSTON -  Psychometrics: 38/100, Presentation: 19/32
BARTON MOAR -  Psychometrics: 55/100, Presentation: 24/32
WALDON DAVIDOWSKY -  Psychometrics: 48/100, Presentation: 25/32
ANN-MARIE PEDDOWE -  Psychometrics: 57/100, Presentation: 12/32
BEILUL CRANNACH -  Psychometrics: 53/100, Presentation: 25/32
BRANDON LOTHERINGTON -  Psychometrics: 55/100, Presentation: 20/32
FINN MAASZE -  Psychometrics: 63/100, Presentation: 25/32
NANANNE PLITZ -  Psychometrics: 60/100, Presentation: 14/32
ALEXINE MCGLUE -  Psychometrics: 55/100, Presentation: 23/32
WERNHER THAXTER -  Psychometrics: 56/100, Presentation: 20/32
CHRISTOPHER PINNER -  Psychometrics: 51/100, Presentation: 18/32
NATAL SABIN -  Psychometrics: 64/100, Presentation: 22/32
FLEM CARY -  Psychometrics: 56/100, Presentation: 23/32
LEENA JOSELEVITCH -  Psychometrics: 58/100, Presentation: 19/32
BERNI BONHAM -  Psychometrics: 58/100, Presentation: 25/32
TABBIE ENZLEY -  Psychometrics: 52/100, Presentation: 24/32
LAZARE NELLIES -  Psychometrics: 53/100, Presentation: 21/32
SHERLOCKE LERNER -  Psychometrics: 63/100, Presentation: 17/32
RONDA AGGIS -  Psychometrics: 54/100, Presentation: 16/32
GUSSY STOVING -  Psychometrics: 54/100, Presentation: 19/32
FERD WALKDEN -  Psychometrics: 57/100, Presentation: 26/32
"
Sparta Day 3 January 2019.txt,"Thursday 3 January 2019
Birmingham Academy

REETA MCGAWN -  Psychometrics: 56/100, Presentation: 20/32
SELIA TOURS -  Psychometrics: 47/100, Presentation: 20/32
RODRICK HENWORTH -  Psychometrics: 54/100, Presentation: 20/32
FLORANCE NANN -  Psychometrics: 62/100, Presentation: 18/32
CANDIE PENDELL -  Psychometrics: 48/100, Presentation: 22/32
CISSY DEEBLE -  Psychometrics: 50/100, Presentation: 25/32
FARRELL NORMINGTON -  Psychometrics: 58/100, Presentation: 24/32
KIMBLE BONDE -  Psychometrics: 69/100, Presentation: 21/32
KELSEY CRANKE -  Psychometrics: 52/100, Presentation: 21/32
KARIA O'TOOLE -  Psychometrics: 62/100, Presentation: 24/32
ABEL MCVAUGH -  Psychometrics: 58/100, Presentation: 18/32
DAVIE BRAHAMS -  Psychometrics: 58/100, Presentation: 24/32
XIMENEZ CHIPPIN -  Psychometrics: 63/100, Presentation: 21/32
NANNI ASHBY -  Psychometrics: 54/100, Presentation: 15/32
GWYN BAVERSOR -  Psychometrics: 52/100, Presentation: 24/32
GILBERTINE ASSAF -  Psychometrics: 57/100, Presentation: 18/32
CANDIDE VANNOORT -  Psychometrics: 60/100, Presentation: 18/32
LEELAND LOOKS -  Psychometrics: 51/100, Presentation: 21/32
OLIA MEUGENS -  Psychometrics: 58/100, Presentation: 20/32
OGDON GONNELLY -  Psychometrics: 51/100, Presentation: 23/32
"
Sparta Day 3 July 2019.txt,"Wednesday 3 July 2019
London Academy

BRUNHILDE ZELLICK -  Psychometrics: 58/100, Presentation: 26/32
NATASSIA PAWLE -  Psychometrics: 54/100, Presentation: 19/32
KASS CASTELLAN -  Psychometrics: 52/100, Presentation: 17/32
CHADD KLAMPT -  Psychometrics: 55/100, Presentation: 24/32
ABEU KNIGHTSBRIDGE -  Psychometrics: 65/100, Presentation: 13/32
TODDIE RUBANENKO -  Psychometrics: 54/100, Presentation: 16/32
SIBYL GILARDI -  Psychometrics: 59/100, Presentation: 23/32
HAYWOOD TEAGER -  Psychometrics: 54/100, Presentation: 25/32
IOSEP IDLE -  Psychometrics: 56/100, Presentation: 18/32
IVIE SHAUDFURTH -  Psychometrics: 49/100, Presentation: 28/32
COLLETE CAUSBEY -  Psychometrics: 61/100, Presentation: 19/32
LOWRANCE BRACH -  Psychometrics: 48/100, Presentation: 18/32
WENDEL DARGIE -  Psychometrics: 49/100, Presentation: 23/32
HARALD MABSON -  Psychometrics: 48/100, Presentation: 26/32
CYNTHIA FOSDIKE -  Psychometrics: 48/100, Presentation: 14/32
KEEN TRIPONY -  Psychometrics: 58/100, Presentation: 21/32
RODOLFO DRILLOT -  Psychometrics: 56/100, Presentation: 24/32
DERWARD WYLLT -  Psychometrics: 64/100, Presentation: 18/32
IAN LAVERACK -  Psychometrics: 47/100, Presentation: 24/32
BEVON DETOILE -  Psychometrics: 54/100, Presentation: 24/32
WEYLIN SWATRADGE -  Psychometrics: 61/100, Presentation: 15/32
LEE BERNOCCHI -  Psychometrics: 51/100, Presentation: 17/32
MAXIE THAIRS -  Psychometrics: 60/100, Presentation: 15/32
REYNARD SEVILLE -  Psychometrics: 49/100, Presentation: 12/32
HILL TIPLADY -  Psychometrics: 56/100, Presentation: 28/32
MUREIL WOODSTOCK -  Psychometrics: 47/100, Presentation: 20/32
CECILLA VASILOV -  Psychometrics: 59/100, Presentation: 14/32
"
Sparta Day 3 October 2019.txt,"Thursday 3 October 2019
Birmingham Academy

SAM MULVIHILL -  Psychometrics: 54/100, Presentation: 21/32
FERDY DOOTSON -  Psychometrics: 54/100, Presentation: 17/32
BELIA MURRIGANS -  Psychometrics: 53/100, Presentation: 20/32
WALLACHE SOLDI -  Psychometrics: 58/100, Presentation: 20/32
CHRISTOS FAGAN -  Psychometrics: 45/100, Presentation: 13/32
TAMAS STENDALL -  Psychometrics: 59/100, Presentation: 20/32
STANLY RICKERT -  Psychometrics: 53/100, Presentation: 14/32
GORDAN DELGADILLO -  Psychometrics: 63/100, Presentation: 15/32
FERDIE MULLINGER -  Psychometrics: 59/100, Presentation: 20/32
BREN TOMEI -  Psychometrics: 60/100, Presentation: 16/32
IZABEL MASTERS -  Psychometrics: 53/100, Presentation: 21/32
ASHLIN SHONE -  Psychometrics: 59/100, Presentation: 23/32
HEIDA COSSOM -  Psychometrics: 67/100, Presentation: 17/32
"
Sparta Day 3 September 2019.txt,"Tuesday 3 September 2019
London Academy

ALEJANDRO BROGGETTI -  Psychometrics: 55/100, Presentation: 23/32
SIMONNE MERMAN -  Psychometrics: 51/100, Presentation: 26/32
AILA LONGO -  Psychometrics: 53/100, Presentation: 21/32
DAMON THOMPSON -  Psychometrics: 62/100, Presentation: 22/32
TRISH CUXON -  Psychometrics: 51/100, Presentation: 26/32
WYN TEBB -  Psychometrics: 56/100, Presentation: 20/32
STEFFI BRIDEOKE -  Psychometrics: 48/100, Presentation: 23/32
TOMA PERRAT -  Psychometrics: 65/100, Presentation: 18/32
YORGOS DOCKERY -  Psychometrics: 52/100, Presentation: 21/32
KIPPY DALLON -  Psychometrics: 53/100, Presentation: 18/32
CAMELLIA BETTE -  Psychometrics: 64/100, Presentation: 22/32
ARABELLA WALKLATE -  Psychometrics: 61/100, Presentation: 18/32
ROBINA VASSANO -  Psychometrics: 65/100, Presentation: 11/32
MADELINA OSMANT -  Psychometrics: 49/100, Presentation: 23/32
XYLIA LAXEN -  Psychometrics: 48/100, Presentation: 21/32
SCARFACE GALLIHAULK -  Psychometrics: 64/100, Presentation: 23/32
VIOLETTA MATISSE -  Psychometrics: 47/100, Presentation: 22/32
LARISA CORDERO -  Psychometrics: 60/100, Presentation: 26/32
KASSI LUCIO -  Psychometrics: 60/100, Presentation: 24/32
"
Sparta Day 30 April 2019.txt,"Tuesday 30 April 2019
London Academy

MATTHAEUS AUDAS -  Psychometrics: 59/100, Presentation: 20/32
EDGAR WILLEMAN -  Psychometrics: 53/100, Presentation: 22/32
CARROLL CORSE -  Psychometrics: 43/100, Presentation: 20/32
ADELA VALANCE -  Psychometrics: 51/100, Presentation: 21/32
HORATIO CHRISTLEY -  Psychometrics: 65/100, Presentation: 19/32
RACHELLE STROTTON -  Psychometrics: 42/100, Presentation: 26/32
SALOMI SHALDERS -  Psychometrics: 50/100, Presentation: 26/32
HARPER ARMELL -  Psychometrics: 50/100, Presentation: 26/32
BRODDIE TETLA -  Psychometrics: 52/100, Presentation: 15/32
DRUD BUARD -  Psychometrics: 50/100, Presentation: 14/32
ARLIN LEMAN -  Psychometrics: 58/100, Presentation: 24/32
ELFRIDA SANTARELLI -  Psychometrics: 51/100, Presentation: 18/32
DORETTA LOURENCO -  Psychometrics: 52/100, Presentation: 19/32
CORDIE CAPON -  Psychometrics: 51/100, Presentation: 16/32
ARLYNE MCNEISH -  Psychometrics: 49/100, Presentation: 23/32
VIRGILIO ZAVATTIERI -  Psychometrics: 59/100, Presentation: 22/32
URI INGLEY -  Psychometrics: 55/100, Presentation: 21/32
MARKUS GAME -  Psychometrics: 58/100, Presentation: 25/32
BRYN GIANILLI -  Psychometrics: 48/100, Presentation: 23/32
KEVAN ELSEY -  Psychometrics: 55/100, Presentation: 23/32
MARGA HENRYSON -  Psychometrics: 53/100, Presentation: 23/32
ALDRIDGE DU FRAY -  Psychometrics: 52/100, Presentation: 23/32
BARBEY RICKERTSEN -  Psychometrics: 55/100, Presentation: 20/32
LEONID COULE -  Psychometrics: 53/100, Presentation: 17/32
HEROLD DIONISETTO -  Psychometrics: 63/100, Presentation: 21/32
FLORE DRAKE -  Psychometrics: 42/100, Presentation: 24/32
LAW MASSEN -  Psychometrics: 60/100, Presentation: 20/32
KNOX MCGRAW -  Psychometrics: 59/100, Presentation: 20/32
LURLEEN CESTARD -  Psychometrics: 67/100, Presentation: 29/32
"
Sparta Day 30 January 2019.txt,"Wednesday 30 January 2019
London Academy

ANDEE PLOWMAN -  Psychometrics: 52/100, Presentation: 16/32
MALLORY CHALLIS -  Psychometrics: 57/100, Presentation: 21/32
MAXY HEELEY -  Psychometrics: 54/100, Presentation: 23/32
STINKY GOULTER -  Psychometrics: 61/100, Presentation: 18/32
MERRY CHESHER -  Psychometrics: 53/100, Presentation: 16/32
VIN KATTENHORN -  Psychometrics: 63/100, Presentation: 21/32
FRANCISKA DAVIDY -  Psychometrics: 50/100, Presentation: 16/32
SYLVIA AKETT -  Psychometrics: 59/100, Presentation: 21/32
DAISI SCARLET -  Psychometrics: 59/100, Presentation: 18/32
ILKA MOULDER -  Psychometrics: 47/100, Presentation: 13/32
ROYALL STIRLEY -  Psychometrics: 63/100, Presentation: 22/32
WINNIE OSIPENKO -  Psychometrics: 49/100, Presentation: 21/32
WARDE FROWEN -  Psychometrics: 44/100, Presentation: 25/32
DENI ROUST -  Psychometrics: 55/100, Presentation: 21/32
HI TEE -  Psychometrics: 60/100, Presentation: 23/32
BENNY SMALLSMAN -  Psychometrics: 67/100, Presentation: 13/32
JAZMIN DARK -  Psychometrics: 49/100, Presentation: 20/32
DIANE-MARIE HILLING -  Psychometrics: 47/100, Presentation: 23/32
KERI CREWE -  Psychometrics: 49/100, Presentation: 17/32
JENDA FERNANDEZ -  Psychometrics: 53/100, Presentation: 23/32
TYRONE BAILES -  Psychometrics: 50/100, Presentation: 22/32
LOY MULVY -  Psychometrics: 59/100, Presentation: 22/32
IRVINE LAWREY -  Psychometrics: 45/100, Presentation: 19/32
CARLO TWINING -  Psychometrics: 57/100, Presentation: 22/32
"
Sparta Day 30 July 2019.txt,"Tuesday 30 July 2019
London Academy

GEORGENA TCHAIKOVSKY -  Psychometrics: 49/100, Presentation: 22/32
AILI BURSNOLL -  Psychometrics: 59/100, Presentation: 24/32
VANESSA GIVES -  Psychometrics: 60/100, Presentation: 23/32
HARTWELL SILVER -  Psychometrics: 59/100, Presentation: 18/32
BERTRAM ESGATE -  Psychometrics: 51/100, Presentation: 21/32
EMILY BARRAS -  Psychometrics: 53/100, Presentation: 16/32
ISIDORA ENGLEFIELD -  Psychometrics: 38/100, Presentation: 17/32
MARLON RESIDE -  Psychometrics: 55/100, Presentation: 18/32
AGACE O'SHIELDS -  Psychometrics: 58/100, Presentation: 24/32
COBBIE WOLFINGER -  Psychometrics: 65/100, Presentation: 22/32
KIRBY MINTER -  Psychometrics: 54/100, Presentation: 12/32
AGUSTE TANN -  Psychometrics: 58/100, Presentation: 18/32
PREN VARCOE -  Psychometrics: 60/100, Presentation: 15/32
ENGRACIA ANDRIOLLI -  Psychometrics: 58/100, Presentation: 20/32
RODGE GARLICK -  Psychometrics: 45/100, Presentation: 25/32
BARCLAY MORTER -  Psychometrics: 50/100, Presentation: 24/32
CLARY HERTWELL -  Psychometrics: 60/100, Presentation: 17/32
YEHUDIT KILLINGBECK -  Psychometrics: 62/100, Presentation: 17/32
ANET SATTERLEY -  Psychometrics: 61/100, Presentation: 19/32
STANISLAUS SENDLEY -  Psychometrics: 58/100, Presentation: 17/32
BRAD COLEYSHAW -  Psychometrics: 56/100, Presentation: 21/32
AGGIE REMMERS -  Psychometrics: 59/100, Presentation: 21/32
KRIS WHALEY -  Psychometrics: 53/100, Presentation: 16/32
KIRSTEN SPELMAN -  Psychometrics: 53/100, Presentation: 20/32
ADALINE DURTNELL -  Psychometrics: 60/100, Presentation: 24/32
MARNA MATSKEVICH -  Psychometrics: 57/100, Presentation: 19/32
EBERHARD CATTEMULL -  Psychometrics: 58/100, Presentation: 23/32
MEYER DOBBISON -  Psychometrics: 59/100, Presentation: 18/32
BEAUREGARD HOULD -  Psychometrics: 60/100, Presentation: 26/32
MICHEAL DI MATTEO -  Psychometrics: 57/100, Presentation: 23/32
"
Sparta Day 30 May 2019.txt,"Thursday 30 May 2019
Birmingham Academy

NATA BOHMAN -  Psychometrics: 60/100, Presentation: 25/32
BENNIE LATAN -  Psychometrics: 60/100, Presentation: 26/32
NOEL HAYLAND -  Psychometrics: 60/100, Presentation: 23/32
NILES HAUGHIN -  Psychometrics: 41/100, Presentation: 23/32
GAWEN MURRICANES -  Psychometrics: 52/100, Presentation: 21/32
MEGAN HALLIHAN -  Psychometrics: 59/100, Presentation: 19/32
CHARISSA BRIIGINSHAW -  Psychometrics: 73/100, Presentation: 20/32
MILL URIDGE -  Psychometrics: 60/100, Presentation: 13/32
SAMUELE MELPUSS -  Psychometrics: 48/100, Presentation: 22/32
BERTIE MACAFEE -  Psychometrics: 59/100, Presentation: 17/32
BENITA ROBBEL -  Psychometrics: 59/100, Presentation: 18/32
DAILE KITCHINHAM -  Psychometrics: 47/100, Presentation: 17/32
TRUMAINE CHASTNEY -  Psychometrics: 51/100, Presentation: 21/32
CESARO DODGSHON -  Psychometrics: 67/100, Presentation: 23/32
MARIUS SOLTAN -  Psychometrics: 55/100, Presentation: 22/32
ULRIKAUMEKO YEANDEL -  Psychometrics: 58/100, Presentation: 27/32
DEONNE PROTT -  Psychometrics: 59/100, Presentation: 20/32
JANELLE FORBEAR -  Psychometrics: 56/100, Presentation: 19/32
ALLISTIR LANGRICK -  Psychometrics: 63/100, Presentation: 24/32
JANINA MUNCER -  Psychometrics: 54/100, Presentation: 20/32
"
Sparta Day 30 October 2019.txt,"Wednesday 30 October 2019
London Academy

CURRY DUNNAN -  Psychometrics: 58/100, Presentation: 18/32
WILLABELLA LANCHBERRY -  Psychometrics: 54/100, Presentation: 27/32
GAILE CARPENTER -  Psychometrics: 39/100, Presentation: 24/32
KASEY MATTACKS -  Psychometrics: 59/100, Presentation: 23/32
AGNESSE BEEKEN -  Psychometrics: 60/100, Presentation: 25/32
JERRYLEE KOENEN -  Psychometrics: 45/100, Presentation: 17/32
MIC WILSHIRE -  Psychometrics: 52/100, Presentation: 21/32
LANNI ARROWSMITH -  Psychometrics: 53/100, Presentation: 19/32
GERLADINA REYNOLDS -  Psychometrics: 45/100, Presentation: 21/32
NEFEN WOLTON -  Psychometrics: 60/100, Presentation: 25/32
MARY DARNBROUGH -  Psychometrics: 62/100, Presentation: 23/32
DAPHENE BARKLY -  Psychometrics: 57/100, Presentation: 20/32
JANNA HOULAGHAN -  Psychometrics: 56/100, Presentation: 18/32
FLORELLA BOAYS -  Psychometrics: 62/100, Presentation: 19/32
ABDEL SHOVEL -  Psychometrics: 56/100, Presentation: 18/32
LUISA GRIFFE -  Psychometrics: 64/100, Presentation: 20/32
KAYCEE MATTUSEVICH -  Psychometrics: 58/100, Presentation: 15/32
ARIELLE DONATI -  Psychometrics: 62/100, Presentation: 22/32
SIBYLLE THOMAZIN -  Psychometrics: 42/100, Presentation: 19/32
DI SIMONICH -  Psychometrics: 55/100, Presentation: 21/32
ANNADIANA LUMSDEN -  Psychometrics: 61/100, Presentation: 16/32
LOLA EBSWORTH -  Psychometrics: 57/100, Presentation: 22/32
JANOS SHELLSHEERE -  Psychometrics: 46/100, Presentation: 21/32
RURIK CRIMMINS -  Psychometrics: 46/100, Presentation: 21/32
ABRAHAN BIGGERDIKE -  Psychometrics: 48/100, Presentation: 14/32
GRAEHME SEAMER -  Psychometrics: 52/100, Presentation: 20/32
PIER SPATIG -  Psychometrics: 60/100, Presentation: 25/32
"
Sparta Day 31 January 2019.txt,"Thursday 31 January 2019
Birmingham Academy

KILEY CLAVEY -  Psychometrics: 62/100, Presentation: 24/32
SHURLOCKE CRINGLE -  Psychometrics: 49/100, Presentation: 18/32
BASE DOGGETT -  Psychometrics: 38/100, Presentation: 24/32
ALMIRE TEWKESBERRY -  Psychometrics: 70/100, Presentation: 19/32
BARTHOLEMY TRIPPITT -  Psychometrics: 60/100, Presentation: 13/32
BRIANA BRADER -  Psychometrics: 59/100, Presentation: 19/32
DEONNE SIMIONATO -  Psychometrics: 64/100, Presentation: 15/32
COZMO ABEL -  Psychometrics: 51/100, Presentation: 22/32
LEMMIE JENDRICH -  Psychometrics: 54/100, Presentation: 24/32
ERAN VARGA -  Psychometrics: 57/100, Presentation: 13/32
PAMELA GADMAN -  Psychometrics: 53/100, Presentation: 19/32
BENDIX BONNETTE -  Psychometrics: 49/100, Presentation: 17/32
PET WISE -  Psychometrics: 56/100, Presentation: 15/32
ULICK PICKERVANCE -  Psychometrics: 59/100, Presentation: 18/32
ART MITKIN -  Psychometrics: 57/100, Presentation: 18/32
SIBLEY ADDISON -  Psychometrics: 56/100, Presentation: 22/32
SILVAIN GEEVE -  Psychometrics: 49/100, Presentation: 18/32
AINDREA DAVIO -  Psychometrics: 60/100, Presentation: 21/32
DARYLE JANOCH -  Psychometrics: 63/100, Presentation: 15/32
GERHARD MCGRATH -  Psychometrics: 62/100, Presentation: 25/32
"
Sparta Day 31 July 2019.txt,"Wednesday 31 July 2019
London Academy

MATTHIEU DULAKE -  Psychometrics: 58/100, Presentation: 22/32
SHURLOCK DUTCH -  Psychometrics: 43/100, Presentation: 24/32
CRISTINA FINLAN -  Psychometrics: 56/100, Presentation: 20/32
CHRISTIE BLINCOE -  Psychometrics: 51/100, Presentation: 24/32
GARDNER ESTICK -  Psychometrics: 60/100, Presentation: 22/32
NATASHA CHRISTOL -  Psychometrics: 51/100, Presentation: 26/32
RIANNON BARACLOUGH -  Psychometrics: 62/100, Presentation: 16/32
TALLIA RUSHFORD -  Psychometrics: 57/100, Presentation: 19/32
ANGELICA NEISSEN -  Psychometrics: 53/100, Presentation: 17/32
LANGSTON ADAMSKI -  Psychometrics: 54/100, Presentation: 23/32
AMERIGO HEYS -  Psychometrics: 51/100, Presentation: 26/32
DEBI GOLD -  Psychometrics: 42/100, Presentation: 14/32
NATALIE NORWICH -  Psychometrics: 54/100, Presentation: 17/32
BENJAMIN CHASTAND -  Psychometrics: 54/100, Presentation: 24/32
ELSWORTH BENDTSEN -  Psychometrics: 51/100, Presentation: 23/32
ANABELLA WILCOX -  Psychometrics: 48/100, Presentation: 24/32
REGINA CALVER -  Psychometrics: 58/100, Presentation: 16/32
KARLA WINDRIDGE -  Psychometrics: 61/100, Presentation: 21/32
LANNIE MINISTER -  Psychometrics: 68/100, Presentation: 24/32
TOWNY POVALL -  Psychometrics: 60/100, Presentation: 19/32
JOLETTA KALINOWSKY -  Psychometrics: 51/100, Presentation: 25/32
SIMONETTE MAWSON -  Psychometrics: 61/100, Presentation: 24/32
MILLY ISON -  Psychometrics: 59/100, Presentation: 21/32
CON HAXLEY -  Psychometrics: 50/100, Presentation: 23/32
BRYANTY GREENACRE -  Psychometrics: 53/100, Presentation: 23/32
VIVIANNE SHILLS -  Psychometrics: 53/100, Presentation: 20/32
RENADO BULFOOT -  Psychometrics: 65/100, Presentation: 18/32
"
Sparta Day 31 October 2019.txt,"Thursday 31 October 2019
Birmingham Academy

JANNA WIFFIELD -  Psychometrics: 59/100, Presentation: 20/32
CASS JENYNS -  Psychometrics: 47/100, Presentation: 21/32
FAIR LUCIA -  Psychometrics: 53/100, Presentation: 24/32
HOMER SEBBORN -  Psychometrics: 54/100, Presentation: 24/32
PHILLIP HEADECH -  Psychometrics: 54/100, Presentation: 16/32
CASPER WILLCOTT -  Psychometrics: 63/100, Presentation: 21/32
BETTY FRENSCH -  Psychometrics: 45/100, Presentation: 22/32
KRISTIAN GIRHARD -  Psychometrics: 54/100, Presentation: 23/32
MARIANNA CASA -  Psychometrics: 55/100, Presentation: 16/32
LAZARUS VARLEY -  Psychometrics: 60/100, Presentation: 24/32
LUCAS DUTHIE -  Psychometrics: 54/100, Presentation: 21/32
HALE SEVERNS -  Psychometrics: 55/100, Presentation: 20/32
ARNE MORANDO -  Psychometrics: 60/100, Presentation: 12/32
ARCHAMBAULT EVANSON -  Psychometrics: 54/100, Presentation: 22/32
YOLANE LOWSELY -  Psychometrics: 56/100, Presentation: 22/32
CECIL LEHRER -  Psychometrics: 39/100, Presentation: 22/32
"
Sparta Day 4 April 2019.txt,"Thursday 4 April 2019
Birmingham Academy

BARD DEMONGE -  Psychometrics: 42/100, Presentation: 21/32
ELYSSA SPENCELEY -  Psychometrics: 45/100, Presentation: 16/32
ARDELIS GYLLE -  Psychometrics: 61/100, Presentation: 20/32
MERCY CORONAS -  Psychometrics: 65/100, Presentation: 21/32
ISAC PESCHMANN -  Psychometrics: 63/100, Presentation: 17/32
RHONA BISGROVE -  Psychometrics: 60/100, Presentation: 21/32
LAMONT LEVERINGTON -  Psychometrics: 44/100, Presentation: 20/32
GARDIE SWAYSLAND -  Psychometrics: 60/100, Presentation: 23/32
CHARLOTTE POSSA -  Psychometrics: 50/100, Presentation: 17/32
NORBIE IACOBUCCI -  Psychometrics: 56/100, Presentation: 20/32
ANDREAS KINCEY -  Psychometrics: 53/100, Presentation: 18/32
VACLAV KETTLESTRINGES -  Psychometrics: 48/100, Presentation: 18/32
ALBERTO O SULLIVAN -  Psychometrics: 67/100, Presentation: 26/32
KLEMENT HARLEY -  Psychometrics: 64/100, Presentation: 25/32
JON ARIES -  Psychometrics: 59/100, Presentation: 18/32
DECK EANNETTA -  Psychometrics: 53/100, Presentation: 16/32
ROWNEY VON HAGT -  Psychometrics: 61/100, Presentation: 18/32
JOSSELYN O'SHEILS -  Psychometrics: 51/100, Presentation: 17/32
HARMON JAGGI -  Psychometrics: 56/100, Presentation: 20/32
DAISY BRIMS -  Psychometrics: 65/100, Presentation: 17/32
BARON FRESCHI -  Psychometrics: 49/100, Presentation: 24/32
HAYWOOD SANDEFORD -  Psychometrics: 47/100, Presentation: 22/32
FLO MCSPARRAN -  Psychometrics: 47/100, Presentation: 19/32
DARB NOOR -  Psychometrics: 59/100, Presentation: 19/32
ADAH SPENCERS -  Psychometrics: 52/100, Presentation: 22/32
GABBIE OVER -  Psychometrics: 52/100, Presentation: 21/32
BUD CARLETTO -  Psychometrics: 54/100, Presentation: 21/32
SUNNY MENAT -  Psychometrics: 52/100, Presentation: 26/32
REMINGTON HENSMANS -  Psychometrics: 51/100, Presentation: 17/32
PEARCE MAXWALE -  Psychometrics: 51/100, Presentation: 20/32
TIFFIE BARENSKIE -  Psychometrics: 46/100, Presentation: 19/32
THEA PERSEY -  Psychometrics: 51/100, Presentation: 20/32
BERRY CODD -  Psychometrics: 58/100, Presentation: 20/32
JACKY REILINGEN -  Psychometrics: 58/100, Presentation: 22/32
"
Sparta Day 4 December 2019.txt,"Wednesday 4 December 2019
London Academy

TREFOR KALINOWSKY -  Psychometrics: 52/100, Presentation: 18/32
GERTRUDIS BALHATCHET -  Psychometrics: 49/100, Presentation: 18/32
LEIGHTON IDDY -  Psychometrics: 61/100, Presentation: 24/32
JORDAIN ROCHESTER -  Psychometrics: 67/100, Presentation: 21/32
CLEMENTIA BEASLEIGH -  Psychometrics: 52/100, Presentation: 19/32
CHRISTIAN TUNNY -  Psychometrics: 60/100, Presentation: 21/32
TRENNA MCCURT -  Psychometrics: 53/100, Presentation: 22/32
BERNHARD BIRCHALL -  Psychometrics: 56/100, Presentation: 18/32
FELICLE KOPS -  Psychometrics: 56/100, Presentation: 16/32
LARA DOUGHERTY -  Psychometrics: 36/100, Presentation: 20/32
GUSTAVO BAROK -  Psychometrics: 52/100, Presentation: 26/32
ALETHEA RANGELL -  Psychometrics: 52/100, Presentation: 20/32
DANILA LEAMON -  Psychometrics: 54/100, Presentation: 18/32
ESSY HAGGUS -  Psychometrics: 50/100, Presentation: 20/32
MOSE TRASE -  Psychometrics: 53/100, Presentation: 20/32
SHANNA JUNIPER -  Psychometrics: 58/100, Presentation: 16/32
DARYN DUGMORE -  Psychometrics: 51/100, Presentation: 18/32
LINDSAY HENINGHEM -  Psychometrics: 39/100, Presentation: 21/32
GRANVILLE SLAD -  Psychometrics: 50/100, Presentation: 19/32
MICHAEL ETTLES -  Psychometrics: 55/100, Presentation: 21/32
STEPHAN MIDDLE -  Psychometrics: 51/100, Presentation: 27/32
JESSEE BLAGBROUGH -  Psychometrics: 45/100, Presentation: 24/32
GIB KROL -  Psychometrics: 63/100, Presentation: 16/32
"
Sparta Day 4 July 2019.txt,"Thursday 4 July 2019
Birmingham Academy

DEVON MCCRACKEN -  Psychometrics: 45/100, Presentation: 17/32
EVERED GIOVANIZIO -  Psychometrics: 55/100, Presentation: 24/32
FAN HEMBER -  Psychometrics: 57/100, Presentation: 22/32
SHARL SHAMBROOKE -  Psychometrics: 53/100, Presentation: 27/32
BLONDY FEARNALL -  Psychometrics: 58/100, Presentation: 20/32
HAROUN DOWBER -  Psychometrics: 47/100, Presentation: 15/32
LETIZIA MCKERN -  Psychometrics: 57/100, Presentation: 18/32
SAL INGLESENT -  Psychometrics: 50/100, Presentation: 24/32
GABI IVINS -  Psychometrics: 59/100, Presentation: 21/32
HENRIETA CHATTO -  Psychometrics: 50/100, Presentation: 22/32
STEFFEN MARCOMBE -  Psychometrics: 63/100, Presentation: 19/32
TERIANN MATYASHEV -  Psychometrics: 51/100, Presentation: 21/32
NIALL GRAINE -  Psychometrics: 61/100, Presentation: 24/32
DARIN HEALING -  Psychometrics: 55/100, Presentation: 23/32
DONNIE SANDWICK -  Psychometrics: 58/100, Presentation: 23/32
DYNA SANGE -  Psychometrics: 73/100, Presentation: 15/32
THOMA BOLESWORTH -  Psychometrics: 53/100, Presentation: 18/32
NOBY VACHER -  Psychometrics: 56/100, Presentation: 19/32
JOELA GALEA -  Psychometrics: 46/100, Presentation: 20/32
MELODEE CRIPPEN -  Psychometrics: 59/100, Presentation: 18/32
CLARETTE PEXTON -  Psychometrics: 59/100, Presentation: 12/32
LOCK ELLERKER -  Psychometrics: 54/100, Presentation: 23/32
HARMONIA WINSPARE -  Psychometrics: 58/100, Presentation: 21/32
"
Sparta Day 4 June 2019.txt,"Tuesday 4 June 2019
London Academy

NICOLLE RADFORD -  Psychometrics: 55/100, Presentation: 22/32
REBEKKAH AIRDRIE -  Psychometrics: 56/100, Presentation: 13/32
AURA LOUCHE -  Psychometrics: 54/100, Presentation: 15/32
LUCIUS BUSWELL -  Psychometrics: 57/100, Presentation: 26/32
BAMBI SEE -  Psychometrics: 62/100, Presentation: 19/32
JOANA FRAWLEY -  Psychometrics: 58/100, Presentation: 21/32
VERNON CURL -  Psychometrics: 55/100, Presentation: 16/32
ELSIE FURSLAND -  Psychometrics: 53/100, Presentation: 17/32
WADE FRIEDENBACH -  Psychometrics: 52/100, Presentation: 18/32
VLADAMIR WADDAMS -  Psychometrics: 52/100, Presentation: 23/32
RONDA BUDCOCK -  Psychometrics: 55/100, Presentation: 19/32
FRASER HURNELL -  Psychometrics: 52/100, Presentation: 20/32
SHANDEIGH ILYUSHKIN -  Psychometrics: 48/100, Presentation: 20/32
KATALIN REDLEY -  Psychometrics: 55/100, Presentation: 21/32
AMBROSI CARNOW -  Psychometrics: 56/100, Presentation: 20/32
JON RAIKES -  Psychometrics: 62/100, Presentation: 25/32
JULIE CONDLIFFE -  Psychometrics: 58/100, Presentation: 19/32
AL HUGONET -  Psychometrics: 59/100, Presentation: 21/32
EDWARD GALLOP -  Psychometrics: 49/100, Presentation: 14/32
ASH HANSEN -  Psychometrics: 40/100, Presentation: 17/32
PERCIVAL BERRYCLOTH -  Psychometrics: 47/100, Presentation: 22/32
MATTHIEW TUMBRIDGE -  Psychometrics: 56/100, Presentation: 15/32
DRU MALING -  Psychometrics: 43/100, Presentation: 25/32
FARREL BERTL -  Psychometrics: 56/100, Presentation: 16/32
ABRAM GOLDSTER -  Psychometrics: 56/100, Presentation: 15/32
WESTLEIGH ALEKSIDZE -  Psychometrics: 49/100, Presentation: 22/32
ELISABETH EBBUTT -  Psychometrics: 66/100, Presentation: 23/32
CHANDLER TREGUST -  Psychometrics: 36/100, Presentation: 17/32
HARTWELL JEWESS -  Psychometrics: 63/100, Presentation: 22/32
CELESTINA AYSIK -  Psychometrics: 55/100, Presentation: 21/32
BRANDY IANNAZZI -  Psychometrics: 57/100, Presentation: 19/32
BELVIA O'NEILL -  Psychometrics: 44/100, Presentation: 19/32
SELBY FLOYD -  Psychometrics: 61/100, Presentation: 20/32
KENTON KILGROVE -  Psychometrics: 52/100, Presentation: 18/32
"
Sparta Day 4 September 2019.txt,"Wednesday 4 September 2019
London Academy

DULCINE DUFFIL -  Psychometrics: 62/100, Presentation: 25/32
VIVIAN SYSON -  Psychometrics: 56/100, Presentation: 17/32
HERTA STAINER -  Psychometrics: 59/100, Presentation: 19/32
OMERO SHILL -  Psychometrics: 52/100, Presentation: 17/32
VACHEL CAREN -  Psychometrics: 60/100, Presentation: 18/32
LENORA KARPINSKI -  Psychometrics: 68/100, Presentation: 10/32
ARMANDO SCHIRAK -  Psychometrics: 53/100, Presentation: 15/32
IMMANUEL VALEK -  Psychometrics: 53/100, Presentation: 23/32
PATTON JOLIN -  Psychometrics: 57/100, Presentation: 14/32
RANDEE LORRAIN -  Psychometrics: 45/100, Presentation: 19/32
VANCE FEY -  Psychometrics: 50/100, Presentation: 22/32
MANFRED SWYER-SEXEY -  Psychometrics: 52/100, Presentation: 19/32
WEBSTER HANRATTY -  Psychometrics: 52/100, Presentation: 22/32
MIN YANSON -  Psychometrics: 49/100, Presentation: 24/32
BRYANT LOSSELJONG -  Psychometrics: 64/100, Presentation: 22/32
KRIS BALASSI -  Psychometrics: 53/100, Presentation: 17/32
JOELA SANJA -  Psychometrics: 47/100, Presentation: 19/32
NONA COGHLAN -  Psychometrics: 53/100, Presentation: 20/32
CARMELIA GHEORGHE -  Psychometrics: 52/100, Presentation: 23/32
CARE IFE -  Psychometrics: 51/100, Presentation: 22/32
MERLINA YASHANOV -  Psychometrics: 54/100, Presentation: 21/32
TEDDY BARACLOUGH -  Psychometrics: 59/100, Presentation: 17/32
PETRINA STERLAND -  Psychometrics: 58/100, Presentation: 21/32
ERNA MILNE -  Psychometrics: 51/100, Presentation: 19/32
ANNA LAMPERTI -  Psychometrics: 60/100, Presentation: 25/32
RAQUEL BASTIDE -  Psychometrics: 59/100, Presentation: 14/32
EUGEN BOGGS -  Psychometrics: 54/100, Presentation: 19/32
BABITA BRAMSEN -  Psychometrics: 67/100, Presentation: 20/32
KOREY ENNOR -  Psychometrics: 45/100, Presentation: 22/32
TOBY STADDEN -  Psychometrics: 60/100, Presentation: 23/32
ENGRACIA POLYCOTE -  Psychometrics: 55/100, Presentation: 22/32
ARMAN BORIBAL -  Psychometrics: 67/100, Presentation: 17/32
"
Sparta Day 5 December 2019.txt,"Thursday 5 December 2019
Birmingham Academy

TOBE MARKOVIC -  Psychometrics: 55/100, Presentation: 16/32
BENITA DOWNGATE -  Psychometrics: 60/100, Presentation: 23/32
DIONIS ROWATT -  Psychometrics: 65/100, Presentation: 10/32
JACQUETTA PILL -  Psychometrics: 53/100, Presentation: 20/32
TERENCIO MULLES -  Psychometrics: 58/100, Presentation: 19/32
DEEYN KLIMKIN -  Psychometrics: 50/100, Presentation: 21/32
GIRALDA SLOSS -  Psychometrics: 47/100, Presentation: 24/32
ALLIE SHEBER -  Psychometrics: 67/100, Presentation: 21/32
KENTON ELVISH -  Psychometrics: 58/100, Presentation: 15/32
OLIVIERO TUNNICLIFFE -  Psychometrics: 42/100, Presentation: 16/32
FLORE MASDEN -  Psychometrics: 57/100, Presentation: 25/32
ORLANDO BORROWMAN -  Psychometrics: 48/100, Presentation: 21/32
MAXIE YERBORN -  Psychometrics: 72/100, Presentation: 22/32
CLARK KOVACS -  Psychometrics: 57/100, Presentation: 16/32
BLISSE VINICK -  Psychometrics: 51/100, Presentation: 18/32
ALEJOA VATCHER -  Psychometrics: 49/100, Presentation: 17/32
AUGUSTINE SULTANA -  Psychometrics: 51/100, Presentation: 22/32
AMIL COYSH -  Psychometrics: 65/100, Presentation: 19/32
RONNICA LINFIELD -  Psychometrics: 47/100, Presentation: 23/32
ELEANOR DENINGTON -  Psychometrics: 53/100, Presentation: 17/32
GIANINA WANDLESS -  Psychometrics: 64/100, Presentation: 24/32
"
Sparta Day 5 February 2019.txt,"Tuesday 5 February 2019
London Academy

MAGDA MCKIRTON -  Psychometrics: 57/100, Presentation: 18/32
GABRILA HEHIR -  Psychometrics: 54/100, Presentation: 15/32
ALUINO SAINTER -  Psychometrics: 53/100, Presentation: 17/32
POUL BASNETT -  Psychometrics: 59/100, Presentation: 21/32
NICOLETTE BONEHILL -  Psychometrics: 52/100, Presentation: 23/32
FABIEN HARDAWAY -  Psychometrics: 59/100, Presentation: 20/32
HAILY TOMKINS -  Psychometrics: 48/100, Presentation: 18/32
KERIANN CRAMBIE -  Psychometrics: 64/100, Presentation: 18/32
ALIX BURRIDGE -  Psychometrics: 47/100, Presentation: 17/32
NIKOLA GIROLDI -  Psychometrics: 60/100, Presentation: 20/32
FREDERICA KEHER -  Psychometrics: 47/100, Presentation: 21/32
ROWE FRITTER -  Psychometrics: 68/100, Presentation: 22/32
DAISIE WILDSMITH -  Psychometrics: 53/100, Presentation: 19/32
SHANON OLDKNOW -  Psychometrics: 54/100, Presentation: 19/32
ROLLO QUARRY -  Psychometrics: 60/100, Presentation: 27/32
FRANKLYN GILLMAN -  Psychometrics: 47/100, Presentation: 15/32
KALEB CAPPEL -  Psychometrics: 68/100, Presentation: 22/32
ALPHARD MARRISON -  Psychometrics: 60/100, Presentation: 25/32
MATTHIEW OLEKHOV -  Psychometrics: 47/100, Presentation: 19/32
GARRARD YAKUNIN -  Psychometrics: 46/100, Presentation: 15/32
CYNTHY RAIKER -  Psychometrics: 49/100, Presentation: 11/32
JOY CRITTEN -  Psychometrics: 61/100, Presentation: 23/32
RANDOLF BORASTON -  Psychometrics: 55/100, Presentation: 14/32
PADGET GILLYATT -  Psychometrics: 66/100, Presentation: 18/32
EMMALYNN VALENTETTI -  Psychometrics: 57/100, Presentation: 19/32
ARLEY PINNEGAR -  Psychometrics: 52/100, Presentation: 23/32
FELICITY BIGGANS -  Psychometrics: 57/100, Presentation: 19/32
COLENE DEGLI ANTONI -  Psychometrics: 52/100, Presentation: 26/32
RAIMUNDO STACEY -  Psychometrics: 54/100, Presentation: 23/32
FELICIO MCGILLIVRAY -  Psychometrics: 55/100, Presentation: 20/32
CARYN ADRIAAN -  Psychometrics: 67/100, Presentation: 22/32
DIANDRA SEARLES -  Psychometrics: 51/100, Presentation: 21/32
ANDREY LAWLANCE -  Psychometrics: 65/100, Presentation: 15/32
CARROLL BENYON -  Psychometrics: 57/100, Presentation: 20/32
"
Sparta Day 5 June 2019.txt,"Wednesday 5 June 2019
London Academy

CULLY SEWARD -  Psychometrics: 51/100, Presentation: 22/32
GRANTHEM LONG -  Psychometrics: 57/100, Presentation: 22/32
FREDDIE LUDLAM -  Psychometrics: 52/100, Presentation: 16/32
WILLOW GAYWOOD -  Psychometrics: 44/100, Presentation: 23/32
SAWYERE PASKELL -  Psychometrics: 57/100, Presentation: 22/32
GARRICK FAIRBANKS -  Psychometrics: 51/100, Presentation: 11/32
NOMI VERNE -  Psychometrics: 52/100, Presentation: 21/32
VERLA DI ANTONIO -  Psychometrics: 52/100, Presentation: 24/32
EBENESER HANDY -  Psychometrics: 59/100, Presentation: 24/32
TRACEE HAWKSWOOD -  Psychometrics: 48/100, Presentation: 26/32
DERRIK LUMBERS -  Psychometrics: 48/100, Presentation: 19/32
JECHO ROUSEL -  Psychometrics: 70/100, Presentation: 18/32
BETSEY CHADWELL -  Psychometrics: 49/100, Presentation: 18/32
CLAUDIO HANDRICK -  Psychometrics: 58/100, Presentation: 18/32
MARILLIN ROSENDALL -  Psychometrics: 64/100, Presentation: 16/32
GAVAN SOLTAN -  Psychometrics: 55/100, Presentation: 22/32
HILLIARD BROCKETT -  Psychometrics: 66/100, Presentation: 23/32
YANKEE REIHM -  Psychometrics: 56/100, Presentation: 16/32
LOUELLA CUPPITT -  Psychometrics: 54/100, Presentation: 17/32
CHADD ELLEN -  Psychometrics: 59/100, Presentation: 19/32
CLYVE BRADDEN -  Psychometrics: 54/100, Presentation: 25/32
AUGUSTIN TABRETT -  Psychometrics: 51/100, Presentation: 24/32
NANNI CALDERA -  Psychometrics: 51/100, Presentation: 18/32
JOACHIM GUSLON -  Psychometrics: 59/100, Presentation: 24/32
DIXIE MACRAE -  Psychometrics: 54/100, Presentation: 21/32
LEWISS SABBAN -  Psychometrics: 50/100, Presentation: 16/32
HATTIE DULLARD -  Psychometrics: 50/100, Presentation: 24/32
"
Sparta Day 5 March 2019.txt,"Tuesday 5 March 2019
London Academy

PENNI GRIOLI -  Psychometrics: 60/100, Presentation: 15/32
VALE FISHBIE -  Psychometrics: 59/100, Presentation: 22/32
AUGUSTO BEARBLOCK -  Psychometrics: 41/100, Presentation: 19/32
GABIE MALETRATT -  Psychometrics: 54/100, Presentation: 18/32
VINNIE GIMBRETT -  Psychometrics: 62/100, Presentation: 17/32
VANDA BOATE -  Psychometrics: 65/100, Presentation: 21/32
CALLIE GLASSCOCK -  Psychometrics: 59/100, Presentation: 21/32
ELEONORA BLEAZARD -  Psychometrics: 55/100, Presentation: 25/32
KRISTOFORO HEMPHREY -  Psychometrics: 48/100, Presentation: 24/32
ANASTASIA HOWSAM -  Psychometrics: 62/100, Presentation: 15/32
WEYLIN CULPIN -  Psychometrics: 64/100, Presentation: 24/32
AIDAN ELRICK -  Psychometrics: 61/100, Presentation: 27/32
WELBIE CURGENVEN -  Psychometrics: 60/100, Presentation: 22/32
AGOSTO MEADDOWCROFT -  Psychometrics: 59/100, Presentation: 20/32
TIPHANY GRIBBEN -  Psychometrics: 56/100, Presentation: 18/32
RENNIE KENNSLEY -  Psychometrics: 54/100, Presentation: 19/32
MATTHAEUS STICKENS -  Psychometrics: 55/100, Presentation: 24/32
JACQUELIN CLAMPIN -  Psychometrics: 51/100, Presentation: 19/32
FRANNIE DOBY -  Psychometrics: 65/100, Presentation: 16/32
JESSE TIRON -  Psychometrics: 59/100, Presentation: 19/32
MORDECAI CHAUNCE -  Psychometrics: 49/100, Presentation: 21/32
JOHNNY SHEA -  Psychometrics: 57/100, Presentation: 22/32
REG MCREYNOLD -  Psychometrics: 53/100, Presentation: 20/32
DEERDRE MUSSARD -  Psychometrics: 57/100, Presentation: 22/32
PEN TULLEY -  Psychometrics: 48/100, Presentation: 24/32
PHINEAS PURTON -  Psychometrics: 50/100, Presentation: 22/32
AVROM HARLOWE -  Psychometrics: 47/100, Presentation: 16/32
VANNIE HOUNSOME -  Psychometrics: 59/100, Presentation: 23/32
"
Sparta Day 5 November 2019.txt,"Tuesday 5 November 2019
London Academy

ANTHIATHIA GUIRAU -  Psychometrics: 52/100, Presentation: 22/32
GARRY NORNASELL -  Psychometrics: 63/100, Presentation: 21/32
EZEKIEL HIMSWORTH -  Psychometrics: 54/100, Presentation: 15/32
CHRYSA GUILDFORD -  Psychometrics: 58/100, Presentation: 23/32
FRASCO EKKEL -  Psychometrics: 58/100, Presentation: 20/32
CHANCEY PARTON -  Psychometrics: 49/100, Presentation: 23/32
MARSHAL DARYCOTT -  Psychometrics: 60/100, Presentation: 25/32
ZILVIA BYRCHER -  Psychometrics: 60/100, Presentation: 23/32
JOICE STENNET -  Psychometrics: 65/100, Presentation: 20/32
TYLER TRAYNOR -  Psychometrics: 59/100, Presentation: 18/32
SAY KLEINHAUSEN -  Psychometrics: 54/100, Presentation: 21/32
LYNDSEY RELPH -  Psychometrics: 60/100, Presentation: 23/32
GIGI LAYNE -  Psychometrics: 57/100, Presentation: 13/32
HILTON VEDSTRA -  Psychometrics: 50/100, Presentation: 15/32
JESSIE PLAMPEYN -  Psychometrics: 55/100, Presentation: 17/32
CIRSTOFORO KERSLAKE -  Psychometrics: 64/100, Presentation: 19/32
JESSE TEN BROEK -  Psychometrics: 59/100, Presentation: 23/32
MICHEL GOUTH -  Psychometrics: 61/100, Presentation: 22/32
FRIEDRICK YEATES -  Psychometrics: 60/100, Presentation: 19/32
RONICA MARTYNIKHIN -  Psychometrics: 62/100, Presentation: 25/32
THAYNE TUNNICK -  Psychometrics: 47/100, Presentation: 24/32
FARLIE BUKOWSKI -  Psychometrics: 55/100, Presentation: 23/32
HARRIOT TOLCHARD -  Psychometrics: 52/100, Presentation: 17/32
ELVA BOLDERO -  Psychometrics: 56/100, Presentation: 20/32
FREDRICK GILLER -  Psychometrics: 51/100, Presentation: 20/32
"
Sparta Day 5 September 2019.txt,"Thursday 5 September 2019
Birmingham Academy

ARVY MYRKUS -  Psychometrics: 65/100, Presentation: 26/32
CORABELLA ABELLS -  Psychometrics: 55/100, Presentation: 19/32
SHERIE VEREGAN -  Psychometrics: 60/100, Presentation: 23/32
KERRY BEEDLE -  Psychometrics: 46/100, Presentation: 26/32
CHILTON PALADINO -  Psychometrics: 60/100, Presentation: 19/32
WALDEMAR PFEUFFER -  Psychometrics: 46/100, Presentation: 18/32
MARIUS DE RECHTER -  Psychometrics: 54/100, Presentation: 22/32
CARIN OVERSTALL -  Psychometrics: 43/100, Presentation: 19/32
KEELIA BEINE -  Psychometrics: 50/100, Presentation: 20/32
DOLLIE STAILEY -  Psychometrics: 62/100, Presentation: 25/32
MYRVYN JEALOUS -  Psychometrics: 61/100, Presentation: 25/32
SABINA SECKINGTON -  Psychometrics: 47/100, Presentation: 13/32
DASI GOLDSTON -  Psychometrics: 54/100, Presentation: 15/32
SASHA MACGAUGHY -  Psychometrics: 52/100, Presentation: 24/32
TIPHANI BRIDGLAND -  Psychometrics: 47/100, Presentation: 23/32
MEROLA JANCEY -  Psychometrics: 52/100, Presentation: 20/32
WHITNEY HADLEE -  Psychometrics: 52/100, Presentation: 19/32
CASEY PUTTEN -  Psychometrics: 62/100, Presentation: 15/32
RUSSELL SHEREBROOK -  Psychometrics: 62/100, Presentation: 22/32
UNA CALDICOT -  Psychometrics: 62/100, Presentation: 17/32
COURTNEY ALDUS -  Psychometrics: 56/100, Presentation: 13/32
STAVRO SHERRATT -  Psychometrics: 49/100, Presentation: 15/32
VALDEMAR SMITHEN -  Psychometrics: 63/100, Presentation: 24/32
RADDIE MAJOR -  Psychometrics: 61/100, Presentation: 24/32
MATHILDA BURMAN -  Psychometrics: 47/100, Presentation: 22/32
BUIRON PRESHO -  Psychometrics: 63/100, Presentation: 15/32
VYKY FILIPIAK -  Psychometrics: 58/100, Presentation: 26/32
DORETTE LANDALL -  Psychometrics: 64/100, Presentation: 22/32
SUTHERLAN MEWE -  Psychometrics: 60/100, Presentation: 18/32
MAISIE SKELTON -  Psychometrics: 56/100, Presentation: 15/32
ANN IANNELLO -  Psychometrics: 53/100, Presentation: 25/32
LEVY LANAHAN -  Psychometrics: 42/100, Presentation: 23/32
"
Sparta Day 6 August 2019.txt,"Tuesday 6 August 2019
London Academy

GUS TRENOUTH -  Psychometrics: 42/100, Presentation: 22/32
HUGIBERT MCLARDIE -  Psychometrics: 46/100, Presentation: 21/32
AUBERT CICERONE -  Psychometrics: 58/100, Presentation: 19/32
PHILLIS WABEY -  Psychometrics: 60/100, Presentation: 20/32
DRUD TELLENBROK -  Psychometrics: 55/100, Presentation: 24/32
ELLERY NANELLI -  Psychometrics: 54/100, Presentation: 9/32
ALEDA VERDY -  Psychometrics: 37/100, Presentation: 19/32
BERNY BOTLER -  Psychometrics: 63/100, Presentation: 21/32
WINNIE LEWERENZ -  Psychometrics: 57/100, Presentation: 20/32
LOELLA LONNON -  Psychometrics: 55/100, Presentation: 24/32
GEORGE HUCKSTEPP -  Psychometrics: 61/100, Presentation: 15/32
NEALY MACGILLESPIE -  Psychometrics: 57/100, Presentation: 11/32
MARLOW GIOCANNONI -  Psychometrics: 49/100, Presentation: 18/32
GENNY ZANIOLETTI -  Psychometrics: 52/100, Presentation: 13/32
MIKE MILLIERE -  Psychometrics: 60/100, Presentation: 21/32
NIL MACPAIKE -  Psychometrics: 50/100, Presentation: 24/32
JESSIE PETRIELLO -  Psychometrics: 62/100, Presentation: 15/32
GEORGE O'DUANE -  Psychometrics: 50/100, Presentation: 17/32
RAVID LEYNINYE -  Psychometrics: 57/100, Presentation: 19/32
NINETTA JOYCE -  Psychometrics: 73/100, Presentation: 20/32
TRUDIE KIELLOR -  Psychometrics: 61/100, Presentation: 22/32
MYLO SUDELL -  Psychometrics: 52/100, Presentation: 17/32
BLAKELEY STROOD -  Psychometrics: 51/100, Presentation: 21/32
BRONSON DYKAS -  Psychometrics: 51/100, Presentation: 14/32
CYNTHIA JENNY -  Psychometrics: 51/100, Presentation: 18/32
MADELEINE YOUNGLOVE -  Psychometrics: 69/100, Presentation: 19/32
MAURITA SERGISON -  Psychometrics: 42/100, Presentation: 29/32
CHARLEEN ANDROLLI -  Psychometrics: 45/100, Presentation: 21/32
ELIAS JENTZSCH -  Psychometrics: 38/100, Presentation: 20/32
ERDA LIDDEL -  Psychometrics: 60/100, Presentation: 20/32
BRINN TREWHELA -  Psychometrics: 60/100, Presentation: 23/32
CANDIS GAMET -  Psychometrics: 45/100, Presentation: 17/32
BROSE MENGHI -  Psychometrics: 57/100, Presentation: 25/32
"
Sparta Day 6 February 2019.txt,"Wednesday 6 February 2019
London Academy

KALINA GENTILE -  Psychometrics: 50/100, Presentation: 19/32
KEAN PLOUGHWRIGHT -  Psychometrics: 56/100, Presentation: 20/32
TOBIAH AISTROP -  Psychometrics: 53/100, Presentation: 21/32
GIRAUD CASTARD -  Psychometrics: 33/100, Presentation: 23/32
GAREY BISCHOP -  Psychometrics: 56/100, Presentation: 16/32
SCOTTIE ORKNAY -  Psychometrics: 68/100, Presentation: 18/32
ARLEY DANGL -  Psychometrics: 59/100, Presentation: 17/32
CARY HEBERDEN -  Psychometrics: 71/100, Presentation: 19/32
HUGHIE BAGGELLEY -  Psychometrics: 60/100, Presentation: 23/32
TRIX BOWERBANK -  Psychometrics: 50/100, Presentation: 21/32
ANDREW GIURIO -  Psychometrics: 61/100, Presentation: 18/32
ANNIE ROSA -  Psychometrics: 59/100, Presentation: 24/32
KATHARYN PANTON -  Psychometrics: 61/100, Presentation: 13/32
SIGISMOND O'HEAGERTIE -  Psychometrics: 57/100, Presentation: 23/32
OLIVIER VEAZEY -  Psychometrics: 68/100, Presentation: 16/32
GUSSY MATHIAS -  Psychometrics: 51/100, Presentation: 15/32
MONTAGUE CRAFT -  Psychometrics: 62/100, Presentation: 14/32
BRYANTY CROAL -  Psychometrics: 53/100, Presentation: 23/32
HILARY FOXEN -  Psychometrics: 53/100, Presentation: 20/32
TURNER OLDRED -  Psychometrics: 43/100, Presentation: 16/32
GIULIETTA CREADY -  Psychometrics: 57/100, Presentation: 12/32
COSTA MACVEY -  Psychometrics: 68/100, Presentation: 19/32
MARNI MUMBERSON -  Psychometrics: 67/100, Presentation: 23/32
BRODERIC BRADICK -  Psychometrics: 53/100, Presentation: 20/32
"
Sparta Day 6 June 2019.txt,"Thursday 6 June 2019
Birmingham Academy

BETHANNE ESTE -  Psychometrics: 57/100, Presentation: 22/32
JIMMIE DURKER -  Psychometrics: 54/100, Presentation: 17/32
JOANNA THWAITE -  Psychometrics: 59/100, Presentation: 20/32
FERNANDA HENDRICH -  Psychometrics: 63/100, Presentation: 15/32
NICKOLAUS JEACOCKE -  Psychometrics: 52/100, Presentation: 16/32
LYELL SANDELL -  Psychometrics: 61/100, Presentation: 15/32
KINGSTON COMSTY -  Psychometrics: 59/100, Presentation: 18/32
WAYLON CURRALL -  Psychometrics: 40/100, Presentation: 19/32
GIUSTINA CATFORD -  Psychometrics: 55/100, Presentation: 19/32
ELLIOT SARSFIELD -  Psychometrics: 52/100, Presentation: 23/32
TATE COADE -  Psychometrics: 53/100, Presentation: 18/32
CONRAD CHADNEY -  Psychometrics: 61/100, Presentation: 21/32
NEVIL RICKERBY -  Psychometrics: 50/100, Presentation: 15/32
HEROLD PRUDHAM -  Psychometrics: 62/100, Presentation: 20/32
LANNA MILLEY -  Psychometrics: 47/100, Presentation: 23/32
CORBY MCCAMBRIDGE -  Psychometrics: 53/100, Presentation: 21/32
MYRVYN SUTHERNS -  Psychometrics: 56/100, Presentation: 18/32
ATHENE BOZWORTH -  Psychometrics: 56/100, Presentation: 23/32
BERKIE BRUSBY -  Psychometrics: 61/100, Presentation: 21/32
CLARESTA POUNDFORD -  Psychometrics: 38/100, Presentation: 19/32
LEEANNE ALLSEPP -  Psychometrics: 60/100, Presentation: 22/32
KORE AMBURGY -  Psychometrics: 61/100, Presentation: 21/32
GERY BECKENHAM -  Psychometrics: 50/100, Presentation: 21/32
CLARKE WHITELOCK -  Psychometrics: 59/100, Presentation: 27/32
BENEDIKT COHANI -  Psychometrics: 63/100, Presentation: 20/32
ROMY MILES -  Psychometrics: 46/100, Presentation: 17/32
WALLAS HACKET -  Psychometrics: 57/100, Presentation: 16/32
AMALIA ORRIS -  Psychometrics: 58/100, Presentation: 15/32
KENDELL RUPPELE -  Psychometrics: 59/100, Presentation: 22/32
PEGGY HARIOT -  Psychometrics: 63/100, Presentation: 15/32
QUINT PONTAIN -  Psychometrics: 53/100, Presentation: 15/32
DARDA DI GIACOMO -  Psychometrics: 54/100, Presentation: 24/32
WILT GOTLIFFE -  Psychometrics: 56/100, Presentation: 23/32
SEYMOUR RODDA -  Psychometrics: 54/100, Presentation: 20/32
WHITBY MC ILWRICK -  Psychometrics: 63/100, Presentation: 26/32
"
Sparta Day 6 March 2019.txt,"Wednesday 6 March 2019
London Academy

CONSTANCIA TESAURO -  Psychometrics: 52/100, Presentation: 15/32
LILIAN EYER -  Psychometrics: 53/100, Presentation: 22/32
NEALL STUEHMEYER -  Psychometrics: 56/100, Presentation: 23/32
SIBLEY FORREST -  Psychometrics: 49/100, Presentation: 15/32
FARRIS GOGERTY -  Psychometrics: 57/100, Presentation: 24/32
NIKOLETTA MCCAFFREY -  Psychometrics: 61/100, Presentation: 16/32
OLIVIA DOBROWSKI -  Psychometrics: 55/100, Presentation: 21/32
NATALINA NABBS -  Psychometrics: 49/100, Presentation: 21/32
DIX DINAN -  Psychometrics: 63/100, Presentation: 23/32
HALSY HURSTHOUSE -  Psychometrics: 61/100, Presentation: 23/32
LATRINA SHINGLER -  Psychometrics: 58/100, Presentation: 18/32
KIAL GOWDY -  Psychometrics: 52/100, Presentation: 22/32
KLARIKA GUDGIN -  Psychometrics: 51/100, Presentation: 13/32
HASKELL MCDONNELL -  Psychometrics: 58/100, Presentation: 16/32
ELFREDA COLOMB -  Psychometrics: 62/100, Presentation: 25/32
PAM HUPKA -  Psychometrics: 58/100, Presentation: 23/32
KELLEN BROCKLEBANK -  Psychometrics: 62/100, Presentation: 23/32
DYNA TALLBOY -  Psychometrics: 54/100, Presentation: 20/32
VINCENZ MCGEOWN -  Psychometrics: 52/100, Presentation: 16/32
PEBROOK KEARLE -  Psychometrics: 53/100, Presentation: 14/32
VINSON FOOKS -  Psychometrics: 54/100, Presentation: 26/32
MICKY MCCASKELL -  Psychometrics: 55/100, Presentation: 15/32
GAYLE VINSEN -  Psychometrics: 55/100, Presentation: 23/32
PRISCELLA MISKELLY -  Psychometrics: 49/100, Presentation: 24/32
GLADYS ROOTE -  Psychometrics: 58/100, Presentation: 23/32
TOBI SHORT -  Psychometrics: 60/100, Presentation: 19/32
CHERIANNE RADDON -  Psychometrics: 62/100, Presentation: 20/32
DAMIANO BASTEN -  Psychometrics: 48/100, Presentation: 13/32
GAYLORD ALLEWAY -  Psychometrics: 59/100, Presentation: 22/32
LYNEA HEUSTICE -  Psychometrics: 52/100, Presentation: 22/32
"
Sparta Day 6 November 2019.txt,"Wednesday 6 November 2019
London Academy

KIMMI GRADDELL -  Psychometrics: 50/100, Presentation: 23/32
XIMENES BECKERS -  Psychometrics: 57/100, Presentation: 20/32
WARING ILSLEY -  Psychometrics: 59/100, Presentation: 18/32
ABBI MULVIHILL -  Psychometrics: 48/100, Presentation: 17/32
STEWART LOCK -  Psychometrics: 58/100, Presentation: 20/32
FLORINDA EAKLE -  Psychometrics: 69/100, Presentation: 14/32
CAROLA ANDREWS -  Psychometrics: 65/100, Presentation: 19/32
ARCHIBOLD SPIKEINGS -  Psychometrics: 51/100, Presentation: 19/32
ROSALINDA CLUTTEN -  Psychometrics: 66/100, Presentation: 19/32
MOSE BOLLE -  Psychometrics: 70/100, Presentation: 22/32
JEREMIE BOMPASS -  Psychometrics: 43/100, Presentation: 19/32
TOBIAS WHITHORN -  Psychometrics: 55/100, Presentation: 19/32
MURIEL BEARCOCK -  Psychometrics: 57/100, Presentation: 14/32
BRENNA MCGROARTY -  Psychometrics: 54/100, Presentation: 26/32
JOHNATH TUFTS -  Psychometrics: 53/100, Presentation: 18/32
MERIDITH ALONSO -  Psychometrics: 68/100, Presentation: 15/32
FRANKLIN PURSHOUSE -  Psychometrics: 43/100, Presentation: 15/32
THEOBALD GEERLING -  Psychometrics: 52/100, Presentation: 19/32
"
Sparta Day 7 August 2019.txt,"Wednesday 7 August 2019
London Academy

MICHEL LEBARREE -  Psychometrics: 57/100, Presentation: 18/32
EDITHE DIMITROV -  Psychometrics: 53/100, Presentation: 19/32
HASLETT STEET -  Psychometrics: 61/100, Presentation: 22/32
JOURDAIN MCLARENS -  Psychometrics: 52/100, Presentation: 14/32
SALVADOR ELMAN -  Psychometrics: 62/100, Presentation: 14/32
IRITA LYPTRIT -  Psychometrics: 58/100, Presentation: 24/32
EDVARD NORTHEN -  Psychometrics: 54/100, Presentation: 22/32
ORALLA PEASGOOD -  Psychometrics: 50/100, Presentation: 19/32
MARINNA KROJN -  Psychometrics: 42/100, Presentation: 14/32
ITCH IZOD -  Psychometrics: 47/100, Presentation: 25/32
KERR COUCHA -  Psychometrics: 59/100, Presentation: 15/32
JUD KUBYSZEK -  Psychometrics: 48/100, Presentation: 21/32
TULLY MCDOUAL -  Psychometrics: 79/100, Presentation: 19/32
MORDECAI BATTYLL -  Psychometrics: 42/100, Presentation: 20/32
MILT FLOWERS -  Psychometrics: 44/100, Presentation: 15/32
JOZEF BURR -  Psychometrics: 57/100, Presentation: 18/32
RAFI ANDRZEJCZAK -  Psychometrics: 60/100, Presentation: 19/32
MELESA MAULT -  Psychometrics: 51/100, Presentation: 17/32
KATUSCHA RANSFIELD -  Psychometrics: 57/100, Presentation: 22/32
BETTEANNE GOLD -  Psychometrics: 45/100, Presentation: 19/32
DEMETRIUS TUNSTALL -  Psychometrics: 58/100, Presentation: 16/32
MARGERY WINSPUR -  Psychometrics: 50/100, Presentation: 16/32
XYMENES PRETOR -  Psychometrics: 66/100, Presentation: 21/32
BOB ROGERSON -  Psychometrics: 74/100, Presentation: 19/32
NEALL MAYOR -  Psychometrics: 57/100, Presentation: 23/32
ILYSA KIGGEL -  Psychometrics: 61/100, Presentation: 19/32
WILFRED LAUGHREN -  Psychometrics: 47/100, Presentation: 16/32
ELSBETH HARDCASTLE -  Psychometrics: 43/100, Presentation: 21/32
ELOISE VOLKE -  Psychometrics: 49/100, Presentation: 21/32
ALISTER BRU -  Psychometrics: 56/100, Presentation: 20/32
TONNIE KNAPTON -  Psychometrics: 46/100, Presentation: 29/32
LEOLINE VIGIETTI -  Psychometrics: 55/100, Presentation: 18/32
ALWIN BULLMAN -  Psychometrics: 66/100, Presentation: 23/32
TARRAH BUNNY -  Psychometrics: 57/100, Presentation: 24/32
CHESTER HANSELMANN -  Psychometrics: 52/100, Presentation: 19/32
"
Sparta Day 7 February 2019.txt,"Thursday 7 February 2019
Birmingham Academy

ROLLAND DINKIN -  Psychometrics: 53/100, Presentation: 23/32
HERMY WITHERBY -  Psychometrics: 58/100, Presentation: 18/32
FANNIE MCGOOGAN -  Psychometrics: 63/100, Presentation: 23/32
ENOCH BATTE -  Psychometrics: 53/100, Presentation: 29/32
CHRISSY LEFTBRIDGE -  Psychometrics: 48/100, Presentation: 16/32
IDELL JOINER -  Psychometrics: 49/100, Presentation: 14/32
WOLF CATTERMULL -  Psychometrics: 65/100, Presentation: 15/32
AVRAM DANK -  Psychometrics: 64/100, Presentation: 18/32
TRIPP BUSST -  Psychometrics: 61/100, Presentation: 13/32
THAXTER PLAID -  Psychometrics: 67/100, Presentation: 17/32
JOSE LARHAM -  Psychometrics: 45/100, Presentation: 19/32
CHRISTY KYSTON -  Psychometrics: 65/100, Presentation: 20/32
DARYL MCKILLOP -  Psychometrics: 47/100, Presentation: 18/32
JILLY LAMPETT -  Psychometrics: 50/100, Presentation: 22/32
SHAWN BOWMER -  Psychometrics: 65/100, Presentation: 20/32
DES DIMOND -  Psychometrics: 61/100, Presentation: 23/32
GARDINER DI RUGGIERO -  Psychometrics: 57/100, Presentation: 20/32
DANIT MATOKHNIN -  Psychometrics: 44/100, Presentation: 14/32
LENNIE MOUNCHER -  Psychometrics: 44/100, Presentation: 23/32
ABBY PALLATINA -  Psychometrics: 56/100, Presentation: 18/32
JOSY NELL -  Psychometrics: 58/100, Presentation: 21/32
PAXON WITCOMBE -  Psychometrics: 61/100, Presentation: 25/32
BOND KIMMEL -  Psychometrics: 50/100, Presentation: 19/32
BOBBY LEARMONT -  Psychometrics: 40/100, Presentation: 22/32
HILLEL CONNECHIE -  Psychometrics: 57/100, Presentation: 18/32
"
Sparta Day 7 March 2019.txt,"Thursday 7 March 2019
Birmingham Academy

CHRISTYNA THIRLWELL -  Psychometrics: 56/100, Presentation: 25/32
RANDEE MACKISON -  Psychometrics: 52/100, Presentation: 22/32
DOT MCGINLY -  Psychometrics: 55/100, Presentation: 14/32
INGELBERT FRI -  Psychometrics: 64/100, Presentation: 17/32
ZACHARIAS ARNAUDUC -  Psychometrics: 51/100, Presentation: 17/32
RHONDA REVANCE -  Psychometrics: 55/100, Presentation: 19/32
BARY BRAMBLEY -  Psychometrics: 59/100, Presentation: 16/32
AUDI WESTMACOTT -  Psychometrics: 51/100, Presentation: 20/32
HONORIA STAZIKER -  Psychometrics: 55/100, Presentation: 16/32
HEINDRICK KEAY -  Psychometrics: 56/100, Presentation: 22/32
ADAN JEACOCK -  Psychometrics: 51/100, Presentation: 13/32
VERNE FRANCESCUZZI -  Psychometrics: 50/100, Presentation: 21/32
EMMIE BELLISON -  Psychometrics: 33/100, Presentation: 18/32
AINSLIE SIMEON -  Psychometrics: 53/100, Presentation: 30/32
KRYSTALLE MUZZLEWHITE -  Psychometrics: 42/100, Presentation: 16/32
NORINE BOLUS -  Psychometrics: 49/100, Presentation: 15/32
MICHAIL ARKLE -  Psychometrics: 57/100, Presentation: 22/32
CANDIDA CHILLEY -  Psychometrics: 56/100, Presentation: 18/32
ASHLEY FITZHARRIS -  Psychometrics: 62/100, Presentation: 21/32
PAGE ROUBAY -  Psychometrics: 50/100, Presentation: 18/32
DANELLA MUNTON -  Psychometrics: 51/100, Presentation: 22/32
ZONDA BABBIDGE -  Psychometrics: 58/100, Presentation: 19/32
GENNIE DAVIDESCU -  Psychometrics: 49/100, Presentation: 27/32
SARAANN ANDRIOLLI -  Psychometrics: 48/100, Presentation: 18/32
TEMP SNELMAN -  Psychometrics: 46/100, Presentation: 20/32
CHILTON FRIDAYE -  Psychometrics: 60/100, Presentation: 25/32
GAE CRUTCH -  Psychometrics: 55/100, Presentation: 18/32
ROSITA CABEL -  Psychometrics: 52/100, Presentation: 23/32
LEMMIE WYLAM -  Psychometrics: 61/100, Presentation: 22/32
BOWIE NOLTON -  Psychometrics: 62/100, Presentation: 22/32
"
Sparta Day 7 May 2019.txt,"Tuesday 7 May 2019
London Academy

LAURELLA DAINTREY -  Psychometrics: 55/100, Presentation: 25/32
OMAR BROMILOW -  Psychometrics: 62/100, Presentation: 22/32
FABIO VEDISHCHEV -  Psychometrics: 40/100, Presentation: 13/32
FAX SCHANKELBORG -  Psychometrics: 50/100, Presentation: 25/32
ALBIE ROMANSKI -  Psychometrics: 55/100, Presentation: 22/32
WINNIFRED HINGELEY -  Psychometrics: 56/100, Presentation: 22/32
PRISCA GINNALLY -  Psychometrics: 51/100, Presentation: 23/32
VALENTINE BROSINI -  Psychometrics: 51/100, Presentation: 17/32
FIFINE WREIGHT -  Psychometrics: 65/100, Presentation: 16/32
FREE NICHOLES -  Psychometrics: 58/100, Presentation: 24/32
MAGGY CLAPISON -  Psychometrics: 56/100, Presentation: 20/32
DORY COOKSEY -  Psychometrics: 54/100, Presentation: 21/32
FRANCISCO TEBBOTH -  Psychometrics: 62/100, Presentation: 16/32
GAEL EICK -  Psychometrics: 50/100, Presentation: 19/32
TEODOR PATTLEL -  Psychometrics: 47/100, Presentation: 16/32
BONDON SMETHURST -  Psychometrics: 57/100, Presentation: 15/32
STACEE POINTS -  Psychometrics: 45/100, Presentation: 17/32
GUNTER YOKLEY -  Psychometrics: 58/100, Presentation: 20/32
AUBERON HATTER -  Psychometrics: 68/100, Presentation: 24/32
ENOCH BRIGG -  Psychometrics: 63/100, Presentation: 20/32
TERRANCE WOLFINGER -  Psychometrics: 62/100, Presentation: 23/32
SILVIE ALLDERIDGE -  Psychometrics: 51/100, Presentation: 21/32
LOREE ABBOT -  Psychometrics: 60/100, Presentation: 17/32
BROOKE CRIDLIN -  Psychometrics: 59/100, Presentation: 14/32
ROZE KYLES -  Psychometrics: 58/100, Presentation: 20/32
ERROL ALLDERIDGE -  Psychometrics: 46/100, Presentation: 16/32
"
Sparta Day 7 November 2019.txt,"Thursday 7 November 2019
Birmingham Academy

HALE LAZARE -  Psychometrics: 46/100, Presentation: 22/32
NIGEL GORELLI -  Psychometrics: 43/100, Presentation: 21/32
SALEEM WHIMPER -  Psychometrics: 61/100, Presentation: 12/32
INIGO SCHOLLER -  Psychometrics: 48/100, Presentation: 19/32
DAFFI FLAUNE -  Psychometrics: 56/100, Presentation: 20/32
LORNE FARRAND -  Psychometrics: 56/100, Presentation: 11/32
DORISA GERRIT -  Psychometrics: 66/100, Presentation: 14/32
ANSEL RANDERSON -  Psychometrics: 55/100, Presentation: 14/32
ROSY OSBAND -  Psychometrics: 56/100, Presentation: 21/32
JOLYN BROMILOW -  Psychometrics: 49/100, Presentation: 22/32
REYNOLDS BRAIDEN -  Psychometrics: 49/100, Presentation: 19/32
ALYSE THIESE -  Psychometrics: 59/100, Presentation: 15/32
GARRICK YAKOBOVICZ -  Psychometrics: 59/100, Presentation: 21/32
JUSTINO DI BIASI -  Psychometrics: 60/100, Presentation: 17/32
KRISTIN BARDILL -  Psychometrics: 61/100, Presentation: 15/32
CHRISY MARKLOW -  Psychometrics: 46/100, Presentation: 17/32
EDVARD KERFORD -  Psychometrics: 56/100, Presentation: 20/32
EDIN BENDLE -  Psychometrics: 52/100, Presentation: 20/32
CRISTOBAL FURNIVAL -  Psychometrics: 51/100, Presentation: 16/32
ADAN GREMANE -  Psychometrics: 56/100, Presentation: 15/32
ORALIE MUSSOLINI -  Psychometrics: 60/100, Presentation: 19/32
ELECTRA DE WERK -  Psychometrics: 60/100, Presentation: 17/32
AMBLE DIMITRU -  Psychometrics: 53/100, Presentation: 16/32
ADALINE WARRENDER -  Psychometrics: 56/100, Presentation: 21/32
ORION KORNEICHUK -  Psychometrics: 55/100, Presentation: 14/32
DELPHINIA MANIE -  Psychometrics: 66/100, Presentation: 16/32
IGGIE HASLUM -  Psychometrics: 61/100, Presentation: 19/32
SHEPHERD EGALTON -  Psychometrics: 53/100, Presentation: 25/32
MOIRA RODENHURST -  Psychometrics: 52/100, Presentation: 20/32
"
Sparta Day 8 August 2019.txt,"Thursday 8 August 2019
Birmingham Academy

LETTA HALSTON -  Psychometrics: 50/100, Presentation: 22/32
RIVALEE EAGLETON -  Psychometrics: 58/100, Presentation: 20/32
KIRBEE CLEMENTET -  Psychometrics: 56/100, Presentation: 18/32
MONA WILLIMOTT -  Psychometrics: 58/100, Presentation: 19/32
SILVIE GUILLOU -  Psychometrics: 48/100, Presentation: 20/32
HILDY LANDRE -  Psychometrics: 56/100, Presentation: 21/32
HERB MCILMORIE -  Psychometrics: 53/100, Presentation: 22/32
JACYNTH LASCELL -  Psychometrics: 39/100, Presentation: 19/32
DARRIN STOFFEL -  Psychometrics: 58/100, Presentation: 21/32
MILES WATER -  Psychometrics: 58/100, Presentation: 21/32
WILEY RENZO -  Psychometrics: 36/100, Presentation: 22/32
SIDNEY LE BATTEUR -  Psychometrics: 57/100, Presentation: 20/32
LUZ GASPARRO -  Psychometrics: 52/100, Presentation: 27/32
ANGELITA BELLIE -  Psychometrics: 47/100, Presentation: 16/32
MILTON CONAGHAN -  Psychometrics: 54/100, Presentation: 18/32
PUTNEM HESSING -  Psychometrics: 57/100, Presentation: 27/32
GARALD BANASEVICH -  Psychometrics: 57/100, Presentation: 27/32
ROSEMONDE TOFFOLONI -  Psychometrics: 48/100, Presentation: 22/32
ARRON CUERDALL -  Psychometrics: 57/100, Presentation: 21/32
JOSH YOUENS -  Psychometrics: 51/100, Presentation: 22/32
HEINRIK ALLWELL -  Psychometrics: 51/100, Presentation: 22/32
LEONERD SCAMEL -  Psychometrics: 52/100, Presentation: 23/32
CARENA NIZET -  Psychometrics: 62/100, Presentation: 21/32
MATTY CENEY -  Psychometrics: 56/100, Presentation: 24/32
RUBIA ESPY -  Psychometrics: 54/100, Presentation: 24/32
MARTICA CAWSE -  Psychometrics: 57/100, Presentation: 17/32
NANCIE MEHAFFEY -  Psychometrics: 63/100, Presentation: 26/32
BERKY LEMAR -  Psychometrics: 47/100, Presentation: 14/32
PERRY RICHEMOND -  Psychometrics: 60/100, Presentation: 21/32
HORATIUS STARKING -  Psychometrics: 50/100, Presentation: 18/32
DENNY BEGG -  Psychometrics: 56/100, Presentation: 16/32
WOLF RADOLF -  Psychometrics: 60/100, Presentation: 20/32
PIERRETTE MINILLO -  Psychometrics: 49/100, Presentation: 20/32
KANDACE OBEE -  Psychometrics: 59/100, Presentation: 12/32
"
Sparta Day 8 January 2019.txt,"Tuesday 8 January 2019
London Academy

ALONSO HULKES -  Psychometrics: 55/100, Presentation: 21/32
EDSEL GINGELL -  Psychometrics: 58/100, Presentation: 16/32
DUKY TARN -  Psychometrics: 44/100, Presentation: 19/32
TIERTZA GURRY -  Psychometrics: 46/100, Presentation: 18/32
DALILA HYETT -  Psychometrics: 52/100, Presentation: 15/32
BERKY SLATTEN -  Psychometrics: 55/100, Presentation: 15/32
TOBIT DOWDEN -  Psychometrics: 51/100, Presentation: 23/32
BENTLEE MEUGENS -  Psychometrics: 58/100, Presentation: 25/32
ARDATH NORWELL -  Psychometrics: 48/100, Presentation: 23/32
LAYNE LE FLEMING -  Psychometrics: 54/100, Presentation: 24/32
ERROLL CHAROPEN -  Psychometrics: 52/100, Presentation: 12/32
FOSS DARYCOTT -  Psychometrics: 56/100, Presentation: 22/32
BURG FLIPEK -  Psychometrics: 56/100, Presentation: 20/32
BARY BOATMAN -  Psychometrics: 60/100, Presentation: 19/32
VALEDA ADSHAD -  Psychometrics: 60/100, Presentation: 24/32
ALEXANDER JOHNSTONE -  Psychometrics: 53/100, Presentation: 23/32
JENA ATTARD -  Psychometrics: 55/100, Presentation: 21/32
REGGIE LAWLOR -  Psychometrics: 55/100, Presentation: 20/32
"
Sparta Day 8 May 2019.txt,"Wednesday 8 May 2019
London Academy

KELLIE TANGUY -  Psychometrics: 62/100, Presentation: 18/32
EDEN GOODBODDY -  Psychometrics: 52/100, Presentation: 21/32
NICKOLAS FEARS -  Psychometrics: 64/100, Presentation: 15/32
ARTEMAS BEWLAY -  Psychometrics: 61/100, Presentation: 19/32
MEGEN DURTNALL -  Psychometrics: 64/100, Presentation: 26/32
RODRICK ESSELEN -  Psychometrics: 41/100, Presentation: 15/32
CELINA BURDER -  Psychometrics: 52/100, Presentation: 23/32
TAMMY BEHRENS -  Psychometrics: 62/100, Presentation: 14/32
MERRIE MATHON -  Psychometrics: 56/100, Presentation: 17/32
MATA FARRELL -  Psychometrics: 50/100, Presentation: 20/32
SHANE ODO -  Psychometrics: 48/100, Presentation: 16/32
DENE HARDEY -  Psychometrics: 51/100, Presentation: 14/32
AARIKA PREIST -  Psychometrics: 57/100, Presentation: 16/32
EUPHEMIA FARGHER -  Psychometrics: 50/100, Presentation: 20/32
DARYA TAYT -  Psychometrics: 63/100, Presentation: 21/32
HUSEIN ETOILE -  Psychometrics: 40/100, Presentation: 19/32
KYLIE MURNAME -  Psychometrics: 61/100, Presentation: 15/32
PHILIP HULLBROOK -  Psychometrics: 48/100, Presentation: 26/32
BRANDI ALVARADO -  Psychometrics: 58/100, Presentation: 26/32
JEMMIE BOOME -  Psychometrics: 58/100, Presentation: 21/32
TESSY SPURGEON -  Psychometrics: 58/100, Presentation: 22/32
"
Sparta Day 8 October 2019.txt,"Tuesday 8 October 2019
London Academy

DIXIE O' FLAHERTY -  Psychometrics: 61/100, Presentation: 22/32
MIL GOODDAY -  Psychometrics: 64/100, Presentation: 17/32
SANDER SLIXBY -  Psychometrics: 47/100, Presentation: 22/32
ETHAN BROOKWOOD -  Psychometrics: 57/100, Presentation: 23/32
DALSTON VESCOVINI -  Psychometrics: 54/100, Presentation: 14/32
RUTTGER WHITROD -  Psychometrics: 56/100, Presentation: 16/32
BEAR BIRRANE -  Psychometrics: 56/100, Presentation: 17/32
WARNER HARSE -  Psychometrics: 57/100, Presentation: 16/32
HORACE SCOTFORD -  Psychometrics: 58/100, Presentation: 20/32
EUGENE TOMLINSON -  Psychometrics: 65/100, Presentation: 23/32
PRU BILBEE -  Psychometrics: 54/100, Presentation: 17/32
NOEL DABNOT -  Psychometrics: 58/100, Presentation: 18/32
ELIE LIDGETT -  Psychometrics: 41/100, Presentation: 16/32
DECCA RAYBURN -  Psychometrics: 61/100, Presentation: 18/32
IDALINA NESBY -  Psychometrics: 53/100, Presentation: 24/32
GIBBIE CREYKE -  Psychometrics: 56/100, Presentation: 20/32
NEVILE CLELLE -  Psychometrics: 63/100, Presentation: 18/32
BRANT LINDFORS -  Psychometrics: 47/100, Presentation: 14/32
BARTHOLEMY O'TOWEY -  Psychometrics: 43/100, Presentation: 15/32
SKYLER PENDRE -  Psychometrics: 51/100, Presentation: 19/32
NICOLA LAVALL -  Psychometrics: 57/100, Presentation: 24/32
RON FINCKE -  Psychometrics: 51/100, Presentation: 25/32
ADEL CRANMOR -  Psychometrics: 52/100, Presentation: 21/32
SADELLA DUFOURE -  Psychometrics: 55/100, Presentation: 24/32
"
Sparta Day 9 April 2019.txt,"Tuesday 9 April 2019
London Academy

DELILA GARRET -  Psychometrics: 51/100, Presentation: 23/32
HOMER HYMER -  Psychometrics: 64/100, Presentation: 23/32
WOLFY DINZEY -  Psychometrics: 58/100, Presentation: 13/32
LEAH EARNEY -  Psychometrics: 57/100, Presentation: 16/32
REGAN RAWLINS -  Psychometrics: 53/100, Presentation: 16/32
GAN SUERMEIER -  Psychometrics: 48/100, Presentation: 19/32
CORBY ADNETT -  Psychometrics: 57/100, Presentation: 16/32
NARA BAGGER -  Psychometrics: 57/100, Presentation: 23/32
AUGUSTIN WINTERS -  Psychometrics: 53/100, Presentation: 23/32
FRANCISKA KEZOR -  Psychometrics: 60/100, Presentation: 20/32
MIMI BEAMAND -  Psychometrics: 53/100, Presentation: 18/32
MORGANA MCDARMID -  Psychometrics: 70/100, Presentation: 19/32
LYNNELL SAMBER -  Psychometrics: 58/100, Presentation: 21/32
AXEL SCATCHAR -  Psychometrics: 59/100, Presentation: 16/32
MIGUEL BOWEN -  Psychometrics: 58/100, Presentation: 21/32
WAYNE ABAZI -  Psychometrics: 41/100, Presentation: 21/32
SHAY MERRGEN -  Psychometrics: 50/100, Presentation: 24/32
LAVENA MOEHLER -  Psychometrics: 53/100, Presentation: 22/32
BRUCE WINGATT -  Psychometrics: 56/100, Presentation: 20/32
STAVRO BARTOCCI -  Psychometrics: 46/100, Presentation: 18/32
ARLEEN MCALLAN -  Psychometrics: 60/100, Presentation: 17/32
ASE FENN -  Psychometrics: 44/100, Presentation: 18/32
LALO HALTON -  Psychometrics: 52/100, Presentation: 18/32
KITTY TRIGGOL -  Psychometrics: 54/100, Presentation: 18/32
WILEEN TOLLEY -  Psychometrics: 56/100, Presentation: 24/32
HARMON CHASEMORE -  Psychometrics: 47/100, Presentation: 19/32
PALM JAKOVIJEVIC -  Psychometrics: 58/100, Presentation: 19/32
LYNEA FITZSYMON -  Psychometrics: 59/100, Presentation: 18/32
JIMMY SAND -  Psychometrics: 59/100, Presentation: 19/32
SIBLEY ANDERTON -  Psychometrics: 46/100, Presentation: 21/32
MORDECAI CHAMBERLIN -  Psychometrics: 53/100, Presentation: 20/32
BART BOUTTELL -  Psychometrics: 58/100, Presentation: 17/32
LISE WILDMAN -  Psychometrics: 60/100, Presentation: 23/32
KARIOTTA BARENSE -  Psychometrics: 62/100, Presentation: 21/32
"
Sparta Day 9 January 2019.txt,"Wednesday 9 January 2019
London Academy

ERNST GIDNEY -  Psychometrics: 57/100, Presentation: 16/32
ANDRIS REDDECLIFFE -  Psychometrics: 48/100, Presentation: 24/32
LEONE PATMORE -  Psychometrics: 52/100, Presentation: 14/32
CLAUDIANUS CONNAR -  Psychometrics: 49/100, Presentation: 24/32
WIT NAPOLITANO -  Psychometrics: 55/100, Presentation: 21/32
THORNTON THUILLIER -  Psychometrics: 53/100, Presentation: 21/32
HOLT DE CASTRI -  Psychometrics: 42/100, Presentation: 16/32
PATRICE MASHAM -  Psychometrics: 59/100, Presentation: 20/32
DIERDRE EARWICKER -  Psychometrics: 41/100, Presentation: 15/32
TANNER BYRAM -  Psychometrics: 62/100, Presentation: 20/32
KONSTANTIN FUSCO -  Psychometrics: 65/100, Presentation: 20/32
HEIDIE BAROCK -  Psychometrics: 49/100, Presentation: 24/32
PYOTR DE ZUANI -  Psychometrics: 51/100, Presentation: 20/32
LAETITIA POSTON -  Psychometrics: 53/100, Presentation: 20/32
NADY RUNNACLES -  Psychometrics: 65/100, Presentation: 14/32
SYDNEY RENACHOWSKI -  Psychometrics: 56/100, Presentation: 24/32
BOBBYE LADBROOKE -  Psychometrics: 41/100, Presentation: 25/32
ORRAN ROFE -  Psychometrics: 51/100, Presentation: 23/32
GARDNER KIENLE -  Psychometrics: 62/100, Presentation: 16/32
MERRILL MONGAIN -  Psychometrics: 40/100, Presentation: 26/32
SAL CUREE -  Psychometrics: 59/100, Presentation: 20/32
"
Sparta Day 9 July 2019.txt,"Tuesday 9 July 2019
London Academy

ANABAL TEESE -  Psychometrics: 50/100, Presentation: 18/32
CONSTANCE FELLIBRAND -  Psychometrics: 62/100, Presentation: 22/32
FLEMING MCMURDO -  Psychometrics: 62/100, Presentation: 22/32
KAYLYN SERFATI -  Psychometrics: 49/100, Presentation: 20/32
MORGEN LILYWHITE -  Psychometrics: 57/100, Presentation: 25/32
RICKARD BLAKES -  Psychometrics: 61/100, Presentation: 22/32
DUKE FELCE -  Psychometrics: 49/100, Presentation: 23/32
ROBERS GENTNER -  Psychometrics: 63/100, Presentation: 15/32
MELA BURGILL -  Psychometrics: 57/100, Presentation: 18/32
JULIANNE NEAGLE -  Psychometrics: 62/100, Presentation: 21/32
MICHELLE GLASSON -  Psychometrics: 46/100, Presentation: 16/32
NOE FORTNAM -  Psychometrics: 58/100, Presentation: 22/32
MARTIN OLYFANT -  Psychometrics: 49/100, Presentation: 18/32
SELBY TILLS -  Psychometrics: 48/100, Presentation: 18/32
LAURETTE HEMBLING -  Psychometrics: 54/100, Presentation: 23/32
JESSY DOLLMAN -  Psychometrics: 56/100, Presentation: 18/32
STARLIN RACKSTRAW -  Psychometrics: 63/100, Presentation: 14/32
SONDRA WABERER -  Psychometrics: 53/100, Presentation: 11/32
LUCA GOKES -  Psychometrics: 67/100, Presentation: 26/32
INGMAR KETTLESTING -  Psychometrics: 51/100, Presentation: 14/32
DORIAN HAMSHAR -  Psychometrics: 60/100, Presentation: 19/32
DEEDEE WARDLOW -  Psychometrics: 47/100, Presentation: 24/32
AMIL LIDDEN -  Psychometrics: 58/100, Presentation: 18/32
BAYARD STUCKOW -  Psychometrics: 50/100, Presentation: 23/32
OLLIE PINNIGER -  Psychometrics: 62/100, Presentation: 19/32
VAN CHESSHYRE -  Psychometrics: 61/100, Presentation: 19/32
FORD FELDHORN -  Psychometrics: 48/100, Presentation: 19/32
SHARI WEDGWOOD -  Psychometrics: 40/100, Presentation: 17/32
GINA LEVENS -  Psychometrics: 39/100, Presentation: 24/32
ABELARD CARDENAS -  Psychometrics: 64/100, Presentation: 26/32
ALLAN SEMMENS -  Psychometrics: 45/100, Presentation: 22/32
DUN KURTH -  Psychometrics: 51/100, Presentation: 21/32
TUESDAY TASSELER -  Psychometrics: 54/100, Presentation: 20/32
EDEN CHATTOCK -  Psychometrics: 51/100, Presentation: 15/32
SEAMUS HUXSTER -  Psychometrics: 48/100, Presentation: 26/32
CINNAMON GILKISON -  Psychometrics: 55/100, Presentation: 21/32
ROCH DE COURCY -  Psychometrics: 66/100, Presentation: 16/32
DARCY HANDRAHAN -  Psychometrics: 64/100, Presentation: 18/32
GAYLE GEALLE -  Psychometrics: 48/100, Presentation: 23/32
"
Sparta Day 9 May 2019.txt,"Thursday 9 May 2019
Birmingham Academy

BIBI MASTRANTONE -  Psychometrics: 67/100, Presentation: 20/32
JORDANA BICE -  Psychometrics: 44/100, Presentation: 21/32
JUDAS ESPADERO -  Psychometrics: 50/100, Presentation: 17/32
SHEPHERD ALIMAN -  Psychometrics: 53/100, Presentation: 26/32
KATHARINA ALESWELL -  Psychometrics: 55/100, Presentation: 25/32
HUSEIN YESINOV -  Psychometrics: 34/100, Presentation: 24/32
MARC RUBINSAFT -  Psychometrics: 46/100, Presentation: 12/32
LISE OGILVIE -  Psychometrics: 56/100, Presentation: 18/32
ROLLINS DALGARDNO -  Psychometrics: 50/100, Presentation: 22/32
LEANDRA FUTTY -  Psychometrics: 51/100, Presentation: 19/32
PIPPO BROWNSTEIN -  Psychometrics: 45/100, Presentation: 20/32
GUSSI PATTRICK -  Psychometrics: 59/100, Presentation: 21/32
JUSTINN ROSIELLO -  Psychometrics: 54/100, Presentation: 23/32
YALONDA BEACOM -  Psychometrics: 57/100, Presentation: 26/32
TEDMUND EMANULSSON -  Psychometrics: 50/100, Presentation: 18/32
TAN WOLTERING -  Psychometrics: 56/100, Presentation: 19/32
RICKERT BRADFORTH -  Psychometrics: 58/100, Presentation: 26/32
LAMBERT SANTORI -  Psychometrics: 54/100, Presentation: 20/32
SCHUYLER CONNOLD -  Psychometrics: 45/100, Presentation: 22/32
JULIA LLORENS -  Psychometrics: 51/100, Presentation: 18/32
RINA SOFFE -  Psychometrics: 62/100, Presentation: 17/32
GLORIA HAZLEHURST -  Psychometrics: 55/100, Presentation: 22/32
ROONEY CROSSTON -  Psychometrics: 55/100, Presentation: 21/32
BOBINE BRODIE -  Psychometrics: 46/100, Presentation: 23/32
"
Sparta Day 9 October 2019.txt,"Wednesday 9 October 2019
London Academy

BARNEBAS UTTRIDGE -  Psychometrics: 43/100, Presentation: 24/32
SUTHERLAND MCGILBEN -  Psychometrics: 49/100, Presentation: 22/32
OLA GELDEARD -  Psychometrics: 48/100, Presentation: 17/32
CATHRYN LEEHANE -  Psychometrics: 54/100, Presentation: 20/32
ROSSIE CAITLIN -  Psychometrics: 62/100, Presentation: 25/32
MANUEL BROWNSWORD -  Psychometrics: 57/100, Presentation: 23/32
ROGERIO WOOLLHEAD -  Psychometrics: 55/100, Presentation: 24/32
TABBATHA KULLMANN -  Psychometrics: 65/100, Presentation: 25/32
KALA BOCK -  Psychometrics: 52/100, Presentation: 23/32
MARQUITA GATEHOUSE -  Psychometrics: 51/100, Presentation: 23/32
CATERINA SZWANDT -  Psychometrics: 41/100, Presentation: 21/32
HARWILLL WEILDISH -  Psychometrics: 64/100, Presentation: 14/32
JACKLIN KUPKA -  Psychometrics: 52/100, Presentation: 21/32
MARGARETE OSBURN -  Psychometrics: 48/100, Presentation: 25/32
RODRICK MACNUCATOR -  Psychometrics: 66/100, Presentation: 19/32
GODIVA ANDREW -  Psychometrics: 46/100, Presentation: 19/32
DORALIA GAPPER -  Psychometrics: 55/100, Presentation: 22/32
DOE EISOLD -  Psychometrics: 57/100, Presentation: 20/32
JUDY FINDERS -  Psychometrics: 56/100, Presentation: 22/32
LORINDA O'CROTTY -  Psychometrics: 42/100, Presentation: 20/32
"
